# Blender 3.4.1
# www.blender.org
mtllib PoisonAzul.mtl
o tripo_node_0a244f7d-be21-4ea4-a9d7-ccb9c7ede196
v -0.000099 -0.423555 0.210047
v 0.001902 0.445367 -0.081655
v -0.011566 0.445373 0.100343
v 0.000632 0.402712 0.074932
v 0.002543 -0.047222 0.187977
v -0.000386 0.032364 0.075004
v 0.000132 -0.423834 -0.209802
v 0.003804 0.453427 0.062283
v 0.003411 0.429869 0.077690
v -0.010563 0.430777 0.104561
v -0.000209 -0.441812 -0.195128
v 0.007270 0.384122 -0.060975
v 0.005996 0.430054 -0.105318
v -0.008721 0.496601 -0.072675
v -0.000868 -0.495291 0.136912
v 0.003764 -0.210535 0.262195
v -0.015592 -0.495314 -0.136264
v -0.000117 -0.015061 -0.152411
v -0.006701 0.496526 0.072417
v 0.002542 -0.047388 -0.188146
v 0.000576 0.005978 0.119540
v 0.006857 0.450782 -0.090241
v 0.000207 -0.250658 0.264306
v 0.000305 -0.484608 0.151900
v -0.001273 -0.288478 0.261881
v 0.000549 -0.082535 -0.214724
v 0.000156 -0.325554 0.254053
v 0.000447 -0.441658 0.195253
v -0.000033 -0.173250 0.254978
v -0.000329 -0.484862 -0.151317
v -0.013238 0.418060 0.103274
v -0.001262 0.418116 -0.103822
v -0.006741 0.023340 0.082436
v -0.000224 0.392651 -0.074698
v 0.001727 -0.162226 -0.252004
v 0.000258 -0.120353 -0.235504
v -0.000351 -0.018921 0.157444
v 0.007717 -0.489512 0.082907
v 0.021232 0.497027 0.067986
v -0.002513 0.426766 -0.075699
v -0.004709 -0.480782 0.045917
v -0.000090 -0.242035 -0.264416
v 0.008601 0.417380 0.066655
v 0.000911 -0.125421 0.238119
v 0.004941 0.405313 0.057237
v 0.006551 0.404484 -0.076335
v -0.000156 -0.347189 -0.247364
v -0.005066 0.417668 -0.067257
v -0.000136 0.036554 -0.074649
v 0.000359 -0.392880 0.228671
v -0.000060 -0.294553 -0.261086
v 0.018161 0.499130 -0.055461
v -0.001666 0.407285 -0.062142
v -0.007483 0.484548 0.069487
v 0.021564 -0.485595 0.070515
v 0.011191 0.412277 0.083469
v -0.009173 -0.496857 0.091768
v 0.008991 0.451403 0.090188
v 0.007099 0.412122 -0.084054
v 0.009230 0.484425 -0.068391
v 0.010404 0.023438 -0.081391
v -0.014993 0.499620 0.052246
v -0.037917 -0.499799 -0.097926
v -0.013621 0.500006 -0.032045
v -0.011611 -0.496906 -0.091611
v 0.033955 -0.499870 -0.116380
v 0.000632 0.479719 0.066765
v 0.024671 -0.478370 0.012730
v -0.002199 -0.499920 0.104283
v -0.039273 -0.499915 -0.113757
v -0.010486 0.445207 0.081023
v -0.004233 0.395513 -0.055569
v -0.000994 0.473217 -0.064710
v 0.015656 0.484316 0.068075
v 0.028108 -0.172260 -0.253250
v 0.031205 -0.019456 -0.154599
v 0.021011 -0.478740 -0.018883
v 0.013963 0.495603 0.071585
v 0.000343 -0.082685 0.214782
v 0.024780 0.496380 -0.068595
v 0.018909 0.445907 0.098251
v 0.007927 0.445493 -0.100797
v 0.025611 0.426499 -0.071708
v 0.016368 0.445524 0.080360
v 0.019260 0.418103 0.102076
v 0.037543 -0.145413 0.243905
v 0.014832 0.402364 0.073395
v 0.042341 -0.428130 0.202252
v 0.040122 -0.356757 0.241213
v 0.031506 -0.496588 -0.087021
v 0.026887 0.418217 -0.100773
v 0.000187 -0.354397 0.244684
v 0.015531 0.030870 0.073481
v 0.030261 -0.483153 0.150181
v 0.015660 0.457117 -0.060824
v 0.029845 -0.484983 -0.148275
v 0.028174 -0.196928 -0.258552
v 0.028101 -0.227918 -0.262183
v 0.008612 0.028323 -0.076254
v 0.007205 0.406694 0.061710
v 0.017485 0.445655 -0.080253
v 0.014757 0.391844 -0.073201
v 0.028006 -0.302697 0.258037
v 0.031191 -0.116601 -0.231894
v 0.014970 0.402122 -0.055120
v 0.018794 0.416535 -0.064213
v 0.030893 -0.208328 0.260285
v 0.028456 -0.325597 0.252642
v 0.020111 0.480868 -0.063912
v 0.008700 -0.487719 -0.079850
v 0.032219 -0.020997 0.156254
v 0.040721 -0.329245 -0.250620
v 0.029082 0.498869 0.053195
v 0.019968 0.432076 0.102750
v 0.014646 0.036288 -0.073260
v 0.026651 -0.495450 -0.133775
v 0.020184 0.406636 -0.058977
v 0.049680 -0.405156 0.215887
v 0.017252 0.481914 0.065222
v 0.038228 -0.443988 -0.189163
v 0.026388 0.000645 0.126040
v 0.014888 -0.481696 -0.050400
v 0.027530 -0.494697 0.135240
v 0.026898 0.401152 0.050431
v 0.028806 -0.269750 0.262015
v 0.023243 0.448271 0.057215
v 0.038244 -0.444576 0.188721
v 0.041651 -0.307332 -0.255721
v 0.049061 -0.406397 -0.215329
v 0.028258 0.036759 -0.069366
v 0.028000 -0.277293 -0.261614
v 0.040370 -0.046812 -0.182841
v 0.026136 0.495145 0.067744
v 0.029275 0.427541 0.070388
v 0.038787 -0.170562 0.251859
v 0.027640 -0.487801 -0.074674
v 0.056224 -0.499812 0.106314
v 0.035423 -0.115831 0.230829
v 0.027192 0.023733 0.077255
v 0.023802 0.377524 -0.057049
v 0.033847 0.028087 -0.069316
v 0.011892 0.006395 -0.118437
v 0.029556 0.480629 0.059836
v 0.029965 -0.495685 0.086401
v 0.050999 0.499427 0.023649
v 0.026387 0.401600 0.055941
v 0.039518 0.418242 0.095596
v 0.039198 -0.359970 -0.240172
v 0.041600 0.412160 -0.073392
v 0.029745 0.411415 -0.049924
v 0.033334 0.459158 -0.053505
v 0.032465 0.446440 -0.076287
v 0.036449 -0.144178 -0.243644
v 0.028587 0.031872 0.069411
v 0.041607 0.450680 0.080217
v 0.029275 0.403249 -0.069199
v 0.034544 0.417921 0.058274
v 0.061778 -0.382987 0.225412
v 0.028771 0.403055 0.069292
v 0.036534 0.479611 -0.055998
v 0.026356 0.485148 -0.064673
v 0.050267 -0.499833 0.091274
v 0.059086 0.003370 -0.107677
v 0.042101 0.412336 0.073454
v 0.037927 0.023383 -0.072796
v 0.042491 0.445747 -0.091082
v 0.040341 0.432263 -0.096307
v 0.034325 0.495983 0.063728
v 0.033523 0.446177 0.075682
v 0.034418 0.495764 -0.063951
v 0.039846 0.432161 0.096599
v 0.042011 -0.428180 -0.202177
v 0.052559 0.446084 0.085469
v 0.035900 0.407220 -0.051205
v 0.046084 -0.496635 0.079855
v 0.045802 0.416792 -0.048857
v 0.037997 0.392263 0.039322
v 0.047805 -0.075101 -0.203546
v 0.039808 0.407859 0.048727
v 0.050689 -0.082405 0.208189
v 0.050280 -0.194425 0.254685
v 0.051287 -0.278883 0.257836
v 0.042111 0.403232 -0.062036
v 0.051152 -0.250376 0.259209
v 0.057530 -0.483930 -0.140523
v 0.041872 0.403320 0.062268
v 0.045362 0.450835 -0.079120
v 0.041528 0.495743 0.060097
v 0.060506 0.498837 -0.016429
v 0.041844 0.036372 -0.061892
v 0.051038 -0.221224 0.258011
v 0.051232 -0.250520 -0.259117
v 0.050233 -0.279503 -0.257991
v 0.039785 0.399411 -0.039633
v 0.037759 -0.042059 0.178895
v 0.043401 0.429261 -0.064401
v 0.041669 0.036628 0.061927
v 0.051920 0.000198 0.117328
v 0.048555 0.408495 -0.039991
v 0.041200 0.496094 -0.059463
v 0.044577 0.421210 0.038538
v 0.041064 0.482429 0.055235
v 0.062715 0.418175 -0.081983
v 0.052029 -0.489028 0.062959
v 0.046751 -0.489224 -0.067529
v 0.041771 0.469675 0.049305
v 0.044865 0.026020 0.063779
v 0.045348 -0.209427 -0.258319
v 0.057936 -0.483449 0.140854
v 0.045896 0.383027 -0.041987
v 0.065126 -0.494954 0.120644
v 0.047842 0.496098 -0.054439
v 0.063216 -0.108356 -0.220455
v 0.046474 0.446130 0.068901
v 0.048564 0.462866 -0.040776
v 0.046520 0.481701 -0.048373
v 0.053595 0.427147 0.053863
v 0.048394 0.484634 -0.050000
v 0.050276 -0.319463 0.251298
v 0.063354 -0.486999 0.045780
v 0.080324 -0.059662 -0.180790
v 0.052121 0.417914 0.042318
v 0.059396 0.027705 0.050004
v 0.064467 -0.494623 -0.120250
v 0.058804 -0.016441 -0.141416
v 0.049177 0.481546 0.046199
v 0.050233 0.495648 0.053581
v 0.058670 0.432035 -0.086509
v 0.053928 0.427536 -0.054241
v 0.052779 0.445917 -0.063928
v 0.048910 0.395592 0.026981
v 0.052716 0.037171 0.052896
v 0.048390 0.394306 -0.027572
v 0.049471 -0.168816 -0.249087
v 0.065321 -0.027895 0.154544
v 0.062960 -0.486294 -0.042975
v 0.058020 0.027481 -0.051369
v 0.054651 0.406938 0.030295
v 0.057729 0.418197 0.085557
v 0.066051 -0.484068 0.006723
v 0.060902 -0.382950 -0.225487
v 0.071027 -0.037699 -0.163291
v 0.054852 0.477059 -0.037769
v 0.063295 0.022482 0.055023
v 0.056559 0.477330 0.034383
v 0.053560 0.402243 -0.052355
v 0.053665 0.495632 -0.049049
v 0.065814 0.411974 0.051641
v 0.064855 0.412159 -0.052869
v 0.052915 0.036853 -0.052625
v 0.054510 0.393123 -0.029814
v 0.058502 0.495829 0.044084
v 0.053389 0.400237 0.018727
v 0.062935 0.022363 -0.055160
v 0.073674 -0.139685 0.232765
v 0.074043 -0.446071 0.175181
v 0.053747 0.401840 0.052347
v 0.051909 0.484240 0.046403
v 0.061178 0.475856 -0.022505
v 0.057123 0.405383 0.006180
v 0.055047 0.397808 -0.011911
v 0.073740 -0.139638 -0.232836
v 0.043628 -0.499795 -0.095548
v 0.060119 0.407750 -0.015794
v 0.062253 0.427287 0.043614
v 0.061782 0.037218 -0.041912
v 0.060599 0.495743 -0.040032
v 0.063481 0.416721 -0.020468
v 0.066934 -0.116401 0.223587
v 0.058867 0.432108 0.086204
v 0.064019 0.427654 -0.042066
v 0.061926 0.391214 0.041990
v 0.081130 -0.249966 -0.251341
v 0.065024 -0.496873 -0.065299
v 0.080408 -0.430456 0.187668
v 0.062942 0.473317 0.016611
v 0.056866 0.400597 0.023954
v 0.061987 0.402597 -0.042027
v 0.071319 -0.360465 0.233035
v 0.071681 -0.000133 0.106266
v 0.075323 0.445683 -0.066407
v 0.076470 -0.487762 0.023864
v 0.080553 -0.280793 -0.249731
v 0.062470 0.404217 0.043657
v 0.069879 0.450629 0.058563
v 0.061462 0.406997 0.003876
v 0.067357 0.495559 0.028034
v 0.062037 0.417431 0.025940
v 0.077641 -0.178869 0.244348
v 0.065739 0.446227 0.050400
v 0.061664 0.037312 0.042275
v 0.081411 -0.220295 -0.249795
v 0.077089 -0.496639 0.051198
v 0.063029 0.461678 -0.004192
v 0.068425 0.495809 -0.025798
v 0.075305 0.450340 -0.049440
v 0.077469 -0.337226 0.239163
v 0.081539 -0.250855 0.251226
v 0.074889 -0.444874 -0.176333
v 0.064464 0.483587 0.025526
v 0.069487 0.402887 0.028405
v 0.069923 0.404548 -0.030244
v 0.080005 -0.190742 -0.246018
v 0.081095 -0.221018 0.249997
v 0.078070 -0.164443 -0.240121
v 0.069094 0.390740 -0.028746
v 0.070995 0.495996 0.016202
v 0.066280 0.416629 0.004916
v 0.068912 0.036562 0.029009
v 0.066758 0.484540 -0.019964
v 0.098029 -0.031310 -0.140898
v 0.069629 0.445885 -0.044377
v 0.074185 0.432138 0.073305
v 0.081579 -0.496722 -0.043242
v 0.084293 -0.482890 -0.126841
v 0.079127 -0.060084 0.181639
v 0.071637 0.429024 0.028879
v 0.070982 0.026596 0.031641
v 0.076450 0.445831 0.064320
v 0.082121 0.418414 0.063588
v 0.070005 0.427483 -0.031762
v 0.079848 -0.310535 0.245288
v 0.093675 -0.001566 -0.090811
v 0.069273 0.484310 0.005282
v 0.069057 0.036723 -0.028851
v 0.073488 0.431969 -0.074169
v 0.070749 0.027042 -0.030667
v 0.104787 -0.371695 0.214702
v 0.080976 -0.279880 0.249753
v 0.072574 -0.360416 -0.232506
v 0.072882 0.496548 -0.007413
v 0.088871 -0.409748 0.199749
v 0.075471 0.445501 0.032281
v 0.073650 0.402784 -0.014044
v 0.088518 -0.410227 -0.199587
v 0.080629 -0.488415 -0.001011
v 0.076554 0.028483 0.009065
v 0.073344 0.393477 0.014753
v 0.080443 0.412599 0.027084
v 0.074914 0.036709 0.007323
v 0.073663 0.028892 -0.014229
v 0.075603 0.403773 0.009618
v 0.077729 -0.328778 -0.241709
v 0.080384 0.412301 -0.027208
v 0.076402 0.431001 -0.015121
v 0.075306 0.426514 0.004724
v 0.090066 -0.022033 0.132407
v 0.076060 -0.487648 -0.022366
v 0.074743 0.393436 0.000230
v 0.080286 0.437752 0.005104
v 0.097910 -0.105840 0.205746
v 0.092030 -0.003044 0.095678
v 0.095875 0.418242 0.039142
v 0.079763 0.445165 -0.017386
v 0.084285 -0.483397 0.126140
v 0.080789 0.445043 0.011303
v 0.110198 -0.160210 0.225586
v 0.088639 0.451220 -0.018499
v 0.083644 0.022554 0.005158
v 0.113229 0.005920 0.035645
v 0.084489 0.412804 -0.000075
v 0.113086 -0.434898 0.165502
v 0.091389 -0.499882 0.077182
v 0.109321 -0.001784 -0.072024
v 0.088212 -0.499779 -0.053023
v 0.092659 0.446114 0.038257
v 0.106500 -0.136430 0.218190
v 0.110033 0.007664 -0.034457
v 0.096100 -0.495097 -0.095594
v 0.101863 -0.042272 0.151557
v 0.118444 -0.029658 -0.121280
v 0.106783 -0.000434 0.071502
v 0.086025 0.418164 -0.057756
v 0.087337 0.431569 -0.057655
v 0.087313 0.451304 0.024959
v 0.114594 -0.219528 0.236280
v 0.081241 -0.499952 -0.088225
v 0.087224 0.432023 0.057605
v 0.080037 -0.431133 -0.187469
v 0.095095 0.445734 -0.033270
v 0.103850 0.418202 0.006493
v 0.099334 0.418180 -0.029935
v 0.096640 0.431762 0.039934
v 0.114254 -0.281131 0.235951
v 0.113321 -0.189404 -0.231956
v 0.110414 -0.439027 -0.162809
v 0.114726 -0.281166 -0.235771
v 0.115076 -0.250866 -0.237579
v 0.097080 -0.494259 0.096573
v 0.118175 0.006362 0.000288
v 0.091479 -0.496830 0.007701
v 0.090266 -0.499819 0.049674
v 0.112872 -0.189323 0.232187
v 0.108013 -0.482950 0.107092
v 0.100765 0.445591 0.006761
v 0.114692 -0.219707 -0.236197
v 0.115011 -0.499980 -0.033836
v 0.109839 -0.340592 -0.224772
v 0.102586 -0.374572 -0.214270
v 0.106768 -0.483956 -0.106678
v 0.103758 -0.499873 -0.007880
v 0.094229 -0.102598 -0.205311
v 0.123012 -0.410532 0.180280
v 0.096501 0.432160 -0.040102
v 0.117328 -0.072133 0.170169
v 0.113241 -0.022550 0.113970
v 0.130545 -0.105369 0.186365
v 0.109145 -0.146114 -0.221686
v 0.114968 -0.250653 0.237656
v 0.111230 -0.060713 -0.164548
v 0.112958 -0.311705 0.231397
v 0.123046 -0.495166 0.058607
v 0.102755 0.431442 -0.019833
v 0.104265 0.432941 0.013180
v 0.113010 -0.312384 -0.231167
v 0.110083 -0.340593 0.224769
v 0.131617 -0.387017 -0.190463
v 0.119669 -0.494858 -0.065771
v 0.120564 -0.499906 0.019115
v 0.131648 -0.387108 0.190306
v 0.138221 -0.133412 0.198045
v 0.123633 -0.410130 -0.180001
v 0.142337 -0.158519 -0.206054
v 0.142057 -0.341506 -0.205415
v 0.125164 -0.484164 0.084320
v 0.137630 -0.365610 -0.198173
v 0.134176 -0.049435 0.133695
v 0.140442 -0.437197 -0.140170
v 0.142523 -0.341963 0.205032
v 0.138319 -0.133745 -0.198014
v 0.148103 -0.219085 -0.216873
v 0.142439 -0.158584 0.205997
v 0.148483 -0.281905 -0.216071
v 0.137181 -0.055033 -0.137114
v 0.141534 -0.030475 -0.095419
v 0.146531 -0.311955 0.211743
v 0.148662 -0.078786 -0.150243
v 0.147719 -0.014163 -0.030221
v 0.125611 -0.483785 -0.084603
v 0.137656 -0.365284 0.198397
v 0.134726 -0.494826 0.026226
v 0.130343 -0.104127 -0.185690
v 0.139185 -0.484634 -0.058245
v 0.140321 -0.030022 0.096426
v 0.154386 -0.410359 0.154410
v 0.148621 -0.282068 0.216029
v 0.146533 -0.188821 0.212572
v 0.133492 -0.446623 0.134025
v 0.135372 -0.494534 -0.027021
v 0.141324 -0.007596 0.000177
v 0.146432 -0.188774 -0.212658
v 0.138340 -0.494460 0.000534
v 0.143456 -0.019155 -0.062244
v 0.139984 -0.483903 0.058519
v 0.143647 -0.431127 0.143924
v 0.143446 -0.018422 0.060345
v 0.152417 -0.017887 0.031853
v 0.154278 -0.410500 -0.154389
v 0.149726 -0.076875 0.147680
v 0.149214 -0.484237 -0.029218
v 0.146052 -0.312678 -0.211812
v 0.163245 -0.037485 -0.070116
v 0.149292 -0.250289 -0.217753
v 0.149490 -0.251023 0.217563
v 0.148668 -0.219191 0.216441
v 0.163167 -0.387601 0.163794
v 0.160032 -0.055115 0.109517
v 0.160100 -0.055185 -0.109561
v 0.150472 -0.482933 0.029610
v 0.168589 -0.373304 -0.168178
v 0.165949 -0.436132 0.110762
v 0.162926 -0.110084 0.162639
v 0.170530 -0.365257 0.171055
v 0.182474 -0.187759 0.182274
v 0.165215 -0.436909 -0.110670
v 0.152391 -0.483888 -0.000650
v 0.173091 -0.077559 -0.119663
v 0.167042 -0.122368 -0.167937
v 0.163456 -0.037584 0.070333
v 0.175994 -0.342735 -0.176640
v 0.186902 -0.249905 -0.186266
v 0.185760 -0.281637 0.184829
v 0.179979 -0.410398 -0.123475
v 0.181483 -0.312359 -0.182246
v 0.160494 -0.021591 -0.000217
v 0.176515 -0.342289 0.176409
v 0.176621 -0.054044 -0.077457
v 0.175439 -0.445595 0.075241
v 0.185199 -0.281648 -0.185318
v 0.176938 -0.158084 0.177330
v 0.174612 -0.079756 0.119843
v 0.170919 -0.132630 0.170470
v 0.180886 -0.439826 -0.076522
v 0.183899 -0.046265 -0.035829
v 0.185624 -0.219623 0.185592
v 0.178686 -0.038078 -0.000040
v 0.182336 -0.187759 -0.182461
v 0.188039 -0.430227 0.080278
v 0.180309 -0.410343 0.123041
v 0.182401 -0.313132 0.181146
v 0.174106 -0.037245 0.036414
v 0.190689 -0.386815 -0.131451
v 0.176915 -0.157785 -0.177190
v 0.195198 -0.441690 -0.000069
v 0.189408 -0.443801 0.038512
v 0.198035 -0.365514 0.137941
v 0.190754 -0.386764 0.131465
v 0.177162 -0.054559 0.077645
v 0.193444 -0.080713 0.087509
v 0.189602 -0.073789 -0.084916
v 0.195825 -0.126013 -0.136063
v 0.195161 -0.123335 0.134357
v 0.188834 -0.444235 -0.038260
v 0.196583 -0.057979 0.000645
v 0.200482 -0.408762 -0.088738
v 0.201432 -0.356051 -0.139847
v 0.186943 -0.250197 0.186173
v 0.206272 -0.105921 -0.096590
v 0.190049 -0.055141 0.039941
v 0.199504 -0.410257 0.088573
v 0.216126 -0.281422 -0.148439
v 0.206083 -0.158893 -0.142477
v 0.211561 -0.312542 -0.146423
v 0.185728 -0.220127 -0.185654
v 0.212915 -0.188933 -0.146194
v 0.216999 -0.219431 0.147964
v 0.203466 -0.074847 0.047317
v 0.201954 -0.428492 0.042418
v 0.202261 -0.428032 -0.042112
v 0.205847 -0.157752 0.142370
v 0.210514 -0.385758 -0.098030
v 0.212059 -0.311836 0.146076
v 0.209368 -0.085264 -0.052206
v 0.209831 -0.423667 0.000535
v 0.212973 -0.378555 0.101824
v 0.218213 -0.363308 -0.105482
v 0.217940 -0.249972 0.148887
v 0.215852 -0.405867 0.048591
v 0.205143 -0.340611 0.142923
v 0.225161 -0.158754 0.110082
v 0.215857 -0.126184 0.101292
v 0.217840 -0.250579 -0.148995
v 0.218309 -0.136079 -0.105688
v 0.216158 -0.281110 0.148511
v 0.212637 -0.187593 0.146199
v 0.222543 -0.112823 0.064943
v 0.231840 -0.188087 -0.112997
v 0.215944 -0.405598 -0.047748
v 0.228408 -0.393228 0.000067
v 0.224074 -0.103412 0.032219
v 0.216858 -0.218786 -0.148070
v 0.215127 -0.083344 -0.000417
v 0.233016 -0.359322 0.072345
v 0.225607 -0.382502 -0.061504
v 0.225719 -0.159869 -0.109652
v 0.225449 -0.383318 0.060852
v 0.229567 -0.130939 -0.071895
v 0.235573 -0.281164 0.114873
v 0.225009 -0.340780 0.109486
v 0.224840 -0.340569 -0.109840
v 0.232931 -0.360005 -0.071882
v 0.235166 -0.119834 -0.000865
v 0.231261 -0.310723 0.113467
v 0.235036 -0.123859 0.034976
v 0.233002 -0.139856 0.073422
v 0.239006 -0.362229 0.042004
v 0.239934 -0.163712 -0.077796
v 0.246076 -0.191790 -0.080081
v 0.231256 -0.312372 -0.112928
v 0.234485 -0.373845 -0.033842
v 0.240299 -0.164228 0.077316
v 0.232002 -0.189029 0.112969
v 0.237514 -0.250528 0.115128
v 0.236408 -0.270154 -0.115844
v 0.239811 -0.336260 0.076771
v 0.241329 -0.325779 -0.082090
v 0.243462 -0.351337 -0.040623
v 0.233062 -0.119232 -0.033571
v 0.244520 -0.354474 -0.000185
v 0.235928 -0.219171 0.114974
v 0.236188 -0.219545 -0.114589
v 0.250739 -0.328758 0.040227
v 0.244009 -0.146036 -0.038449
v 0.245078 -0.153729 0.047544
v 0.245219 -0.310880 0.079904
v 0.249584 -0.211507 0.080460
v 0.249900 -0.220949 -0.081331
v 0.249800 -0.279466 -0.080449
v 0.247245 -0.148853 -0.000206
v 0.251244 -0.250966 -0.081416
v 0.248998 -0.168409 -0.049112
v 0.251852 -0.166467 0.027427
v 0.251179 -0.250306 0.081295
v 0.250299 -0.330603 -0.038744
v 0.254550 -0.193991 0.050830
v 0.256028 -0.303240 0.044176
v 0.255572 -0.180975 -0.027789
v 0.254154 -0.325126 0.000614
v 0.249675 -0.280157 0.080611
v 0.254523 -0.193973 -0.050473
v 0.253998 -0.306001 -0.050679
v 0.259899 -0.277218 -0.043009
v 0.257600 -0.184391 -0.000241
v 0.257757 -0.279883 0.050794
v 0.259100 -0.241213 -0.051261
v 0.261488 -0.277983 0.027864
v 0.259019 -0.240916 0.052273
v 0.258074 -0.302498 -0.028027
v 0.258695 -0.197049 0.027492
v 0.261730 -0.223047 -0.027918
v 0.259648 -0.301265 0.000045
v 0.261699 -0.222718 0.028004
v 0.263009 -0.221396 -0.000042
v 0.262900 -0.250257 0.027084
v 0.264214 -0.261728 -0.002581
v 0.262799 -0.250160 -0.027798
v -0.000085 -0.198033 -0.260270
v -0.023435 0.412392 0.081139
v -0.011346 0.401598 0.059855
v -0.019983 -0.485020 -0.067664
v -0.014500 -0.487686 0.077878
v 0.008312 -0.499867 0.120027
v -0.030707 -0.484287 0.148875
v -0.029663 -0.277425 -0.261404
v -0.032493 -0.102210 -0.223209
v -0.023971 0.022742 -0.079760
v -0.039812 -0.055358 -0.190211
v -0.012730 0.407090 0.055988
v -0.027528 -0.222642 0.261716
v -0.027147 -0.250380 0.262859
v -0.026894 -0.197216 0.258762
v -0.014516 0.403571 0.073862
v -0.027392 -0.302063 -0.258225
v -0.012717 0.410004 -0.056686
v -0.014572 0.417403 0.065257
v -0.014149 0.482149 0.065377
v -0.034801 -0.123000 -0.234621
v -0.024468 0.429780 0.073831
v -0.020760 -0.478048 0.005267
v -0.027786 -0.250327 -0.262791
v -0.014261 0.030731 -0.073502
v -0.010047 0.385571 -0.059933
v -0.015008 0.031213 0.073392
v -0.035275 -0.169099 -0.251806
v -0.020121 0.446033 -0.080192
v -0.026496 -0.001140 -0.128593
v 0.000416 -0.391982 -0.229108
v -0.026993 -0.311451 0.256448
v -0.042018 -0.350450 0.243545
v -0.011887 0.478984 -0.065639
v -0.025967 0.446090 -0.097089
v -0.040330 -0.499890 0.113264
v -0.033583 -0.030273 -0.167713
v -0.038212 -0.148937 0.245192
v -0.018699 0.495597 0.070407
v -0.039547 0.450778 0.081862
v -0.030281 -0.014408 0.148229
v -0.021042 0.404527 -0.073365
v -0.023719 0.412264 -0.080451
v -0.039565 -0.327505 -0.251284
v -0.030638 -0.482974 -0.150233
v -0.014500 -0.489367 -0.081046
v -0.034237 -0.116307 0.231395
v -0.014632 0.392486 -0.073260
v -0.029069 0.451065 -0.086507
v -0.022915 0.407312 -0.057654
v -0.023432 0.481449 0.062415
v -0.027936 -0.208525 -0.260448
v -0.039237 -0.147533 -0.244428
v -0.032700 -0.481488 0.037921
v -0.036245 -0.037877 0.174730
v -0.023908 0.449481 -0.057146
v -0.029504 0.496008 -0.066425
v -0.028390 0.496114 0.066871
v -0.026499 0.478469 -0.060867
v -0.031531 0.433018 -0.099526
v -0.025311 0.399858 0.050392
v -0.026860 0.483722 -0.063467
v -0.036404 0.446296 0.074584
v -0.033141 0.446440 -0.076353
v -0.030349 0.416909 -0.059942
v -0.031165 0.406922 0.054493
v -0.027839 0.426047 -0.069967
v -0.048379 -0.496612 0.078533
v -0.041505 -0.427397 0.203021
v -0.028995 0.392430 -0.068979
v -0.028806 0.036553 0.069041
v -0.026150 0.484050 0.064555
v -0.026793 0.399944 -0.050098
v -0.030475 0.425424 0.068156
v -0.032906 0.418320 -0.098550
v -0.032888 -0.374745 -0.234058
v -0.048530 -0.405996 -0.215574
v -0.027095 -0.172146 0.253325
v -0.034039 -0.374030 0.234404
v -0.039711 -0.055279 0.190096
v -0.041144 -0.487629 0.067136
v -0.030143 0.394487 -0.054102
v -0.047218 0.418248 0.092247
v -0.040187 0.498821 -0.047895
v -0.042912 -0.352627 -0.242269
v -0.042425 -0.427919 -0.202257
v -0.028267 0.403193 0.069612
v -0.061078 0.499171 0.010043
v -0.049087 -0.404954 0.216254
v -0.029529 0.026467 0.071839
v -0.035830 0.418106 0.057115
v -0.038026 0.482343 0.056107
v -0.052027 -0.486956 -0.058021
v -0.025261 -0.478521 -0.013629
v -0.028619 0.032411 -0.069294
v -0.061835 -0.383059 -0.225218
v -0.064726 -0.499850 0.083284
v -0.038001 -0.488800 -0.071842
v -0.040127 0.432482 0.096291
v -0.048926 -0.167657 0.248883
v -0.037988 0.402690 0.042438
v -0.048233 0.428633 -0.060589
v -0.040293 0.495985 0.060455
v -0.049532 0.027752 0.059215
v -0.044849 0.006088 -0.108945
v -0.040066 0.407247 -0.047743
v -0.041602 0.463055 -0.047701
v -0.048189 0.027848 -0.060031
v -0.045062 0.445321 0.090031
v -0.051059 -0.250543 -0.259224
v -0.050347 -0.193878 -0.254563
v -0.041951 0.402996 0.062127
v -0.037673 0.461930 0.050789
v -0.039032 0.394341 -0.039939
v -0.051872 -0.083692 0.208676
v -0.049666 -0.209076 0.257566
v -0.050022 -0.305838 -0.254154
v -0.038723 0.481268 -0.055925
v -0.044149 0.434409 0.065637
v -0.046592 0.412281 0.069738
v -0.053292 0.022683 -0.064263
v -0.047534 0.412097 -0.068372
v -0.031982 0.007835 0.110677
v -0.041747 0.036567 -0.061868
v -0.058740 -0.484416 0.139548
v -0.049372 -0.305466 0.254373
v -0.045722 0.483969 0.052308
v -0.040813 -0.283814 0.259662
v -0.040467 0.496430 -0.060650
v -0.037549 -0.494219 0.133180
v -0.038859 -0.443563 0.189401
v -0.055025 0.022770 0.062616
v -0.048934 0.391222 -0.038587
v -0.038437 -0.444327 -0.188763
v -0.041534 0.402749 -0.062356
v -0.074723 -0.445439 0.175611
v -0.041681 0.036298 0.061959
v -0.043248 0.404580 0.044263
v -0.049798 -0.081504 -0.207674
v -0.046821 0.399363 0.031499
v -0.072366 -0.359695 -0.232915
v -0.048901 0.408174 -0.030640
v -0.066443 0.004685 0.099268
v -0.047706 0.483267 -0.049275
v -0.051052 0.495918 0.051536
v -0.052627 0.427336 0.054467
v -0.050764 -0.279435 -0.257801
v -0.057992 0.432418 -0.086648
v -0.059522 -0.015854 0.140404
v -0.061415 -0.018703 -0.143570
v -0.061554 -0.485018 -0.033250
v -0.063046 -0.488036 0.049798
v -0.050981 0.417829 -0.043833
v -0.051163 0.418131 0.044266
v -0.052810 0.036524 0.052841
v -0.048539 0.469185 0.042537
v -0.046510 0.446222 -0.068794
v -0.058737 -0.483183 -0.140823
v -0.052769 0.402207 -0.053098
v -0.065355 0.450982 -0.060926
v -0.051669 -0.250456 0.259075
v -0.061410 -0.484565 0.028444
v -0.055849 0.445443 -0.083359
v -0.053270 0.496020 -0.049266
v -0.086625 -0.077140 0.191431
v -0.067076 -0.117271 -0.224014
v -0.052439 0.036446 -0.053166
v -0.056254 0.407498 0.027599
v -0.061125 -0.382897 0.225559
v -0.064918 0.412298 0.052648
v -0.042986 -0.496498 -0.080655
v -0.053738 0.462732 -0.033565
v -0.056673 0.407225 -0.026529
v -0.070275 -0.131011 0.230626
v -0.067731 0.497512 0.019385
v -0.055485 0.481466 -0.039356
v -0.063646 0.446073 0.053063
v -0.054913 0.401392 0.015165
v -0.053091 0.402436 0.052917
v -0.053937 0.402619 -0.019019
v -0.058542 0.403773 0.021753
v -0.051095 -0.220998 -0.257990
v -0.057887 0.495693 0.043480
v -0.059550 0.495619 -0.041691
v -0.070347 -0.037485 -0.163315
v -0.073052 -0.139902 -0.233032
v -0.049261 -0.330015 0.248605
v -0.055440 0.480724 0.038545
v -0.059905 0.411971 -0.057680
v -0.062217 0.426550 -0.042160
v -0.065020 0.445422 -0.051090
v -0.061975 0.390969 0.041766
v -0.061885 0.036337 -0.041837
v -0.069240 -0.496741 -0.060578
v -0.062496 0.031032 0.041958
v -0.065825 0.431987 0.080989
v -0.062293 0.028074 -0.044723
v -0.060898 0.457090 0.014653
v -0.062612 0.404789 0.043274
v -0.061147 0.416579 0.026045
v -0.060610 0.418422 -0.084040
v -0.070894 0.450724 0.056485
v -0.088831 -0.408817 -0.200390
v -0.067528 0.496072 -0.027689
v -0.074104 -0.485985 0.001373
v -0.063252 0.416459 -0.020048
v -0.064651 0.483674 -0.025522
v -0.057830 0.408339 -0.003453
v -0.070577 0.445635 0.071112
v -0.060798 0.458301 -0.015899
v -0.060709 0.481822 0.028584
v -0.071806 0.023496 0.040139
v -0.071086 0.496497 -0.014900
v -0.069573 0.425397 -0.027325
v -0.076401 0.445665 -0.065334
v -0.084151 -0.483164 0.126532
v -0.061083 0.405199 -0.007315
v -0.065244 0.478713 -0.016575
v -0.076879 -0.336113 0.239801
v -0.097958 -0.385855 -0.210516
v -0.061684 0.403337 -0.043163
v -0.062500 0.457496 -0.000424
v -0.063583 0.427510 0.041731
v -0.072182 -0.359936 0.232845
v -0.069822 -0.499910 -0.097283
v -0.077334 -0.335593 -0.239737
v -0.077751 -0.163772 0.240032
v -0.071753 -0.489131 -0.038180
v -0.064974 0.483753 0.023753
v -0.078257 -0.055243 -0.177569
v -0.069477 0.403270 -0.028214
v -0.098467 -0.385971 0.210228
v -0.071519 -0.043880 0.169679
v -0.077578 -0.163824 -0.240123
v -0.080159 -0.285440 0.249417
v -0.066978 0.478639 -0.001632
v -0.078915 -0.437793 -0.181969
v -0.066602 0.480924 0.012147
v -0.080179 -0.494121 0.111553
v -0.069104 0.036689 -0.028577
v -0.067928 0.495714 0.026376
v -0.065867 0.416702 0.006351
v -0.079774 -0.191829 -0.246247
v -0.073729 0.432267 -0.073816
v -0.091283 -0.001246 -0.092162
v -0.073151 0.418094 0.073113
v -0.068879 0.036734 0.029021
v -0.071635 0.428146 0.027342
v -0.073419 0.411967 -0.039995
v -0.075770 0.446476 -0.034309
v -0.071526 -0.499932 0.095397
v -0.071164 0.495433 0.014825
v -0.093136 -0.000933 0.090002
v -0.081347 -0.249923 0.251253
v -0.069137 0.392711 0.028559
v -0.073085 0.404600 0.021673
v -0.070916 0.026405 -0.031959
v -0.074260 0.027931 0.020941
v -0.073420 -0.001244 -0.107474
v -0.076506 0.427947 0.000434
v -0.080862 -0.496813 0.043605
v -0.084568 -0.485029 -0.123777
v -0.073334 0.037068 -0.014375
v -0.073418 0.393851 0.014439
v -0.072406 0.496053 -0.000893
v -0.073610 0.403045 -0.015182
v -0.073273 0.036826 0.014628
v -0.076393 0.445956 0.030737
v -0.081315 -0.250061 -0.251290
v -0.077560 -0.489360 0.024550
v -0.085196 0.418518 -0.058500
v -0.092003 0.418308 0.048453
v -0.081238 -0.220108 -0.249839
v -0.088836 -0.085356 -0.196253
v -0.079806 0.412331 0.027781
v -0.106514 -0.000300 -0.072240
v -0.077511 0.435386 -0.016106
v -0.074767 0.175979 0.000039
v -0.075253 0.403181 -0.000449
v -0.074791 0.036769 0.000430
v -0.074766 0.230399 0.000210
v -0.082168 -0.286555 -0.248512
v -0.081068 -0.489164 -0.008513
v -0.100927 -0.037835 0.146761
v -0.087267 0.451350 0.024070
v -0.086454 -0.019342 0.130627
v -0.077560 0.434980 0.015012
v -0.106297 -0.136756 0.218373
v -0.077202 0.027228 -0.007942
v -0.086917 0.431348 0.057847
v -0.079233 0.445392 -0.017812
v -0.063150 -0.494448 -0.122130
v -0.089054 -0.496306 -0.020411
v -0.108517 0.006193 0.045154
v -0.080499 -0.430635 0.187533
v -0.084809 0.022108 0.008733
v -0.104048 -0.127208 -0.214999
v -0.097575 -0.031118 -0.140376
v -0.084928 0.412843 -0.007390
v -0.081280 0.445135 0.001495
v -0.106997 -0.446200 -0.156651
v -0.083627 0.445536 0.055246
v -0.107289 -0.351919 0.222622
v -0.085539 0.450889 -0.027561
v -0.099597 -0.113008 0.209116
v -0.096914 -0.499907 -0.037739
v -0.113536 0.006409 -0.032473
v -0.109878 -0.055484 0.160143
v -0.080676 -0.206006 0.248340
v -0.094740 0.431899 -0.044414
v -0.089270 -0.496711 0.017772
v -0.094298 0.445465 -0.035431
v -0.112560 -0.059953 -0.162994
v -0.114983 -0.250904 -0.237598
v -0.099655 0.418125 -0.029438
v -0.120100 -0.077350 0.172629
v -0.115941 -0.250846 0.237092
v -0.096486 0.445553 0.028989
v -0.096331 0.432240 0.040036
v -0.109980 -0.159814 -0.225508
v -0.096366 -0.495128 -0.095228
v -0.106174 -0.484700 -0.106187
v -0.088119 -0.409547 0.200356
v -0.118977 -0.494640 0.068039
v -0.115209 -0.219273 -0.235823
v -0.113165 -0.312304 0.231138
v -0.103691 0.418096 0.009187
v -0.113021 -0.189443 0.232172
v -0.108657 -0.001502 0.071905
v -0.112451 -0.436669 0.164424
v -0.102253 -0.499888 -0.061883
v -0.113369 -0.431342 -0.168685
v -0.112956 -0.499949 0.039884
v -0.114459 -0.281580 -0.235852
v -0.134142 -0.377318 0.195078
v -0.102521 0.432306 0.019833
v -0.100811 -0.499899 0.025122
v -0.107680 -0.354051 -0.221209
v -0.127705 0.000009 0.024620
v -0.110256 -0.159414 0.225310
v -0.124395 -0.483302 0.085519
v -0.113110 -0.312451 -0.231203
v -0.115058 -0.473001 0.113847
v -0.120231 -0.029419 -0.119012
v -0.113164 -0.188521 -0.231829
v -0.100340 0.445631 -0.000503
v -0.104379 0.432676 -0.008199
v -0.122696 -0.032092 0.121186
v -0.114834 -0.219859 0.236111
v -0.116792 -0.499939 -0.020632
v -0.132129 -0.386767 -0.190278
v -0.132538 -0.001572 -0.000197
v -0.137786 -0.365095 -0.198316
v -0.142573 -0.158673 -0.205847
v -0.114825 -0.281113 0.235739
v -0.124251 -0.484470 -0.084615
v -0.128440 -0.101881 -0.185239
v -0.142237 -0.341095 0.205555
v -0.131681 -0.110068 0.188572
v -0.138096 -0.133469 -0.198050
v -0.141060 -0.032130 0.099283
v -0.123710 -0.410483 0.179835
v -0.144677 -0.019749 0.061695
v -0.137351 -0.012977 -0.055722
v -0.123161 -0.410795 -0.179859
v -0.121883 -0.494486 -0.063284
v -0.143302 -0.158188 0.205229
v -0.141819 -0.434033 0.142294
v -0.143119 -0.341747 -0.204637
v -0.137428 -0.054996 -0.137031
v -0.133349 -0.495255 -0.027466
v -0.138420 -0.133295 0.197709
v -0.146283 -0.188031 0.212462
v -0.146364 -0.313488 -0.211442
v -0.150732 -0.016433 -0.030786
v -0.164245 -0.437766 -0.110764
v -0.162282 -0.439462 0.110808
v -0.146237 -0.188110 -0.212518
v -0.136757 -0.494848 0.017922
v -0.141144 -0.435292 -0.141620
v -0.139467 -0.484389 -0.058158
v -0.162855 -0.387913 0.163924
v -0.149878 -0.077855 -0.148688
v -0.144607 -0.067204 0.143520
v -0.139789 -0.483749 0.059656
v -0.154359 -0.410676 0.154103
v -0.148444 -0.281432 -0.216124
v -0.146251 -0.312569 0.211682
v -0.168847 -0.125370 -0.168337
v -0.147633 -0.219752 -0.217282
v -0.148540 -0.219128 0.216629
v -0.141804 -0.031143 -0.096414
v -0.148879 -0.281029 0.215805
v -0.150978 -0.485136 -0.001076
v -0.164660 -0.028239 0.035401
v -0.148780 -0.249490 -0.218056
v -0.148506 -0.484651 -0.029478
v -0.170267 -0.365604 -0.170709
v -0.168676 -0.043119 -0.072548
v -0.154059 -0.410783 -0.154253
v -0.148120 -0.485010 0.029280
v -0.149659 -0.249803 0.217451
v -0.175568 -0.445879 0.074494
v -0.167718 -0.123281 0.168154
v -0.169322 -0.029016 -0.001907
v -0.177103 -0.156935 0.176729
v -0.170736 -0.365610 0.170485
v -0.160031 -0.054782 -0.109040
v -0.163533 -0.387572 -0.163367
v -0.185566 -0.219273 -0.185624
v -0.179347 -0.410158 -0.124349
v -0.176854 -0.157723 -0.177060
v -0.160133 -0.055084 0.109468
v -0.180191 -0.410177 0.123380
v -0.182157 -0.188129 0.182709
v -0.175872 -0.343175 0.176661
v -0.172612 -0.048252 0.074889
v -0.188820 -0.444193 0.038772
v -0.175297 -0.445761 -0.074865
v -0.182337 -0.188081 -0.182547
v -0.173026 -0.077720 -0.120187
v -0.180604 -0.043846 -0.037253
v -0.172979 -0.076874 0.119218
v -0.195263 -0.441536 -0.000469
v -0.187343 -0.250615 0.185867
v -0.176436 -0.341869 -0.176481
v -0.189393 -0.111102 0.131494
v -0.189142 -0.110321 -0.131129
v -0.182295 -0.311140 -0.181724
v -0.187312 -0.430819 -0.080523
v -0.189533 -0.443621 -0.038409
v -0.198233 -0.364455 -0.138269
v -0.190806 -0.386423 0.131498
v -0.185383 -0.281296 -0.185246
v -0.181841 -0.312462 0.181894
v -0.186758 -0.250025 -0.186347
v -0.198268 -0.133302 0.137750
v -0.198096 -0.133481 -0.138129
v -0.193742 -0.059983 0.042974
v -0.187381 -0.430730 0.080735
v -0.205343 -0.158270 0.143238
v -0.200641 -0.354789 0.141566
v -0.194113 -0.081098 0.087431
v -0.200157 -0.409130 0.089041
v -0.190626 -0.386811 -0.131609
v -0.194053 -0.054769 -0.001057
v -0.204996 -0.340399 -0.143220
v -0.186040 -0.219358 0.185272
v -0.185916 -0.281365 0.184693
v -0.199638 -0.409589 -0.089175
v -0.203647 -0.074942 -0.047389
v -0.221755 -0.349835 -0.110232
v -0.191189 -0.075592 -0.084700
v -0.202218 -0.428172 -0.041808
v -0.215267 -0.083627 0.000109
v -0.202592 -0.427843 0.041976
v -0.209107 -0.113660 -0.100249
v -0.212894 -0.188482 0.146103
v -0.210309 -0.385613 -0.098556
v -0.218120 -0.250061 0.148890
v -0.211647 -0.312843 0.146423
v -0.217051 -0.219137 0.147910
v -0.209524 -0.423938 0.000001
v -0.216313 -0.281242 0.148391
v -0.217787 -0.250503 -0.149377
v -0.216511 -0.280220 -0.148205
v -0.222613 -0.150309 -0.109328
v -0.218802 -0.105555 -0.063449
v -0.216905 -0.218442 -0.148113
v -0.209492 -0.112907 0.098773
v -0.215481 -0.406376 0.048212
v -0.216144 -0.405238 -0.049135
v -0.210531 -0.385765 0.097967
v -0.223505 -0.151408 0.108520
v -0.205463 -0.157701 -0.142783
v -0.220244 -0.358018 0.106152
v -0.211870 -0.311985 -0.146028
v -0.212852 -0.188762 -0.146261
v -0.231830 -0.116808 0.032425
v -0.232958 -0.118734 -0.031634
v -0.232066 -0.188810 0.112956
v -0.221359 -0.108749 0.061547
v -0.225586 -0.382637 0.061347
v -0.228394 -0.392977 0.000225
v -0.224992 -0.384346 -0.060224
v -0.232232 -0.189051 -0.112845
v -0.233310 -0.140209 0.073370
v -0.233179 -0.140034 -0.073336
v -0.233038 -0.359946 -0.071321
v -0.235416 -0.281956 -0.115035
v -0.230969 -0.312491 0.113498
v -0.231029 -0.312089 -0.113463
v -0.234551 -0.373893 -0.032687
v -0.239764 -0.335907 -0.077146
v -0.235701 -0.281194 0.114995
v -0.237799 -0.239288 -0.114690
v -0.236749 -0.348792 0.074799
v -0.234564 -0.373198 0.034668
v -0.240199 -0.163581 0.077228
v -0.235389 -0.120061 0.000657
v -0.244611 -0.354623 -0.000024
v -0.237526 -0.249804 0.115285
v -0.236546 -0.219915 0.114277
v -0.243065 -0.352044 0.040933
v -0.243597 -0.145036 0.039251
v -0.243586 -0.145887 -0.040344
v -0.246041 -0.191054 0.080219
v -0.243836 -0.179845 -0.080399
v -0.245538 -0.309850 -0.079777
v -0.245173 -0.309845 0.080414
v -0.249899 -0.220447 0.081209
v -0.249723 -0.280614 0.080620
v -0.251568 -0.317847 0.052039
v -0.243830 -0.350198 -0.039526
v -0.253108 -0.187512 -0.052163
v -0.251135 -0.250780 0.081398
v -0.252202 -0.315248 -0.050863
v -0.250030 -0.220564 -0.080924
v -0.251167 -0.250076 -0.081664
v -0.249669 -0.280184 -0.080905
v -0.252847 -0.172923 0.036268
v -0.253394 -0.325296 0.023109
v -0.250007 -0.155983 -0.001515
v -0.254995 -0.318043 -0.027386
v -0.253331 -0.172537 -0.028010
v -0.254470 -0.194301 0.051121
v -0.257854 -0.221370 -0.051701
v -0.259243 -0.251055 0.051111
v -0.260740 -0.288408 0.028256
v -0.261251 -0.293847 0.000264
v -0.257842 -0.279365 0.050818
v -0.261191 -0.216631 -0.028409
v -0.261281 -0.203358 0.001963
v -0.257951 -0.221727 0.051612
v -0.261548 -0.252108 -0.038039
v -0.257799 -0.279505 -0.050659
v -0.258792 -0.197573 0.027521
v -0.261510 -0.277728 -0.027914
v -0.262865 -0.234165 0.024054
v -0.264335 -0.250093 -0.000318
vn 0.1444 -0.0125 0.9894
vn 0.1607 0.0220 0.9868
vn 0.1622 0.1102 0.9806
vn 0.0951 0.0312 0.9950
vn 0.0967 0.0392 0.9945
vn 0.1030 0.0320 0.9942
vn 0.0701 0.0393 0.9968
vn 0.0723 0.0410 0.9965
vn 0.0659 0.0462 0.9968
vn 0.2156 0.0749 0.9736
vn 0.2475 0.0481 0.9677
vn 0.2960 0.1167 0.9480
vn 0.3701 0.0495 0.9277
vn 0.3700 0.0412 0.9281
vn 0.3698 0.0491 0.9278
vn 0.4397 0.1883 0.8782
vn 0.3077 0.2335 0.9224
vn 0.4325 0.2792 0.8573
vn 0.2872 0.3691 0.8839
vn 0.4161 0.1508 0.8967
vn 0.5779 0.2059 0.7897
vn 0.3753 0.0529 0.9254
vn 0.3822 0.0371 0.9234
vn 0.3752 0.0529 0.9254
vn -0.0278 0.0478 0.9985
vn -0.0332 0.0534 0.9980
vn -0.0335 0.0531 0.9980
vn -0.0392 0.1641 0.9857
vn 0.0008 0.1829 0.9831
vn -0.0085 0.2726 0.9621
vn 0.2182 0.1599 0.9627
vn 0.0680 0.2016 0.9771
vn 0.0605 0.2097 0.9759
vn 0.0462 0.1973 0.9793
vn -0.0598 -0.0644 0.9961
vn -0.0601 -0.0601 0.9964
vn -0.0603 -0.0624 0.9962
vn 0.0651 -0.3060 0.9498
vn 0.0653 -0.3061 0.9498
vn 0.0732 -0.3060 0.9492
vn 0.0513 -0.3225 0.9452
vn 0.0615 -0.3251 0.9437
vn 0.0514 -0.3146 0.9478
vn -0.1698 -0.5974 0.7838
vn -0.0023 -0.5775 0.8164
vn -0.0132 -0.4624 0.8866
vn 0.1570 -0.5422 0.8254
vn -0.0027 -0.1401 0.9901
vn 0.0306 -0.0684 0.9972
vn 0.0431 -0.0746 0.9963
vn 0.0724 -0.1237 0.9897
vn 0.0719 -0.1239 0.9897
vn 0.0712 -0.1318 0.9887
vn 0.1369 -0.1408 0.9805
vn 0.1357 -0.1410 0.9807
vn 0.1358 -0.1410 0.9807
vn 0.1623 -0.0447 0.9857
vn 0.2621 -0.0577 0.9633
vn 0.2572 -0.0571 0.9647
vn 0.2538 -0.0553 0.9657
vn 0.0986 -0.2064 0.9735
vn 0.1043 -0.2463 0.9636
vn 0.1975 -0.2362 0.9514
vn 0.2285 -0.1657 0.9593
vn -0.0182 -0.2437 0.9697
vn 0.2456 -0.0578 0.9676
vn 0.2455 -0.0498 0.9681
vn 0.2458 -0.0582 0.9676
vn 0.3376 -0.1219 0.9333
vn 0.3085 -0.1935 0.9313
vn 0.4349 -0.1079 0.8940
vn 0.4648 -0.0280 0.8850
vn 0.3800 -0.0585 0.9232
vn 0.2888 -0.2910 0.9121
vn 0.1907 -0.3013 0.9343
vn 0.4499 -0.1893 0.8728
vn 0.3685 -0.2454 0.8967
vn 0.3689 -0.2457 0.8964
vn 0.3687 -0.2456 0.8965
vn 0.4411 -0.3150 0.8403
vn 0.5695 -0.2043 0.7962
vn 0.3067 -0.3482 0.8858
vn 0.3980 -0.4128 0.8193
vn 0.3329 -0.4893 0.8061
vn 0.3161 -0.4821 0.8171
vn 0.3740 -0.5046 0.7781
vn 0.5108 -0.4597 0.7265
vn 0.5371 -0.3772 0.7545
vn 0.5572 -0.2923 0.7772
vn 0.0939 -0.4212 0.9021
vn -0.0256 -0.3605 0.9324
vn 0.1140 -0.4380 0.8917
vn 0.1155 -0.4450 0.8881
vn 0.1161 -0.4441 0.8884
vn 0.1157 -0.4445 0.8883
vn 0.1865 -0.3834 0.9045
vn 0.1921 -0.3883 0.9013
vn -0.1949 0.0005 0.9808
vn -0.1580 0.0121 0.9874
vn -0.2438 0.1034 0.9643
vn -0.1645 0.2042 0.9650
vn -0.1552 0.2065 0.9661
vn -0.1653 0.2058 0.9645
vn -0.1463 0.1959 0.9696
vn -0.1452 0.2084 0.9672
vn -0.1531 0.2005 0.9677
vn -0.0595 0.2703 0.9609
vn -0.1327 0.3429 0.9299
vn -0.2236 0.2703 0.9365
vn -0.2734 0.4100 0.8702
vn -0.3215 0.1410 0.9363
vn -0.3054 0.2745 0.9118
vn -0.1232 0.4583 0.8802
vn -0.4144 0.3803 0.8268
vn -0.4369 0.1902 0.8792
vn -0.4233 0.2941 0.8569
vn -0.4483 0.1024 0.8880
vn -0.3724 0.0438 0.9270
vn -0.3724 0.0435 0.9270
vn -0.3724 0.0437 0.9270
vn -0.2949 0.0670 0.9532
vn -0.0422 0.0330 0.9986
vn -0.0342 0.0333 0.9989
vn -0.0578 0.0487 0.9971
vn -0.0561 0.1233 0.9908
vn -0.1655 0.0347 0.9856
vn -0.1073 0.1189 0.9871
vn -0.1119 0.1233 0.9860
vn -0.1162 0.1294 0.9848
vn -0.5775 -0.1065 0.8094
vn -0.5060 -0.0049 0.8625
vn -0.5481 -0.0287 0.8359
vn -0.5511 0.1039 0.8279
vn -0.6822 0.1801 0.7087
vn -0.5593 0.1941 0.8059
vn -0.2400 0.5370 0.8087
vn -0.3417 0.5651 0.7510
vn -0.3737 0.4767 0.7957
vn -0.5320 0.3900 0.7516
vn -0.5569 0.2914 0.7778
vn -0.6483 0.3171 0.6922
vn -0.7099 0.0972 0.6975
vn -0.6389 0.0490 0.7677
vn -0.6458 0.0386 0.7625
vn -0.6437 0.0371 0.7644
vn -0.7176 -0.0089 0.6964
vn -0.2131 -0.1056 0.9713
vn -0.0824 -0.2436 0.9664
vn -0.2053 -0.1888 0.9603
vn -0.0504 -0.0753 0.9959
vn -0.0571 -0.0671 0.9961
vn -0.0495 -0.0672 0.9965
vn -0.0681 -0.1543 0.9857
vn -0.0730 -0.1483 0.9862
vn -0.0756 -0.1587 0.9844
vn -0.0016 -0.2172 0.9761
vn -0.1149 -0.4260 0.8974
vn -0.1372 -0.3339 0.9326
vn -0.1895 -0.2584 0.9473
vn -0.2593 -0.3572 0.8973
vn -0.2355 -0.4456 0.8637
vn -0.3166 -0.2492 0.9152
vn -0.2900 -0.4677 0.8350
vn -0.4068 -0.2499 0.8787
vn -0.3386 -0.3954 0.8538
vn -0.3396 -0.3953 0.8535
vn -0.3392 -0.3953 0.8536
vn -0.3058 -0.1652 0.9376
vn -0.4180 -0.2032 0.8854
vn -0.5683 -0.2748 0.7756
vn -0.5662 -0.1971 0.8004
vn -0.4657 -0.1249 0.8761
vn -0.6838 -0.2113 0.6984
vn -0.7058 -0.1026 0.7010
vn 0.0070 0.4113 0.9115
vn 0.1264 0.3390 0.9323
vn 0.1080 0.4757 0.8730
vn 0.0018 0.5025 0.8646
vn 0.2167 0.5474 0.8083
vn 0.2754 0.4633 0.8423
vn 0.3800 0.4914 0.7837
vn 0.4070 0.3800 0.8306
vn 0.4635 0.5756 0.6736
vn 0.3158 0.6190 0.7191
vn 0.1879 0.6557 0.7313
vn 0.1188 0.6060 0.7866
vn 0.1035 0.5956 0.7966
vn 0.1035 0.5960 0.7963
vn 0.1035 0.5955 0.7967
vn 0.1713 0.2777 0.9453
vn 0.2089 0.4049 0.8902
vn 0.2088 0.4050 0.8902
vn 0.5580 0.0078 0.8298
vn 0.5063 0.0383 0.8615
vn 0.5564 0.0388 0.8300
vn -0.2606 -0.0534 0.9640
vn -0.2619 -0.0584 0.9633
vn -0.2566 -0.0512 0.9652
vn -0.3802 -0.0638 0.9227
vn -0.3739 -0.0622 0.9254
vn -0.3779 -0.0567 0.9241
vn -0.3710 -0.0468 0.9275
vn -0.3709 -0.0468 0.9275
vn -0.3704 -0.0469 0.9277
vn 0.1743 -0.5962 0.7837
vn -0.0076 -0.6713 0.7411
vn 0.1383 -0.6843 0.7159
vn 0.2496 -0.5987 0.7611
vn 0.2401 -0.6620 0.7100
vn 0.2406 -0.6620 0.7099
vn 0.2355 -0.6562 0.7169
vn 0.1402 -0.7561 0.6393
vn -0.0049 -0.7605 0.6494
vn 0.3124 -0.7026 0.6393
vn 0.2444 -0.5619 0.7903
vn 0.2487 -0.5699 0.7832
vn 0.2627 -0.5575 0.7875
vn 0.2556 -0.7618 0.5952
vn 0.0949 -0.8927 0.4406
vn 0.3556 -0.7658 0.5358
vn 0.2186 -0.8950 0.3889
vn 0.1163 -0.9764 0.1822
vn 0.4635 -0.7763 0.4272
vn 0.3393 -0.8689 0.3603
vn 0.5157 -0.6934 0.5031
vn 0.4358 -0.6413 0.6315
vn 0.4415 -0.7146 0.5426
vn 0.4465 -0.7071 0.5483
vn 0.4511 -0.7115 0.5388
vn 0.3809 -0.6248 0.6815
vn 0.5317 0.3914 0.7510
vn 0.5479 0.2844 0.7867
vn 0.5031 0.4894 0.7123
vn 0.4204 0.6745 0.6069
vn 0.5320 0.6621 0.5278
vn 0.5960 0.5556 0.5797
vn 0.6272 0.4813 0.6124
vn 0.6797 0.2868 0.6751
vn 0.6959 0.1888 0.6928
vn 0.6382 0.1444 0.7562
vn 0.7011 0.1463 0.6979
vn 0.7237 -0.0182 0.6899
vn 0.4978 0.1432 0.8554
vn 0.4979 0.1432 0.8554
vn 0.5424 -0.1246 0.8308
vn 0.7125 -0.1147 0.6922
vn 0.6924 -0.2081 0.6908
vn 0.6450 -0.0552 0.7621
vn 0.6449 -0.0545 0.7623
vn 0.6449 -0.0543 0.7624
vn -0.0769 0.6066 0.7913
vn -0.0857 0.5934 0.8003
vn -0.0697 0.6042 0.7938
vn -0.1048 0.5749 0.8115
vn -0.1047 0.5749 0.8115
vn -0.1124 0.5756 0.8100
vn -0.2477 0.6322 0.7342
vn -0.0995 0.6680 0.7375
vn -0.0923 0.6673 0.7391
vn -0.0926 0.6674 0.7389
vn -0.2840 0.6886 0.6672
vn -0.2206 0.7175 0.6607
vn -0.0578 0.7315 0.6794
vn -0.0564 0.7316 0.6794
vn -0.0574 0.7316 0.6794
vn -0.0860 0.7569 0.6478
vn -0.0856 0.7569 0.6479
vn -0.0866 0.7569 0.6478
vn -0.1461 0.8180 0.5563
vn -0.0461 0.8376 0.5443
vn -0.0160 0.8874 0.4608
vn -0.2424 0.8026 0.5450
vn -0.3210 0.7888 0.5241
vn -0.3973 0.7148 0.5755
vn -0.2724 0.8703 0.4103
vn -0.3140 0.8605 0.4011
vn -0.4295 -0.5028 0.7502
vn -0.4521 -0.4932 0.7432
vn -0.4399 -0.4997 0.7462
vn -0.4337 -0.4043 0.8053
vn -0.4443 -0.3993 0.8020
vn -0.4410 -0.4106 0.7981
vn -0.5038 -0.3335 0.7969
vn -0.5038 -0.3336 0.7968
vn -0.5042 -0.3340 0.7964
vn -0.3131 -0.6223 0.7174
vn -0.3062 -0.5455 0.7802
vn -0.4401 -0.6488 0.6208
vn -0.1780 -0.5099 0.8416
vn -0.1582 -0.6757 0.7200
vn -0.2915 -0.6918 0.6606
vn -0.4370 -0.4777 0.7621
vn -0.4219 -0.4944 0.7600
vn -0.4302 -0.4860 0.7608
vn -0.1324 -0.7661 0.6290
vn -0.1749 -0.8477 0.5008
vn -0.0020 -0.8954 0.4452
vn -0.0303 -0.9688 0.2458
vn 0.0213 -0.9640 0.2651
vn -0.0009 -1.0000 -0.0006
vn -0.0153 -0.9999 -0.0069
vn 0.0645 -0.8997 -0.4318
vn 0.0153 -0.9584 -0.2850
vn 0.1599 -0.9684 -0.1914
vn -0.1333 -0.9598 0.2471
vn -0.1242 -0.9782 0.1662
vn 0.0054 -0.9999 0.0084
vn -0.2240 -0.9096 0.3499
vn -0.2704 -0.7783 0.5667
vn -0.3431 -0.7547 0.5591
vn -0.4307 -0.7803 0.4534
vn -0.4312 -0.7784 0.4562
vn -0.4260 -0.7797 0.4589
vn -0.4325 -0.7891 0.4361
vn -0.4427 -0.7859 0.4317
vn -0.4328 -0.7964 0.4224
vn -0.0343 -0.9598 0.2787
vn -0.0590 -0.9574 0.2828
vn -0.0465 -0.9585 0.2813
vn 0.5479 -0.6321 0.5480
vn 0.5989 -0.5371 0.5940
vn 0.4698 -0.5363 0.7012
vn 0.6326 -0.4529 0.6282
vn 0.6593 -0.3753 0.6516
vn -0.4978 -0.5567 0.6650
vn -0.5874 -0.4115 0.6969
vn -0.6027 -0.4735 0.6423
vn -0.5992 -0.5427 0.5885
vn -0.5410 -0.6490 0.5348
vn -0.6763 -0.2928 0.6759
vn -0.6430 -0.3609 0.6754
vn -0.5009 -0.7104 0.4944
vn -0.6960 -0.5387 0.4748
vn -0.4330 0.6394 0.6354
vn -0.4623 0.5565 0.6903
vn -0.4734 0.4647 0.7483
vn -0.4950 0.7253 0.4783
vn -0.6456 0.3636 0.6716
vn -0.3989 0.8105 0.4289
vn -0.3986 0.8107 0.4288
vn -0.3987 0.8106 0.4289
vn 0.4460 0.7806 0.4379
vn 0.3544 0.7939 0.4941
vn 0.3938 0.8349 0.3845
vn 0.3376 0.7400 0.5817
vn 0.3364 0.7487 0.5713
vn 0.3427 0.7442 0.5733
vn 0.2840 0.8443 0.4545
vn 0.1611 0.7968 0.5824
vn 0.2456 0.8390 0.4856
vn 0.1604 0.8147 0.5572
vn 0.2447 0.7560 0.6071
vn 0.0334 0.8346 0.5498
vn 0.0334 0.8347 0.5497
vn 0.0762 0.8179 0.5703
vn 0.0666 0.7398 0.6695
vn 0.0728 0.7358 0.6733
vn 0.0720 0.7346 0.6747
vn 0.0719 0.7345 0.6748
vn -0.5759 0.5884 0.5676
vn -0.6216 0.5185 0.5871
vn -0.5558 0.5175 0.6506
vn -0.5565 0.5176 0.6499
vn -0.5556 0.5174 0.6509
vn 0.6762 -0.2954 0.6749
vn 0.6970 -0.5402 0.4716
vn 0.6267 -0.6541 0.4236
vn 0.7315 -0.4562 0.5067
vn 0.8039 -0.2041 0.5586
vn 0.8274 -0.0158 0.5614
vn 0.8167 -0.1097 0.5666
vn 0.8937 -0.1087 0.4352
vn 0.8772 -0.1973 0.4377
vn 0.9441 -0.1028 0.3131
vn 0.7796 -0.2898 0.5552
vn 0.8561 -0.2985 0.4218
vn 0.8913 -0.3592 0.2766
vn 0.8131 -0.4243 0.3987
vn 0.7609 -0.3722 0.5315
vn 0.9022 -0.2975 0.3124
vn 0.9382 -0.3235 0.1229
vn 0.9156 -0.3788 0.1352
vn 0.8590 -0.4470 0.2497
vn 0.9451 -0.2254 0.2365
vn 0.9447 -0.2258 0.2378
vn 0.9450 -0.2204 0.2417
vn 0.9216 -0.1707 0.3486
vn 0.7956 -0.5509 0.2519
vn 0.7894 -0.5556 0.2613
vn 0.7909 -0.5510 0.2662
vn 0.9132 -0.4074 -0.0019
vn 0.8903 -0.4411 0.1136
vn 0.8900 -0.4415 0.1135
vn 0.8901 -0.4413 0.1135
vn 0.7824 -0.5991 0.1699
vn 0.8453 -0.5343 0.0026
vn 0.8225 -0.5508 0.1415
vn 0.7689 -0.5187 0.3738
vn 0.7055 -0.6289 0.3267
vn 0.6584 -0.6940 0.2912
vn 0.5230 -0.7631 0.3797
vn 0.6184 -0.7471 0.2437
vn 0.4397 -0.8363 0.3275
vn 0.5316 -0.7882 0.3099
vn 0.5286 -0.7940 0.3002
vn 0.5228 -0.7942 0.3097
vn 0.4492 -0.8875 0.1025
vn 0.6441 -0.7548 0.1238
vn 0.3366 -0.9329 0.1281
vn 0.5609 -0.8278 0.0124
vn 0.6542 -0.7563 -0.0117
vn 0.2948 -0.9527 0.0743
vn 0.7448 -0.6673 -0.0050
vn 0.8251 -0.5649 -0.0071
vn 0.7191 -0.6775 0.1548
vn 0.2633 -0.9443 0.1972
vn 0.2655 -0.9425 0.2031
vn 0.2573 -0.9440 0.2064
vn -0.0050 -1.0000 -0.0021
vn 0.2312 -0.9698 0.0773
vn -0.0025 -1.0000 0.0003
vn -0.4982 -0.8664 0.0349
vn -0.4373 -0.8979 -0.0503
vn -0.4539 -0.8800 -0.1401
vn -0.2374 -0.9712 0.0208
vn -0.2042 -0.9752 -0.0848
vn -0.3662 -0.8987 -0.2411
vn -0.1072 -0.9882 -0.1095
vn -0.2064 -0.9782 -0.0218
vn -0.2988 -0.9270 -0.2268
vn 0.6408 0.0359 0.7669
vn 0.6409 0.0359 0.7668
vn 0.6394 0.0362 0.7680
vn 0.8354 0.1120 0.5381
vn 0.6560 0.3907 0.6458
vn 0.7688 0.0378 0.6384
vn 0.7664 0.0431 0.6409
vn 0.7664 0.0430 0.6409
vn 0.7664 0.0433 0.6409
vn 0.9009 -0.0041 0.4339
vn 0.8933 0.0960 0.4390
vn 0.9440 0.1221 0.3066
vn 0.9459 -0.0151 0.3241
vn 0.8055 0.1966 0.5590
vn 0.7838 0.3024 0.5424
vn 0.8815 0.1986 0.4283
vn 0.9142 0.2658 0.3060
vn 0.8555 0.3008 0.4214
vn 0.9656 0.1683 0.1980
vn 0.9328 0.3141 0.1769
vn 0.8806 0.3744 0.2904
vn 0.9500 0.2953 0.1018
vn 0.9763 0.0288 0.2147
vn 0.9833 0.1405 0.1160
vn 0.9843 0.1053 0.1418
vn 0.9927 0.1163 -0.0313
vn 0.9732 0.2219 0.0610
vn 0.9748 0.2160 0.0559
vn 0.9731 0.2218 0.0616
vn 0.9871 -0.0109 0.1594
vn 0.9777 0.2084 -0.0247
vn 0.9402 0.3406 -0.0052
vn 0.9005 0.4348 -0.0037
vn 0.8954 0.4268 0.1269
vn 0.8539 0.5068 0.1183
vn 0.8531 0.4572 0.2514
vn 0.8117 0.4294 0.3959
vn 0.7499 0.5523 0.3643
vn 0.7975 0.5785 0.1715
vn 0.9978 0.0407 0.0526
vn 0.9974 0.0485 0.0530
vn 0.9981 0.0410 0.0450
vn 0.5446 0.7319 0.4095
vn 0.4141 0.8655 0.2819
vn 0.7469 0.4314 0.5060
vn 0.6989 0.5395 0.4696
vn 0.6434 0.6348 0.4279
vn -0.8000 0.0720 0.5956
vn -0.8194 -0.0004 0.5732
vn -0.8247 -0.0940 0.5577
vn -0.7806 0.2159 0.5866
vn -0.7453 0.2352 0.6239
vn -0.7457 0.2348 0.6235
vn -0.7452 0.2353 0.6240
vn -0.7844 0.3007 0.5425
vn -0.8556 0.1441 0.4971
vn -0.8575 0.1504 0.4919
vn -0.8555 0.1445 0.4972
vn -0.8526 0.1436 0.5024
vn -0.8543 0.1453 0.4990
vn -0.8536 0.1400 0.5018
vn -0.9012 -0.0038 0.4333
vn -0.6385 0.6406 0.4265
vn -0.6786 0.5166 0.5222
vn -0.7713 0.3683 0.5191
vn -0.8489 0.3247 0.4171
vn -0.8802 0.2352 0.4122
vn -0.8912 0.0504 0.4507
vn -0.9181 0.1416 0.3701
vn -0.9170 0.1491 0.3700
vn -0.9557 0.1027 0.2758
vn -0.9282 0.1900 0.3199
vn -0.9511 -0.0223 0.3081
vn -0.9245 0.0374 0.3794
vn -0.9258 0.0428 0.3756
vn -0.9247 0.0366 0.3790
vn -0.8935 -0.1078 0.4359
vn -0.9455 -0.0979 0.3105
vn -0.9778 0.0847 0.1917
vn -0.9130 0.2665 0.3090
vn -0.9219 0.3588 0.1461
vn -0.9546 0.2612 0.1431
vn -0.9656 0.1646 0.2013
vn -0.9839 0.1125 0.1391
vn -0.9812 -0.0129 0.1925
vn -0.9808 -0.1473 0.1282
vn -0.9896 0.0584 0.1315
vn -0.9949 -0.0486 0.0879
vn -0.9954 -0.0370 0.0879
vn -0.9955 -0.0386 0.0865
vn -0.7574 -0.1518 0.6350
vn -0.7573 -0.1522 0.6351
vn -0.7560 -0.1594 0.6348
vn -0.8146 -0.2356 0.5300
vn -0.7738 -0.3327 0.5390
vn -0.8765 -0.2121 0.4322
vn -0.9748 -0.0897 0.2045
vn -0.9531 -0.2258 0.2016
vn -0.9274 -0.1872 0.3238
vn -0.8988 -0.3303 0.2881
vn -0.8402 -0.3508 0.4136
vn -0.9150 -0.3526 0.1962
vn -0.8807 -0.4487 0.1519
vn -0.8662 -0.4450 0.2273
vn -0.8341 -0.4752 0.2802
vn -0.8402 -0.4711 0.2685
vn -0.8339 -0.4751 0.2808
vn -0.8042 -0.4418 0.3976
vn -0.8460 -0.5076 0.1632
vn -0.7326 -0.5365 0.4188
vn -0.7414 -0.4491 0.4987
vn -0.7941 -0.5520 0.2544
vn -0.7898 -0.5957 0.1463
vn -0.6128 -0.6595 0.4353
vn -0.6956 -0.6336 0.3386
vn -0.6687 -0.6868 0.2848
vn -0.5808 -0.7733 0.2541
vn -0.5263 -0.7611 0.3793
vn -0.6994 -0.4270 0.5731
vn -0.7102 -0.4133 0.5699
vn -0.7013 -0.4253 0.5722
vn -0.3899 -0.8883 0.2426
vn -0.2724 -0.9564 0.1048
vn 0.0054 -1.0000 -0.0037
vn 0.0112 -0.9999 0.0017
vn 0.4128 -0.8854 -0.2138
vn 0.2701 -0.9605 -0.0661
vn 0.4124 -0.9084 -0.0690
vn 0.4423 -0.8852 -0.1441
vn 0.3696 -0.8797 -0.2994
vn 0.3401 -0.9402 -0.0166
vn 0.2335 -0.9672 -0.0999
vn 0.2129 -0.9105 -0.3545
vn 0.1032 -0.9895 -0.1016
vn 0.1193 -0.9924 -0.0308
vn 0.1519 -0.9884 -0.0080
vn 0.4917 -0.8698 0.0411
vn 0.4496 -0.8901 0.0740
vn -0.7171 -0.6807 0.1500
vn -0.7470 -0.6648 -0.0034
vn -0.6292 -0.7772 -0.0115
vn -0.6240 -0.7693 0.1371
vn -0.4094 -0.9070 -0.0986
vn -0.4286 -0.9013 0.0633
vn -0.7823 -0.5655 0.2612
vn -0.7831 -0.5644 0.2612
vn -0.7815 -0.5632 0.2683
vn -0.8613 -0.5079 0.0117
vn -0.6951 -0.7069 -0.1310
vn -0.8248 -0.5654 0.0100
vn -0.6924 0.6524 0.3081
vn -0.6901 0.5490 0.4716
vn -0.7570 0.5635 0.3308
vn -0.5436 0.7475 0.3818
vn -0.7814 0.5929 0.1949
vn -0.7011 0.4420 0.5595
vn -0.7012 0.4420 0.5594
vn -0.7007 0.4420 0.5600
vn -0.8419 0.4868 0.2328
vn -0.8199 0.4398 0.3666
vn -0.8847 0.3732 0.2792
vn -0.8800 0.4596 0.1202
vn -0.7464 0.5121 0.4250
vn -0.7468 0.5109 0.4257
vn -0.7513 0.5124 0.4158
vn -0.0000 -1.0000 0.0034
vn 0.0060 -0.9999 0.0129
vn 0.0018 -1.0000 0.0022
vn -0.0505 -0.8422 -0.5367
vn -0.1439 -0.8874 -0.4379
vn -0.1170 -0.9462 -0.3018
vn -0.3092 -0.8687 -0.3869
vn -0.2539 -0.8895 -0.3799
vn -0.0682 -0.9922 -0.1039
vn -0.1581 -0.9575 -0.2411
vn -0.1587 -0.9608 -0.2274
vn -0.1514 -0.9633 -0.2218
vn -0.1003 -0.9171 -0.3858
vn -0.0032 -1.0000 -0.0075
vn 0.0061 -0.9999 0.0082
vn 0.0002 -1.0000 0.0067
vn 0.0473 -0.9958 0.0787
vn 0.7136 0.6200 0.3262
vn 0.6351 0.6825 0.3617
vn 0.7109 0.6661 0.2258
vn 0.7064 0.6688 0.2320
vn 0.7110 0.6655 0.2272
vn 0.6684 0.7437 -0.0129
vn 0.6741 0.7386 0.0084
vn 0.6698 0.7405 0.0553
vn 0.5848 0.8111 0.0057
vn 0.5466 0.8374 -0.0004
vn 0.5670 0.8095 0.1524
vn 0.6523 0.7534 0.0832
vn 0.6563 0.7502 0.0803
vn 0.6503 0.7555 0.0796
vn 0.6249 0.7528 0.2069
vn 0.6234 0.7550 0.2032
vn 0.5629 0.8017 0.2011
vn 0.5773 0.7609 0.2962
vn 0.5771 0.7614 0.2952
vn 0.5771 0.7614 0.2954
vn 0.7050 0.6701 0.2324
vn 0.7619 0.6173 0.1959
vn 0.8103 0.5764 0.1054
vn 0.8033 0.5306 0.2707
vn 0.8024 0.5320 0.2705
vn 0.7967 0.5366 0.2779
vn 0.7367 0.6716 0.0789
vn 0.7366 0.6718 0.0788
vn 0.7364 0.6719 0.0788
vn 0.7437 0.6649 0.0695
vn 0.7389 0.6698 0.0741
vn 0.7402 0.6670 0.0847
vn 0.8440 0.5362 0.0141
vn 0.4657 0.8669 0.1779
vn 0.4921 0.8157 0.3040
vn 0.4922 0.8157 0.3039
vn 0.4922 0.8703 -0.0183
vn -0.9494 0.3138 -0.0087
vn -0.9840 0.1734 -0.0423
vn -0.9753 0.2162 0.0457
vn -0.9753 0.2163 0.0446
vn -0.9753 0.2163 0.0460
vn -0.9670 -0.2446 0.0715
vn -0.9964 -0.0657 0.0531
vn -0.9965 -0.0695 0.0457
vn -0.9964 -0.0712 0.0456
vn -0.9768 -0.2139 -0.0106
vn -0.9683 -0.2336 -0.0882
vn -0.9591 -0.2818 -0.0270
vn -0.9417 -0.3320 0.0536
vn -0.9466 -0.3166 0.0606
vn -0.9410 -0.3327 0.0625
vn 0.9727 -0.0927 0.2126
vn 0.9670 -0.1276 0.2206
vn 0.9739 -0.2179 0.0640
vn 0.9757 -0.2086 0.0667
vn 0.9742 -0.2135 0.0728
vn 0.9362 -0.3514 -0.0057
vn 0.9845 -0.0688 0.1615
vn 0.9739 -0.2169 0.0664
vn 0.9753 -0.2123 0.0615
vn 0.9753 -0.2127 0.0601
vn 0.9482 -0.3175 0.0062
vn 0.9428 -0.2340 0.2375
vn 0.9428 -0.2341 0.2372
vn 0.9451 -0.2266 0.2354
vn -0.1515 0.8798 0.4506
vn 0.4398 0.5876 0.6792
vn 0.2001 0.7972 0.5697
vn 0.1689 0.8916 0.4201
vn 0.1605 0.8902 0.4263
vn 0.1606 0.8902 0.4263
vn -0.0415 0.8165 0.5759
vn 0.3051 0.8861 0.3488
vn 0.3074 0.8878 0.3425
vn 0.3230 0.8856 0.3337
vn 0.3286 0.8856 0.3282
vn 0.3275 0.8859 0.3285
vn 0.4355 0.8298 0.3488
vn 0.0749 0.9026 0.4239
vn 0.6219 0.5587 0.5487
vn 0.3376 0.3820 0.8603
vn 0.5864 0.1826 0.7892
vn 0.4950 -0.0016 0.8689
vn 0.4990 -0.0065 0.8666
vn 0.4968 -0.0071 0.8678
vn 0.6807 0.1154 0.7234
vn 0.5374 -0.3737 0.7560
vn -0.3440 0.8364 0.4267
vn 0.9625 -0.0020 0.2712
vn 0.9626 -0.0015 0.2709
vn 0.9626 -0.0014 0.2709
vn -0.7171 0.0887 0.6913
vn -0.5465 0.5439 0.6368
vn -0.5322 0.1114 0.8393
vn -0.2826 0.6564 0.6995
vn -0.4256 0.1650 0.8898
vn -0.1928 0.3915 0.8998
vn 0.0473 0.3209 0.9459
vn 0.1612 0.3487 0.9233
vn -0.0161 -0.3420 0.9396
vn -0.2542 -0.9664 -0.0381
vn -0.0126 -0.9999 0.0011
vn 0.0029 -1.0000 -0.0010
vn 0.0066 -1.0000 0.0060
vn 0.8207 -0.4966 0.2828
vn 0.4664 0.8732 -0.1412
vn 0.5548 0.8180 -0.1519
vn 0.4322 0.8991 0.0694
vn 0.4318 0.8993 0.0694
vn 0.4317 0.8987 0.0772
vn 0.4414 0.8517 -0.2824
vn 0.3721 0.8940 -0.2495
vn 0.3933 0.8360 -0.3827
vn 0.3996 0.8675 -0.2964
vn 0.4009 0.8670 -0.2961
vn 0.4001 0.8672 -0.2963
vn 0.6144 0.5425 -0.5729
vn 0.7855 0.5299 -0.3197
vn 0.4139 0.8138 -0.4080
vn -0.5370 0.8037 0.2564
vn -0.6367 0.7320 0.2426
vn -0.6367 0.7319 0.2428
vn -0.6366 0.7322 0.2422
vn -0.7838 0.6199 -0.0372
vn -0.8372 0.5470 -0.0004
vn -0.6992 0.6830 0.2110
vn -0.6441 0.7642 -0.0322
vn -0.7105 0.6860 -0.1569
vn -0.7158 0.6916 0.0966
vn -0.7154 0.6924 0.0940
vn -0.7188 0.6886 0.0961
vn -0.7271 0.6816 0.0825
vn -0.7269 0.6818 0.0825
vn -0.7271 0.6816 0.0824
vn -0.0310 -0.9850 -0.1698
vn 0.2447 -0.8863 -0.3931
vn 0.1113 -0.8758 -0.4697
vn -0.4212 0.8447 0.3302
vn -0.4347 0.8518 0.2925
vn -0.7789 0.4349 0.4518
vn -0.9024 0.4309 0.0012
vn -0.8854 0.4478 -0.1248
vn 0.0741 -0.9794 -0.1878
vn 0.0740 -0.9794 -0.1878
vn 0.0760 -0.9779 -0.1949
vn 0.0754 -0.9796 -0.1864
vn 0.0810 -0.9809 -0.1769
vn 0.0904 -0.9791 -0.1819
vn 0.0039 -0.9980 -0.0633
vn -0.0021 -0.9978 -0.0660
vn -0.0016 -0.9979 -0.0650
vn 0.0475 -0.9948 -0.0898
vn -0.4350 0.8788 0.1962
vn -0.5047 0.8559 0.1127
vn -0.5829 0.8055 0.1062
vn -0.5197 0.8543 -0.0026
vn -0.0972 0.1009 0.9901
vn 0.1836 0.6237 0.7598
vn -0.0731 0.6448 0.7608
vn 0.1859 0.1267 0.9744
vn -0.0246 0.9987 0.0448
vn 0.0493 0.9986 0.0216
vn -0.4016 0.0291 0.9154
vn -0.1332 -0.4254 0.8951
vn -0.3950 -0.6027 0.6933
vn 0.1635 -0.6124 0.7735
vn 0.0880 -0.8429 0.5308
vn -0.1638 -0.8419 0.5142
vn -0.1488 0.6213 -0.7693
vn 0.0919 0.5118 -0.8542
vn 0.3102 -0.6120 0.7275
vn 0.3628 0.1693 0.9163
vn 0.4098 0.6448 0.6452
vn 0.0605 0.9982 -0.0053
vn -0.2651 0.6301 -0.7299
vn -0.0587 0.4050 -0.9124
vn 0.0506 0.6705 -0.7401
vn 0.0407 0.6644 -0.7462
vn 0.0535 0.6596 -0.7497
vn 0.1812 0.5070 -0.8427
vn 0.2387 0.4559 -0.8574
vn -0.2825 0.3326 0.8998
vn -0.2825 0.3324 0.8998
vn -0.2754 0.3344 0.9013
vn -0.3972 0.6731 0.6238
vn 0.4484 -0.6170 0.6466
vn 0.5844 0.1022 0.8050
vn 0.6968 0.1141 0.7081
vn 0.5648 -0.6409 0.5198
vn 0.5969 0.6266 0.5010
vn 0.4066 -0.8561 0.3190
vn 0.2334 -0.8766 0.4208
vn 0.6119 -0.3274 0.7199
vn 0.7514 -0.4640 0.4691
vn 0.8585 -0.0433 0.5110
vn 0.1769 -0.3761 0.9095
vn 0.3519 -0.3846 0.8534
vn 0.0611 0.9980 -0.0133
vn 0.7861 0.2593 0.5611
vn 0.7146 0.6373 0.2882
vn 0.8771 -0.1257 0.4636
vn 0.8774 -0.1250 0.4633
vn 0.9231 0.1207 0.3651
vn 0.7320 -0.6104 0.3026
vn 0.9846 0.1121 0.1339
vn 0.4463 -0.8810 0.1572
vn 0.8149 -0.4451 0.3713
vn 0.7791 -0.6260 0.0354
vn 0.4981 -0.8671 -0.0096
vn 0.8770 -0.4686 0.1066
vn -0.3144 0.5120 -0.7994
vn -0.1232 0.5010 -0.8566
vn -0.4360 0.5224 -0.7329
vn -0.5756 0.5236 -0.6281
vn -0.6136 0.5820 -0.5336
vn -0.6997 0.5258 -0.4837
vn -0.7612 0.5766 -0.2968
vn -0.4594 0.6422 -0.6136
vn -0.5820 0.7041 -0.4069
vn -0.8068 0.3380 -0.4846
vn -0.6445 0.4642 -0.6076
vn -0.0692 0.6729 -0.7365
vn -0.0610 0.4664 -0.8825
vn 0.3380 0.4363 -0.8339
vn -0.3049 0.5549 0.7740
vn -0.6763 0.7225 -0.1436
vn -0.7006 0.7122 0.0444
vn -0.8826 0.4589 -0.1023
vn -0.8117 0.5807 -0.0619
vn -0.8230 0.4760 -0.3100
vn -0.7326 0.6118 -0.2984
vn -0.0088 0.9990 -0.0449
vn 0.7795 0.6258 0.0261
vn 0.3504 0.5998 -0.7193
vn 0.3352 0.6376 -0.6936
vn -0.5613 0.6394 0.5254
vn 0.5367 0.3589 -0.7636
vn 0.4420 0.5309 -0.7230
vn 0.4159 0.4649 -0.7816
vn 0.5805 0.5197 -0.6268
vn 0.6331 0.5480 -0.5468
vn 0.4928 0.7398 -0.4582
vn 0.8546 0.5166 0.0531
vn 0.5885 0.5815 -0.5617
vn 0.5735 0.6372 -0.5148
vn -0.0190 0.9997 0.0154
vn 0.8171 0.3416 -0.4644
vn 0.7711 0.5537 -0.3143
vn 0.8353 0.5432 -0.0848
vn 0.7041 0.5352 -0.4667
vn 0.7973 0.5483 -0.2525
vn -0.0174 -0.9677 0.2516
vn -0.0301 -0.9687 0.2464
vn -0.0262 -0.9673 0.2521
vn -0.1031 -0.4976 0.8612
vn -0.3946 -0.4807 0.7831
vn -0.4514 -0.4694 0.7589
vn -0.3027 -0.8528 0.4256
vn -0.4035 -0.8572 0.3200
vn -0.6478 -0.4150 0.6389
vn -0.6281 0.1100 0.7704
vn -0.5907 -0.5940 0.5461
vn 0.8392 0.1153 0.5315
vn 0.6355 0.7337 0.2405
vn 0.9811 -0.1696 0.0931
vn 0.9794 -0.1772 0.0965
vn 0.9499 -0.0520 0.3083
vn -0.8171 0.5561 -0.1520
vn 0.0288 0.9995 -0.0120
vn -0.9651 0.2540 -0.0639
vn -0.8345 0.5479 -0.0587
vn 0.8755 0.0398 0.4815
vn 0.8153 0.2965 0.4974
vn 0.8159 0.3021 0.4930
vn 0.8162 0.3015 0.4928
vn 0.9387 0.2410 0.2466
vn 0.8579 0.5028 0.1058
vn 0.5307 0.8474 0.0172
vn 0.9933 0.1148 0.0098
vn 0.7912 0.6056 -0.0858
vn 0.9633 -0.0043 0.2685
vn 0.9635 0.0030 0.2676
vn 0.9628 -0.0022 0.2700
vn 0.9096 0.1910 -0.3691
vn 0.6815 0.1374 -0.7188
vn 0.8242 0.1141 -0.5546
vn 0.5788 0.1012 -0.8091
vn 0.4037 0.5281 -0.7471
vn 0.4809 0.1168 -0.8689
vn -0.5283 0.8046 0.2713
vn -0.7552 0.3483 0.5553
vn -0.4798 0.8754 0.0584
vn -0.4843 0.8675 -0.1138
vn -0.8117 0.5260 0.2538
vn -0.3464 0.8926 0.2887
vn -0.3465 0.8923 0.2892
vn -0.3464 0.8927 0.2882
vn -0.8958 0.0843 0.4364
vn -0.7684 0.6355 -0.0751
vn -0.9797 0.1445 0.1391
vn -0.9928 0.1196 0.0103
vn -0.8254 -0.0299 0.5638
vn -0.9714 0.1073 -0.2117
vn -1.0000 0.0064 0.0009
vn -0.9110 0.1394 -0.3881
vn -0.7950 0.3653 -0.4843
vn -0.7008 0.6255 -0.3430
vn -0.3766 0.2749 -0.8846
vn -0.4940 0.1173 -0.8615
vn -0.4924 -0.0081 -0.8703
vn -0.6308 -0.0038 -0.7760
vn -0.6252 0.0052 -0.7804
vn -0.6289 0.0085 -0.7774
vn -0.3398 0.8913 -0.3003
vn -0.3396 0.8913 -0.3003
vn -0.3401 0.8911 -0.3004
vn -0.4160 0.8820 -0.2214
vn -0.4106 0.8853 -0.2184
vn -0.4113 0.8850 -0.2181
vn 0.7863 -0.0008 0.6178
vn 0.7842 0.0022 0.6205
vn 0.7857 0.0011 0.6185
vn 0.7673 -0.4502 -0.4567
vn 0.8986 -0.0393 -0.4369
vn 0.8814 0.0019 -0.4723
vn 0.7737 -0.0007 -0.6336
vn 0.7737 -0.0010 -0.6336
vn 0.6428 -0.0058 -0.7660
vn -0.2966 -0.0099 0.9550
vn -0.2995 0.0021 0.9541
vn -0.2922 -0.0028 0.9564
vn -0.9572 0.0027 0.2894
vn -0.9566 0.0037 0.2914
vn -0.9564 -0.0038 0.2920
vn -0.0248 0.0504 -0.9984
vn -0.0483 -0.0301 -0.9984
vn 0.1637 0.1266 -0.9784
vn 0.2750 0.0001 -0.9614
vn 0.0966 -0.0011 -0.9953
vn -0.9019 -0.0604 0.4277
vn -0.1165 0.3698 -0.9218
vn -0.4675 -0.0077 -0.8840
vn -0.4662 -0.0010 -0.8847
vn -0.4670 -0.0012 -0.8843
vn -0.6364 -0.0026 -0.7714
vn -0.6372 -0.0020 -0.7707
vn -0.6351 -0.0024 -0.7724
vn -0.3676 -0.0260 -0.9296
vn -0.2951 0.0004 0.9555
vn -0.2974 -0.0068 0.9547
vn -0.2953 0.0004 0.9554
vn -0.6375 -0.0021 0.7704
vn -0.6372 -0.0022 0.7707
vn -0.6378 -0.0020 0.7702
vn -0.9932 -0.0031 0.1168
vn -1.0000 0.0024 0.0074
vn -0.9559 0.0018 0.2936
vn -0.9580 -0.0074 0.2868
vn -0.9580 -0.0004 0.2868
vn 0.4084 0.1397 0.9020
vn 0.1779 0.8725 0.4550
vn 0.1102 0.3418 0.9333
vn 0.1929 -0.4936 0.8480
vn 0.4275 0.5762 0.6966
vn 0.1089 0.9793 0.1708
vn 0.5997 0.4553 0.6580
vn 0.4740 0.4636 0.7486
vn 0.0160 0.9994 0.0307
vn 0.0093 0.9993 0.0348
vn 0.0162 0.9994 0.0306
vn 0.0049 1.0000 0.0047
vn 0.1828 0.9788 0.0921
vn 0.7153 0.4777 0.5101
vn 0.6696 -0.4483 0.5922
vn 0.8318 -0.2941 0.4708
vn 0.6402 -0.4759 0.6030
vn 0.5915 -0.2300 0.7728
vn 0.5101 -0.3559 0.7830
vn 0.2614 -0.4591 0.8491
vn 0.3837 -0.1919 0.9033
vn -0.0682 0.5332 0.8433
vn -0.1308 -0.4476 0.8846
vn -0.0656 0.9868 0.1484
vn -0.3516 0.5284 0.7728
vn -0.3094 0.2514 0.9171
vn -0.0137 0.9999 0.0044
vn -0.0136 0.9999 -0.0035
vn -0.0059 1.0000 0.0046
vn -0.4204 0.8966 0.1390
vn -0.1883 0.9818 0.0251
vn -0.8881 0.4335 -0.1529
vn -0.9104 0.4063 -0.0778
vn -0.9545 0.2580 0.1494
vn -0.8632 0.3033 0.4037
vn -0.9426 -0.2923 0.1612
vn -0.9335 -0.3564 -0.0398
vn -0.7968 -0.5018 0.3366
vn -0.9320 -0.1592 0.3255
vn -0.9715 -0.2147 0.1004
vn -0.9754 -0.1988 0.0950
vn -0.9733 -0.2080 0.0972
vn -0.9901 -0.1057 0.0921
vn -0.9869 -0.1164 0.1113
vn -0.9903 -0.0915 0.1047
vn -0.9875 -0.1109 0.1122
vn -0.9879 -0.1036 0.1156
vn -0.5709 -0.8202 0.0363
vn -0.5430 -0.7744 -0.3247
vn 0.5020 -0.8361 0.2210
vn -0.1208 -0.7157 0.6878
vn -0.5367 -0.4293 0.7264
vn -0.7477 -0.1279 0.6517
vn -0.7539 -0.1202 0.6459
vn -0.7537 -0.1204 0.6460
vn -0.8111 -0.2490 0.5293
vn -0.6680 -0.1748 0.7233
vn -0.6047 -0.3216 0.7286
vn -0.3557 -0.9221 0.1522
vn -0.7811 -0.5185 0.3479
vn -0.0065 -0.3107 0.9505
vn -0.4915 0.5170 0.7008
vn -0.6188 0.5250 0.5843
vn -0.6876 0.3979 0.6073
vn -0.3298 -0.5326 0.7795
vn -0.4914 -0.3909 0.7783
vn -0.3231 -0.5696 0.7558
vn -0.1298 -0.5653 0.8146
vn 0.0505 -0.1380 0.9891
vn 0.3955 -0.1112 0.9117
vn -0.1818 -0.2780 0.9432
vn 0.0553 -0.5777 0.8144
vn 0.2277 -0.0954 0.9691
vn 0.2272 -0.0877 0.9699
vn 0.2274 -0.0952 0.9691
vn 0.3075 -0.4612 0.8323
vn 0.7282 -0.1366 0.6716
vn 0.5471 -0.7742 0.3182
vn 0.4255 -0.7442 -0.5148
vn 0.5422 -0.8387 -0.0513
vn 0.9361 -0.2487 0.2488
vn 0.7340 -0.1058 0.6709
vn 0.7325 -0.0959 0.6740
vn 0.8685 -0.3415 0.3593
vn 0.9529 -0.2951 0.0705
vn 0.9514 -0.3079 -0.0010
vn 0.9808 -0.1952 0.0056
vn 0.7077 -0.6988 -0.1046
vn 0.9643 -0.1160 0.2380
vn 0.9640 -0.1162 0.2393
vn 0.9618 -0.1208 0.2457
vn 0.8983 -0.1022 0.4273
vn 0.8980 -0.1020 0.4281
vn 0.8982 -0.1096 0.4256
vn 0.8123 0.4587 0.3602
vn 0.8676 0.4741 0.1502
vn 0.8716 0.4845 -0.0745
vn 0.2055 0.9758 -0.0745
vn -0.7590 -0.4330 0.4862
vn -0.7658 -0.4905 0.4159
vn -0.6374 0.6470 0.4186
vn -0.8202 0.0909 0.5648
vn -0.8180 -0.5079 0.2698
vn -0.4627 -0.8682 0.1794
vn -0.2995 -0.9500 0.0881
vn -0.3088 -0.9462 0.0967
vn -0.3074 -0.9477 0.0859
vn -0.9220 0.1218 0.3674
vn -0.8654 -0.4967 0.0664
vn -0.9702 -0.0261 0.2408
vn -0.6857 0.6668 0.2920
vn -0.2706 0.9611 0.0548
vn 0.5034 0.8573 -0.1082
vn 0.4916 0.8626 -0.1190
vn 0.5100 0.8535 -0.1073
vn 0.9462 0.2210 -0.2362
vn 0.9388 0.3036 -0.1630
vn 0.8848 0.4660 -0.0040
vn 0.8737 0.4865 0.0004
vn 0.0062 0.9996 -0.0272
vn 0.8378 0.3095 -0.4498
vn 0.8377 0.3098 -0.4497
vn 0.8378 0.3097 -0.4498
vn 0.6603 0.6595 -0.3592
vn -0.9143 -0.4045 0.0221
vn -0.9481 -0.1543 0.2780
vn -0.9943 -0.0402 0.0992
vn -0.9940 -0.0348 0.1041
vn -0.9941 -0.0334 0.1033
vn -0.4930 -0.8689 -0.0437
vn -0.9851 0.0885 -0.1475
vn -0.9338 0.3359 0.1235
vn -0.9313 0.3437 0.1205
vn -0.9335 0.3363 0.1248
vn -0.9629 0.2600 0.0721
vn -0.9623 0.2639 0.0652
vn -0.9630 0.2598 0.0721
vn -0.5555 0.8293 -0.0604
vn -0.5789 -0.1403 0.8033
vn -0.2939 -0.1183 0.9485
vn -0.2907 -0.1233 0.9488
vn -0.2907 -0.1250 0.9486
vn 0.9967 -0.0403 0.0711
vn 0.9967 -0.0496 0.0648
vn 0.9968 -0.0391 0.0696
vn 0.9845 -0.1519 0.0878
vn 0.9836 -0.1608 0.0819
vn 0.9829 -0.1644 0.0829
vn -0.8873 0.0024 -0.4612
vn -0.8893 0.0001 -0.4573
vn -0.8893 0.0004 -0.4574
vn -0.7444 -0.0030 -0.6677
vn -0.7447 -0.0028 -0.6674
vn -0.7448 -0.0027 -0.6673
vn -0.8614 -0.4818 -0.1609
vn 0.5328 -0.3682 -0.7619
vn -0.9971 0.0738 0.0200
vn -0.9973 0.0662 0.0312
vn -0.9972 0.0711 0.0251
vn -0.9923 0.1159 -0.0444
vn -0.9989 0.0454 -0.0084
vn -0.9917 0.0986 0.0824
vn 0.3238 -0.3743 -0.8689
vn 0.2823 -0.0153 -0.9592
vn 0.9994 -0.0096 -0.0333
vn 0.9955 0.0014 0.0944
vn 0.8737 -0.0015 -0.4864
vn 0.8740 -0.0013 -0.4859
vn 0.8742 -0.0008 -0.4855
vn 0.9541 0.0011 -0.2994
vn 0.9543 0.0002 -0.2990
vn 0.9543 -0.0003 -0.2990
vn 0.9551 -0.0002 -0.2963
vn 0.9550 -0.0001 -0.2965
vn 0.9552 -0.0003 -0.2959
vn 0.9040 -0.4230 -0.0617
vn -0.9208 -0.3864 0.0529
vn -0.9204 -0.3884 0.0457
vn -0.9202 -0.3878 0.0530
vn -0.9164 -0.3962 0.0570
vn -0.9171 -0.3931 0.0657
vn -0.9202 -0.3865 0.0615
vn -0.9230 -0.0046 -0.3847
vn -0.8226 0.1153 -0.5568
vn -0.9525 0.0019 -0.3047
vn -0.9515 -0.0048 -0.3077
vn -0.9522 0.0009 -0.3055
vn -0.7681 -0.0060 -0.6403
vn -0.7739 0.0753 -0.6288
vn 0.9938 -0.1107 0.0105
vn 0.9941 -0.1045 0.0299
vn 0.9947 -0.0973 0.0347
vn 0.9963 -0.0541 -0.0664
vn 0.9955 -0.0616 -0.0719
vn 0.9946 -0.0652 -0.0803
vn 0.9937 -0.1011 -0.0485
vn 0.9942 -0.0999 -0.0403
vn 0.9930 -0.1089 -0.0464
vn 0.9753 -0.2146 -0.0526
vn 0.9735 -0.2257 -0.0382
vn 0.9710 -0.2325 -0.0565
vn 0.9487 -0.3131 -0.0451
vn 0.9253 -0.3607 -0.1170
vn 0.9784 -0.1224 -0.1667
vn 0.9909 -0.1144 -0.0709
vn 0.9849 -0.1300 -0.1142
vn 0.9562 -0.1755 -0.2342
vn 0.9400 -0.1101 -0.3230
vn 0.8934 -0.0703 -0.4436
vn 0.9405 -0.0048 -0.3396
vn 0.9153 -0.2350 -0.3270
vn 0.8877 -0.3673 -0.2777
vn 0.8782 -0.1848 -0.4411
vn 0.8557 -0.2944 -0.4255
vn 0.8303 -0.3802 -0.4075
vn 0.8114 -0.2288 -0.5379
vn 0.8410 -0.0955 -0.5326
vn 0.8316 -0.0073 -0.5553
vn 0.7653 -0.3411 -0.5458
vn 0.8108 -0.4533 -0.3703
vn 0.8205 -0.5357 -0.1993
vn 0.8599 -0.4434 -0.2528
vn 0.8888 -0.4417 -0.1220
vn 0.8882 -0.4431 -0.1218
vn 0.8888 -0.4418 -0.1220
vn 0.7961 -0.5112 -0.3239
vn 0.9869 -0.0107 -0.1609
vn 0.9782 0.0618 -0.1984
vn 0.9876 0.0109 -0.1563
vn 0.9991 0.0142 0.0403
vn 0.9982 0.0392 0.0462
vn 0.9986 0.0260 0.0451
vn 0.9766 0.2055 -0.0630
vn 0.9656 0.2018 -0.1639
vn 0.9674 0.2051 -0.1484
vn 0.9668 0.2093 -0.1464
vn 0.9661 0.1391 -0.2176
vn 0.9878 0.1061 -0.1140
vn 0.9986 0.0366 -0.0385
vn 0.9979 0.0523 -0.0370
vn 0.9987 0.0428 -0.0287
vn 0.9979 0.0436 -0.0479
vn 0.9328 0.1714 -0.3171
vn 0.9486 0.0936 -0.3022
vn 0.9011 0.1811 -0.3939
vn 0.9082 0.2799 -0.3110
vn 0.9274 0.2724 -0.2564
vn 0.9716 -0.0330 -0.2344
vn 0.9728 -0.0256 -0.2301
vn 0.9710 -0.0282 -0.2374
vn 0.8956 -0.4310 -0.1103
vn 0.9682 -0.2418 -0.0647
vn 0.9705 -0.2323 -0.0646
vn 0.9694 -0.2380 -0.0597
vn 0.9421 -0.2445 -0.2294
vn 0.9312 -0.2882 -0.2232
vn 0.9309 -0.2887 -0.2238
vn 0.9311 -0.2884 -0.2234
vn 0.9697 -0.2033 -0.1355
vn 0.9702 -0.1955 -0.1433
vn 0.9676 -0.2028 -0.1507
vn 0.9224 0.3584 -0.1436
vn 0.8922 0.4411 -0.0966
vn 0.9547 0.2663 -0.1327
vn 0.9521 0.2716 -0.1404
vn 0.9544 0.2666 -0.1344
vn 0.8742 0.3863 -0.2942
vn 0.8959 0.0825 -0.4365
vn 0.8153 0.0786 -0.5737
vn 0.8580 0.1396 -0.4942
vn 0.8582 0.1395 -0.4939
vn 0.8579 0.1396 -0.4944
vn 0.7439 0.6668 -0.0446
vn 0.7439 0.6673 -0.0370
vn 0.7439 0.6668 -0.0445
vn 0.5569 0.7926 -0.2482
vn 0.7316 0.6512 -0.2015
vn 0.6420 0.7315 -0.2297
vn 0.6512 0.7534 -0.0909
vn 0.6514 0.7533 -0.0905
vn 0.6512 0.7534 -0.0911
vn 0.6688 0.7403 -0.0673
vn 0.8064 0.5551 -0.2037
vn 0.8032 0.5892 -0.0880
vn 0.8030 0.5894 -0.0878
vn 0.8032 0.5891 -0.0882
vn 0.7541 0.5649 -0.3350
vn 0.7292 0.6211 -0.2873
vn 0.8521 0.4723 -0.2255
vn 0.8460 0.4803 -0.2314
vn 0.8497 0.4783 -0.2218
vn 0.7901 0.4843 -0.3757
vn 0.6328 0.6233 -0.4594
vn 0.6894 0.5458 -0.4763
vn 0.5420 0.6387 -0.5461
vn 0.6385 0.6852 -0.3505
vn 0.6392 0.6848 -0.3501
vn 0.6381 0.6854 -0.3509
vn 0.6421 0.6762 -0.3612
vn 0.6420 0.6760 -0.3617
vn 0.5921 0.5446 -0.5940
vn 0.6352 0.4327 -0.6398
vn 0.7420 0.4264 -0.5174
vn 0.6764 0.2933 -0.6756
vn 0.6901 0.1966 -0.6965
vn 0.7799 0.2156 -0.5877
vn 0.6866 0.0989 -0.7203
vn 0.7714 0.0377 -0.6353
vn 0.7723 0.0388 -0.6341
vn 0.7718 0.0381 -0.6347
vn 0.6909 -0.2775 -0.6675
vn 0.6766 -0.2395 -0.6963
vn 0.7302 -0.4523 -0.5121
vn 0.6575 -0.4283 -0.6199
vn 0.5946 -0.5409 -0.5948
vn 0.6859 -0.5241 -0.5048
vn 0.5316 -0.6575 -0.5339
vn 0.5894 -0.6761 -0.4421
vn 0.7917 -0.5888 -0.1630
vn 0.6857 -0.6754 -0.2715
vn 0.7153 -0.6838 -0.1441
vn 0.7083 -0.5989 -0.3736
vn 0.7121 -0.5842 -0.3895
vn 0.7102 -0.5917 -0.3815
vn 0.5897 -0.7684 -0.2485
vn 0.6401 -0.7574 -0.1292
vn 0.4496 -0.8862 -0.1118
vn 0.2676 -0.9629 -0.0344
vn 0.2359 -0.9682 -0.0837
vn 0.2717 -0.9619 -0.0320
vn 0.2744 -0.9613 -0.0248
vn 0.2745 -0.9612 -0.0272
vn 0.3691 -0.9021 -0.2236
vn 0.5250 -0.7636 -0.3759
vn 0.3095 -0.8980 -0.3127
vn 0.4482 -0.7645 -0.4633
vn -0.0051 -1.0000 0.0019
vn -0.0105 -0.9999 0.0117
vn 0.1806 -0.9633 -0.1988
vn -0.4128 -0.8881 0.2021
vn -0.2928 -0.9502 0.1064
vn -0.4542 -0.8843 0.1079
vn -0.1285 -0.9915 0.0180
vn -0.1177 -0.9929 0.0181
vn -0.1301 -0.9913 0.0175
vn -0.3048 -0.9297 0.2069
vn -0.0236 -0.9997 -0.0006
vn -0.0025 -0.9989 -0.0458
vn -0.0047 -1.0000 -0.0047
vn -0.0007 -1.0000 -0.0027
vn -0.0053 -1.0000 0.0060
vn -0.3342 -0.8830 0.3297
vn -0.1006 -0.9675 0.2319
vn -0.2690 -0.9248 0.2689
vn -0.2067 -0.9652 0.1602
vn -0.2009 -0.9671 0.1559
vn -0.1970 -0.9665 0.1648
vn -0.2901 -0.8701 0.3985
vn -0.0733 -0.9940 0.0809
vn 0.8322 0.3780 -0.4056
vn 0.7753 0.2956 -0.5581
vn 0.8363 0.2514 -0.4873
vn 0.8364 0.2484 -0.4886
vn 0.8303 0.2552 -0.4955
vn 0.8322 0.2481 -0.4959
vn 0.8662 0.3047 -0.3960
vn 0.5178 0.7648 -0.3834
vn 0.4822 0.7396 -0.4694
vn 0.7048 -0.5888 -0.3957
vn 0.7041 -0.5857 -0.4015
vn 0.7029 -0.5881 -0.4001
vn 0.4351 -0.8869 -0.1555
vn 0.2534 -0.8658 -0.4314
vn 0.0744 -0.4821 -0.8730
vn 0.0413 -0.8551 -0.5169
vn 0.5061 -0.5821 -0.6365
vn 0.4787 -0.5955 -0.6451
vn 0.4558 -0.6179 -0.6406
vn 0.3002 -0.8824 -0.3623
vn 0.5962 -0.6744 -0.4357
vn 0.4991 -0.8113 -0.3045
vn 0.8198 -0.3866 -0.4225
vn 0.2748 -0.4696 -0.8391
vn 0.4862 -0.5498 -0.6792
vn 0.0445 -0.9505 -0.3074
vn 0.0509 -0.9527 -0.2996
vn 0.0507 -0.9499 -0.3085
vn 0.0889 -0.1805 -0.9796
vn 0.0907 -0.1812 -0.9792
vn 0.0896 -0.1807 -0.9794
vn -0.2463 -0.4223 -0.8723
vn -0.4211 -0.5261 -0.7389
vn -0.1771 -0.0449 -0.9832
vn 0.9791 0.1076 -0.1726
vn 0.7573 -0.5993 -0.2595
vn 0.7305 0.6177 -0.2912
vn 0.0139 0.9998 -0.0117
vn -0.7339 0.5837 0.3473
vn -0.7044 0.5278 0.4746
vn -0.8385 0.4301 0.3346
vn -0.8813 0.4389 0.1751
vn -0.8147 0.5290 0.2374
vn -0.9288 0.3207 0.1857
vn -0.9526 0.2472 0.1771
vn -0.5734 0.7349 0.3621
vn -0.5733 0.7348 0.3625
vn -0.5748 0.7298 0.3702
vn -0.5246 0.6844 0.5064
vn -0.6266 0.4988 0.5988
vn -0.5404 0.6198 0.5690
vn 0.9185 0.1038 -0.3815
vn 0.8224 0.1197 -0.5561
vn 0.7578 -0.4589 -0.4638
vn 0.5955 0.6748 -0.4359
vn -0.8195 0.5650 0.0953
vn 0.6879 0.0953 -0.7195
vn 0.5341 -0.0167 -0.8453
vn 0.2198 -0.9548 -0.2001
vn 0.2080 -0.9517 -0.2260
vn 0.2128 -0.9507 -0.2257
vn -0.5124 0.3831 0.7686
vn -0.7883 0.1847 0.5869
vn -0.6063 0.4235 0.6731
vn -0.5354 0.2090 0.8183
vn -0.2751 0.2739 0.9216
vn -0.2391 0.5698 0.7862
vn 0.3775 0.0981 -0.9208
vn 0.0946 0.1148 -0.9889
vn 0.6335 -0.7406 -0.2240
vn 0.6233 -0.7476 -0.2295
vn 0.6254 -0.7480 -0.2223
vn 0.9679 -0.0847 -0.2367
vn 0.8208 0.4474 -0.3552
vn 0.8990 -0.3413 -0.2746
vn 0.9800 -0.0947 -0.1751
vn 0.9797 -0.0944 -0.1770
vn 0.9803 -0.0960 -0.1729
vn 0.7992 -0.3026 -0.5193
vn 0.8453 -0.3369 -0.4148
vn 0.7652 -0.1590 -0.6239
vn 0.5721 -0.4767 -0.6674
vn 0.7205 0.4963 -0.4843
vn 0.6082 -0.4272 -0.6690
vn 0.6646 0.4673 -0.5831
vn 0.5129 -0.2979 -0.8051
vn 0.5594 -0.1467 -0.8158
vn 0.4437 -0.1810 -0.8777
vn 0.4540 -0.6438 -0.6160
vn 0.5296 0.5303 -0.6621
vn 0.5574 0.3673 -0.7446
vn 0.1230 0.9861 -0.1121
vn 0.0928 0.9732 -0.2105
vn 0.0923 0.9731 -0.2111
vn 0.0988 0.9715 -0.2153
vn 0.0215 0.9998 0.0030
vn 0.0142 0.9999 -0.0084
vn 0.0156 0.9998 -0.0074
vn 0.3318 -0.4270 -0.8412
vn 0.5180 -0.0275 -0.8550
vn 0.2522 0.5204 -0.8158
vn 0.1093 -0.3390 -0.9344
vn 0.0405 0.9852 -0.1664
vn -0.3697 0.6996 0.6115
vn -0.3686 0.7011 0.6104
vn -0.3685 0.6933 0.6194
vn -0.2659 0.4936 0.8280
vn -0.0254 0.3624 0.9317
vn 0.2084 0.6165 0.7593
vn -0.0090 0.3074 0.9515
vn 0.0678 0.5876 0.8063
vn 0.3400 0.2964 0.8925
vn 0.3682 0.5815 0.7254
vn 0.5453 0.5017 0.6715
vn 0.2930 0.5342 0.7930
vn 0.4552 0.2860 0.8432
vn 0.2047 0.0217 0.9786
vn 0.2043 0.0212 0.9787
vn 0.1976 0.0220 0.9800
vn 0.6269 0.2366 0.7423
vn 0.8684 0.3024 0.3930
vn 0.6168 0.5886 0.5226
vn 0.6539 0.5651 0.5031
vn 0.5009 0.5316 0.6830
vn 0.0539 0.9984 0.0141
vn 0.7995 0.5494 0.2429
vn 0.6982 0.5457 0.4633
vn 0.7072 0.6185 0.3424
vn 0.7694 0.5567 0.3132
vn 0.0212 0.5155 0.8566
vn -0.2683 0.6465 0.7142
vn -0.1604 0.6181 0.7695
vn -0.0118 0.6268 0.7791
vn 0.3170 0.6573 0.6837
vn 0.0003 0.9941 -0.1087
vn 0.0621 0.9968 -0.0513
vn -0.0614 0.9977 -0.0278
vn 0.0733 0.6118 -0.7876
vn 0.1430 0.6452 0.7505
vn -0.3932 0.6435 -0.6568
vn -0.1622 0.6195 -0.7681
vn -0.3539 0.1982 -0.9140
vn -0.5366 0.1197 -0.8353
vn -0.6259 0.6170 -0.4770
vn 0.5449 0.4070 -0.7331
vn 0.5508 0.3937 -0.7359
vn 0.5525 0.4006 -0.7309
vn 0.2733 0.6645 -0.6956
vn 0.8963 0.4434 0.0061
vn 0.0064 -0.9999 0.0087
vn -0.0021 -1.0000 0.0084
vn 0.0004 -0.9998 0.0189
vn -0.0158 -0.9994 0.0310
vn -0.0034 -0.9999 0.0135
vn -0.0034 -0.9998 0.0214
vn -0.0415 -0.9886 0.1445
vn 0.0598 -0.9923 0.1085
vn 0.0663 -0.9694 0.2363
vn 0.2430 -0.9621 0.1242
vn 0.2638 -0.9159 0.3026
vn 0.2214 -0.8766 0.4273
vn 0.0638 -0.8999 0.4313
vn -0.0352 -0.9413 0.3357
vn 0.0280 -0.8055 0.5920
vn 0.4214 -0.8158 0.3962
vn 0.2120 -0.9034 0.3727
vn -0.0244 -0.8398 0.5423
vn 0.2339 -0.7646 0.6005
vn 0.2284 -0.7673 0.5992
vn 0.2423 -0.7639 0.5981
vn 0.4631 -0.8539 0.2377
vn 0.1500 -0.9882 0.0298
vn 0.1500 -0.9882 0.0299
vn 0.1503 -0.9881 0.0332
vn 0.2602 -0.9587 0.1147
vn 0.0018 -1.0000 0.0002
vn 0.0037 -1.0000 -0.0004
vn 0.0096 -0.9999 0.0048
vn 0.0008 -1.0000 -0.0010
vn 0.0032 -1.0000 -0.0085
vn -0.6325 -0.7631 -0.1324
vn -0.2450 -0.9575 -0.1524
vn -0.4139 -0.8841 -0.2168
vn -0.9899 -0.0894 -0.1104
vn -0.9897 -0.0901 -0.1110
vn -0.9906 -0.0818 -0.1095
vn -0.9193 -0.3773 -0.1118
vn -0.8149 -0.4735 -0.3343
vn -0.9248 -0.1521 -0.3487
vn -0.8319 -0.1505 -0.5341
vn -0.3263 -0.7935 -0.5137
vn -0.4487 -0.3508 -0.8220
vn 0.4146 -0.6924 -0.5906
vn -0.6450 -0.1776 -0.7433
vn -0.2191 -0.1478 -0.9644
vn -0.5170 -0.1116 -0.8487
vn -0.8384 -0.1725 -0.5170
vn -0.4130 -0.3543 -0.8390
vn -0.3009 -0.1456 -0.9425
vn -0.3005 -0.1458 -0.9426
vn -0.2998 -0.1468 -0.9426
vn -0.0532 -0.2565 -0.9651
vn -0.5282 -0.3030 -0.7932
vn -0.3451 -0.3460 -0.8725
vn -0.3347 0.4871 -0.8066
vn -0.4857 0.4848 -0.7273
vn -0.6741 -0.2849 -0.6815
vn -0.6675 0.4626 -0.5835
vn -0.7381 0.4531 -0.4999
vn -0.7808 -0.3023 -0.5468
vn -0.9707 -0.2132 -0.1106
vn -0.9702 -0.2152 -0.1112
vn -0.9698 -0.2165 -0.1120
vn -0.9326 -0.2712 -0.2380
vn -0.0340 0.9993 -0.0180
vn -0.0339 0.9993 -0.0179
vn -0.0376 0.9993 -0.0075
vn -0.8329 -0.4120 -0.3695
vn -0.9141 -0.1474 -0.3777
vn -0.1630 0.9840 -0.0726
vn -0.1636 0.9837 -0.0752
vn -0.1647 0.9839 -0.0687
vn -0.1362 0.9898 -0.0425
vn -0.1315 -0.3233 -0.9371
vn -0.0913 0.5046 -0.8585
vn -0.1362 0.9762 -0.1689
vn -0.0647 -0.1184 -0.9909
vn -0.2325 -0.0789 -0.9694
vn -0.2400 -0.0784 -0.9676
vn -0.2422 -0.0726 -0.9675
vn 0.1983 -0.1324 -0.9712
vn 0.0617 -0.2335 -0.9704
vn 0.2666 -0.3441 -0.9003
vn 0.0665 -0.1199 -0.9906
vn 0.0666 -0.1188 -0.9907
vn 0.0663 -0.1204 -0.9905
vn 0.1280 -0.0916 -0.9875
vn 0.3382 -0.0830 -0.9374
vn 0.3909 -0.1031 -0.9146
vn 0.3899 -0.1031 -0.9151
vn 0.1181 -0.1789 -0.9768
vn -0.4602 -0.8539 -0.2430
vn -0.6189 -0.6517 -0.4385
vn -0.7011 -0.6625 -0.2636
vn -0.8147 -0.5256 -0.2450
vn -0.4026 -0.8355 -0.3740
vn -0.5591 -0.6261 -0.5434
vn -0.9072 0.1147 -0.4047
vn -0.4838 -0.8042 -0.3454
vn -0.4745 -0.5778 -0.6641
vn -0.7160 0.6236 -0.3138
vn 0.8233 0.5504 0.1388
vn 0.9387 0.3088 0.1530
vn 0.6499 -0.1057 -0.7526
vn 0.6499 -0.0971 -0.7538
vn 0.6505 -0.1051 -0.7522
vn -0.0161 0.9982 -0.0577
vn -0.0053 0.9983 -0.0589
vn -0.0043 0.9984 -0.0570
vn -0.5939 -0.7614 -0.2601
vn -0.5267 -0.7620 -0.3766
vn -0.6291 -0.6493 -0.4274
vn -0.4580 -0.7606 -0.4601
vn -0.6549 -0.6951 -0.2965
vn -0.3076 -0.8999 -0.3092
vn -0.5904 0.7957 -0.1348
vn -0.5381 0.8069 -0.2439
vn -0.4845 0.8317 -0.2711
vn -0.5432 0.6476 -0.5344
vn -0.5881 0.5522 -0.5910
vn -0.6901 0.5507 -0.4697
vn -0.4587 0.7466 -0.4818
vn -0.5546 0.6878 -0.4684
vn -0.6409 0.6241 -0.4469
vn -0.6375 0.6811 -0.3602
vn -0.6315 0.6812 -0.3704
vn -0.6312 0.6814 -0.3705
vn -0.7393 0.5835 -0.3363
vn -0.6802 0.6831 -0.2660
vn -0.4397 0.8156 -0.3761
vn -0.3817 0.8337 -0.3990
vn -0.5529 0.7857 -0.2773
vn -0.4532 0.8095 -0.3731
vn -0.4530 0.8097 -0.3731
vn -0.7974 0.4485 -0.4038
vn -0.7193 0.4845 -0.4979
vn -0.7933 0.5784 -0.1901
vn -0.8485 0.4757 -0.2316
vn -0.8019 0.5042 -0.3205
vn -0.8056 0.5056 -0.3088
vn -0.8019 0.5046 -0.3199
vn -0.7541 0.3845 -0.5325
vn -0.8467 0.3223 -0.4233
vn -0.7776 0.2953 -0.5551
vn -0.6883 0.1947 -0.6988
vn -0.8029 0.1933 -0.5640
vn -0.6888 0.2791 -0.6691
vn -0.8200 0.0930 -0.5647
vn -0.6993 0.0931 -0.7087
vn -0.7043 -0.0041 -0.7099
vn -0.8181 -0.0142 -0.5749
vn -0.5683 -0.0048 -0.8228
vn -0.8872 0.3627 -0.2851
vn -0.8820 0.1805 -0.4353
vn -0.9239 0.2335 -0.3031
vn -0.8960 0.0213 -0.4436
vn -0.9029 0.1428 -0.4055
vn -0.9027 0.1431 -0.4058
vn -0.9563 0.0748 -0.2827
vn -0.9519 0.1900 -0.2406
vn -0.9215 0.3580 -0.1505
vn -0.7604 -0.6459 -0.0674
vn -0.7603 -0.6458 -0.0693
vn -0.7559 -0.6514 -0.0653
vn -0.7215 0.1764 -0.6695
vn -0.7217 0.1758 -0.6695
vn -0.7215 0.1766 -0.6695
vn -0.5898 0.2835 -0.7561
vn -0.4482 0.5920 -0.6698
vn -0.3329 0.8475 -0.4134
vn -0.3400 0.8953 -0.2877
vn -0.8122 -0.5559 -0.1769
vn -0.8422 -0.5147 -0.1606
vn -0.7210 -0.6145 -0.3203
vn -0.7711 -0.5428 -0.3328
vn -0.8647 -0.4888 -0.1159
vn -0.8659 -0.4873 -0.1129
vn -0.8676 -0.4846 -0.1113
vn -0.8915 -0.4395 -0.1099
vn -0.8112 -0.5041 -0.2965
vn -0.8136 -0.4952 -0.3046
vn -0.8131 -0.5048 -0.2898
vn -0.8843 -0.4005 -0.2399
vn -0.8920 -0.3637 -0.2686
vn -0.8287 -0.3984 -0.3932
vn -0.7253 -0.6448 -0.2412
vn -0.7178 -0.6534 -0.2405
vn -0.7232 -0.6542 -0.2211
vn -0.9044 -0.2904 -0.3127
vn -0.8529 -0.3155 -0.4159
vn -0.9216 -0.3853 -0.0462
vn -0.9219 -0.3831 -0.0576
vn -0.9167 -0.3956 -0.0568
vn -0.9347 -0.3220 -0.1502
vn -0.9832 -0.1205 -0.1369
vn -0.9613 -0.2080 -0.1806
vn -0.9739 -0.0822 -0.2114
vn -0.9964 -0.0785 -0.0333
vn -0.9964 -0.0779 -0.0350
vn -0.9953 -0.0841 -0.0471
vn -0.8263 -0.4847 -0.2868
vn -0.5423 -0.6438 -0.5398
vn -0.6942 -0.5392 -0.4768
vn -0.5981 -0.5388 -0.5932
vn -0.6330 -0.4487 -0.6309
vn -0.6567 -0.3687 -0.6579
vn -0.7011 -0.3937 -0.5945
vn -0.7851 -0.4246 -0.4509
vn -0.7874 -0.4167 -0.4543
vn -0.7866 -0.4123 -0.4596
vn -0.6992 -0.4663 -0.5419
vn -0.7957 -0.4008 -0.4541
vn -0.7493 -0.5039 -0.4297
vn -0.7494 -0.5042 -0.4292
vn -0.7492 -0.5038 -0.4299
vn -0.7264 -0.3284 -0.6037
vn -0.7241 -0.3357 -0.6024
vn -0.7260 -0.3342 -0.6010
vn -0.6414 -0.3047 -0.7042
vn -0.7429 -0.2446 -0.6231
vn -0.7423 -0.2439 -0.6240
vn -0.7416 -0.2436 -0.6251
vn -0.8048 -0.2734 -0.5268
vn -0.8044 -0.3248 -0.4975
vn -0.8023 -0.1949 -0.5642
vn -0.6899 -0.1849 -0.6999
vn -0.8182 -0.1086 -0.5647
vn -0.7002 -0.1030 -0.7065
vn -0.8935 -0.1030 -0.4371
vn -0.8758 -0.2059 -0.4365
vn -0.9281 -0.1716 -0.3304
vn -0.1528 -0.9178 0.3663
vn -0.1155 -0.9168 0.3824
vn -0.0695 -0.7232 0.6871
vn -0.0784 -0.7214 0.6881
vn -0.0754 -0.7191 0.6908
vn 0.0594 -0.9862 0.1544
vn 0.0023 -0.9999 0.0146
vn 0.0796 -0.9574 -0.2775
vn -0.0576 -0.9027 -0.4265
vn 0.0764 -0.8968 -0.4358
vn 0.1319 -0.7671 -0.6278
vn 0.0004 -0.7762 -0.6304
vn -0.0029 -0.9999 0.0113
vn 0.0009 -0.9999 0.0101
vn -0.0068 -1.0000 0.0045
vn 0.2308 -0.8906 -0.3918
vn -0.9665 0.2516 -0.0512
vn -0.9493 0.2639 -0.1708
vn -0.9494 0.2627 -0.1723
vn -0.9492 0.2645 -0.1703
vn -0.9731 0.0779 -0.2168
vn -0.9783 0.1706 -0.1176
vn -0.9772 0.1860 -0.1021
vn -0.9740 0.1949 -0.1156
vn -0.9021 -0.3979 -0.1670
vn -0.9218 -0.3827 -0.0619
vn -0.9218 -0.3828 -0.0612
vn -0.9218 -0.3826 -0.0622
vn -0.9338 -0.2311 -0.2730
vn -0.9367 -0.2283 -0.2654
vn -0.9353 -0.2319 -0.2673
vn -0.9367 -0.1109 -0.3321
vn -0.9778 -0.0510 -0.2030
vn -0.9969 -0.0291 -0.0733
vn -0.9969 -0.0295 -0.0735
vn -0.9969 -0.0293 -0.0734
vn -0.9778 0.0357 -0.2063
vn -0.9823 0.0910 -0.1635
vn -0.9424 0.0077 -0.3344
vn -0.9708 -0.0488 -0.2350
vn -0.9696 -0.0401 -0.2412
vn -0.9704 -0.0566 -0.2349
vn -0.9979 0.0222 -0.0609
vn -0.9964 0.0138 -0.0839
vn -0.9977 0.0290 -0.0610
vn 0.3680 -0.7574 -0.5394
vn 0.2497 -0.7654 -0.5931
vn 0.1466 -0.6764 -0.7218
vn 0.2873 -0.6860 -0.6685
vn 0.0007 -1.0000 0.0032
vn -0.4386 0.0033 0.8987
vn -0.4400 0.0104 0.8980
vn -0.4395 0.0100 0.8982
vn -0.2775 -0.8512 -0.4454
vn -0.2797 -0.7467 -0.6035
vn -0.1357 -0.8680 -0.4777
vn -0.0478 -0.9609 -0.2729
vn -0.1551 0.8162 -0.5566
vn 0.0995 0.5063 -0.8566
vn 0.0810 0.8374 -0.5406
vn 0.0516 0.8855 -0.4618
vn 0.2697 0.1722 -0.9474
vn 0.2632 0.1685 -0.9499
vn 0.2630 0.1731 -0.9491
vn 0.2753 0.8304 -0.4844
vn 0.2036 0.8680 -0.4529
vn 0.2935 0.8925 -0.3426
vn 0.2988 0.8926 -0.3377
vn 0.2998 0.8920 -0.3384
vn -0.6899 0.1112 -0.7153
vn -0.8144 0.0330 -0.5794
vn -0.8146 0.0325 -0.5791
vn -0.8146 0.0326 -0.5791
vn 0.0099 -0.9998 0.0187
vn 0.0049 -1.0000 0.0045
vn -0.0121 -0.9998 0.0133
vn -0.0076 -1.0000 0.0024
vn -0.0044 -1.0000 0.0018
vn 0.0035 -1.0000 0.0016
vn 0.0036 -1.0000 0.0071
vn -0.1805 -0.9524 -0.2456
vn -0.2106 -0.8840 -0.4173
vn -0.0949 -0.9547 -0.2820
vn -0.3738 -0.7672 -0.5213
vn -0.2590 -0.7590 -0.5973
vn -0.4145 -0.6932 -0.5897
vn -0.3107 -0.6456 -0.6976
vn -0.1397 -0.7596 -0.6352
vn -0.1548 -0.6802 -0.7165
vn -0.0039 -0.6702 -0.7422
vn -0.2984 0.8511 -0.4319
vn -0.1184 0.8612 -0.4942
vn -0.1934 0.8771 -0.4397
vn -0.0285 0.8513 -0.5239
vn -0.1578 -0.0344 -0.9869
vn -0.1655 -0.0249 -0.9859
vn -0.1644 -0.0253 -0.9861
vn -0.1529 -0.0580 -0.9865
vn -0.1676 -0.0556 -0.9843
vn -0.1594 -0.0571 -0.9856
vn -0.2448 0.7955 -0.5542
vn -0.1081 0.8069 -0.5807
vn -0.1076 0.8039 -0.5849
vn -0.1083 0.8057 -0.5824
vn -0.2053 0.7399 -0.6407
vn -0.2976 0.7215 -0.6252
vn -0.3783 0.7482 -0.5451
vn -0.2206 0.6833 -0.6960
vn -0.2229 0.6698 -0.7083
vn -0.2235 0.6681 -0.7097
vn -0.2228 0.6709 -0.7073
vn -0.4395 0.6157 -0.6540
vn -0.3406 0.6171 -0.7093
vn -0.1548 0.5928 -0.7903
vn -0.1964 0.5471 -0.8137
vn -0.3366 0.5467 -0.7667
vn -0.0866 0.6739 -0.7337
vn -0.0949 0.6733 -0.7332
vn -0.0860 0.6744 -0.7333
vn -0.2608 0.4537 -0.8521
vn -0.3954 0.3991 -0.8272
vn -0.4189 0.4952 -0.7611
vn -0.4191 0.4951 -0.7611
vn -0.4193 0.4949 -0.7611
vn -0.2774 0.3685 -0.8873
vn -0.5127 0.4987 -0.6989
vn -0.5128 0.3917 -0.7640
vn -0.6540 0.4418 -0.6141
vn -0.4248 0.2882 -0.8582
vn -0.5513 0.2897 -0.7824
vn -0.4299 0.1949 -0.8816
vn -0.5612 0.1917 -0.8052
vn -0.4364 0.0937 -0.8948
vn -0.3104 0.1851 -0.9324
vn -0.3030 0.2816 -0.9104
vn -0.2114 0.1853 -0.9597
vn -0.5643 0.0902 -0.8206
vn -0.4328 -0.0083 -0.9014
vn -0.3185 0.0967 -0.9430
vn -0.3065 0.0017 -0.9519
vn -0.3142 -0.1284 -0.9406
vn -0.1962 -0.0011 -0.9806
vn -0.2028 -0.0985 -0.9743
vn -0.1945 0.0845 -0.9773
vn 0.0551 0.7430 -0.6670
vn 0.0551 0.7431 -0.6669
vn 0.0550 0.7428 -0.6673
vn -0.0297 0.7396 -0.6724
vn -0.0296 0.7396 -0.6724
vn -0.0763 0.6009 -0.7957
vn -0.0072 0.5416 -0.8406
vn -0.1318 0.5072 -0.8517
vn -0.1516 0.4104 -0.8992
vn -0.0595 0.4976 -0.8654
vn -0.0617 0.4879 -0.8707
vn -0.0544 0.4885 -0.8708
vn 0.0026 0.4180 -0.9084
vn 0.1259 0.4557 -0.8812
vn 0.7694 -0.0548 -0.6364
vn 0.7587 -0.1442 -0.6353
vn 0.7583 -0.1441 -0.6358
vn 0.7588 -0.1443 -0.6351
vn 0.7656 -0.0474 -0.6415
vn 0.7665 -0.0557 -0.6398
vn 0.7673 -0.0565 -0.6388
vn 0.4224 -0.6594 -0.6219
vn 0.6118 -0.3443 -0.7121
vn 0.6118 -0.3427 -0.7129
vn 0.5607 -0.3032 -0.7705
vn 0.5162 -0.3271 -0.7915
vn 0.7569 -0.1503 -0.6360
vn 0.7620 -0.1605 -0.6274
vn 0.7639 -0.1496 -0.6278
vn 0.5191 -0.4720 -0.7125
vn 0.5793 -0.4196 -0.6988
vn 0.3078 -0.6156 -0.7255
vn 0.4772 -0.5395 -0.6937
vn 0.1593 -0.6034 -0.7814
vn 0.1419 -0.5210 -0.8417
vn 0.2820 -0.4945 -0.8222
vn 0.2821 -0.4945 -0.8221
vn 0.2848 -0.5005 -0.8175
vn 0.3574 -0.5339 -0.7663
vn 0.3820 -0.4136 -0.8264
vn 0.4245 -0.2971 -0.8553
vn 0.4652 -0.4127 -0.7831
vn 0.4228 -0.1935 -0.8853
vn 0.2931 -0.2483 -0.9233
vn 0.2788 -0.3657 -0.8880
vn 0.1381 -0.2793 -0.9502
vn 0.1310 -0.3784 -0.9163
vn 0.1560 -0.1838 -0.9705
vn 0.3111 -0.1107 -0.9439
vn 0.2927 -0.0257 -0.9559
vn 0.2029 -0.0996 -0.9741
vn 0.2108 -0.4315 -0.8771
vn 0.0451 -0.5921 -0.8046
vn 0.0179 -0.4467 -0.8945
vn -0.6085 0.3419 -0.7161
vn -0.6085 0.3421 -0.7160
vn -0.6076 0.3478 -0.7140
vn -0.1528 0.3308 -0.9312
vn 0.0141 0.3183 -0.9479
vn 0.1231 0.3621 -0.9240
vn -0.1556 0.2679 -0.9508
vn -0.1095 0.1361 -0.9846
vn -0.0577 0.1386 -0.9887
vn -0.4445 -0.6216 -0.6450
vn -0.4788 -0.5418 -0.6908
vn -0.3445 -0.5283 -0.7760
vn -0.1757 -0.6073 -0.7748
vn -0.5138 -0.4507 -0.7300
vn 0.2417 0.8036 -0.5439
vn 0.3910 0.7176 -0.5764
vn 0.2659 0.7228 -0.6379
vn 0.3596 0.6715 -0.6479
vn 0.3659 0.6679 -0.6481
vn 0.3517 0.6779 -0.6456
vn 0.3484 0.8121 -0.4681
vn 0.3585 0.8237 -0.4393
vn 0.3584 0.8238 -0.4392
vn 0.3586 0.8236 -0.4394
vn 0.1681 0.7796 -0.6033
vn 0.0787 0.8300 -0.5522
vn 0.0762 0.8262 -0.5582
vn 0.1108 0.5943 -0.7966
vn 0.1055 0.5998 -0.7931
vn 0.1049 0.6002 -0.7930
vn 0.1592 0.7230 -0.6722
vn 0.0881 0.7308 -0.6769
vn 0.2466 0.6679 -0.7023
vn 0.0941 0.5951 -0.7981
vn 0.1804 0.5515 -0.8145
vn 0.3722 0.4945 -0.7855
vn 0.3565 0.5445 -0.7593
vn 0.2369 0.6126 -0.7541
vn 0.2372 0.6128 -0.7538
vn 0.4551 0.6043 -0.6540
vn 0.4977 0.4933 -0.7134
vn 0.5323 0.3916 -0.7505
vn 0.4024 0.4077 -0.8197
vn 0.2484 0.4754 -0.8439
vn 0.3020 0.4044 -0.8633
vn 0.2256 0.3094 -0.9238
vn 0.2229 0.3150 -0.9225
vn 0.2236 0.3159 -0.9221
vn 0.0978 0.2381 -0.9663
vn 0.2062 0.2637 -0.9423
vn 0.3018 0.1946 -0.9333
vn 0.2893 0.2478 -0.9246
vn 0.4487 0.1819 -0.8750
vn 0.3845 0.2428 -0.8906
vn 0.3777 0.2486 -0.8919
vn 0.3782 0.2465 -0.8923
vn 0.3393 0.3275 -0.8819
vn 0.5760 0.1840 -0.7965
vn 0.5831 0.3043 -0.7533
vn 0.4871 0.2461 -0.8380
vn 0.4889 0.2467 -0.8367
vn 0.4861 0.2394 -0.8404
vn 0.5742 0.0956 -0.8131
vn 0.4871 0.2410 -0.8394
vn 0.6381 -0.0087 -0.7699
vn 0.5745 -0.0118 -0.8184
vn -0.4505 -0.4046 -0.7958
vn -0.4501 -0.4061 -0.7953
vn -0.4477 -0.4111 -0.7941
vn -0.5510 -0.3747 -0.7457
vn -0.3562 -0.4593 -0.8138
vn -0.1742 -0.5052 -0.8452
vn -0.2259 -0.4446 -0.8668
vn -0.4018 -0.3136 -0.8603
vn -0.2912 -0.3665 -0.8837
vn 0.6380 -0.1547 -0.7543
vn 0.6381 -0.1625 -0.7526
vn 0.6387 -0.1620 -0.7522
vn 0.5866 -0.1848 -0.7885
vn 0.5482 -0.1605 -0.8208
vn 0.4892 -0.2503 -0.8355
vn 0.4900 -0.2513 -0.8347
vn 0.4897 -0.2508 -0.8350
vn 0.0080 -0.3372 -0.9414
vn 0.0663 -0.2119 -0.9750
vn 0.1258 -0.1025 -0.9868
vn -0.5587 -0.2884 -0.7776
vn -0.3060 -0.2621 -0.9152
vn -0.1325 -0.3276 -0.9355
vn -0.5671 -0.2052 -0.7977
vn -0.4324 -0.2017 -0.8789
vn -0.5681 -0.1023 -0.8166
vn -0.4435 -0.1079 -0.8897
vn -0.1030 -0.5137 -0.8518
vn -0.1031 -0.5137 -0.8518
vn -0.0954 -0.5131 -0.8530
vn -0.0963 -0.4269 -0.8992
vn 0.6396 -0.0512 -0.7670
vn 0.4689 0.0269 -0.8828
vn 0.4505 0.0847 -0.8888
vn 0.3799 0.0441 -0.9240
vn 0.2085 -0.0066 -0.9780
vn 0.1822 0.1283 -0.9749
vn 0.2440 0.0817 -0.9663
vn 0.0926 0.1671 -0.9816
vn 0.1344 0.0646 -0.9888
vn 0.0601 0.1906 -0.9798
vn 0.0887 -0.0076 -0.9960
vn 0.0748 -0.0149 -0.9971
vn 0.0989 -0.0282 -0.9947
vn 0.5942 -0.0526 -0.8026
vn 0.5019 -0.0587 -0.8629
vn 0.5018 -0.0586 -0.8630
vn 0.3729 -0.0623 -0.9258
vn 0.4139 -0.1276 -0.9013
vn -0.1624 -0.2728 -0.9483
vn -0.2176 -0.1830 -0.9587
vn -0.0326 -0.2444 -0.9691
vn -0.0288 -0.2514 -0.9675
vn -0.0235 -0.2462 -0.9689
vn -0.0898 -0.1930 -0.9771
vn -0.0672 -0.1781 -0.9817
vn 0.3741 0.0425 -0.9264
vn 0.3748 0.0420 -0.9262
vn 0.3749 0.0519 -0.9256
vn -0.1791 -0.4188 -0.8903
vn -0.1819 -0.4128 -0.8925
vn -0.1765 -0.4062 -0.8966
vn -0.0677 0.2252 -0.9720
vn -0.0569 0.2260 -0.9725
vn -0.0569 0.2265 -0.9723
vn -0.0735 0.0646 -0.9952
vn -0.0728 0.0736 -0.9946
vn -0.0677 0.0722 -0.9951
vn 0.0155 0.0959 -0.9953
vn 0.0204 0.1007 -0.9947
vn 0.0215 0.1021 -0.9945
vn -0.0306 0.0979 -0.9947
vn 0.0346 -0.0688 -0.9970
vn 0.0266 -0.0695 -0.9972
vn 0.0319 -0.0733 -0.9968
vn -0.0300 -0.0751 -0.9967
vn -0.0323 -0.0740 -0.9967
vn -0.0293 -0.0753 -0.9967
vn -0.1402 -0.1014 -0.9849
vn -0.0345 -0.0538 -0.9980
vn -0.0093 -0.0557 -0.9984
vn -0.0360 -0.0451 -0.9983
vn -0.1553 0.0083 -0.9878
vn 0.3675 0.1318 -0.9206
vn 0.3692 0.1299 -0.9202
vn 0.3712 0.1369 -0.9184
vn 0.0080 0.9999 -0.0143
vn 0.0332 0.9994 -0.0074
vn 0.0119 0.9997 -0.0218
vt 0.691879 0.660759
vt 0.450451 0.635304
vt 0.273556 0.710891
vt 0.802328 0.765579
vt 0.103118 0.559007
vt 0.749749 0.759766
vt 0.590598 0.286489
vt 0.704072 0.475639
vt 0.369752 0.921537
vt 0.215824 0.135624
vt 0.153727 0.554783
vt 0.379801 0.418318
vt 0.103946 0.180672
vt 0.916298 0.582606
vt 0.829128 0.745899
vt 0.790145 0.767557
vt 0.103550 0.193058
vt 0.316546 0.734886
vt 0.243928 0.702785
vt 0.068712 0.388374
vt 0.752172 0.639903
vt 0.385905 0.639271
vt 0.237353 0.248401
vt 0.488525 0.938721
vt 0.358994 0.357383
vt 0.089680 0.240660
vt 0.912675 0.014752
vt 0.269467 0.908483
vt 0.903355 0.294599
vt 0.927909 0.549791
vt 0.240319 0.916217
vt 0.887949 0.341054
vt 0.897681 0.325544
vt 0.327254 0.907534
vt 0.201858 0.091004
vt 0.179643 0.541691
vt 0.264747 0.711080
vt 0.240020 0.273976
vt 0.560531 0.617106
vt 0.502262 0.938847
vt 0.733383 0.640706
vt 0.745037 0.643156
vt 0.397617 0.638742
vt 0.593773 0.680903
vt 0.609962 0.681874
vt 0.540749 0.621386
vt 0.884237 0.368588
vt 0.212315 0.922448
vt 0.617540 0.679650
vt 0.624574 0.676621
vt 0.517256 0.626059
vt 0.435537 0.636917
vt 0.705779 0.654647
vt 0.467745 0.936710
vt 0.234321 0.224574
vt 0.449676 0.934877
vt 0.362461 0.368038
vt 0.100494 0.230365
vt 0.777434 0.770593
vt 0.234420 0.694805
vt 0.159111 0.548516
vt 0.606302 0.541510
vt 0.553959 0.038973
vt 0.201184 0.691049
vt 0.872895 0.406910
vt 0.869370 0.428149
vt 0.158578 0.930596
vt 0.879950 0.381211
vt 0.186585 0.927014
vt 0.344355 0.914495
vt 0.208572 0.110667
vt 0.349558 0.632299
vt 0.786138 0.624112
vt 0.906662 0.546004
vt 0.288793 0.713677
vt 0.316866 0.631543
vt 0.804337 0.607310
vt 0.867070 0.466080
vt 0.107334 0.934695
vt 0.156838 0.009090
vt 0.839807 0.737167
vt 0.423282 0.927858
vt 0.228720 0.192989
vt 0.911709 0.619796
vt 0.207323 0.698385
vt 0.391861 0.465580
vt 0.397352 0.487743
vt 0.391824 0.477795
vt 0.168950 0.064133
vt 0.298180 0.716129
vt 0.685806 0.538269
vt 0.676758 0.031982
vt 0.890559 0.054764
vt 0.472246 0.634451
vt 0.659142 0.670991
vt 0.398341 0.504758
vt 0.399175 0.497767
vt 0.161185 0.029758
vt 0.090495 0.375304
vt 0.305103 0.722247
vt 0.927565 0.560875
vt 0.340283 0.622340
vt 0.792321 0.620817
vt 0.796493 0.618703
vt 0.758283 0.751918
vt 0.357389 0.638409
vt 0.777679 0.623002
vt 0.808883 0.747505
vt 0.215465 0.699397
vt 0.082300 0.398988
vt 0.886487 0.042355
vt 0.936769 0.533756
vt 0.349788 0.335475
vt 0.352295 0.337158
vt 0.072944 0.264228
vt 0.921093 0.494656
vt 0.955254 0.502837
vt 0.063633 0.353874
vt 0.043091 0.761610
vt 0.349633 0.331617
vt 0.088361 0.267828
vt 0.335637 0.351093
vt 0.099428 0.251488
vt 0.920797 0.564632
vt 0.456476 0.210997
vt 0.311088 0.617372
vt 0.823554 0.601266
vt 0.289798 0.279685
vt 0.031006 0.813721
vt 0.771152 0.626945
vt 0.363628 0.632332
vt 0.352907 0.341205
vt 0.073417 0.252264
vt 0.819225 0.759898
vt 0.935059 0.693115
vt 0.070033 0.468395
vt 0.074602 0.408395
vt 0.909314 0.558180
vt 0.881573 0.424710
vt 0.263865 0.913184
vt 0.915901 0.311794
vt 0.276779 0.277872
vt 0.032532 0.808625
vt 0.316201 0.294898
vt 0.308482 0.310774
vt 0.912101 0.548182
vt 0.395970 0.925644
vt 0.222413 0.162639
vt 0.093823 0.388985
vt 0.798738 0.743134
vt 0.255767 0.708072
vt 0.283318 0.736545
vt 0.815244 0.738673
vt 0.774274 0.746504
vt 0.208503 0.210856
vt 0.748072 0.747135
vt 0.558036 0.307295
vt 0.442966 0.609474
vt 0.493796 0.604963
vt 0.328373 0.334677
vt 0.228356 0.715239
vt 0.498341 0.629273
vt 0.636289 0.675773
vt 0.648753 0.673427
vt 0.156001 0.563832
vt 0.669856 0.298677
vt 0.396783 0.619768
vt 0.088894 0.422736
vt 0.349294 0.372820
vt 0.104767 0.215659
vt 0.142747 0.936354
vt 0.880918 0.439310
vt 0.878412 0.458717
vt 0.123151 0.938117
vt 0.886146 0.047451
vt 0.847956 0.735525
vt 0.270142 0.721909
vt 0.571882 0.523837
vt 0.705365 0.203592
vt 0.197121 0.703773
vt 0.529369 0.605823
vt 0.195801 0.929443
vt 0.893766 0.386659
vt 0.088984 0.461074
vt 0.292529 0.734991
vt 0.220170 0.249827
vt 0.515074 0.608602
vt 0.091572 0.403056
vt 0.046313 0.770789
vt 0.340107 0.323304
vt 0.188396 0.116655
vt 0.376067 0.492009
vt 0.899003 0.534177
vt 0.786342 0.745126
vt 0.674718 0.528111
vt 0.881188 0.051811
vt 0.346102 0.361755
vt 0.300027 0.740592
vt 0.459276 0.602769
vt 0.906830 0.560923
vt 0.105956 0.207860
vt 0.356314 0.409463
vt 0.107393 0.189954
vt 0.186445 0.097763
vt 0.184885 0.550278
vt 0.038181 0.791685
vt 0.325414 0.308285
vt 0.384433 0.621695
vt 0.894489 0.620557
vt 0.222183 0.276369
vt 0.548641 0.601310
vt 0.899387 0.586111
vt 0.430227 0.612935
vt 0.378190 0.507315
vt 0.358648 0.439300
vt 0.147666 0.683394
vt 0.625468 0.510587
vt 0.828071 0.189317
vt 0.871871 0.050115
vt 0.876543 0.476917
vt 0.390055 0.523227
vt 0.162054 0.012284
vt 0.911421 0.336065
vt 0.903226 0.547940
vt 0.826765 0.722406
vt 0.210112 0.226463
vt 0.326031 0.326393
vt 0.367102 0.600788
vt 0.205936 0.190582
vt 0.162249 0.569285
vt 0.918213 0.719238
vt 0.319446 0.748690
vt 0.151406 0.681292
vt 0.868848 0.041961
vt 0.893937 0.015979
vt 0.912301 0.290173
vt 0.895367 0.561710
vt 0.351455 0.619745
vt 0.881569 0.521101
vt 0.117231 0.346656
vt 0.848621 0.718667
vt 0.364014 0.816162
vt 0.772247 0.731092
vt 0.372321 0.471787
vt 0.207542 0.729402
vt 0.100665 0.455715
vt 0.104489 0.420891
vt 0.266017 0.734989
vt 0.177360 0.931563
vt 0.891822 0.407524
vt 0.156435 0.573310
vt 0.676661 0.316618
vt 0.805467 0.720518
vt 0.702122 0.185573
vt 0.199988 0.718988
vt 0.836362 0.714881
vt 0.473414 0.593644
vt 0.746488 0.734734
vt 0.582829 0.319868
vt 0.106063 0.402900
vt 0.095860 0.398876
vt 0.356038 0.603727
vt 0.860495 0.008972
vt 0.945742 0.297664
vt 0.754139 0.723809
vt 0.867259 0.037093
vt 0.249206 0.733681
vt 0.238055 0.728256
vt 0.896812 0.546168
vt 0.812741 0.724124
vt 0.101669 0.388796
vt 0.784304 0.729627
vt 0.358438 0.422789
vt 0.108940 0.167691
vt 0.795209 0.716219
vt 0.296941 0.754323
vt 0.349612 0.605175
vt 0.288200 0.760958
vt 0.881292 0.631822
vt 0.133789 0.510498
vt 0.911181 0.359070
vt 0.843903 0.706722
vt 0.190245 0.167865
vt 0.204401 0.242909
vt 0.541901 0.587741
vt 0.705454 0.170017
vt 0.197330 0.732242
vt 0.552238 0.584607
vt 0.207460 0.278002
vt 0.328853 0.376169
vt 0.102357 0.587614
vt 0.744394 0.720232
vt 0.589961 0.337090
vt 0.548096 0.351318
vt 0.257588 0.741932
vt 0.890895 0.545251
vt 0.867135 0.517084
vt 0.132994 0.366915
vt 0.149073 0.674527
vt 0.633139 0.493434
vt 0.838512 0.170469
vt 0.206144 0.259963
vt 0.890952 0.474964
vt 0.378451 0.537936
vt 0.900052 0.480591
vt 0.375497 0.524690
vt 0.110755 0.465255
vt 0.191289 0.135881
vt 0.276880 0.749924
vt 0.154864 0.582764
vt 0.165459 0.098265
vt 0.186159 0.565539
vt 0.294525 0.768426
vt 0.107218 0.387505
vt 0.875518 0.606637
vt 0.887189 0.558108
vt 0.222284 0.744539
vt 0.339444 0.599773
vt 0.260523 0.247073
vt 0.311286 0.328659
vt 0.883297 0.569739
vt 0.161237 0.582397
vt 0.894373 0.449440
vt 0.391449 0.600828
vt 0.886719 0.657471
vt 0.311056 0.768744
vt 0.377024 0.595805
vt 0.112983 0.387106
vt 0.914955 0.383987
vt 0.811378 0.711826
vt 0.117485 0.418165
vt 0.115532 0.401773
vt 0.826079 0.699673
vt 0.115742 0.398845
vt 0.516706 0.594232
vt 0.331751 0.593604
vt 0.335747 0.589045
vt 0.444359 0.233533
vt 0.444302 0.241005
vt 0.936426 0.349333
vt 0.835448 0.695353
vt 0.161063 0.596466
vt 0.318682 0.364696
vt 0.936784 0.310976
vt 0.878410 0.557891
vt 0.883820 0.543562
vt 0.235241 0.743419
vt 0.277034 0.762115
vt 0.263177 0.754197
vt 0.869339 0.628010
vt 0.155125 0.592279
vt 0.639716 0.351086
vt 0.839355 0.646729
vt 0.121046 0.470007
vt 0.897222 0.423660
vt 0.167368 0.124760
vt 0.269713 0.249920
vt 0.304440 0.322073
vt 0.155549 0.664374
vt 0.853827 0.031903
vt 0.844576 0.685785
vt 0.770302 0.715524
vt 0.468887 0.229289
vt 0.299008 0.260553
vt 0.354746 0.457406
vt 0.936657 0.331271
vt 0.126226 0.403734
vt 0.165573 0.595705
vt 0.868247 0.559084
vt 0.563046 0.482695
vt 0.704606 0.155636
vt 0.193164 0.744353
vt 0.118355 0.386482
vt 0.748990 0.697780
vt 0.200328 0.755032
vt 0.150514 0.665695
vt 0.678790 0.477422
vt 0.302697 0.778476
vt 0.876869 0.541279
vt 0.861688 0.623047
vt 0.152100 0.481201
vt 0.159069 0.666058
vt 0.852422 0.028742
vt 0.184682 0.208728
vt 0.422541 0.589843
vt 0.740968 0.708775
vt 0.549999 0.353559
vt 0.877635 0.554431
vt 0.137359 0.403731
vt 0.849548 0.614835
vt 0.148896 0.461277
vt 0.839111 0.627930
vt 0.134179 0.467377
vt 0.916371 0.406247
vt 0.255336 0.232389
vt 0.323697 0.342015
vt 0.293509 0.790005
vt 0.826503 0.688026
vt 0.151424 0.657274
vt 0.658240 0.460788
vt 0.125492 0.385441
vt 0.286318 0.788074
vt 0.185365 0.192928
vt 0.782328 0.713563
vt 0.275557 0.774290
vt 0.731670 0.698312
vt 0.104339 0.602504
vt 0.598161 0.365326
vt 0.355506 0.539364
vt 0.911587 0.476784
vt 0.258785 0.239693
vt 0.300604 0.334200
vt 0.434290 0.585446
vt 0.855890 0.559125
vt 0.849098 0.681415
vt 0.302502 0.814965
vt 0.569421 0.463760
vt 0.190024 0.756170
vt 0.487281 0.585571
vt 0.149137 0.103203
vt 0.189770 0.580047
vt 0.244315 0.763324
vt 0.463577 0.239497
vt 0.354539 0.526867
vt 0.740240 0.696817
vt 0.803693 0.693008
vt 0.848186 0.666547
vt 0.294461 0.802271
vt 0.868079 0.536831
vt 0.837265 0.679043
vt 0.185064 0.234330
vt 0.811248 0.690499
vt 0.155278 0.601007
vt 0.913493 0.458082
vt 0.339009 0.588845
vt 0.446876 0.250226
vt 0.845499 0.564859
vt 0.151287 0.412748
vt 0.134516 0.382228
vt 0.254419 0.773261
vt 0.501231 0.578681
vt 0.547207 0.565546
vt 0.187035 0.279520
vt 0.331243 0.411952
vt 0.862737 0.549898
vt 0.101051 0.614008
vt 0.735830 0.682719
vt 0.574853 0.382034
vt 0.187679 0.768585
vt 0.914235 0.439532
vt 0.186331 0.261328
vt 0.916040 0.423041
vt 0.592018 0.447490
vt 0.179026 0.764997
vt 0.863197 0.532449
vt 0.839526 0.662258
vt 0.286962 0.804472
vt 0.155644 0.610779
vt 0.684435 0.378556
vt 0.139076 0.393888
vt 0.958323 0.325862
vt 0.260750 0.775035
vt 0.781066 0.698979
vt 0.277302 0.236851
vt 0.308935 0.377228
vt 0.166950 0.152489
vt 0.825986 0.675607
vt 0.161699 0.610991
vt 0.794131 0.692945
vt 0.767329 0.691860
vt 0.275491 0.784714
vt 0.517492 0.573692
vt 0.174560 0.684706
vt 0.557755 0.908792
vt 0.840350 0.003156
vt 0.973688 0.299798
vt 0.853585 0.543868
vt 0.149751 0.389145
vt 0.152731 0.648324
vt 0.686340 0.443754
vt 0.232752 0.756982
vt 0.158101 0.649515
vt 0.473379 0.566531
vt 0.536251 0.568643
vt 0.350316 0.474711
vt 0.858403 0.527833
vt 0.143720 0.377000
vt 0.449358 0.578760
vt 0.812352 0.674450
vt 0.585546 0.431471
vt 0.181976 0.781106
vt 0.333652 0.437275
vt 0.483154 0.242188
vt 0.479315 0.235533
vt 0.304826 0.247723
vt 0.160107 0.624850
vt 0.099121 0.617920
vt 0.726602 0.673930
vt 0.099669 0.621482
vt 0.589314 0.398956
vt 0.744225 0.675248
vt 0.154958 0.625175
vt 0.685974 0.407959
vt 0.684066 0.413950
vt 0.158050 0.639600
vt 0.679474 0.428345
vt 0.732934 0.668661
vt 0.179052 0.792578
vt 0.351839 0.495595
vt 0.194362 0.778606
vt 0.272842 0.796568
vt 0.830808 0.658944
vt 0.277231 0.807333
vt 0.147159 0.118225
vt 0.288728 0.245478
vt 0.724954 0.667493
vt 0.577908 0.411730
vt 0.171626 0.789147
vt 0.821539 0.655156
vt 0.268473 0.809726
vt 0.163851 0.186290
vt 0.136934 0.096131
vt 0.606361 0.776566
vt 0.189579 0.591222
vt 0.764895 0.673672
vt 0.260659 0.797314
vt 0.383850 0.582279
vt 0.814821 0.657883
vt 0.262241 0.810635
vt 0.162122 0.223064
vt 0.807522 0.649283
vt 0.252107 0.798534
vt 0.164556 0.628813
vt 0.610932 0.734026
vt 0.187174 0.621882
vt 0.741609 0.658474
vt 0.189538 0.797798
vt 0.422550 0.564358
vt 0.437150 0.266829
vt 0.355501 0.577392
vt 0.178972 0.673270
vt 0.551266 0.892749
vt 0.272400 0.230651
vt 0.793977 0.671186
vt 0.162361 0.207355
vt 0.180049 0.658212
vt 0.544890 0.876952
vt 0.249984 0.212590
vt 0.291995 0.361957
vt 0.144852 0.136726
vt 0.579684 0.908023
vt 0.978181 0.322307
vt 0.607402 0.758665
vt 0.191119 0.606405
vt 0.217477 0.768694
vt 0.229568 0.771778
vt 0.804428 0.665388
vt 0.248220 0.812311
vt 0.163357 0.261030
vt 0.256583 0.220642
vt 0.305588 0.353272
vt 0.780165 0.684875
vt 0.331671 0.423522
vt 0.241416 0.789867
vt 0.766459 0.653611
vt 0.209483 0.806748
vt 0.213341 0.788406
vt 0.779008 0.671600
vt 0.528318 0.546802
vt 0.937487 0.440362
vt 0.306437 0.416862
vt 0.330590 0.528664
vt 0.330535 0.542084
vt 0.935205 0.478891
vt 0.430529 0.275558
vt 0.365178 0.572949
vt 0.614139 0.719171
vt 0.183392 0.640916
vt 0.535423 0.856399
vt 0.479354 0.245266
vt 0.308986 0.240074
vt 0.451497 0.256684
vt 0.343782 0.582840
vt 0.349670 0.579999
vt 0.163014 0.241924
vt 0.375198 0.566578
vt 0.420496 0.311697
vt 0.427369 0.290571
vt 0.794784 0.652106
vt 0.240543 0.811665
vt 0.936402 0.459406
vt 0.291428 0.219229
vt 0.328207 0.489525
vt 0.328624 0.466301
vt 0.246116 0.200446
vt 0.289659 0.374062
vt 0.483595 0.251245
vt 0.303741 0.231952
vt 0.937304 0.381954
vt 0.439396 0.556118
vt 0.228673 0.784762
vt 0.142610 0.160543
vt 0.556769 0.788549
vt 0.128652 0.126624
vt 0.588948 0.780326
vt 0.139904 0.184848
vt 0.938307 0.412608
vt 0.163784 0.280447
vt 0.539068 0.539234
vt 0.959303 0.350746
vt 0.509865 0.552372
vt 0.457551 0.279912
vt 0.225100 0.798485
vt 0.778763 0.654775
vt 0.225469 0.810586
vt 0.330045 0.506667
vt 0.492070 0.558442
vt 0.304267 0.457728
vt 0.273561 0.208336
vt 0.480019 0.264440
vt 0.313370 0.222325
vt 0.454883 0.548938
vt 0.138823 0.204730
vt 0.497950 0.795873
vt 0.503695 0.795704
vt 0.306711 0.438242
vt 0.961900 0.420315
vt 0.304037 0.488716
vt 0.441718 0.292258
vt 0.303971 0.472478
vt 0.125284 0.141848
vt 0.564227 0.784113
vt 0.241363 0.162510
vt 0.282225 0.416299
vt 0.482294 0.536830
vt 0.404785 0.421387
vt 0.406453 0.403456
vt 0.962448 0.404013
vt 0.961095 0.459244
vt 0.138878 0.221292
vt 0.305110 0.527951
vt 0.602856 0.903230
vt 0.981963 0.344072
vt 0.579532 0.891008
vt 0.982670 0.333492
vt 0.500057 0.529977
vt 0.622211 0.903118
vt 0.984505 0.362525
vt 0.187493 0.655665
vt 0.552118 0.854083
vt 0.263309 0.197614
vt 0.467962 0.542781
vt 0.482719 0.277063
vt 0.961749 0.383298
vt 0.282932 0.196932
vt 0.579473 0.761518
vt 0.427179 0.534669
vt 0.412957 0.356613
vt 0.138478 0.285901
vt 0.517969 0.523328
vt 0.138583 0.240899
vt 0.402596 0.549082
vt 0.418254 0.326030
vt 0.301014 0.208257
vt 0.606667 0.714226
vt 0.536848 0.840912
vt 0.961577 0.440009
vt 0.495271 0.273722
vt 0.318663 0.212166
vt 0.563619 0.872263
vt 0.463638 0.291770
vt 0.413764 0.542147
vt 0.415053 0.339754
vt 0.591025 0.740084
vt 0.593686 0.719476
vt 0.235662 0.139647
vt 0.279687 0.437567
vt 0.122628 0.162609
vt 0.123775 0.171609
vt 0.542839 0.786727
vt 0.302179 0.197328
vt 0.304185 0.508380
vt 0.580453 0.867231
vt 0.960870 0.478884
vt 0.305380 0.541153
vt 0.138071 0.280080
vt 0.525056 0.512104
vt 0.138214 0.260263
vt 0.439827 0.799814
vt 0.444689 0.530856
vt 0.411559 0.373943
vt 0.557723 0.762348
vt 0.600645 0.886184
vt 0.485002 0.289810
vt 0.231856 0.113604
vt 0.276892 0.464688
vt 0.440533 0.337790
vt 0.122321 0.186866
vt 0.518289 0.790085
vt 0.455662 0.522063
vt 0.410363 0.390741
vt 0.114557 0.242019
vt 0.466087 0.793763
vt 0.258501 0.156875
vt 0.498379 0.283454
vt 0.503500 0.290180
vt 0.321455 0.201119
vt 0.617784 0.883000
vt 0.652543 0.897933
vt 0.988243 0.394215
vt 0.572873 0.739329
vt 0.231325 0.089112
vt 0.275799 0.485788
vt 0.735176 0.879958
vt 0.231350 0.044014
vt 0.992264 0.477584
vt 0.288080 0.539969
vt 0.509876 0.506375
vt 0.409662 0.449344
vt 0.255765 0.136385
vt 0.227493 0.071953
vt 0.273868 0.504881
vt 0.592852 0.702512
vt 0.550640 0.831506
vt 0.409963 0.407285
vt 0.594340 0.863808
vt 0.465972 0.328312
vt 0.226794 0.052965
vt 0.274105 0.526125
vt 0.118628 0.218542
vt 0.486068 0.793046
vt 0.538649 0.763399
vt 0.502796 0.791593
vt 0.282205 0.157818
vt 0.579654 0.842287
vt 0.113767 0.258525
vt 0.446340 0.794721
vt 0.580539 0.697275
vt 0.562441 0.824285
vt 0.696164 0.888210
vt 0.991373 0.437914
vt 0.467797 0.341488
vt 0.440394 0.358733
vt 0.495811 0.506510
vt 0.486387 0.510666
vt 0.409969 0.427496
vt 0.575698 0.716138
vt 0.254144 0.119380
vt 0.677972 0.893915
vt 0.989926 0.418121
vt 0.509475 0.323427
vt 0.331621 0.165119
vt 0.493123 0.326218
vt 0.439007 0.392554
vt 0.439698 0.376967
vt 0.558606 0.739337
vt 0.538656 0.739363
vt 0.608653 0.860701
vt 0.652145 0.876293
vt 0.507544 0.764797
vt 0.307166 0.162630
vt 0.562937 0.693331
vt 0.576871 0.815594
vt 0.280832 0.133682
vt 0.252140 0.098529
vt 0.121096 0.278599
vt 0.525680 0.508445
vt 0.415791 0.462126
vt 0.426555 0.794551
vt 0.632322 0.855914
vt 0.560811 0.713753
vt 0.466725 0.358106
vt 0.251060 0.050645
vt 0.268799 0.514914
vt 0.673232 0.870783
vt 0.250776 0.070081
vt 0.717661 0.884421
vt 0.991721 0.458737
vt 0.692455 0.865458
vt 0.445067 0.763574
vt 0.545447 0.714032
vt 0.590288 0.802475
vt 0.495008 0.339829
vt 0.340818 0.150147
vt 0.308025 0.149288
vt 0.484549 0.764789
vt 0.278208 0.116798
vt 0.440672 0.430424
vt 0.609440 0.835609
vt 0.517729 0.336237
vt 0.335068 0.151363
vt 0.465051 0.382881
vt 0.275993 0.101620
vt 0.425670 0.463975
vt 0.453387 0.464510
vt 0.425580 0.763789
vt 0.496181 0.357838
vt 0.439032 0.410175
vt 0.483589 0.741335
vt 0.505709 0.741090
vt 0.264013 0.037187
vt 0.730046 0.854492
vt 0.239251 0.039102
vt 0.653280 0.851519
vt 0.441616 0.451426
vt 0.465440 0.764437
vt 0.516881 0.718187
vt 0.685327 0.842175
vt 0.308238 0.132800
vt 0.525007 0.362471
vt 0.340302 0.128881
vt 0.342138 0.143415
vt 0.526783 0.698828
vt 0.710694 0.859863
vt 0.542509 0.687096
vt 0.594622 0.806014
vt 0.488939 0.393483
vt 0.302658 0.115144
vt 0.668065 0.847705
vt 0.492507 0.375527
vt 0.642650 0.831022
vt 0.419434 0.744379
vt 0.419922 0.729492
vt 0.467956 0.450727
vt 0.464994 0.409797
vt 0.275275 0.086617
vt 0.298781 0.100031
vt 0.517587 0.681992
vt 0.617199 0.793612
vt 0.466140 0.429646
vt 0.512494 0.697062
vt 0.498038 0.718952
vt 0.511217 0.387630
vt 0.664015 0.825611
vt 0.680606 0.819813
vt 0.275278 0.068362
vt 0.321097 0.111903
vt 0.481808 0.718565
vt 0.464508 0.740349
vt 0.425928 0.738382
vt 0.723422 0.830389
vt 0.275621 0.045486
vt 0.489552 0.410461
vt 0.297667 0.077318
vt 0.319672 0.097142
vt 0.626099 0.813148
vt 0.529688 0.382650
vt 0.343393 0.103443
vt 0.445247 0.739432
vt 0.704561 0.835870
vt 0.515130 0.411270
vt 0.644095 0.807052
vt 0.490853 0.701289
vt 0.490350 0.428102
vt 0.451606 0.717100
vt 0.698355 0.813718
vt 0.299156 0.048322
vt 0.499071 0.678177
vt 0.635594 0.785488
vt 0.301991 0.038197
vt 0.715875 0.808200
vt 0.660900 0.805641
vt 0.484935 0.687075
vt 0.427342 0.715056
vt 0.485582 0.462613
vt 0.322588 0.081439
vt 0.464361 0.698873
vt 0.515848 0.427592
vt 0.662317 0.791741
vt 0.535349 0.407409
vt 0.347764 0.084265
vt 0.424386 0.707898
vt 0.492359 0.448629
vt 0.675599 0.801395
vt 0.317346 0.066661
vt 0.323888 0.050490
vt 0.715063 0.793883
vt 0.473440 0.673467
vt 0.482685 0.676808
vt 0.656526 0.774838
vt 0.514098 0.445549
vt 0.320762 0.036113
vt 0.703368 0.791031
vt 0.529388 0.443400
vt 0.356404 0.055206
vt 0.435310 0.696011
vt 0.514081 0.455947
vt 0.331677 0.066425
vt 0.465474 0.684085
vt 0.661898 0.766313
vt 0.686815 0.781150
vt 0.536156 0.411171
vt 0.536475 0.424617
vt 0.349190 0.069278
vt 0.448919 0.682051
vt 0.454367 0.670911
vt 0.446533 0.670166
vt 0.678549 0.765344
vt 0.431537 0.679927
vt 0.531810 0.456328
vt 0.692311 0.753223
vt 0.541713 0.446415
vt 0.350668 0.046612
vt 0.695748 0.758587
vt 0.334482 0.038688
vt 0.702975 0.774949
vt 0.867913 0.437280
vt 0.135522 0.933029
vt 0.760945 0.780453
vt 0.853925 0.748808
vt 0.412109 0.718750
vt 0.033585 0.775397
vt 0.784900 0.615042
vt 0.761441 0.636746
vt 0.374748 0.633472
vt 0.736709 0.628517
vt 0.140301 0.023440
vt 0.196756 0.904365
vt 0.909172 0.048329
vt 0.230188 0.892516
vt 0.927800 0.619530
vt 0.242554 0.255535
vt 0.493510 0.926322
vt 0.551558 0.624012
vt 0.510933 0.927164
vt 0.581184 0.673246
vt 0.240229 0.239512
vt 0.477176 0.925710
vt 0.751833 0.772973
vt 0.701511 0.451213
vt 0.145715 0.038864
vt 0.064014 0.457502
vt 0.844674 0.757220
vt 0.933096 0.563759
vt 0.181723 0.905589
vt 0.832870 0.768151
vt 0.208049 0.539552
vt 0.818364 0.596488
vt 0.024195 0.812193
vt 0.138612 0.011915
vt 0.099754 0.917717
vt 0.659402 0.046531
vt 0.901063 0.054121
vt 0.320243 0.721911
vt 0.152343 0.545257
vt 0.630477 0.272194
vt 0.817124 0.463076
vt 0.150280 0.909512
vt 0.279390 0.694474
vt 0.919314 0.019540
vt 0.273508 0.887395
vt 0.387980 0.446663
vt 0.105629 0.156507
vt 0.178503 0.084812
vt 0.613047 0.667938
vt 0.636441 0.653784
vt 0.064348 0.403651
vt 0.264548 0.684638
vt 0.756491 0.611361
vt 0.366893 0.639722
vt 0.251488 0.890488
vt 0.236721 0.210415
vt 0.444930 0.915618
vt 0.936759 0.551043
vt 0.818168 0.784232
vt 0.343147 0.897598
vt 0.180267 0.524865
vt 0.214305 0.674575
vt 0.223361 0.674039
vt 0.141843 0.057850
vt 0.082259 0.228239
vt 0.037856 0.767538
vt 0.423014 0.914166
vt 0.228402 0.169747
vt 0.546609 0.049019
vt 0.205329 0.678317
vt 0.275256 0.685627
vt 0.312435 0.704871
vt 0.940825 0.565449
vt 0.126256 0.916249
vt 0.165499 0.905434
vt 0.193895 0.522774
vt 0.801644 0.590418
vt 0.365204 0.900015
vt 0.054558 0.426534
vt 0.053070 0.387228
vt 0.944577 0.551651
vt 0.052414 0.403685
vt 0.253639 0.677232
vt 0.935749 0.626589
vt 0.053389 0.398771
vt 0.824619 0.781525
vt 0.284491 0.683858
vt 0.308127 0.697039
vt 0.856786 0.766904
vt 0.298839 0.694253
vt 0.184566 0.498454
vt 0.773965 0.594052
vt 0.468603 0.637329
vt 0.688588 0.639526
vt 0.207673 0.666442
vt 0.552540 0.064196
vt 0.147701 0.536646
vt 0.666593 0.254308
vt 0.942976 0.562385
vt 0.052977 0.465961
vt 0.839687 0.771914
vt 0.241505 0.673011
vt 0.155943 0.080932
vt 0.084640 0.144716
vt 0.074905 0.166706
vt 0.460935 0.924083
vt 0.652378 0.654667
vt 0.379758 0.901438
vt 0.781973 0.594556
vt 0.322251 0.704392
vt 0.780772 0.795038
vt 0.042661 0.374134
vt 0.142864 0.074328
vt 0.076685 0.130874
vt 0.078008 0.181189
vt 0.752367 0.785570
vt 0.579613 0.255691
vt 0.710366 0.442744
vt 0.976781 0.530131
vt 0.024926 0.357131
vt 0.671141 0.639488
vt 0.152723 0.534887
vt 0.850305 0.774292
vt 0.953990 0.565412
vt 0.011049 0.773847
vt 0.399984 0.264083
vt 0.219480 0.528763
vt 0.020416 0.801249
vt 0.379869 0.281198
vt 0.326475 0.289057
vt 0.671181 0.061949
vt 0.691011 0.938750
vt 0.913339 0.051754
vt 0.066054 0.150868
vt 0.187829 0.490200
vt 0.766925 0.589140
vt 0.022703 0.767672
vt 0.793807 0.788176
vt 0.459402 0.909859
vt 0.950111 0.626517
vt 0.305649 0.679405
vt 0.953817 0.551785
vt 0.148453 0.522436
vt 0.779276 0.929918
vt 0.930517 0.030428
vt 0.282204 0.868911
vt 0.320835 0.692284
vt 0.038149 0.415731
vt 0.702345 0.933615
vt 0.927590 0.050990
vt 0.807548 0.789211
vt 0.132170 0.013012
vt 0.124636 0.015816
vt 0.098490 0.903010
vt 0.134276 0.901339
vt 0.753110 0.798668
vt 0.555333 0.239620
vt 0.722518 0.428332
vt 0.953636 0.581877
vt 0.037852 0.468858
vt 0.401848 0.898792
vt 0.486101 0.910747
vt 0.132639 0.045029
vt 0.041880 0.399716
vt 0.837486 0.785861
vt 0.762242 0.800302
vt 0.705439 0.927065
vt 0.932008 0.048885
vt 0.227907 0.653396
vt 0.172483 0.525714
vt 0.699693 0.938658
vt 0.733756 0.609498
vt 0.605495 0.655274
vt 0.960969 0.563129
vt 0.590008 0.663335
vt 0.044367 0.385357
vt 0.746243 0.618921
vt 0.701215 0.636681
vt 0.151327 0.519396
vt 0.780803 0.925892
vt 0.912598 0.800537
vt 0.335134 0.690034
vt 0.080232 0.194845
vt 0.699000 0.987787
vt 0.575060 0.080436
vt 0.218431 0.654163
vt 0.699176 0.611549
vt 0.145721 0.528099
vt 0.676429 0.237233
vt 0.863332 0.778534
vt 0.210341 0.889943
vt 0.959020 0.632301
vt 0.025879 0.513428
vt 0.124171 0.083619
vt 0.059944 0.136821
vt 0.026935 0.458551
vt 0.327880 0.860045
vt 0.167964 0.509098
vt 0.035007 0.397428
vt 0.963358 0.550986
vt 0.846829 0.791025
vt 0.093512 0.890334
vt 0.127858 0.028189
vt 0.262224 0.660405
vt 0.345258 0.877401
vt 0.175856 0.515001
vt 0.261667 0.868659
vt 0.007319 0.781373
vt 0.386515 0.266379
vt 0.193370 0.505594
vt 0.782948 0.581900
vt 0.319990 0.679280
vt 0.857302 0.788198
vt 0.143519 0.519734
vt 0.778912 0.934802
vt 0.642461 0.222177
vt 0.830909 0.411346
vt 0.966292 0.576456
vt 0.290358 0.673256
vt 0.064253 0.230798
vt 0.702852 0.283897
vt 0.560615 0.099060
vt 0.007350 0.540232
vt 0.220836 0.642594
vt 0.292350 0.658281
vt 0.014425 0.600290
vt 0.512271 0.911256
vt 0.576761 0.651847
vt 0.204645 0.513086
vt 0.274174 0.664653
vt 0.033359 0.383368
vt 0.398075 0.874857
vt 0.183949 0.884484
vt 0.666031 0.090957
vt 0.708027 0.937006
vt 0.870120 0.793347
vt 0.654301 0.636818
vt 0.761985 0.811525
vt 0.057227 0.671215
vt 0.021469 0.760561
vt 0.066991 0.271214
vt 0.023328 0.414374
vt 0.332347 0.676318
vt 0.435893 0.892599
vt 0.982869 0.543657
vt 0.026522 0.397376
vt 0.834899 0.805400
vt 0.049209 0.727942
vt 0.975595 0.630843
vt 0.000244 0.460693
vt 0.001177 0.480846
vt 0.023926 0.507812
vt 0.752921 0.809776
vt 0.703207 0.418930
vt 0.061670 0.661223
vt 0.018377 0.461832
vt 0.875966 0.794187
vt 0.354516 0.658142
vt 0.117009 0.902222
vt 0.969820 0.550655
vt 0.027513 0.381580
vt 0.243825 0.867386
vt 0.168752 0.883443
vt 0.621024 0.652325
vt 0.974230 0.565529
vt 0.006529 0.549491
vt 0.230991 0.641717
vt 0.317213 0.666634
vt 0.301024 0.657935
vt 0.771691 0.982703
vt 0.581008 0.205209
vt 0.701583 0.390827
vt 0.049587 0.654360
vt 0.829426 0.299248
vt 0.638340 0.108609
vt 0.716200 0.935634
vt 0.004332 0.765563
vt 0.398689 0.253626
vt 0.049633 0.277485
vt 0.771275 0.930697
vt 0.797069 0.807048
vt 0.067204 0.700419
vt 0.714505 0.930864
vt 0.988007 0.587560
vt 0.051276 0.664073
vt 0.867054 0.800566
vt 0.032112 0.750904
vt 0.001498 0.563377
vt 0.248843 0.653077
vt 0.828353 0.809776
vt 0.054779 0.720147
vt 0.049698 0.172145
vt 0.019577 0.378613
vt 0.223032 0.512233
vt 0.366453 0.260813
vt 0.333160 0.665247
vt 0.044773 0.631867
vt 0.016275 0.391945
vt 0.989374 0.626373
vt 0.005752 0.456906
vt 0.813802 0.808851
vt 0.065129 0.711408
vt 0.010140 0.414666
vt 0.979617 0.565526
vt 0.767947 0.925206
vt 0.989637 0.533117
vt 0.013777 0.374826
vt 0.323957 0.660255
vt 0.035500 0.621742
vt 0.012368 0.593702
vt 0.281221 0.648539
vt 0.732498 0.589015
vt 0.890597 0.808049
vt 0.342746 0.666014
vt 0.011117 0.394679
vt 0.621941 0.633711
vt 0.043816 0.156839
vt 0.714158 0.299837
vt 0.017505 0.542445
vt 0.997815 0.584218
vt 0.001654 0.413356
vt 0.851893 0.802497
vt 0.045071 0.740266
vt 0.637885 0.633258
vt 0.053026 0.257490
vt 0.118791 0.068675
vt 0.457915 0.891018
vt 0.002686 0.771484
vt 0.390345 0.259360
vt 0.983520 0.561586
vt 0.229244 0.866460
vt 0.708233 0.316072
vt 0.565234 0.128338
vt 0.030903 0.542995
vt 0.652911 0.611268
vt 0.371597 0.876306
vt 0.152569 0.882153
vt 0.589320 0.636512
vt 0.996512 0.562334
vt 0.004247 0.391681
vt 0.055483 0.192742
vt 0.990159 0.563048
vt 0.744689 0.587125
vt 0.177134 0.470895
vt 0.668059 0.125025
vt 0.725421 0.934430
vt 0.980595 0.547839
vt 0.017594 0.751226
vt 0.879363 0.809409
vt 0.342735 0.658066
vt 0.053955 0.632148
vt 0.134722 0.882477
vt 0.266636 0.647543
vt 0.697473 0.907662
vt 0.807887 0.850393
vt 0.956815 0.037499
vt 0.281927 0.837561
vt 0.786446 0.814650
vt 0.066599 0.688281
vt 0.761736 0.933533
vt 0.674712 0.184597
vt 0.861084 0.804638
vt 0.033378 0.740229
vt 0.023539 0.552165
vt 0.310752 0.648545
vt 0.031406 0.606295
vt 0.755994 0.585787
vt 0.180143 0.482726
vt 0.986519 0.545648
vt 0.327919 0.842448
vt 0.163632 0.499236
vt 0.900338 0.087153
vt 0.791543 0.905996
vt 0.573856 0.638769
vt 0.512877 0.891653
vt 0.576422 0.195132
vt 0.712149 0.378662
vt 0.038049 0.655931
vt 0.031241 0.664343
vt 0.723722 0.928026
vt 0.756217 0.928139
vt 0.949269 0.032769
vt 0.278753 0.851215
vt 0.011630 0.740189
vt 0.055859 0.623287
vt 0.201174 0.496473
vt 0.047034 0.237310
vt 0.734624 0.933670
vt 0.837218 0.332288
vt 0.676506 0.140798
vt 0.701710 0.363312
vt 0.026284 0.656273
vt 0.991553 0.541159
vt 0.009658 0.370535
vt 0.741518 0.331172
vt 0.545529 0.135806
vt 0.041806 0.542623
vt 0.752733 0.933004
vt 0.840047 0.360651
vt 0.618251 0.173797
vt 0.035171 0.726194
vt 0.098173 0.882726
vt 0.107843 0.021117
vt 0.212650 0.503014
vt 0.013834 0.568856
vt 0.259813 0.632871
vt 0.045050 0.688730
vt 0.116815 0.882705
vt 0.206075 0.864683
vt 0.033955 0.672866
vt 0.810785 0.864166
vt 0.707939 0.904627
vt 0.045025 0.614780
vt 0.745335 0.979793
vt 0.623892 0.157763
vt 0.012584 0.661957
vt 0.702332 0.340404
vt 0.052422 0.540938
vt 0.743412 0.933273
vt 0.017256 0.643182
vt 0.832904 0.348177
vt 0.565675 0.160443
vt 0.092179 0.882599
vt 0.109869 0.037753
vt 0.229400 0.506432
vt 0.367464 0.254443
vt 0.364821 0.854199
vt 0.027879 0.719139
vt 0.347712 0.857076
vt 0.022342 0.734577
vt 0.440109 0.869833
vt 0.738053 0.927973
vt 0.052629 0.699300
vt 0.043633 0.607048
vt 0.059611 0.244233
vt 0.233210 0.500688
vt 0.374769 0.248040
vt 0.931421 0.089443
vt 0.768238 0.902330
vt 0.687312 0.612705
vt 0.747677 0.922420
vt 0.176840 0.861135
vt 0.251338 0.846314
vt 0.010526 0.671443
vt 0.049712 0.552059
vt 0.010217 0.726518
vt 0.057879 0.607519
vt 0.056827 0.612969
vt 0.035588 0.205951
vt 0.051613 0.710974
vt 0.629960 0.610572
vt 0.005615 0.719287
vt 0.304339 0.645440
vt 0.037532 0.600080
vt 0.423691 0.871404
vt 0.385189 0.242869
vt 0.044331 0.273573
vt 0.725730 0.901228
vt 0.808255 0.899295
vt 0.806736 0.871094
vt 0.379447 0.852669
vt 0.484823 0.891534
vt 0.026341 0.578718
vt 0.271737 0.637329
vt 0.220643 0.497427
vt 0.033336 0.590523
vt 0.226958 0.843165
vt 0.097874 0.859793
vt 0.079805 0.030046
vt 0.091276 0.027703
vt 0.038119 0.568454
vt 0.396306 0.851134
vt 0.512816 0.867637
vt 0.572779 0.631527
vt 0.572125 0.603654
vt 0.029375 0.709720
vt 0.037878 0.699286
vt 0.155155 0.859921
vt 0.424335 0.231224
vt 0.037111 0.253791
vt 0.430121 0.221324
vt 0.031430 0.244243
vt 0.670745 0.612753
vt 0.198289 0.467600
vt 0.117315 0.859385
vt 0.604286 0.611943
vt 0.013969 0.687480
vt 0.055588 0.556294
vt 0.058327 0.566885
vt 0.474657 0.868787
vt 0.914930 0.090239
vt 0.781140 0.902129
vt 0.690994 0.588059
vt 0.402447 0.234967
vt 0.038968 0.265402
vt 0.032453 0.194239
vt 0.211995 0.478953
vt 0.360107 0.233398
vt 0.086831 0.041145
vt 0.646730 0.586682
vt 0.021644 0.698777
vt 0.219067 0.490464
vt 0.360801 0.239233
vt 0.038616 0.143215
vt 0.100551 0.086404
vt 0.951052 0.091824
vt 0.756469 0.899171
vt 0.455009 0.868864
vt 0.741158 0.570155
vt 0.189277 0.456321
vt 0.092092 0.060655
vt 0.725405 0.569219
vt 0.172524 0.445939
vt 0.833529 0.839950
vt 0.255631 0.829667
vt 0.136630 0.859954
vt 0.006665 0.708961
vt 0.059250 0.591519
vt 0.007370 0.697729
vt 0.053842 0.577714
vt 0.356753 0.834896
vt 0.892093 0.117007
vt 0.493314 0.868199
vt 0.240158 0.486588
vt 0.372480 0.228425
vt 0.020628 0.164387
vt 0.073478 0.112131
vt 0.969642 0.091442
vt 0.743337 0.896386
vt 0.811770 0.915488
vt 0.017268 0.150927
vt 0.079621 0.100602
vt 0.157569 0.836344
vt 0.584240 0.613291
vt 0.415548 0.215183
vt 0.195210 0.839652
vt 0.623103 0.586838
vt 0.420553 0.847676
vt 0.174004 0.837258
vt 0.908585 0.119026
vt 0.670641 0.586959
vt 0.930730 0.109252
vt 0.822401 0.881858
vt 0.026712 0.180046
vt 0.400539 0.222263
vt 0.452668 0.844999
vt 0.691247 0.564215
vt 0.168596 0.416860
vt 0.074505 0.086536
vt 0.855144 0.834619
vt 0.231929 0.823725
vt 0.247732 0.472588
vt 0.374043 0.217036
vt 0.436409 0.846060
vt 0.471985 0.844942
vt 0.069083 0.068893
vt 0.825437 0.902388
vt 0.430646 0.173963
vt 0.185774 0.418014
vt 0.138297 0.835979
vt 0.232288 0.470969
vt 0.358223 0.216373
vt 0.454474 0.182023
vt 0.012828 0.206054
vt 0.395080 0.208478
vt 0.656242 0.561117
vt 0.162249 0.382092
vt 0.199695 0.818380
vt 0.217214 0.823577
vt 0.872366 0.830713
vt 0.385898 0.828307
vt 0.885206 0.144617
vt 0.208452 0.455807
vt 0.672921 0.561866
vt 0.162589 0.397388
vt 0.063219 0.048508
vt 0.604090 0.587662
vt 0.183150 0.817641
vt 0.906547 0.824224
vt 0.118279 0.835656
vt 0.490831 0.844438
vt 0.838847 0.859857
vt 0.516557 0.842000
vt 0.583933 0.588213
vt 0.247416 0.463788
vt 0.357672 0.210779
vt 0.357642 0.199496
vt 0.952893 0.117763
vt 0.976318 0.810547
vt 0.059112 0.040200
vt 0.099793 0.834761
vt 0.374380 0.204916
vt 0.476959 0.132929
vt 0.063312 0.107152
vt 0.850811 0.880395
vt 0.463402 0.164149
vt 0.006083 0.188530
vt 0.228955 0.459055
vt 0.510829 0.842435
vt 0.209980 0.422812
vt 0.426041 0.820939
vt 0.876422 0.186250
vt 0.975575 0.115729
vt 0.835325 0.920584
vt 0.449048 0.816655
vt 0.874662 0.207801
vt 0.640787 0.559472
vt 0.160419 0.371788
vt 0.858885 0.857235
vt 0.470564 0.147627
vt 0.002502 0.172968
vt 0.061760 0.119745
vt 0.967300 0.816442
vt 0.112636 0.809519
vt 0.439700 0.153196
vt 0.152381 0.813250
vt 0.927751 0.820942
vt 0.905727 0.138422
vt 0.669598 0.558322
vt 0.184330 0.396087
vt 0.468633 0.815318
vt 0.869230 0.235918
vt 0.625483 0.559035
vt 0.165616 0.350018
vt 0.929063 0.135349
vt 0.234298 0.423543
vt 0.404594 0.173233
vt 0.947189 0.818604
vt 0.132664 0.811683
vt 0.875945 0.854315
vt 0.981902 0.126668
vt 0.850385 0.905046
vt 0.902745 0.155659
vt 0.258363 0.428254
vt 0.357184 0.163654
vt 0.508408 0.811023
vt 0.573858 0.557407
vt 0.867440 0.262012
vt 0.162454 0.301975
vt 0.483311 0.117278
vt 0.055231 0.101169
vt 0.898671 0.179628
vt 0.902572 0.852895
vt 0.490193 0.097765
vt 0.048112 0.075425
vt 0.407945 0.160770
vt 0.265167 0.420005
vt 0.378459 0.166415
vt 0.451006 0.121068
vt 0.183096 0.378884
vt 0.497657 0.078094
vt 0.040102 0.056248
vt 0.605758 0.558391
vt 0.160463 0.321778
vt 0.986416 0.815609
vt 0.500518 0.069410
vt 0.038872 0.046673
vt 0.896942 0.195147
vt 0.915540 0.849847
vt 0.953372 0.144877
vt 0.209804 0.410311
vt 0.894991 0.211394
vt 0.181478 0.357495
vt 0.925805 0.160897
vt 0.208652 0.393983
vt 0.445227 0.136006
vt 0.979776 0.137590
vt 0.857013 0.922621
vt 0.456750 0.104550
vt 0.488309 0.813040
vt 0.868743 0.258401
vt 0.585651 0.557309
vt 0.159098 0.313403
vt 0.414186 0.144450
vt 0.875069 0.904324
vt 0.430351 0.102771
vt 0.876533 0.878654
vt 0.381060 0.153128
vt 0.983347 0.159866
vt 0.867711 0.927951
vt 0.877654 0.929360
vt 0.238615 0.410806
vt 0.903891 0.874221
vt 0.893969 0.231411
vt 0.421334 0.127446
vt 0.891499 0.270184
vt 0.182394 0.297864
vt 0.181387 0.330781
vt 0.893022 0.250909
vt 0.262277 0.413173
vt 0.367483 0.151008
vt 0.876099 0.275146
vt 0.182016 0.310164
vt 0.990241 0.845518
vt 0.471277 0.052901
vt 0.459583 0.049405
vt 0.467544 0.065195
vt 0.928458 0.872718
vt 0.898120 0.898563
vt 0.970560 0.846929
vt 0.922536 0.183633
vt 0.235674 0.394049
vt 0.386236 0.135463
vt 0.207065 0.377546
vt 0.919420 0.209715
vt 0.931858 0.848446
vt 0.205724 0.358687
vt 0.461263 0.086544
vt 0.951487 0.847790
vt 0.965761 0.186730
vt 0.991607 0.185756
vt 0.906158 0.919243
vt 0.917649 0.234002
vt 0.945711 0.180957
vt 0.231381 0.376203
vt 0.267845 0.391206
vt 0.360867 0.119678
vt 0.395584 0.120881
vt 0.952374 0.871713
vt 0.941856 0.202500
vt 0.921713 0.895383
vt 0.404036 0.104603
vt 0.442738 0.058435
vt 0.997675 0.883273
vt 0.205617 0.329248
vt 0.437954 0.077954
vt 0.376366 0.110657
vt 0.409769 0.088571
vt 0.916135 0.278996
vt 0.206387 0.310014
vt 0.445193 0.045442
vt 0.985022 0.870672
vt 0.227165 0.353725
vt 0.249395 0.372799
vt 0.940974 0.219033
vt 0.986544 0.186059
vt 0.272968 0.366491
vt 0.361745 0.102227
vt 0.916429 0.272167
vt 0.214604 0.298422
vt 0.917390 0.253519
vt 0.248769 0.358708
vt 0.964316 0.206395
vt 0.925012 0.917197
vt 0.940370 0.235853
vt 0.947936 0.893930
vt 0.414367 0.070756
vt 0.228373 0.328742
vt 0.940462 0.254621
vt 0.939386 0.277966
vt 0.951416 0.278564
vt 0.230081 0.310456
vt 0.246446 0.335926
vt 0.382654 0.095338
vt 0.951990 0.912188
vt 0.939817 0.273441
vt 0.393303 0.071400
vt 0.973785 0.894027
vt 0.426481 0.039189
vt 0.992192 0.893604
vt 0.997768 0.894003
vt 0.418883 0.051786
vt 0.968163 0.222235
vt 0.262423 0.344565
vt 0.990382 0.209855
vt 0.924457 0.933077
vt 0.933513 0.936844
vt 0.281576 0.348681
vt 0.378661 0.071838
vt 0.940881 0.926686
vt 0.959247 0.237631
vt 0.973695 0.912939
vt 0.250270 0.299065
vt 0.959861 0.273569
vt 0.254107 0.301230
vt 0.975542 0.275980
vt 0.262914 0.320238
vt 0.279579 0.327722
vt 0.369161 0.052803
vt 0.372016 0.039120
vt 0.249029 0.311925
vt 0.999042 0.262075
vt 0.969640 0.928220
vt 0.991662 0.240877
vt 0.949252 0.938246
vt 0.956721 0.938725
vt 0.959670 0.255147
vt 0.405268 0.034477
vt 0.390227 0.034993
vt 0.991234 0.922101
vt 0.398259 0.047412
vt 0.974397 0.239051
vt 0.382789 0.045008
vt 0.994184 0.937765
vt 0.975233 0.262359
vt 0.287002 0.305793
vt 0.993267 0.271116
vt 0.372649 0.033951
vt 0.988272 0.938423
s 1
usemtl tripo_mat_0a244f7d-be21-4ea4-a9d7-ccb9c7ede196
f 125/210/1 184/289/2 107/186/3
s 0
f 23/38/4 125/210/5 107/186/6
f 23/38/7 107/186/8 16/23/9
s 1
f 191/302/10 107/186/3 184/289/2
f 298/443/11 304/451/12 191/302/10
s 0
f 298/443/13 376/559/14 304/451/15
s 1
f 393/585/16 289/431/17 304/451/12
f 289/431/17 357/530/18 255/384/19
f 357/530/18 289/431/17 393/585/16
f 393/585/16 304/451/12 376/559/20
f 447/661/21 393/585/16 376/559/20
s 0
f 409/608/22 376/559/23 298/443/24
f 629/922/25 23/38/26 16/23/27
s 1
f 631/927/28 16/23/29 29/55/30
f 107/186/3 191/302/10 181/284/31
s 0
f 135/226/32 29/55/33 107/186/32
s 1
f 16/23/29 107/186/34 29/55/30
s 0
f 25/46/35 23/39/36 630/924/37
f 27/51/38 92/162/39 89/159/40
f 108/187/41 27/51/42 89/159/43
s 1
f 685/999/44 1/2/45 50/94/46
f 1/2/45 118/199/47 50/94/46
f 25/46/48 125/211/49 23/39/50
s 0
f 25/46/51 103/181/52 125/211/53
f 103/181/54 182/285/55 125/211/56
s 1
f 125/211/1 182/285/57 184/288/2
s 0
f 184/288/58 182/285/59 329/484/60
s 1
f 103/181/61 108/187/62 219/335/63
f 103/181/61 219/335/63 182/285/64
f 27/51/65 108/187/62 103/181/61
s 0
f 184/288/66 329/484/67 298/442/68
s 1
f 329/484/69 219/335/63 322/472/70
f 219/335/63 329/484/69 182/285/64
f 384/569/71 409/609/72 298/442/73
f 384/569/71 298/442/73 329/484/69
f 329/484/69 322/472/70 384/569/71
f 322/472/70 219/335/63 297/441/74
f 89/159/75 219/335/63 108/187/62
f 411/611/76 322/472/70 297/441/74
s 0
f 411/611/77 297/441/78 416/617/79
s 1
f 322/472/70 411/611/76 384/569/71
f 411/611/76 416/617/80 436/646/81
f 279/419/82 328/483/83 297/441/74
f 279/419/82 297/441/74 219/335/63
f 279/419/82 158/257/84 328/483/83
f 328/483/83 158/257/84 118/199/85
f 328/483/83 118/199/85 332/488/86
f 420/622/87 328/483/83 332/488/86
f 440/652/88 328/483/83 420/622/87
f 416/617/80 328/483/83 440/652/88
f 297/441/74 328/483/83 416/617/80
f 416/617/80 440/652/88 429/635/89
f 436/646/81 416/617/80 429/635/89
f 89/159/75 279/419/82 219/335/63
f 89/159/90 92/162/91 50/94/46
f 158/257/92 89/159/90 50/94/46
s 0
f 118/199/93 158/257/94 50/94/95
f 89/159/96 158/257/97 279/419/97
s 1
f 777/1133/98 630/925/99 732/1068/100
s 0
f 732/1068/101 631/928/102 694/1012/103
f 732/1068/104 694/1012/105 716/1045/106
s 1
f 694/1012/107 654/963/108 716/1045/109
f 790/1150/110 716/1045/109 654/963/108
f 716/1045/109 925/1368/111 732/1068/100
f 925/1368/111 716/1045/109 843/1233/112
f 716/1045/109 790/1150/110 843/1233/112
f 654/963/108 663/973/113 790/1150/110
f 843/1233/112 790/1150/110 904/1337/114
f 944/1396/115 843/1233/112 956/1414/116
f 925/1368/111 843/1233/112 944/1396/115
f 925/1368/111 944/1396/115 965/1429/117
s 0
f 965/1429/118 933/1379/119 870/1281/120
s 1
f 732/1068/100 870/1281/121 777/1133/98
f 925/1368/111 870/1281/121 732/1068/100
s 0
f 23/40/122 629/923/123 630/925/124
s 1
f 631/928/28 629/923/125 16/24/29
f 631/928/28 29/54/30 694/1012/107
f 630/925/99 629/923/126 732/1068/100
s 0
f 629/923/127 631/928/128 732/1068/129
s 1
f 1009/1489/130 933/1379/131 1018/1505/132
f 1007/1487/133 1018/1505/132 933/1379/131
f 965/1429/117 1007/1487/133 933/1379/131
f 944/1396/115 1007/1487/133 965/1429/117
f 1031/1527/134 1007/1487/133 989/1461/135
f 944/1396/115 989/1461/135 1007/1487/133
f 904/1337/114 956/1414/116 843/1233/112
f 989/1461/135 944/1396/115 956/1414/116
f 790/1150/110 731/1067/136 781/1138/137
f 904/1337/114 790/1150/110 921/1361/138
f 988/1460/139 904/1337/114 921/1361/138
f 904/1337/114 988/1460/139 983/1452/140
f 956/1414/116 904/1337/114 983/1452/140
f 956/1414/116 983/1452/140 989/1461/135
f 1022/1511/141 989/1461/135 983/1452/140
f 983/1452/140 988/1460/139 1022/1511/141
f 989/1461/135 1022/1511/141 1031/1527/134
f 1064/1576/142 1007/1487/133 1031/1527/134
s 0
f 1018/1505/143 1007/1487/144 1041/1542/145
s 1
f 1041/1542/146 1009/1489/130 1018/1505/132
f 1064/1576/142 1041/1542/146 1007/1487/133
f 777/1134/98 744/1081/147 630/926/99
f 648/955/148 744/1081/147 742/1079/149
s 0
f 630/926/150 744/1081/151 25/44/152
f 648/955/153 25/45/154 744/1081/155
s 1
f 25/45/156 648/955/148 27/49/65
f 695/1013/157 92/164/91 649/956/158
f 648/955/148 803/1170/159 649/956/158
f 649/956/158 92/163/91 27/50/65
f 649/956/158 27/50/65 648/955/148
f 649/956/158 803/1170/159 840/1230/160
f 785/1143/161 649/956/158 840/1230/160
f 840/1230/160 803/1170/159 835/1222/162
f 785/1143/161 840/1230/160 848/1241/163
f 840/1230/160 835/1222/162 919/1357/164
s 0
f 848/1241/165 840/1230/166 919/1357/167
s 1
f 919/1357/164 851/1244/168 942/1392/169
f 919/1357/164 942/1392/169 974/1443/170
f 1004/1483/171 974/1443/170 942/1392/169
f 1004/1483/171 942/1392/169 971/1440/172
f 1004/1483/171 971/1440/172 1009/1490/130
f 1004/1483/171 1009/1490/130 1051/1559/173
f 1065/1578/174 1009/1490/130 1041/1543/146
f 1051/1559/173 1009/1490/130 1065/1578/174
f 648/955/148 742/1079/149 803/1170/159
f 654/962/108 29/55/30 44/83/175
f 44/83/175 29/55/30 86/155/176
f 44/83/175 138/229/177 79/148/178
f 180/283/179 138/229/177 269/403/180
f 351/521/181 269/403/180 367/545/182
f 269/403/180 351/521/181 180/283/179
f 351/521/181 405/602/183 316/466/184
f 351/521/181 316/466/184 180/283/179
f 195/308/185 180/283/179 316/466/184
f 5/10/186 180/283/179 195/308/185
s 0
f 180/283/187 5/10/188 79/148/189
s 1
f 86/155/176 135/226/190 255/384/19
f 29/55/30 135/226/190 86/155/176
s 0
f 138/229/191 86/155/192 269/403/191
s 1
f 255/384/19 269/403/180 86/155/176
f 255/384/19 367/545/182 269/403/180
f 135/226/190 107/186/3 181/284/31
f 181/284/31 191/302/10 304/451/12
f 289/431/17 255/384/19 135/226/190
f 181/284/31 289/431/17 135/226/190
f 304/451/12 289/431/17 181/284/31
f 409/608/72 464/686/193 376/559/194
f 376/559/194 464/686/193 465/688/195
f 851/1244/168 742/1079/149 744/1081/147
f 919/1357/164 835/1222/162 851/1244/168
f 742/1079/149 851/1244/168 835/1222/162
f 742/1079/149 835/1222/162 803/1170/159
f 744/1081/147 777/1134/98 851/1244/168
s 0
f 777/1134/196 870/1280/197 851/1244/198
s 1
f 870/1280/199 933/1380/200 851/1244/201
s 0
f 851/1244/202 933/1380/203 971/1440/204
s 1
f 971/1440/172 942/1392/169 851/1244/168
f 191/302/10 184/289/2 298/443/11
f 88/158/205 1/2/45 28/52/206
f 88/158/205 28/52/206 127/213/207
f 275/413/208 88/158/205 127/213/207
s 0
f 256/385/209 275/413/210 127/213/211
s 1
f 94/167/212 127/213/207 28/52/206
f 28/52/206 24/43/213 94/167/212
f 256/385/214 127/213/207 94/167/212
f 275/413/208 118/199/47 88/158/205
s 0
f 275/413/215 332/488/216 118/199/217
s 1
f 209/324/218 256/385/214 94/167/212
f 123/208/219 209/324/218 94/167/212
f 355/527/220 209/324/218 211/327/221
f 209/324/218 123/208/219 211/327/221
f 137/228/222 211/327/221 123/208/219
f 355/527/220 211/327/221 394/586/223
f 211/327/221 389/576/224 394/586/223
f 256/385/214 209/324/218 355/527/220
f 448/662/225 362/538/226 355/527/220
s 0
f 448/662/227 355/527/228 394/586/229
s 1
f 256/385/214 355/527/220 362/538/226
f 256/385/214 362/538/226 275/413/230
f 27/51/65 103/181/61 25/46/156
f 694/1012/107 29/56/30 654/963/108
f 44/82/175 663/973/113 654/963/108
f 663/973/113 731/1067/136 790/1150/110
f 79/147/178 731/1067/136 663/973/113
f 367/545/182 357/530/18 421/623/231
f 357/530/18 432/640/232 421/623/231
f 421/623/231 407/606/233 367/545/182
f 351/521/181 367/545/182 407/606/233
f 405/602/183 370/550/234 316/466/184
f 405/602/183 351/521/181 407/606/233
f 427/631/235 370/550/234 405/602/183
f 405/602/183 407/606/233 459/678/236
f 421/623/231 472/698/237 407/606/233
f 490/730/238 421/623/231 432/640/232
f 432/640/232 474/702/239 490/730/238
f 447/661/21 465/688/240 474/702/239
f 465/688/240 495/736/241 474/702/239
f 517/766/242 465/688/195 464/686/193
f 447/661/21 432/640/232 393/585/16
f 447/661/21 474/702/239 432/640/232
s 0
f 447/661/243 376/559/244 465/688/243
s 1
f 464/686/193 409/608/72 446/659/245
f 255/384/19 357/530/18 367/545/182
f 86/155/176 138/229/177 44/83/175
f 446/660/245 409/609/72 384/569/71
f 411/611/76 446/660/245 384/569/71
f 446/660/245 436/646/81 482/718/246
f 482/718/246 436/646/81 500/744/247
f 446/660/245 411/611/76 436/646/81
f 429/635/89 500/745/247 436/646/81
s 0
f 446/660/248 482/718/249 464/687/250
s 1
f 464/687/193 482/718/246 517/767/242
f 79/147/251 5/9/252 696/1014/253
s 0
f 79/147/254 696/1014/255 731/1067/256
s 1
f 696/1014/257 781/1138/137 731/1067/136
s 0
f 671/984/258 696/1014/259 5/9/260
s 1
f 849/1242/261 696/1014/257 671/984/262
s 0
f 671/984/263 5/9/264 37/70/265
f 657/966/266 671/984/267 37/70/268
s 1
f 671/984/262 657/966/269 849/1242/261
f 37/70/270 21/34/271 657/966/269
f 849/1242/261 657/966/269 765/1111/272
f 902/1335/273 900/1333/274 765/1111/272
f 765/1111/272 900/1333/274 849/1242/261
f 849/1242/261 781/1138/137 696/1014/257
f 759/1103/275 869/1276/276 902/1335/273
f 759/1103/275 902/1335/273 765/1111/272
s 0
f 951/1406/277 939/1389/278 848/1241/279
s 1
f 951/1406/280 848/1241/281 919/1357/282
s 0
f 919/1357/283 974/1443/284 951/1406/285
s 1
f 911/1346/286 939/1389/287 946/1399/288
f 705/1027/289 939/1389/287 911/1346/286
f 939/1389/287 705/1027/289 848/1241/163
f 848/1241/163 705/1027/289 785/1143/161
f 695/1013/157 649/956/158 785/1143/161
f 705/1027/289 685/1000/44 50/95/46
f 92/164/91 695/1013/157 50/95/46
f 50/95/46 695/1013/157 785/1143/161
f 925/1368/111 965/1429/117 870/1281/121
f 393/585/16 432/640/232 357/530/18
f 472/698/237 459/679/236 407/606/233
f 138/229/177 180/283/179 79/148/178
f 44/83/175 79/148/178 663/974/113
f 28/53/206 1/1/45 747/1084/290
f 50/95/46 785/1143/161 705/1027/289
f 705/1027/289 911/1346/286 685/1000/44
f 911/1346/286 752/1093/291 685/1000/44
f 752/1093/291 747/1084/290 685/1000/44
f 747/1084/290 1/1/45 685/1000/44
s 0
f 939/1389/292 951/1406/293 978/1447/294
s 1
f 911/1346/286 946/1399/288 752/1093/291
f 24/41/213 28/53/206 747/1084/290
f 747/1084/290 752/1093/291 623/916/295
f 747/1084/290 623/916/295 24/41/213
f 623/916/295 746/1083/296 15/21/297
f 623/916/295 15/21/297 24/42/213
f 652/959/298 622/914/299 15/21/297
s 0
f 652/959/300 713/1042/300 69/130/301
s 1
f 57/107/302 69/130/303 713/1042/304
f 652/959/305 867/1273/306 713/1042/307
f 652/959/305 746/1083/296 855/1249/308
f 746/1083/296 623/916/295 741/1078/309
f 746/1083/296 741/1078/309 832/1218/310
f 746/1083/296 832/1218/310 855/1249/308
s 0
f 959/1418/311 855/1249/312 832/1218/313
f 959/1418/314 957/1415/315 855/1249/316
s 1
f 855/1249/308 867/1273/306 652/959/305
s 0
f 15/21/317 746/1083/318 652/959/319
s 1
f 455/672/320 445/657/321 362/538/226
f 403/600/322 445/657/321 466/690/323
f 403/600/322 466/690/323 420/622/87
f 466/690/323 440/652/88 420/622/87
f 440/652/88 466/690/323 473/700/324
f 445/657/321 403/600/322 362/538/226
f 403/600/322 420/622/87 332/488/86
f 332/488/86 275/413/230 403/600/322
f 403/600/322 275/413/230 362/538/226
f 448/662/225 455/672/320 362/538/226
f 939/1389/287 978/1447/325 946/1399/288
f 978/1447/325 951/1406/326 998/1472/327
f 978/1447/325 998/1472/327 1002/1480/328
f 1002/1480/328 984/1453/329 978/1447/325
f 1004/1483/171 1051/1559/173 1032/1529/330
f 974/1443/170 1004/1483/171 1032/1529/330
f 1023/1513/331 951/1406/326 1032/1529/330
f 1032/1529/330 951/1406/326 974/1443/170
f 951/1406/326 1023/1513/331 998/1472/327
f 933/1381/131 1009/1490/130 971/1440/172
f 741/1078/309 752/1093/291 832/1218/310
f 946/1399/288 832/1218/310 752/1093/291
f 752/1093/291 741/1078/309 623/916/295
f 984/1453/329 946/1399/288 978/1447/325
f 832/1218/310 946/1399/288 959/1418/332
f 959/1418/332 946/1399/288 984/1453/329
f 1002/1480/328 998/1472/327 1030/1525/333
f 924/1367/334 781/1138/137 849/1242/261
f 781/1138/137 924/1367/334 932/1378/335
f 975/1444/336 781/1138/137 932/1378/335
f 781/1138/137 921/1361/138 790/1150/110
f 924/1367/334 849/1242/261 900/1333/274
f 924/1367/334 900/1333/274 964/1427/337
f 988/1460/139 1020/1507/338 1022/1511/141
f 975/1444/336 1020/1507/338 988/1460/139
f 921/1361/138 975/1444/336 988/1460/139
f 781/1138/137 975/1444/336 921/1361/138
f 902/1335/273 964/1427/337 900/1333/274
s 0
f 902/1335/339 869/1276/340 964/1427/341
s 1
f 118/199/47 1/2/45 88/158/205
f 406/604/342 347/514/343 370/550/234
f 406/604/342 370/550/234 427/631/235
f 352/522/344 347/514/343 406/604/342
s 0
f 235/356/345 370/550/346 347/514/347
s 1
f 280/420/348 347/514/343 352/522/344
f 111/191/349 198/311/350 121/204/351
f 111/191/349 235/356/352 198/311/350
f 198/311/350 235/356/352 280/420/348
f 280/420/348 235/356/352 347/514/343
f 370/550/234 235/356/352 316/466/184
f 316/466/184 235/356/352 195/308/185
s 0
f 21/35/353 37/71/354 121/204/354
s 1
f 111/191/349 121/204/351 37/71/355
f 235/356/352 111/191/349 195/308/185
s 0
f 195/308/356 111/191/357 5/10/356
f 111/191/358 37/71/359 5/10/358
s 1
f 440/652/88 473/700/324 429/635/89
f 964/1427/337 1000/1477/360 924/1367/334
f 932/1378/335 924/1367/334 1000/1477/360
f 932/1378/335 1000/1477/360 1020/1507/361
s 0
f 932/1378/362 1020/1507/363 975/1444/364
s 1
f 500/746/247 429/636/89 486/725/365
f 486/725/365 429/637/89 473/701/324
f 445/658/321 455/673/320 499/743/366
f 499/743/366 455/673/320 471/697/367
f 445/658/321 507/755/368 466/691/323
f 482/719/246 500/746/247 532/788/369
f 517/768/242 482/719/246 537/794/370
f 544/805/371 537/794/370 482/719/246
f 544/805/371 482/719/246 532/788/369
f 537/795/370 544/805/371 558/824/372
f 544/805/371 532/788/369 558/824/372
f 532/788/369 563/830/373 558/824/372
f 558/824/372 563/830/373 599/873/374
f 539/798/375 559/825/376 532/788/369
f 563/830/373 532/788/369 559/825/376
f 553/817/377 559/825/376 535/792/378
f 486/725/365 532/788/369 500/746/247
f 486/725/365 539/798/375 532/788/369
f 506/754/379 539/798/375 486/725/365
f 506/754/379 473/701/324 466/691/323
f 506/754/379 486/725/365 473/701/324
f 455/673/320 448/663/225 471/697/367
f 539/798/375 506/754/379 535/792/378
f 506/754/379 507/755/368 535/792/378
f 559/825/376 539/798/375 535/792/378
f 507/755/368 499/743/366 535/792/378
f 559/825/376 553/817/377 575/843/380
f 563/830/373 559/825/376 575/843/380
f 582/851/381 553/817/377 566/833/382
f 556/820/383 566/833/382 553/817/377
f 556/820/383 553/817/377 535/792/378
f 582/851/381 575/843/380 553/817/377
s 0
f 575/843/384 582/851/385 596/868/386
s 1
f 585/854/387 563/830/373 575/843/380
f 599/873/374 563/830/373 585/854/387
f 507/755/368 445/658/321 499/743/366
s 0
f 498/742/388 538/797/389 520/772/390
s 1
f 556/820/383 549/810/391 566/833/382
s 0
f 556/820/392 538/797/393 549/810/394
s 1
f 528/783/395 549/810/396 538/797/397
f 535/792/378 520/772/398 556/820/383
f 535/792/378 499/743/366 520/772/398
f 498/742/399 471/697/367 488/727/400
f 498/742/399 520/772/398 499/743/366
f 499/743/366 471/697/367 498/742/399
f 425/629/401 471/697/367 448/663/225
f 448/663/225 394/587/223 425/629/401
f 471/697/367 425/629/401 454/671/402
f 454/671/402 488/727/400 471/697/367
f 389/575/224 425/629/401 394/588/223
f 425/629/401 389/575/224 412/612/403
s 0
f 454/671/404 425/629/405 412/612/406
s 1
f 441/653/407 469/694/408 454/671/402
f 412/612/409 441/653/407 454/671/402
f 469/694/408 441/653/407 452/668/410
f 469/694/408 452/668/410 476/705/411
f 441/653/407 412/612/409 419/620/412
f 441/653/407 419/620/412 452/668/410
f 504/751/413 469/694/408 476/706/411
f 504/751/413 534/790/414 505/753/415
f 505/753/415 534/790/414 528/783/395
f 528/783/395 488/727/400 505/753/415
f 469/694/408 504/751/413 505/753/415
s 0
f 389/575/416 363/539/417 412/612/418
f 419/620/419 363/539/419 392/582/419
s 1
f 412/612/409 363/539/420 419/620/412
s 0
f 419/620/421 392/582/421 401/597/421
s 1
f 336/493/422 391/580/423 282/423/424
f 391/580/423 401/597/425 392/582/426
f 293/436/427 391/580/423 392/582/426
f 391/580/423 293/436/427 282/423/424
f 68/125/428 240/363/429 220/338/430
s 0
f 465/689/431 517/769/432 495/737/433
s 1
f 474/703/239 495/737/241 526/780/434
f 421/624/231 490/731/238 492/733/435
f 421/625/231 492/733/435 472/699/237
f 495/737/436 517/769/242 537/796/370
s 0
f 495/737/437 537/796/438 526/780/439
s 1
f 537/796/370 558/822/372 573/840/440
f 580/849/441 537/796/370 573/840/440
f 573/840/440 586/855/442 580/849/441
f 586/855/442 573/840/440 593/864/443
f 593/864/443 573/840/440 558/823/372
f 537/796/370 580/849/441 526/780/434
f 526/780/434 545/806/444 474/703/239
f 545/806/444 530/786/445 474/703/239
f 490/731/238 474/703/239 530/786/445
f 492/733/435 490/731/238 530/786/445
f 580/849/441 545/806/444 526/780/434
f 580/849/441 586/855/442 572/839/446
f 586/855/442 571/838/447 572/839/446
f 572/839/446 545/806/444 580/849/441
f 572/839/446 540/799/448 545/806/444
f 572/839/446 571/838/447 540/799/448
f 571/838/447 586/855/442 595/867/449
f 571/838/447 584/853/450 565/832/451
f 584/853/450 571/838/447 595/867/449
f 595/867/449 592/863/452 584/853/450
f 607/886/453 609/889/454 595/867/449
f 612/895/455 609/889/454 607/886/453
f 612/895/455 613/896/456 609/889/454
s 0
f 609/889/457 603/878/458 592/863/459
s 1
f 586/855/442 607/886/453 595/867/449
f 595/867/449 609/889/454 592/863/452
f 593/864/443 607/886/453 586/855/442
f 593/864/443 599/872/374 607/886/453
f 614/899/460 612/895/455 607/886/453
f 603/879/461 589/858/462 592/863/452
f 589/858/462 562/828/463 564/831/464
f 562/828/463 550/813/465 564/831/464
f 592/863/452 564/831/464 584/853/450
f 546/807/466 564/831/464 550/813/465
f 541/800/467 546/807/466 509/757/468
f 527/781/469 546/807/466 550/813/465
s 0
f 613/897/470 612/895/471 614/899/472
s 1
f 466/691/323 507/755/368 506/754/379
f 405/603/183 459/680/236 427/632/235
f 444/656/473 352/523/344 406/605/342
f 352/523/344 444/656/473 372/553/474
f 444/656/473 406/605/342 427/632/235
f 492/733/435 530/786/445 512/760/475
f 492/733/435 512/760/475 472/699/237
f 545/806/444 540/799/448 530/786/445
f 530/786/445 540/799/448 512/760/475
f 512/760/475 459/680/236 472/699/237
f 459/680/236 512/760/475 491/732/476
f 459/680/236 491/732/476 467/692/477
f 427/632/235 467/692/477 444/656/473
f 467/692/477 427/632/235 459/680/236
f 541/800/467 512/760/475 540/799/448
f 540/799/448 571/838/447 565/832/451
f 540/799/448 565/832/451 541/800/467
f 565/832/451 546/807/466 541/800/467
f 564/831/464 546/807/466 565/832/451
f 1078/1595/478 1041/1544/146 1064/1577/142
f 1076/1592/479 1080/1598/480 1041/1544/146
f 1064/1577/142 1031/1528/134 1078/1595/478
f 1041/1544/146 1078/1595/478 1076/1592/479
f 1078/1595/478 1031/1528/134 1074/1590/481
s 0
f 1031/1528/482 1022/1512/483 1057/1568/484
s 1
f 1031/1528/134 1057/1568/485 1074/1590/481
s 0
f 1097/1619/486 1078/1595/487 1074/1590/488
f 1097/1619/489 1119/1647/490 1078/1595/491
s 1
f 1118/1645/492 1076/1592/479 1078/1595/478
f 1057/1568/485 1022/1512/141 1020/1508/338
f 1000/1478/360 964/1428/337 1029/1524/493
f 1020/1508/361 1000/1478/360 1043/1548/494
f 1020/1508/338 1053/1564/495 1057/1568/485
f 1074/1590/481 1057/1568/485 1090/1611/496
f 1074/1590/481 1090/1611/496 1097/1619/497
f 1078/1595/478 1119/1647/498 1118/1645/492
s 0
f 1127/1655/499 1119/1647/500 1097/1619/500
s 1
f 1127/1655/501 1097/1619/497 1123/1651/502
f 1119/1647/498 1132/1662/503 1118/1645/492
s 0
f 1119/1647/504 1127/1655/505 1132/1662/506
s 1
f 1076/1592/479 1118/1645/492 1111/1635/507
f 1132/1662/503 1128/1656/508 1118/1645/492
f 1150/1693/509 1127/1655/501 1123/1651/502
f 1115/1641/510 1121/1649/511 1137/1669/512
f 1142/1677/513 1115/1641/510 1137/1669/512
f 1115/1641/510 1142/1677/513 1123/1651/502
f 1153/1698/514 1142/1677/513 1137/1669/512
f 1142/1677/513 1150/1693/509 1123/1651/502
f 1144/1680/515 1127/1655/501 1150/1693/509
f 1145/1682/516 1144/1680/515 1155/1701/517
s 0
f 1145/1682/518 1155/1701/519 1156/1703/520
s 1
f 1065/1579/174 1041/1545/146 1080/1599/480
f 1051/1560/173 1065/1579/174 1080/1599/480
s 0
f 1051/1560/521 1080/1599/522 1077/1594/523
s 1
f 1032/1530/330 1051/1560/173 1077/1594/524
f 1111/1636/507 1080/1599/480 1076/1593/479
f 1032/1530/330 1077/1594/524 1058/1569/525
f 1077/1594/524 1080/1599/480 1107/1631/526
f 1111/1636/507 1107/1631/526 1080/1599/480
f 1147/1687/527 1128/1658/508 1144/1679/515
f 1129/1659/528 1128/1658/508 1147/1687/527
f 1107/1631/526 1126/1654/529 1113/1639/530
f 1107/1631/526 1113/1639/530 1092/1613/531
f 1126/1654/529 1129/1659/528 1113/1639/530
f 1129/1659/528 1120/1648/532 1113/1639/530
f 1114/1640/533 1113/1639/530 1120/1648/532
f 1113/1639/530 1114/1640/533 1099/1621/534
s 0
f 1087/1608/535 1060/1571/536 1089/1610/537
s 1
f 1089/1610/538 1099/1621/534 1087/1608/539
f 1089/1610/538 1060/1571/540 1049/1556/541
f 1060/1571/542 1087/1608/539 1072/1588/543
f 993/1465/544 1056/1567/545 1019/1506/546
f 1019/1506/546 1001/1479/547 993/1465/544
f 993/1465/544 1001/1479/547 957/1416/548
f 959/1419/332 984/1454/329 993/1465/544
f 1002/1481/328 1030/1526/333 984/1454/329
f 1030/1526/333 993/1465/544 984/1454/329
s 0
f 998/1473/549 1023/1514/550 1049/1556/551
s 1
f 1023/1514/331 1058/1569/525 1049/1556/541
f 1058/1569/525 1023/1514/331 1032/1530/330
f 1049/1556/541 1030/1526/333 998/1473/327
f 1030/1526/333 1049/1556/541 1060/1571/540
f 1030/1526/333 1056/1567/545 993/1465/544
f 957/1416/548 959/1419/332 993/1465/544
f 867/1274/306 855/1250/308 940/1390/552
f 940/1390/552 949/1403/553 867/1274/306
s 0
f 867/1274/554 949/1403/555 713/1041/554
s 1
f 877/1292/556 953/1408/557 927/1371/558
f 877/1292/556 886/1310/559 768/1116/560
f 886/1310/559 877/1292/556 927/1371/558
f 768/1116/560 886/1310/559 821/1200/561
f 768/1116/560 821/1200/561 778/1135/562
f 877/1292/556 768/1116/560 684/997/563
f 670/982/564 768/1116/560 778/1135/562
f 670/982/564 778/1135/562 639/937/565
f 639/937/565 778/1135/562 710/1033/566
f 710/1033/566 778/1135/562 821/1200/561
f 899/1331/567 821/1200/561 886/1310/559
f 899/1331/567 886/1310/559 927/1371/558
f 909/1342/568 927/1371/558 953/1408/557
f 1034/1532/569 1001/1479/547 1019/1506/546
f 1034/1532/569 1040/1540/570 1010/1491/571
f 1017/1504/572 1034/1532/569 1010/1491/571
f 1017/1504/572 1001/1479/547 1034/1532/569
f 1010/1491/571 987/1458/573 995/1467/574
f 995/1467/574 1017/1504/572 1010/1491/571
f 927/1371/558 909/1342/568 899/1331/567
f 940/1390/552 855/1250/308 957/1416/548
f 940/1390/552 957/1416/548 1001/1479/547
f 995/1467/574 940/1390/552 1001/1479/547
f 940/1390/552 995/1467/574 949/1403/553
f 1017/1504/572 995/1467/574 1001/1479/547
f 1058/1569/525 1092/1613/531 1049/1556/541
f 1092/1613/531 1089/1610/538 1049/1556/541
f 1099/1621/534 1092/1613/531 1113/1639/530
f 1030/1526/333 1060/1571/540 1056/1567/545
f 1092/1613/531 1058/1569/525 1077/1594/524
f 1077/1594/524 1107/1631/526 1092/1613/531
f 1126/1654/529 1107/1631/526 1111/1636/507
f 1126/1654/529 1111/1636/507 1128/1658/508
f 1128/1658/508 1111/1636/507 1118/1646/492
f 1034/1532/569 1056/1567/545 1072/1588/543
f 1056/1567/545 1034/1532/569 1019/1506/546
f 1034/1532/569 1072/1588/543 1040/1540/570
s 0
f 1056/1567/575 1060/1571/576 1072/1588/577
s 1
f 1087/1608/539 1099/1621/534 1100/1622/578
f 1047/1553/579 1040/1540/570 1079/1596/580
f 1072/1588/543 1087/1608/539 1100/1622/578
f 1100/1622/578 1079/1596/580 1072/1588/543
f 1072/1588/543 1079/1596/580 1040/1540/570
f 1033/1531/581 1039/1539/582 1029/1524/493
f 1039/1539/582 1033/1531/581 1059/1570/583
f 977/1446/584 1029/1524/493 964/1428/337
f 1029/1524/493 977/1446/584 1033/1531/581
f 1033/1531/581 1055/1566/585 1059/1570/583
f 1000/1478/360 1029/1524/493 1039/1539/582
f 1000/1478/360 1039/1539/582 1043/1548/494
s 0
f 1020/1508/586 1043/1548/587 1053/1564/588
s 1
f 1043/1548/494 1039/1539/582 1059/1570/583
f 1059/1570/583 1098/1620/589 1086/1607/590
f 1086/1607/590 1098/1620/589 1103/1626/591
f 1098/1620/589 1095/1616/592 1121/1649/511
f 1098/1620/589 1059/1570/583 1055/1566/585
f 1055/1566/585 1095/1616/592 1098/1620/589
s 0
f 1043/1548/593 1059/1570/594 1086/1607/595
s 1
f 1090/1611/496 1053/1564/495 1086/1607/590
f 1057/1568/485 1053/1564/495 1090/1611/496
f 1086/1607/590 1103/1626/591 1090/1611/496
f 1123/1651/502 1097/1619/497 1090/1611/496
f 1123/1651/502 1090/1611/496 1115/1641/510
f 24/43/213 123/208/219 94/167/212
f 15/22/297 123/208/219 24/43/213
f 123/208/219 15/22/297 622/915/299
s 0
f 69/131/596 622/915/596 652/960/597
s 1
f 123/208/219 622/915/299 137/228/222
s 0
f 137/228/598 622/915/598 69/131/598
s 1
f 57/106/302 38/72/599 144/238/600
f 38/72/599 55/102/601 144/238/600
f 144/238/600 55/102/601 204/318/602
f 220/336/430 55/102/601 68/126/428
f 55/102/601 220/336/430 204/318/602
f 204/318/602 220/337/430 293/435/427
f 175/277/603 293/435/427 162/262/604
f 162/262/604 293/435/427 392/583/426
f 137/228/222 162/262/604 392/584/426
s 0
f 175/277/605 162/262/606 144/238/607
s 1
f 162/262/608 69/131/303 144/238/600
s 0
f 69/131/609 162/262/610 137/228/611
s 1
f 144/238/600 69/131/303 57/106/302
f 175/277/603 144/238/600 204/318/602
f 293/435/427 175/277/603 204/318/602
f 389/576/224 211/327/221 137/228/222
f 389/576/224 137/228/222 363/540/612
f 392/584/426 363/540/612 137/228/222
f 491/732/476 509/757/468 467/692/477
f 467/692/477 509/757/468 508/756/613
f 541/800/467 491/732/476 512/760/475
f 509/757/468 491/732/476 541/800/467
f 467/692/477 479/711/614 444/656/473
f 508/756/613 479/711/614 467/692/477
s 0
f 501/747/615 479/711/616 508/756/617
s 1
f 496/738/618 485/723/619 501/747/620
f 485/723/621 450/665/622 457/675/623
s 0
f 485/723/624 457/675/625 501/747/626
s 1
f 501/747/627 457/675/623 479/711/628
f 456/674/629 479/711/628 457/675/623
s 0
f 479/711/630 456/674/631 444/656/632
s 1
f 501/747/633 508/756/613 519/771/634
f 508/756/613 509/757/468 519/771/634
f 519/771/634 509/757/468 527/781/469
f 519/771/634 527/781/469 514/762/635
s 0
f 509/757/636 546/807/637 527/781/638
f 501/747/639 519/771/640 514/762/641
f 501/747/642 514/762/643 496/738/644
s 1
f 527/781/469 550/813/465 552/815/645
f 552/815/645 550/813/465 562/828/463
f 360/534/646 372/553/474 456/674/629
f 360/534/646 456/674/629 457/675/623
s 0
f 456/674/647 372/553/647 444/656/648
s 1
f 457/675/623 450/665/622 360/534/646
f 450/665/622 390/577/649 360/534/646
f 1095/1616/592 1139/1671/650 1121/1649/511
f 1137/1669/512 1121/1649/511 1139/1671/650
f 1137/1669/512 1139/1671/650 1149/1690/651
s 0
f 1153/1698/652 1137/1669/653 1149/1690/654
s 1
f 1155/1701/517 1144/1680/515 1150/1693/509
f 1098/1620/589 1121/1649/511 1103/1626/591
f 1115/1641/510 1103/1626/591 1121/1649/511
f 1103/1626/591 1115/1641/510 1090/1611/496
f 1144/1680/515 1128/1657/508 1132/1662/503
f 1144/1680/515 1132/1662/503 1127/1655/501
f 1092/1613/531 1099/1621/534 1089/1610/538
f 1128/1658/508 1129/1659/528 1126/1654/529
f 1129/1659/528 1138/1670/655 1120/1648/532
f 1138/1670/655 1129/1659/528 1145/1683/516
f 1144/1681/515 1145/1683/516 1147/1687/527
s 0
f 1146/1684/656 1145/1683/657 1156/1702/658
s 1
f 1145/1683/516 1129/1659/528 1147/1687/527
f 1138/1670/655 1146/1684/659 1140/1674/660
f 1140/1674/660 1117/1643/661 1138/1670/655
f 1138/1670/655 1145/1683/516 1146/1684/659
s 0
f 1117/1643/662 1120/1648/663 1138/1670/664
s 1
f 599/873/374 604/881/665 607/887/453
f 558/824/372 599/873/374 593/865/443
f 604/881/665 599/873/374 585/854/387
f 585/854/387 596/868/666 604/881/665
f 596/868/667 582/851/668 611/893/669
f 582/851/381 566/833/382 579/847/670
f 607/887/453 604/881/665 614/900/460
f 604/881/665 596/868/666 606/884/671
s 0
f 611/892/672 582/851/673 598/870/674
s 1
f 579/847/670 598/870/675 582/851/381
s 0
f 585/854/676 575/843/677 596/868/678
s 1
f 739/1076/679 657/967/269 21/36/271
f 657/967/269 739/1076/679 765/1112/272
f 765/1112/272 739/1076/679 759/1104/275
f 198/312/350 280/421/348 207/322/680
f 207/322/680 139/230/681 198/312/350
s 0
f 198/312/682 139/230/683 121/205/684
s 1
f 139/230/681 33/61/685 21/36/271
s 0
f 244/368/686 280/421/686 352/524/687
f 244/368/688 207/322/689 280/421/690
s 1
f 244/368/691 352/524/344 372/554/474
f 139/230/681 21/36/271 121/205/692
f 244/368/691 223/342/693 207/322/680
f 207/322/680 154/251/694 139/230/681
f 154/251/694 207/322/680 197/310/695
s 0
f 154/251/696 197/310/697 186/291/698
s 1
f 197/310/695 232/351/699 186/291/700
f 197/310/695 207/322/680 223/342/693
f 197/310/695 223/342/693 232/351/699
f 748/1085/701 869/1277/276 759/1104/275
s 0
f 301/446/702 309/458/703 338/497/704
s 1
f 771/1120/705 720/1049/706 753/1094/707
f 706/1028/708 748/1085/701 739/1076/679
f 759/1104/275 739/1076/679 748/1085/701
f 739/1076/679 33/61/685 706/1028/708
f 21/36/271 33/61/685 739/1076/679
f 753/1094/707 720/1049/706 687/1003/709
f 706/1028/708 643/945/710 687/1003/709
f 706/1028/708 687/1003/709 720/1049/706
f 748/1085/701 706/1028/708 720/1049/706
f 706/1028/708 33/61/685 643/945/710
f 643/945/710 33/61/685 6/11/711
f 93/165/712 4/5/713 6/11/711
f 6/11/711 4/5/713 643/945/710
f 949/1403/553 995/1467/574 966/1430/714
s 0
f 713/1041/715 949/1403/716 953/1408/717
s 1
f 713/1041/304 953/1408/557 877/1292/556
f 713/1041/304 877/1292/556 684/997/563
f 505/753/415 454/671/402 469/694/408
f 488/727/400 454/671/402 505/753/415
f 498/742/399 488/727/400 528/783/395
f 498/742/399 528/783/395 538/797/397
f 538/797/718 556/820/383 520/772/398
f 368/546/719 390/578/649 438/649/720
s 0
f 360/535/721 390/578/722 359/533/723
s 1
f 364/541/724 254/382/725 368/546/719
f 254/382/725 364/541/724 323/473/726
s 0
f 254/382/727 327/482/728 368/546/729
s 1
f 237/359/730 327/482/731 254/382/732
f 1033/1531/581 977/1446/584 979/1448/733
s 0
f 1011/1494/734 1033/1531/735 979/1448/736
s 1
f 1062/1573/737 1071/1585/738 1055/1566/585
f 1011/1494/739 1055/1566/585 1033/1531/581
f 1021/1509/740 1038/1537/741 1062/1573/737
s 0
f 1021/1509/742 1062/1573/743 1055/1566/744
f 1055/1566/745 1011/1494/746 1021/1509/747
s 1
f 55/102/601 41/76/748 68/126/428
f 57/107/302 713/1042/304 684/998/563
f 697/1015/749 684/998/563 768/1117/560
f 38/73/599 621/913/750 55/103/601
f 154/251/694 93/165/712 139/230/681
f 93/165/712 6/11/711 33/61/685
f 977/1446/584 869/1278/751 945/1397/752
f 977/1446/584 945/1397/752 979/1448/733
f 869/1278/751 977/1446/584 964/1428/337
f 1086/1607/590 1053/1564/495 1043/1548/753
f 584/853/450 564/831/464 565/832/451
f 564/831/464 592/863/452 589/858/462
f 1071/1585/738 1095/1616/592 1055/1566/585
f 1095/1616/592 1071/1585/738 1116/1642/754
f 1139/1671/650 1095/1616/592 1116/1642/754
f 1116/1642/754 1071/1585/738 1096/1617/755
f 38/73/599 57/107/302 621/913/750
f 621/913/750 57/107/302 684/998/563
f 697/1015/749 768/1117/560 670/983/564
s 0
f 697/1015/756 41/77/757 621/913/758
s 1
f 684/998/563 697/1015/749 621/913/750
s 0
f 697/1015/759 670/983/760 41/77/761
s 1
f 55/104/601 621/913/750 41/77/748
s 0
f 68/127/762 41/77/763 639/938/764
s 1
f 639/938/565 41/77/765 670/983/564
f 910/1344/766 979/1448/733 945/1397/752
f 910/1344/766 955/1412/767 979/1448/733
f 955/1412/767 1011/1494/768 979/1448/733
f 1021/1509/740 1011/1494/768 968/1434/769
f 1011/1494/768 955/1412/767 968/1434/769
f 10/16/770 81/150/771 3/4/772
f 81/150/771 10/16/770 114/194/773
f 656/965/774 3/4/772 58/108/775
f 3/4/772 81/150/771 58/108/775
f 10/16/770 3/4/772 715/1044/776
f 10/16/770 715/1044/776 31/59/777
f 699/1017/778 31/59/777 715/1044/776
f 31/59/777 85/154/779 10/16/770
f 31/59/777 56/105/780 85/154/779
f 618/909/781 4/6/713 56/105/780
f 58/108/775 84/153/782 71/134/783
f 85/154/779 114/194/773 10/16/770
f 147/243/784 114/194/773 85/154/779
f 171/272/785 114/194/773 147/243/784
f 114/194/773 171/272/785 173/275/786
f 81/150/771 114/194/773 173/275/786
f 155/253/787 58/108/775 81/150/771
f 155/253/787 84/153/782 58/108/775
f 169/270/788 84/153/782 155/253/787
f 9/15/789 84/153/782 169/270/788
f 71/134/783 84/153/782 9/15/789
s 0
f 635/933/790 9/15/791 43/81/792
s 1
f 9/15/789 635/933/793 638/936/794
f 9/15/789 638/936/794 71/134/783
f 58/108/775 71/134/783 656/965/774
s 0
f 715/1044/795 3/4/796 725/1057/797
s 1
f 656/965/774 725/1057/798 3/4/772
f 147/243/784 239/362/799 270/404/800
f 270/404/800 239/362/799 313/463/801
f 313/463/801 239/362/799 320/470/802
f 313/463/801 173/275/786 270/404/800
f 319/469/803 173/275/786 313/463/801
f 320/470/802 239/362/799 248/374/804
f 239/362/799 147/243/784 164/265/805
f 248/374/804 239/362/799 164/265/805
f 248/374/804 257/386/806 284/425/807
f 272/406/808 284/425/807 257/386/806
f 87/156/809 159/258/810 56/105/780
f 56/105/780 147/243/784 85/154/779
f 56/105/780 164/265/805 147/243/784
f 164/265/805 56/105/780 159/258/810
f 164/265/805 159/258/810 186/292/700
f 248/374/804 164/265/805 186/292/700
f 257/386/806 248/374/804 186/292/700
f 171/272/785 147/243/784 270/404/800
f 171/272/785 270/404/800 173/275/786
f 285/426/811 173/275/786 319/469/803
f 313/463/801 378/562/812 319/469/803
f 378/562/812 366/544/813 319/469/803
f 378/562/812 313/463/801 320/470/802
s 0
f 320/470/814 383/568/815 378/562/815
s 1
f 383/568/816 366/544/813 378/562/812
f 320/470/802 353/525/817 383/568/816
f 320/470/802 248/374/804 353/525/817
f 353/525/817 414/614/818 383/568/816
f 339/501/819 353/525/817 248/374/804
f 248/374/804 301/447/820 339/501/819
f 248/374/804 284/425/807 301/447/820
f 81/150/771 173/275/786 155/253/787
f 173/275/786 285/426/811 155/253/787
f 414/614/818 353/525/817 381/565/821
f 381/565/821 339/501/819 361/536/822
f 339/501/819 342/507/823 361/536/822
f 342/507/823 339/501/819 301/447/820
f 339/501/819 381/565/821 353/525/817
f 9/15/789 169/270/788 134/225/824
f 134/225/824 43/81/825 9/15/789
f 134/225/824 157/256/826 43/81/825
f 157/256/826 134/225/824 217/333/827
f 157/256/826 217/333/827 222/341/828
f 222/341/828 217/333/827 265/398/829
f 288/430/830 222/341/828 265/398/829
f 217/333/827 134/225/824 214/330/831
f 217/333/827 290/432/832 265/398/829
f 222/341/828 288/430/830 238/361/833
f 222/341/828 238/361/833 179/282/834
f 157/256/826 222/341/828 179/282/834
f 146/241/835 43/81/825 157/256/826
f 43/81/825 146/241/835 100/176/836
f 635/933/793 43/81/825 100/176/836
f 619/910/837 635/933/793 100/176/836
f 140/231/838 619/910/837 146/241/835
f 146/241/835 619/910/837 100/176/836
f 146/241/835 157/256/826 179/282/834
f 146/241/835 179/282/834 277/415/839
f 277/415/839 179/282/834 238/361/833
f 146/241/835 277/415/839 210/325/840
f 238/361/833 286/427/841 277/415/839
f 308/456/842 286/427/841 238/361/833
f 238/361/833 288/430/830 308/456/842
f 288/430/830 265/398/829 317/467/843
f 333/489/844 317/467/843 290/432/832
f 317/467/843 265/398/829 290/432/832
f 333/489/844 290/432/832 285/426/811
f 285/426/811 319/469/803 366/544/813
f 285/426/811 366/544/813 375/557/845
f 366/544/813 383/568/816 414/614/818
f 395/589/846 366/544/813 414/614/818
f 635/933/793 690/1007/847 638/936/794
f 679/992/848 71/134/783 638/936/794
f 656/965/774 71/134/783 679/992/848
f 725/1057/798 656/965/774 825/1207/849
f 735/1071/850 679/992/848 638/936/794
f 638/936/794 690/1007/847 735/1071/850
f 635/933/793 707/1029/851 690/1007/847
f 635/933/793 682/995/852 707/1029/851
f 762/1107/853 690/1007/847 707/1029/851
f 770/1119/854 762/1107/853 707/1029/851
f 682/995/852 635/933/793 619/910/837
f 797/1163/855 619/910/837 749/1087/856
f 754/1096/857 682/995/852 619/910/837
f 707/1029/851 682/995/852 754/1096/857
f 754/1096/857 770/1119/854 707/1029/851
f 762/1107/853 735/1071/850 690/1007/847
f 679/992/848 735/1071/850 793/1153/858
f 679/992/848 793/1153/858 656/965/774
f 818/1196/859 656/965/774 793/1153/858
f 735/1071/850 762/1107/853 793/1153/858
f 770/1119/854 754/1096/857 784/1142/860
f 816/1192/861 770/1119/854 784/1142/860
f 797/1163/855 784/1142/860 754/1096/857
f 797/1163/855 754/1096/857 619/910/837
f 797/1163/855 858/1255/862 784/1142/860
f 858/1255/862 816/1192/861 784/1142/860
f 839/1228/863 816/1192/861 864/1268/864
f 770/1119/854 839/1228/863 762/1107/853
f 816/1192/861 839/1228/863 770/1119/854
f 699/1017/778 618/909/781 31/59/777
s 0
f 56/105/865 31/59/866 618/909/867
s 1
f 618/909/781 632/929/868 4/6/713
f 632/929/868 618/909/781 703/1022/869
f 703/1022/869 618/909/781 728/1062/870
f 618/909/781 736/1072/871 728/1062/870
f 699/1017/778 736/1072/871 618/909/781
f 736/1072/871 699/1017/778 786/1144/872
f 736/1072/871 786/1144/872 728/1062/870
f 786/1144/872 795/1159/873 728/1062/870
f 812/1187/874 715/1044/776 725/1057/798
f 699/1017/778 715/1044/776 812/1187/874
f 862/1264/875 699/1017/778 812/1187/874
f 812/1187/874 725/1057/798 825/1207/849
f 656/965/774 818/1196/859 825/1207/849
f 762/1107/853 839/1228/863 793/1153/858
f 87/156/809 56/105/780 4/6/713
f 291/433/876 232/351/699 223/342/693
f 223/342/693 244/368/691 318/468/877
f 360/535/646 318/468/877 244/368/691
f 244/368/691 372/554/474 360/535/646
s 0
f 349/516/878 342/507/879 338/498/878
s 1
f 338/498/880 342/507/823 301/447/820
f 272/406/808 301/447/820 284/425/807
f 214/330/831 285/426/811 290/432/832
f 290/432/832 217/333/827 214/330/831
f 155/253/787 285/426/811 214/330/831
f 169/270/788 155/253/787 214/330/831
f 214/330/831 134/225/824 169/270/788
f 356/528/881 317/467/843 333/489/844
f 356/528/881 333/489/844 375/557/845
f 375/557/845 366/544/813 395/589/846
f 375/557/845 358/531/882 356/528/881
f 350/519/883 317/467/843 356/528/881
f 317/467/843 350/519/883 346/512/884
f 308/456/842 317/467/843 346/512/884
f 308/456/842 288/430/830 317/467/843
f 333/489/844 285/426/811 375/557/845
f 33/61/685 139/230/681 93/165/712
f 272/407/808 291/433/876 309/458/885
f 223/342/693 309/458/885 291/433/876
s 0
f 318/468/886 309/458/887 223/342/888
s 1
f 309/458/889 318/468/877 337/496/890
f 337/496/890 318/468/877 359/533/891
f 359/533/891 318/468/877 360/535/646
f 337/496/890 340/502/892 309/458/889
f 337/496/890 359/533/891 341/505/893
f 337/496/890 341/505/893 340/502/892
s 0
f 338/499/894 309/458/895 340/502/896
s 1
f 272/407/808 232/351/699 291/433/876
f 325/479/897 341/505/893 327/482/731
f 341/505/893 359/533/891 368/546/719
f 341/505/893 368/546/719 327/482/731
f 368/546/719 359/533/891 390/578/649
f 250/376/898 266/399/899 237/359/730
f 325/479/897 237/359/730 266/399/899
f 237/359/730 325/479/897 327/482/731
f 190/299/900 141/233/901 130/216/902
f 237/359/730 141/233/901 190/299/900
f 237/359/730 190/299/900 250/376/898
f 786/1144/872 699/1017/778 862/1264/875
f 828/1211/903 748/1086/701 720/1050/706
f 828/1211/903 720/1050/706 811/1186/904
f 811/1186/904 720/1050/706 771/1121/705
f 910/1345/766 828/1211/903 912/1347/905
f 955/1413/767 912/1347/905 968/1435/769
f 968/1435/769 912/1347/905 923/1364/906
f 912/1347/905 828/1211/903 874/1287/907
s 0
f 748/1086/908 828/1211/909 869/1279/910
s 1
f 828/1211/903 910/1345/766 945/1398/752
f 828/1211/903 945/1398/752 869/1279/751
f 863/1266/911 874/1287/907 811/1186/904
f 811/1186/904 874/1287/907 828/1211/903
f 912/1347/905 874/1287/907 905/1338/912
f 874/1287/907 883/1304/913 896/1325/914
f 883/1304/913 874/1287/907 863/1266/911
f 863/1266/911 811/1186/904 808/1176/915
f 771/1121/705 808/1176/915 811/1186/904
f 905/1338/912 896/1325/914 879/1294/916
f 905/1338/912 874/1287/907 896/1325/914
f 896/1325/914 894/1320/917 879/1294/916
f 905/1338/912 879/1294/916 856/1252/918
f 856/1252/918 813/1189/919 873/1286/920
f 856/1252/918 873/1286/920 905/1338/912
f 883/1304/913 894/1320/917 896/1325/914
f 711/1038/921 740/1077/922 751/1090/923
s 0
f 751/1090/924 740/1077/925 783/1141/926
s 1
f 910/1345/766 912/1347/905 955/1413/767
s 0
f 737/1073/927 861/1260/928 892/1318/929
f 892/1318/930 923/1364/931 873/1286/932
s 1
f 905/1338/912 873/1286/920 923/1364/906
f 282/423/424 220/338/430 240/363/429
f 293/436/427 220/339/430 282/423/424
f 159/259/810 93/166/712 154/252/694
f 93/166/712 159/259/810 87/157/809
f 301/448/820 272/408/808 309/459/885
f 159/259/810 154/252/694 186/293/700
f 87/157/809 4/7/713 93/166/712
f 232/352/699 257/387/806 186/294/700
s 0
f 257/387/933 232/352/934 272/408/935
s 1
f 278/417/936 306/453/937 266/400/938
s 0
f 246/370/939 278/417/939 266/400/940
s 1
f 190/300/900 246/370/941 250/377/898
f 250/377/898 246/370/941 266/400/899
f 753/1095/707 728/1063/870 771/1122/705
f 728/1063/870 753/1095/707 703/1023/869
s 0
f 703/1023/942 687/1004/943 643/946/944
f 883/1306/945 863/1267/946 871/1282/947
s 1
f 687/1004/709 703/1023/869 753/1095/707
f 49/91/948 34/62/949 115/195/950
s 0
f 102/178/951 130/217/951 115/195/951
s 1
f 115/195/950 34/62/949 102/178/952
f 871/1282/953 863/1267/911 808/1177/915
f 641/942/954 34/63/949 49/92/948
s 0
f 751/1091/955 686/1002/956 711/1037/957
f 783/1140/958 775/1128/959 751/1091/960
s 1
f 686/1002/961 641/942/954 711/1037/921
s 0
f 703/1024/962 643/947/963 632/930/964
f 771/1123/965 728/1064/966 795/1160/967
s 1
f 808/1178/915 771/1123/705 795/1160/873
f 883/1305/913 880/1297/968 897/1327/969
s 0
f 871/1283/970 880/1297/971 883/1305/972
s 1
f 4/8/713 632/930/868 643/947/710
f 133/224/973 39/74/974 78/146/975
f 78/146/975 74/138/976 133/224/973
f 39/74/974 133/224/973 168/269/977
f 39/74/974 168/269/977 113/193/978
f 227/346/979 113/193/978 188/296/980
s 0
f 62/112/981 113/193/982 145/239/983
f 64/116/984 62/112/984 145/239/984
s 1
f 145/239/985 113/193/978 227/346/979
f 145/239/985 227/346/979 252/379/986
f 227/346/979 258/388/987 252/379/986
f 245/369/988 258/388/987 226/345/989
f 245/369/988 226/345/989 206/321/990
f 188/296/980 258/388/987 227/346/979
f 202/316/991 258/388/987 188/296/980
f 226/345/989 258/388/987 202/316/991
f 202/316/991 133/224/973 74/138/976
f 202/316/991 119/200/992 143/237/993
f 202/316/991 188/296/980 133/224/973
f 133/224/973 188/296/980 168/269/977
f 113/193/978 168/269/977 188/296/980
f 19/30/994 78/146/975 39/74/974
f 78/146/975 19/30/994 74/138/976
f 54/101/995 74/138/976 19/30/994
f 62/112/996 19/30/994 39/74/974
f 674/987/997 19/30/994 62/112/996
f 19/30/994 674/987/997 655/964/998
s 0
f 704/1025/999 62/112/1000 64/117/1001
s 1
f 791/1151/1002 704/1025/1003 829/1212/1004
f 791/1151/1002 829/1212/1004 881/1299/1005
f 791/1151/1002 881/1299/1005 868/1275/1006
f 857/1253/1007 791/1151/1002 868/1275/1006
f 854/1248/1008 868/1275/1006 852/1245/1009
f 854/1248/1008 845/1236/1010 868/1275/1006
f 857/1253/1007 868/1275/1006 845/1236/1010
f 814/1190/1011 854/1248/1008 852/1245/1009
s 0
f 852/1245/1012 838/1226/1013 814/1190/1014
s 1
f 814/1190/1015 838/1226/1016 824/1205/1017
s 0
f 824/1205/1018 794/1155/1019 814/1190/1018
s 1
f 756/1098/1020 72/135/1021 177/279/1022
f 677/990/1023 756/1098/1020 177/279/1022
f 717/1046/1024 756/1098/1020 677/990/1023
s 0
f 772/1124/1025 756/1098/1026 717/1046/1027
s 1
f 804/1171/1028 756/1098/1020 772/1124/1029
f 804/1171/1028 772/1124/1029 743/1080/1030
f 756/1098/1020 804/1171/1028 814/1190/1011
f 756/1098/1020 814/1190/1011 794/1155/1031
f 814/1190/1011 804/1171/1028 827/1210/1032
f 827/1210/1032 845/1236/1010 854/1248/1008
f 827/1210/1032 854/1248/1008 814/1190/1011
f 113/193/978 62/112/996 39/74/974
f 67/124/1033 74/138/976 54/101/995
f 719/1048/1034 674/987/997 62/112/996
f 62/112/996 704/1025/1003 719/1048/1034
f 704/1025/1003 761/1106/1035 719/1048/1034
f 761/1106/1035 704/1025/1003 791/1151/1002
f 791/1151/1002 857/1253/1007 799/1166/1036
f 791/1151/1002 799/1166/1036 761/1106/1035
f 719/1048/1034 688/1005/1037 674/987/997
f 688/1005/1037 708/1030/1038 667/979/1039
f 688/1005/1037 54/101/995 674/987/997
f 655/964/998 674/987/997 54/101/995
f 19/30/994 655/964/998 54/101/995
f 636/934/1040 54/101/995 688/1005/1037
f 688/1005/1037 667/979/1039 636/934/1040
f 54/101/995 636/934/1040 67/124/1033
f 74/138/976 67/124/1033 119/200/992
f 202/316/991 74/138/976 119/200/992
f 119/200/992 8/14/1041 143/237/993
f 126/212/1042 143/237/993 8/14/1041
f 8/14/1041 67/124/1033 636/934/1040
f 119/200/992 67/124/1033 8/14/1041
f 628/921/1043 667/979/1039 677/990/1023
f 45/84/1044 8/14/1041 628/921/1043
s 0
f 8/14/1045 45/84/1046 126/212/1047
s 1
f 126/212/1042 124/209/1048 206/321/990
f 124/209/1048 201/315/1049 206/321/990
f 201/315/1049 124/209/1048 177/279/1022
f 201/315/1049 177/279/1022 231/350/1050
f 231/350/1050 177/279/1022 233/353/1051
f 231/350/1050 233/353/1051 253/380/1052
f 276/414/1053 245/369/988 231/350/1050
f 231/350/1050 245/369/988 201/315/1049
s 0
f 201/315/1054 245/369/1055 206/321/1054
s 1
f 245/369/988 276/414/1053 300/445/1056
f 300/445/1056 276/414/1053 324/477/1057
f 276/414/1053 260/390/1058 294/437/1059
f 260/390/1058 253/380/1052 261/392/1060
s 0
f 260/390/1061 276/414/1062 253/380/1063
f 276/414/1064 231/350/1065 253/380/1066
s 1
f 145/239/985 252/379/986 287/429/1067
f 287/429/1067 252/379/986 258/388/987
f 287/429/1067 258/388/987 300/445/1056
f 300/445/1056 258/388/987 245/369/988
f 145/239/985 287/429/1067 307/455/1068
f 300/445/1056 307/455/1068 287/429/1067
f 307/455/1068 300/445/1056 324/477/1057
f 324/477/1057 331/486/1069 307/455/1068
f 307/455/1068 189/297/1070 145/239/985
f 307/455/1068 331/486/1069 189/297/1070
f 143/237/993 206/321/990 202/316/991
f 126/212/1042 206/321/990 143/237/993
f 206/321/990 226/345/989 202/316/991
f 276/414/1053 294/437/1059 324/477/1057
f 786/1145/872 815/1191/1071 795/1161/873
f 808/1179/915 795/1161/873 815/1191/1071
f 888/1313/1072 786/1145/872 862/1265/875
f 918/1356/1073 906/1339/1074 825/1208/849
f 825/1208/849 906/1339/1074 812/1188/874
f 812/1188/874 906/1339/1074 862/1265/875
f 871/1284/953 808/1179/915 815/1191/1071
f 871/1284/953 815/1191/1071 872/1285/1075
f 888/1313/1072 891/1316/1076 786/1145/872
f 815/1191/1071 786/1145/872 891/1316/1076
f 815/1191/1071 891/1316/1076 872/1285/1075
s 0
f 891/1316/1077 888/1313/1078 943/1393/1079
s 1
f 888/1313/1072 906/1339/1074 935/1383/1080
f 943/1393/1081 888/1313/1072 952/1407/1082
f 888/1313/1072 935/1383/1080 952/1407/1082
f 952/1407/1082 935/1383/1080 934/1382/1083
f 918/1356/1073 934/1382/1083 935/1383/1080
f 918/1356/1073 818/1197/859 901/1334/1084
f 818/1197/859 918/1356/1073 825/1208/849
f 901/1334/1084 934/1382/1083 918/1356/1073
s 0
f 916/1352/1085 901/1334/1086 884/1307/1087
s 1
f 884/1307/1088 903/1336/1089 916/1352/1090
f 903/1336/1089 884/1307/1088 864/1269/864
f 903/1336/1089 876/1290/1091 916/1352/1090
f 916/1352/1090 920/1358/1092 901/1334/1084
f 858/1254/862 864/1269/864 816/1193/861
f 858/1254/862 876/1290/1091 864/1269/864
f 876/1290/1091 903/1336/1089 864/1269/864
s 0
f 864/1269/1093 884/1307/1094 839/1229/1095
s 1
f 818/1197/859 793/1154/858 901/1334/1084
f 884/1307/1096 793/1154/858 839/1229/863
f 897/1326/969 880/1298/968 895/1322/1097
f 880/1298/1098 871/1284/953 872/1285/1075
s 0
f 872/1285/1099 895/1322/1100 880/1298/1101
s 1
f 872/1285/1075 915/1350/1102 895/1322/1097
f 891/1316/1076 915/1350/1102 872/1285/1075
f 943/1393/1081 915/1350/1102 891/1316/1076
f 906/1339/1074 888/1313/1072 862/1265/875
f 906/1339/1074 918/1356/1073 935/1383/1080
f 963/1425/1103 943/1393/1081 952/1407/1082
s 0
f 952/1407/1104 934/1382/1105 962/1423/1106
f 952/1407/1107 962/1423/1108 963/1425/1109
s 1
f 934/1382/1083 901/1334/1084 962/1423/1110
f 962/1423/1110 901/1334/1084 920/1358/1092
f 868/1275/1006 881/1299/1005 852/1245/1009
f 799/1166/1036 857/1253/1007 845/1236/1010
f 845/1236/1010 827/1210/1032 804/1171/1028
f 772/1124/1029 708/1030/1038 743/1080/1030
f 804/1171/1028 743/1080/1030 761/1106/1035
f 772/1124/1029 717/1046/1024 729/1065/1111
f 729/1065/1111 717/1046/1024 677/990/1023
f 628/921/1043 677/990/1023 45/84/1044
f 677/990/1023 177/279/1022 45/84/1044
f 124/209/1048 45/84/1044 177/279/1022
f 126/212/1042 45/84/1044 124/209/1048
f 688/1005/1037 743/1080/1030 708/1030/1038
f 688/1005/1037 719/1048/1034 743/1080/1030
f 743/1080/1030 719/1048/1034 761/1106/1035
f 729/1065/1111 677/990/1023 667/979/1039
s 0
f 628/921/1112 636/934/1113 667/979/1114
s 1
f 8/14/1041 636/934/1040 628/921/1043
f 667/979/1039 708/1030/1038 729/1065/1111
f 772/1124/1029 729/1065/1111 708/1030/1038
f 845/1236/1010 804/1171/1028 799/1166/1036
f 761/1106/1035 799/1166/1036 804/1171/1028
f 604/881/665 606/884/671 614/900/460
s 0
f 614/900/1115 606/884/1116 615/902/1117
f 606/884/1118 596/868/1119 611/893/1120
s 1
f 579/847/670 566/833/382 549/810/391
f 336/494/422 282/423/424 240/363/429
f 1096/1617/755 1139/1671/650 1116/1642/754
s 0
f 837/1224/1121 809/1180/1122 847/1238/1123
f 775/1127/1124 809/1180/1125 837/1224/1126
s 1
f 882/1301/1127 897/1327/969 895/1323/1097
f 246/371/941 190/301/900 183/286/1128
f 1150/1693/509 1142/1677/513 1155/1701/517
s 0
f 1156/1703/1129 1155/1701/1130 1149/1690/1131
s 1
f 1155/1701/517 1142/1677/513 1153/1698/514
f 1148/1688/1132 1156/1703/1133 1149/1690/651
f 1153/1698/514 1149/1690/1134 1155/1701/517
f 882/1301/1127 879/1295/916 897/1327/969
f 884/1307/1096 901/1334/1084 793/1154/858
f 156/254/1135 183/286/1128 130/218/902
f 156/254/1135 130/218/902 102/179/1136
f 190/301/900 130/218/902 183/286/1128
f 340/503/892 349/517/1137 338/500/1138
s 0
f 306/453/1139 325/480/1140 266/400/1141
f 325/480/1142 306/453/1143 341/506/1144
s 1
f 340/504/892 341/506/893 349/517/1137
s 0
f 341/506/1145 306/453/1146 334/490/1147
s 1
f 341/506/893 334/490/1148 349/517/1137
f 1100/1622/578 1099/1621/534 1114/1640/533
s 0
f 1120/1648/1149 1100/1622/1150 1114/1640/1151
f 1117/1643/1152 1100/1622/1153 1120/1648/1154
s 1
f 894/1321/917 897/1328/969 879/1296/916
f 894/1321/917 883/1306/913 897/1328/969
f 879/1296/916 847/1239/1155 856/1251/918
f 809/1181/1156 856/1251/918 847/1239/1155
s 0
f 847/1239/1157 879/1296/1158 882/1302/1159
s 1
f 775/1128/1160 783/1140/1161 809/1181/1156
f 923/1364/906 912/1347/905 905/1338/912
s 0
f 615/903/1162 606/885/1163 611/894/1164
f 616/905/1165 615/903/1166 602/876/1167
f 608/888/1168 615/903/1169 611/894/1170
s 1
f 598/871/1171 608/888/1172 611/894/1173
f 594/866/1174 598/871/675 577/845/1175
f 579/848/670 577/845/1175 598/871/675
f 602/876/1176 615/903/1177 608/888/1178
f 601/875/1179 602/876/1176 608/888/1178
f 602/876/1176 601/875/1179 588/857/1180
f 574/842/1181 590/860/1182 588/857/1180
f 588/857/1180 601/875/1179 576/844/1183
f 561/827/1184 576/844/1183 577/845/1175
f 569/836/1185 576/844/1183 560/826/1186
f 560/826/1186 576/844/1183 536/793/1187
f 523/776/1188 569/836/1185 560/826/1186
f 576/844/1183 569/836/1185 574/842/1181
f 574/842/1181 588/857/1180 576/844/1183
f 574/842/1181 521/773/1189 542/801/1190
f 523/776/1188 521/773/1189 569/836/1185
f 516/765/1191 560/826/1186 536/793/1187
f 523/776/1188 560/826/1186 516/765/1191
f 536/793/1187 531/787/1192 516/765/1191
f 536/793/1187 576/844/1183 561/827/1184
f 548/809/1193 531/787/1192 554/818/1194
s 0
f 548/809/1195 554/818/1196 549/811/1197
s 1
f 515/764/1198 531/787/1192 548/809/1193
f 561/827/1184 554/818/1194 536/793/1187
f 602/876/1176 588/857/1180 590/860/1182
f 602/876/1199 605/882/1200 616/905/1201
s 0
f 615/904/1202 613/898/1203 614/901/1204
s 1
f 609/890/454 613/898/456 603/880/461
f 589/859/462 603/880/461 597/869/1205
f 613/898/456 597/869/1205 603/880/461
s 0
f 591/862/1206 597/869/1207 600/874/1208
s 1
f 600/874/1209 597/869/1205 610/891/1210
f 597/869/1205 613/898/456 610/891/1210
s 0
f 615/904/1211 616/906/1212 610/891/1213
s 1
f 613/898/456 615/904/1214 610/891/1210
f 610/891/1210 616/906/1201 605/883/1200
f 600/874/1209 610/891/1210 605/883/1200
f 600/874/1209 605/883/1200 568/835/1215
f 568/835/1215 605/883/1200 587/856/1216
f 587/856/1216 547/808/1217 568/835/1215
f 567/834/1218 591/862/1219 568/835/1215
f 591/862/1219 600/874/1209 568/835/1215
f 605/883/1200 590/861/1182 587/856/1216
s 0
f 605/883/1220 602/877/1221 590/861/1222
s 1
f 577/845/1175 579/848/670 570/837/1223
s 0
f 594/866/1224 608/888/1225 598/871/1226
s 1
f 594/866/1227 576/844/1183 601/875/1179
s 0
f 576/844/1228 594/866/1229 577/845/1230
s 1
f 561/827/1184 570/837/1223 554/818/1194
f 549/811/391 554/818/1194 570/837/1223
f 570/837/1223 561/827/1184 577/845/1175
s 0
f 594/866/1231 601/875/1232 608/888/1233
s 1
f 589/859/462 597/869/1205 583/852/1234
f 589/859/462 583/852/1234 578/846/1235
f 562/829/463 589/859/462 578/846/1235
s 0
f 583/852/1236 597/869/1237 591/862/1238
s 1
f 557/821/1239 578/846/1235 583/852/1234
f 557/821/1239 583/852/1234 591/862/1219
f 587/856/1216 581/850/1240 547/808/1217
f 581/850/1240 587/856/1216 590/861/1182
f 547/808/1217 581/850/1240 551/814/1241
s 0
f 551/814/1242 525/779/1243 547/808/1244
s 1
f 551/814/1241 581/850/1240 574/841/1181
f 527/782/469 552/816/645 514/763/635
s 0
f 496/739/1245 514/763/1246 494/735/1247
s 1
f 453/670/1248 494/735/1249 462/683/1250
f 453/670/1248 438/650/720 494/735/1249
s 0
f 494/735/1251 438/650/1252 485/724/1253
s 1
f 494/735/1254 485/724/619 496/739/618
f 578/846/1235 533/789/1255 552/816/645
s 0
f 514/763/1256 552/816/1257 494/735/1258
s 1
f 533/789/1255 510/758/1259 487/726/1260
f 494/735/1249 533/789/1255 487/726/1260
f 533/789/1255 494/735/1249 552/816/645
s 0
f 533/789/1261 578/846/1262 557/821/1263
s 1
f 533/789/1255 557/821/1239 518/770/1264
f 468/693/1265 487/726/1260 510/758/1259
f 468/693/1265 510/758/1259 477/708/1266
f 468/693/1265 477/708/1266 434/642/1267
s 0
f 487/726/1268 468/693/1269 435/644/1270
f 462/683/1271 487/726/1271 435/644/1272
s 1
f 487/726/1260 462/683/1250 494/735/1249
f 437/647/1273 434/642/1267 477/708/1266
f 478/709/1274 511/759/1275 503/749/1276
f 497/740/1277 525/779/1278 524/777/1279
s 0
f 481/714/1280 524/777/1281 542/802/1282
s 1
f 551/814/1241 542/802/1190 524/777/1279
f 536/793/1187 554/818/1194 531/787/1192
f 480/712/1283 523/776/1188 516/765/1191
f 523/776/1188 480/712/1283 484/721/1284
f 515/764/1198 502/748/1285 531/787/1192
f 531/787/1192 502/748/1285 516/765/1191
f 470/695/1286 480/712/1283 516/765/1191
f 502/748/1285 470/695/1286 516/765/1191
f 502/748/1285 458/676/1287 470/695/1286
f 483/720/1288 458/676/1287 502/748/1285
f 428/633/1289 458/676/1287 483/720/1288
f 428/633/1289 483/720/1288 475/704/1290
f 529/785/1291 493/734/1292 515/764/1198
f 529/785/1291 515/764/1198 548/809/1193
f 548/809/1193 549/811/396 529/785/1291
f 513/761/1293 493/734/1292 529/785/1291
s 0
f 515/764/1294 493/734/1295 475/704/1296
s 1
f 443/655/1297 475/704/1290 493/734/1292
f 443/655/1297 493/734/1292 460/681/1298
f 513/761/1293 460/681/1298 493/734/1292
f 504/752/413 513/761/1293 529/785/1291
f 504/752/413 529/785/1291 534/791/414
f 449/664/1299 419/621/1300 397/592/1301
s 0
f 419/621/1302 449/664/1303 452/669/1304
s 1
f 452/669/410 449/664/1299 460/681/1298
f 476/707/411 452/669/410 460/681/1298
f 397/592/1301 418/619/1305 449/664/1299
f 418/619/1305 443/655/1297 449/664/1299
f 449/664/1299 443/655/1297 460/681/1298
f 443/655/1297 418/619/1305 439/651/1306
f 443/655/1297 439/651/1306 475/704/1290
f 369/548/1307 400/595/1308 439/651/1306
f 369/548/1307 439/651/1306 418/619/1305
f 460/681/1298 504/752/413 476/707/411
f 513/761/1293 504/752/413 460/681/1298
s 0
f 401/598/1309 397/592/1310 419/621/1309
s 1
f 397/592/1301 377/560/1311 418/619/1305
f 369/548/1307 418/619/1305 377/560/1311
f 401/598/425 391/581/423 314/464/1312
f 401/598/425 314/464/1312 365/543/1313
f 391/581/423 336/495/422 348/515/1314
f 391/581/423 348/515/1314 314/464/1312
s 0
f 240/364/1315 68/128/1316 77/142/1317
s 1
f 240/364/429 236/357/1318 348/515/1314
f 240/364/429 348/515/1314 336/495/422
f 236/357/1318 314/464/1312 348/515/1314
f 377/560/1311 397/592/1301 365/543/1319
s 0
f 365/543/1320 397/592/1321 401/598/1322
f 263/395/1323 377/560/1323 365/543/1323
s 1
f 274/411/1324 263/395/1325 365/543/1326
s 0
f 365/543/1327 314/464/1328 274/411/1329
s 1
f 274/411/1324 236/357/1318 205/319/1330
f 236/357/1318 274/411/1324 314/464/1312
f 236/357/1318 240/364/429 77/142/1331
f 570/837/1223 579/848/670 549/811/391
f 534/791/414 529/785/1291 549/812/396
f 534/791/414 549/812/396 528/784/395
f 557/821/1239 591/862/1219 567/834/1218
f 557/821/1239 543/804/1332 518/770/1264
f 518/770/1264 510/758/1259 533/789/1255
f 543/804/1332 511/759/1275 518/770/1264
f 518/770/1264 477/708/1266 510/758/1259
f 518/770/1264 511/759/1275 477/708/1266
f 437/647/1273 477/708/1266 478/709/1274
f 525/779/1278 551/814/1241 524/777/1279
f 503/749/1276 511/759/1275 522/775/1333
f 503/749/1276 522/775/1333 497/740/1277
f 497/740/1277 522/775/1333 525/779/1278
f 578/846/1235 552/816/645 562/829/463
f 557/821/1239 567/834/1218 543/804/1332
f 477/708/1266 511/759/1275 478/709/1274
f 525/779/1278 522/775/1333 547/808/1334
s 0
f 547/808/1335 522/775/1336 555/819/1337
s 1
f 522/775/1333 511/759/1275 543/804/1332
f 522/775/1333 543/804/1332 555/819/1338
f 555/819/1338 567/834/1218 568/835/1215
f 555/819/1338 568/835/1215 547/808/1217
f 567/834/1218 555/819/1338 543/804/1332
f 542/802/1190 551/814/1241 574/841/1181
f 590/861/1182 574/841/1181 581/850/1240
f 450/666/622 485/724/621 438/650/720
f 453/670/1248 462/683/1250 435/644/1339
f 453/670/1248 435/644/1339 364/542/724
f 323/474/726 364/542/724 435/644/1339
f 438/650/720 390/579/649 450/666/622
f 438/650/720 453/670/1248 368/547/719
f 323/474/726 435/644/1339 371/551/1340
f 434/642/1267 435/644/1339 468/693/1265
f 368/547/719 453/670/1248 364/542/724
f 502/748/1285 515/764/1198 483/720/1288
s 0
f 515/764/1341 475/704/1342 483/720/1343
s 1
f 361/537/822 334/491/1148 344/510/1344
f 334/491/1148 361/537/822 342/508/823
f 342/508/823 349/518/1137 334/491/1148
f 149/245/1345 46/85/1346 59/109/1347
f 46/85/1346 156/255/1135 102/180/1136
f 156/255/1135 46/85/1346 149/245/1345
f 183/287/1128 156/255/1135 149/245/1345
s 0
f 246/372/1348 183/287/1349 249/375/1350
s 1
f 149/245/1345 249/375/1351 183/287/1128
f 278/418/936 246/372/1352 249/375/1353
f 302/449/1354 278/418/936 249/375/1353
f 59/109/1347 91/161/1355 149/245/1345
f 203/317/1356 149/245/1345 91/161/1355
s 0
f 91/161/1357 59/109/1358 32/60/1359
f 102/180/1360 34/64/1361 46/85/1362
s 1
f 658/968/1363 686/1001/961 751/1092/1364
f 686/1001/961 658/968/1363 664/976/1365
f 413/613/1366 414/615/818 381/566/821
f 414/615/818 413/613/1366 395/590/846
f 382/567/1367 381/566/821 361/537/822
f 381/566/821 382/567/1367 413/613/1366
f 413/613/1366 380/564/1368 395/590/846
f 380/564/1368 358/532/882 395/590/846
f 358/532/882 296/440/1369 312/462/1370
f 312/462/1370 271/405/1371 321/471/1372
f 345/511/1373 321/471/1372 268/402/1374
f 346/513/884 345/511/1373 268/402/1374
f 308/457/842 346/513/884 268/402/1374
f 345/511/1373 346/513/884 350/520/883
f 308/457/842 268/402/1374 264/397/1375
f 286/428/841 251/378/1376 277/416/839
s 0
f 268/402/1377 321/471/1378 176/278/1379
s 1
f 176/278/1380 321/471/1372 271/405/1371
f 271/405/1371 312/462/1370 229/348/1381
f 229/348/1381 312/462/1370 230/349/1382
f 312/462/1370 296/440/1369 230/349/1382
f 358/532/882 380/564/1368 296/440/1369
f 380/564/1368 404/601/1383 374/556/1384
f 374/556/1384 404/601/1383 373/555/1385
f 404/601/1383 382/567/1367 373/555/1385
f 296/440/1369 380/564/1368 281/422/1386
f 395/590/846 358/532/882 375/558/845
f 356/529/881 358/532/882 354/526/1387
f 356/529/881 354/526/1387 350/520/883
f 350/520/883 354/526/1387 345/511/1373
f 354/526/1387 358/532/882 312/462/1370
f 312/462/1370 321/471/1372 354/526/1387
f 354/526/1387 321/471/1372 345/511/1373
f 382/567/1367 361/537/822 344/510/1344
f 413/613/1366 382/567/1367 404/601/1383
f 413/613/1366 404/601/1383 380/564/1368
f 382/567/1367 344/510/1344 249/375/1353
f 373/555/1385 382/567/1367 249/375/1353
f 380/564/1368 374/556/1384 281/422/1386
f 374/556/1384 373/555/1385 326/481/1388
f 374/556/1384 326/481/1388 281/422/1386
f 228/347/1389 281/422/1386 326/481/1388
s 0
f 249/375/1390 203/317/1391 373/555/1392
s 1
f 326/481/1388 373/555/1385 203/317/1356
f 326/481/1388 203/317/1356 228/347/1389
f 176/278/1380 271/405/1371 229/348/1381
f 229/348/1381 196/309/1393 176/278/1380
f 199/313/1394 176/278/1395 174/276/1396
f 199/313/1394 268/402/1374 176/278/1395
f 264/397/1375 268/402/1374 199/313/1394
f 117/198/1397 174/276/1396 176/278/1395
f 176/278/1395 106/185/1398 117/198/1397
f 199/313/1394 174/276/1396 210/326/840
f 251/378/1376 199/313/1394 210/326/840
f 277/416/839 251/378/1376 210/326/840
f 140/232/838 146/242/835 210/326/840
f 264/397/1375 199/313/1394 251/378/1376
f 264/397/1375 251/378/1376 286/428/841
f 203/317/1356 249/375/1351 149/245/1345
f 228/347/1389 203/317/1356 91/161/1355
f 228/347/1389 91/161/1355 167/268/1399
f 91/161/1355 13/19/1400 167/268/1399
f 344/510/1344 302/449/1354 249/375/1353
s 0
f 334/491/1401 302/449/1402 344/510/1403
s 1
f 306/454/937 302/449/1354 334/491/1404
f 278/418/936 302/449/1354 306/454/937
f 331/487/1069 295/439/1405 189/298/1070
f 295/439/1405 331/487/1069 310/460/1406
f 310/460/1406 331/487/1069 324/478/1057
f 310/460/1406 324/478/1057 294/438/1059
s 0
f 294/438/1407 261/393/1408 259/389/1409
s 1
f 261/393/1060 294/438/1059 260/391/1058
f 243/367/1410 259/389/1411 215/331/1412
f 243/367/1410 215/331/1412 216/332/1413
f 267/401/1414 218/334/1415 247/373/1416
f 218/334/1415 267/401/1414 243/367/1410
f 216/332/1413 218/334/1415 243/367/1410
f 218/334/1415 216/332/1413 160/260/1417
f 160/260/1417 216/332/1413 215/331/1412
f 160/260/1417 215/331/1412 151/247/1418
f 215/331/1412 150/246/1419 151/247/1418
f 233/354/1051 194/307/1420 215/331/1412
f 259/389/1411 233/354/1051 215/331/1412
f 233/354/1051 259/389/1411 261/393/1060
f 233/354/1051 177/280/1022 72/136/1021
f 233/354/1051 261/393/1060 253/381/1052
f 310/460/1406 294/438/1059 259/389/1411
f 243/367/1410 295/439/1405 310/460/1406
f 243/367/1410 310/460/1406 259/389/1411
f 295/439/1405 267/401/1414 189/298/1070
f 267/401/1414 295/439/1405 243/367/1410
f 189/298/1070 267/401/1414 247/373/1416
f 247/373/1416 212/328/1421 189/298/1070
f 189/298/1070 212/328/1421 200/314/1422
f 189/298/1070 200/314/1422 52/99/1423
s 0
f 52/99/1424 200/314/1425 170/271/1426
f 189/298/1427 52/99/1428 145/240/1429
s 1
f 247/373/1416 218/334/1415 212/328/1421
f 212/328/1421 218/334/1415 160/260/1417
f 160/260/1417 161/261/1430 170/271/1431
f 161/261/1430 80/149/1432 170/271/1431
f 161/261/1430 60/110/1433 80/149/1432
f 170/271/1431 80/149/1432 52/99/1434
f 170/271/1431 200/314/1422 160/260/1417
f 160/260/1417 200/314/1422 212/328/1421
f 286/428/841 308/457/842 264/397/1375
s 0
f 176/278/1435 196/309/1436 83/152/1437
s 1
f 176/278/1395 83/152/1438 106/185/1398
f 12/18/1439 140/232/838 117/198/1397
f 12/18/1439 642/944/1440 140/232/838
f 53/100/1441 12/18/1439 117/198/1397
f 53/100/1441 117/198/1397 106/185/1398
f 53/100/1441 106/185/1398 48/90/1442
f 53/100/1441 642/944/1440 12/18/1439
f 53/100/1441 48/90/1442 666/978/1443
f 48/90/1442 681/994/1444 666/978/1443
f 718/1047/1445 681/994/1444 683/996/1446
f 698/1016/1447 642/944/1440 666/978/1443
s 0
f 666/978/1448 642/944/1449 53/100/1450
s 1
f 698/1016/1447 666/978/1443 722/1053/1451
f 722/1053/1451 666/978/1443 681/994/1444
f 749/1088/856 642/944/1440 698/1016/1447
f 698/1016/1447 722/1053/1451 749/1088/856
f 749/1088/856 722/1053/1451 789/1149/1452
f 722/1053/1451 681/994/1444 769/1118/1453
f 807/1175/1454 773/1125/1455 776/1131/1456
f 773/1125/1455 807/1175/1454 718/1047/1445
f 718/1047/1445 769/1118/1453 681/994/1444
f 722/1053/1451 769/1118/1453 789/1149/1452
f 789/1149/1452 769/1118/1453 822/1202/1457
f 806/1174/1458 769/1118/1453 718/1047/1445
f 806/1174/1458 718/1047/1445 807/1175/1454
f 807/1175/1454 866/1271/1459 806/1174/1458
f 807/1175/1454 776/1131/1456 920/1359/1092
f 866/1271/1459 807/1175/1454 920/1359/1092
f 806/1174/1458 866/1271/1459 830/1214/1460
f 769/1118/1453 830/1214/1460 822/1202/1457
f 806/1174/1458 830/1214/1460 769/1118/1453
f 40/75/1461 106/185/1398 83/152/1438
f 106/185/1398 40/75/1461 48/90/1442
f 152/248/1462 101/177/1463 83/152/1438
f 101/177/1463 2/3/1464 83/152/1438
f 40/75/1461 83/152/1438 2/3/1464
f 48/90/1442 40/75/1461 683/996/1446
f 48/90/1442 683/996/1446 681/994/1444
f 683/996/1446 680/993/1465 718/1047/1445
f 718/1047/1445 680/993/1465 773/1125/1455
f 773/1125/1455 680/993/1465 665/977/1466
f 776/1131/1456 773/1125/1455 665/977/1466
f 229/348/1381 230/349/1382 196/309/1393
f 152/248/1462 83/152/1438 196/309/1393
f 152/248/1462 196/309/1393 230/349/1382
f 152/248/1462 187/295/1467 101/177/1463
f 187/295/1467 22/37/1468 101/177/1463
f 22/37/1468 187/295/1467 82/151/1469
f 101/177/1463 22/37/1468 2/3/1464
f 40/75/1461 2/3/1464 645/949/1470
f 683/996/1446 40/75/1461 645/949/1470
f 680/993/1465 683/996/1446 645/949/1470
f 645/949/1470 665/977/1466 680/993/1465
f 665/977/1466 779/1136/1471 776/1131/1456
f 665/977/1466 651/958/1472 779/1136/1471
f 651/958/1472 676/989/1473 779/1136/1471
f 779/1136/1471 676/989/1473 764/1110/1474
f 779/1136/1471 764/1110/1474 831/1217/1475
f 779/1136/1471 831/1217/1475 776/1131/1456
f 187/295/1467 230/349/1382 296/440/1369
f 187/295/1467 296/440/1369 281/422/1386
s 0
f 166/267/1476 281/422/1477 228/347/1478
s 1
f 187/295/1467 281/422/1386 166/267/1479
f 152/248/1462 230/349/1382 187/295/1467
f 187/295/1467 166/267/1479 82/151/1469
f 22/37/1468 82/151/1469 651/958/1472
f 22/37/1468 651/958/1472 665/977/1466
f 22/37/1468 665/977/1466 2/3/1464
f 645/949/1470 2/3/1464 665/977/1466
f 858/1255/862 797/1163/855 833/1219/1480
s 0
f 68/129/1481 639/939/1482 77/143/1483
f 77/143/1484 639/939/1485 710/1034/1486
s 1
f 122/206/1487 710/1034/1488 620/912/1489
f 710/1034/1488 767/1114/1490 709/1031/1491
f 620/912/1489 709/1031/1491 714/1043/1492
f 620/912/1489 714/1043/1492 662/972/1493
f 662/972/1493 110/189/1494 620/912/1489
f 110/189/1494 122/206/1487 620/912/1489
f 110/189/1494 662/972/1493 65/119/1495
f 714/1043/1492 709/1031/1491 810/1183/1496
f 787/1146/1497 714/1043/1492 810/1183/1496
f 714/1043/1492 787/1146/1497 65/119/1498
s 0
f 662/972/1499 714/1043/1500 65/119/1501
s 1
f 710/1034/1488 709/1031/1491 620/912/1489
f 709/1031/1491 844/1234/1502 810/1183/1496
s 0
f 821/1201/1503 767/1115/1504 710/1035/1505
s 1
f 844/1235/1502 709/1032/1491 767/1115/1490
f 821/1201/561 899/1332/567 844/1235/1502
f 821/1201/561 844/1235/1502 767/1115/1490
f 922/1362/1506 909/1343/568 953/1409/557
s 0
f 966/1431/1507 922/1362/1507 953/1409/1507
f 953/1409/1508 949/1404/1509 966/1431/1508
f 922/1362/1510 966/1431/1511 947/1400/1510
s 1
f 966/1431/714 995/1468/574 987/1459/573
f 987/1459/573 1010/1492/571 1013/1498/1512
f 966/1431/714 987/1459/573 947/1400/1513
f 947/1400/1513 987/1459/573 982/1451/1514
f 909/1343/568 922/1362/1506 810/1184/1496
s 0
f 838/1227/1515 826/1209/1516 824/1206/1517
s 1
f 824/1206/1518 796/1162/1519 794/1156/1031
f 824/1206/1518 826/1209/1520 796/1162/1519
f 796/1162/1519 758/1102/1521 730/1066/1522
f 796/1162/1519 730/1066/1522 794/1157/1031
f 689/1006/1523 72/136/1021 730/1066/1522
f 730/1066/1522 72/136/1021 794/1158/1031
f 794/1158/1031 72/136/1021 756/1099/1020
f 72/136/1021 105/184/1524 233/354/1051
f 233/354/1051 105/184/1524 194/307/1420
f 723/1054/1525 689/1006/1523 730/1066/1522
f 634/932/1526 689/1006/1523 672/985/1527
f 758/1102/1521 788/1148/1528 730/1066/1522
f 796/1162/1519 788/1148/1528 758/1102/1521
f 788/1148/1528 796/1162/1519 826/1209/1520
f 788/1148/1528 723/1054/1525 730/1066/1522
f 689/1006/1523 723/1054/1525 672/985/1527
f 672/985/1527 723/1054/1525 675/988/1529
s 0
f 675/988/1530 650/957/1531 672/985/1532
f 672/985/1533 650/957/1533 73/137/1533
s 1
f 675/988/1529 723/1054/1525 734/1070/1534
f 675/988/1529 734/1070/1534 678/991/1535
f 678/991/1535 734/1070/1534 673/986/1536
f 745/1082/1537 673/986/1536 734/1070/1534
f 745/1082/1537 734/1070/1534 760/1105/1538
f 745/1082/1537 760/1105/1538 780/1137/1539
f 780/1137/1539 760/1105/1538 800/1167/1540
f 800/1167/1540 760/1105/1538 792/1152/1541
f 723/1054/1525 760/1105/1538 734/1070/1534
f 792/1152/1541 723/1054/1525 788/1148/1528
s 0
f 826/1209/1542 838/1227/1543 852/1246/1544
s 1
f 834/1221/1545 826/1209/1520 852/1246/1009
s 0
f 704/1026/1546 64/118/1547 700/1018/1548
s 1
f 881/1300/1005 829/1213/1004 852/1246/1009
f 852/1246/1009 829/1213/1004 834/1221/1545
f 823/1204/1549 834/1221/1545 829/1213/1004
f 829/1213/1004 820/1199/1550 823/1204/1549
s 0
f 820/1199/1551 829/1213/1552 700/1018/1553
s 1
f 700/1018/1554 829/1213/1004 704/1026/1003
f 689/1006/1523 634/932/1526 72/136/1021
f 675/988/1529 678/991/1535 650/957/1555
f 14/20/1556 650/957/1555 678/991/1535
f 14/20/1556 678/991/1535 673/986/1536
f 673/986/1536 745/1082/1537 700/1018/1557
f 800/1167/1540 700/1018/1557 780/1137/1539
f 745/1082/1537 780/1137/1539 700/1018/1557
f 673/986/1536 700/1018/1557 14/20/1556
f 820/1199/1550 700/1018/1557 800/1167/1540
f 800/1167/1540 823/1204/1549 820/1199/1550
f 823/1204/1549 800/1167/1540 792/1152/1541
f 823/1204/1549 792/1152/1541 834/1221/1545
f 834/1221/1545 792/1152/1541 788/1148/1528
f 792/1152/1541 760/1105/1538 723/1054/1525
f 72/136/1021 634/932/1526 73/137/1558
s 0
f 73/137/1559 634/932/1560 672/985/1561
s 1
f 151/247/1418 95/168/1562 160/260/1417
f 95/168/1562 73/137/1563 109/188/1564
f 73/137/1563 650/957/1555 60/110/1433
f 95/168/1562 109/188/1564 160/260/1417
f 160/260/1417 109/188/1564 161/261/1430
f 109/188/1564 60/110/1433 161/261/1430
s 0
f 105/184/1565 72/136/1566 73/137/1567
s 1
f 105/184/1568 73/137/1563 95/168/1562
s 0
f 95/168/1569 151/247/1570 105/184/1571
s 1
f 150/246/1419 105/184/1524 151/247/1418
f 150/246/1419 194/307/1420 105/184/1524
f 822/1202/1457 858/1256/862 833/1220/1480
f 789/1149/1452 822/1202/1457 833/1220/1480
f 789/1149/1452 833/1220/1480 749/1088/856
f 749/1088/856 140/232/838 642/944/1440
f 140/232/838 749/1088/856 619/911/837
f 797/1164/855 749/1088/856 833/1220/1480
f 82/151/1469 166/267/1479 167/268/1399
f 13/19/1400 91/161/1355 32/60/1572
f 13/19/1400 82/151/1469 167/268/1399
f 167/268/1399 166/267/1479 228/347/1389
f 865/1270/1573 837/1225/1574 847/1240/1575
f 865/1270/1573 847/1240/1575 882/1303/1127
f 882/1303/1127 895/1324/1097 915/1351/1102
f 915/1351/1102 943/1394/1081 931/1377/1576
f 915/1351/1102 931/1377/1576 865/1270/1573
f 805/1172/1577 775/1129/1578 837/1225/1574
f 865/1270/1573 882/1303/1127 915/1351/1102
f 931/1377/1576 943/1395/1081 963/1426/1103
f 931/1377/1576 963/1426/1103 926/1369/1579
f 805/1172/1577 865/1270/1573 887/1311/1580
f 817/1194/1581 805/1172/1577 887/1311/1580
f 887/1311/1580 865/1270/1573 931/1377/1576
f 887/1311/1580 931/1377/1576 926/1369/1579
f 928/1372/1582 963/1426/1103 962/1424/1110
f 920/1360/1092 928/1372/1582 962/1424/1110
f 963/1426/1103 928/1372/1582 926/1369/1579
f 831/1216/1475 926/1369/1579 928/1372/1582
f 831/1216/1475 928/1372/1582 920/1360/1092
f 776/1132/1456 831/1216/1475 920/1360/1092
f 865/1270/1573 805/1172/1577 837/1225/1574
f 920/1360/1092 916/1353/1090 907/1340/1583
f 920/1360/1092 907/1340/1583 866/1272/1459
f 893/1319/1584 907/1340/1583 876/1291/1091
f 876/1291/1091 907/1340/1583 916/1354/1090
f 830/1215/1460 893/1319/1584 876/1291/1091
f 830/1215/1460 876/1291/1091 822/1203/1457
f 822/1203/1457 876/1291/1091 858/1257/862
f 830/1215/1460 866/1272/1459 893/1319/1584
s 0
f 194/307/1585 150/246/1586 215/331/1587
f 52/99/1588 700/1018/1589 64/118/1590
s 1
f 14/20/1556 700/1018/1557 52/99/1434
f 14/20/1556 52/99/1434 80/149/1432
f 60/110/1433 14/20/1556 80/149/1432
f 14/20/1556 60/110/1433 650/957/1555
f 73/137/1563 60/110/1433 109/188/1564
f 826/1209/1520 834/1221/1545 788/1148/1528
f 899/1332/567 909/1343/568 844/1235/1502
f 810/1184/1496 844/1235/1502 909/1343/568
f 987/1459/573 1013/1498/1512 997/1471/1591
f 1010/1493/571 1040/1541/570 1013/1498/1512
f 1047/1554/579 997/1471/1591 1013/1498/1512
f 1013/1498/1512 1040/1541/570 1047/1554/579
f 972/1441/1592 982/1451/1514 997/1471/1591
f 997/1471/1591 992/1464/1593 972/1441/1592
f 992/1464/1593 938/1387/1594 972/1441/1592
f 1035/1533/1595 992/1464/1593 997/1471/1591
f 1047/1554/579 1035/1533/1595 997/1471/1591
f 947/1400/1513 982/1451/1514 937/1385/1596
f 923/1365/906 991/1463/1597 968/1436/769
f 991/1463/1597 923/1365/906 980/1449/1598
f 892/1317/1599 980/1449/1598 923/1366/906
f 986/1456/1600 999/1476/1601 1037/1536/1602
f 960/1420/1603 986/1456/1600 1008/1488/1604
f 986/1456/1600 1024/1515/1605 1008/1488/1604
f 1024/1515/1605 986/1456/1600 1037/1536/1602
s 0
f 1008/1488/1606 1024/1515/1607 1015/1501/1608
s 1
f 1069/1583/1609 1015/1501/1610 1024/1515/1605
f 1069/1583/1609 1024/1515/1605 1037/1536/1602
f 991/1463/1597 980/1449/1598 1015/1501/1610
f 968/1436/769 991/1463/1597 1021/1510/740
f 1038/1538/741 1021/1510/740 991/1463/1597
f 892/1317/1611 861/1261/1612 960/1420/1603
f 980/1449/1598 892/1317/1599 1008/1488/1613
s 0
f 1008/1488/1614 892/1317/1615 960/1420/1614
s 1
f 907/1340/1583 893/1319/1584 866/1272/1459
f 664/975/1365 34/63/949 641/942/954
f 641/942/954 686/1002/961 664/975/1365
f 1015/1501/1610 980/1449/1598 1008/1488/1613
f 991/1463/1597 1015/1501/1610 1038/1538/741
f 1069/1583/1609 1037/1536/1602 1073/1589/1616
f 1073/1589/1616 1037/1536/1602 1044/1549/1617
f 1038/1538/741 1015/1501/1610 1069/1583/1609
f 1062/1574/737 1038/1538/741 1067/1581/1618
f 1067/1581/1618 1038/1538/741 1069/1583/1609
f 1096/1618/755 1067/1581/1618 1084/1605/1619
s 0
f 1069/1583/1620 1073/1589/1621 1084/1605/1622
s 1
f 1069/1583/1609 1084/1605/1619 1067/1581/1618
f 1044/1549/1617 1037/1536/1602 999/1476/1601
f 1073/1589/1616 1044/1549/1617 1054/1565/1623
f 1054/1565/1623 1083/1604/1624 1073/1589/1616
f 1091/1612/1625 1083/1604/1624 1054/1565/1623
f 1036/1534/1626 1094/1615/1627 1091/1612/1625
f 1028/1523/1628 1036/1534/1626 1091/1612/1625
f 1085/1606/1629 1036/1534/1626 1026/1519/1630
f 1094/1615/1627 1036/1534/1626 1085/1606/1629
f 1052/1561/1631 1081/1600/1632 1085/1606/1629
f 1052/1561/1631 1085/1606/1629 1026/1519/1630
f 1026/1519/1630 1012/1495/1633 1052/1561/1631
f 1073/1589/1616 1083/1604/1624 1104/1627/1634
f 1083/1604/1624 1102/1625/1635 1124/1652/1636
f 1124/1652/1636 1102/1625/1635 1112/1638/1637
f 1102/1625/1635 1085/1606/1629 1112/1638/1637
s 0
f 1124/1652/1638 1112/1638/1639 1134/1664/1638
s 1
f 1104/1627/1634 1084/1605/1619 1073/1589/1616
f 1104/1627/1634 1083/1604/1624 1124/1652/1636
f 1134/1664/1640 1131/1661/1641 1124/1652/1636
f 1102/1625/1635 1083/1604/1624 1094/1615/1627
f 1081/1600/1632 1112/1638/1637 1085/1606/1629
f 1094/1615/1627 1083/1604/1624 1091/1612/1625
f 1085/1606/1629 1102/1625/1635 1094/1615/1627
f 1131/1661/1641 1122/1650/1642 1124/1652/1636
f 1122/1650/1642 1104/1627/1634 1124/1652/1636
f 1096/1618/755 1104/1627/1634 1122/1650/1642
f 1071/1586/738 1062/1574/737 1067/1581/1618
f 1104/1627/1634 1096/1618/755 1084/1605/1619
f 1071/1587/738 1067/1581/1618 1096/1618/755
s 0
f 1079/1597/1643 1070/1584/1644 1047/1554/1645
s 1
f 987/1459/573 997/1471/1591 982/1451/1514
f 809/1182/1156 813/1189/919 856/1252/918
f 783/1141/1161 813/1189/919 809/1182/1156
s 0
f 724/1055/1646 813/1189/1647 783/1141/1648
s 1
f 783/1141/1649 740/1077/922 724/1055/1650
f 724/1055/1650 740/1077/922 711/1038/921
f 737/1073/1651 873/1286/920 813/1189/919
f 737/1073/1651 813/1189/919 724/1055/1650
f 892/1318/1652 873/1286/920 737/1073/1651
f 1070/1584/1653 1079/1597/580 1100/1623/578
f 1070/1584/1653 1100/1623/578 1088/1609/1654
f 1088/1609/1654 1046/1552/1655 1070/1584/1653
f 1035/1533/1595 1070/1584/1653 1046/1552/1655
f 1088/1609/1654 1066/1580/1656 1046/1552/1655
s 0
f 1101/1624/1657 1100/1623/1658 1109/1633/1659
s 1
f 1088/1609/1654 1100/1623/578 1101/1624/1660
s 0
f 1088/1609/1661 1101/1624/1662 1075/1591/1663
s 1
f 1101/1624/1664 1105/1628/1665 1075/1591/1666
f 982/1451/1514 972/1441/1592 937/1385/1596
f 937/1385/1596 972/1441/1592 938/1387/1594
s 0
f 1047/1554/1667 1070/1584/1668 1035/1533/1669
s 1
f 1105/1628/1665 1110/1634/1670 1068/1582/1671
f 1109/1633/1672 1100/1623/1673 1117/1644/1674
f 1117/1644/661 1140/1675/660 1130/1660/1675
f 1140/1675/660 1146/1685/659 1154/1699/1676
f 1133/1663/1677 1154/1699/1676 1152/1697/1678
f 1133/1663/1677 1140/1675/660 1154/1699/1676
s 0
f 1154/1699/1679 1146/1686/1680 1156/1704/1681
s 1
f 1066/1580/1656 1088/1609/1654 1075/1591/1682
f 1035/1533/1595 1046/1552/1655 992/1464/1593
f 996/1469/1683 938/1387/1594 992/1464/1593
f 992/1464/1593 1046/1552/1655 1066/1580/1656
f 992/1464/1593 1027/1521/1684 996/1469/1683
f 1027/1521/1684 1016/1502/1685 996/1469/1683
f 1027/1521/1684 1025/1516/1686 1016/1502/1685
f 1014/1499/1687 1025/1516/1686 1048/1555/1688
f 1075/1591/1666 1105/1628/1665 1068/1582/1671
s 0
f 1048/1555/1689 1061/1572/1690 1068/1582/1691
s 1
f 1061/1572/1692 1048/1555/1688 1025/1516/1686
f 1068/1582/1671 1061/1572/1693 1075/1591/1666
s 0
f 1061/1572/1694 1066/1580/1695 1075/1591/1696
s 1
f 1027/1521/1684 1066/1580/1656 1061/1572/1692
f 1061/1572/1692 1025/1516/1686 1027/1521/1684
f 992/1464/1593 1066/1580/1656 1027/1521/1684
s 0
f 1048/1555/1697 1063/1575/1698 1042/1546/1699
s 1
f 1042/1546/1700 1014/1499/1687 1048/1555/1688
s 0
f 1063/1575/1701 1045/1550/1702 1042/1546/1703
s 1
f 1063/1575/1704 1048/1555/1705 1068/1582/1671
f 1093/1614/1706 1063/1575/1704 1068/1582/1671
f 1093/1614/1706 1045/1550/1707 1063/1575/1704
f 1082/1603/1708 1052/1562/1631 1050/1557/1709
f 1081/1601/1632 1052/1562/1631 1082/1603/1708
f 1112/1637/1637 1081/1602/1632 1082/1603/1708
f 1106/1629/1710 1082/1603/1708 1093/1614/1706
f 1106/1629/1710 1093/1614/1706 1108/1632/1711
f 1068/1582/1671 1108/1632/1711 1093/1614/1706
f 1125/1653/1712 1108/1632/1711 1068/1582/1671
f 710/1036/1488 122/207/1487 77/144/1331
f 110/190/1494 136/227/1713 122/207/1487
f 236/358/1318 122/207/1487 136/227/1713
f 122/207/1487 236/358/1318 77/145/1331
f 136/227/1713 205/320/1330 236/358/1318
f 90/160/1714 274/412/1324 205/320/1330
f 205/320/1330 136/227/1713 90/160/1714
f 136/227/1713 110/190/1494 90/160/1714
s 0
f 65/120/1715 90/160/1716 110/190/1717
s 1
f 90/160/1714 65/120/1498 63/113/1718
f 63/113/1718 263/396/1325 90/160/1714
f 70/132/1719 263/396/1325 63/114/1718
f 66/122/1720 17/25/1721 116/197/1722
f 96/169/1723 17/25/1721 30/57/1724
f 274/412/1324 90/160/1714 263/396/1325
s 0
f 66/122/1725 377/561/1726 263/396/1727
s 1
f 224/343/1728 66/122/1720 116/197/1722
f 377/561/1311 66/122/1720 224/343/1728
f 377/561/1311 224/343/1728 369/549/1307
f 1141/1676/1729 1139/1672/650 1122/1650/1642
f 1096/1618/755 1122/1650/1642 1139/1672/650
s 0
f 1141/1676/1730 1122/1650/1731 1131/1661/1732
s 1
f 1139/1673/650 1141/1676/1729 1149/1691/651
f 1131/1661/1641 1134/1664/1640 1143/1678/1733
s 0
f 1131/1661/1734 1148/1689/1735 1141/1676/1736
s 1
f 1109/1633/1737 1130/1660/1675 1101/1624/1664
f 1105/1628/1665 1101/1624/1664 1130/1660/1675
f 1110/1634/1670 1105/1628/1665 1130/1660/1675
s 0
f 1109/1633/1738 1117/1644/1739 1130/1660/1740
s 1
f 1130/1660/1675 1133/1663/1677 1110/1634/1670
f 1130/1660/1675 1140/1675/660 1133/1663/1677
f 1110/1634/1670 1125/1653/1712 1068/1582/1671
s 0
f 1125/1653/1741 1110/1634/1742 1133/1663/1743
s 1
f 1136/1668/1744 1125/1653/1712 1133/1663/1677
f 1136/1668/1744 1133/1663/1677 1152/1697/1678
f 1136/1668/1744 1108/1632/1711 1125/1653/1712
f 1108/1632/1711 1136/1668/1744 1106/1629/1710
f 1151/1694/1745 1136/1668/1744 1152/1697/1678
f 1152/1697/1678 1154/1699/1676 1151/1695/1745
f 1148/1689/1132 1149/1692/651 1141/1676/1729
s 0
f 1154/1700/1746 1156/1705/1747 1151/1696/1748
s 1
f 1151/1696/1749 1148/1689/1750 1143/1678/1733
f 1143/1678/1733 1134/1664/1640 1135/1666/1751
s 0
f 1136/1667/1752 1151/1696/1753 1135/1666/1754
s 1
f 1151/1696/1749 1143/1678/1733 1135/1666/1751
f 1143/1678/1733 1148/1689/1750 1131/1661/1641
s 0
f 1151/1696/1755 1156/1705/1756 1148/1689/1757
s 1
f 1106/1629/1710 1136/1668/1744 1135/1665/1751
f 1106/1629/1710 1112/1637/1637 1082/1603/1708
f 428/633/1289 439/651/1306 400/595/1308
f 439/651/1306 428/633/1289 475/704/1290
f 521/773/1189 574/842/1181 569/836/1185
f 400/596/1308 369/549/1307 315/465/1758
f 369/549/1307 224/343/1728 315/465/1758
f 185/290/1759 224/343/1728 116/197/1722
f 224/343/1728 185/290/1759 315/465/1758
f 116/197/1722 17/25/1721 96/169/1723
f 96/169/1723 185/290/1759 116/197/1722
f 96/169/1723 120/202/1760 185/290/1759
f 120/202/1760 299/444/1761 185/290/1759
s 0
f 66/122/1762 263/396/1762 70/132/1762
s 1
f 210/326/840 174/276/1396 140/232/838
s 0
f 140/232/1763 174/276/1764 117/198/1765
s 1
f 1082/1603/1708 1050/1557/1709 1045/1550/1707
f 1093/1614/1706 1082/1603/1708 1045/1550/1707
f 1106/1630/1710 1135/1666/1751 1112/1638/1637
f 1135/1666/1751 1134/1664/1640 1112/1638/1637
f 805/1173/1577 817/1195/1581 738/1075/1766
f 738/1075/1766 817/1195/1581 691/1008/1767
f 738/1075/1766 691/1008/1767 659/969/1768
f 805/1173/1577 738/1075/1766 775/1130/1578
f 751/1092/1364 775/1130/1578 738/1075/1766
f 658/968/1363 751/1092/1364 738/1075/1766
f 658/968/1363 738/1075/1766 659/969/1768
f 658/968/1363 34/64/949 664/976/1365
f 659/969/1768 46/85/1346 658/968/1363
f 59/109/1347 46/85/1346 659/969/1768
f 659/969/1768 32/60/1769 59/109/1347
f 659/969/1768 691/1008/1767 32/60/1769
f 724/1056/1650 626/919/1770 737/1074/1651
f 724/1056/1650 711/1039/921 626/919/1770
f 711/1039/921 641/943/954 626/919/1770
f 641/943/954 49/93/948 99/175/1771
f 49/93/948 115/196/950 99/175/1771
f 641/943/954 61/111/1772 626/919/1770
f 99/175/1771 61/111/1772 641/943/954
f 626/919/1770 61/111/1772 142/235/1773
f 141/234/901 61/111/1772 99/175/1771
f 141/234/901 99/175/1771 115/196/950
s 0
f 115/196/1774 130/219/1775 141/234/1776
s 1
f 61/111/1772 141/234/901 165/266/1777
f 141/234/901 237/360/730 165/266/1777
f 254/383/732 165/266/1777 237/360/730
f 163/263/1778 165/266/1777 254/383/732
s 0
f 163/263/1779 254/383/1780 323/475/1781
s 1
f 142/235/1773 165/266/1777 163/263/1778
f 165/266/1777 142/235/1773 61/111/1772
f 817/1195/1581 764/1110/1474 691/1008/1767
f 764/1110/1474 676/989/1473 691/1008/1767
f 764/1110/1474 817/1195/1581 860/1259/1782
f 764/1110/1474 860/1259/1782 831/1217/1475
f 887/1312/1580 860/1259/1782 817/1195/1581
f 860/1259/1782 926/1370/1579 831/1217/1475
s 0
f 860/1259/1783 887/1312/1784 926/1370/1785
s 1
f 63/115/1718 810/1185/1496 922/1363/1506
s 0
f 841/1231/1786 922/1363/1787 947/1401/1788
f 63/115/1789 922/1363/1790 841/1231/1791
f 63/115/1792 841/1231/1792 70/133/1792
s 1
f 841/1231/1793 947/1401/1513 937/1386/1596
f 841/1231/1793 937/1386/1596 908/1341/1794
f 841/1231/1793 908/1341/1794 70/133/1795
f 810/1185/1496 63/115/1718 787/1147/1497
f 70/133/1795 908/1341/1794 17/26/1721
f 937/1386/1596 878/1293/1796 908/1341/1794
f 908/1341/1794 774/1126/1797 17/26/1721
f 908/1341/1794 878/1293/1796 774/1126/1797
f 878/1293/1796 937/1386/1596 938/1388/1594
f 774/1126/1797 878/1293/1796 917/1355/1798
f 917/1355/1798 853/1247/1799 774/1126/1797
f 661/971/1800 774/1126/1797 853/1247/1799
f 750/1089/1801 661/971/1800 853/1247/1799
f 65/121/1498 787/1147/1497 63/115/1718
f 66/123/1720 70/133/1795 17/26/1721
f 96/170/1723 11/17/1802 120/201/1760
f 96/170/1723 30/58/1724 11/17/1802
f 30/58/1724 661/971/1800 11/17/1802
f 661/971/1800 750/1089/1801 11/17/1802
f 661/971/1800 17/26/1721 774/1126/1797
f 661/971/1800 30/58/1724 17/26/1721
f 861/1262/1612 737/1074/1651 875/1288/1803
f 646/950/1804 626/919/1770 142/235/1773
f 626/919/1770 646/950/1804 721/1051/1805
f 721/1051/1805 875/1288/1803 737/1074/1651
f 18/27/1806 646/950/1804 142/235/1773
f 721/1051/1805 737/1074/1651 626/919/1770
s 0
f 691/1008/1807 13/19/1808 32/60/1809
s 1
f 34/64/949 658/968/1363 46/85/1346
s 0
f 13/19/1810 691/1008/1811 676/989/1812
s 1
f 13/19/1400 676/989/1473 651/958/1472
f 13/19/1400 651/958/1472 82/151/1469
f 875/1289/1803 721/1052/1805 766/1113/1813
f 721/1052/1805 646/951/1804 766/1113/1813
s 0
f 646/951/1814 18/28/1815 653/961/1816
s 1
f 646/951/1804 653/961/1817 766/1113/1813
f 801/1168/1818 766/1113/1813 653/961/1817
f 960/1421/1603 861/1263/1612 875/1289/1803
f 960/1421/1603 875/1289/1803 914/1349/1819
f 914/1349/1819 875/1289/1803 766/1113/1813
f 766/1113/1813 801/1168/1818 914/1349/1819
f 801/1168/1818 653/961/1817 627/920/1820
s 0
f 627/920/1821 846/1237/1822 801/1168/1823
s 1
f 986/1457/1600 960/1421/1603 914/1349/1819
f 986/1457/1600 914/1349/1819 929/1373/1824
f 929/1373/1824 801/1168/1818 846/1237/1825
f 846/1237/1825 627/920/1826 755/1097/1827
f 890/1315/1828 846/1237/1825 755/1097/1827
s 0
f 20/31/1829 627/920/1830 653/961/1831
s 1
f 782/1139/1832 890/1315/1828 755/1097/1827
f 890/1315/1828 782/1139/1832 913/1348/1833
s 0
f 913/1348/1834 973/1442/1835 890/1315/1836
s 1
f 802/1169/1837 913/1348/1833 782/1139/1832
f 973/1442/1838 976/1445/1839 1005/1484/1840
f 976/1445/1839 973/1442/1838 913/1348/1833
f 913/1348/1833 936/1384/1841 970/1439/1842
f 976/1445/1839 913/1348/1833 970/1439/1842
f 913/1348/1833 802/1169/1837 936/1384/1841
f 970/1439/1842 936/1384/1841 961/1422/1843
f 994/1466/1844 970/1439/1842 961/1422/1843
f 941/1391/1845 994/1466/1844 961/1422/1843
f 859/1258/1846 961/1422/1843 936/1384/1841
f 859/1258/1846 936/1384/1841 850/1243/1847
f 850/1243/1847 936/1384/1841 802/1169/1837
f 850/1243/1847 727/1061/1848 859/1258/1846
f 961/1422/1843 859/1258/1846 941/1391/1845
f 994/1466/1844 941/1391/1845 1006/1486/1849
f 930/1374/1850 1012/1497/1633 941/1391/1845
f 889/1314/1851 885/1308/1852 930/1374/1850
f 930/1374/1850 941/1391/1845 889/1314/1851
f 898/1329/1853 930/1374/1850 885/1308/1852
f 726/1060/1854 885/1308/1852 889/1314/1851
f 763/1108/1855 885/1308/1852 726/1060/1854
f 798/1165/1856 726/1060/1854 889/1314/1851
f 859/1258/1846 798/1165/1856 889/1314/1851
f 798/1165/1856 859/1258/1846 727/1061/1848
f 941/1391/1845 859/1258/1846 889/1314/1851
s 0
f 18/28/1857 76/140/1858 20/31/1859
f 20/31/1860 653/961/1861 18/28/1861
s 1
f 20/31/1862 26/48/1863 627/920/1826
f 26/48/1863 625/918/1864 755/1097/1827
f 755/1097/1827 637/935/1865 782/1139/1832
f 637/935/1865 755/1097/1827 625/918/1864
s 0
f 637/935/1866 625/918/1867 36/69/1868
s 1
f 36/69/1869 26/48/1863 104/182/1870
f 542/803/1190 521/773/1189 481/715/1871
s 0
f 521/773/1872 523/776/1873 484/721/1874
f 489/728/1875 481/715/1876 521/773/1877
s 1
f 400/596/1308 315/465/1758 428/634/1289
f 386/571/1878 428/634/1289 315/465/1758
s 0
f 480/713/1879 470/696/1879 426/630/1880
s 1
f 424/628/1881 480/713/1283 426/630/1882
s 0
f 521/774/1883 484/722/1884 489/729/1885
s 1
f 480/713/1283 424/628/1881 484/722/1284
f 417/618/1886 426/630/1887 470/696/1286
f 315/465/1758 299/444/1761 386/571/1878
f 386/571/1878 299/444/1761 379/563/1888
f 422/626/1889 386/571/1878 379/563/1888
f 315/465/1758 185/290/1759 299/444/1761
f 172/273/1890 129/215/1891 379/563/1888
f 172/273/1890 379/563/1888 299/444/1761
f 299/444/1761 120/202/1760 172/273/1890
s 0
f 129/215/1892 241/365/1893 335/492/1894
s 1
f 129/215/1891 335/492/1895 379/563/1888
f 335/492/1895 422/626/1889 379/563/1888
f 422/626/1889 428/634/1289 386/571/1878
f 417/618/1886 470/696/1286 458/677/1287
f 424/628/1881 426/630/1882 399/594/1896
f 399/594/1896 398/593/1897 424/628/1881
s 0
f 417/618/1898 399/594/1898 426/630/1898
s 1
f 398/593/1897 415/616/1899 424/628/1881
f 415/616/1899 398/593/1897 343/509/1900
f 343/509/1900 398/593/1897 330/485/1901
f 458/677/1287 428/634/1289 422/626/1889
f 458/677/1287 422/626/1889 417/618/1886
f 330/485/1901 398/593/1897 399/594/1896
f 343/509/1900 330/485/1901 112/192/1902
f 112/192/1902 330/485/1901 148/244/1903
f 128/214/1904 343/509/1900 112/192/1902
f 343/509/1900 128/214/1904 283/424/1905
f 273/409/1906 283/424/1905 193/306/1907
f 335/492/1895 417/618/1886 422/626/1889
f 399/594/1896 417/618/1886 335/492/1895
f 399/594/1896 335/492/1895 241/365/1908
f 399/594/1896 241/365/1908 330/485/1901
f 120/202/1760 7/12/1909 172/273/1890
f 647/952/1910 148/244/1903 241/365/1908
f 647/952/1910 241/365/1908 129/215/1891
f 172/273/1890 647/952/1910 129/215/1891
f 627/920/1826 26/48/1863 755/1097/1827
f 970/1439/1842 1028/1522/1628 976/1445/1839
s 0
f 976/1445/1911 1028/1522/1912 1005/1484/1913
s 1
f 1005/1484/1840 999/1474/1601 973/1442/1838
f 973/1442/1838 999/1475/1601 929/1373/1824
f 890/1315/1828 973/1442/1838 929/1373/1824
f 846/1237/1825 890/1315/1828 929/1373/1824
f 669/981/1914 637/935/1865 35/67/1915
f 35/67/1915 637/935/1865 36/69/1869
f 35/67/1915 36/69/1869 153/249/1916
f 782/1139/1832 637/935/1865 669/981/1914
f 644/948/1917 727/1061/1848 850/1243/1847
f 850/1243/1847 802/1169/1837 644/948/1917
f 802/1169/1837 782/1139/1832 669/981/1914
f 801/1168/1818 929/1373/1824 914/1349/1819
f 644/948/1917 669/981/1914 35/67/1915
f 802/1169/1837 669/981/1914 644/948/1917
f 644/948/1917 668/980/1918 727/1061/1848
f 644/948/1917 617/908/1919 668/980/1918
f 878/1293/1796 938/1388/1594 917/1355/1798
f 948/1402/1920 853/1247/1799 917/1355/1798
f 917/1355/1798 938/1388/1594 996/1470/1683
f 948/1402/1920 917/1355/1798 996/1470/1683
f 853/1247/1799 981/1450/1921 819/1198/1922
f 853/1247/1799 702/1021/1923 750/1089/1801
f 750/1089/1801 702/1021/1923 11/17/1802
f 819/1198/1922 702/1021/1923 853/1247/1799
f 853/1247/1799 948/1402/1920 981/1450/1921
f 967/1432/1924 981/1450/1921 1016/1503/1685
f 1016/1503/1685 1025/1517/1686 967/1432/1924
f 948/1402/1920 996/1470/1683 981/1450/1921
f 981/1450/1921 996/1470/1683 1016/1503/1685
f 163/264/1778 225/344/1925 142/236/1773
f 311/461/1926 242/366/1927 225/344/1925
s 0
f 410/610/1928 221/340/1929 242/366/1930
s 1
f 311/461/1926 371/552/1340 434/643/1267
f 311/461/1926 225/344/1925 163/264/1778
f 323/476/726 371/552/1340 163/264/1931
s 0
f 311/461/1932 163/264/1933 371/552/1934
s 1
f 142/236/1773 225/344/1925 76/141/1935
f 225/344/1925 242/366/1927 76/141/1935
s 0
f 18/29/1936 142/236/1937 76/141/1936
f 26/47/1938 20/32/1939 132/223/1940
s 1
f 132/223/1941 20/33/1942 76/141/1935
f 132/223/1941 242/366/1927 221/340/1943
f 76/141/1935 242/366/1927 132/223/1941
f 26/47/1863 132/223/1944 178/281/1945
f 402/599/1946 178/281/1945 221/340/1947
s 0
f 178/281/1948 132/223/1949 221/340/1948
s 1
f 221/340/1947 410/610/1950 402/599/1946
f 442/654/1951 402/599/1946 410/610/1950
f 437/648/1273 442/654/1951 410/610/1950
f 311/461/1926 410/610/1950 242/366/1927
f 442/654/1951 478/710/1274 430/638/1952
f 437/648/1273 478/710/1274 442/654/1951
f 434/643/1267 410/610/1950 311/461/1926
f 430/638/1952 402/599/1946 442/654/1951
f 402/599/1946 430/638/1952 408/607/1953
f 213/329/1954 402/599/1946 408/607/1953
f 213/329/1954 178/281/1945 402/599/1946
f 408/607/1953 262/394/1955 213/329/1954
f 104/183/1870 26/47/1863 178/281/1945
f 213/329/1954 104/183/1870 178/281/1945
s 0
f 262/394/1956 305/452/1957 153/250/1958
s 1
f 104/183/1870 262/394/1955 153/250/1916
f 36/68/1869 104/183/1870 153/250/1916
f 75/139/1959 153/250/1916 234/355/1960
f 75/139/1959 35/65/1915 153/250/1916
f 303/450/1961 305/452/1962 385/570/1963
s 0
f 305/452/1964 408/607/1965 385/570/1966
s 1
f 408/607/1953 305/452/1967 262/394/1955
f 503/750/1276 430/638/1952 478/710/1274
f 451/667/1968 497/741/1277 524/778/1279
f 503/750/1276 423/627/1969 430/638/1952
f 430/638/1952 423/627/1969 408/607/1953
s 0
f 408/607/1970 423/627/1971 451/667/1972
s 1
f 451/667/1968 431/639/1973 385/570/1963
f 451/667/1968 385/570/1963 408/607/1974
f 451/667/1968 423/627/1969 503/750/1276
f 451/667/1968 503/750/1276 497/741/1277
f 481/716/1975 463/684/1976 431/639/1973
f 431/639/1973 451/667/1968 524/778/1279
f 524/778/1279 481/716/1975 431/639/1973
f 434/643/1267 437/648/1273 410/610/1950
f 434/643/1267 371/552/1340 435/645/1339
f 999/1475/1601 986/1457/1600 929/1373/1824
f 1028/1522/1628 970/1439/1842 994/1466/1844
f 1028/1522/1628 994/1466/1844 1036/1535/1626
f 994/1466/1844 1026/1520/1630 1036/1535/1626
f 1026/1520/1630 994/1466/1844 1006/1486/1849
f 1006/1486/1849 1012/1497/1633 1026/1520/1630
f 1044/1549/1617 999/1476/1601 1005/1485/1840
f 1091/1612/1625 1054/1565/1623 1028/1523/1628
f 1028/1523/1628 1054/1565/1623 1005/1485/1840
f 1054/1565/1623 1044/1549/1617 1005/1485/1840
f 981/1450/1921 967/1432/1924 819/1198/1922
s 0
f 836/1223/1977 969/1437/1978 954/1410/1979
s 1
f 969/1437/1980 836/1223/1981 967/1432/1924
f 819/1198/1922 967/1432/1924 836/1223/1981
f 819/1198/1922 836/1223/1981 693/1011/1982
f 693/1011/1982 702/1021/1923 819/1198/1922
f 712/1040/1983 836/1223/1981 954/1410/1984
f 757/1101/1985 712/1040/1983 954/1410/1984
s 0
f 433/641/1986 489/729/1987 484/722/1988
s 1
f 484/722/1284 424/628/1881 461/682/1989
f 461/682/1989 433/641/1990 484/722/1284
s 0
f 424/628/1991 415/616/1992 461/682/1993
s 1
f 47/86/1994 148/244/1903 647/952/1910
f 112/192/1902 47/87/1994 51/97/1995
f 128/214/1904 51/96/1995 131/221/1996
f 51/97/1995 128/214/1904 112/192/1902
f 193/306/1907 283/424/1905 128/214/1904
f 148/244/1903 47/88/1994 112/192/1902
f 131/221/1996 193/306/1907 128/214/1904
f 1025/1518/1686 1014/1500/1687 967/1433/1924
f 985/1455/1997 954/1411/1984 969/1438/1980
f 757/1100/1985 842/1232/1998 701/1019/1999
f 842/1232/1998 757/1100/1985 954/1411/1984
f 954/1411/1984 985/1455/1997 990/1462/2000
f 954/1411/1984 990/1462/2000 958/1417/2001
f 954/1411/1984 958/1417/2001 842/1232/1998
f 969/1438/1980 967/1433/1924 1014/1500/1687
f 1042/1547/1700 985/1455/1997 1014/1500/1687
f 969/1438/1980 1014/1500/1687 985/1455/1997
f 1045/1551/1707 1050/1558/1709 990/1462/2000
f 990/1462/2000 1042/1547/1700 1045/1551/1707
f 1052/1563/1631 1003/1482/2002 1050/1558/1709
f 1012/1496/1633 1003/1482/2002 1052/1563/1631
f 990/1462/2000 1050/1558/1709 1003/1482/2002
f 1042/1547/1700 990/1462/2000 985/1455/1997
f 958/1417/2001 990/1462/2000 1003/1482/2002
f 950/1405/2003 898/1330/1853 958/1417/2001
f 842/1232/1998 958/1417/2001 898/1330/1853
f 950/1405/2003 958/1417/2001 1003/1482/2002
f 950/1405/2003 1003/1482/2002 1012/1496/1633
f 930/1375/1850 950/1405/2003 1012/1496/1633
f 950/1405/2003 930/1376/1850 898/1330/1853
f 702/1021/1923 7/13/1909 11/17/1802
f 647/953/1910 702/1021/1923 693/1011/1982
s 0
f 647/953/2004 7/13/2005 702/1021/2006
s 1
f 7/13/1909 120/203/1760 11/17/1802
f 7/13/1909 647/953/1910 172/274/1890
f 836/1223/1981 712/1040/1983 693/1011/1982
f 647/953/1910 693/1011/1982 712/1040/1983
f 692/1010/2007 647/953/1910 712/1040/1983
f 1006/1486/1849 941/1391/1845 1012/1497/1633
f 481/717/1975 489/729/2008 463/685/1976
f 213/329/1954 262/394/1955 104/183/1870
f 234/355/1960 153/250/1916 305/452/1962
f 388/574/2009 431/639/1973 463/684/1976
f 431/639/1973 388/574/2009 396/591/2010
f 292/434/2011 396/591/2010 388/574/2009
f 431/639/1973 396/591/2010 385/570/1963
f 385/570/1963 396/591/2010 303/450/1961
f 273/410/1906 192/303/2012 208/323/2013
f 192/303/2012 273/410/1906 193/305/1907
f 292/434/2014 273/410/1906 208/323/2013
f 97/172/2015 98/173/2016 617/907/2017
f 98/173/2016 97/172/2015 208/323/2013
f 208/323/2013 75/139/1959 234/355/1960
f 97/172/2015 35/66/1915 75/139/1959
s 0
f 42/78/2018 98/173/2019 131/220/2020
s 1
f 98/173/2016 192/303/2012 131/220/1996
f 192/303/2012 98/173/2016 208/323/2013
f 234/355/1960 305/452/1962 303/450/1961
f 234/355/1960 303/450/1961 208/323/2013
f 208/323/2013 303/450/1961 292/434/2014
f 489/729/2008 433/641/2021 463/685/1976
f 433/641/2021 388/573/2009 463/685/1976
s 0
f 433/641/2022 387/572/2023 388/573/2023
s 1
f 283/424/1905 273/409/1906 388/573/2024
f 283/424/1905 415/616/1899 343/509/1900
f 433/641/1990 415/616/1899 387/572/2025
f 433/641/1990 461/682/1989 415/616/1899
f 387/572/2025 415/616/1899 283/424/1905
f 387/572/2025 283/424/1905 388/573/2024
f 660/970/2026 701/1019/1999 842/1232/1998
f 660/970/2026 842/1232/1998 733/1069/2027
f 898/1330/1853 733/1069/2027 842/1232/1998
s 0
f 51/98/2028 47/89/2029 660/970/2030
s 1
f 633/931/2031 51/98/2032 660/970/2026
f 633/931/2031 660/970/2026 733/1069/2027
f 701/1019/1999 660/970/2026 47/89/1994
f 47/89/1994 692/1009/2007 701/1019/1999
f 692/1009/2007 47/89/1994 647/954/1910
s 0
f 388/574/2033 273/410/2034 292/434/2035
f 701/1020/2036 692/1010/2037 757/1101/2038
s 1
f 757/1101/1985 692/1010/2007 712/1040/1983
f 36/69/1869 625/918/1864 26/48/1863
f 241/365/1908 148/244/1903 330/485/1901
f 192/304/2012 193/306/1907 131/221/1996
f 97/171/2015 617/908/2017 35/67/1915
s 0
f 644/948/2039 35/67/2040 617/908/2041
f 640/941/2042 668/980/2043 42/79/2044
f 42/79/2045 617/908/2046 98/174/2047
s 1
f 617/908/1919 42/79/2048 668/980/1918
f 727/1061/1848 668/980/1918 798/1165/1856
s 0
f 131/222/2049 51/98/2050 42/80/2051
f 42/80/2052 51/98/2053 624/917/2054
s 1
f 763/1109/1855 624/917/2055 633/931/2031
f 633/931/2031 624/917/2055 51/98/2032
s 0
f 624/917/2056 640/940/2057 42/80/2058
s 1
f 640/940/2059 624/917/2055 726/1058/1854
f 763/1109/1855 726/1059/1854 624/917/2055
f 898/1330/1853 763/1109/1855 733/1069/2027
f 633/931/2031 733/1069/2027 763/1109/1855
f 885/1309/1852 763/1109/1855 898/1330/1853
s 0
f 396/591/2060 292/434/2061 303/450/2062
s 1
f 798/1165/1856 668/980/1918 726/1060/1854
f 668/980/1918 640/941/2059 726/1060/1854
f 75/139/1959 208/323/2013 97/172/2015
f 52/99/2063 64/118/2064 145/240/2065
