# Blender 3.4.1
# www.blender.org
mtllib coin.mtl
o tripo_node_f6fa30f4-eeb1-4913-b2bc-d1345b65d761
v -0.009050 0.235946 0.440769
v 0.009085 0.226606 -0.445952
v -0.009633 0.136427 0.480826
v 0.009256 0.499703 0.023541
v -0.010470 -0.040586 0.498154
v 0.008685 -0.496345 0.058897
v -0.009183 0.495252 0.068889
v -0.009942 -0.141167 0.479741
v 0.009683 0.094059 -0.490597
v 0.009177 0.495220 -0.069577
v 0.009310 0.001131 0.499956
v -0.009558 -0.461363 0.192002
v 0.008892 0.409662 0.286132
v 0.002610 -0.480608 0.136536
v 0.009554 0.233065 0.442420
v 0.009581 -0.465328 0.181995
v -0.009397 -0.086495 0.492072
v 0.009067 -0.222393 0.447433
v 0.009164 0.473299 0.161422
v -0.011496 0.434347 -0.247012
v -0.009466 0.280005 -0.413802
v 0.008789 0.402492 -0.296121
v -0.009974 0.345416 0.360805
v 0.009166 0.499722 -0.024610
v 0.009589 0.486197 -0.115967
v 0.008979 0.453329 0.211218
v 0.009142 0.495068 0.070171
v 0.009388 0.150574 0.476778
v -0.009001 0.192811 0.461313
v -0.010430 0.383528 0.320383
v 0.009960 -0.447280 0.222650
v 0.009389 0.137199 -0.480800
v 0.010296 0.306695 -0.394332
v 0.008993 0.439959 -0.237411
v 0.009213 -0.296266 -0.402346
v -0.009633 0.309819 -0.392038
v 0.009381 -0.087235 0.491925
v -0.011188 -0.343212 -0.362658
v 0.008585 0.432398 0.250850
v -0.008956 -0.255905 0.429484
v 0.007917 -0.141834 0.479660
v 0.008378 -0.368855 -0.336376
v 0.009068 0.348006 -0.358682
v -0.009696 -0.440727 -0.234685
v -0.009515 0.344677 -0.361647
v 0.009019 -0.306814 0.394560
v 0.009570 -0.179759 -0.466611
v 0.009599 0.388098 0.314703
v 0.008575 -0.399782 -0.298983
v 0.009372 -0.045940 -0.497680
v -0.009481 0.439854 0.237504
v -0.011291 -0.302977 0.397459
v 0.009152 -0.259192 0.427540
v 0.009353 -0.221144 -0.448173
v 0.005165 0.486604 0.115577
v 0.009200 0.380017 -0.324317
v 0.009361 0.423850 -0.264507
v 0.009021 0.177170 -0.467710
v 0.009318 -0.338817 0.367070
v 0.009828 -0.260038 -0.427028
v 0.009423 -0.369924 0.334908
v 0.009380 0.452949 -0.211818
v -0.008951 -0.391919 0.309303
v -0.009546 0.093011 -0.490775
v -0.013358 -0.219792 -0.448540
v 0.009102 -0.393238 0.307237
v 0.010702 -0.428278 -0.256733
v 0.008354 -0.487989 0.106711
v 0.009235 -0.470363 -0.168259
v -0.009638 -0.426546 0.259488
v 0.008725 -0.133654 -0.481716
v 0.009202 -0.086078 -0.492099
v 0.009596 0.356344 0.349942
v 0.009701 0.322501 0.381412
v 0.009077 0.473114 -0.162050
v 0.008943 0.092779 0.490941
v -0.010013 -0.475527 -0.152845
v 0.009693 -0.007370 -0.499990
v 0.009986 -0.499757 -0.017606
v 0.009399 -0.499700 0.020393
v 0.009566 -0.325379 -0.379404
v 0.008846 0.042100 0.498109
v 0.009376 -0.488604 -0.104411
v 0.008742 -0.453204 -0.210507
v -0.009230 -0.000944 0.500038
v -0.009572 0.495074 -0.070571
v 0.010007 -0.497456 -0.049007
v 0.009065 0.042745 -0.498119
v -0.009755 0.376107 -0.328933
v 0.009015 0.193441 0.460994
v 0.009966 -0.038104 0.498409
v 0.009254 -0.479777 -0.138458
v 0.009162 0.279405 -0.414183
v 0.009746 -0.423411 0.264639
v 0.010015 0.286489 0.409576
v 0.009334 -0.188054 0.463195
v 0.027157 -0.038188 -0.496371
v 0.028041 0.452182 0.208714
v 0.029822 -0.461526 -0.185570
v 0.026569 -0.006205 0.498247
v 0.027767 -0.494346 -0.056511
v 0.029022 0.141038 -0.477517
v 0.027239 -0.465062 0.177634
v 0.028775 0.092448 0.488760
v 0.028287 -0.134020 0.479338
v 0.028058 0.484491 -0.114464
v 0.028620 -0.350200 -0.352664
v 0.027411 0.041488 -0.496132
v 0.028866 -0.481246 0.125276
v 0.028527 0.092644 -0.488846
v 0.028623 -0.477719 -0.137807
v 0.027411 -0.422356 -0.262533
v 0.028228 0.492939 0.070539
v 0.028262 0.471462 0.160560
v 0.027713 -0.422160 0.262878
v 0.029243 -0.380686 -0.319142
v 0.028536 -0.400869 -0.293446
v 0.029055 0.243972 0.433460
v 0.028466 0.189767 -0.460463
v 0.028621 -0.292760 0.402250
v 0.027865 0.282821 0.409471
v 0.028154 -0.046969 0.495279
v 0.029622 -0.178824 0.464510
v 0.028174 0.042359 0.495881
v 0.027901 -0.257775 -0.426001
v 0.028986 -0.254949 0.427374
v 0.030553 -0.486123 -0.103454
v 0.028082 -0.133644 -0.479523
v 0.029070 0.432651 0.246124
v 0.029178 0.385837 -0.314018
v 0.028108 0.386375 0.313556
v 0.028711 -0.351527 0.351286
v 0.028608 -0.000297 -0.497826
v 0.028442 0.497468 0.023710
v 0.028291 -0.220760 0.445960
v 0.028978 0.321621 0.379191
v 0.028750 -0.295131 -0.400488
v 0.028171 0.318026 -0.382435
v 0.033087 0.407093 0.284788
v 0.028069 -0.086372 0.489932
v 0.029265 0.354510 -0.348793
v 0.028602 0.175358 0.465991
v 0.029037 -0.496588 0.031652
v 0.030248 -0.447310 0.217247
v 0.028326 -0.221439 -0.445621
v 0.028623 -0.188710 -0.460687
v 0.028292 -0.497538 -0.010815
v 0.028488 -0.442096 -0.228140
v 0.028815 0.471339 -0.160571
v 0.029675 0.356204 0.346869
v 0.028426 -0.324126 -0.377548
v 0.027747 -0.323459 0.378263
v 0.028533 0.281551 -0.410394
v 0.028457 0.136776 0.478634
v 0.028140 -0.491917 0.074088
v 0.029420 0.451100 -0.210760
v 0.028229 0.484618 0.114168
v 0.028572 0.492861 -0.070227
v 0.036856 0.435793 -0.237672
v 0.029030 0.232700 -0.440112
v 0.028529 -0.385628 0.313553
v 0.028991 -0.158929 -0.471716
v 0.028406 0.416599 -0.272304
v 0.029053 0.213645 0.449546
v 0.039411 0.495308 -0.024815
v 0.028431 -0.086086 -0.490002
v 0.045614 -0.146927 0.471961
v 0.046448 -0.486822 -0.080375
v 0.047017 -0.465331 -0.163865
v 0.032331 -0.414531 0.089800
v 0.031633 -0.414575 0.085523
v 0.031650 0.409946 -0.115229
v 0.031611 0.312812 -0.288973
v 0.031807 -0.408257 -0.115213
v 0.031611 -0.422160 -0.034971
v 0.031910 0.415304 -0.093008
v 0.031704 0.413062 -0.104257
v 0.031633 -0.410954 0.108632
v 0.031971 -0.416863 0.075269
v 0.031848 -0.420578 -0.053357
v 0.031635 0.373770 -0.203014
v 0.031526 0.415142 -0.080109
v 0.031591 -0.250291 -0.151679
v 0.031560 -0.222580 -0.362801
v 0.031736 -0.416309 -0.081844
v 0.031556 0.406237 -0.126257
v 0.031749 -0.368881 -0.211290
v 0.031843 -0.412681 -0.098301
v 0.031745 0.383211 -0.184510
v 0.031706 0.390657 -0.169379
v 0.031965 -0.214175 -0.368288
v 0.031554 0.369452 -0.211884
v 0.031972 -0.420239 0.053623
v 0.031842 -0.418791 -0.069074
v 0.031736 0.386541 -0.177150
v 0.031779 -0.422120 0.029790
v 0.031530 0.066574 0.271978
v 0.031610 0.082083 -0.274757
v 0.031811 -0.410177 -0.107566
v 0.031632 0.302227 -0.301235
v 0.031596 -0.418150 0.065695
v 0.031608 0.092484 -0.273530
v 0.032280 -0.412811 0.100748
v 0.031590 0.044650 0.262018
v 0.031519 -0.251195 0.149003
v 0.031489 0.029732 0.252597
v 0.031563 0.140162 0.189220
v 0.031530 -0.201570 0.374395
v 0.031569 -0.251384 -0.133044
v 0.031782 0.126733 0.405707
v 0.031531 -0.244997 -0.105787
v 0.031654 -0.349581 -0.242007
v 0.031549 0.355784 -0.233973
v 0.031556 -0.004461 0.425091
v 0.031527 0.047801 -0.263720
v 0.031828 -0.382245 -0.184574
v 0.031574 0.115931 0.243844
v 0.031592 -0.094248 -0.414543
v 0.031689 -0.104276 -0.412841
v 0.031900 -0.374350 -0.200294
v 0.031821 -0.211882 0.369278
v 0.031611 -0.383195 -0.179885
v 0.031638 -0.198137 -0.178439
v 0.031548 0.024236 0.255877
v 0.031749 -0.241340 0.163651
v 0.031606 0.332118 0.266929
v 0.031629 0.423376 -0.045756
v 0.031754 -0.393093 -0.161238
v 0.031890 -0.395435 -0.154056
v 0.031967 -0.398408 -0.146160
v 0.031618 0.032565 -0.255025
v 0.031646 0.169592 -0.389841
v 0.032056 0.349899 -0.243041
v 0.031712 -0.205872 -0.372519
v 0.031863 -0.341458 -0.253986
v 0.031585 -0.365097 -0.218816
v 0.046071 -0.492398 -0.032998
v 0.031526 -0.012273 -0.311425
v 0.031536 0.141381 -0.273939
v 0.032068 0.161393 -0.394300
v 0.031871 0.418974 0.071517
v 0.031616 0.026138 -0.424383
v 0.031530 0.160465 -0.171373
v 0.031572 0.085119 0.274500
v 0.031571 0.255759 0.335414
v 0.031531 0.222459 0.092835
v 0.032007 -0.052625 0.422435
v 0.031526 -0.093348 0.227635
v 0.031584 -0.100047 0.413781
v 0.031640 -0.186526 0.381797
v 0.031619 -0.274327 0.325056
v 0.031692 -0.213279 -0.175844
v 0.031542 -0.264034 -0.099153
v 0.031757 0.049475 -0.422473
v 0.031556 0.202244 0.374452
v 0.031801 0.177384 -0.386402
v 0.031538 -0.259335 0.170900
v 0.031761 0.165621 0.392249
v 0.031566 0.392741 -0.159396
v 0.031616 0.326033 0.273729
v 0.031540 -0.076372 -0.234825
v 0.031547 -0.167357 -0.193789
v 0.031954 -0.148362 -0.398147
v 0.031543 -0.252863 0.122340
v 0.031571 -0.386540 0.173495
v 0.031648 0.104224 -0.265785
v 0.031512 0.179362 0.385359
v 0.031834 0.193529 0.379050
v 0.031525 0.322900 -0.015852
v 0.031826 0.344462 0.250769
v 0.031662 -0.113399 -0.409756
v 0.032187 -0.160396 -0.394165
v 0.031698 -0.168648 -0.390385
v 0.031628 -0.243875 0.104062
v 0.031531 -0.231754 -0.002471
v 0.031553 -0.257107 -0.188447
v 0.031679 0.097595 0.271087
v 0.031633 0.122172 0.219116
v 0.031548 0.230406 -0.079915
v 0.031841 -0.231680 0.356792
v 0.031639 -0.345041 0.247428
v 0.031590 0.096846 0.414577
v 0.031599 0.412974 0.101301
v 0.031623 0.393088 0.162483
v 0.031567 -0.195431 0.178924
v 0.031666 -0.318966 0.281588
v 0.031797 0.223039 0.363091
v 0.031678 0.260249 -0.337827
v 0.031610 0.322776 -0.276934
v 0.031737 0.023888 0.424396
v 0.031690 0.122313 -0.220126
v 0.031929 0.420019 -0.064967
v 0.031965 -0.121998 -0.406985
v 0.031920 -0.121664 0.407376
v 0.031620 -0.259774 -0.337773
v 0.031579 -0.332761 -0.265978
v 0.031795 0.137786 0.402079
v 0.031562 0.262581 0.053100
v 0.031692 -0.049260 -0.422535
v 0.031801 -0.245472 -0.348078
v 0.031792 -0.305687 -0.295724
v 0.031744 0.060792 -0.269717
v 0.031623 0.115386 -0.246582
v 0.031763 0.230255 0.357916
v 0.031552 -0.184384 -0.382881
v 0.032321 -0.168427 -0.180585
v 0.031893 -0.135277 0.402790
v 0.031730 -0.233581 0.081092
v 0.031934 -0.168848 0.390271
v 0.032119 -0.175761 -0.387078
v 0.031738 -0.214185 0.175487
v 0.031951 -0.383027 0.182790
v 0.031764 0.112495 0.410819
v 0.031798 0.367229 0.216895
v 0.031623 0.420753 0.056792
v 0.031601 0.283491 0.019001
v 0.031565 0.353947 0.235800
v 0.031805 0.416880 0.083611
v 0.031639 -0.288580 0.313046
v 0.032256 -0.390495 -0.168589
v 0.031585 0.185581 -0.381858
v 0.031645 0.268540 -0.031074
v 0.031617 0.278353 -0.321223
v 0.031772 0.295611 0.307314
v 0.032347 -0.401813 -0.136733
v 0.031678 0.226280 -0.360377
v 0.031979 0.309604 0.293000
v 0.031798 0.408108 0.119407
v 0.031718 -0.375242 0.198734
v 0.031817 0.089631 -0.415584
v 0.031838 0.126604 -0.405551
v 0.031861 0.151053 0.397552
v 0.032246 -0.027397 0.424402
v 0.031768 -0.199818 -0.375701
v 0.031866 -0.250135 0.123478
v 0.031983 -0.342352 0.253093
v 0.031855 -0.390570 0.167310
v 0.031765 0.153491 -0.396813
v 0.031849 -0.130684 -0.404081
v 0.031751 -0.320973 -0.279620
v 0.031742 -0.333311 0.264480
v 0.031635 0.062898 -0.419403
v 0.032126 0.073408 -0.418630
v 0.031648 0.108329 0.260351
v 0.032163 0.137473 -0.402193
v 0.031805 0.382816 0.184527
v 0.031952 0.082773 0.417254
v 0.031765 0.212005 -0.369499
v 0.031654 0.376583 0.195665
v 0.031847 -0.081658 0.417492
v 0.031784 -0.150024 0.397764
v 0.031774 -0.238425 -0.165836
v 0.031927 -0.276511 -0.323599
v 0.031874 0.350569 0.241602
v 0.032336 -0.159812 0.180191
v 0.031822 0.065424 0.420596
v 0.031947 0.267594 0.331561
v 0.031906 0.238275 -0.352844
v 0.031854 0.274675 0.325076
v 0.031674 0.290967 0.007386
v 0.031660 -0.064308 0.421033
v 0.031792 0.336357 -0.262806
v 0.031961 -0.021822 -0.424747
v 0.032022 -0.064884 -0.420547
v 0.031850 -0.074956 -0.418350
v 0.031820 -0.251780 0.343315
v 0.031912 0.238147 0.352921
v 0.031875 -0.398230 0.148223
v 0.031574 0.144505 -0.399405
v 0.031888 -0.160785 0.394143
v 0.031873 -0.365645 0.217264
v 0.031968 -0.405823 -0.125003
v 0.032115 0.249345 -0.345424
v 0.031923 0.405363 0.128420
v 0.031873 -0.139425 -0.401262
v 0.032094 -0.353588 0.236068
v 0.031834 0.423178 0.037339
v 0.031852 0.292603 -0.001333
v 0.031867 0.398616 -0.148835
v 0.031819 0.108044 -0.411266
v 0.031822 0.404453 -0.132488
v 0.031922 -0.359497 0.226989
v 0.031858 0.049793 0.422547
v 0.032187 0.248030 0.346074
v 0.032138 0.118720 -0.408290
v 0.031880 -0.259671 0.337961
v 0.032069 -0.408173 0.119177
v 0.031891 0.126117 -0.190108
v 0.031983 0.315855 0.285973
v 0.031895 0.401503 -0.140223
v 0.032161 0.371141 0.208861
v 0.031928 -0.304983 0.297798
v 0.031787 -0.227810 0.171299
v 0.032047 -0.239553 0.351832
v 0.031669 0.284735 -0.017711
v 0.032002 0.402135 0.137849
v 0.032194 0.230445 -0.051501
v 0.032378 -0.294470 -0.307654
v 0.032025 0.396646 0.153843
v 0.031831 0.016829 0.243847
v 0.031813 -0.227460 -0.070049
v 0.031550 -0.173707 0.190234
v 0.034281 0.126315 0.127147
v 0.031712 0.252270 -0.041546
v 0.031969 0.244348 0.045027
v 0.031969 -0.404064 0.130290
v 0.031931 0.264881 0.033857
v 0.031730 0.378669 -0.193407
v 0.033170 0.203146 -0.061541
v 0.031682 0.125822 0.195518
v 0.032260 0.366694 -0.217756
v 0.035305 -0.053197 0.179055
v 0.032172 0.360998 -0.226300
v 0.032257 0.202321 -0.374370
v 0.032546 0.318547 -0.282581
v 0.032087 0.271244 -0.328641
v 0.033467 0.126867 -0.140884
v 0.032199 -0.251662 -0.343903
v 0.032169 0.173062 0.388727
v 0.032110 -0.327092 0.272163
v 0.032342 -0.337721 -0.259829
v 0.032237 -0.228274 -0.359151
v 0.032287 -0.338191 0.259016
v 0.032373 -0.345420 -0.248065
v 0.031774 0.341460 -0.255374
v 0.032700 -0.353410 -0.236506
v 0.032160 -0.281351 0.319382
v 0.032266 -0.176263 0.386866
v 0.032156 0.219257 -0.365058
v 0.032284 0.226359 0.052654
v 0.032167 -0.220448 0.364025
v 0.032299 -0.192734 -0.378744
v 0.032235 0.293284 -0.309023
v 0.032496 -0.411247 0.109559
v 0.032118 -0.194101 0.378254
v 0.032339 -0.414462 -0.089349
v 0.032146 0.330204 -0.269620
v 0.032135 -0.225099 0.066337
v 0.032542 0.337922 0.260445
v 0.032260 -0.239790 -0.351698
v 0.032423 -0.361060 -0.224835
v 0.032302 -0.378457 0.192495
v 0.032335 0.283626 -0.317456
v 0.032289 0.359887 0.227762
v 0.032266 -0.268653 -0.330534
v 0.032115 0.213530 0.369058
v 0.032211 -0.245870 0.347527
v 0.032591 0.320861 0.279978
v 0.032226 -0.326817 -0.272499
v 0.032137 -0.312625 0.288479
v 0.032384 -0.348512 0.243800
v 0.032974 0.127115 0.155617
v 0.032493 0.378974 0.193649
v 0.032197 0.394623 -0.159652
v 0.032343 -0.234244 -0.355258
v 0.032196 -0.269277 0.329717
v 0.032385 0.289867 0.312536
v 0.032345 -0.372843 0.204367
v 0.032306 0.186025 0.382627
v 0.032236 -0.109867 0.411377
v 0.032287 0.159581 0.395144
v 0.032307 0.281404 0.319952
v 0.032545 -0.369964 0.210468
v 0.032332 -0.286601 -0.314692
v 0.032408 -0.356960 -0.230745
v 0.032430 -0.378391 -0.192413
v 0.032478 -0.395144 0.157687
v 0.032435 -0.084554 -0.416689
v 0.032118 0.257504 0.339551
v 0.032185 -0.297315 0.305508
v 0.032500 0.061566 -0.420769
v 0.032343 0.386200 0.178192
v 0.032211 0.191112 -0.379983
v 0.032263 0.301382 0.302516
v 0.032390 -0.400943 0.139711
v 0.032509 0.374740 0.202149
v 0.032450 -0.311670 -0.289764
v 0.032576 0.411494 0.108493
v 0.032593 -0.386339 -0.176596
v 0.032546 0.414945 0.092945
v 0.047325 -0.424977 0.250010
v 0.045272 -0.483057 0.101447
v 0.033498 -0.124240 -0.179449
v 0.035111 0.147256 -0.078911
v 0.033248 0.202437 0.061440
v 0.033326 -0.012238 0.218372
v 0.032382 -0.301294 -0.301700
v 0.033152 0.102916 -0.412772
v 0.046857 0.286071 0.402080
v 0.046129 -0.427324 -0.246451
v 0.034049 -0.196515 0.025731
v 0.032803 -0.371888 -0.205879
v 0.032521 0.390414 0.169718
v 0.032996 0.001612 -0.231550
v 0.046565 -0.215499 -0.444031
v 0.033023 0.417318 -0.080336
v 0.034486 -0.030946 -0.197885
v 0.033403 -0.125486 -0.177305
v 0.045751 -0.086526 0.486022
v 0.046030 0.467817 0.159945
v 0.046100 0.040860 0.492002
v 0.045900 -0.324600 0.371948
v 0.046422 0.480849 -0.112872
v 0.045889 0.092796 -0.484875
v 0.046019 -0.001506 0.493729
v 0.034492 0.167431 0.070454
v 0.046397 0.214207 -0.445254
v 0.034068 -0.114640 0.175256
v 0.046668 -0.351829 0.345218
v 0.045771 0.285800 -0.402705
v 0.043979 0.170646 -0.464350
v 0.047658 -0.449381 -0.204067
v 0.045729 -0.474429 0.135373
v 0.043949 0.411427 -0.274106
v 0.045703 -0.389668 0.302548
v 0.033828 0.188147 0.065523
v 0.033677 -0.015079 -0.215275
v 0.032240 0.400604 0.143227
v 0.033865 0.181818 -0.067306
v 0.034066 -0.025131 0.204433
v 0.045968 0.320263 0.375433
v 0.033913 -0.196467 -0.025956
v 0.034524 -0.321923 0.277442
v 0.034791 -0.175058 -0.000098
v 0.035498 0.040573 -0.423107
v 0.034462 0.163415 -0.071718
v 0.034527 -0.098497 -0.172600
v 0.035692 0.123866 -0.094743
v 0.037068 0.407114 0.122557
v 0.037686 -0.000033 -0.424711
v 0.050474 0.065322 0.269649
v 0.050511 0.089438 0.272785
v 0.048625 -0.246104 0.156493
v 0.046096 0.289970 -0.009042
v 0.036719 0.412555 -0.105651
v 0.037479 -0.421120 0.043005
v 0.035237 -0.083508 0.169559
v 0.042758 -0.251801 -0.139975
v 0.035393 0.142725 0.075080
v 0.045590 0.285786 0.015118
v 0.032998 -0.423437 0.003803
v 0.046773 0.134627 -0.475006
v 0.046899 -0.260630 0.419397
v 0.035508 0.141590 -0.075465
v 0.047004 0.172823 0.462617
v 0.035446 -0.044513 0.180714
v 0.046071 0.093392 0.484749
v 0.046789 -0.293705 -0.396552
v 0.045452 0.352230 -0.346032
v 0.051697 -0.232620 0.082642
v 0.035778 -0.048348 -0.175136
v 0.046165 0.041171 -0.491756
v 0.036374 -0.058393 0.162402
v 0.035599 -0.074706 -0.167353
v 0.051044 -0.004228 -0.224193
v 0.036383 0.121824 0.077201
v 0.036039 -0.058715 -0.162738
v 0.049554 -0.161182 0.178999
v 0.046275 0.429405 0.244074
v 0.048337 -0.211254 -0.047501
v 0.047447 0.198217 0.061642
v 0.036488 0.121816 -0.077745
v 0.050341 -0.242034 -0.160883
v 0.045939 0.480860 0.113722
v 0.045764 0.468473 -0.158202
v 0.046356 0.242087 0.430134
v 0.048775 0.098380 -0.269508
v 0.048163 -0.250122 0.146280
v 0.045724 -0.187121 0.457400
v 0.100521 -0.325053 -0.251726
v 0.045270 -0.489163 0.065967
v 0.054704 0.256351 0.334717
v 0.048474 -0.183125 -0.178999
v 0.041394 0.126794 -0.159505
v 0.046728 0.213547 0.445318
v 0.049478 -0.250233 0.130439
v 0.057870 -0.255259 0.334892
v 0.045212 0.263880 -0.033362
v 0.054230 -0.254759 -0.336158
v 0.044680 0.065971 -0.270669
v 0.044374 -0.038796 0.492636
v 0.060792 -0.207884 -0.364734
v 0.045974 0.318465 -0.376858
v 0.046945 0.383308 -0.310652
v 0.051341 -0.211851 0.049434
v 0.061155 0.103833 0.406567
v 0.045855 -0.001248 -0.493695
v 0.058704 -0.334392 0.255134
v 0.044608 -0.321509 -0.374941
v 0.049167 -0.248240 -0.121225
v 0.046746 -0.186453 -0.457222
v 0.045668 -0.087618 -0.485880
v 0.045933 0.126291 0.161991
v 0.050339 0.039016 0.257368
v 0.047231 0.448438 -0.207687
v 0.050367 0.106718 -0.260653
v 0.044706 0.384583 0.310037
v 0.048616 0.099094 0.269090
v 0.051137 0.273758 -0.025158
v 0.050425 0.024200 -0.247208
v 0.070126 0.360312 0.212226
v 0.051418 -0.173174 0.000209
v 0.050451 0.008638 0.235477
v 0.047806 0.163318 0.070613
v 0.059242 -0.156823 -0.389445
v 0.048443 0.191412 -0.063831
v 0.046127 0.135573 0.474997
v 0.046577 -0.257612 -0.421521
v 0.043694 -0.450670 0.203682
v 0.046480 -0.420872 -0.019423
v 0.044935 -0.381886 -0.312210
v 0.045896 0.489164 -0.069376
v 0.049438 -0.211797 -0.174843
v 0.050701 -0.241121 -0.100107
v 0.048902 0.245815 0.042723
v 0.049019 0.233925 -0.047860
v 0.059574 0.417570 -0.043868
v 0.042944 -0.058148 -0.161687
v 0.047422 -0.217603 0.173682
v 0.048593 0.108785 0.258398
v 0.050218 0.079721 0.272917
v 0.049151 0.274342 0.025188
v 0.046025 -0.140169 -0.473760
v 0.048391 -0.121246 -0.175535
v 0.045912 0.493731 0.023543
v 0.050148 0.089223 -0.272561
v 0.059052 0.209705 -0.364338
v 0.045731 0.489256 0.069382
v 0.047445 -0.017257 0.211555
v 0.050811 0.291029 0.002522
v 0.051209 -0.234677 0.165649
v 0.070568 0.295359 -0.296030
v 0.049003 -0.249326 -0.149577
v 0.048419 0.114018 -0.247557
v 0.047033 -0.154482 -0.179135
v 0.049423 -0.186503 0.178468
v 0.052396 0.123967 0.106179
v 0.050815 -0.243986 0.108630
v 0.051987 0.050103 -0.262845
v 0.049068 -0.127588 0.176534
v 0.051832 0.079651 -0.272457
v 0.071840 -0.158031 0.385893
v 0.049079 0.122673 -0.212437
v 0.046365 -0.035698 -0.492208
v 0.064668 0.256189 -0.332169
v 0.053266 -0.090308 0.169450
v 0.087414 0.356888 -0.209834
v 0.063464 0.158829 0.387927
v 0.046566 -0.493356 0.017666
v 0.045001 -0.400631 -0.287605
v 0.091935 0.412261 0.019955
v 0.047104 -0.293560 0.396595
v 0.051611 0.040058 0.419215
v 0.050955 -0.227458 -0.073391
v 0.056678 -0.407187 0.104005
v 0.059335 0.332279 -0.258087
v 0.054373 0.124140 -0.122638
v 0.048821 0.123626 0.202284
v 0.055879 -0.210922 0.363936
v 0.045745 -0.477944 -0.123013
v 0.046320 0.241820 -0.430424
v 0.047882 -0.226899 -0.170419
v 0.056907 -0.297821 0.297834
v 0.057727 -0.413141 -0.071967
v 0.046632 -0.349136 -0.347893
v 0.046152 -0.220917 0.441587
v 0.047265 0.354163 0.343249
v 0.053502 -0.034621 -0.191017
v 0.049161 0.118767 0.230802
v 0.052557 0.124698 -0.158562
v 0.070485 -0.388022 0.153987
v 0.052061 0.121104 0.077171
v 0.051337 -0.190703 0.020895
v 0.053900 0.120474 -0.076945
v 0.052492 0.124654 0.164143
v 0.047162 0.448146 0.208132
v 0.056005 -0.040818 0.182660
v 0.053994 -0.087793 -0.168922
v 0.056097 0.137149 -0.074463
v 0.053434 -0.402783 -0.121842
v 0.057767 -0.056836 0.160723
v 0.045713 -0.465764 0.163259
v 0.058940 -0.057201 -0.415700
v 0.067370 -0.183644 0.451321
v 0.052111 -0.249410 -0.136157
v 0.059914 0.413230 0.073431
v 0.068229 0.484649 -0.047723
v 0.100696 0.390884 -0.123937
v 0.100453 -0.102462 0.397283
v 0.067405 -0.086967 -0.478778
v 0.067541 -0.373965 0.310463
v 0.067574 0.132278 -0.468815
v 0.067234 0.093768 0.477623
v 0.067569 -0.015177 0.486192
v 0.052551 0.289483 -0.002694
v 0.067526 0.288900 -0.391513
v 0.067946 -0.480685 -0.074450
v 0.067620 -0.411354 -0.259208
v 0.067652 -0.324024 0.362568
v 0.076056 -0.359303 -0.210168
v 0.067968 0.425644 -0.236588
v 0.067999 0.341028 -0.346574
v 0.067982 0.484240 0.052653
v 0.052679 0.261809 0.031889
v 0.067278 -0.455579 0.172734
v 0.054552 0.240454 -0.041548
v 0.100732 0.378624 0.159073
v 0.066921 0.454564 -0.178101
v 0.059035 -0.057291 -0.160173
v 0.055885 -0.123785 -0.173698
v 0.068076 0.015065 -0.486011
v 0.067603 0.346210 0.341472
v 0.066979 0.175697 0.454491
v 0.067478 -0.482127 0.065790
v 0.053949 -0.193705 -0.175821
v 0.068034 0.486553 -0.013689
v 0.067545 0.463444 -0.151574
v 0.066761 -0.485617 0.035215
v 0.067474 -0.396323 0.281679
v 0.053926 0.115734 0.233645
v 0.053868 0.280822 0.015321
v 0.055679 0.216168 0.050971
v 0.067747 0.370837 0.314664
v 0.054020 0.117413 -0.227517
v 0.067157 0.474359 -0.112467
v 0.054043 -0.247280 0.145586
v 0.074856 -0.292525 -0.297118
v 0.100593 -0.409187 -0.014868
v 0.054885 0.174679 0.065420
v 0.100657 0.154572 -0.380735
v 0.053712 -0.205002 0.174387
v 0.067467 -0.244083 0.421378
v 0.054557 -0.246171 -0.148718
v 0.060254 0.387705 -0.162010
v 0.056380 0.121768 -0.176908
v 0.067827 -0.244695 -0.421129
v 0.034633 0.424436 0.015898
v 0.067882 0.369451 -0.316395
v 0.055676 -0.013793 0.211990
v 0.100494 0.266679 0.311645
v 0.055410 -0.222436 -0.168126
v 0.057076 -0.198990 -0.035299
v 0.068418 0.265707 0.407252
v 0.054891 0.043360 -0.256810
v 0.067359 0.396664 0.282369
v 0.055278 0.098560 0.263565
v 0.056718 0.120218 0.192042
v 0.054525 0.192291 -0.060673
v 0.067521 0.052296 -0.483673
v 0.067672 -0.052756 0.483452
v 0.068067 -0.138598 0.467058
v 0.067210 0.016618 0.486274
v 0.056540 -0.165248 -0.175623
v 0.066655 -0.447293 -0.194912
v 0.067812 0.283926 0.394957
v 0.100637 -0.377908 -0.161045
v 0.056906 -0.150773 0.175108
v 0.057727 0.103905 0.251758
v 0.066899 0.477955 0.096069
v 0.056083 -0.230785 -0.084906
v 0.037108 -0.001134 0.424970
v 0.054588 0.283796 -0.011690
v 0.068012 0.311984 0.372989
v 0.068242 0.486229 0.017339
v 0.056650 0.017156 0.238802
v 0.057656 0.070804 -0.264830
v 0.056942 0.092500 -0.265763
v 0.055201 -0.224593 0.072555
v 0.057734 0.074851 0.265903
v 0.067586 -0.267050 -0.406966
v 0.056847 0.050658 0.258162
v 0.056699 -0.237520 0.156816
v 0.062788 -0.169365 0.000336
v 0.057166 0.011522 -0.233787
v 0.056880 0.106108 -0.250279
v 0.067530 0.242225 -0.422327
v 0.067035 0.230539 0.429151
v 0.067846 -0.217846 -0.435415
v 0.057485 -0.239656 -0.153086
v 0.062038 0.118111 0.076071
v 0.057207 -0.241314 -0.115738
v 0.058378 -0.241437 0.126441
v 0.062146 0.117775 -0.076003
v 0.068162 0.394081 -0.285357
v 0.056921 -0.016305 -0.208279
v 0.056515 0.263283 0.026572
v 0.067208 0.412127 -0.259726
v 0.067865 -0.310612 -0.373945
v 0.057995 0.091793 0.262370
v 0.100587 -0.357603 0.203052
v 0.061929 -0.417368 0.000192
v 0.058629 -0.097743 0.168182
v 0.057073 -0.218214 0.166867
v 0.082725 0.328956 0.253625
v 0.058622 0.116123 -0.205343
v 0.057727 -0.235962 0.102366
v 0.058291 -0.241957 -0.128718
v 0.100639 -0.056829 0.405969
v 0.100542 -0.311856 -0.266959
v 0.056868 0.263559 -0.025257
v 0.067952 -0.348793 0.338029
v 0.067485 0.178179 -0.453453
v 0.067447 0.134504 0.468124
v 0.060152 -0.188811 0.024696
v 0.057633 0.282701 -0.000823
v 0.068047 -0.088061 0.478359
v 0.067060 0.444254 -0.201868
v 0.067229 -0.467522 -0.135017
v 0.067066 0.446807 0.196269
v 0.058358 0.052968 -0.257151
v 0.066813 -0.485461 -0.036122
v 0.058493 0.192143 -0.056092
v 0.067739 -0.037636 -0.485320
v 0.100541 0.155809 0.380223
v 0.059656 0.111422 0.216977
v 0.059828 0.109170 -0.224912
v 0.067335 -0.436512 0.215495
v 0.068331 -0.395141 -0.282438
v 0.061801 -0.069089 -0.161973
v 0.060503 0.119934 0.105621
v 0.060137 -0.224449 -0.084855
v 0.061312 -0.011870 -0.207120
v 0.059775 -0.223233 -0.158956
v 0.060908 -0.000477 0.217970
v 0.068202 -0.462297 -0.151462
v 0.060620 0.018929 -0.233658
v 0.060994 -0.213852 0.067594
v 0.059220 0.269234 0.013672
v 0.067787 -0.187273 -0.449698
v 0.061189 0.226045 -0.035024
v 0.068090 -0.138939 -0.466941
v 0.061526 0.261980 -0.009008
v 0.061879 -0.210353 0.157331
v 0.067500 0.269287 -0.405339
v 0.062484 -0.030438 0.187377
v 0.063061 0.025745 -0.232140
v 0.067185 0.208579 -0.440540
v 0.100660 0.342493 -0.226420
v 0.066965 -0.486412 0.001207
v 0.060268 0.094367 -0.252500
v 0.060200 0.212705 0.044250
v 0.067497 -0.276111 0.401190
v 0.061693 0.071204 -0.253205
v 0.062061 -0.204848 -0.055933
v 0.067755 -0.208970 0.439784
v 0.061479 0.019429 0.232309
v 0.067616 0.199660 0.444107
v 0.061320 0.048557 0.248061
v 0.066563 -0.055806 -0.157244
v 0.067857 -0.298429 0.383755
v 0.066191 -0.166706 0.000436
v 0.060798 -0.169347 -0.169675
v 0.068274 -0.465283 0.141723
v 0.060374 -0.234973 0.142530
v 0.067625 -0.418483 0.248054
v 0.067934 -0.475180 -0.101876
v 0.067531 -0.288777 -0.391795
v 0.062137 0.260348 -0.000370
v 0.067667 0.112466 -0.073230
v 0.067040 0.049336 0.484188
v 0.066842 -0.474329 0.108440
v 0.062863 0.117178 -0.104962
v 0.062203 -0.226234 -0.138580
v 0.063828 0.144883 -0.065081
v 0.060549 -0.166913 0.170158
v 0.068474 -0.427842 -0.230878
v 0.062394 0.236043 0.023159
v 0.062672 0.098857 0.224616
v 0.063202 -0.224320 -0.116139
v 0.063229 0.083944 0.241872
v 0.063126 0.110014 0.173908
v 0.062274 -0.223489 0.097529
v 0.062518 0.150050 0.064766
v 0.063524 0.115448 0.116115
v 0.067690 -0.359528 -0.326756
v 0.062760 -0.086156 -0.162591
v 0.065431 -0.088766 0.158180
v 0.063203 -0.202373 -0.152408
v 0.063740 -0.186432 -0.030103
v 0.067856 -0.382519 -0.299589
v 0.067974 0.463675 0.150632
v 0.062741 0.103302 -0.213273
v 0.067457 0.089798 -0.478292
v 0.066707 -0.055335 0.157418
v 0.064526 -0.210435 0.133298
v 0.064294 0.077689 -0.234794
v 0.100583 -0.327280 0.248896
v 0.067248 0.415529 0.254200
v 0.067185 0.113416 0.073935
v 0.063947 -0.167663 0.159037
v 0.065021 -0.205307 -0.078112
v 0.066387 0.108399 -0.120253
v 0.068331 -0.337105 -0.349654
v 0.100654 0.398747 -0.099312
v 0.064932 -0.180995 0.024580
v 0.065315 0.049025 0.229832
v 0.069035 0.479985 -0.078725
v 0.065413 -0.150368 -0.153761
v 0.065639 -0.092255 -0.157297
v 0.065102 -0.210830 0.106725
v 0.065406 -0.201397 -0.124979
v 0.070301 0.150419 -0.025554
v 0.066407 -0.166132 0.139943
v 0.067761 -0.023494 0.180016
v 0.067677 -0.177993 -0.037975
v 0.066777 0.010696 0.207353
v 0.067176 0.034157 -0.212335
v 0.067681 -0.174178 0.025974
v 0.065400 0.152190 0.056906
v 0.067030 -0.028404 -0.178527
v 0.100058 -0.265049 -0.313305
v 0.067929 0.099520 -0.138335
v 0.068047 -0.178599 0.046320
v 0.068341 -0.099814 0.145317
v 0.066934 0.148756 -0.053507
v 0.069674 -0.165658 -0.059575
v 0.068186 0.173368 0.023689
v 0.068874 -0.090913 -0.144583
v 0.070826 0.082194 -0.137901
v 0.069590 0.063544 -0.177351
v 0.069976 0.160684 0.005056
v 0.069834 0.136707 0.047435
v 0.068530 0.101616 0.120468
v 0.070075 -0.015893 -0.173426
v 0.100764 0.262038 -0.315899
v 0.071106 0.080702 0.135197
v 0.068231 0.310744 -0.373797
v 0.070110 -0.112677 0.125709
v 0.070220 -0.159026 0.000787
v 0.100516 -0.337419 -0.233662
v 0.072751 0.106558 -0.058746
v 0.069882 -0.054445 -0.152325
v 0.100656 0.342176 0.226599
v 0.100640 0.047776 -0.407281
v 0.071674 0.104808 0.068769
v 0.074029 0.033143 0.480832
v 0.070818 0.134119 -0.465397
v 0.071718 0.104996 -0.068511
v 0.070240 -0.157290 0.457977
v 0.070466 -0.097405 0.474355
v 0.072687 -0.003546 0.159231
v 0.070252 0.215908 -0.433888
v 0.072509 -0.151716 -0.459001
v 0.070950 0.194256 -0.443513
v 0.072365 0.086456 -0.475154
v 0.073326 0.465426 -0.129232
v 0.071111 0.170181 -0.453129
v 0.070410 -0.191647 0.444941
v 0.070149 -0.229072 0.426590
v 0.071238 0.163018 0.455538
v 0.070815 -0.272781 0.399636
v 0.071204 -0.296099 -0.382192
v 0.072811 -0.429879 0.219591
v 0.072832 -0.211163 0.434583
v 0.072731 -0.447746 -0.181245
v 0.073270 -0.472469 0.096110
v 0.072920 -0.048821 -0.480409
v 0.071636 0.085870 0.476112
v 0.100540 -0.057222 -0.405685
v 0.094407 -0.410214 -0.000229
v 0.071501 -0.245314 -0.417143
v 0.071760 -0.134323 0.464907
v 0.072798 -0.186645 -0.445815
v 0.070540 -0.249229 0.415104
v 0.071610 0.386577 0.290238
v 0.072923 -0.481828 0.017204
v 0.073190 0.427888 0.223830
v 0.071020 -0.053106 0.148727
v 0.073211 0.413220 0.249625
v 0.073084 -0.481256 -0.026391
v 0.071575 -0.212848 -0.434577
v 0.072004 0.414217 -0.249437
v 0.071184 -0.132207 -0.465756
v 0.100640 -0.154093 -0.380348
v 0.100609 0.323567 -0.253958
v 0.100415 -0.369961 0.177171
v 0.100789 0.205742 0.355481
v 0.073569 0.447826 0.181937
v 0.072158 0.475492 0.089950
v 0.072906 0.444338 -0.190621
v 0.074190 0.049176 -0.479442
v 0.076403 0.045923 0.107166
v 0.073807 -0.000766 -0.482609
v 0.072324 0.430311 -0.220953
v 0.070581 -0.149029 0.077766
v 0.075242 -0.101795 -0.048047
v 0.072754 -0.448798 0.178232
v 0.071247 -0.420628 -0.238407
v 0.074038 -0.247925 0.413448
v 0.072476 0.454257 -0.166962
v 0.077304 -0.024106 0.110802
v 0.074248 -0.275916 -0.395389
v 0.075970 -0.094537 0.043838
v 0.071054 -0.091118 -0.128584
v 0.071608 -0.119559 -0.098844
v 0.074887 -0.276166 0.394480
v 0.074179 0.463133 0.135561
v 0.074456 -0.177352 0.448250
v 0.073690 -0.084572 0.475044
v 0.076329 -0.028144 -0.120899
v 0.076298 0.013998 0.123674
v 0.075039 -0.305487 0.371205
v 0.077554 0.072683 -0.059077
v 0.074817 -0.025267 0.481031
v 0.100767 -0.392826 -0.119291
v 0.100576 -0.002202 -0.410295
v 0.074603 -0.083121 -0.474347
v 0.074290 -0.127140 0.002117
v 0.076990 0.079062 0.057938
v 0.077175 0.022610 -0.113027
v 0.074624 0.111679 -0.001928
v 0.100709 0.203926 -0.356582
v 0.100636 -0.103031 -0.397231
v 0.100801 0.392997 0.118346
v 0.100564 -0.292088 0.289868
v 0.080800 0.039171 -0.051913
v 0.098944 -0.095169 -0.450766
v 0.100704 0.353597 0.209626
v 0.100626 0.404491 0.068471
v 0.098677 0.318978 -0.332992
v 0.099572 -0.416505 -0.196226
v 0.100448 -0.273490 0.306172
v 0.092640 -0.277298 -0.374616
v 0.099246 0.055851 0.457260
v 0.100538 -0.124352 -0.390235
v 0.099256 -0.447986 -0.108983
v 0.098786 -0.434938 -0.153716
v 0.097728 -0.341459 -0.310601
v 0.098664 0.110420 -0.447696
v 0.099024 -0.384385 0.254646
v 0.100643 0.030352 0.408346
v 0.083155 0.009604 -0.038694
v 0.099190 -0.432069 0.159784
v 0.098754 0.329128 0.322379
v 0.098360 -0.309947 -0.341546
v 0.080660 0.039966 0.051961
v 0.099835 -0.229555 -0.398676
v 0.093035 -0.105553 0.453430
v 0.099052 -0.460289 -0.020537
v 0.100603 0.097337 -0.398701
v 0.100676 -0.203230 -0.357199
v 0.100644 -0.407257 0.041362
v 0.099166 0.457921 0.053634
v 0.099420 0.449213 -0.102681
v 0.092750 -0.054584 0.462552
v 0.100642 0.364521 0.188085
v 0.099506 -0.014425 -0.460283
v 0.099538 0.436075 0.148376
v 0.100420 -0.402519 0.069348
v 0.099360 0.252902 0.384924
v 0.098672 0.432323 -0.161377
v 0.098562 0.137917 0.440220
v 0.099429 -0.169245 0.428002
v 0.098988 -0.460014 0.023911
v 0.098718 0.453106 0.086631
v 0.093205 0.425872 0.188603
v 0.084030 0.001176 -0.004242
v 0.093446 -0.057079 -0.461991
v 0.098684 0.362824 0.284652
v 0.098980 -0.331749 0.319684
v 0.098557 0.166524 0.430135
v 0.093456 -0.240066 0.398444
v 0.099603 -0.399056 -0.228849
v 0.100543 -0.406477 -0.043205
v 0.099003 -0.355376 0.293241
v 0.099866 0.222646 0.402304
v 0.099973 0.000777 0.459993
v 0.100722 0.290735 -0.290716
v 0.083151 0.008795 0.039271
v 0.098899 0.274694 0.370031
v 0.100542 -0.177505 -0.369342
v 0.098970 0.226037 -0.401695
v 0.100628 -0.208213 0.354365
v 0.100642 0.114410 0.444893
v 0.100540 -0.224969 -0.343096
v 0.099268 0.385386 -0.252448
v 0.100324 -0.397696 0.099604
v 0.099556 0.444234 0.121409
v 0.098758 -0.368347 -0.277117
v 0.099175 -0.456414 -0.061870
v 0.099526 0.402319 0.223767
v 0.100487 -0.249741 -0.326541
v 0.098293 0.383896 0.256019
v 0.088810 -0.182895 -0.432162
v 0.099166 -0.145472 0.437121
v 0.099151 -0.404154 0.221188
v 0.099337 -0.251508 -0.385969
v 0.098633 -0.384981 -0.253897
v 0.098875 -0.454934 0.076133
v 0.099010 -0.444175 0.124428
v 0.098864 0.283920 -0.363131
v 0.099096 0.025476 -0.460080
v 0.098855 0.365795 -0.280409
v 0.100617 0.379504 -0.158598
v 0.100612 0.058436 0.405805
v 0.099139 -0.258204 0.381949
v 0.098757 -0.132072 -0.441960
v 0.093227 0.446175 -0.134117
v 0.097870 0.461759 0.020266
v 0.100650 -0.385164 -0.141594
v 0.099315 0.298009 0.350892
v 0.100527 -0.252316 0.324823
v 0.098680 0.134550 -0.441029
v 0.098396 0.345942 -0.305108
v 0.100632 -0.382509 0.151129
v 0.098734 0.165177 -0.430536
v 0.099376 0.460435 -0.019841
v 0.093348 -0.298708 0.356994
v 0.100661 -0.408650 0.001364
v 0.100602 0.408755 -0.040254
v 0.098761 -0.212429 0.409499
v 0.100664 0.291297 0.290490
v 0.100533 -0.391627 0.120491
v 0.099040 0.062662 -0.456382
v 0.099574 0.456965 -0.058475
v 0.098930 0.255972 -0.383078
v 0.099455 -0.204232 -0.412914
v 0.100754 0.329731 0.245251
v 0.100656 -0.356191 -0.205262
v 0.100612 0.103814 0.397155
v 0.100689 0.239403 -0.333293
v 0.098150 0.412337 -0.207845
v 0.100615 -0.003201 0.410256
v 0.100876 0.251807 0.324599
v 0.100579 -0.155212 0.380137
v 0.100531 -0.403179 -0.073073
v 0.099373 0.196570 0.416460
v 0.099555 -0.047190 -0.458072
v 0.098960 -0.309774 0.341571
v 0.099470 0.187555 -0.420364
v 0.098687 -0.417050 0.197338
v 0.099128 -0.030611 0.459916
v 0.099147 -0.066947 0.455793
v 0.099563 -0.168915 -0.428555
v 0.099243 0.427161 0.173625
v 0.098654 -0.285151 -0.362688
v 0.098995 -0.325597 -0.325784
v 0.100687 0.409738 0.025954
v 0.099209 -0.280024 0.365878
v 0.099409 -0.113049 0.446496
v 0.100724 0.398777 -0.225842
v 0.100912 -0.338680 -0.307882
v 0.100877 -0.361645 0.280198
v 0.100758 0.127535 -0.439811
v 0.100877 -0.359636 -0.282609
v 0.100805 0.421422 -0.179240
v 0.100901 -0.428133 -0.161832
v 0.100707 0.359352 -0.198935
v 0.100640 0.410065 -0.004238
v 0.100935 0.093755 0.447683
v 0.100528 -0.288962 -0.292570
v 0.100883 -0.122583 -0.441397
v 0.100900 -0.384320 -0.247692
v 0.100829 0.023016 -0.457777
v 0.100834 -0.448468 0.092888
v 0.100952 0.041397 0.455874
v 0.100797 0.410843 0.201426
v 0.100792 0.356116 0.287524
v 0.100890 -0.226691 0.397551
v 0.100876 -0.109402 0.444467
v 0.100890 0.435918 0.138858
v 0.100820 -0.188009 0.417312
v 0.100771 -0.438959 -0.129353
v 0.100939 -0.419660 0.181209
v 0.100901 -0.403551 0.215804
v 0.100903 -0.146261 0.433681
v 0.100800 0.450020 0.083428
v 0.100826 0.083866 -0.449886
v 0.100847 0.373193 -0.265172
v 0.100871 0.446132 -0.105047
v 0.100789 -0.274029 -0.367292
v 0.100814 -0.431380 0.152633
v 0.100846 -0.448726 -0.088614
v 0.100840 -0.456627 0.029225
v 0.100844 0.330206 -0.316672
v 0.100884 -0.061598 -0.453219
v 0.100867 -0.046678 0.455667
v 0.100576 -0.396850 0.115594
v 0.100760 0.229305 -0.395088
v 0.100469 -0.334735 -0.243081
v 0.100918 -0.258326 0.378187
v 0.100856 -0.381594 0.252154
v 0.100940 -0.224702 -0.397514
v 0.100834 -0.175437 -0.422670
v 0.100831 -0.407721 -0.206938
v 0.100932 -0.456127 -0.033025
v 0.100846 0.319470 0.327474
v 0.100833 0.456417 -0.019989
v 0.100609 0.228672 0.340297
v 0.100606 0.320571 0.257795
v 0.100903 -0.312087 0.333985
v 0.100921 0.158468 0.428870
v 0.100817 0.175072 -0.422853
v 0.100865 0.245645 0.385054
v 0.100851 0.455636 0.044089
v 0.100818 0.429580 -0.158172
v 0.100797 0.275690 -0.365021
v 0.100883 0.383715 0.249013
v 0.100872 0.425551 0.167594
v 0.100985 0.192318 0.414141
v -0.008536 -0.307908 -0.393818
v -0.009762 -0.183229 -0.465345
v -0.009163 -0.473863 0.157590
v -0.009182 -0.086633 -0.491909
v -0.009005 -0.398924 -0.299827
v -0.009190 -0.423676 -0.263850
v -0.010163 -0.260289 -0.426952
v -0.008912 -0.133663 -0.481682
v -0.009766 -0.497395 -0.050410
v -0.009416 0.486217 -0.115936
v -0.009134 -0.376900 -0.327082
v -0.008793 0.404765 -0.293191
v -0.009481 0.172787 -0.469407
v -0.008683 0.218241 -0.450047
v -0.008716 -0.004601 -0.500215
v -0.009957 -0.045565 -0.497672
v -0.008878 -0.337515 0.368376
v -0.009117 0.452753 -0.212438
v -0.009540 0.042715 -0.498040
v -0.008863 -0.457668 -0.201174
v -0.009476 0.486515 0.114739
v -0.009198 0.473139 -0.162019
v -0.009322 0.305672 0.395462
v -0.010053 -0.363516 0.341704
v -0.009751 0.137104 -0.480731
v -0.009223 0.453752 0.210424
v -0.011045 -0.488589 -0.103646
v -0.008907 0.415624 0.277667
v -0.009264 0.499714 -0.024450
v -0.009079 -0.499189 0.031655
v -0.009442 0.242833 -0.436772
v -0.009468 -0.187053 0.463573
v -0.009516 0.278763 0.414417
v -0.008831 -0.490042 0.098526
v -0.009609 0.499766 0.023529
v -0.011204 -0.499768 -0.010732
v -0.009043 0.093152 0.490830
v -0.009335 0.042527 0.498123
v -0.009315 0.162429 0.472698
v -0.009415 0.473122 0.161846
v -0.009466 -0.222996 0.447192
v -0.010437 -0.448517 0.219904
v -0.028179 -0.468933 -0.166064
v -0.028954 -0.257080 -0.426377
v -0.027732 -0.333769 0.368978
v -0.028108 0.275333 -0.414343
v -0.028284 -0.303802 0.394126
v -0.027947 -0.159760 -0.471502
v -0.027419 0.136782 -0.478832
v -0.027512 0.136556 0.478736
v -0.028021 -0.187106 0.461415
v -0.028021 0.438324 -0.236221
v -0.028093 -0.494737 0.054009
v -0.029438 0.303129 -0.394345
v -0.027950 0.189942 0.460315
v -0.028054 -0.139617 0.478053
v -0.029234 -0.446296 0.219570
v -0.028300 0.451200 -0.211030
v -0.028806 0.450523 0.212523
v -0.028575 0.402444 -0.292692
v -0.028142 0.493052 -0.070560
v -0.028686 0.497444 0.024198
v -0.028695 0.001583 -0.497901
v -0.027739 -0.477619 0.138515
v -0.028539 -0.134078 -0.479267
v -0.027266 -0.038583 -0.496476
v -0.028732 -0.438222 -0.234956
v -0.028323 -0.407446 0.284532
v -0.029676 0.373695 0.328295
v -0.028045 -0.425958 0.256350
v -0.029214 0.339682 0.363198
v -0.028278 0.484511 0.114357
v -0.028566 0.493180 0.069331
v -0.028447 -0.085589 -0.489937
v -0.028033 0.471232 -0.161304
v -0.027438 -0.462195 0.184477
v -0.028674 0.497469 -0.024598
v -0.028250 -0.355606 -0.347458
v -0.034813 -0.188108 -0.459923
v -0.028033 -0.385364 0.313990
v -0.028119 -0.477847 -0.137657
v -0.028280 0.235649 0.438707
v -0.028787 0.375675 -0.326315
v -0.027308 -0.046646 0.495489
v -0.027800 0.042226 0.496042
v -0.028401 0.093001 0.488656
v -0.028096 0.470850 0.162533
v -0.028119 0.093226 -0.488741
v -0.027230 0.314651 0.385336
v -0.028200 -0.222042 0.445469
v -0.028091 0.041302 -0.496002
v -0.027920 -0.295735 -0.400114
v -0.028573 0.344040 -0.359375
v -0.027865 -0.257958 0.425922
v -0.028332 0.402891 0.292156
v -0.025779 0.225273 -0.444681
v -0.028944 -0.486948 -0.100992
v -0.027176 -0.455910 -0.200172
v -0.027987 -0.319678 -0.381374
v -0.027846 -0.422756 -0.261565
v -0.028180 0.284414 0.408349
v -0.028245 0.161209 0.470970
v -0.027929 -0.086301 0.490072
v -0.029072 -0.494766 -0.052960
v -0.028471 -0.358414 0.344140
v -0.028472 0.484365 -0.115010
v -0.027075 -0.006129 0.498126
v -0.027664 0.428197 0.253845
v -0.028245 0.422572 -0.262829
v -0.027124 0.173840 -0.466908
v -0.028504 -0.394203 -0.302687
v -0.029366 -0.497952 0.000129
v -0.027691 -0.487328 0.100678
v -0.045903 -0.455272 -0.190947
v -0.044964 0.296355 0.395224
v -0.046113 -0.219715 0.442269
v -0.045645 0.382549 0.312475
v -0.031381 0.417409 -0.083579
v -0.031378 0.414790 -0.095725
v -0.031397 -0.357788 -0.229181
v -0.031207 0.292436 0.003837
v -0.031409 0.413799 -0.105475
v -0.031287 0.052857 0.266239
v -0.031338 0.387664 -0.175395
v -0.031641 0.420941 0.058011
v -0.031342 -0.250939 0.131270
v -0.031437 0.037862 0.258287
v -0.031290 -0.247228 0.113734
v -0.031301 0.119722 -0.230768
v -0.031399 0.289907 -0.010342
v -0.031522 0.382695 -0.185360
v -0.031384 0.090747 0.273589
v -0.031274 -0.244307 -0.104560
v -0.031547 -0.050548 -0.422432
v -0.031460 -0.238179 0.090440
v -0.031378 -0.251773 -0.136123
v -0.031362 0.286671 0.014505
v -0.031479 0.025316 -0.424704
v -0.031289 -0.250177 -0.151853
v -0.031380 0.274542 0.026388
v -0.031872 0.419398 0.074530
v -0.031452 -0.186601 -0.382242
v -0.031466 -0.145766 -0.399221
v -0.031402 0.097321 -0.271209
v -0.031462 -0.250464 0.150408
v -0.031368 0.160279 0.169395
v -0.031428 0.392005 -0.165318
v -0.031437 -0.196487 0.377265
v -0.031444 0.122775 0.217206
v -0.031429 0.278194 -0.321160
v -0.031643 -0.156343 -0.396049
v -0.031548 -0.024960 -0.424546
v -0.031725 -0.136441 -0.402143
v -0.031547 -0.211362 -0.370329
v -0.031408 -0.248835 -0.119834
v -0.031506 0.419780 -0.065006
v -0.031411 -0.002226 -0.254160
v -0.031458 -0.220872 0.363638
v -0.031501 -0.107340 -0.412238
v -0.031372 -0.195745 0.179233
v -0.031439 -0.140012 0.400317
v -0.031395 -0.250751 -0.167429
v -0.031475 -0.325334 -0.274486
v -0.031406 0.189283 -0.136978
v -0.031363 0.237085 -0.068830
v -0.031392 -0.255929 -0.122047
v -0.031397 0.071860 -0.278248
v -0.031457 0.261622 0.035766
v -0.031386 0.337851 0.235783
v -0.031441 0.319548 -0.281596
v -0.031401 -0.144386 -0.207700
v -0.031396 -0.170470 -0.389544
v -0.031374 -0.232565 -0.040505
v -0.031387 0.050607 0.273253
v -0.032027 -0.177154 -0.386867
v -0.031401 -0.295845 -0.304640
v -0.031895 -0.366353 -0.216791
v -0.031431 0.113211 -0.250605
v -0.031418 -0.259966 0.336677
v -0.031471 -0.349427 -0.242581
v -0.031406 0.125016 0.274832
v -0.031394 0.205828 -0.251548
v -0.031627 0.338194 -0.259466
v -0.031395 -0.095039 0.229217
v -0.031479 -0.234358 -0.355304
v -0.031380 0.225806 0.087578
v -0.031364 0.336037 0.005713
v -0.031429 0.095772 0.414213
v -0.031424 -0.254121 0.111266
v -0.031459 -0.357673 0.229573
v -0.031496 -0.388085 -0.173408
v -0.031533 -0.408869 -0.113774
v -0.031366 -0.003059 0.253899
v -0.031467 0.064807 0.271435
v -0.031600 0.126083 -0.194450
v -0.031469 0.288038 0.313092
v -0.031386 0.261851 -0.035975
v -0.031651 -0.119568 -0.407922
v -0.031535 -0.226388 -0.360558
v -0.031514 -0.241389 0.163468
v -0.031509 -0.258468 -0.338087
v -0.031690 -0.306109 -0.296494
v -0.031433 -0.420959 -0.034692
v -0.031417 0.050185 -0.422168
v -0.031550 0.242451 0.349504
v -0.031532 -0.031180 0.424500
v -0.031455 -0.234587 -0.083162
v -0.032021 -0.249495 -0.345524
v -0.031462 -0.406621 -0.122499
v -0.031441 0.144338 -0.183898
v -0.031457 0.178363 -0.385589
v -0.031577 0.413457 0.099769
v -0.031440 -0.064439 -0.421024
v -0.031411 -0.222545 0.177147
v -0.031389 -0.345615 0.123087
v -0.031513 -0.341797 -0.254375
v -0.031490 0.101691 -0.412213
v -0.031472 0.104510 0.265373
v -0.031525 0.245519 -0.347391
v -0.031691 0.349850 0.242129
v -0.031503 -0.095684 -0.414926
v -0.031691 -0.393087 -0.161889
v -0.031543 -0.390102 0.166180
v -0.045496 -0.419607 -0.259592
v -0.031719 0.113428 -0.409820
v -0.031787 -0.127768 -0.405137
v -0.031730 -0.229355 0.170611
v -0.031593 0.260587 0.336189
v -0.031447 0.405510 -0.124692
v -0.031649 0.143552 -0.399875
v -0.031635 0.152100 -0.397193
v -0.031730 0.307685 -0.295173
v -0.031418 0.347709 -0.244970
v -0.031781 0.126422 0.185449
v -0.031839 0.257344 -0.340195
v -0.031792 0.263953 -0.334727
v -0.031385 -0.074175 0.418496
v -0.031652 -0.420304 -0.051773
v -0.031406 0.409911 -0.115207
v -0.031500 -0.317720 0.283570
v -0.031515 -0.416577 0.078959
v -0.031809 -0.237321 0.353202
v -0.031585 -0.229821 0.074467
v -0.031791 0.024219 0.424224
v -0.031744 0.106426 -0.263072
v -0.031917 0.236831 0.048681
v -0.031577 0.423168 0.030755
v -0.031729 -0.213615 0.175856
v -0.031585 -0.241108 -0.163375
v -0.031566 -0.289825 0.311060
v -0.031643 -0.396965 0.150843
v -0.031680 0.122452 -0.406933
v -0.031621 0.160737 -0.394245
v -0.031517 0.417250 0.083302
v -0.031608 -0.085903 0.416657
v -0.031731 -0.095930 0.414711
v -0.031650 -0.273837 -0.325686
v -0.031541 -0.375542 0.197245
v -0.032157 -0.404065 -0.131216
v -0.031791 -0.418457 0.065568
v -0.031647 0.085389 -0.416056
v -0.031832 0.205827 -0.372837
v -0.031439 0.276563 -0.024734
v -0.031700 0.401175 -0.139529
v -0.031638 -0.075484 -0.418138
v -0.031794 0.082103 -0.274830
v -0.032113 -0.393457 0.160801
v -0.031640 0.388105 0.174165
v -0.031679 0.423297 -0.047290
v -0.031541 -0.206755 -0.177511
v -0.031621 -0.218860 -0.174475
v -0.031724 -0.344224 0.250231
v -0.031961 -0.386574 0.175764
v -0.031795 -0.368768 0.211355
v -0.031779 0.131414 -0.403787
v -0.031685 -0.050725 0.422530
v -0.031834 -0.371542 -0.206840
v -0.031847 0.094962 -0.414475
v -0.031751 -0.310897 0.290275
v -0.031778 0.075584 -0.418447
v -0.031842 0.116926 0.409217
v -0.031838 0.399262 0.145999
v -0.031702 -0.173757 0.388119
v -0.032012 -0.382231 0.184648
v -0.031813 0.148796 0.398213
v -0.031729 0.051584 0.421941
v -0.031682 0.216734 -0.366794
v -0.031921 -0.395739 -0.154477
v -0.031794 0.064561 -0.270991
v -0.031819 0.173230 0.388268
v -0.031917 -0.205630 0.372704
v -0.031630 -0.229396 -0.170681
v -0.031708 -0.376531 -0.196268
v -0.031895 0.198821 0.375797
v -0.031884 -0.420514 0.052332
v -0.031816 0.075495 0.418190
v -0.031981 0.233140 -0.356202
v -0.031540 0.114456 0.246848
v -0.031932 0.343947 0.250835
v -0.031528 0.052756 -0.266549
v -0.032008 0.397849 -0.150811
v -0.031876 0.405001 -0.128463
v -0.031946 -0.247605 0.346433
v -0.031919 -0.422406 0.032769
v -0.031942 0.369515 -0.211843
v -0.031902 -0.123706 0.406491
v -0.031916 -0.412510 -0.098838
v -0.031901 0.169338 -0.390246
v -0.031796 -0.418857 -0.067422
v -0.031905 -0.186071 0.382506
v -0.031953 -0.163840 0.392783
v -0.032292 -0.351314 0.239457
v -0.031811 -0.401177 -0.138205
v -0.031860 0.378056 -0.194523
v -0.031727 0.423613 -0.011787
v -0.031656 -0.184211 -0.180265
v -0.031714 -0.413061 0.104420
v -0.032078 0.406904 0.124581
v -0.032052 0.410270 0.112181
v -0.031885 -0.414683 -0.089734
v -0.031797 0.234309 -0.050021
v -0.031759 -0.409149 0.117093
v -0.032259 -0.414594 0.092640
v -0.031937 -0.338611 0.258588
v -0.031930 0.126765 0.405532
v -0.031627 0.383751 0.183576
v -0.031847 -0.399076 -0.145627
v -0.032320 0.393130 0.163101
v -0.032043 -0.165318 0.180888
v -0.032006 -0.363716 0.220425
v -0.031847 -0.402865 0.134026
v -0.031585 0.033069 -0.255214
v -0.032117 0.064058 0.420690
v -0.031673 -0.107009 0.411808
v -0.032010 0.065257 -0.420702
v -0.031897 0.078944 0.274297
v -0.031863 -0.149314 0.398163
v -0.032148 0.106583 0.412783
v -0.032129 0.333366 0.265227
v -0.032080 0.196491 -0.377325
v -0.032178 0.323180 0.277307
v -0.031837 -0.223493 -0.064204
v -0.032194 -0.406176 0.126174
v -0.031933 0.378875 0.192933
v -0.031997 0.402758 0.135982
v -0.032070 0.137835 0.402235
v -0.032058 0.165175 0.392305
v -0.032092 -0.221070 0.059600
v -0.032045 0.180807 0.384707
v -0.032055 0.221684 0.363663
v -0.031905 -0.416501 -0.081205
v -0.032196 0.362185 0.224056
v -0.032296 0.365893 -0.218753
v -0.031953 0.189117 0.380808
v -0.032118 0.085563 0.416669
v -0.032141 -0.219505 -0.365334
v -0.032024 -0.165248 -0.392235
v -0.032037 -0.202407 -0.374733
v -0.032209 0.294676 -0.307648
v -0.032313 0.156835 0.395785
v -0.032214 0.279549 0.321077
v -0.032285 0.368651 0.213905
v -0.034393 -0.088229 -0.182740
v -0.031993 -0.194274 -0.378515
v -0.032104 0.230093 0.358026
v -0.032581 -0.258274 -0.339907
v -0.032485 0.000568 -0.425972
v -0.032035 -0.241857 -0.351023
v -0.032131 0.020775 0.247318
v -0.032129 -0.345446 -0.248455
v -0.032440 -0.293433 -0.308695
v -0.032346 -0.353428 -0.236680
v -0.032423 -0.325462 0.274044
v -0.032122 0.186655 -0.381986
v -0.032372 0.236167 0.354020
v -0.032018 -0.266744 -0.332478
v -0.032062 -0.361706 -0.223995
v -0.032111 -0.286780 -0.314512
v -0.032329 -0.310858 -0.291245
v -0.032658 0.207987 0.059726
v -0.032303 -0.337859 -0.260054
v -0.032396 0.325593 -0.275036
v -0.032160 -0.332099 -0.267283
v -0.032253 -0.281286 -0.319607
v -0.032373 -0.318104 -0.283056
v -0.032086 0.225176 -0.361137
v -0.032609 0.303929 0.298922
v -0.032234 -0.062720 0.420686
v -0.032663 -0.210316 -0.043473
v -0.032053 0.287647 -0.314133
v -0.032198 0.313825 -0.288189
v -0.032259 -0.213900 0.368614
v -0.035514 0.124019 0.094800
v -0.032734 -0.257216 0.340258
v -0.032261 -0.378661 0.192009
v -0.032075 -0.301966 -0.301229
v -0.032313 -0.227510 0.359522
v -0.045172 0.236764 -0.433649
v -0.031819 -0.279529 0.321170
v -0.032278 -0.380632 -0.187944
v -0.032430 -0.384594 -0.180363
v -0.032286 -0.269550 0.329843
v -0.032598 -0.409896 -0.111745
v -0.046659 0.192526 -0.454960
v -0.032464 0.335356 -0.264463
v -0.032306 -0.138112 0.401921
v -0.032353 0.360405 -0.226828
v -0.032206 -0.332295 0.266452
v -0.032568 -0.372833 0.204123
v -0.032870 -0.391038 -0.167940
v -0.032210 0.210600 0.370004
v -0.032622 0.342461 -0.253748
v -0.032139 0.272639 -0.327035
v -0.032629 -0.399884 0.142696
v -0.032381 0.250645 0.343957
v -0.032749 0.423080 0.037855
v -0.032279 -0.422445 -0.033037
v -0.031733 0.353888 -0.236424
v -0.032222 0.272243 0.327305
v -0.032450 0.300927 -0.302674
v -0.032359 -0.300102 0.302830
v -0.032767 -0.411521 0.111336
v -0.032408 -0.158634 -0.180345
v -0.032630 0.353787 0.236618
v -0.032375 0.309164 0.292690
v -0.032531 0.373929 -0.203234
v -0.032360 0.315541 0.286099
v -0.032263 0.126987 -0.169160
v -0.045201 -0.258867 0.421171
v -0.032657 0.260593 0.337216
v -0.033772 -0.198625 0.027891
v -0.032568 0.374155 0.202149
v -0.032726 0.396207 0.154481
v -0.044782 0.349855 -0.348662
v -0.033155 0.419035 -0.071651
v -0.044707 0.432118 0.240353
v -0.047131 0.041460 0.491636
v -0.033298 0.424762 -0.007367
v -0.032834 0.297606 0.305596
v -0.033633 0.126383 0.136368
v -0.045551 0.327970 0.368639
v -0.032444 0.011772 -0.240348
v -0.033301 0.337475 0.260715
v -0.046158 -0.329994 0.366795
v -0.032529 0.212573 -0.058410
v -0.045806 -0.219394 -0.442537
v -0.045960 0.236728 0.433523
v -0.033548 -0.121886 -0.176873
v -0.032717 0.003236 0.233229
v -0.046307 -0.086882 0.485839
v -0.046351 -0.297104 -0.394269
v -0.046170 0.134912 -0.475200
v -0.034142 -0.027893 0.201617
v -0.032987 -0.000971 -0.229650
v -0.033479 -0.122773 0.176939
v -0.045010 -0.384147 0.309685
v -0.045979 -0.480324 0.112964
v -0.045303 -0.404028 0.283219
v -0.033533 0.184159 -0.066817
v -0.046068 0.143029 0.473108
v -0.045506 0.160023 -0.467533
v -0.046387 0.480644 -0.114386
v -0.033326 -0.012650 0.218067
v -0.033579 0.185606 0.066368
v -0.034093 -0.026012 -0.203771
v -0.045768 -0.352357 0.344925
v -0.046689 0.092320 -0.484613
v -0.033294 -0.009942 -0.220806
v -0.046426 0.275532 0.409416
v -0.046427 0.468104 0.158821
v -0.046566 0.405296 0.281857
v -0.047144 -0.486380 0.081319
v -0.033849 0.126567 -0.137295
v -0.047389 0.467570 -0.159678
v -0.032258 0.414901 0.094630
v -0.034165 -0.188718 -0.015873
v -0.034578 -0.096796 0.172248
v -0.035750 0.139958 -0.400751
v -0.046414 0.424550 -0.252465
v -0.046335 -0.492871 -0.026280
v -0.046472 0.319123 -0.376132
v -0.046326 -0.431524 0.238964
v -0.036366 -0.337632 0.259144
v -0.045533 -0.258703 -0.421149
v -0.035254 0.124261 -0.099938
v -0.045206 -0.140784 0.473866
v -0.046296 0.489318 0.068673
v -0.034963 -0.086857 -0.170215
v -0.034259 0.166596 -0.070987
v -0.034722 0.052548 0.422185
v -0.035472 -0.000313 0.424676
v -0.034638 0.047553 -0.422656
v -0.035202 -0.044050 0.181725
v -0.035166 0.144298 0.074629
v -0.032164 -0.083390 -0.417210
v -0.045856 -0.488868 -0.066724
v -0.035360 0.096031 0.413967
v -0.047086 0.255783 -0.037891
v -0.046542 0.448458 -0.208480
v -0.034452 -0.237227 -0.353348
v -0.035114 0.147209 -0.074160
v -0.035697 0.407769 0.121253
v -0.035012 -0.041206 -0.185079
v -0.034731 -0.423136 0.000436
v -0.032820 0.408009 -0.120980
v -0.034626 -0.289849 0.311531
v -0.035082 0.215204 0.367278
v -0.034852 -0.358816 -0.227599
v -0.046446 -0.006248 0.493702
v -0.036150 -0.369264 0.210819
v -0.032274 0.400112 -0.144739
v -0.032790 0.358253 0.230034
v -0.032809 0.394061 -0.161515
v -0.047463 -0.249756 0.149184
v -0.036119 0.122155 0.077164
v -0.044684 0.284414 -0.404064
v -0.034835 -0.174970 0.000253
v -0.034515 0.164620 0.071423
v -0.046208 -0.331232 -0.365837
v -0.045938 -0.187554 0.457061
v -0.045439 -0.041724 -0.492169
v -0.035264 -0.075766 0.167659
v -0.046474 0.193692 0.454488
v -0.036241 0.122205 -0.077276
v -0.036017 -0.055666 -0.166095
v -0.035761 -0.069392 -0.165488
v -0.035899 -0.058059 0.163998
v -0.046588 0.489082 -0.069866
v -0.049706 -0.232226 0.167921
v -0.048435 0.190157 0.063955
v -0.048132 0.187750 -0.064602
v -0.048000 0.223148 -0.052627
v -0.045886 0.092101 0.485017
v -0.062742 0.256102 0.332632
v -0.032683 0.281517 -0.319572
v -0.046160 0.259343 0.035979
v -0.051215 0.388049 0.165715
v -0.052529 0.158467 -0.390930
v -0.045872 -0.469202 0.153172
v -0.051843 -0.414224 -0.072099
v -0.048832 0.094196 -0.271860
v -0.051386 0.083490 -0.273120
v -0.047362 0.225902 0.051589
v -0.038085 -0.058575 -0.161560
v -0.048604 -0.196816 -0.177420
v -0.047468 0.447529 0.209485
v -0.046530 -0.250374 -0.147878
v -0.040818 -0.058361 0.162202
v -0.048787 0.109787 -0.256302
v -0.055231 0.210699 -0.364851
v -0.049303 -0.250835 0.134423
v -0.046765 0.404365 -0.283174
v -0.049697 0.026650 -0.249146
v -0.044956 -0.493569 0.027457
v -0.051211 -0.244193 0.157941
v -0.043727 0.292130 0.001382
v -0.046007 -0.354788 -0.342333
v -0.052053 0.123864 -0.106807
v -0.046546 -0.088133 -0.485463
v -0.047519 -0.468632 -0.153869
v -0.049341 -0.137544 -0.177705
v -0.046260 -0.047888 0.491053
v -0.045386 -0.386782 -0.306453
v -0.046303 0.493662 -0.024573
v -0.053013 -0.040840 -0.183660
v -0.050414 -0.205990 0.175896
v -0.045975 -0.438514 -0.226903
v -0.062290 -0.157302 -0.388715
v -0.044272 0.126246 0.150687
v -0.050922 -0.149308 0.178182
v -0.051752 -0.201247 0.034891
v -0.048734 0.277560 0.022502
v -0.048569 0.117801 -0.235123
v -0.100434 -0.099676 0.397930
v -0.047964 0.093618 0.272225
v -0.067080 0.361045 0.212387
v -0.046385 0.350477 0.347286
v -0.049207 0.069122 -0.271044
v -0.051761 -0.175096 -0.178534
v -0.050447 -0.249851 -0.128957
v -0.050951 -0.123890 0.175574
v -0.050219 0.103332 0.264865
v -0.045060 -0.449622 0.205114
v -0.048922 0.122834 -0.207404
v -0.046775 -0.000622 -0.493695
v -0.044688 0.111127 0.254269
v -0.045859 -0.299385 0.392721
v -0.048380 -0.220815 0.061678
v -0.035060 -0.209772 -0.370663
v -0.049347 -0.224302 -0.170961
v -0.050678 0.288694 0.009118
v -0.049106 0.049689 -0.263031
v -0.046809 0.119623 0.229716
v -0.062224 -0.389111 0.155577
v -0.050123 0.102273 -0.265845
v -0.100567 -0.407575 0.041793
v -0.049819 -0.245929 -0.156100
v -0.046525 0.041925 -0.491865
v -0.052489 -0.225240 -0.070045
v -0.046528 0.481003 0.112650
v -0.049077 0.042026 0.259128
v -0.051334 -0.235404 -0.165218
v -0.061418 0.362180 -0.212961
v -0.049669 -0.233914 0.084929
v -0.080729 -0.358543 -0.209039
v -0.052465 0.084487 0.272532
v -0.075814 0.415815 0.018564
v -0.052031 0.124124 -0.187664
v -0.044573 0.381087 -0.314584
v -0.076416 -0.210502 0.359492
v -0.032569 -0.303936 0.299141
v -0.047426 0.493313 0.024978
v -0.085102 -0.328107 -0.253294
v -0.057264 0.120075 0.076599
v -0.050530 -0.205470 -0.039891
v -0.050779 -0.023305 0.204785
v -0.049273 -0.246900 0.115952
v -0.100506 0.324882 -0.252407
v -0.052110 -0.086995 -0.168890
v -0.046313 -0.483035 -0.101100
v -0.056610 -0.406838 0.107764
v -0.057799 0.119862 -0.076792
v -0.051096 0.272647 -0.025915
v -0.054102 -0.087100 0.168642
v -0.052830 -0.240114 -0.100310
v -0.049079 0.284168 -0.015904
v -0.049970 0.066560 0.270103
v -0.084094 -0.412922 -0.014266
v -0.051370 0.124001 0.191386
v -0.052126 -0.057573 -0.160524
v -0.054637 0.124019 -0.131701
v -0.052531 -0.173206 0.000182
v -0.032981 0.327899 0.272497
v -0.053070 -0.015501 -0.212108
v -0.063102 0.159505 0.387793
v -0.050949 0.004359 -0.231777
v -0.065681 -0.157395 0.387736
v -0.100481 -0.054769 -0.406087
v -0.058139 -0.296441 -0.298646
v -0.077794 0.384224 -0.159825
v -0.051868 0.288655 -0.006662
v -0.061722 -0.057338 0.160027
v -0.073173 0.399563 0.119071
v -0.100420 -0.233882 -0.336920
v -0.064937 -0.400055 -0.121671
v -0.066241 0.255999 -0.331857
v -0.054288 0.149745 -0.072084
v -0.051972 0.123747 0.102758
v -0.052861 0.109302 0.252935
v -0.054005 0.124196 0.143741
v -0.052339 0.090618 0.271178
v -0.054178 -0.247450 0.146283
v -0.067933 -0.183228 -0.451554
v -0.053378 0.157597 0.070628
v -0.068386 0.135793 -0.467456
v -0.066908 0.479084 -0.089215
v -0.060942 -0.411048 0.070839
v -0.053344 0.117395 0.228784
v -0.066954 0.476891 0.100618
v -0.067459 0.020592 -0.486112
v -0.068166 -0.318878 0.366965
v -0.068016 0.213954 0.437449
v -0.060626 0.277524 0.314627
v -0.053874 -0.208247 -0.173463
v -0.067832 -0.186752 0.449813
v -0.068136 -0.345583 -0.341418
v -0.067349 -0.006782 0.486687
v -0.068661 -0.473824 -0.106547
v -0.068054 -0.325129 -0.361512
v -0.053326 0.203377 0.057528
v -0.053687 -0.247577 -0.146756
v -0.067586 0.191762 -0.447863
v -0.053875 0.237844 0.043310
v -0.052815 -0.181228 0.177463
v -0.068088 -0.413889 0.254886
v -0.052101 0.262197 0.032179
v -0.067958 0.414307 0.255538
v -0.067719 -0.217027 0.435756
v -0.067370 -0.373372 0.311428
v -0.068472 0.265512 -0.407295
v -0.052052 0.013615 0.239408
v -0.067801 -0.143480 -0.465388
v -0.066890 0.486964 0.016041
v -0.067825 -0.262678 0.409971
v -0.068157 -0.225248 -0.431456
v -0.100579 0.045001 -0.407584
v -0.055071 0.252344 -0.035086
v -0.067862 0.485519 -0.041885
v -0.046917 -0.144175 -0.472534
v -0.067980 -0.373917 -0.310342
v -0.054126 0.108535 -0.252126
v -0.084599 -0.102919 -0.400829
v -0.053695 0.288663 0.003103
v -0.055984 0.275515 0.018527
v -0.054532 -0.238757 0.100947
v -0.055221 -0.230888 0.164474
v -0.053807 -0.243947 -0.114133
v -0.067419 -0.090587 0.478165
v -0.054357 0.227047 -0.047432
v -0.067252 -0.046362 -0.484345
v -0.055733 -0.241530 -0.154463
v -0.067160 0.469135 -0.132439
v -0.066952 0.456228 -0.174720
v -0.067463 0.176837 0.453775
v -0.067312 -0.455713 0.172203
v -0.087077 0.099274 -0.401070
v -0.068017 0.425495 0.236388
v -0.079977 0.413053 -0.042934
v -0.068498 -0.428999 -0.228776
v -0.053774 0.048774 -0.260703
v -0.068129 0.091883 0.477658
v -0.056133 0.096740 -0.263988
v -0.055952 -0.136653 -0.174738
v -0.053692 0.191602 -0.061410
v -0.056681 -0.243239 0.121892
v -0.056216 0.059250 0.263309
v -0.056377 0.070357 -0.266591
v -0.056174 0.114807 -0.228564
v -0.057246 0.015241 -0.236130
v -0.067896 -0.134068 0.468242
v -0.067770 -0.012960 -0.486336
v -0.054060 -0.224351 0.070566
v -0.057076 0.094604 0.263316
v -0.067932 -0.241630 0.422440
v -0.066832 0.440837 -0.209316
v -0.067628 0.294708 -0.387322
v -0.059126 -0.187299 -0.021140
v -0.068077 -0.112650 -0.472933
v -0.057656 0.082551 -0.266083
v -0.059287 -0.171406 0.000158
v -0.068003 -0.052983 0.483746
v -0.067511 0.056183 -0.483285
v -0.058328 -0.197482 0.170334
v -0.068469 0.316102 0.369240
v -0.058640 0.118549 0.187547
v -0.057973 0.206633 -0.051474
v -0.056331 0.026937 0.245704
v -0.058373 0.119845 -0.176383
v -0.056013 0.278429 -0.015624
v -0.058408 0.163116 0.065816
v -0.057836 0.282153 -0.001791
v -0.056665 -0.226929 -0.163560
v -0.058333 0.107002 0.241058
v -0.056806 -0.009588 0.215420
v -0.066632 0.046709 0.484879
v -0.059075 -0.230674 0.156345
v -0.068130 -0.464810 -0.143934
v -0.057346 -0.156298 0.174218
v -0.058654 0.249298 0.029848
v -0.067988 0.104185 -0.475064
v -0.061224 -0.031956 0.187694
v -0.067960 0.351460 -0.335890
v -0.057758 -0.241730 -0.124090
v -0.058003 0.272535 0.015464
v -0.067267 -0.480758 0.074901
v -0.058454 0.213020 0.047821
v -0.058518 -0.176087 -0.172478
v -0.064444 -0.168457 0.000448
v -0.067592 0.435535 0.217995
v -0.067331 -0.470992 0.122205
v -0.067854 0.379440 0.304560
v -0.067828 0.468112 0.135186
v -0.059787 -0.204773 -0.165664
v -0.068253 0.325181 -0.361114
v -0.068118 0.353460 0.333668
v -0.058380 -0.117102 0.170636
v -0.060043 -0.236964 -0.139383
v -0.067452 -0.440646 0.207491
v -0.067558 0.417335 -0.251366
v -0.067890 -0.400104 -0.276087
v -0.061941 -0.039672 -0.178927
v -0.062138 0.118850 0.095833
v -0.074425 -0.394635 0.128935
v -0.067044 0.229973 -0.429655
v -0.067766 0.396331 -0.282614
v -0.068033 0.448964 0.190002
v -0.059134 -0.211289 0.058372
v -0.060309 0.042645 -0.248306
v -0.059630 0.104177 -0.239703
v -0.060694 -0.226776 0.092226
v -0.060395 -0.235942 0.128644
v -0.067718 0.400555 0.276866
v -0.095473 -0.276257 0.303281
v -0.059033 -0.220702 -0.073629
v -0.095554 -0.248348 0.327196
v -0.064719 -0.056337 0.158628
v -0.060512 -0.224775 -0.154863
v -0.067440 -0.482944 -0.059822
v -0.059756 -0.005713 -0.215697
v -0.067991 -0.452970 -0.177938
v -0.067252 0.459568 0.163259
v -0.068076 -0.421417 -0.242392
v -0.067711 0.283631 0.395412
v -0.060946 0.246222 -0.023524
v -0.100488 -0.358869 0.200560
v -0.061695 0.263971 -0.002387
v -0.061808 -0.093786 -0.164270
v -0.059439 0.070669 0.260409
v -0.061415 0.089542 0.249528
v -0.062984 0.117691 -0.075537
v -0.062991 0.086180 -0.242405
v -0.060954 -0.136601 -0.168741
v -0.100374 0.324943 0.251936
v -0.100467 0.355142 -0.207503
v -0.100514 0.399369 0.091335
v -0.063270 -0.085207 0.162156
v -0.060910 0.034405 0.242140
v -0.068373 -0.278504 -0.398717
v -0.062326 0.004541 0.218938
v -0.068786 -0.440436 -0.205823
v -0.062839 0.105493 -0.204443
v -0.068315 0.246690 0.418886
v -0.067560 -0.486147 -0.011468
v -0.065050 -0.056057 -0.158134
v -0.067598 0.375929 -0.309032
v -0.068076 -0.081660 -0.479362
v -0.100297 -0.291329 0.288706
v -0.068241 -0.293846 0.387436
v -0.068093 -0.346595 0.340504
v -0.068590 0.133929 0.467755
v -0.062283 -0.222606 0.143585
v -0.062076 0.244978 0.017824
v -0.063326 0.063374 -0.244379
v -0.063114 0.078287 0.244888
v -0.060754 -0.163628 0.169112
v -0.067043 0.113696 -0.073811
v -0.068068 -0.394257 0.284138
v -0.063822 0.150535 0.061935
v -0.060887 0.213249 -0.041873
v -0.063030 -0.205170 0.061957
v -0.064148 0.013997 -0.220565
v -0.063018 0.104942 0.200267
v -0.063115 -0.172917 0.161124
v -0.065999 0.164402 0.047762
v -0.062383 -0.188770 -0.029948
v -0.063233 0.148250 -0.064018
v -0.100489 -0.373006 0.169712
v -0.064691 0.116459 0.074818
v -0.060853 -0.223502 -0.085442
v -0.063898 -0.160531 -0.159703
v -0.068201 0.483857 0.056086
v -0.067116 -0.485744 0.031231
v -0.100603 0.252383 -0.324201
v -0.064089 -0.207018 -0.141217
v -0.064511 -0.213480 -0.117096
v -0.068231 0.145680 -0.049640
v -0.064834 -0.185372 0.145789
v -0.066320 0.108075 0.126556
v -0.063309 -0.219853 -0.101263
v -0.064262 -0.179892 0.018775
v -0.065443 -0.026769 -0.184107
v -0.100465 -0.397528 -0.098081
v -0.066837 -0.086501 -0.154284
v -0.066350 -0.180988 -0.032586
v -0.064869 0.032913 0.227196
v -0.066951 0.107704 -0.117207
v -0.064650 -0.210571 0.127618
v -0.068876 -0.156734 0.459811
v -0.067103 -0.102741 0.151447
v -0.067819 0.185408 -0.005299
v -0.068722 -0.252217 -0.416256
v -0.100438 -0.153965 -0.380565
v -0.070480 -0.110752 -0.122272
v -0.064783 -0.209813 0.093443
v -0.068512 0.054566 -0.194769
v -0.069475 -0.053749 -0.153312
v -0.067062 -0.428481 0.230919
v -0.068199 -0.207210 -0.439882
v -0.067998 0.174327 0.023241
v -0.070876 -0.141003 -0.079183
v -0.071015 0.068106 0.152034
v -0.066997 0.048942 0.213447
v -0.069159 -0.162364 0.000010
v -0.087615 0.207355 0.357629
v -0.069144 -0.001252 0.186214
v -0.068241 0.159658 -0.459632
v -0.066617 -0.179983 0.032626
v -0.068578 -0.020206 -0.177842
v -0.070029 0.109197 0.071326
v -0.070073 0.148561 -0.028717
v -0.074027 0.093506 -0.064905
v -0.100449 0.304628 -0.274962
v -0.068447 0.018896 -0.198264
v -0.070749 0.106901 -0.069907
v -0.100457 -0.311944 -0.266544
v -0.069475 -0.119354 0.128843
v -0.063530 0.094418 0.221116
v -0.069979 -0.056289 0.150547
v -0.067126 -0.024478 0.180947
v -0.100572 0.000761 0.410234
v -0.068969 -0.173269 0.054968
v -0.068527 -0.176238 -0.059386
v -0.073218 0.074884 -0.114957
v -0.069386 0.131750 0.054432
v -0.068863 -0.090021 -0.144514
v -0.100521 -0.341416 0.227071
v -0.100704 -0.051928 0.406615
v -0.071844 -0.120988 0.088036
v -0.100464 0.398453 -0.100256
v -0.070040 -0.045604 0.482218
v -0.073276 0.399267 -0.270952
v -0.072291 0.433097 -0.216046
v -0.073247 -0.445696 0.185366
v -0.072637 -0.214025 0.433395
v -0.071145 -0.184119 -0.447980
v -0.071136 0.386416 0.290917
v -0.073343 -0.091104 -0.473588
v -0.070094 -0.151351 -0.460494
v -0.070166 -0.128383 0.467527
v -0.073160 -0.063723 0.478597
v -0.071694 -0.480085 0.055124
v -0.070410 -0.176157 0.451194
v -0.072651 -0.473012 0.097374
v -0.073383 0.087664 0.474769
v -0.073759 -0.478313 -0.059001
v -0.071168 0.444536 0.192379
v -0.072701 0.414193 -0.248995
v -0.072095 -0.459615 0.149908
v -0.071892 -0.149212 0.006830
v -0.074086 0.461933 0.140417
v -0.072553 0.469890 -0.114154
v -0.073203 -0.047070 -0.138481
v -0.074824 0.473124 0.092694
v -0.074149 0.095658 0.058584
v -0.071914 -0.052487 0.143740
v -0.072898 0.129336 0.009012
v -0.070499 0.454634 -0.169448
v -0.100531 0.391736 -0.120643
v -0.100513 0.052659 0.406496
v -0.100522 0.156197 -0.380201
v -0.074827 0.070322 -0.476595
v -0.074230 -0.014957 0.482130
v -0.074719 0.033348 0.480920
v -0.075631 -0.006238 -0.130389
v -0.100515 0.377579 0.161847
v -0.073661 -0.141186 0.461720
v -0.075561 -0.108075 -0.012391
v -0.075966 0.392662 0.277271
v -0.074880 -0.426451 0.223348
v -0.075514 0.475627 -0.074873
v -0.074047 -0.155078 -0.456894
v -0.074055 -0.126498 -0.465480
v -0.074637 0.445928 0.184759
v -0.076060 0.171009 0.448963
v -0.073432 -0.096069 0.473098
v -0.074301 -0.182486 0.446357
v -0.074810 -0.218432 -0.429452
v -0.075870 0.480601 0.014438
v -0.074825 0.446278 -0.183733
v -0.075960 -0.254329 0.408530
v -0.075148 0.460116 -0.144012
v -0.075090 -0.480094 0.021116
v -0.075758 -0.025541 0.125819
v -0.076791 0.016782 0.115768
v -0.075330 0.424308 0.228255
v -0.076817 -0.021710 -0.479561
v -0.075308 -0.105779 0.031000
v -0.076284 0.019020 -0.480102
v -0.077903 -0.062481 -0.047281
v -0.067934 -0.294201 -0.387543
v -0.077717 0.037382 0.095406
v -0.097959 -0.353397 -0.296529
v -0.077471 0.029981 -0.103011
v -0.100581 -0.404471 -0.066545
v -0.093931 -0.443652 -0.140067
v -0.077897 0.070635 0.055210
v -0.098084 -0.291600 -0.357800
v -0.079189 0.056763 -0.055700
v -0.100359 -0.396592 0.102526
v -0.100544 -0.123694 0.390295
v -0.099066 0.272703 0.371437
v -0.099464 -0.353964 0.293769
v -0.099160 -0.455472 -0.069618
v -0.100467 -0.204121 -0.356753
v -0.100572 -0.208255 0.354684
v -0.099287 -0.383794 -0.255060
v -0.099969 -0.419358 0.188689
v -0.099738 -0.388042 0.247380
v -0.098895 0.332038 0.319335
v -0.098713 0.213334 0.408639
v -0.100470 -0.289685 -0.291774
v -0.100569 0.103308 0.397395
v -0.098608 -0.373146 0.271034
v -0.089854 -0.259559 -0.390288
v -0.083008 0.007581 0.039795
v -0.079343 -0.012058 -0.087154
v -0.100432 -0.155823 0.379863
v -0.098935 -0.455650 0.071179
v -0.100478 -0.356268 -0.204775
v -0.074524 -0.061651 -0.477569
v -0.091779 -0.443744 0.145732
v -0.099306 -0.291014 0.356650
v -0.083849 0.000546 0.000791
v -0.088469 -0.212311 -0.419014
v -0.083010 0.008670 -0.036289
v -0.099008 0.344742 -0.305616
v -0.098745 -0.190515 0.419472
v -0.099408 0.443032 -0.125381
v -0.099633 0.407796 -0.212675
v -0.089401 -0.178797 -0.432896
v -0.099135 0.056834 -0.456931
v -0.098694 0.101786 0.449428
v -0.098536 0.175218 -0.426799
v -0.100490 -0.259700 -0.317692
v -0.098163 -0.407090 0.217546
v -0.098186 0.045793 0.459073
v -0.098678 -0.460756 0.014457
v -0.098026 -0.311940 0.339584
v -0.100548 0.070662 -0.403252
v -0.097907 0.295995 -0.354383
v -0.091100 -0.248869 0.395720
v -0.100574 -0.100247 -0.397782
v -0.100495 -0.391586 -0.123749
v -0.098887 -0.408422 -0.213920
v -0.099198 0.461044 0.010223
v -0.100477 0.404398 -0.065956
v -0.099693 0.457260 0.055261
v -0.099239 0.234475 -0.396372
v -0.098772 -0.459826 -0.032647
v -0.099177 0.404015 0.221324
v -0.092529 -0.125974 0.448454
v -0.099242 0.444449 0.121817
v -0.098372 0.324202 -0.328059
v -0.098557 -0.136689 -0.440590
v -0.099195 0.199311 -0.415062
v -0.099198 0.145152 0.437139
v -0.092913 0.023648 -0.464981
v -0.099310 0.092749 -0.450766
v -0.093546 -0.321500 -0.335668
v -0.100423 -0.382642 0.149989
v -0.100516 -0.377974 -0.160757
v -0.099004 0.307541 0.342969
v -0.091908 -0.016140 -0.466276
v -0.098903 0.185866 0.421543
v -0.099050 0.387599 -0.249562
v -0.099508 0.418566 -0.191196
v -0.100437 0.121875 -0.442835
v -0.100599 0.156884 0.379544
v -0.097033 0.365729 -0.282780
v -0.100460 0.408953 -0.038626
v -0.099114 0.421482 0.186370
v -0.099155 -0.445672 0.117635
v -0.100526 -0.273094 -0.305892
v -0.100497 0.289923 -0.291594
v -0.100485 0.353950 0.209541
v -0.100473 0.379077 -0.159248
v -0.100513 -0.391222 0.121110
v -0.100569 0.392144 0.121568
v -0.099001 -0.421930 -0.185110
v -0.099997 -0.160665 0.430876
v -0.098835 0.432038 0.161104
v -0.099022 0.351192 0.297900
v -0.100487 -0.247827 -0.327891
v -0.100598 0.252252 0.324085
v -0.098228 -0.452412 -0.092470
v -0.100611 -0.408965 -0.018595
v -0.100573 0.206214 -0.355252
v -0.100513 -0.401987 0.074474
v -0.100438 -0.327294 0.248930
v -0.099035 -0.050564 0.457885
v -0.098854 -0.044337 -0.459259
v -0.098911 -0.087582 0.452299
v -0.093913 -0.000955 0.464950
v -0.098353 0.452848 -0.090721
v -0.099040 0.265029 -0.376795
v -0.099216 0.431535 -0.161763
v -0.098883 0.245875 0.389700
v -0.100464 0.410383 0.018140
v -0.100455 -0.130752 -0.388369
v -0.098587 0.453459 0.086414
v -0.099094 0.459447 -0.039152
v -0.098651 -0.110642 -0.447911
v -0.098792 -0.209327 -0.410893
v -0.099213 0.367408 0.277634
v -0.099181 0.385580 0.251967
v -0.098949 -0.367558 -0.278035
v -0.099882 -0.171050 -0.426974
v -0.098663 -0.269753 0.374357
v -0.098548 -0.132152 0.442169
v -0.099574 -0.328884 0.321386
v -0.098316 -0.434863 0.155471
v -0.099344 -0.230873 0.398855
v -0.099295 -0.435005 -0.152274
v -0.100457 -0.328544 -0.247510
v -0.099006 -0.006120 0.461003
v -0.098623 -0.322447 -0.329886
v -0.098809 -0.255143 -0.384739
v -0.100470 0.334019 0.238588
v -0.098828 -0.445259 -0.121442
v -0.100456 -0.181295 0.367791
v -0.098901 0.009674 -0.461254
v -0.100383 -0.255790 -0.381152
v -0.100849 -0.393410 0.235064
v -0.100687 -0.275409 -0.366284
v -0.100911 0.032276 0.456642
v -0.100754 0.364861 -0.276291
v -0.100720 0.282206 -0.359871
v -0.100806 -0.106745 0.445427
v -0.100477 -0.251414 0.324458
v -0.100638 -0.409908 -0.203529
v -0.100553 0.099083 -0.398268
v -0.100407 -0.316941 0.261121
v -0.100886 -0.044800 0.455494
v -0.100564 -0.002699 -0.410236
v -0.100804 0.156957 0.429355
v -0.100746 -0.341437 -0.304126
v -0.100748 0.450433 -0.083270
v -0.100760 0.316754 -0.329803
v -0.100909 0.186786 0.416982
v -0.100785 0.042823 -0.456030
v -0.100684 -0.296698 -0.348280
v -0.100776 0.199134 -0.411318
v -0.100830 -0.271535 0.368739
v -0.100757 -0.453776 -0.065413
v -0.100752 -0.363957 0.277350
v -0.100770 0.148020 -0.432746
v -0.100813 0.390831 -0.237791
v -0.100767 -0.231164 -0.394723
v -0.100698 0.446764 0.102691
v -0.100792 -0.455735 0.046683
v -0.100953 -0.182313 0.419381
v -0.100700 0.413621 0.195888
v -0.100846 0.096041 0.447310
v -0.100752 0.437739 -0.133874
v -0.100829 -0.047298 -0.455233
v -0.100739 0.327585 0.319017
v -0.100796 0.455636 -0.038771
v -0.100717 0.232304 0.394076
v -0.100726 -0.443342 0.116868
v -0.100678 -0.369898 -0.268532
v -0.100669 0.248100 -0.384769
v -0.100794 0.420061 -0.180377
v -0.100641 -0.431518 -0.154920
v -0.100353 -0.276895 0.302272
v -0.100729 -0.195436 -0.413484
v -0.100873 0.456426 0.031099
v -0.100808 0.280247 0.360595
v -0.100546 0.291350 0.289989
v -0.100507 0.404757 0.066736
v -0.100551 -0.397045 0.104964
v -0.100748 0.430317 0.157084
v -0.100824 0.368065 0.271693
v -0.100762 -0.427414 0.164566
v -0.100602 0.208306 0.353842
v -0.100511 -0.223969 0.343676
v -0.100723 -0.087348 -0.449000
v -0.100754 -0.138834 -0.436015
v -0.100771 -0.405988 0.210370
v -0.100758 -0.393276 -0.232982
v -0.100531 -0.247856 -0.328654
v -0.100597 -0.414561 0.000847
v -0.100544 -0.408997 0.001030
v -0.100816 0.392867 0.234472
v -0.100968 -0.229144 0.395184
vn -0.2651 -0.7031 -0.6598
vn -0.4875 -0.6287 -0.6058
vn -0.2598 -0.6478 -0.7161
vn -0.1555 -0.7148 -0.6819
vn -0.0653 -0.6861 -0.7245
vn -0.0574 -0.7579 -0.6499
vn -0.2551 -0.7583 -0.5999
vn -0.4773 -0.6765 -0.5608
vn -0.7334 -0.5217 -0.4358
vn -0.6108 -0.5454 -0.5740
vn -0.4863 -0.5819 -0.6519
vn -0.7652 -0.4630 -0.4473
vn -1.0000 0.0013 0.0089
vn -0.9998 0.0077 0.0158
vn -0.9999 0.0020 0.0098
vn -0.9999 0.0097 0.0069
vn -0.7979 0.4543 0.3962
vn -0.1071 0.6949 0.7111
vn 0.2190 0.6784 0.7013
vn -0.2942 0.6339 0.7153
vn -0.2962 0.6693 0.6814
vn -0.5787 0.5832 0.5701
vn 0.3875 0.6525 0.6512
vn -0.9649 0.1426 0.2206
vn 0.0520 0.7072 0.7051
vn -0.1244 0.7153 0.6877
vn -0.4718 -0.7255 -0.5011
vn -0.1492 -0.8010 -0.5798
vn -0.8102 -0.4892 -0.3229
vn -0.9663 -0.2099 -0.1488
vn -0.8785 -0.3524 -0.3225
vn -1.0000 0.0045 0.0013
vn -1.0000 0.0046 0.0013
vn -0.9715 -0.2070 -0.1157
vn -0.7810 -0.5537 -0.2889
vn -0.4803 -0.7688 -0.4222
vn -0.4808 -0.7481 -0.4573
vn -0.2527 -0.8573 -0.4485
vn -0.4875 -0.7923 -0.3668
vn -0.2552 -0.8929 -0.3711
vn -0.1730 -0.9040 -0.3908
vn -0.1565 -0.8639 -0.4787
vn -0.2580 -0.8139 -0.5206
vn -0.1594 -0.8333 -0.5293
vn -0.1577 -0.7842 -0.6002
vn -0.0556 -0.7980 -0.6000
vn 0.0563 -0.7322 -0.6788
vn 0.0622 -0.7959 -0.6023
vn -0.1007 -0.8372 -0.5376
vn 0.1462 -0.8072 -0.5719
vn 0.1660 -0.8346 -0.5252
vn 0.1468 -0.7453 -0.6504
vn 0.2058 -0.7741 -0.5987
vn 0.1986 -0.7731 -0.6023
vn 0.2067 -0.7739 -0.5986
vn 0.2218 -0.7763 -0.5900
vn 0.2203 -0.7720 -0.5962
vn 0.2295 -0.8109 -0.5383
vn 0.1015 -0.8563 -0.5065
vn 0.0020 -0.8303 -0.5573
vn 0.0034 -0.8328 -0.5536
vn 0.0067 -0.8335 -0.5524
vn -0.1093 -0.8713 -0.4784
vn -0.0488 -0.9242 -0.3787
vn -0.0205 -0.8622 -0.5061
vn -0.0202 -0.8621 -0.5064
vn -0.0208 -0.8624 -0.5058
vn -0.0155 -0.8947 -0.4464
vn -0.0169 -0.8942 -0.4474
vn -0.0146 -0.8949 -0.4461
vn -0.6569 0.6079 0.4461
vn -0.7592 0.4871 0.4317
vn -0.6458 0.6683 0.3692
vn 0.1454 0.8208 0.5524
vn 0.2155 0.7774 0.5909
vn 0.2035 0.8632 0.4620
vn -0.6001 0.6601 0.4518
vn 0.2149 0.7337 0.6446
vn -0.7086 0.5107 0.4869
vn -0.2424 0.7233 0.6466
vn 0.2192 0.7341 0.6427
vn 0.2193 0.7342 0.6426
vn 0.2263 0.7316 0.6430
vn -0.4424 0.8237 0.3546
vn -0.9528 -0.2672 -0.1439
vn -0.7895 -0.5601 -0.2510
vn -0.9432 -0.3122 -0.1139
vn 0.0545 -0.6566 -0.7522
vn 0.1598 -0.6988 -0.6973
vn 0.1694 -0.6424 -0.7475
vn -0.1573 -0.6425 -0.7500
vn -0.0524 -0.6085 -0.7918
vn -0.9539 -0.1939 -0.2290
vn -0.4905 0.5712 0.6581
vn -0.4997 0.6046 0.6203
vn -0.7481 0.4267 0.5082
vn -1.0000 -0.0071 0.0012
vn -0.7834 0.2519 0.5682
vn -1.0000 0.0002 -0.0010
vn -1.0000 -0.0012 -0.0000
vn -0.9961 0.0412 0.0786
vn -0.3022 0.3984 0.8660
vn -0.1196 0.4419 0.8890
vn -0.5119 0.3000 0.8049
vn 0.2135 0.3404 0.9157
vn -0.6113 0.4327 0.6627
vn -0.7218 0.3817 0.5774
vn -0.0084 0.5254 0.8508
vn 0.1506 0.5076 0.8483
vn 0.1707 0.4831 0.8588
vn -0.1202 0.5285 0.8404
vn -0.6861 0.4059 0.6037
vn -0.9997 0.0222 0.0130
vn -0.5972 0.4618 0.6559
vn -0.7265 0.3606 0.5850
vn -0.7424 -0.4153 -0.5256
vn -0.9443 -0.1944 -0.2655
vn -0.4804 -0.5338 -0.6960
vn -0.2508 -0.5840 -0.7720
vn -0.6313 -0.4294 -0.6458
vn -0.7607 -0.3623 -0.5387
vn -0.4871 -0.4476 -0.7499
vn -0.6559 -0.3389 -0.6745
vn -0.6314 -0.3378 -0.6980
vn -0.7908 -0.2794 -0.5445
vn -0.9338 -0.2123 -0.2879
vn -0.9320 -0.1824 -0.3132
vn -1.0000 0.0023 0.0069
vn -0.2853 0.5808 0.7624
vn -0.4580 0.4688 0.7553
vn 0.1669 0.5280 0.8327
vn -0.2818 0.4890 0.8255
vn 0.2194 0.5413 0.8117
vn 0.2097 0.5457 0.8113
vn 0.2177 0.4229 0.8796
vn -0.0743 0.3609 0.9297
vn 0.2252 0.4200 0.8792
vn -0.7820 0.4138 0.4660
vn 0.1460 0.6182 0.7724
vn -0.9575 0.1932 0.2141
vn -0.8828 -0.2030 -0.4236
vn -0.6593 -0.2841 -0.6961
vn -0.7080 -0.2882 -0.6448
vn -0.4491 -0.4152 -0.7912
vn -0.5450 -0.3019 -0.7822
vn -0.2372 -0.4441 -0.8640
vn -0.2543 -0.5148 -0.8187
vn -0.1599 -0.5102 -0.8451
vn -0.1191 -0.4300 -0.8950
vn -0.0550 -0.5358 -0.8425
vn 0.0997 -0.4437 -0.8906
vn 0.0608 -0.5180 -0.8532
vn -0.0102 -0.4731 -0.8810
vn -0.0101 -0.4729 -0.8811
vn -0.0107 -0.4737 -0.8806
vn 0.0551 -0.5898 -0.8057
vn -0.1537 -0.5859 -0.7957
vn 0.1543 -0.5841 -0.7969
vn 0.2650 -0.5745 -0.7744
vn 0.2682 -0.6371 -0.7226
vn -0.8992 -0.2701 -0.3443
vn 0.2198 0.3565 0.9081
vn 0.2243 0.4166 0.8810
vn 0.2235 0.4195 0.8798
vn 0.2241 0.4182 0.8803
vn 0.0437 0.4408 0.8966
vn 0.0434 0.4403 0.8968
vn 0.0419 0.4397 0.8972
vn -1.0000 0.0070 0.0011
vn -1.0000 0.0038 0.0081
vn -1.0000 0.0037 0.0081
vn -0.9525 -0.0731 -0.2958
vn -0.8384 -0.1797 -0.5146
vn -0.9999 0.0005 0.0109
vn -0.9999 0.0066 0.0087
vn -0.9999 0.0008 0.0110
vn -1.0000 0.0050 0.0074
vn -1.0000 0.0035 0.0076
vn -1.0000 0.0042 0.0076
vn -0.6420 -0.2967 -0.7070
vn 0.0192 -0.4075 -0.9130
vn 0.0137 -0.4130 -0.9106
vn 0.0183 -0.4099 -0.9120
vn -0.0151 -0.4136 -0.9103
vn -0.0772 -0.3581 -0.9305
vn -0.1350 -0.3864 -0.9124
vn -0.2802 -0.3896 -0.8773
vn -0.2727 -0.3903 -0.8794
vn -0.2802 -0.3895 -0.8773
vn 0.2655 -0.8301 -0.4903
vn 0.3075 -0.7834 -0.5402
vn 0.3008 -0.7867 -0.5391
vn 0.3076 -0.7834 -0.5401
vn 0.4815 -0.7488 -0.4554
vn 0.1555 -0.8751 -0.4584
vn 0.0867 -0.9032 -0.4203
vn 0.0374 -0.8731 -0.4861
vn 0.2504 -0.8784 -0.4071
vn 0.1666 -0.9200 -0.3546
vn 0.8169 -0.5199 -0.2497
vn 0.6044 -0.7311 -0.3165
vn 0.4737 -0.7789 -0.4109
vn 0.9005 -0.3870 -0.1985
vn 0.8422 -0.4990 -0.2042
vn 1.0000 0.0053 -0.0012
vn 1.0000 0.0052 -0.0012
vn 1.0000 0.0036 0.0065
vn 1.0000 0.0055 0.0040
vn 0.1577 0.8562 0.4920
vn 0.6600 0.6882 0.3012
vn 1.0000 0.0037 0.0013
vn 1.0000 0.0045 0.0017
vn 1.0000 0.0041 0.0015
vn 0.9176 -0.3351 -0.2137
vn 0.8139 -0.5085 -0.2810
vn 0.6253 -0.6626 -0.4122
vn 0.4978 -0.7986 -0.3382
vn 0.7577 -0.5418 -0.3638
vn 0.9146 -0.3189 -0.2485
vn 1.0000 0.0059 0.0032
vn 1.0000 0.0015 0.0088
vn 1.0000 0.0014 0.0063
vn 1.0000 0.0016 0.0091
vn 0.7632 -0.5231 -0.3793
vn 0.5578 -0.6659 -0.4953
vn 0.5219 -0.6619 -0.5381
vn 0.3095 -0.7611 -0.5701
vn 0.2633 -0.6827 -0.6817
vn 0.2764 -0.7193 -0.6373
vn 0.4713 -0.6539 -0.5919
vn 0.2947 -0.7571 -0.5830
vn 0.2956 -0.7565 -0.5833
vn 0.2938 -0.7579 -0.5825
vn 1.0000 0.0003 -0.0026
vn 0.9999 -0.0035 -0.0133
vn 1.0000 -0.0011 -0.0029
vn 0.9999 0.0098 -0.0070
vn 0.9999 0.0120 -0.0062
vn 0.9999 0.0132 0.0032
vn 1.0000 0.0067 -0.0001
vn 0.9999 0.0026 0.0109
vn 0.9999 0.0070 0.0081
vn 0.9996 -0.0226 -0.0138
vn 0.9998 -0.0144 -0.0150
vn 0.9997 -0.0219 -0.0119
vn 0.9999 -0.0022 0.0123
vn -0.1408 0.7872 0.6004
vn -0.1228 0.8373 0.5327
vn 0.4415 0.6481 0.6205
vn -0.2144 0.6844 0.6968
vn 0.4255 0.6227 0.6567
vn 0.0565 0.7242 0.6873
vn -0.2190 0.7267 0.6511
vn -0.0622 0.7291 0.6816
vn -0.2131 0.8441 0.4921
vn -0.0162 0.8351 0.5498
vn -0.0446 0.8443 0.5341
vn 0.6167 0.6756 0.4040
vn -0.0392 0.8770 0.4789
vn 0.6380 0.7059 0.3075
vn 0.3039 0.8415 0.4468
vn 0.6346 0.6387 0.4352
vn 0.4886 -0.6074 -0.6264
vn 0.5194 -0.5672 -0.6392
vn 0.2542 -0.5012 -0.8271
vn 0.5360 -0.4929 -0.6853
vn 0.6368 -0.4924 -0.5933
vn 0.4617 -0.4783 -0.7470
vn 0.6450 -0.4659 -0.6057
vn 0.5810 -0.4807 -0.6568
vn 0.8035 -0.3182 -0.5031
vn 0.7331 -0.4480 -0.5117
vn 0.9337 -0.2087 -0.2910
vn 0.6710 -0.5235 -0.5251
vn 0.7762 -0.4289 -0.4621
vn 0.7765 -0.4728 -0.4166
vn 0.7045 -0.5305 -0.4714
vn 1.0000 0.0001 0.0072
vn 1.0000 0.0001 0.0070
vn 1.0000 0.0001 0.0073
vn -0.7162 0.5982 0.3594
vn -0.9997 -0.0056 -0.0236
vn -0.9997 -0.0072 -0.0241
vn -0.9998 -0.0060 -0.0191
vn -0.9998 -0.0071 -0.0184
vn -0.9997 -0.0130 -0.0209
vn -0.7378 -0.2885 -0.6102
vn -0.5879 -0.2119 -0.7807
vn -0.7667 -0.4303 -0.4765
vn -0.6158 0.6655 0.4218
vn -0.2000 -0.1642 -0.9659
vn -0.2893 -0.0725 -0.9545
vn -0.2554 -0.1403 -0.9566
vn -0.3343 -0.3314 -0.8823
vn -0.5689 -0.2004 -0.7976
vn -0.8193 -0.0339 -0.5723
vn -0.9124 -0.1102 -0.3942
vn -0.8116 -0.2709 -0.5176
vn -0.4381 -0.5042 -0.7442
vn -0.9569 -0.1867 -0.2224
vn -0.7911 -0.4928 -0.3625
vn -0.3336 -0.7674 -0.5475
vn -0.9119 -0.3123 -0.2665
vn 0.0002 -0.9930 -0.1185
vn -0.0071 -0.9910 -0.1335
vn 0.0227 -0.9892 -0.1450
vn -1.0000 -0.0008 0.0029
vn -0.8497 -0.5244 0.0547
vn -0.2555 -0.9405 -0.2239
vn -0.6391 -0.7439 -0.1952
vn -0.2239 -0.9623 0.1546
vn -0.7497 -0.6573 0.0774
vn -0.6952 -0.7188 0.0052
vn -0.6881 -0.7215 0.0772
vn -0.7355 -0.6554 0.1717
vn -0.6080 -0.7563 0.2414
vn -0.8688 -0.4872 0.0884
vn -0.4732 -0.8130 0.3392
vn -0.7820 -0.5848 0.2156
vn -0.7507 -0.5876 0.3018
vn 0.2583 0.7530 0.6052
vn 0.2582 0.7525 0.6059
vn 0.2650 0.7510 0.6047
vn -0.1387 0.7627 0.6317
vn -0.2201 0.8733 0.4346
vn 0.1592 0.7439 0.6490
vn -0.4829 0.7590 0.4367
vn -0.5288 0.7587 0.3805
vn 0.1819 0.8907 0.4167
vn 0.2798 0.8392 0.4664
vn 0.1381 0.8568 0.4969
vn -0.0796 0.9252 0.3710
vn -0.1889 0.8662 0.4625
vn 0.5698 0.6169 0.5429
vn -0.3027 0.7293 0.6136
vn 0.6156 0.5912 0.5210
vn 0.0772 0.8085 0.5835
vn 0.2869 0.8098 0.5118
vn -0.1467 0.8640 0.4817
vn 0.5217 0.5145 0.6805
vn 1.0000 0.0002 0.0003
vn 0.9049 0.3052 0.2968
vn 0.1585 -0.5072 -0.8471
vn 0.6338 -0.3905 -0.6677
vn 0.8278 -0.2711 -0.4912
vn 0.6299 -0.3311 -0.7026
vn 0.4980 -0.4157 -0.7611
vn 0.4590 -0.4189 -0.7835
vn 0.2599 -0.4303 -0.8644
vn 0.4696 -0.3161 -0.8243
vn 0.2581 -0.3605 -0.8963
vn 0.6393 -0.2782 -0.7169
vn 0.7927 -0.2038 -0.5746
vn 0.7880 -0.2972 -0.5392
vn 0.6438 -0.3038 -0.7023
vn 0.9457 -0.1364 -0.2951
vn 0.1624 -0.4437 -0.8813
vn 0.1600 -0.3817 -0.9103
vn 0.0715 -0.3438 -0.9363
vn 0.9766 0.2002 0.0791
vn 0.8986 0.3953 0.1905
vn 0.8982 0.4026 0.1766
vn 0.9010 0.3935 0.1826
vn 0.7426 -0.6661 0.0700
vn 0.5225 -0.8212 0.2292
vn 1.0000 -0.0021 0.0011
vn 0.3470 -0.8703 0.3494
vn 0.3083 -0.8197 0.4827
vn 0.2974 -0.9320 0.2073
vn 0.0901 -0.9955 -0.0300
vn 0.8153 -0.5603 -0.1463
vn 0.7768 -0.3667 -0.5121
vn 0.9998 -0.0087 -0.0171
vn 0.7769 -0.1197 -0.6181
vn 0.7782 -0.0377 -0.6268
vn 0.2449 -0.3993 -0.8835
vn 0.3153 -0.2036 -0.9269
vn 0.2694 -0.0701 -0.9605
vn 0.6007 -0.1083 -0.7921
vn 0.7123 -0.2743 -0.6460
vn 0.9023 -0.0303 -0.4301
vn 0.9381 -0.1721 -0.3006
vn 0.9829 -0.0722 -0.1693
vn 0.9858 -0.1473 -0.0805
vn 0.9781 -0.2057 0.0329
vn 0.7700 -0.6134 0.1757
vn 0.8922 -0.4046 0.2009
vn 0.6505 -0.6758 0.3466
vn 0.5049 -0.8628 0.0251
vn 0.3010 -0.8973 -0.3228
vn 0.7033 -0.6738 -0.2267
vn 0.8390 -0.5424 0.0427
vn 0.9647 -0.2633 0.0009
vn 0.9583 -0.2853 0.0135
vn 0.9723 -0.2326 -0.0206
vn 0.8571 -0.4112 -0.3103
vn 0.3985 -0.6467 -0.6503
vn 0.3008 0.6773 0.6714
vn 0.5118 0.5756 0.6378
vn 0.0667 0.6741 0.7357
vn -0.2136 0.5904 0.7783
vn 0.1020 0.5806 0.8078
vn 0.4879 0.4862 0.7249
vn -0.0491 0.5517 0.8326
vn -0.2197 0.6161 0.7564
vn -0.2197 0.4855 0.8461
vn 0.6359 0.4391 0.6347
vn 0.4310 0.4989 0.7519
vn -0.1241 0.6735 0.7287
vn 0.6203 0.4194 0.6628
vn 0.9978 0.0298 0.0591
vn -0.0318 0.4898 0.8712
vn -0.2013 0.4190 0.8854
vn 0.3715 0.4561 0.8087
vn 0.7761 0.2763 0.5668
vn 0.9198 0.1791 0.3492
vn 0.9181 0.1806 0.3529
vn 0.9177 0.1801 0.3541
vn -0.2228 0.3544 0.9081
vn -0.1703 0.4306 0.8863
vn 0.9832 0.0633 0.1713
vn -0.0233 0.4372 0.8991
vn 0.4814 0.3814 0.7892
vn -0.2169 0.3500 0.9113
vn 1.0000 0.0015 0.0001
vn 1.0000 0.0005 -0.0007
vn 1.0000 -0.0007 -0.0013
vn 0.5185 0.2940 0.8030
vn 0.3065 0.3644 0.8794
vn -0.2121 0.3583 0.9092
vn -0.2253 0.4181 0.8800
vn -0.2250 0.4204 0.8790
vn -0.2251 0.4200 0.8792
vn -0.2179 0.4222 0.8799
vn 0.2925 0.4720 0.8317
vn 0.9078 0.1714 0.3827
vn 1.0000 -0.0006 0.0043
vn 1.0000 0.0005 0.0009
vn 0.9999 0.0104 0.0062
vn 0.9826 -0.0770 -0.1689
vn 1.0000 -0.0015 0.0073
vn 0.9999 0.0054 0.0111
vn 0.9999 0.0059 0.0100
vn 1.0000 0.0016 -0.0018
vn 1.0000 -0.0017 0.0054
vn -0.0551 -0.9545 -0.2931
vn 0.0700 -0.9404 -0.3328
vn -0.1663 -0.9282 -0.3327
vn -0.1619 -0.9496 -0.2684
vn -0.2659 -0.9192 -0.2904
vn -0.4802 -0.8192 -0.3136
vn -1.0000 0.0024 0.0010
vn -0.8673 0.4695 0.1652
vn -1.0000 0.0014 0.0003
vn -0.9373 -0.3463 -0.0382
vn -1.0000 0.0018 -0.0025
vn -1.0000 0.0023 -0.0042
vn -1.0000 0.0018 -0.0035
vn -0.7328 -0.6371 -0.2391
vn -0.6265 -0.7442 -0.2315
vn -0.7568 -0.6358 -0.1517
vn -0.4786 -0.8424 -0.2475
vn -0.7435 -0.6587 -0.1151
vn -0.7450 -0.6514 -0.1438
vn -0.8236 -0.5669 0.0134
vn -0.8114 -0.5833 -0.0367
vn -0.6076 -0.7898 -0.0842
vn -0.4816 -0.8550 -0.1924
vn -0.0634 -0.9752 -0.2122
vn -0.1323 -0.9747 -0.1803
vn -0.2142 -0.9470 -0.2393
vn -0.2087 -0.9495 -0.2344
vn -0.2139 -0.9472 -0.2387
vn -0.2840 -0.9408 -0.1851
vn -0.4547 -0.8859 -0.0920
vn -0.2597 -0.9567 -0.1315
vn -0.1930 -0.9767 -0.0936
vn -0.1188 -0.9794 -0.1631
vn -0.1101 -0.9807 -0.1616
vn -0.1039 -0.9823 -0.1561
vn 0.0481 -0.9772 -0.2069
vn 0.0110 -0.9863 -0.1643
vn 0.0843 -0.9892 -0.1195
vn -0.2688 -0.9617 -0.0527
vn -0.4599 -0.8871 -0.0395
vn 0.2558 -0.9155 -0.3106
vn 0.1611 -0.9476 -0.2760
vn 0.0431 -0.9625 -0.2679
vn 0.2682 -0.9340 -0.2361
vn 0.4302 -0.8661 -0.2544
vn 0.5382 -0.8121 -0.2254
vn 0.6369 -0.7281 -0.2535
vn 0.6298 -0.7348 -0.2518
vn 0.6352 -0.7269 -0.2610
vn 0.7881 -0.5878 -0.1826
vn 1.0000 0.0010 0.0010
vn 1.0000 0.0032 0.0004
vn 1.0000 0.0019 0.0006
vn 0.9997 0.0166 -0.0197
vn 1.0000 -0.0036 0.0043
vn 1.0000 0.0091 -0.0028
vn 0.9999 0.0058 0.0113
vn 0.2203 0.9193 0.3260
vn 0.2795 0.9454 0.1675
vn 1.0000 0.0069 0.0015
vn 1.0000 0.0079 0.0013
vn 0.8731 -0.4812 -0.0788
vn 0.7929 -0.6049 -0.0734
vn 0.8022 -0.5794 -0.1444
vn 0.8560 -0.4925 -0.1574
vn 0.8576 -0.5111 -0.0579
vn 0.7884 -0.6149 -0.0192
vn 0.4722 -0.8702 -0.1403
vn 0.4769 -0.8789 0.0144
vn 0.4751 -0.8756 -0.0874
vn 0.6141 -0.7872 -0.0559
vn 0.3017 -0.9527 0.0373
vn 0.2593 -0.9636 -0.0647
vn 0.2588 -0.9529 -0.1580
vn 0.1832 -0.9625 -0.2001
vn 0.4882 -0.8541 -0.1792
vn 0.1757 -0.9781 -0.1118
vn 0.0021 -0.9965 -0.0838
vn 0.0073 -0.9970 -0.0766
vn 0.0021 -0.9971 -0.0765
vn -0.0067 -0.9977 -0.0676
vn -0.0165 -0.9977 -0.0655
vn -0.0192 -0.9970 -0.0747
vn 0.1467 -0.9865 -0.0723
vn 0.2091 -0.9762 -0.0577
vn -0.2572 0.7590 0.5982
vn -0.9493 0.2741 0.1540
vn -0.9507 0.2714 0.1502
vn -0.9493 0.2803 0.1423
vn -0.3898 0.8699 0.3023
vn -1.0000 0.0009 0.0013
vn 0.0123 0.9397 0.3418
vn -0.2047 0.8756 0.4374
vn -0.2077 0.8756 0.4360
vn -0.2078 0.8756 0.4360
vn 0.4537 0.7931 0.4065
vn 0.7280 0.6485 0.2223
vn 0.6358 0.7068 0.3101
vn 0.7176 0.6169 0.3233
vn 0.4660 0.8038 0.3697
vn 0.3157 0.8523 0.4171
vn -0.9851 -0.1708 -0.0205
vn -0.9426 -0.3274 -0.0654
vn -0.9605 -0.2729 0.0551
vn -0.8836 -0.4310 0.1827
vn -0.3835 -0.7965 0.4675
vn -0.9884 -0.0849 -0.1256
vn -0.2553 -0.9648 0.0632
vn -0.1914 -0.9815 -0.0070
vn -0.1211 -0.9906 -0.0639
vn -0.1263 -0.9913 -0.0363
vn -1.0000 0.0029 0.0016
vn -0.4336 0.8975 -0.0811
vn -0.8928 0.4499 -0.0205
vn 0.2153 0.9760 0.0315
vn -1.0000 0.0015 0.0018
vn 0.2141 0.9370 0.2762
vn 0.2169 0.9524 0.2143
vn 0.2066 0.9649 0.1622
vn 0.1984 0.9567 0.2128
vn 0.2169 0.9581 0.1870
vn 0.2038 0.9740 0.0986
vn 0.2114 0.9736 0.0858
vn 0.2111 0.9737 0.0858
vn 0.2112 0.9737 0.0858
vn -0.6148 0.7882 0.0283
vn -0.4490 0.8897 0.0831
vn -0.4806 0.8730 0.0833
vn 0.2061 0.9729 0.1049
vn 0.2015 0.9743 0.1008
vn 0.2004 0.9752 0.0939
vn -0.9937 0.1116 0.0105
vn -0.9929 0.1178 0.0174
vn -0.9940 0.1073 0.0206
vn -0.9978 0.0651 0.0148
vn -0.9977 0.0662 0.0136
vn -0.9978 0.0651 0.0159
vn -0.8913 0.4534 0.0023
vn -0.0182 0.9998 0.0001
vn 0.1111 0.9927 -0.0464
vn -0.7260 0.6575 0.2015
vn -0.8462 0.5100 0.1548
vn -1.0000 0.0017 -0.0003
vn -0.9451 0.3209 0.0624
vn -0.9449 0.3207 0.0653
vn -0.9429 0.3259 0.0682
vn -0.9699 0.2379 0.0522
vn -0.9707 0.2361 0.0441
vn -0.9703 0.2361 0.0522
vn 0.1344 0.9849 0.1095
vn 0.1828 0.9671 0.1767
vn -0.3771 0.9065 0.1896
vn -0.1268 0.9739 0.1885
vn -0.2236 0.9376 0.2664
vn -0.9218 0.3642 0.1324
vn -0.9999 -0.0133 -0.0014
vn 0.9613 0.2670 0.0675
vn 0.9629 0.2592 0.0750
vn 0.9610 0.2673 0.0712
vn -0.9849 0.1562 0.0741
vn -0.9875 0.1423 0.0679
vn -0.9850 0.1591 0.0662
vn -0.8549 0.4866 0.1799
vn -0.8525 0.4922 0.1761
vn -0.8528 0.4890 0.1836
vn 0.1838 0.9284 0.3228
vn -0.0891 0.9400 0.3294
vn -0.0785 0.9391 0.3346
vn -0.0900 0.9387 0.3328
vn -0.9782 -0.1853 -0.0939
vn -0.9780 -0.1854 -0.0959
vn -0.9789 -0.1829 -0.0912
vn -0.3882 0.8608 0.3291
vn -0.3857 0.8598 0.3345
vn -0.3885 0.8608 0.3288
vn 0.2120 0.9526 0.2183
vn 0.2114 0.9512 0.2246
vn 0.2236 0.9513 0.2123
vn -0.6298 -0.7768 -0.0014
vn -0.6421 -0.7666 0.0009
vn -0.6396 -0.7687 0.0059
vn -0.5862 -0.8074 0.0675
vn -0.5553 -0.8295 0.0594
vn -0.8238 -0.5588 0.0953
vn -0.8342 -0.5491 0.0505
vn -0.4997 -0.8657 0.0305
vn -0.2416 -0.9590 0.1481
vn -0.5300 -0.8442 0.0806
vn -0.5623 -0.8070 0.1805
vn -0.1640 -0.9803 0.1103
vn -0.1674 -0.9668 0.1932
vn -0.4801 -0.8417 0.2469
vn -0.7502 -0.6381 0.1736
vn -0.9429 -0.3201 0.0920
vn -0.6218 -0.7748 0.1146
vn -0.6232 -0.7748 0.1069
vn -0.6221 -0.7747 0.1136
vn -0.1220 -0.9890 0.0832
vn 0.0010 -1.0000 0.0015
vn 0.0122 -0.9999 0.0016
vn -0.0102 -0.9999 0.0019
vn 0.1207 -0.9927 0.0012
vn 0.1200 -0.9928 0.0008
vn 0.1556 -0.9877 0.0169
vn 0.1690 -0.9813 0.0920
vn 0.1377 -0.9894 0.0452
vn 0.0506 -0.9895 0.1353
vn 0.0999 -0.9754 0.1964
vn -0.0530 -0.9833 0.1741
vn -0.2979 -0.9323 0.2050
vn -0.1526 -0.9502 0.2718
vn -0.1865 -0.9466 0.2631
vn -0.1858 -0.9467 0.2630
vn -0.1862 -0.9466 0.2631
vn -0.2565 -0.9177 0.3034
vn -0.0608 -0.9453 0.3205
vn 0.0925 -0.9531 0.2882
vn 0.0532 -0.9290 0.3662
vn -0.0585 -0.9207 0.3858
vn -0.1670 -0.9174 0.3612
vn -0.2459 -0.8813 0.4036
vn -0.4902 -0.8087 0.3251
vn -0.6205 -0.7170 0.3175
vn -0.5905 -0.7724 0.2340
vn -0.6459 -0.7260 0.2360
vn -0.9370 -0.3312 0.1113
vn -0.7359 -0.6315 0.2442
vn -0.8613 -0.4686 0.1964
vn -0.6793 0.6737 -0.2912
vn 0.2014 0.9113 -0.3592
vn 0.2261 0.9252 -0.3047
vn -0.6346 0.7297 -0.2547
vn -0.0134 -0.9998 0.0162
vn -0.0132 -0.9998 0.0142
vn -0.0210 -0.9997 0.0148
vn 0.0231 -0.9958 0.0886
vn 0.0323 -0.9954 0.0902
vn 0.0333 -0.9959 0.0836
vn -0.3269 -0.9264 0.1867
vn -0.3277 -0.9257 0.1886
vn -0.3279 -0.9250 0.1918
vn -1.0000 0.0066 0.0007
vn -1.0000 0.0047 -0.0041
vn -0.9999 0.0084 -0.0076
vn -1.0000 0.0071 0.0004
vn -1.0000 0.0071 -0.0001
vn -1.0000 0.0071 0.0002
vn 0.0180 0.9945 -0.1036
vn -1.0000 0.0003 -0.0003
vn -1.0000 -0.0003 0.0004
vn -0.7033 -0.6485 -0.2911
vn -1.0000 -0.0034 0.0013
vn -0.9999 0.0108 0.0069
vn -0.6417 0.7238 -0.2537
vn -0.8496 0.4960 -0.1791
vn 0.0559 0.9312 -0.3601
vn -1.0000 0.0053 0.0020
vn -0.4553 0.8724 -0.1779
vn -1.0000 0.0013 -0.0054
vn -0.6133 0.7814 -0.1151
vn -0.9783 0.2068 -0.0100
vn -0.9787 0.2050 -0.0063
vn -0.9788 0.2048 -0.0109
vn -0.9967 0.0806 -0.0036
vn -0.5796 0.8081 -0.1055
vn 0.1755 0.9739 -0.1439
vn -0.9972 0.0748 -0.0097
vn -0.9974 0.0720 -0.0046
vn -0.9972 0.0749 0.0016
vn 0.2193 0.9637 -0.1520
vn -0.5009 0.8513 -0.1561
vn -0.5518 0.8180 -0.1624
vn 0.1838 0.9754 -0.1219
vn -1.0000 0.0020 -0.0019
vn -0.9999 0.0036 -0.0095
vn -0.9999 0.0110 -0.0097
vn -0.9999 0.0123 -0.0039
vn 0.2310 0.9439 -0.2361
vn -0.1591 0.9470 -0.2790
vn -0.6003 0.7499 -0.2782
vn -0.9966 0.0805 -0.0150
vn -0.6254 0.7319 -0.2704
vn 0.6216 0.7677 0.1557
vn -0.1727 0.9738 0.1478
vn -0.2076 0.9642 0.1649
vn -0.2766 0.9439 0.1801
vn 0.6086 0.7732 0.1784
vn 0.6322 0.7716 0.0706
vn 0.9898 0.1412 0.0175
vn 0.9883 0.1507 0.0241
vn 0.9895 0.1439 0.0124
vn 0.4358 0.8944 0.1001
vn -0.1839 0.9818 0.0470
vn 0.4160 0.9072 -0.0627
vn -0.2001 0.9196 0.3381
vn -0.2006 0.9185 0.3407
vn -0.2007 0.9189 0.3396
vn 0.8841 0.4546 0.1081
vn 0.9952 -0.0953 -0.0219
vn -0.2003 0.9407 0.2737
vn 1.0000 0.0066 -0.0006
vn 1.0000 0.0067 -0.0004
vn 0.6549 0.7294 0.1977
vn 0.6496 0.7406 0.1718
vn 0.5658 0.7907 0.2338
vn 0.7021 0.6634 0.2587
vn 0.5970 0.7975 0.0870
vn 0.9999 0.0118 -0.0043
vn 0.6466 0.7618 0.0390
vn -0.2074 0.9779 -0.0260
vn -0.2277 0.9730 -0.0378
vn 0.3797 0.9242 -0.0410
vn 1.0000 0.0011 -0.0085
vn 0.9999 -0.0097 -0.0064
vn 1.0000 0.0014 -0.0062
vn 0.0820 -0.8661 0.4931
vn 0.1958 -0.9806 0.0100
vn 0.1937 -0.9809 0.0176
vn 0.1935 -0.9809 0.0183
vn 0.1680 -0.9728 0.1593
vn 0.2635 -0.9570 0.1215
vn 0.2592 -0.9459 0.1952
vn 0.1690 -0.9513 0.2577
vn 0.1581 -0.9264 0.3418
vn 0.2445 -0.9178 0.3128
vn 0.4847 -0.8197 0.3051
vn 0.2524 -0.8801 0.4021
vn 0.2526 -0.9310 0.2635
vn 0.4808 -0.8430 0.2414
vn 0.6176 -0.7334 0.2840
vn 0.8103 -0.5277 0.2547
vn 0.7849 -0.5823 0.2120
vn 0.7912 -0.5886 0.1660
vn 0.5808 -0.7957 0.1718
vn 0.4516 -0.8667 0.2118
vn 0.4327 -0.8953 0.1060
vn 0.8106 -0.5790 0.0874
vn 0.6256 -0.7703 0.1238
vn 0.6250 -0.7707 0.1240
vn 0.6253 -0.7705 0.1238
vn 0.7598 -0.6499 0.0205
vn 0.9380 -0.3437 0.0448
vn 0.9154 -0.3937 0.0834
vn 0.5987 -0.8002 0.0352
vn 0.4982 -0.8657 0.0485
vn 0.9663 -0.2481 0.0680
vn 0.9999 0.0070 -0.0077
vn 0.9999 0.0065 -0.0077
vn 0.9999 0.0117 0.0059
vn 0.9999 0.0118 0.0058
vn 0.9999 0.0118 0.0061
vn 0.9837 0.1778 -0.0275
vn 0.9838 0.1768 -0.0304
vn 0.9836 0.1789 -0.0244
vn 1.0000 0.0019 -0.0004
vn -0.2300 0.9524 -0.2001
vn -0.2220 0.9619 -0.1595
vn -0.2171 0.9552 -0.2012
vn -0.0671 0.9578 -0.2796
vn 0.9993 0.0322 -0.0211
vn -0.2089 0.9096 -0.3591
vn 0.4955 0.8643 -0.0870
vn 0.9999 0.0099 0.0036
vn 1.0000 0.0046 -0.0024
vn 1.0000 0.0047 -0.0024
vn -0.1178 0.9887 -0.0932
vn -0.2044 0.9783 -0.0344
vn -0.2045 0.9782 -0.0352
vn -0.2044 0.9783 -0.0333
vn 0.6957 0.7179 -0.0260
vn 0.3415 0.9291 -0.1423
vn -0.2194 0.9320 -0.2885
vn -0.2208 0.9294 -0.2956
vn -0.2184 0.9322 -0.2886
vn 0.9998 0.0184 -0.0113
vn 0.9998 0.0172 -0.0120
vn 0.9998 0.0144 -0.0120
vn -0.2027 0.9124 -0.3556
vn 0.4923 0.8527 -0.1746
vn 0.4917 0.8598 -0.1377
vn 0.4846 0.8635 -0.1401
vn 0.5043 0.8520 -0.1403
vn 0.9682 0.2484 -0.0303
vn 0.9243 0.3790 -0.0451
vn 0.3204 0.9328 -0.1649
vn -0.1897 0.9693 -0.1564
vn -0.2180 0.9628 -0.1598
vn -0.2191 0.9647 -0.1460
vn 0.2288 0.9407 -0.2503
vn -0.0148 0.9722 -0.2338
vn -0.2298 0.9247 -0.3036
vn 0.5490 0.7779 -0.3056
vn 0.5229 0.7989 -0.2970
vn -0.2247 0.9239 -0.3097
vn 0.2631 0.9012 -0.3443
vn 0.6770 0.6990 -0.2305
vn 0.9559 0.2713 -0.1127
vn 0.8847 0.4521 -0.1135
vn 1.0000 -0.0017 0.0004
vn 0.9223 0.3843 -0.0402
vn 0.9990 -0.0438 -0.0099
vn 1.0000 0.0024 -0.0011
vn 0.9998 -0.0199 0.0098
vn 0.9997 -0.0251 0.0052
vn 0.9996 -0.0250 0.0148
vn -0.7767 -0.5460 0.3141
vn -0.5113 -0.6987 0.5004
vn -0.8140 -0.4986 0.2979
vn -0.9882 -0.1472 0.0422
vn -0.9896 -0.1400 0.0333
vn -0.9915 -0.1295 0.0135
vn -0.9457 -0.3032 0.1174
vn -0.9858 -0.1633 0.0388
vn -0.2620 -0.7870 0.5586
vn -0.5957 -0.6990 0.3956
vn -0.1116 -0.8194 0.5622
vn -0.9983 -0.0586 -0.0036
vn -0.9983 -0.0587 -0.0035
vn -0.9988 -0.0487 -0.0074
vn -0.9982 -0.0596 -0.0037
vn -0.9982 -0.0592 -0.0049
vn -0.9982 -0.0584 -0.0116
vn -0.9984 -0.0565 -0.0016
vn -0.9986 -0.0506 -0.0170
vn -0.9989 -0.0457 -0.0096
vn -0.1992 -0.9799 -0.0087
vn -0.4045 -0.9144 0.0175
vn -0.7146 -0.6993 -0.0199
vn -0.2584 -0.6937 0.6723
vn -0.9374 -0.3482 0.0066
vn -0.9917 -0.1283 0.0022
vn -0.9921 -0.0440 -0.1171
vn -0.9801 -0.0459 -0.1929
vn -0.9678 -0.0380 -0.2487
vn -0.8582 0.0146 -0.5131
vn -0.4480 -0.0386 -0.8932
vn -0.9968 -0.0682 -0.0416
vn -0.9963 -0.0746 -0.0428
vn -0.9968 -0.0678 -0.0416
vn -0.9975 -0.0547 -0.0453
vn -0.9971 -0.0549 -0.0532
vn -0.9975 -0.0536 -0.0461
vn -0.9972 -0.0729 -0.0139
vn -0.9969 -0.0762 -0.0217
vn -0.9971 -0.0724 -0.0218
vn -0.9969 -0.0748 -0.0245
vn -0.9964 -0.0793 -0.0314
vn -0.9969 -0.0758 -0.0231
vn -0.9963 -0.0679 -0.0527
vn -0.9963 -0.0684 -0.0530
vn -0.9962 -0.0684 -0.0530
vn -0.9968 -0.0739 -0.0293
vn -0.9969 -0.0734 -0.0297
vn -0.9968 -0.0737 -0.0294
vn -0.9959 -0.0908 -0.0013
vn -0.2806 -0.9529 0.1152
vn -0.2222 -0.8379 -0.4986
vn -0.9988 -0.0499 -0.0007
vn -0.9988 -0.0495 0.0002
vn -0.9987 -0.0500 -0.0012
vn -0.3053 -0.7743 -0.5544
vn -0.9999 -0.0128 -0.0057
vn -0.9999 -0.0114 0.0032
vn -0.9998 -0.0211 -0.0014
vn -0.0798 -0.8736 -0.4800
vn -0.2868 -0.8521 -0.4377
vn -0.2022 -0.8183 -0.5380
vn -0.0889 -0.8339 -0.5448
vn -0.9981 -0.0574 0.0237
vn -0.9985 -0.0555 0.0024
vn -0.9990 -0.0437 0.0129
vn -0.9977 -0.0676 0.0098
vn -0.9975 -0.0708 0.0059
vn -0.9977 -0.0678 0.0006
vn -0.5254 -0.7443 -0.4123
vn -0.7773 -0.5421 -0.3193
vn -0.8429 -0.4792 -0.2447
vn -0.9165 -0.3521 -0.1901
vn -0.8827 -0.4348 -0.1784
vn -0.9465 -0.3225 0.0110
vn -0.9849 -0.1698 -0.0331
vn -0.9905 -0.1337 0.0327
vn -0.9826 -0.1491 0.1105
vn -0.9828 -0.0856 0.1635
vn -0.9563 -0.2738 -0.1031
vn -0.9871 -0.1563 -0.0357
vn -0.9973 -0.0667 0.0305
vn -0.9969 -0.0727 0.0300
vn -0.9973 -0.0653 0.0331
vn -0.9966 -0.0821 0.0046
vn -0.9965 -0.0822 0.0128
vn -0.9965 -0.0827 0.0117
vn -0.9965 -0.0773 0.0332
vn -0.9964 -0.0776 0.0331
vn -0.9964 -0.0777 0.0331
vn -0.9962 -0.0861 0.0104
vn -0.9967 -0.0718 0.0383
vn -0.9970 -0.0637 0.0449
vn -0.9971 -0.0668 0.0362
vn 1.0000 -0.0086 0.0031
vn 1.0000 -0.0088 0.0026
vn 1.0000 -0.0093 0.0021
vn 0.9992 -0.0391 0.0026
vn 0.9995 -0.0310 0.0022
vn 0.9995 -0.0316 0.0004
vn 0.3404 -0.7285 0.5944
vn 0.1950 -0.8073 0.5570
vn 0.2337 -0.9721 -0.0188
vn 0.5332 -0.8450 -0.0411
vn 0.5138 -0.7026 0.4923
vn 0.8195 -0.5730 0.0062
vn 0.8642 -0.4480 0.2290
vn 0.9562 -0.2924 -0.0099
vn 0.9724 -0.2212 0.0737
vn 0.9929 -0.1190 0.0092
vn 0.9966 -0.0804 -0.0179
vn 0.9965 -0.0809 -0.0193
vn 0.9972 -0.0724 -0.0200
vn 0.9961 -0.0853 -0.0227
vn 0.9943 -0.1056 -0.0112
vn 0.9734 -0.2151 0.0794
vn 0.8659 -0.4325 0.2512
vn 0.3849 -0.9213 -0.0553
vn 0.9979 -0.0654 -0.0021
vn 0.9978 -0.0659 -0.0025
vn 0.9959 -0.0809 -0.0406
vn 0.9964 -0.0735 -0.0423
vn 0.9959 -0.0806 -0.0405
vn 0.9936 -0.0990 -0.0538
vn 0.9970 -0.0660 -0.0392
vn 0.9966 -0.0728 -0.0378
vn 0.9970 -0.0716 -0.0284
vn 0.6155 0.0152 -0.7880
vn 0.8148 -0.1915 -0.5472
vn 0.9810 -0.0344 -0.1907
vn 0.9958 -0.0558 -0.0721
vn 0.9961 -0.0562 -0.0674
vn 0.9960 -0.0568 -0.0689
vn 0.9914 -0.0588 -0.1170
vn 0.9972 -0.0745 0.0015
vn 0.9978 -0.0667 -0.0004
vn 0.9973 -0.0737 0.0024
vn 0.2512 -0.7626 -0.5961
vn 0.6232 -0.6600 -0.4196
vn 0.8892 -0.4148 -0.1931
vn 0.8672 -0.4393 -0.2346
vn 0.9424 -0.3201 -0.0970
vn 0.9810 -0.1888 -0.0453
vn 0.9833 -0.1808 -0.0210
vn 0.9957 -0.0920 0.0099
vn 0.9963 -0.0814 0.0257
vn 0.9964 -0.0814 0.0258
vn 0.9963 -0.0818 0.0251
vn 0.9515 -0.2956 -0.0854
vn 0.3051 -0.7873 -0.5358
vn 0.0905 -0.7915 -0.6044
vn 0.2089 -0.7923 -0.5733
vn 0.9980 -0.0631 -0.0047
vn 0.9980 -0.0628 -0.0038
vn 0.9976 -0.0689 -0.0089
vn 0.3666 -0.8374 -0.4054
vn 0.9987 -0.0509 -0.0074
vn 0.9985 -0.0553 -0.0004
vn 0.9988 -0.0475 -0.0084
vn 0.6122 -0.6792 -0.4049
vn 0.7870 -0.5785 -0.2145
vn 0.9919 -0.0416 0.1199
vn 0.9765 -0.0415 0.2114
vn 0.9618 -0.1005 0.2547
vn 0.8565 -0.0324 0.5151
vn 0.9897 -0.1215 0.0759
vn -0.5739 -0.2748 -0.7714
vn -0.2780 -0.3336 -0.9008
vn -0.2925 -0.2570 -0.9211
vn -0.2180 -0.3240 -0.9206
vn -0.2179 -0.3244 -0.9205
vn -0.2161 -0.3342 -0.9174
vn -0.4762 -0.2684 -0.8374
vn -0.5324 -0.3084 -0.7884
vn -0.7671 -0.1818 -0.6152
vn -0.5924 -0.1829 -0.7846
vn -0.4869 -0.1961 -0.8512
vn -0.2616 -0.1641 -0.9511
vn -0.3003 -0.0890 -0.9497
vn -0.1532 -0.1895 -0.9699
vn -0.4498 -0.1553 -0.8795
vn -0.2076 -0.1348 -0.9689
vn -0.2148 -0.1297 -0.9680
vn -0.2058 -0.1346 -0.9693
vn -0.4591 -0.0811 -0.8847
vn -0.4637 -0.0109 -0.8859
vn -0.2712 0.0015 -0.9625
vn -0.4547 0.0561 -0.8889
vn -0.1010 -0.0529 -0.9935
vn -0.1095 0.0133 -0.9939
vn -0.0878 -0.0241 -0.9958
vn -0.2241 -0.0412 -0.9737
vn -0.2236 -0.0410 -0.9738
vn -0.2173 -0.0440 -0.9751
vn -0.2300 0.0031 -0.9732
vn -0.0716 -0.0565 -0.9958
vn -0.1230 -0.1282 -0.9841
vn -0.1207 -0.1354 -0.9834
vn -0.1210 -0.1356 -0.9833
vn -0.1786 -0.2097 -0.9613
vn -0.0624 -0.1695 -0.9836
vn -0.0213 -0.1372 -0.9903
vn 0.0589 -0.1679 -0.9840
vn 0.0001 -0.1531 -0.9882
vn -0.1098 -0.2936 -0.9496
vn -0.1086 -0.2931 -0.9499
vn -0.1169 -0.2905 -0.9497
vn 0.0517 -0.2622 -0.9636
vn 0.1579 -0.3341 -0.9292
vn 0.1494 -0.2404 -0.9591
vn 0.5036 -0.2291 -0.8330
vn 0.2754 -0.2593 -0.9257
vn 0.2079 -0.2907 -0.9339
vn 0.2024 -0.2866 -0.9364
vn 0.2012 -0.2875 -0.9364
vn 0.6267 -0.2658 -0.7326
vn 0.6379 -0.1791 -0.7490
vn 0.7526 -0.1811 -0.6330
vn 0.7887 -0.1298 -0.6010
vn 0.8966 -0.1000 -0.4315
vn -0.1801 -0.2898 -0.9400
vn -0.1873 -0.2968 -0.9364
vn -0.1800 -0.2885 -0.9404
vn -0.0919 -0.3268 -0.9406
vn -0.0427 -0.2455 -0.9684
vn 0.2777 -0.1864 -0.9424
vn 0.1349 -0.2014 -0.9702
vn -0.0062 -0.0733 -0.9973
vn 0.0051 -0.0669 -0.9977
vn -0.0057 -0.0753 -0.9971
vn -0.0025 -0.0709 -0.9975
vn 0.1615 0.0029 -0.9869
vn 0.1176 -0.0025 -0.9931
vn 0.1162 0.0935 -0.9888
vn 0.2110 -0.0775 -0.9744
vn 0.2565 -0.0686 -0.9641
vn 0.2741 0.0120 -0.9616
vn 0.0987 -0.0639 -0.9931
vn 0.0887 -0.0661 -0.9939
vn 0.0995 -0.0639 -0.9930
vn 0.4757 -0.0686 -0.8769
vn 0.4445 0.0229 -0.8955
vn 0.7329 0.0481 -0.6787
vn 0.8574 -0.0075 -0.5147
vn 0.5714 0.0004 -0.8207
vn 0.5872 -0.0929 -0.8041
vn 0.2253 -0.1167 -0.9673
vn 0.2210 -0.1208 -0.9678
vn 0.2280 -0.1177 -0.9665
vn 0.2246 -0.1278 -0.9660
vn 0.4517 -0.1836 -0.8731
vn 0.6122 -0.1278 -0.7803
vn 0.6522 -0.1156 -0.7492
vn 0.8125 -0.0356 -0.5818
vn 0.6506 -0.0643 -0.7567
vn 0.6503 -0.0636 -0.7570
vn 0.6460 -0.0694 -0.7602
vn -0.8989 -0.0826 -0.4302
vn -0.7802 -0.1378 -0.6102
vn -0.6265 -0.1509 -0.7647
vn -0.4151 0.2116 0.8848
vn -1.0000 -0.0000 0.0076
vn -1.0000 0.0010 0.0081
vn -1.0000 0.0078 0.0061
vn -0.4044 0.1198 0.9067
vn -0.1382 0.1648 0.9766
vn 0.1161 0.1622 0.9799
vn -0.4557 0.0781 0.8867
vn -0.0976 0.2984 0.9494
vn -0.6852 0.1809 0.7055
vn -0.4155 0.2027 0.8867
vn 0.2170 0.2517 0.9432
vn 0.1932 0.3189 0.9279
vn 0.1903 0.3184 0.9287
vn 0.1810 0.3215 0.9295
vn -0.6088 0.2490 0.7532
vn -0.2741 0.3245 0.9053
vn -0.5907 0.2546 0.7657
vn -0.7497 0.1759 0.6380
vn -0.3120 0.3162 0.8959
vn -0.5978 0.0585 0.7995
vn -0.6189 -0.0401 0.7844
vn -0.3393 0.0141 0.9406
vn -0.1951 0.0103 0.9807
vn -0.7682 -0.0420 -0.6388
vn -0.8690 -0.0773 -0.4887
vn -0.9998 0.0026 0.0206
vn -0.9998 0.0027 0.0220
vn -0.9998 0.0027 0.0209
vn -0.7903 0.0402 -0.6114
vn -0.7952 0.0521 -0.6041
vn -0.6537 -0.0215 -0.7565
vn -0.6354 0.0599 -0.7699
vn -1.0000 0.0025 0.0057
vn -1.0000 0.0024 0.0061
vn -1.0000 0.0027 0.0050
vn -1.0000 0.0008 0.0082
vn -0.6131 -0.0993 -0.7837
vn -0.6259 -0.0385 -0.7790
vn -0.6197 0.0379 -0.7839
vn 0.9358 -0.0595 -0.3474
vn 1.0000 0.0024 0.0017
vn 1.0000 0.0006 0.0048
vn 1.0000 0.0010 0.0046
vn 1.0000 -0.0008 0.0050
vn 1.0000 -0.0020 0.0044
vn 1.0000 -0.0011 0.0048
vn 0.9999 0.0084 0.0077
vn 1.0000 0.0082 0.0053
vn 0.9999 0.0081 0.0090
vn -0.2256 0.1318 0.9653
vn -0.2232 0.1333 0.9656
vn -0.0802 0.1679 0.9825
vn -0.2176 0.2316 0.9482
vn 1.0000 0.0061 0.0042
vn 0.5898 0.2474 0.7687
vn 0.5776 0.2134 0.7879
vn -0.1941 0.0939 0.9765
vn 0.4364 0.1739 0.8828
vn -0.1395 0.1572 0.9777
vn 0.5129 0.0148 0.8583
vn -0.1846 0.0558 0.9812
vn 0.9820 0.0063 0.1887
vn 0.9821 0.0056 0.1884
vn 0.9820 0.0050 0.1887
vn 0.9998 -0.0007 0.0223
vn 0.6394 -0.0400 0.7679
vn 1.0000 0.0011 0.0033
vn -0.1182 -0.0157 0.9929
vn -1.0000 0.0002 0.0021
vn 0.1294 -0.1354 -0.9823
vn 0.1360 -0.1337 -0.9816
vn 0.1273 -0.1356 -0.9826
vn -0.1870 0.3021 0.9348
vn -0.1944 0.3124 0.9298
vn -0.0039 0.3041 0.9526
vn 0.6181 0.2529 0.7443
vn 0.9672 0.0904 0.2376
vn 0.9673 0.0829 0.2398
vn 0.9667 0.0891 0.2399
vn 0.9928 0.0426 0.1116
vn 0.9927 0.0433 0.1127
vn 0.9929 0.0424 0.1113
vn 0.5195 0.1535 0.8406
vn 0.9991 0.0148 0.0400
vn 1.0000 -0.0002 0.0008
vn 0.7079 -0.3768 -0.5974
vn 0.8689 0.0796 0.4885
vn 0.8690 0.0896 0.4866
vn 0.8700 0.0844 0.4857
vn 1.0000 -0.0000 0.0072
vn 0.9999 -0.0032 0.0145
vn 0.9277 -0.0035 -0.3734
vn -0.2178 0.3064 0.9266
vn -0.2180 0.3011 0.9283
vn -0.2180 0.3070 0.9264
vn -1.0000 0.0001 -0.0002
vn -0.9966 -0.0252 -0.0779
vn -0.9001 -0.0308 -0.4347
vn -0.9986 -0.0258 -0.0468
vn -0.9990 -0.0215 -0.0386
vn -0.9990 -0.0259 -0.0373
vn -0.0834 0.2171 -0.9726
vn -0.2439 0.1759 -0.9537
vn -0.2104 0.2509 -0.9449
vn -0.7085 0.0704 -0.7022
vn -0.2622 0.1070 -0.9591
vn -0.9982 -0.0239 -0.0545
vn -0.9965 -0.0298 -0.0784
vn -0.9976 -0.0142 -0.0677
vn -1.0000 -0.0040 -0.0079
vn -0.2393 0.1069 -0.9650
vn -0.5975 0.0454 -0.8006
vn -0.8679 0.0194 -0.4963
vn -0.9475 -0.0419 -0.3170
vn -0.6736 -0.1279 -0.7279
vn -0.1265 -0.0979 -0.9871
vn -0.4278 -0.2331 -0.8733
vn -0.2421 -0.7433 -0.6237
vn -0.2384 -0.7960 -0.5563
vn -0.1443 -0.8070 -0.5727
vn -0.1890 -0.7758 -0.6020
vn -0.6253 -0.5541 -0.5495
vn -0.9239 -0.1516 -0.3513
vn -0.4161 -0.7505 -0.5134
vn -0.9962 -0.0255 -0.0836
vn -0.9958 -0.0336 -0.0855
vn -0.9968 -0.0269 -0.0755
vn -0.9989 -0.0232 -0.0397
vn -0.9987 -0.0308 -0.0404
vn -0.9984 -0.0330 -0.0462
vn -0.9978 -0.0134 -0.0646
vn -0.9974 -0.0196 -0.0696
vn -0.9974 -0.0169 -0.0707
vn -0.9983 -0.0120 -0.0574
vn -0.9982 -0.0150 -0.0574
vn -0.9979 -0.0209 -0.0618
vn -0.9980 -0.0174 -0.0604
vn -0.9980 -0.0172 -0.0612
vn -0.9980 -0.0174 -0.0608
vn -0.9974 -0.0206 -0.0689
vn -0.2913 -0.8127 -0.5047
vn -0.7034 -0.6148 -0.3567
vn -0.7969 -0.5015 -0.3368
vn -0.3183 -0.6163 -0.7203
vn -0.3395 -0.6776 -0.6524
vn -0.4877 -0.5250 -0.6975
vn -0.9975 -0.0259 -0.0659
vn -0.9972 -0.0203 -0.0726
vn -0.9971 -0.0205 -0.0727
vn -0.8885 -0.2909 -0.3550
vn -0.7341 -0.4403 -0.5170
vn -0.9379 -0.1790 -0.2972
vn -0.9671 -0.1381 -0.2136
vn -0.6824 -0.4195 -0.5987
vn -0.0736 -0.7882 -0.6110
vn -0.9861 -0.0800 -0.1454
vn -0.9862 -0.0799 -0.1452
vn -0.9847 -0.0779 -0.1560
vn -0.9741 -0.0935 -0.2060
vn -0.9889 -0.0391 -0.1436
vn -0.1098 0.0222 -0.9937
vn -0.1161 0.0164 -0.9931
vn -0.1151 0.0308 -0.9929
vn -0.9913 -0.0385 -0.1256
vn -0.9927 -0.0341 -0.1155
vn -0.9913 -0.0369 -0.1260
vn -0.9962 -0.0396 -0.0776
vn -0.9961 -0.0040 -0.0882
vn -0.9955 -0.0560 -0.0765
vn -0.9960 -0.0630 -0.0629
vn -0.9959 -0.0708 -0.0554
vn -0.9970 -0.0630 -0.0447
vn -0.9975 -0.0633 -0.0305
vn -0.9976 -0.0602 -0.0354
vn -0.9971 -0.0687 -0.0323
vn 0.0882 0.0037 -0.9961
vn 0.0913 -0.0045 -0.9958
vn 0.0916 -0.0102 -0.9957
vn 0.9993 -0.0183 0.0322
vn 0.9992 -0.0234 0.0314
vn 0.9994 -0.0295 0.0155
vn 0.2315 0.0686 -0.9704
vn 0.0289 0.0794 -0.9964
vn 0.4301 0.1034 -0.8969
vn 0.5627 0.0843 -0.8224
vn 0.8002 0.0379 -0.5985
vn 0.9300 -0.0255 -0.3666
vn 0.9829 -0.0485 -0.1776
vn 0.9967 -0.0036 -0.0811
vn 0.9969 0.0072 -0.0785
vn 0.9995 -0.0031 -0.0312
vn 0.9961 -0.0639 -0.0616
vn 0.9945 -0.0518 -0.0909
vn 0.9965 -0.0679 -0.0496
vn 0.9960 -0.0715 -0.0541
vn 0.9980 -0.0283 -0.0572
vn 0.9977 -0.0297 -0.0607
vn 0.9978 -0.0294 -0.0588
vn 0.9977 -0.0332 -0.0597
vn 0.9981 -0.0216 -0.0585
vn 0.9982 -0.0271 -0.0543
vn 0.7635 0.1664 -0.6240
vn 0.9986 -0.0524 0.0003
vn 0.1754 0.1411 -0.9743
vn 0.4539 0.1398 -0.8800
vn 0.9961 -0.0149 -0.0866
vn 0.9969 -0.0083 -0.0783
vn 0.9962 -0.0118 -0.0857
vn 0.9981 -0.0214 -0.0582
vn 0.9981 -0.0138 -0.0596
vn 0.9982 -0.0148 -0.0588
vn 0.2930 -0.6480 -0.7030
vn 0.5896 -0.4980 -0.6359
vn 0.5229 -0.4616 -0.7166
vn 0.9982 -0.0230 -0.0549
vn 0.0938 -0.7507 -0.6539
vn 0.2783 -0.7282 -0.6263
vn 0.5175 -0.6032 -0.6069
vn 0.6130 -0.4844 -0.6242
vn 0.8026 -0.3913 -0.4503
vn 0.1018 0.1000 -0.9898
vn 0.0747 -0.7918 -0.6062
vn 0.2686 -0.3670 -0.8906
vn 0.7331 -0.2431 -0.6352
vn 0.9301 -0.2189 -0.2951
vn 0.9802 -0.0884 -0.1771
vn 0.9101 -0.1835 -0.3716
vn 0.9909 -0.0244 -0.1325
vn 0.9395 -0.1478 -0.3092
vn 0.9975 -0.0163 -0.0687
vn 0.9977 -0.0077 -0.0670
vn 0.9981 -0.0150 -0.0594
vn 0.9977 -0.0253 -0.0634
vn 0.9976 -0.0263 -0.0635
vn 0.9980 -0.0288 -0.0562
vn 0.9632 -0.0870 0.2542
vn 0.2573 0.1993 -0.9456
vn 0.1567 -0.2791 -0.9474
vn 0.9977 -0.0263 -0.0620
vn 0.9972 -0.0307 -0.0681
vn 0.9976 -0.0292 -0.0634
vn 0.9995 -0.0232 -0.0220
vn 0.9992 -0.0230 -0.0318
vn 0.9994 -0.0253 -0.0231
vn 0.8430 -0.2876 -0.4545
vn 0.9972 -0.0505 0.0543
vn 0.9972 -0.0508 0.0542
vn 0.9972 -0.0507 0.0543
vn 0.9953 -0.0932 0.0256
vn 0.9960 -0.0859 0.0231
vn 0.9975 -0.0708 0.0067
vn 0.9971 -0.0753 0.0062
vn 0.9974 -0.0694 0.0196
vn 0.9907 -0.1359 -0.0004
vn 0.9903 -0.1383 -0.0113
vn 0.9922 -0.1250 -0.0030
vn -0.9970 -0.0723 -0.0260
vn -0.9969 -0.0707 -0.0335
vn -0.9970 -0.0728 -0.0260
vn -0.9972 0.0738 -0.0073
vn -0.9971 0.0758 -0.0108
vn -0.9978 0.0661 -0.0048
vn -0.9754 0.1908 -0.1102
vn -0.9587 0.2306 -0.1667
vn -0.9380 0.3434 -0.0467
vn -0.9945 0.0692 -0.0784
vn -0.9952 0.0372 -0.0906
vn -0.9941 0.0731 -0.0799
vn -0.9953 0.0481 -0.0837
vn -0.9958 0.0587 -0.0708
vn -0.9964 0.0526 -0.0659
vn -0.9970 0.0456 -0.0622
vn -0.9968 0.0069 -0.0795
vn -0.9970 0.0174 -0.0759
vn -0.9973 0.0104 -0.0722
vn -0.9762 -0.0231 -0.2158
vn -0.9795 0.1121 -0.1677
vn -0.9963 0.0855 0.0058
vn -0.9958 0.0916 0.0004
vn -0.9958 0.0914 -0.0002
vn -0.9949 0.1001 0.0093
vn -0.9940 0.0965 -0.0520
vn -0.9939 0.1085 -0.0181
vn -0.9900 0.1200 -0.0738
vn -0.9900 0.1204 -0.0738
vn -0.9893 0.1160 -0.0889
vn -0.9842 0.1415 -0.1061
vn -0.9839 0.1336 -0.1190
vn -0.9841 0.1326 -0.1185
vn -0.9591 0.1511 -0.2392
vn -0.9911 0.1151 -0.0663
vn -0.9894 0.1275 -0.0692
vn -0.9919 0.1116 -0.0610
vn -0.9964 0.0826 -0.0191
vn -0.9840 0.1754 -0.0319
vn -0.9564 0.1664 -0.2402
vn -0.7884 0.4579 -0.4108
vn -0.7086 0.3399 -0.6183
vn -0.4251 0.5683 -0.7045
vn -0.9310 0.1578 -0.3290
vn -0.2594 0.4575 -0.8505
vn -0.2929 0.3446 -0.8919
vn -0.5854 0.3404 -0.7359
vn -0.6272 0.3112 -0.7140
vn -0.5352 0.2533 -0.8058
vn -0.2128 0.2693 -0.9393
vn -0.8193 0.2081 -0.5343
vn -0.6651 0.5764 -0.4748
vn -0.7309 0.1810 -0.6581
vn -0.6405 0.1715 -0.7486
vn -0.9984 0.0474 -0.0318
vn -0.2071 0.1907 -0.9596
vn -0.8861 0.1850 -0.4250
vn -0.2880 0.1935 -0.9379
vn -0.3701 0.8026 -0.4679
vn -0.0886 0.1689 -0.9816
vn -0.9988 0.0450 -0.0216
vn -0.9987 0.0457 -0.0212
vn -0.9981 0.0537 -0.0290
vn -0.9985 0.0452 -0.0309
vn -0.9986 0.0434 -0.0286
vn -0.9984 0.0471 -0.0318
vn -0.0558 0.1166 -0.9916
vn -0.0433 0.1241 -0.9913
vn -0.0431 0.1139 -0.9926
vn -0.0948 0.9903 0.1015
vn -0.0607 0.9943 0.0878
vn -0.2752 0.9599 0.0535
vn -0.4032 0.9151 -0.0035
vn -0.9969 0.0787 -0.0016
vn -0.9962 0.0870 -0.0007
vn -0.3124 0.9472 -0.0718
vn -0.6615 0.7500 -0.0031
vn -0.4301 0.9027 0.0119
vn -0.0526 0.9981 -0.0335
vn -0.0381 0.9983 -0.0445
vn -0.0393 0.9982 -0.0446
vn -0.9985 0.0433 0.0337
vn -0.9985 0.0439 0.0340
vn -0.9989 0.0382 0.0287
vn -0.3697 0.7846 0.4977
vn -0.0665 0.9922 -0.1052
vn -0.0872 0.9900 -0.1109
vn -0.7482 0.5257 0.4047
vn -0.9469 0.2788 0.1601
vn -0.9353 0.3488 0.0597
vn -0.8949 0.1956 0.4011
vn -0.9673 0.1667 0.1913
vn -0.9834 0.1558 0.0925
vn -0.9886 0.1338 0.0694
vn -0.9885 0.1339 0.0701
vn -0.9875 0.1418 0.0689
vn -0.9916 0.0981 0.0842
vn -0.9966 0.0806 0.0158
vn -0.9966 0.0810 0.0160
vn -0.9976 0.0678 0.0160
vn -0.9824 0.1183 0.1444
vn -0.9670 0.1351 0.2159
vn -0.8538 0.2096 0.4765
vn -0.6867 0.2136 0.6948
vn -0.3131 0.2199 0.9239
vn -0.0543 0.1116 0.9923
vn -0.0571 0.1028 0.9931
vn -0.0544 0.1042 0.9931
vn -0.7467 0.0581 0.6626
vn -0.2114 0.1613 0.9640
vn -0.2617 0.2719 0.9261
vn -0.9988 0.0426 0.0240
vn -0.9988 0.0410 0.0251
vn -0.9985 0.0488 0.0265
vn -0.9985 0.0412 0.0371
vn -0.9984 0.0423 0.0376
vn -0.9984 0.0417 0.0374
vn -0.8905 0.2325 0.3911
vn -0.9363 0.2738 0.2200
vn -0.7383 0.4741 0.4796
vn -0.9125 0.4041 -0.0639
vn -0.5530 0.4341 0.7112
vn -0.6170 0.3266 0.7160
vn -0.1849 0.4862 0.8541
vn -0.2589 0.3577 0.8972
vn -0.6315 0.2799 0.7231
vn -0.6385 0.3303 0.6951
vn -0.5553 0.2853 0.7812
vn -0.3098 0.2555 0.9158
vn -0.9986 0.0502 0.0142
vn -0.9984 0.0549 0.0124
vn -0.9987 0.0494 0.0152
vn -1.0000 0.0049 0.0046
vn -0.7430 0.3930 0.5418
vn -0.9991 0.0321 0.0262
vn -0.9991 0.0323 0.0263
vn -0.9992 0.0319 0.0259
vn -0.9990 0.0423 0.0134
vn 0.9952 0.0414 -0.0882
vn 0.9955 0.0690 -0.0654
vn 0.9947 0.0579 -0.0845
vn 0.9929 0.1067 -0.0529
vn 0.9839 0.1617 -0.0757
vn 0.9840 0.1638 -0.0695
vn 0.9842 0.1625 -0.0696
vn 0.9910 0.1121 -0.0726
vn 0.9962 0.0436 -0.0754
vn 0.9950 0.0991 -0.0075
vn 0.9965 -0.0723 -0.0423
vn 0.9970 -0.0622 -0.0451
vn 0.9965 -0.0723 -0.0414
vn 0.9920 0.1038 -0.0714
vn 0.9961 0.0867 -0.0144
vn 0.9628 0.1520 -0.2235
vn 0.9393 0.1567 -0.3051
vn 0.9819 0.1411 -0.1266
vn 0.8324 0.2138 -0.5113
vn 0.8735 0.3898 -0.2916
vn 0.4004 0.1926 -0.8959
vn 0.5745 0.2757 -0.7707
vn 0.2447 0.2698 -0.9313
vn 0.0607 0.1365 -0.9888
vn 0.0591 0.1351 -0.9891
vn 0.0668 0.1321 -0.9890
vn 0.6242 0.6215 -0.4734
vn 0.2265 0.6546 -0.7212
vn 0.0953 0.1483 -0.9843
vn 0.0702 0.9902 0.1206
vn 0.0696 0.9903 0.1204
vn 0.0710 0.9902 0.1206
vn 0.9971 0.0630 -0.0427
vn 0.9982 0.0585 -0.0121
vn 0.9729 0.2262 -0.0477
vn 0.9986 0.0500 -0.0195
vn 0.9981 0.0460 -0.0400
vn 0.9983 0.0471 -0.0329
vn 0.9983 0.0482 -0.0325
vn 0.3829 0.9236 0.0185
vn 0.1015 0.9920 0.0754
vn 0.9970 0.0769 -0.0032
vn 0.9970 0.0760 -0.0111
vn 0.9970 0.0775 -0.0034
vn 0.9965 0.0837 0.0017
vn 0.9965 0.0841 0.0020
vn 0.9965 0.0839 0.0019
vn 0.8623 0.4773 -0.1694
vn 0.8616 0.4767 -0.1742
vn 0.8621 0.4781 -0.1678
vn 0.9251 0.3750 -0.0603
vn 0.7721 0.6346 -0.0340
vn 0.9423 0.2768 -0.1883
vn 0.9834 0.1472 -0.1059
vn -0.7722 0.0949 -0.6283
vn -0.7993 0.1300 -0.5867
vn -0.5884 0.1229 -0.7992
vn -0.5200 0.0868 -0.8497
vn -0.1529 0.1217 -0.9807
vn -0.2084 0.1500 -0.9665
vn -0.2749 0.1927 -0.9420
vn -0.3006 0.1416 -0.9432
vn -0.2941 0.1370 -0.9459
vn -0.2987 0.1309 -0.9453
vn -0.3088 0.0553 -0.9495
vn -0.1227 0.1066 -0.9867
vn 0.0008 0.0423 -0.9991
vn 0.0179 0.0375 -0.9991
vn 0.0033 0.0438 -0.9990
vn 0.0063 0.0417 -0.9991
vn 0.0001 0.0460 -0.9989
vn -0.0086 0.0421 -0.9991
vn 0.1577 0.0710 -0.9849
vn 0.2838 0.0702 -0.9563
vn 0.2304 0.1305 -0.9643
vn 0.2234 0.1278 -0.9663
vn 0.2235 0.1275 -0.9663
vn 0.1337 0.1609 -0.9779
vn 0.2233 0.1331 -0.9656
vn 0.3138 0.1729 -0.9336
vn 0.7522 0.0805 -0.6540
vn 0.7789 0.0995 -0.6193
vn 0.5471 0.0889 -0.8323
vn 0.4572 0.1699 -0.8730
vn 0.1121 0.1891 -0.9755
vn 0.0040 0.1391 -0.9903
vn 0.0052 0.1414 -0.9899
vn 0.0072 0.1517 -0.9884
vn 0.0047 0.1376 -0.9905
vn 0.0010 0.1367 -0.9906
vn -0.0028 0.1383 -0.9904
vn -0.1115 0.1556 -0.9815
vn -0.1632 0.1837 -0.9693
vn 0.2879 0.2659 -0.9200
vn 0.4886 0.2384 -0.8393
vn 0.2397 0.3249 -0.9149
vn 0.1518 0.2889 -0.9452
vn 0.2194 0.2182 -0.9509
vn 0.2196 0.2186 -0.9508
vn 0.2178 0.2161 -0.9518
vn -0.0029 0.2306 -0.9731
vn -0.0023 0.2304 -0.9731
vn -0.0084 0.2281 -0.9736
vn 0.0082 0.2251 -0.9743
vn -0.0088 0.2231 -0.9748
vn -0.0087 0.2234 -0.9747
vn -0.1426 0.2560 -0.9561
vn -0.0775 0.2743 -0.9585
vn -0.0559 0.3495 -0.9353
vn 0.0763 0.2799 -0.9570
vn 0.0540 0.3611 -0.9310
vn -0.1634 0.3519 -0.9217
vn -0.2684 0.3182 -0.9092
vn -0.2110 0.2834 -0.9355
vn -0.2160 0.2820 -0.9348
vn -0.2193 0.2859 -0.9328
vn -0.2768 0.2325 -0.9324
vn -0.4921 0.2351 -0.8382
vn -0.4950 0.2924 -0.8182
vn -0.2598 0.3706 -0.8917
vn -0.4814 0.3466 -0.8051
vn -0.7925 0.2266 -0.5662
vn -0.9731 0.0987 -0.2082
vn -0.7916 0.2721 -0.5471
vn -0.9639 0.0908 -0.2503
vn -0.6619 0.2023 -0.7217
vn -0.4768 0.1689 -0.8626
vn -0.9965 0.0132 -0.0822
vn -0.9966 0.0128 -0.0818
vn -0.9968 0.0196 -0.0779
vn -1.0000 0.0015 0.0062
vn -0.5824 -0.1423 0.8004
vn -0.6293 -0.0899 0.7719
vn -0.4071 -0.1611 0.8991
vn 0.1061 -0.0921 0.9901
vn 0.0809 -0.2477 0.9654
vn -1.0000 -0.0012 0.0062
vn -1.0000 -0.0014 0.0061
vn -0.8902 -0.1351 0.4352
vn 0.2071 -0.3169 0.9256
vn 0.1423 -0.3218 0.9360
vn 0.2120 -0.3527 0.9114
vn -0.6201 -0.2465 0.7448
vn -0.6106 -0.2951 0.7349
vn -0.1371 -0.4474 0.8838
vn -0.6206 -0.2434 0.7454
vn -0.6547 -0.2017 0.7285
vn -0.1020 -0.3788 0.9198
vn 0.0754 -0.3083 0.9483
vn 0.1588 -0.2223 0.9620
vn -0.9717 0.0569 -0.2292
vn -0.9196 -0.1079 0.3778
vn -0.4724 -0.1805 0.8627
vn -0.1557 -0.0862 0.9840
vn -0.2206 0.0453 -0.9743
vn -0.2255 0.0563 -0.9726
vn -0.2192 0.0445 -0.9747
vn 0.2169 -0.4431 0.8698
vn 0.2127 -0.4379 0.8735
vn 0.2187 -0.4425 0.8697
vn 0.6265 0.1495 -0.7649
vn 0.9241 0.0726 -0.3751
vn 0.7662 0.1508 -0.6247
vn 0.9479 0.0936 -0.3044
vn 0.7497 0.2058 -0.6289
vn 0.7737 0.2305 -0.5902
vn 0.8976 0.1594 -0.4110
vn 0.6330 0.2519 -0.7321
vn 0.8151 0.2483 -0.5235
vn 0.6269 0.3170 -0.7117
vn 0.6352 0.2191 -0.7406
vn 0.5907 0.2897 -0.7531
vn 0.5213 0.3719 -0.7681
vn 0.2818 0.3744 -0.8834
vn 0.2810 0.3764 -0.8828
vn 0.2827 0.3731 -0.8837
vn 0.2470 0.4227 -0.8720
vn 0.1589 0.3834 -0.9098
vn 0.0537 0.4624 -0.8850
vn -0.0538 0.4261 -0.9031
vn 0.2139 0.2256 -0.9504
vn 0.2151 0.2258 -0.9501
vn 0.2223 0.2201 -0.9498
vn -0.9989 0.0058 -0.0473
vn -0.9985 0.0065 -0.0550
vn -0.9987 0.0124 -0.0500
vn -0.9877 -0.0384 0.1513
vn -0.9869 -0.0348 0.1573
vn -0.9875 -0.0421 0.1517
vn -0.6641 -0.3244 0.6736
vn -1.0000 0.0011 0.0056
vn -0.9917 0.0235 -0.1263
vn -0.9156 -0.0850 0.3931
vn -0.9161 -0.0766 0.3935
vn -0.9148 -0.0817 0.3956
vn -0.9667 -0.0499 0.2511
vn -0.9672 -0.0422 0.2504
vn -0.9601 -0.0566 0.2738
vn -0.9611 -0.0571 0.2701
vn -0.9617 -0.0493 0.2696
vn -1.0000 -0.0000 0.0001
vn -1.0000 0.0015 -0.0017
vn -0.9969 -0.0149 -0.0767
vn -0.8394 0.1525 -0.5216
vn -0.7976 0.4387 -0.4140
vn -0.2862 0.8426 -0.4563
vn -0.5960 0.7429 -0.3047
vn -0.3722 0.6367 -0.6754
vn -0.3114 0.3448 -0.8855
vn -0.4632 0.0158 -0.8861
vn -0.2901 -0.2694 -0.9183
vn -0.7710 -0.1741 -0.6125
vn -0.8827 0.0672 -0.4652
vn -0.5714 -0.3798 -0.7275
vn -0.5700 0.0742 -0.8183
vn -0.2798 -0.2762 -0.9195
vn -1.0000 0.0002 0.0006
vn -1.0000 -0.0007 0.0010
vn -1.0000 -0.0013 -0.0000
vn -0.9998 -0.0028 -0.0181
vn -0.7331 -0.3063 -0.6073
vn -0.7135 -0.2984 -0.6339
vn -0.9996 -0.0203 -0.0185
vn -0.9912 -0.0609 -0.1172
vn -0.9899 -0.0674 -0.1249
vn -0.9900 -0.0612 -0.1270
vn -0.2253 -0.4344 -0.8721
vn -0.2963 -0.5356 -0.7907
vn -0.8779 -0.2196 -0.4256
vn -0.9242 0.3419 -0.1702
vn -0.9213 0.3809 -0.0784
vn -0.7443 0.6520 -0.1445
vn -0.6799 0.6540 -0.3318
vn -0.8110 0.3375 -0.4779
vn -0.4737 0.4234 -0.7722
vn -0.1174 0.4589 -0.8807
vn -0.0543 0.5022 -0.8630
vn -0.1751 0.5355 -0.8262
vn -0.2567 0.4874 -0.8346
vn -0.2385 0.4230 -0.8742
vn -0.2392 0.4053 -0.8823
vn -0.2406 0.4375 -0.8664
vn -0.2576 0.5568 -0.7897
vn -0.4861 0.4742 -0.7341
vn -0.8068 0.2914 -0.5139
vn -0.9629 0.1618 -0.2158
vn -0.7489 -0.3351 0.5718
vn 0.1497 0.4637 -0.8733
vn 0.6433 0.3515 -0.6802
vn 0.1046 0.5120 -0.8526
vn 0.2903 0.4751 -0.8306
vn 0.4700 0.4496 -0.7596
vn 1.0000 0.0021 -0.0039
vn 1.0000 -0.0024 0.0027
vn 0.4331 -0.3367 0.8361
vn 0.3108 -0.3550 0.8817
vn 0.4599 -0.3776 0.8037
vn 0.3574 -0.3927 0.8474
vn 0.9364 -0.1412 0.3211
vn 0.8639 -0.2212 0.4525
vn -0.2243 -0.5821 0.7816
vn 0.6084 -0.4660 0.6425
vn -0.2103 -0.5489 0.8090
vn 0.3779 -0.6054 0.7005
vn 0.3784 -0.5114 0.7715
vn 0.8187 -0.3072 0.4851
vn 0.0673 -0.5817 0.8106
vn -0.2206 -0.4888 0.8440
vn 0.5739 -0.3940 0.7179
vn 0.0850 -0.4071 0.9094
vn -0.0065 -0.4956 0.8685
vn 0.9546 0.1816 -0.2360
vn 0.9745 0.1060 -0.1980
vn 0.7948 0.2916 -0.5322
vn 1.0000 -0.0010 0.0020
vn 0.2002 0.5073 -0.8382
vn 0.1990 0.5073 -0.8385
vn 0.2000 0.5073 -0.8383
vn -0.0538 0.5542 -0.8307
vn 0.0450 0.5369 -0.8424
vn 0.6747 -0.0754 0.7342
vn -0.1414 -0.0983 0.9851
vn 0.9999 0.0052 0.0149
vn 1.0000 0.0006 0.0087
vn 1.0000 0.0013 0.0074
vn 0.1072 -0.1167 0.9874
vn -0.2240 -0.1679 0.9600
vn 0.3950 -0.1816 0.9006
vn 1.0000 -0.0021 0.0038
vn 1.0000 -0.0021 0.0035
vn 1.0000 -0.0021 0.0037
vn 1.0000 -0.0002 0.0004
vn 0.9374 -0.1050 0.3322
vn 1.0000 -0.0003 0.0021
vn -0.2215 -0.1836 0.9577
vn -0.2217 -0.1822 0.9579
vn -0.2266 -0.1878 0.9557
vn 0.4277 -0.1747 0.8868
vn -0.2549 -0.1806 0.9499
vn 0.8631 -0.1154 0.4916
vn 0.9971 -0.0204 0.0727
vn 0.9971 -0.0118 0.0747
vn 0.9973 -0.0182 0.0705
vn 0.9969 -0.0208 0.0757
vn 0.9971 -0.0203 0.0738
vn 0.9975 -0.0153 0.0697
vn 0.2281 -0.0155 0.9735
vn -0.0113 -0.1318 0.9912
vn 0.0879 -0.2544 0.9631
vn 0.2612 -0.2825 0.9230
vn 0.7281 -0.2096 0.6526
vn -0.1947 -0.1861 0.9630
vn -0.2008 -0.1804 0.9629
vn -0.1943 -0.1974 0.9609
vn 0.1687 -0.2918 0.9415
vn 0.2032 -0.3022 0.9313
vn 0.7235 -0.2233 0.6533
vn 0.7229 -0.2109 0.6580
vn 1.0000 -0.0004 0.0009
vn 0.7750 -0.0266 -0.6314
vn 0.7950 -0.2285 -0.5619
vn 0.1547 -0.2922 -0.9438
vn 0.7494 -0.3086 -0.5859
vn 0.4244 -0.3736 -0.8248
vn 0.8466 -0.2207 -0.4843
vn 0.8151 -0.1216 -0.5665
vn 0.9628 -0.0151 -0.2698
vn 0.6512 -0.4038 -0.6425
vn 0.4676 -0.0631 -0.8817
vn 0.8136 0.2631 -0.5186
vn 0.3751 0.2065 -0.9037
vn 0.7696 0.2049 -0.6048
vn 0.3142 0.5283 -0.7888
vn 0.4006 0.7428 -0.5365
vn 0.7627 0.4817 -0.4315
vn 0.7558 0.6088 -0.2411
vn 0.3334 0.8751 -0.3508
vn 0.5908 0.7829 -0.1950
vn 0.7922 0.5491 -0.2661
vn 0.9602 0.1834 -0.2106
vn 0.9906 0.0941 -0.0989
vn 0.9709 0.2305 -0.0651
vn 0.9656 0.2336 -0.1145
vn 0.9634 0.2409 -0.1174
vn 0.9571 0.2647 -0.1181
vn 0.8659 0.4822 -0.1330
vn 1.0000 -0.0037 0.0037
vn 0.7181 -0.4544 0.5271
vn 0.9475 -0.1932 0.2548
vn 0.2251 -0.5700 0.7902
vn -0.2186 -0.6910 0.6890
vn 0.8525 -0.3347 0.4014
vn 0.6396 -0.5421 0.5450
vn 0.7969 0.3236 -0.5102
vn 0.4732 0.4839 -0.7362
vn 0.4728 0.5272 -0.7060
vn 0.2633 0.5604 -0.7853
vn 0.2180 0.5650 -0.7958
vn 0.6184 -0.5285 0.5816
vn 0.0474 -0.6921 0.7203
vn -0.2248 -0.6413 0.7336
vn -0.2250 -0.6412 0.7337
vn -0.2249 -0.6413 0.7336
vn 0.7763 0.4015 -0.4860
vn -0.9976 -0.0147 -0.0675
vn -0.9983 -0.0375 -0.0449
vn -0.9987 -0.0115 -0.0502
vn -0.7826 0.6211 -0.0411
vn -0.4706 0.8806 -0.0557
vn -0.3381 0.9261 -0.1676
vn -0.2644 0.9286 -0.2605
vn -0.8204 0.5682 -0.0639
vn -0.1185 0.9899 -0.0773
vn -0.1218 0.9875 -0.0997
vn -0.1257 0.9898 -0.0676
vn -0.7072 0.7022 0.0826
vn -0.9993 0.0167 -0.0337
vn -0.3401 0.9349 -0.1014
vn -0.8637 0.4110 -0.2917
vn -0.9890 0.1315 -0.0680
vn -0.9872 0.1478 -0.0604
vn -0.9865 0.1536 -0.0561
vn -0.9887 0.1330 -0.0695
vn -0.7772 0.3660 -0.5118
vn -0.4789 0.5341 -0.6967
vn -0.0590 0.6328 -0.7720
vn 0.4791 0.5656 -0.6712
vn 0.0943 0.5867 -0.8043
vn 0.0945 0.5867 -0.8043
vn 0.0939 0.5868 -0.8043
vn 0.1999 0.6182 -0.7602
vn 0.1644 0.5978 -0.7846
vn 0.2608 0.6302 -0.7313
vn 0.2616 0.6909 -0.6739
vn 0.0543 0.6981 -0.7139
vn 0.1603 0.7084 -0.6874
vn 0.4780 0.6647 -0.5742
vn 0.7904 0.4129 -0.4526
vn 0.4764 0.6136 -0.6297
vn 0.9505 0.2283 -0.2108
vn 0.2230 -0.4831 0.8467
vn -0.9610 0.1792 -0.2106
vn -0.8163 -0.3241 0.4782
vn 0.1973 -0.5300 0.8247
vn 0.2250 -0.5567 0.7997
vn -0.5313 -0.5023 0.6823
vn -0.8121 -0.3229 0.4861
vn 0.1357 -0.6406 0.7558
vn 0.3744 -0.5608 0.7385
vn 0.1813 -0.5250 0.8316
vn -0.1532 -0.4957 0.8549
vn 0.0251 -0.4185 0.9079
vn 0.1785 -0.4610 0.8693
vn -0.9451 -0.1497 0.2905
vn -0.9453 -0.1502 0.2895
vn -0.9454 -0.1503 0.2893
vn -1.0000 -0.0007 -0.0011
vn -0.9970 -0.0364 0.0681
vn -1.0000 -0.0033 0.0046
vn -0.7069 -0.3957 0.5863
vn -0.7069 -0.4239 0.5662
vn -0.7068 -0.3889 0.5909
vn 0.2261 -0.6446 0.7303
vn 0.2331 -0.6465 0.7265
vn 0.2273 -0.6434 0.7310
vn -0.6991 -0.4908 0.5199
vn -0.1919 -0.6466 0.7383
vn -0.3335 -0.6591 0.6741
vn 0.2201 -0.6731 0.7061
vn -0.4743 -0.6620 0.5804
vn 0.2243 -0.6364 0.7380
vn -0.2636 0.6310 -0.7297
vn -0.1765 0.6091 -0.7732
vn -0.4855 0.5901 -0.6450
vn -0.7630 0.4549 -0.4593
vn -0.7625 0.4157 -0.4959
vn -0.8122 0.4340 -0.3899
vn -0.4762 0.6386 -0.6046
vn -0.2591 0.6839 -0.6820
vn -0.1694 0.6842 -0.7093
vn -0.0011 0.6089 -0.7932
vn -0.0592 0.6878 -0.7235
vn -0.1790 0.7298 -0.6599
vn -0.0326 0.7424 -0.6692
vn 0.0872 0.6522 -0.7530
vn 0.0871 0.6524 -0.7529
vn 0.0873 0.6526 -0.7526
vn -0.8991 0.2917 -0.3263
vn -1.0000 -0.0021 0.0094
vn -1.0000 -0.0037 0.0090
vn -1.0000 -0.0008 0.0093
vn -1.0000 -0.0042 0.0081
vn -0.8949 -0.2517 0.3686
vn -0.4768 -0.6695 0.5696
vn -0.5988 -0.5501 0.5822
vn -0.7610 0.6276 -0.1641
vn -1.0000 0.0004 -0.0003
vn 0.2864 -0.5448 -0.7882
vn 0.9685 0.2419 -0.0593
vn 0.8320 0.5483 -0.0849
vn 0.9919 -0.0070 -0.1268
vn 0.9902 -0.0103 -0.1389
vn 0.9914 -0.0134 -0.1299
vn 0.6541 0.7552 -0.0419
vn 0.3071 0.9408 -0.1437
vn 0.3738 0.9271 -0.0261
vn 0.3390 -0.5256 0.7803
vn 0.3075 -0.4850 0.8187
vn 0.3402 -0.5328 0.7748
vn 0.3080 -0.7956 0.5216
vn 1.0000 -0.0004 0.0003
vn 0.6849 0.7128 -0.1511
vn 1.0000 -0.0001 0.0001
vn 1.0000 -0.0001 0.0004
vn 1.0000 0.0035 -0.0042
vn -0.5791 -0.5639 0.5888
vn -0.3727 -0.6938 0.6162
vn -0.9821 -0.1199 0.1452
vn -0.9818 -0.1207 0.1469
vn -0.9823 -0.1193 0.1444
vn -0.2116 -0.6407 0.7381
vn 0.0361 -0.7535 0.6565
vn 0.2247 -0.7302 0.6452
vn 0.2293 -0.7290 0.6450
vn 0.2279 -0.7253 0.6496
vn -1.0000 -0.0074 0.0018
vn -1.0000 -0.0076 0.0019
vn -1.0000 -0.0067 0.0013
vn -1.0000 -0.0052 0.0036
vn -1.0000 -0.0056 0.0035
vn -1.0000 -0.0060 0.0033
vn 0.2204 -0.8434 0.4900
vn -0.4632 -0.7159 0.5224
vn -0.3451 -0.7397 0.5777
vn -0.6334 -0.6700 0.3872
vn -0.1366 -0.7188 0.6817
vn -1.0000 0.0018 -0.0002
vn -1.0000 0.0002 -0.0006
vn -1.0000 -0.0005 0.0007
vn -0.7915 -0.5461 0.2744
vn -0.4862 -0.8039 0.3426
vn -0.0458 -0.9050 0.4230
vn 0.2117 -0.8992 0.3830
vn 0.0240 -0.9015 0.4321
vn -0.9759 0.1983 -0.0908
vn -0.8188 0.5389 -0.1979
vn -0.8211 0.5135 -0.2493
vn -0.5418 0.7747 -0.3261
vn -0.5858 0.7179 -0.3761
vn -0.7093 0.5529 -0.4373
vn -0.7883 0.4868 -0.3763
vn -0.7966 0.5111 -0.3229
vn -0.9090 0.3646 -0.2022
vn -0.8382 0.4807 -0.2576
vn -0.6195 0.6718 -0.4061
vn -0.5212 0.7486 -0.4098
vn -0.4472 0.7477 -0.4909
vn -0.2497 0.8300 -0.4988
vn -0.5396 0.7926 -0.2839
vn -0.6353 0.7314 -0.2480
vn -0.3115 0.8585 -0.4073
vn -0.3221 0.8606 -0.3945
vn -0.3077 0.8730 -0.3785
vn -0.2244 0.8786 -0.4216
vn -0.1496 0.9016 -0.4058
vn -0.1597 0.8648 -0.4760
vn -0.0527 0.9134 -0.4037
vn -0.1129 0.8682 -0.4833
vn -0.1550 0.9324 -0.3266
vn -0.0510 0.9462 -0.3195
vn 0.0520 0.9440 -0.3260
vn 0.0483 0.9090 -0.4141
vn 0.2632 0.8698 -0.4173
vn 0.1521 0.8974 -0.4141
vn 0.2434 0.9216 -0.3023
vn 0.0928 0.8705 -0.4833
vn 0.2147 0.8584 -0.4658
vn -0.6196 0.6445 -0.4481
vn -0.4833 0.6979 -0.5286
vn -0.9999 -0.0113 0.0043
vn -1.0000 -0.0030 0.0026
vn -0.9999 -0.0114 0.0040
vn -0.6766 -0.6463 0.3529
vn 0.0381 -0.8811 0.4713
vn -0.4080 -0.7775 0.4785
vn 0.0916 -0.8570 0.5071
vn 0.1523 -0.8215 0.5496
vn -1.0000 -0.0062 0.0066
vn 0.2198 -0.7247 0.6531
vn 0.2229 -0.7303 0.6457
vn 0.2227 -0.7307 0.6454
vn -0.8152 -0.4754 0.3307
vn -1.0000 -0.0002 0.0008
vn -1.0000 -0.0002 -0.0000
vn -0.9697 -0.2130 0.1199
vn -0.9698 -0.2161 0.1128
vn -0.9701 -0.2168 0.1089
vn -0.9893 -0.1257 0.0742
vn -0.9888 -0.1339 0.0666
vn -0.9896 -0.1246 0.0725
vn -0.5900 -0.7093 0.3858
vn -0.8118 -0.5242 0.2572
vn -0.8084 -0.5245 0.2670
vn -0.8085 -0.5281 0.2596
vn 0.1844 -0.8841 0.4294
vn -0.7653 0.5837 -0.2714
vn -0.7648 0.5838 -0.2725
vn -0.7618 0.5862 -0.2758
vn 1.0000 -0.0006 0.0003
vn 1.0000 0.0005 -0.0009
vn 1.0000 0.0012 -0.0001
vn 0.7855 -0.4836 0.3862
vn 0.8988 -0.3274 0.2916
vn 0.5798 -0.6689 0.4653
vn 0.5945 -0.6371 0.4907
vn 0.2400 -0.7181 0.6532
vn 0.0737 -0.7742 0.6286
vn 0.6381 -0.6970 0.3271
vn 0.9976 -0.0641 0.0249
vn 0.8092 -0.5351 0.2428
vn 0.3154 -0.8534 0.4150
vn -0.0222 -0.8439 0.5360
vn 0.0694 -0.8266 0.5585
vn 0.9853 -0.1584 0.0640
vn 0.9980 -0.0529 0.0351
vn 0.9975 -0.0641 0.0303
vn 0.9979 -0.0591 0.0266
vn -0.1755 -0.8782 0.4449
vn 0.9997 -0.0259 -0.0005
vn 0.9577 -0.2806 0.0641
vn 0.6171 -0.7225 0.3117
vn 0.5939 -0.7545 0.2794
vn -0.5168 0.6516 -0.5552
vn -0.2624 0.7954 -0.5464
vn -0.1843 0.8288 -0.5283
vn -0.1596 0.7941 -0.5865
vn -0.2446 0.7357 -0.6316
vn -0.0005 0.7746 -0.6325
vn 0.0641 0.7856 -0.6154
vn 0.1252 0.8212 -0.5567
vn 0.1744 0.7586 -0.6278
vn 0.2631 0.7929 -0.5496
vn 0.4723 0.7116 -0.5201
vn 0.2652 0.7449 -0.6122
vn 0.7895 0.4825 -0.3793
vn 0.7831 0.5266 -0.3308
vn 0.9555 0.2424 -0.1679
vn 0.7784 0.4722 -0.4137
vn 0.0521 0.7563 -0.6521
vn -0.3086 0.7527 -0.5816
vn -0.3092 0.7526 -0.5814
vn -0.3154 0.7522 -0.5785
vn 0.6411 -0.5986 0.4803
vn -0.1124 0.7981 -0.5920
vn -0.1089 0.7762 -0.6210
vn -0.1012 0.7774 -0.6208
vn -0.1090 0.7765 -0.6206
vn 0.0350 0.8471 -0.5303
vn 0.0121 0.8295 -0.5583
vn 0.0128 0.8297 -0.5580
vn 0.0061 0.8277 -0.5611
vn -0.1313 -0.8504 0.5095
vn -0.5722 -0.6855 0.4501
vn -0.0902 0.8372 -0.5394
vn -0.0836 0.8381 -0.5391
vn -0.0838 0.8375 -0.5400
vn -0.0102 0.8756 -0.4830
vn -0.0126 0.8808 -0.4733
vn -0.0151 0.8793 -0.4761
vn -0.0286 0.8600 -0.5095
vn -0.0031 0.8523 -0.5231
vn -0.2169 -0.7747 0.5939
vn 0.6313 -0.6448 0.4309
vn -0.2223 -0.8427 0.4904
vn -0.2055 -0.9035 0.3762
vn -0.2099 -0.8693 0.4475
vn -0.2008 -0.8728 0.4450
vn -0.2061 -0.8709 0.4461
vn -0.2023 -0.8740 0.4419
vn 0.0918 -0.8756 0.4741
vn 1.0000 0.0008 0.0018
vn 0.9104 0.3598 -0.2043
vn 0.6278 -0.7396 0.2424
vn 0.1771 -0.9094 0.3763
vn 0.9008 0.3884 -0.1942
vn 1.0000 -0.0010 -0.0026
vn 0.7594 0.5841 -0.2865
vn 0.6225 0.6541 -0.4297
vn 0.6094 0.7469 -0.2659
vn 0.6354 0.6709 -0.3823
vn 0.4745 0.7570 -0.4491
vn 0.4653 0.8053 -0.3674
vn 0.4832 0.8240 -0.2959
vn 0.7707 0.6014 -0.2105
vn 1.0000 -0.0082 0.0014
vn 1.0000 -0.0077 0.0029
vn 1.0000 -0.0080 0.0020
vn 0.2118 0.8330 -0.5111
vn 0.2120 0.8331 -0.5109
vn 0.2202 0.8340 -0.5060
vn 0.4706 0.7546 -0.4572
vn -0.9983 0.0449 -0.0361
vn -0.9984 0.0405 -0.0404
vn -0.9983 0.0452 -0.0357
vn -0.0586 0.9967 0.0562
vn -0.0494 0.9969 0.0611
vn -0.0409 0.9977 0.0540
vn -0.9986 0.0361 -0.0382
vn -0.9983 0.0358 -0.0461
vn -0.9986 0.0356 -0.0383
vn -0.9987 0.0328 -0.0380
vn -0.9986 0.0402 -0.0353
vn -0.9986 0.0400 -0.0350
vn -1.0000 0.0022 0.0008
vn -0.9985 0.0472 -0.0275
vn -0.9986 0.0412 -0.0323
vn -0.9988 0.0443 -0.0216
vn -0.7558 0.3553 -0.5500
vn -0.9997 0.0227 -0.0097
vn -0.9995 0.0302 -0.0071
vn -0.9989 0.0449 -0.0155
vn -0.9991 0.0425 -0.0070
vn 0.1657 0.9856 -0.0327
vn 0.0920 0.9955 -0.0215
vn 0.1238 0.9891 -0.0797
vn 0.9988 0.0409 -0.0257
vn 0.9993 0.0289 -0.0253
vn 0.9992 0.0238 -0.0321
vn 0.9999 0.0129 -0.0099
vn 0.9998 0.0180 -0.0041
vn 0.9999 0.0135 -0.0106
vn 0.9991 0.0260 -0.0344
vn 0.9991 0.0259 -0.0343
vn 0.9991 0.0258 -0.0343
vn 0.9972 0.0510 -0.0539
vn 0.9976 0.0501 -0.0468
vn 0.9980 0.0509 -0.0382
vn 0.9986 0.0412 -0.0327
vn 0.9986 0.0413 -0.0324
vn 0.9986 0.0412 -0.0326
vn 0.9987 0.0144 0.0488
vn 0.9982 0.0236 0.0548
vn 0.9987 0.0208 0.0468
vn 0.1272 0.2250 -0.9660
vn 0.0730 0.2423 -0.9674
vn 0.9989 0.0303 0.0347
vn 0.9986 0.0229 0.0474
vn 0.9991 0.0276 0.0315
vn 0.9972 0.0500 -0.0552
vn 0.1099 0.3231 -0.9400
vn 0.9988 0.0446 -0.0190
vn 0.9985 0.0465 -0.0295
vn 0.9986 0.0496 -0.0207
vn 0.9986 0.0451 -0.0278
vn 0.9986 0.0449 -0.0279
vn 0.5977 0.3148 -0.7373
vn 0.3236 0.3823 -0.8655
vn 0.6732 0.3263 -0.6636
vn 0.8446 0.3070 -0.4387
vn 0.9638 0.2068 -0.1685
vn 0.7668 0.3154 -0.5590
vn 0.9999 0.0120 -0.0091
vn 0.9968 0.0791 0.0064
vn 0.9966 0.0820 -0.0021
vn 0.9970 0.0778 0.0052
vn 0.9957 0.0913 0.0126
vn 0.9958 0.0908 0.0123
vn 0.9958 0.0911 0.0125
vn 0.9833 0.1657 0.0758
vn 0.9830 0.1709 0.0668
vn 0.9829 0.1717 0.0663
vn 0.9873 0.1360 0.0826
vn 0.9879 0.1365 0.0739
vn 0.9875 0.1390 0.0740
vn 0.9953 0.0961 0.0076
vn 0.9722 0.1527 0.1777
vn 0.9572 0.2360 0.1678
vn 0.9796 0.1492 0.1349
vn 0.8684 0.4114 0.2769
vn 0.8653 0.4985 0.0531
vn 0.9626 0.2609 0.0728
vn 0.4318 0.9015 0.0281
vn 0.6328 0.7743 0.0089
vn 0.2369 0.9698 -0.0587
vn 0.5923 0.6424 0.4863
vn 0.0878 0.9954 -0.0374
vn 0.0393 0.7603 0.6483
vn 0.1922 0.7643 0.6156
vn 0.9983 0.0493 0.0295
vn 0.9992 0.0379 0.0088
vn 0.9980 0.0528 0.0361
vn 0.9961 0.0727 0.0491
vn 0.9962 0.0721 0.0489
vn 0.9969 0.0687 0.0373
vn 0.9402 0.1661 0.2973
vn 0.8244 0.2153 0.5235
vn 0.1907 0.2020 0.9606
vn 0.5270 0.2377 0.8159
vn 0.6560 0.2933 0.6954
vn 0.9122 0.1621 0.3764
vn 0.2994 0.3099 0.9024
vn 0.1337 0.1521 0.9793
vn 0.0551 0.2078 0.9766
vn 0.9988 0.0384 0.0314
vn 0.9988 0.0372 0.0331
vn 0.9987 0.0395 0.0307
vn 0.9986 0.0373 0.0375
vn 0.9985 0.0432 0.0341
vn 0.9988 0.0412 0.0266
vn 0.0631 0.2242 0.9725
vn 0.0809 0.2481 0.9654
vn 0.0962 0.2640 0.9597
vn 0.0881 0.2499 0.9643
vn 0.9987 0.0387 0.0324
vn 0.9987 0.0384 0.0327
vn 0.9987 0.0383 0.0329
vn 0.9988 0.0422 0.0247
vn 0.9988 0.0422 0.0246
vn 0.9988 0.0423 0.0251
vn 0.9984 0.0492 0.0267
vn 0.9988 0.0426 0.0246
vn 0.9988 0.0426 0.0229
vn 0.9992 0.0257 0.0299
vn 0.9988 0.0360 0.0332
vn 0.9984 0.0409 0.0385
vn 0.9889 0.1035 0.1064
vn 0.9939 0.0913 0.0611
vn 0.2059 0.5185 -0.8299
vn 0.4358 0.5775 -0.6903
vn 0.9048 0.4258 -0.0066
vn 0.9855 0.1587 0.0606
vn 0.9390 0.2660 0.2181
vn -1.0000 -0.0008 -0.0015
vn -0.9233 -0.3774 0.0714
vn -1.0000 -0.0012 0.0004
vn -1.0000 -0.0010 -0.0009
vn -1.0000 0.0009 0.0007
vn -0.9969 0.0723 -0.0302
vn -0.9972 0.0681 -0.0313
vn -0.9970 0.0713 -0.0311
vn -1.0000 -0.0087 0.0021
vn -1.0000 -0.0086 0.0051
vn -1.0000 -0.0009 -0.0018
vn -0.6239 -0.7697 0.1351
vn -1.0000 0.0001 -0.0083
vn -0.7066 -0.7009 0.0977
vn -1.0000 -0.0045 -0.0008
vn -1.0000 -0.0034 -0.0009
vn -1.0000 -0.0041 -0.0009
vn -1.0000 -0.0051 0.0004
vn -1.0000 -0.0058 -0.0001
vn -1.0000 -0.0052 0.0003
vn -0.9999 -0.0091 -0.0102
vn -0.9999 -0.0081 -0.0102
vn -0.9999 -0.0083 -0.0103
vn -1.0000 -0.0065 0.0027
vn -0.2324 0.6434 -0.7294
vn -0.7922 0.5420 -0.2805
vn -0.8019 0.5824 0.1330
vn -0.1317 0.9912 0.0115
vn -0.4059 0.8116 0.4201
vn -0.6807 0.7249 0.1059
vn -0.4740 0.8225 -0.3142
vn -0.2868 0.7440 -0.6035
vn 0.7357 0.4052 -0.5428
vn 1.0000 0.0041 -0.0005
vn 0.7817 0.5365 -0.3180
vn 0.7683 0.6370 -0.0634
vn 0.2049 0.8815 -0.4254
vn 0.4291 0.8811 0.1988
vn 0.7658 0.5936 0.2472
vn 0.6933 0.5909 -0.4125
vn 0.5849 0.7984 -0.1429
vn 0.9629 -0.2655 0.0479
vn 1.0000 -0.0002 -0.0001
vn 0.9930 -0.1114 0.0390
vn 0.9934 -0.1090 0.0360
vn 0.9926 -0.1134 0.0433
vn 0.9947 -0.0981 0.0318
vn 0.9949 -0.0969 0.0285
vn 0.9949 -0.0978 0.0265
vn 1.0000 -0.0001 0.0011
vn 0.5998 -0.7937 0.1012
vn 0.6193 -0.7589 0.2014
vn 0.3602 -0.9221 0.1413
vn 0.5399 -0.8270 0.1570
vn 0.5981 -0.7971 0.0828
vn 0.9949 -0.1009 -0.0055
vn 0.9942 -0.1074 -0.0104
vn 0.9941 -0.1081 0.0005
vn 0.6281 -0.7728 -0.0903
vn -0.1320 -0.9412 0.3109
vn 0.9630 0.2525 -0.0937
vn 0.6326 -0.7288 0.2621
vn 0.8565 -0.4864 0.1725
vn 0.6413 -0.7318 0.2305
vn 0.9968 0.0683 -0.0422
vn 0.9956 0.0751 -0.0567
vn 0.9966 0.0663 -0.0493
vn -0.8280 -0.5376 0.1596
vn -0.7612 -0.5885 0.2724
vn -0.3184 -0.8892 0.3286
vn -0.6495 -0.7187 0.2484
vn -0.3047 -0.7736 0.5557
vn -0.1575 -0.9032 0.3992
vn -0.9522 0.2896 -0.0977
vn -0.4530 0.8629 -0.2241
vn -0.2427 0.9221 -0.3015
vn -0.2766 0.9408 -0.1958
vn -0.1994 0.9422 -0.2693
vn -0.1994 0.9422 -0.2694
vn -0.1967 0.9402 -0.2781
vn -0.6131 0.7719 -0.1682
vn -0.6052 0.7586 -0.2413
vn -0.8123 0.5619 -0.1563
vn -0.7603 0.6368 -0.1279
vn -0.4518 0.8788 -0.1537
vn -0.6102 0.7837 -0.1158
vn -0.9396 0.3395 -0.0431
vn -1.0000 -0.0087 -0.0004
vn -1.0000 -0.0085 -0.0005
vn -1.0000 -0.0086 -0.0005
vn -0.6201 -0.7730 0.1341
vn -0.4422 -0.8693 0.2210
vn 0.1819 -0.9509 0.2503
vn 0.2162 -0.9707 0.1048
vn -0.2646 -0.9610 -0.0809
vn 0.1843 -0.9772 0.1051
vn 0.0972 -0.9865 0.1317
vn -0.8119 -0.5389 0.2246
vn 0.2255 -0.9245 0.3072
vn 0.2254 -0.9248 0.3064
vn 0.2255 -0.9247 0.3066
vn -0.1371 0.9675 -0.2124
vn -0.0548 0.9718 -0.2295
vn 0.1460 0.9392 -0.3108
vn 0.4644 0.8555 -0.2290
vn 0.6344 0.7274 -0.2616
vn 0.6139 0.7640 -0.1988
vn 0.6748 0.7081 -0.2081
vn 0.4648 0.8648 -0.1898
vn 0.2611 0.9395 -0.2216
vn 0.1519 0.9626 -0.2243
vn 0.0475 0.9701 -0.2379
vn 0.1555 0.9688 -0.1931
vn 0.2146 0.9594 -0.1830
vn 0.2138 0.9595 -0.1832
vn 0.2131 0.9597 -0.1831
vn 0.2781 0.9524 -0.1250
vn 0.4821 0.8643 -0.1437
vn 1.0000 -0.0047 0.0031
vn 0.0204 -0.9724 0.2324
vn 0.8574 0.4862 -0.1687
vn 0.8494 0.5082 -0.1422
vn 0.7635 0.6316 -0.1348
vn 0.0393 0.9916 -0.1233
vn -0.0273 0.9862 -0.1635
vn 0.1135 0.9765 -0.1833
vn 0.1140 0.9764 -0.1835
vn 0.1122 0.9766 -0.1832
vn -0.2580 0.9572 -0.1314
vn -0.1666 0.9715 -0.1687
vn -0.1301 -0.9637 0.2332
vn 0.0854 -0.9963 -0.0036
vn -0.2160 -0.9721 0.0916
vn -0.2200 -0.9747 -0.0398
vn 0.1428 -0.9856 0.0900
vn 0.6541 -0.7563 0.0141
vn 0.9763 0.2162 -0.0008
vn 0.8442 0.5306 -0.0761
vn 0.9999 -0.0133 -0.0009
vn 0.9999 -0.0131 0.0041
vn 0.9999 -0.0135 0.0030
vn 1.0000 -0.0057 0.0078
vn 0.9999 -0.0101 0.0059
vn 0.9999 -0.0088 0.0069
vn 1.0000 -0.0029 -0.0015
vn 1.0000 -0.0050 -0.0003
vn 1.0000 -0.0055 0.0007
vn 0.4366 0.8942 -0.0990
vn 0.4845 0.8743 0.0293
vn 0.7595 0.6495 0.0354
vn 0.4251 0.9050 -0.0169
vn 0.6352 0.7714 -0.0377
vn 0.6348 0.7717 -0.0377
vn 0.6347 0.7719 -0.0378
vn 0.8375 0.5464 -0.0074
vn 0.9643 0.2645 0.0116
vn -0.9550 0.2954 -0.0285
vn -0.7987 0.6005 -0.0383
vn -0.8418 0.5398 -0.0046
vn -0.8971 0.4414 0.0183
vn -0.2257 -0.9734 -0.0384
vn -0.2628 -0.9646 -0.0221
vn -0.6574 -0.7475 -0.0959
vn 0.2277 -0.9730 0.0387
vn 0.2236 -0.9742 0.0288
vn 0.2285 -0.9729 0.0351
vn -0.2842 -0.9533 -0.1023
vn -0.4751 0.8775 -0.0651
vn -0.5994 0.8004 -0.0093
vn -0.2623 0.9645 -0.0306
vn -0.1793 0.9834 -0.0288
vn -0.1085 0.9892 -0.0984
vn -0.1086 0.9892 -0.0984
vn -0.1086 0.9892 -0.0985
vn -0.1828 0.9830 0.0193
vn -0.1206 0.9927 -0.0005
vn -0.1149 0.9934 -0.0019
vn -0.0004 1.0000 -0.0011
vn 0.0070 1.0000 -0.0037
vn 0.0162 0.9982 0.0583
vn 0.0441 0.9988 0.0205
vn 0.0895 0.9942 -0.0603
vn 0.1795 0.9833 0.0302
vn 0.2222 0.9742 -0.0408
vn 0.1451 0.9862 -0.0802
vn -0.1050 0.9892 -0.1024
vn -0.0455 0.9918 -0.1191
vn -0.1133 0.9890 -0.0946
vn -0.0007 0.9949 -0.1012
vn -0.4613 0.8870 0.0210
vn 0.2526 0.9664 0.0478
vn 0.0042 -0.9705 0.2409
vn 0.0042 -0.9706 0.2407
vn 0.0034 -0.9702 0.2424
vn -0.0803 -0.9644 0.2520
vn -0.0803 -0.9619 0.2612
vn -0.0754 -0.9637 0.2560
vn -0.4050 0.8178 -0.4088
vn -1.0000 0.0011 -0.0042
vn -1.0000 0.0014 -0.0050
vn -1.0000 0.0017 -0.0054
vn -1.0000 0.0091 -0.0013
vn -1.0000 0.0092 -0.0016
vn -0.9999 0.0087 -0.0090
vn 0.1213 0.8704 -0.4772
vn -0.5975 0.6886 -0.4108
vn -0.6278 0.6488 -0.4301
vn 0.1692 0.7908 -0.5882
vn -0.9284 -0.3309 0.1691
vn -0.7504 -0.5797 0.3176
vn -0.9318 -0.3217 0.1680
vn -1.0000 0.0078 -0.0048
vn -1.0000 0.0076 -0.0049
vn -0.9999 0.0144 -0.0014
vn -0.8597 -0.4062 0.3098
vn -0.7598 -0.5287 0.3784
vn -0.8354 -0.4250 0.3486
vn -0.4810 -0.7101 0.5142
vn -0.4667 -0.6747 0.5718
vn -0.4135 -0.8211 0.3934
vn -0.4312 -0.7904 0.4351
vn -0.6053 -0.6938 0.3901
vn -0.6415 -0.6967 0.3211
vn -0.6414 -0.6968 0.3212
vn -0.7943 -0.5070 0.3347
vn -0.4688 -0.7449 0.4747
vn -0.6370 -0.5726 0.5161
vn -0.6372 -0.5723 0.5162
vn -0.4551 -0.6366 0.6225
vn -0.9209 -0.2703 0.2807
vn -0.9999 0.0153 -0.0070
vn -0.9994 0.0327 0.0128
vn -0.4922 0.6938 -0.5257
vn 0.2184 0.6865 -0.6936
vn -1.0000 0.0088 -0.0032
vn -1.0000 0.0077 0.0034
vn -1.0000 0.0074 0.0034
vn 0.2139 0.8878 -0.4075
vn 0.2137 0.8886 -0.4059
vn 0.2140 0.8883 -0.4065
vn -0.6856 0.6580 -0.3113
vn -0.2291 0.8853 -0.4046
vn 0.1354 0.8490 -0.5107
vn 0.1006 0.8293 -0.5497
vn 0.0919 0.8253 -0.5572
vn -0.2400 0.8520 -0.4652
vn -0.5867 0.6574 -0.4729
vn -0.3258 0.7165 -0.6168
vn 0.1632 0.7696 -0.6173
vn -0.3194 0.6873 -0.6524
vn -0.3096 0.6629 -0.6816
vn -0.5042 0.5804 -0.6395
vn -0.7094 0.3732 -0.5978
vn -1.0000 -0.0000 -0.0008
vn -1.0000 0.0024 -0.0028
vn -0.9983 -0.0103 0.0576
vn -0.7007 -0.1605 0.6952
vn -0.7596 -0.0662 0.6470
vn -0.7695 -0.4128 0.4873
vn -0.6958 -0.2323 0.6796
vn -0.4008 -0.1749 0.8993
vn -0.3311 -0.4232 0.8434
vn -0.8468 -0.4931 0.1995
vn -0.4808 -0.6855 0.5468
vn -0.7406 -0.3197 0.5909
vn -0.7039 -0.6934 0.1539
vn -0.2907 -0.8866 0.3598
vn -0.9184 -0.2752 0.2842
vn -0.8246 -0.1175 0.5534
vn -0.9735 -0.0919 0.2096
vn -0.4512 -0.0512 0.8909
vn -0.3776 0.8572 -0.3501
vn -0.9607 0.2677 -0.0734
vn -0.5176 0.7811 -0.3493
vn -0.8657 0.4401 -0.2386
vn -0.1209 0.8277 -0.5480
vn -0.4684 0.7853 -0.4048
vn -0.2483 -0.8400 0.4825
vn -0.1901 -0.8803 0.4346
vn -0.1935 -0.8290 0.5247
vn -0.0415 -0.9027 0.4282
vn 0.0613 -0.8903 0.4513
vn 0.1682 -0.8833 0.4376
vn 0.2428 -0.8371 0.4902
vn 0.4611 -0.8031 0.3774
vn 0.6055 -0.7005 0.3776
vn 0.6258 -0.7138 0.3144
vn 0.6263 -0.7094 0.3234
vn 0.6231 -0.7090 0.3303
vn 0.7747 -0.5488 0.3140
vn 0.9324 -0.3381 0.1280
vn 0.5381 -0.7299 0.4216
vn 0.7799 -0.5172 0.3526
vn 0.3073 -0.7944 0.5238
vn 0.3056 -0.7990 0.5180
vn 0.3112 -0.7956 0.5198
vn 0.1691 -0.8257 0.5382
vn 0.0496 -0.8354 0.5474
vn -0.0370 -0.8435 0.5359
vn -0.2581 -0.7886 0.5581
vn -0.1524 -0.8130 0.5619
vn -0.2565 -0.7523 0.6069
vn -0.1647 -0.7540 0.6359
vn -0.0550 -0.7277 0.6837
vn -0.1411 -0.7129 0.6869
vn -0.0750 -0.7491 0.6582
vn -0.2292 -0.7226 0.6522
vn -0.2211 -0.7235 0.6540
vn -0.2133 -0.7282 0.6513
vn -0.2725 -0.6848 0.6759
vn 0.0658 -0.7389 0.6706
vn 0.0180 -0.7588 0.6511
vn 0.0214 -0.7655 0.6431
vn 0.0165 -0.7583 0.6517
vn 0.0748 -0.8057 0.5876
vn 0.1657 -0.7676 0.6192
vn -0.1275 -0.7925 0.5964
vn -0.1336 -0.7941 0.5930
vn -0.1269 -0.7922 0.5969
vn -0.0139 -0.8199 0.5724
vn 0.2628 -0.7652 0.5877
vn 0.4809 -0.7109 0.5132
vn 0.4690 -0.6744 0.5703
vn 0.7914 -0.4670 0.3945
vn 0.9650 -0.2227 0.1385
vn 0.9494 -0.2757 0.1503
vn 0.5959 0.6694 -0.4436
vn 1.0000 0.0063 -0.0020
vn 1.0000 0.0063 -0.0021
vn 0.2680 -0.6938 0.6684
vn 0.4900 -0.6296 0.6030
vn 0.1794 -0.7006 0.6907
vn 0.8065 -0.4264 0.4095
vn 0.9320 -0.2487 0.2636
vn -0.1184 -0.8715 0.4760
vn -0.1064 -0.8691 0.4830
vn -0.1085 -0.8652 0.4896
vn -0.1186 -0.8711 0.4766
vn -0.1109 -0.8650 0.4894
vn -0.1125 -0.8697 0.4806
vn 1.0000 0.0006 -0.0042
vn 1.0000 0.0079 0.0015
vn 0.9999 0.0150 0.0031
vn 0.9999 0.0162 0.0030
vn 0.1572 0.8914 -0.4250
vn 0.5597 0.7477 -0.3573
vn 0.8598 0.4578 -0.2262
vn 0.9973 0.0610 -0.0399
vn 0.6097 0.6601 -0.4388
vn 0.8147 0.5123 -0.2716
vn 0.2787 0.8693 -0.4082
vn 0.2900 0.8744 -0.3891
vn 0.0240 0.9104 -0.4131
vn 0.4392 0.8065 -0.3957
vn 0.4358 0.8094 -0.3936
vn 0.4423 0.8085 -0.3883
vn 0.6372 0.6169 -0.4620
vn 1.0000 0.0091 -0.0032
vn 1.0000 0.0018 -0.0059
vn 1.0000 0.0089 -0.0025
vn 1.0000 -0.0014 -0.0081
vn 0.9999 0.0068 -0.0080
vn 1.0000 -0.0015 -0.0077
vn 0.8390 -0.4357 0.3260
vn 1.0000 -0.0067 -0.0048
vn 1.0000 0.0002 -0.0011
vn 0.8503 -0.4986 0.1685
vn 0.5033 -0.5915 0.6300
vn 0.9999 -0.0050 0.0156
vn 0.9999 -0.0058 0.0159
vn 0.9999 -0.0047 0.0155
vn 0.9995 -0.0069 0.0324
vn 0.9993 -0.0043 0.0361
vn 0.9993 -0.0121 0.0343
vn 1.0000 0.0016 0.0007
vn 1.0000 -0.0005 0.0014
vn 0.6248 0.5296 -0.5737
vn 1.0000 0.0002 -0.0009
vn 0.9750 0.1638 -0.1502
vn 0.9760 0.1579 -0.1496
vn 0.9758 0.1598 -0.1490
vn 0.9962 0.0682 -0.0540
vn 0.9962 0.0684 -0.0530
vn 0.9962 0.0692 -0.0525
vn 0.9546 0.2477 -0.1657
vn 0.9553 0.2491 -0.1593
vn 0.9552 0.2488 -0.1604
vn 0.3670 0.7826 -0.5027
vn -0.2040 0.8190 -0.5362
vn 0.8496 0.4473 -0.2796
vn 0.8421 0.4481 -0.3001
vn 0.3906 0.7543 -0.5277
vn -0.2097 0.7781 -0.5922
vn 0.2420 0.7670 -0.5942
vn -0.1508 0.7476 -0.6468
vn -0.1372 0.8254 -0.5477
vn -0.1986 0.8123 -0.5484
vn -0.1984 0.8126 -0.5480
vn -0.1984 0.8125 -0.5481
vn -0.0788 0.7083 -0.7015
vn -0.1954 0.7361 -0.6481
vn -0.0567 0.7670 -0.6391
vn -0.2100 0.6955 -0.6871
vn -0.4467 0.6683 -0.5948
vn -0.1620 0.7352 -0.6582
vn 0.0827 0.7855 -0.6134
vn 0.9524 0.2512 -0.1729
vn 0.9530 0.2505 -0.1703
vn 0.9554 0.2430 -0.1679
vn 1.0000 0.0001 -0.0012
vn 0.1126 -0.4452 0.8883
vn 0.4574 -0.4687 0.7557
vn 0.2881 -0.2611 0.9213
vn 0.0410 -0.3084 0.9504
vn 0.0622 -0.2833 0.9570
vn 0.0550 -0.2788 0.9588
vn 0.4501 -0.0869 0.8888
vn 0.1857 -0.1557 0.9702
vn 0.8782 -0.0846 0.4707
vn 0.9992 -0.0219 0.0327
vn 0.9998 -0.0076 0.0194
vn 0.9999 -0.0064 0.0155
vn 0.9998 -0.0073 0.0201
vn 0.6447 -0.7405 -0.1896
vn 0.3919 -0.9098 -0.1366
vn 0.7476 -0.6210 -0.2355
vn 0.0421 -0.9990 0.0152
vn 0.0811 -0.9964 0.0246
vn 0.0825 -0.9958 0.0389
vn 0.3527 -0.9057 0.2352
vn 0.7034 -0.6923 0.1611
vn 0.8117 -0.4193 0.4066
vn 0.9544 -0.2827 0.0954
vn 0.8384 -0.5383 -0.0858
vn 0.3839 -0.8770 -0.2890
vn 0.6886 -0.6495 -0.3225
vn 0.3533 -0.7674 0.5350
vn 0.8114 -0.1980 0.5500
vn 0.5686 -0.1419 0.8103
vn -0.7651 -0.6397 -0.0736
vn -0.3031 -0.9173 -0.2581
vn -0.7040 -0.6718 -0.2305
vn -0.3932 -0.9140 -0.1000
vn -0.0370 -0.9937 0.1057
vn -0.0755 -0.9948 0.0687
vn -0.0465 -0.9947 0.0914
vn -0.7755 -0.6179 -0.1298
vn -0.5937 -0.7448 -0.3047
vn -0.9524 0.2684 -0.1446
vn -0.9524 0.2681 -0.1447
vn -0.9520 0.2697 -0.1447
vn -0.6001 0.6287 -0.4945
vn -0.9858 0.1353 -0.0992
vn -0.9869 0.1274 -0.0991
vn -0.9859 0.1351 -0.0989
vn -0.9977 -0.0632 0.0227
vn -0.9973 -0.0700 0.0207
vn -0.9972 -0.0460 0.0590
vn -0.9970 -0.0462 0.0620
vn -0.9969 -0.0469 0.0637
vn -0.9969 -0.0488 0.0616
vn -0.9969 -0.0503 0.0599
vn -0.9960 -0.0554 0.0695
vn 0.9852 -0.0455 0.1652
vn 0.9977 -0.0494 0.0470
vn 0.9971 -0.0557 0.0514
vn 0.9971 -0.0556 0.0514
vn -0.1950 0.4184 -0.8871
vn -0.5438 0.3505 -0.7625
vn 0.1492 0.4438 -0.8836
vn -1.0000 -0.0004 -0.0009
vn -1.0000 0.0001 -0.0000
vn -1.0000 0.0026 -0.0027
vn -1.0000 0.0005 0.0012
vn 0.0741 0.6651 -0.7430
vn -0.9545 0.1964 -0.2244
vn -0.9538 0.2012 -0.2232
vn -0.9545 0.1978 -0.2233
vn -0.8972 0.2475 -0.3658
vn -0.8947 0.2535 -0.3677
vn -0.8967 0.2551 -0.3618
vn 0.1560 0.6513 -0.7426
vn 0.0152 0.7069 -0.7071
vn -0.2111 0.6639 -0.7174
vn -0.6792 0.4478 -0.5816
vn 0.0842 0.6679 -0.7394
vn -0.9999 0.0072 -0.0088
vn -0.9998 0.0089 -0.0194
vn -0.8469 -0.3107 0.4316
vn -0.8063 -0.3840 0.4500
vn -0.7077 -0.4894 0.5095
vn -0.6613 -0.4477 0.6019
vn -1.0000 -0.0008 -0.0059
vn -1.0000 -0.0011 -0.0067
vn -1.0000 -0.0010 -0.0062
vn -0.9999 0.0047 -0.0100
vn -0.9999 0.0052 -0.0098
vn -1.0000 -0.0000 -0.0034
vn -0.9999 0.0045 -0.0148
vn -1.0000 0.0063 -0.0073
vn -1.0000 0.0058 -0.0063
vn -0.7665 -0.2917 0.5721
vn -1.0000 0.0002 -0.0072
vn -1.0000 0.0007 -0.0067
vn -1.0000 0.0015 -0.0063
vn -0.6509 -0.4062 0.6413
vn -0.6231 -0.4101 0.6660
vn -0.4861 -0.5793 0.6543
vn -0.1704 -0.6751 0.7178
vn -0.0464 -0.6838 0.7282
vn -0.2655 -0.6470 0.7148
vn 0.0625 -0.6073 0.7920
vn 0.0562 -0.6908 0.7208
vn -0.0557 -0.5821 0.8112
vn -0.2584 -0.5851 0.7687
vn -0.4871 -0.5272 0.6963
vn -1.0000 0.0003 -0.0014
vn -1.0000 -0.0035 -0.0078
vn -1.0000 -0.0029 -0.0047
vn -0.1793 -0.5799 0.7947
vn -0.1201 -0.6373 0.7612
vn -0.1211 -0.6382 0.7603
vn -0.1282 -0.6370 0.7601
vn -0.1635 -0.5214 0.8375
vn -0.2494 -0.5090 0.8239
vn -0.4589 -0.4839 0.7451
vn 0.1584 -0.6340 0.7570
vn 0.2716 -0.6398 0.7189
vn -0.4629 -0.4282 0.7761
vn -0.2578 -0.4274 0.8665
vn 0.0629 -0.5348 0.8427
vn -0.0856 -0.5414 0.8364
vn 0.0093 -0.4765 0.8791
vn 0.0088 -0.4765 0.8791
vn 0.0078 -0.4765 0.8792
vn -0.1135 -0.4767 0.8717
vn 0.0565 -0.4406 0.8959
vn -0.0338 -0.4215 0.9062
vn 0.0577 -0.3837 0.9216
vn -0.0583 -0.3639 0.9296
vn -0.1047 -0.4778 0.8722
vn -0.0977 -0.4773 0.8733
vn -0.0979 -0.4750 0.8745
vn -0.1871 -0.4322 0.8822
vn -0.2579 -0.3604 0.8964
vn -0.4469 -0.3963 0.8020
vn -0.6143 -0.3495 0.7075
vn -0.9247 -0.1890 0.3305
vn -0.9999 0.0121 -0.0089
vn -0.0921 0.4381 -0.8942
vn -0.2884 0.4949 -0.8197
vn 0.1632 0.5935 -0.7881
vn 0.2219 0.4956 -0.8397
vn 0.1050 0.5750 -0.8114
vn 0.0537 0.5664 -0.8224
vn -0.2282 0.5445 -0.8071
vn -0.3065 0.4634 -0.8315
vn 0.2195 0.3670 -0.9039
vn 0.2204 0.4163 -0.8821
vn -1.0000 0.0007 -0.0088
vn -0.9999 0.0087 -0.0117
vn -0.9999 0.0070 -0.0131
vn -0.8535 -0.2288 0.4682
vn -0.7563 -0.2941 0.5844
vn -0.8446 -0.1702 0.5077
vn -0.6228 -0.3001 0.7225
vn -0.4603 -0.3570 0.8129
vn -0.5913 -0.2984 0.7492
vn 0.4802 -0.5980 0.6417
vn 0.6163 -0.5031 0.6059
vn 0.7300 -0.4644 0.5014
vn 0.6393 -0.5027 0.5819
vn 0.9197 -0.2489 0.3037
vn 0.9448 -0.1804 0.2734
vn 0.9999 0.0070 -0.0095
vn 0.9999 0.0065 -0.0096
vn 0.9999 0.0062 -0.0097
vn -0.2221 0.6447 -0.7315
vn 1.0000 0.0014 -0.0053
vn -0.2087 0.6054 -0.7681
vn -0.2330 0.6433 -0.7293
vn 0.3825 0.5073 -0.7723
vn 0.0595 0.5137 -0.8559
vn -0.2176 0.5266 -0.8218
vn -0.1973 0.5166 -0.8332
vn -0.1989 0.5153 -0.8336
vn -0.2010 0.5148 -0.8334
vn -0.2280 0.5299 -0.8168
vn -0.2282 0.5299 -0.8168
vn -0.2106 0.5504 -0.8079
vn -0.2093 0.4644 -0.8606
vn 0.4533 0.4374 -0.7767
vn 0.9999 0.0075 -0.0111
vn 1.0000 0.0009 -0.0070
vn 0.2197 0.3552 -0.9086
vn 0.9540 -0.1455 0.2621
vn 0.7671 -0.3359 0.5466
vn 0.7729 -0.2858 0.5665
vn 0.5612 -0.4990 0.6603
vn 0.5591 -0.5030 0.6591
vn 0.5725 -0.4915 0.6563
vn 0.5736 -0.4732 0.6687
vn 0.6501 -0.3917 0.6511
vn 0.5902 -0.4072 0.6970
vn 0.6161 -0.4221 0.6650
vn 0.4557 -0.5580 0.6935
vn 0.4975 -0.4942 0.7129
vn 0.2703 -0.5780 0.7700
vn 0.2576 -0.5071 0.8225
vn 0.1594 -0.5749 0.8025
vn 0.1747 -0.4990 0.8488
vn 0.1568 -0.4344 0.8870
vn 0.2181 -0.4487 0.8666
vn 0.5444 -0.4121 0.7307
vn 0.1644 -0.3478 0.9230
vn 0.2466 -0.3644 0.8980
vn 0.5364 -0.3038 0.7874
vn 0.5722 -0.3211 0.7546
vn 0.2964 -0.3952 0.8694
vn 0.2968 -0.4056 0.8645
vn 0.2969 -0.4055 0.8645
vn 0.3150 -0.4437 0.8390
vn 0.3151 -0.4437 0.8389
vn 0.3154 -0.4436 0.8389
vn 0.6098 -0.3314 0.7200
vn 0.7982 -0.2130 0.5635
vn 0.9321 -0.1540 0.3277
vn 0.5623 -0.2937 0.7730
vn 0.6094 -0.3535 0.7097
vn 0.7820 -0.3603 0.5086
vn 0.5686 -0.4351 0.6981
vn -0.2187 0.3633 -0.9056
vn 0.0381 0.4600 -0.8871
vn 0.5952 0.2996 -0.7456
vn -0.2246 0.4187 -0.8799
vn -0.2293 0.4181 -0.8790
vn -0.2289 0.4180 -0.8791
vn 0.7812 0.2725 -0.5617
vn 0.2724 0.3039 -0.9129
vn 0.7559 0.2817 -0.5910
vn 0.1614 0.4431 -0.8818
vn 0.4632 0.3990 -0.7913
vn 0.9199 0.2157 -0.3275
vn 0.5205 0.4272 -0.7393
vn 0.9930 0.0734 -0.0921
vn 1.0000 0.0010 0.0003
vn 1.0000 0.0002 0.0001
vn 0.5617 0.5123 -0.6497
vn 0.0716 0.6696 -0.7393
vn 0.3377 0.6269 -0.7021
vn -0.1293 0.5877 -0.7987
vn -0.0104 0.6012 -0.7990
vn -1.0000 0.0008 0.0002
vn -0.9999 0.0108 -0.0109
vn -0.9999 0.0103 -0.0048
vn -0.9999 0.0099 -0.0044
vn 0.0508 0.6284 -0.7762
vn -0.2335 0.6061 -0.7604
vn 0.1458 0.5364 -0.8313
vn 0.1852 0.5426 -0.8193
vn -0.3479 0.5298 -0.7734
vn -0.9003 0.2172 -0.3773
vn -0.8841 0.2613 -0.3874
vn -0.8934 0.2608 -0.3657
vn 0.3163 0.6538 -0.6873
vn 0.7778 0.3441 -0.5259
vn 0.0417 0.5697 -0.8208
vn -0.2170 0.4827 -0.8485
vn 0.9978 0.0414 -0.0526
vn 0.9976 0.0400 -0.0557
vn 0.9981 0.0350 -0.0506
vn 0.2990 0.6840 -0.6653
vn 0.3024 0.6275 -0.7175
vn 0.3002 0.6273 -0.7186
vn -0.9548 -0.0591 0.2914
vn -0.9351 -0.0826 0.3446
vn -0.9281 -0.0676 0.3662
vn -0.7009 0.0259 0.7128
vn -0.6798 -0.0183 0.7332
vn -0.9896 -0.0418 0.1374
vn -0.9902 -0.0309 0.1360
vn -0.9681 -0.0252 0.2492
vn -0.9902 -0.0297 0.1361
vn -0.9914 -0.0329 0.1263
vn -0.9881 -0.0321 0.1507
vn -0.9941 -0.0482 0.0968
vn -0.9958 -0.0613 0.0687
vn -0.9868 -0.0704 0.1460
vn -0.9962 -0.0629 0.0603
vn -0.9708 -0.0685 0.2298
vn -0.9733 -0.0792 0.2153
vn -0.9740 -0.0722 0.2149
vn -0.8026 0.0338 0.5955
vn -0.8800 -0.0108 0.4749
vn -0.6588 0.0658 0.7494
vn -0.7136 -0.2893 0.6380
vn -0.3531 -0.2937 0.8883
vn -0.9148 -0.1339 0.3811
vn -0.6862 -0.5057 0.5229
vn -0.9266 -0.2213 0.3041
vn -0.9957 -0.0676 0.0637
vn -0.9970 -0.0040 0.0778
vn -0.9968 -0.0010 0.0798
vn -0.9969 -0.0015 0.0791
vn -0.9548 -0.0033 0.2972
vn -0.2918 0.1135 0.9497
vn -0.2761 0.1932 0.9415
vn -0.3376 0.0548 0.9397
vn -0.0883 0.1388 0.9864
vn -0.0946 0.1871 0.9778
vn -0.9983 -0.0284 0.0511
vn -0.9983 -0.0270 0.0515
vn -0.9982 -0.0304 0.0516
vn -0.9979 -0.0295 0.0584
vn -0.9978 -0.0299 0.0589
vn -0.9979 -0.0295 0.0583
vn -0.9992 -0.0340 0.0206
vn -0.9983 -0.0185 0.0546
vn -0.9983 -0.0189 0.0548
vn -0.9983 -0.0191 0.0550
vn -0.1618 -0.3055 0.9384
vn -0.1378 0.2435 0.9601
vn -0.9836 -0.0707 0.1660
vn -0.9940 0.0147 0.1081
vn -0.9982 -0.0146 0.0581
vn -0.9982 -0.0127 0.0586
vn -0.9981 -0.0178 0.0590
vn -0.0719 -0.7332 0.6762
vn -0.0846 -0.7382 0.6693
vn -0.0849 -0.7380 0.6694
vn -0.3687 -0.5749 0.7305
vn -0.2953 -0.7113 0.6378
vn -0.5891 -0.6024 0.5386
vn -0.5060 -0.6723 0.5403
vn -0.9985 -0.0160 0.0523
vn -0.5597 -0.5648 0.6064
vn -0.1148 -0.7801 0.6151
vn -0.2494 -0.7489 0.6139
vn -0.9968 -0.0265 0.0750
vn -0.9970 -0.0271 0.0730
vn -0.9969 -0.0271 0.0742
vn -0.9979 -0.0306 0.0575
vn -0.9979 -0.0223 0.0601
vn -0.9983 -0.0144 0.0566
vn -0.9981 -0.0176 0.0594
vn -0.9983 -0.0279 0.0516
vn -0.9985 -0.0157 0.0531
vn -0.5096 -0.3133 0.8013
vn -0.8692 -0.2996 0.3933
vn -0.9984 -0.0129 0.0545
vn -0.9984 -0.0114 0.0558
vn -0.9984 -0.0155 0.0538
vn 0.9910 -0.0445 0.1264
vn 0.9954 -0.0725 0.0633
vn 0.9957 -0.0702 0.0599
vn 0.9957 -0.0672 0.0641
vn 0.9976 -0.0613 0.0310
vn 0.9970 -0.0690 0.0346
vn 0.9971 -0.0682 0.0348
vn 0.9965 -0.0684 0.0470
vn 0.9971 -0.0610 0.0463
vn 0.9906 -0.0667 0.1198
vn 0.9918 -0.0611 0.1124
vn 0.9903 -0.0738 0.1179
vn 0.9903 -0.0704 0.1200
vn 0.9910 -0.0632 0.1176
vn 0.9904 -0.0606 0.1243
vn 0.9216 -0.1373 0.3630
vn 0.7510 -0.4570 0.4766
vn 0.7640 -0.2454 0.5967
vn 0.9477 -0.1940 0.2537
vn 0.3171 -0.7197 0.6177
vn 0.2973 -0.4145 0.8601
vn 0.3174 -0.7113 0.6271
vn 0.8079 -0.3761 0.4536
vn 0.4770 -0.6133 0.6295
vn 0.6111 -0.4505 0.6509
vn 0.9913 -0.0316 0.1277
vn 0.9679 -0.1244 0.2183
vn 0.9949 -0.0046 0.1008
vn 0.9949 -0.0064 0.1011
vn 0.6492 0.0678 0.7576
vn 0.4780 0.0008 0.8784
vn 0.0555 -0.0208 0.9982
vn 0.0851 -0.0256 0.9960
vn 0.0712 -0.0026 0.9975
vn 0.0501 -0.0369 0.9981
vn 0.0562 -0.0433 0.9975
vn 0.0593 -0.0289 0.9978
vn 0.9936 0.0759 0.0834
vn 0.8719 -0.0092 0.4896
vn 0.9894 -0.0746 0.1244
vn 0.9504 -0.0664 0.3038
vn 0.9547 -0.0945 0.2822
vn 0.9485 -0.0948 0.3021
vn 0.6254 0.0938 0.7747
vn 0.2701 0.1156 0.9559
vn 0.2433 0.1869 0.9518
vn 0.0860 0.2005 0.9759
vn 0.0988 0.1147 0.9885
vn 0.0833 0.0874 0.9927
vn 0.1058 0.0598 0.9926
vn 0.0968 0.0825 0.9919
vn 0.9975 -0.0212 0.0676
vn 0.9975 -0.0244 0.0663
vn 0.9973 -0.0278 0.0676
vn 0.0548 0.2766 0.9594
vn 0.0665 0.2769 0.9586
vn 0.0608 0.2724 0.9603
vn 0.9969 -0.0223 0.0756
vn 0.9975 -0.0193 0.0685
vn 0.9974 -0.0186 0.0702
vn 0.9972 -0.0254 0.0706
vn 0.3520 -0.7677 0.5354
vn 0.9960 -0.0241 0.0860
vn 0.9962 -0.0391 0.0777
vn 0.9972 -0.0255 0.0701
vn 0.9979 -0.0139 0.0640
vn 0.9977 -0.0161 0.0661
vn 0.9977 -0.0352 0.0571
vn 0.9978 0.0649 -0.0127
vn 0.9979 0.0646 -0.0055
vn 0.9978 0.0665 -0.0053
vn 0.9993 0.0374 0.0044
vn 0.9991 0.0425 0.0097
vn 0.9989 0.0455 0.0079
vn 0.9976 -0.0383 0.0577
vn 0.9964 -0.0188 0.0825
vn 0.9970 -0.0214 0.0747
vn 0.1449 -0.7420 0.6546
vn 0.0898 -0.7498 0.6555
vn 0.1722 -0.7127 0.6800
vn 0.9962 -0.0674 0.0560
vn 0.9961 -0.0691 0.0556
vn 0.9967 -0.0656 0.0486
vn -0.9968 0.0799 0.0039
vn -0.9970 0.0766 0.0110
vn -0.9967 0.0811 0.0045
vn -0.9963 0.0340 0.0793
vn -0.9964 0.0346 0.0771
vn -0.9963 0.0346 0.0782
vn -0.9959 0.0650 0.0628
vn -0.9955 0.0745 0.0585
vn -0.9939 0.0822 0.0739
vn -0.9945 0.0698 0.0784
vn -0.9945 0.0627 0.0835
vn -0.9814 0.1686 0.0917
vn -0.9875 0.1415 0.0691
vn -0.9952 0.0231 0.0946
vn -0.9749 -0.0829 0.2067
vn -0.9842 0.0429 0.1719
vn -0.9715 0.1318 0.1968
vn -0.9939 0.0858 0.0686
vn -0.9928 0.0976 0.0694
vn -0.9933 0.0948 0.0664
vn -0.7974 0.5992 0.0712
vn -0.2030 0.9790 0.0185
vn -0.0803 0.9938 -0.0765
vn -0.0937 0.9946 -0.0441
vn -0.6257 0.7661 0.1468
vn -0.4909 0.8690 0.0624
vn -0.1037 0.9868 0.1246
vn -0.0964 0.9855 0.1395
vn -0.0965 0.9855 0.1396
vn -0.0911 0.9902 0.1059
vn -0.0894 0.9895 0.1132
vn -0.0906 0.9876 0.1283
vn -0.6037 0.7753 0.1855
vn -0.1962 0.9444 0.2637
vn -0.8854 0.4243 0.1897
vn -0.9628 0.2626 0.0643
vn -0.9011 -0.1919 0.3888
vn -0.6404 -0.4186 0.6440
vn 0.9973 0.0729 0.0052
vn 0.9973 0.0727 0.0058
vn 0.9973 0.0739 0.0036
vn 0.9957 0.0602 0.0707
vn 0.9942 0.0755 0.0769
vn 0.9961 0.0519 0.0720
vn 0.9970 -0.0016 0.0771
vn 0.9964 -0.0018 0.0848
vn 0.9970 -0.0024 0.0773
vn 0.9964 0.0367 0.0759
vn 0.9964 0.0353 0.0768
vn 0.9964 0.0359 0.0763
vn 0.9923 0.0983 0.0748
vn 0.9890 0.1308 0.0688
vn 0.9810 0.0975 0.1675
vn 0.9954 0.0429 0.0853
vn 0.8956 -0.2283 0.3818
vn 0.9772 -0.0675 0.2014
vn 0.9344 -0.1350 0.3297
vn 0.2520 -0.6149 0.7472
vn 0.3402 -0.4660 0.8168
vn 0.7392 -0.2764 0.6142
vn 0.9982 -0.0257 0.0538
vn 0.9982 -0.0224 0.0563
vn 0.9982 -0.0241 0.0546
vn 0.9979 -0.0238 0.0604
vn 0.9983 -0.0230 0.0527
vn 0.9979 -0.0241 0.0604
vn 0.9304 0.3611 0.0623
vn 0.1908 0.9816 0.0011
vn 0.0828 0.9963 -0.0211
vn 0.7059 0.7043 0.0753
vn 0.9738 0.2056 0.0972
vn 0.8933 0.4382 0.0999
vn 0.3586 0.9275 0.1057
vn 0.0594 0.9978 0.0310
vn 0.0674 0.9972 0.0336
vn 0.0589 0.9978 0.0293
vn 0.9986 -0.0201 0.0489
vn 0.9987 -0.0101 0.0504
vn 0.9990 -0.0118 0.0426
vn 1.0000 0.0034 0.0057
vn 0.8163 0.5650 0.1202
vn 0.9999 0.0135 0.0036
vn 0.2557 0.9364 0.2405
vn 0.6270 0.7406 0.2416
vn 0.9954 0.0273 0.0914
vn 0.9954 0.0253 0.0920
vn 0.9955 0.0262 0.0915
vn 0.1077 0.9925 0.0582
vn 0.0623 0.9859 0.1551
vn 0.0734 0.9872 0.1419
vn 0.0723 0.9860 0.1502
vn 0.9995 0.0240 0.0189
vn 0.9993 0.0212 0.0292
vn 0.9990 0.0259 0.0352
vn -1.0000 0.0035 -0.0031
vn -0.7266 0.1054 -0.6789
vn -1.0000 -0.0001 -0.0009
vn -0.5703 0.0663 -0.8188
vn -0.6044 0.0606 -0.7943
vn -1.0000 -0.0010 -0.0000
vn -0.9989 -0.0056 -0.0461
vn 0.2274 0.0019 -0.9738
vn 0.0759 -0.0025 -0.9971
vn -1.0000 0.0072 -0.0048
vn -1.0000 0.0069 -0.0058
vn -1.0000 0.0072 -0.0035
vn -0.9999 0.0010 -0.0126
vn -1.0000 -0.0016 -0.0053
vn -1.0000 -0.0007 -0.0049
vn -0.7825 -0.0086 0.6226
vn -0.9114 -0.0227 0.4109
vn -0.7976 -0.0805 0.5978
vn -0.6047 -0.0725 0.7932
vn -0.4626 -0.0115 0.8865
vn -0.5814 -0.0225 0.8133
vn -0.5952 -0.1322 0.7926
vn -0.6433 0.0119 0.7656
vn -0.6491 -0.0581 0.7585
vn -0.6473 -0.0573 0.7600
vn -0.6512 -0.0685 0.7558
vn -0.8513 -0.1258 0.5094
vn -1.0000 -0.0037 -0.0014
vn -0.7868 -0.1273 0.6040
vn -0.9999 -0.0054 -0.0116
vn -1.0000 -0.0012 -0.0048
vn -1.0000 -0.0010 -0.0050
vn 0.2207 0.1731 -0.9598
vn 0.2206 0.1733 -0.9598
vn 0.2216 0.1721 -0.9598
vn -0.5476 0.1659 -0.8202
vn 0.2187 0.2185 -0.9510
vn 0.2258 0.2563 -0.9399
vn -0.0249 0.1976 -0.9800
vn 0.2309 0.0806 -0.9696
vn -0.9892 0.0361 -0.1419
vn -0.9888 0.0377 -0.1442
vn -0.9901 0.0386 -0.1347
vn -0.9998 0.0008 -0.0218
vn -0.9998 0.0003 -0.0219
vn -0.9998 0.0010 -0.0213
vn -0.3051 0.2843 -0.9089
vn 0.2027 0.2784 -0.9388
vn -0.7872 0.0773 -0.6119
vn 0.2127 0.3028 -0.9290
vn 0.2221 0.2984 -0.9282
vn 0.2202 0.3002 -0.9281
vn -0.1898 0.3214 -0.9277
vn 0.0939 0.4058 -0.9091
vn -0.5371 0.3366 -0.7735
vn -0.9840 0.0607 -0.1673
vn -0.9495 0.1087 -0.2944
vn -0.9515 0.1131 -0.2862
vn -0.9530 0.1010 -0.2857
vn 0.2286 0.3013 -0.9257
vn 0.2283 0.2998 -0.9263
vn 0.2191 0.3068 -0.9262
vn -0.9999 0.0010 -0.0143
vn -1.0000 0.0053 -0.0076
vn -1.0000 0.0048 -0.0079
vn -0.9999 -0.0004 -0.0139
vn -0.9999 -0.0009 -0.0129
vn -0.9999 -0.0006 -0.0137
vn -0.9980 0.0043 -0.0635
vn -1.0000 0.0038 -0.0087
vn -1.0000 0.0039 -0.0088
vn -0.7643 -0.1861 0.6175
vn -0.6401 -0.1713 0.7490
vn -0.5659 -0.2321 0.7911
vn -0.4692 -0.3136 0.8255
vn -0.5972 -0.1791 0.7818
vn -0.5116 -0.2528 0.8212
vn -0.2585 -0.2776 0.9253
vn -0.5985 -0.1607 0.7848
vn -0.4665 -0.1771 0.8666
vn -0.2424 -0.1796 0.9534
vn -0.1500 -0.2754 0.9496
vn 0.0749 -0.1983 0.9773
vn -0.0781 -0.1905 0.9786
vn 0.0386 -0.2857 0.9575
vn -0.0610 -0.2721 0.9603
vn -0.1735 -0.3669 0.9139
vn 0.2531 -0.2798 0.9261
vn 0.1723 -0.2431 0.9546
vn -0.1617 -0.1766 0.9709
vn 1.0000 -0.0004 0.0006
vn 0.4919 0.0013 -0.8706
vn 0.6173 0.1730 -0.7675
vn 0.4120 0.1920 -0.8907
vn 0.3909 0.2936 -0.8723
vn 0.1862 0.2667 -0.9456
vn -0.1596 0.1933 -0.9681
vn 0.7084 0.1542 -0.6887
vn 0.9976 0.0260 -0.0642
vn 0.9972 0.0205 -0.0712
vn 0.9976 0.0241 -0.0646
vn 1.0000 -0.0029 -0.0077
vn 1.0000 -0.0031 -0.0072
vn 1.0000 -0.0022 -0.0086
vn 0.8607 -0.1549 0.4850
vn 0.7729 -0.1892 0.6057
vn 0.6456 -0.1745 0.7435
vn 0.7686 -0.1660 0.6179
vn 0.6425 -0.1624 0.7489
vn 0.9996 0.0045 -0.0288
vn 0.9997 0.0059 -0.0240
vn 0.9997 0.0083 -0.0229
vn 0.8758 -0.1108 0.4698
vn 0.9999 0.0013 -0.0120
vn 0.4065 0.1207 -0.9056
vn 0.7693 -0.0894 0.6326
vn 0.8716 -0.0388 0.4886
vn 0.6362 -0.0902 0.7662
vn 0.5598 -0.1308 0.8183
vn 0.6004 -0.1720 0.7810
vn 0.5450 -0.1410 0.8265
vn 0.5063 -0.2661 0.8203
vn 0.2583 -0.1765 0.9498
vn 0.6297 -0.2924 0.7197
vn 0.6071 0.1315 -0.7836
vn -0.1072 -0.5744 0.8115
vn -0.2939 -0.4618 0.8369
vn -0.6870 -0.2895 0.6665
vn -0.9983 -0.0139 0.0560
vn -0.9983 -0.0142 0.0559
vn -0.9983 -0.0147 0.0558
vn -0.9969 -0.0075 0.0786
vn -0.9970 -0.0169 0.0758
vn -0.9970 -0.0084 0.0770
vn -1.0000 0.0017 -0.0041
vn -1.0000 -0.0023 0.0027
vn -1.0000 0.0003 -0.0009
vn -1.0000 -0.0003 -0.0002
vn -0.0093 -0.1859 -0.9825
vn -0.4237 -0.2411 -0.8731
vn -0.2877 -0.3011 -0.9092
vn -0.7444 -0.2120 0.6332
vn -0.3394 -0.2586 0.9044
vn -0.7453 -0.1961 0.6372
vn -0.7168 -0.2515 0.6504
vn -0.5931 -0.0111 0.8050
vn -0.2024 0.3837 0.9010
vn -0.6063 0.2781 0.7450
vn -0.3939 0.6680 0.6314
vn -0.8551 0.2970 0.4249
vn -0.5714 0.7368 0.3615
vn -0.1096 0.8898 0.4429
vn -0.9166 -0.0500 0.3966
vn -0.5718 -0.0797 -0.8165
vn 0.2317 -0.1192 -0.9655
vn 0.0804 -0.1103 -0.9906
vn -0.9988 -0.0062 -0.0489
vn -0.9985 -0.0017 -0.0539
vn -0.9987 0.0023 -0.0511
vn 0.1502 -0.1665 -0.9745
vn -0.4419 -0.1498 -0.8845
vn -0.2677 -0.1556 -0.9509
vn -0.7588 -0.1503 -0.6338
vn -0.3000 -0.1605 -0.9403
vn -0.8635 -0.0867 -0.4969
vn -0.8659 -0.0828 -0.4932
vn -0.8655 -0.0843 -0.4938
vn 0.1784 -0.3153 -0.9321
vn -0.9986 -0.0276 -0.0455
vn 0.2222 -0.3581 -0.9069
vn -0.3177 -0.2647 -0.9105
vn 0.2262 -0.3084 -0.9239
vn 0.2269 -0.2438 -0.9429
vn 0.7665 -0.0924 0.6356
vn -1.0000 -0.0010 -0.0078
vn -1.0000 0.0010 0.0062
vn -1.0000 -0.0027 0.0061
vn -1.0000 -0.0009 0.0056
vn -0.4642 0.6434 0.6087
vn -0.0104 0.4170 0.9089
vn -0.0737 0.0564 0.9957
vn -0.0540 0.0286 0.9981
vn -0.0561 0.0849 0.9948
vn -1.0000 0.0014 0.0032
vn -1.0000 -0.0003 -0.0023
vn -0.1291 0.0021 -0.9916
vn 0.3471 -0.0130 -0.9378
vn 0.3753 0.0707 -0.9242
vn 0.0518 0.0082 -0.9986
vn 1.0000 -0.0021 -0.0071
vn 1.0000 -0.0017 -0.0076
vn 1.0000 -0.0028 -0.0055
vn 1.0000 0.0024 -0.0092
vn 0.8514 0.0072 0.5244
vn 0.6875 -0.0121 0.7261
vn 0.4151 -0.5429 0.7300
vn 0.3614 -0.6167 0.6993
vn 0.8364 -0.0588 0.5449
vn 0.7051 -0.2860 0.6488
vn 0.9998 0.0215 -0.0004
vn 0.9999 -0.0025 -0.0163
vn 0.9999 0.0049 -0.0133
vn 0.9998 0.0126 -0.0160
vn 0.5190 -0.2336 0.8222
vn 0.9994 -0.0028 0.0341
vn 0.3948 -0.2868 0.8729
vn 0.7353 0.0460 0.6761
vn 0.3796 -0.1014 0.9196
vn 0.4540 0.1895 0.8706
vn 0.7346 0.3575 0.5766
vn 1.0000 0.0004 -0.0000
vn 0.9971 -0.0082 -0.0758
vn 0.5924 -0.0613 -0.8033
vn 0.9944 -0.0193 -0.1036
vn 0.9945 -0.0082 -0.1041
vn 0.9936 -0.0139 -0.1119
vn 0.9544 -0.0317 -0.2969
vn -0.1958 -0.1015 -0.9754
vn 0.9971 -0.0084 -0.0757
vn 0.5641 -0.2416 -0.7896
vn 0.2737 -0.2008 -0.9406
vn 1.0000 -0.0041 -0.0066
vn 0.5304 -0.2684 -0.8041
vn 0.5762 -0.2562 -0.7761
vn 0.8946 -0.2570 -0.3655
vn 1.0000 -0.0004 -0.0003
vn 0.7585 0.5332 0.3748
vn 0.7493 0.6234 0.2236
vn 0.3102 0.5350 0.7858
vn 0.3372 0.7989 0.4980
vn 0.9091 0.1334 0.3946
vn 0.7321 0.4511 0.5104
vn 0.8371 0.4765 0.2686
vn 0.5639 -0.0301 0.8253
vn 0.4984 -0.1053 0.8605
vn 0.2254 -0.1220 0.9666
vn 0.2262 -0.1227 0.9663
vn 0.2201 -0.1321 0.9665
vn 0.1577 -0.1669 0.9733
vn 0.1249 -0.1100 0.9860
vn 0.4737 0.0338 0.8800
vn 0.8965 0.0369 0.4415
vn 0.3342 -0.0711 0.9398
vn 0.3276 -0.0679 0.9424
vn 0.3276 -0.0678 0.9424
vn 0.2780 -0.0380 0.9598
vn 0.2748 0.0075 0.9615
vn 0.3020 -0.1253 0.9450
vn 0.1218 -0.0883 0.9886
vn 0.1507 -0.0014 0.9886
vn 0.0047 -0.1292 0.9916
vn 0.0050 -0.1295 0.9916
vn 0.0055 -0.1303 0.9915
vn 0.0005 -0.1313 0.9913
vn 0.0073 -0.1345 0.9909
vn 0.0083 -0.1320 0.9912
vn -0.1320 -0.0673 0.9890
vn -0.1284 -0.0743 0.9889
vn -0.1266 -0.0680 0.9896
vn -0.2201 -0.0577 0.9738
vn -0.2228 -0.0564 0.9732
vn -0.2191 -0.0589 0.9739
vn -0.2212 -0.0582 0.9735
vn -0.2240 -0.0631 0.9726
vn -0.2149 -0.0672 0.9743
vn -0.1536 -0.1347 0.9789
vn -0.1111 -0.1386 0.9841
vn -0.2546 -0.1343 0.9577
vn -0.6232 -0.0572 0.7799
vn -0.3132 -0.1470 0.9383
vn -0.3124 -0.1460 0.9387
vn -0.2834 -0.1531 0.9467
vn -0.2830 -0.1277 0.9506
vn 0.1845 -0.0721 0.9802
vn 0.1938 -0.0673 0.9787
vn 0.1871 -0.0634 0.9803
vn -0.0017 -0.0481 0.9988
vn -0.0038 -0.0395 0.9992
vn -0.0030 -0.0508 0.9987
vn 0.0327 -0.0064 0.9994
vn 0.0183 -0.0486 0.9987
vn -0.0940 -0.0405 0.9947
vn -0.1097 0.0074 0.9939
vn -0.0837 -0.0081 0.9965
vn -0.3153 -0.0487 0.9477
vn -0.2974 -0.0581 0.9530
vn -0.3102 -0.0581 0.9489
vn -0.3062 -0.0552 0.9504
vn -1.0000 0.0011 -0.0024
vn -0.8631 0.0309 0.5040
vn -0.8909 0.0734 0.4482
vn -1.0000 -0.0003 -0.0092
vn -1.0000 -0.0007 -0.0089
vn -1.0000 -0.0005 -0.0090
vn -0.7516 0.0912 0.6533
vn -0.5837 0.0602 0.8097
vn -0.2195 0.0341 0.9750
vn -0.2139 0.0350 0.9762
vn -0.2143 0.0341 0.9762
vn -0.2131 0.0249 0.9767
vn -0.2320 0.0968 0.9679
vn -0.2644 0.0956 0.9597
vn -0.0969 0.0266 0.9949
vn -0.1115 0.1394 0.9839
vn -0.1135 0.1404 0.9836
vn -0.1130 0.1398 0.9837
vn -0.1141 0.1389 0.9837
vn -0.1140 0.1389 0.9837
vn -0.1147 0.1391 0.9836
vn -0.1927 0.2080 0.9590
vn -0.2534 0.1773 0.9510
vn -0.4362 0.0999 0.8943
vn -0.4390 0.1687 0.8825
vn -0.1163 0.0382 0.9925
vn -0.7484 0.1583 0.6440
vn -0.9999 0.0026 -0.0099
vn -0.9999 0.0013 -0.0111
vn -1.0000 0.0034 -0.0085
vn -1.0000 -0.0006 -0.0069
vn -1.0000 -0.0036 -0.0066
vn -1.0000 -0.0019 -0.0072
vn -0.8049 0.1717 0.5681
vn -0.8731 0.1762 0.4546
vn -1.0000 -0.0046 -0.0060
vn -1.0000 -0.0044 -0.0062
vn -1.0000 -0.0044 -0.0063
vn -0.6078 0.1433 0.7811
vn -0.3255 0.0337 0.9449
vn -0.3209 0.0401 0.9463
vn -0.3153 0.0353 0.9483
vn -0.0034 0.0450 0.9990
vn 0.0004 0.0361 0.9993
vn -0.0032 0.0378 0.9993
vn -0.0002 0.0445 0.9990
vn -0.0003 0.0444 0.9990
vn -0.0030 0.0516 0.9987
vn 0.1539 0.0777 0.9850
vn 0.2699 0.0438 0.9619
vn 0.1471 0.0695 0.9867
vn 0.5316 0.0797 0.8432
vn 0.6027 0.0606 0.7957
vn 0.9149 0.0149 0.4035
vn 1.0000 -0.0016 -0.0076
vn 1.0000 -0.0017 -0.0075
vn 1.0000 -0.0044 -0.0000
vn 1.0000 0.0002 -0.0098
vn 1.0000 -0.0000 -0.0098
vn 1.0000 -0.0003 -0.0097
vn -0.2197 -0.2561 -0.9414
vn -0.2213 -0.2531 -0.9418
vn -0.2284 -0.1708 -0.9585
vn 0.3794 -0.3474 -0.8575
vn -0.2231 -0.3682 -0.9026
vn 0.3427 -0.2823 -0.8960
vn 0.9960 -0.0243 -0.0863
vn 0.9961 -0.0268 -0.0846
vn 0.0058 0.1451 0.9894
vn -0.0022 0.1376 0.9905
vn 0.0175 0.1041 0.9944
vn -0.0049 0.1452 0.9894
vn 0.0001 0.1334 0.9911
vn -0.0015 0.1384 0.9904
vn -0.0465 0.2313 0.9718
vn -0.1618 0.2596 0.9521
vn -0.2657 0.2551 0.9297
vn -0.0448 0.2530 0.9664
vn 0.0758 0.2033 0.9762
vn 0.0669 0.2947 0.9532
vn 0.1570 0.2570 0.9536
vn 0.2667 0.2620 0.9275
vn 0.1397 0.1962 0.9706
vn 0.4610 0.1826 0.8684
vn 0.2783 0.1924 0.9410
vn 0.3146 0.1346 0.9396
vn 0.2105 0.1386 0.9677
vn 0.2178 0.1387 0.9661
vn 0.2184 0.1309 0.9670
vn 0.2925 0.1405 0.9459
vn 0.2921 0.1392 0.9462
vn 0.2999 0.1464 0.9427
vn 0.5901 0.1427 0.7946
vn 0.7881 0.0878 0.6093
vn 0.2181 0.1415 0.9656
vn 0.2220 0.1479 0.9638
vn 0.2156 0.1353 0.9671
vn 1.0000 -0.0010 -0.0080
vn 1.0000 -0.0009 -0.0081
vn 1.0000 -0.0008 -0.0081
vn 1.0000 0.0048 -0.0039
vn 1.0000 -0.0059 -0.0067
vn 1.0000 0.0005 -0.0089
vn 0.6508 0.1538 0.7435
vn 0.4545 0.2428 0.8570
vn 0.6172 0.2459 0.7474
vn 0.4961 0.3144 0.8094
vn 0.2632 0.3410 0.9025
vn 0.1621 0.3518 0.9219
vn -0.0494 0.3326 0.9418
vn 0.0572 0.3916 0.9184
vn -0.0529 0.3815 0.9229
vn -0.1629 0.3894 0.9066
vn -0.1138 0.3119 0.9433
vn 0.8906 0.0714 0.4492
vn 1.0000 -0.0055 -0.0077
vn 0.9999 -0.0049 -0.0096
vn 0.9999 0.0002 -0.0130
vn 0.9956 0.0211 0.0909
vn 0.9954 0.0229 0.0935
vn 0.9956 0.0298 0.0887
vn 0.7602 0.2323 0.6068
vn 0.4848 0.3690 0.7930
vn -0.2206 -0.1674 -0.9609
vn -0.2202 -0.1750 -0.9596
vn -0.2197 -0.1755 -0.9596
vn -0.2142 -0.1861 -0.9589
vn -0.2206 -0.1200 -0.9679
vn -0.2263 -0.1144 -0.9673
vn -0.2266 -0.1245 -0.9660
vn -0.2178 -0.0736 -0.9732
vn -0.2381 -0.1061 -0.9654
vn -0.2265 -0.0715 -0.9714
vn -0.2175 -0.1801 -0.9593
vn -0.0710 -0.1891 -0.9794
vn -0.0708 -0.1888 -0.9795
vn -0.0726 -0.1900 -0.9791
vn 0.0952 -0.4270 -0.8992
vn 1.0000 -0.0012 -0.0078
vn 0.8537 0.1834 0.4875
vn 0.8556 0.1797 0.4855
vn 0.7840 0.2065 0.5854
vn 0.8005 0.2631 0.5384
vn -0.9985 0.0323 0.0443
vn -0.9991 0.0212 0.0380
vn -0.9989 0.0071 0.0456
vn -0.9990 0.0246 0.0372
vn -0.9990 0.0285 0.0357
vn -0.9987 0.0270 0.0431
vn -0.9986 0.0292 0.0439
vn -0.9995 0.0256 0.0181
vn -0.9997 0.0187 0.0159
vn -0.9997 0.0174 0.0158
vn -0.1287 0.9914 0.0219
vn 0.0045 1.0000 -0.0075
vn -0.0172 0.9998 -0.0072
vn -0.0119 0.9999 -0.0015
vn 0.3416 0.4175 0.8420
vn 0.1151 0.3634 0.9245
vn 0.3650 0.3163 0.8756
vn 0.1559 0.6643 0.7310
vn 0.9480 0.1699 0.2692
vn 0.9401 0.1716 0.2945
vn 0.9328 0.1750 0.3151
vn 0.8213 0.3397 0.4584
vn 0.5288 0.4452 0.7226
vn 0.3453 0.5881 0.7313
vn 0.7370 0.3699 0.5657
vn 0.3627 0.4077 0.8380
vn 1.0000 0.0071 0.0042
vn 0.9992 0.0127 0.0389
vn 0.9998 0.0138 0.0159
vn 0.9996 0.0165 0.0233
vn 0.9989 0.0198 0.0427
vn 0.9995 0.0197 0.0246
vn 0.9971 -0.0372 0.0657
vn 0.9952 0.0877 0.0438
vn -1.0000 -0.0020 0.0018
vn -1.0000 -0.0023 0.0020
vn -0.0863 -0.9960 -0.0225
vn 0.2053 -0.9772 -0.0546
vn -0.4813 -0.8759 -0.0353
vn -0.4499 -0.8876 -0.0985
vn -0.3769 -0.9043 -0.2007
vn -0.7407 0.4303 0.5159
vn -0.2899 0.6480 0.7043
vn -0.7659 0.5130 0.3876
vn -0.9977 -0.0506 -0.0440
vn -0.9971 -0.0489 -0.0591
vn -0.9973 -0.0659 -0.0328
vn -0.8104 -0.5230 -0.2640
vn 0.1506 -0.8976 -0.4142
vn 0.0899 -0.8916 -0.4438
vn 0.2083 -0.8990 -0.3853
vn -0.6374 -0.6750 -0.3717
vn 0.4409 -0.8016 -0.4039
vn -0.9997 -0.0229 0.0006
vn 0.2165 -0.8449 -0.4893
vn -0.6048 -0.6885 -0.4002
vn 0.0457 -0.8281 -0.5588
vn -0.9996 -0.0074 -0.0283
vn -0.9993 -0.0082 -0.0360
vn -0.9996 -0.0087 -0.0283
vn -0.7770 -0.5101 -0.3688
vn -0.6578 -0.6258 -0.4192
vn -0.9997 -0.0219 -0.0093
vn -1.0000 0.0013 -0.0005
vn -1.0000 -0.0009 -0.0011
vn -0.9973 -0.0576 -0.0464
vn -0.9972 -0.0722 -0.0213
vn -0.9972 -0.0545 -0.0503
vn -0.5438 -0.6301 -0.5542
vn -0.5291 -0.6195 -0.5798
vn -0.5118 -0.5811 -0.6327
vn -0.2221 -0.7405 -0.6343
vn -0.1270 -0.7843 -0.6072
vn -0.5799 -0.6741 -0.4576
vn -0.1231 -0.7914 -0.5987
vn -0.0220 -0.8307 -0.5562
vn -0.0208 -0.8336 -0.5520
vn -0.0219 -0.8245 -0.5654
vn 0.2122 -0.8136 -0.5413
vn 0.2112 -0.8134 -0.5420
vn 0.2104 -0.8131 -0.5428
vn 0.1637 -0.8934 -0.4183
vn 0.1696 -0.8893 -0.4247
vn 0.1638 -0.8964 -0.4119
vn 0.7863 -0.5820 -0.2077
vn 0.7901 -0.5739 -0.2154
vn 0.7895 -0.5777 -0.2072
vn 0.9782 -0.1928 -0.0774
vn 0.9772 -0.1993 -0.0731
vn 0.9772 -0.2012 -0.0672
vn 0.8745 -0.4605 -0.1524
vn 0.8707 -0.4670 -0.1542
vn 0.8705 -0.4672 -0.1547
vn 0.7347 -0.6585 -0.1631
vn 0.8185 0.4053 0.4072
vn 0.2264 0.7896 0.5703
vn 0.0937 -0.9568 -0.2751
vn 0.0381 -0.9516 -0.3049
vn 0.9970 0.0763 0.0158
vn 0.9966 0.0822 0.0057
vn 0.9967 0.0809 0.0102
vn 0.9980 -0.0592 -0.0241
vn 0.9975 -0.0602 -0.0360
vn 0.9982 -0.0554 -0.0249
vn 0.8187 -0.3380 -0.4643
vn 0.0884 -0.9509 -0.2967
vn -0.1836 -0.9225 -0.3395
vn -0.1349 -0.9453 -0.2969
vn -0.2156 -0.9615 -0.1701
vn -0.1104 -0.9618 -0.2505
vn 0.5353 -0.8297 -0.1585
vn 0.4504 -0.8802 -0.1494
vn -0.1523 -0.9846 -0.0856
vn 0.6847 -0.7167 0.1324
vn 0.5718 -0.8194 -0.0406
vn 0.6417 -0.7302 -0.2345
vn 0.6388 -0.7115 -0.2927
vn 0.2853 -0.8866 -0.3642
vn -0.2014 -0.9149 -0.3498
vn 0.2033 -0.9022 -0.3803
vn 1.0000 0.0009 -0.0006
vn 1.0000 -0.0003 0.0001
vn 1.0000 -0.0019 -0.0036
vn 0.9098 -0.3616 -0.2039
vn 0.9490 -0.2680 -0.1662
vn 0.5992 -0.6845 -0.4153
vn 0.1793 -0.7705 -0.6117
vn -0.2164 -0.8442 -0.4904
vn 0.8532 -0.4917 -0.1738
vn 0.2419 -0.8878 -0.3915
vn 0.4307 -0.7503 -0.5015
vn 0.5171 -0.7164 -0.4684
vn 0.7506 -0.5223 -0.4048
vn 0.8063 -0.4374 -0.3982
vn -0.3323 -0.7201 -0.6092
vn -0.0536 -0.7463 -0.6635
vn 0.9993 -0.0238 -0.0300
vn 0.9372 -0.2511 -0.2420
vn 0.9408 -0.2464 -0.2328
vn 0.9405 -0.2422 -0.2383
vn 0.3963 -0.5776 -0.7136
vn 0.8809 -0.3713 -0.2936
vn 0.4088 -0.6607 -0.6296
vn -0.2234 -0.7726 -0.5943
vn 0.2504 -0.6823 -0.6869
vn 0.2364 -0.8058 -0.5429
vn 0.6352 -0.6617 -0.3983
vn 0.2161 -0.7828 -0.5836
vn -0.2154 -0.8059 -0.5515
vn -0.2169 -0.8054 -0.5516
vn -0.2170 -0.8054 -0.5516
vn 0.2946 -0.8452 -0.4459
vn 0.9999 -0.0064 0.0106
vn -0.0876 -0.7592 -0.6449
vn 0.4174 -0.7539 -0.5074
vn 1.0000 -0.0030 -0.0090
vn 1.0000 -0.0018 -0.0090
vn 1.0000 -0.0019 -0.0090
vn 0.8395 0.4520 0.3016
vn 0.9322 0.3257 0.1577
vn 0.8196 0.5031 0.2741
vn 0.7499 0.5442 0.3761
vn 0.6058 0.6810 0.4114
vn 0.4179 0.7540 0.5068
vn 0.6126 0.7037 0.3600
vn 0.4848 0.7890 0.3774
vn 0.6323 0.7154 0.2973
vn 0.6614 0.6773 0.3221
vn 0.7683 0.5986 0.2269
vn 0.9775 0.1947 0.0806
vn -0.7330 0.6305 0.2552
vn -0.9256 0.3333 0.1795
vn -0.9996 -0.0058 -0.0280
vn -0.9995 -0.0062 -0.0295
vn -0.9995 -0.0082 -0.0318
vn -0.9379 -0.1243 -0.3240
vn -0.9454 -0.1210 -0.3027
vn -0.9480 -0.1828 -0.2605
vn -0.4666 -0.3890 -0.7943
vn -0.4627 -0.4063 -0.7879
vn -0.9871 -0.0730 -0.1425
vn -0.6285 -0.3514 -0.6940
vn -0.9996 -0.0045 -0.0292
vn -0.9997 0.0074 -0.0212
vn -0.9997 -0.0160 -0.0164
vn 0.1646 -0.4348 -0.8853
vn -0.4882 -0.4351 -0.7565
vn -0.9729 -0.1161 -0.2001
vn -0.5663 -0.5138 -0.6445
vn -0.3089 -0.5215 -0.7954
vn -0.3099 -0.5606 -0.7679
vn -0.3022 -0.5456 -0.7816
vn 0.1083 -0.5486 -0.8291
vn -0.0158 -0.5589 -0.8291
vn -0.1904 -0.5672 -0.8013
vn -0.9967 -0.0503 -0.0631
vn -0.9968 -0.0491 -0.0627
vn -0.9968 -0.0495 -0.0627
vn -1.0000 0.0003 0.0007
vn -0.6375 -0.5033 -0.5834
vn -0.0872 -0.6001 -0.7952
vn -0.4708 -0.6681 -0.5762
vn -0.3829 -0.6307 -0.6750
vn -0.2449 -0.7368 -0.6302
vn -0.6952 -0.4730 -0.5412
vn -1.0000 0.0002 -0.0009
vn -1.0000 -0.0009 -0.0010
vn 1.0000 -0.0005 0.0004
vn 1.0000 -0.0041 -0.0073
vn 0.9958 -0.0482 -0.0780
vn 0.8565 -0.2307 -0.4616
vn 0.9857 -0.0940 -0.1401
vn 0.5906 -0.4482 -0.6710
vn 0.5752 -0.4471 -0.6850
vn 0.5706 -0.4333 -0.6976
vn 0.5762 -0.4635 -0.6731
vn 0.5785 -0.5112 -0.6356
vn -0.0209 -0.6423 -0.7661
vn 0.2894 -0.6320 -0.7189
vn 0.8577 -0.3342 -0.3906
vn 0.9967 -0.0535 -0.0615
vn 0.9966 -0.0536 -0.0626
vn 0.9971 -0.0459 -0.0611
vn 0.3609 -0.4507 -0.8165
vn 0.8055 -0.2563 -0.5343
vn -0.1908 -0.4207 -0.8869
vn 0.0896 -0.4276 -0.8995
vn 0.5447 -0.3492 -0.7624
vn 0.2320 -0.4298 -0.8726
vn 0.1679 -0.4116 -0.8958
vn -0.5790 -0.2735 -0.7680
vn -0.8963 -0.1192 -0.4270
vn -0.8983 -0.1200 -0.4226
vn -0.8946 -0.1324 -0.4268
vn -0.9989 -0.0178 -0.0439
vn -0.9987 -0.0180 -0.0486
vn -0.9988 -0.0241 -0.0436
vn -0.9794 -0.0617 -0.1923
vn -0.9803 -0.0647 -0.1867
vn -0.9775 -0.1146 -0.1770
vn -0.9955 -0.0693 -0.0643
vn -0.9960 -0.0359 -0.0820
vn -0.9965 -0.0425 -0.0719
vn -0.4872 0.2384 0.8401
vn -0.6237 0.2768 0.7310
vn -0.7848 0.2620 0.5617
vn -0.5233 0.3196 0.7900
vn -0.2383 0.3372 0.9108
vn -0.2371 0.3337 0.9124
vn -0.2385 0.3372 0.9107
vn -0.2528 0.3929 0.8842
vn -0.2199 0.3380 0.9151
vn -0.2893 0.3255 0.9002
vn -0.2892 0.3258 0.9001
vn -0.2890 0.3261 0.9001
vn 0.6407 0.2028 0.7405
vn 0.6403 0.2034 0.7407
vn 0.6406 0.2029 0.7406
vn -1.0000 -0.0026 -0.0065
vn -0.9999 -0.0102 -0.0036
vn -1.0000 -0.0023 -0.0062
vn -0.9849 -0.0774 -0.1550
vn -0.9480 0.1495 0.2811
vn -0.9298 0.1808 0.3205
vn -1.0000 -0.0044 0.0005
vn -1.0000 -0.0043 0.0005
vn -0.7841 0.3314 0.5248
vn -0.8081 0.3516 0.4727
vn -0.9016 0.2772 0.3320
vn -0.3817 -0.4698 -0.7960
vn -0.8429 -0.3428 -0.4147
vn -1.0000 -0.0058 -0.0045
vn -1.0000 0.0005 -0.0042
vn -1.0000 0.0005 -0.0049
vn -1.0000 0.0005 -0.0044
vn -0.6970 -0.4783 -0.5342
vn 0.2271 -0.6434 -0.7310
vn 0.2240 -0.6454 -0.7303
vn 0.2191 -0.5983 -0.7707
vn -0.1456 -0.5976 -0.7885
vn 0.1424 -0.4999 -0.8543
vn 0.2303 -0.4802 -0.8464
vn 0.2068 -0.4878 -0.8481
vn 0.2271 -0.4330 -0.8723
vn 0.2262 -0.4320 -0.8731
vn 0.2166 -0.4378 -0.8726
vn 0.2363 -0.5392 -0.8083
vn 0.2381 -0.5391 -0.8079
vn 0.2344 -0.5446 -0.8053
vn -0.8096 0.4011 0.4285
vn -0.8762 0.3570 0.3238
vn 0.2168 -0.6311 -0.7448
vn 0.2029 -0.6290 -0.7504
vn 0.2114 -0.6228 -0.7533
vn -0.7986 0.2698 0.5380
vn -0.4846 0.4455 0.7528
vn -0.4770 0.5159 0.7116
vn -0.4801 0.5775 0.6603
vn -0.2484 0.5887 0.7692
vn -0.2638 0.6418 0.7201
vn -0.1584 0.5826 0.7972
vn -0.1516 0.6311 0.7607
vn -0.2953 0.5340 0.7923
vn -0.0544 0.6127 0.7884
vn 0.0649 0.5810 0.8113
vn 0.0640 0.6480 0.7589
vn -0.0299 0.5484 0.8357
vn -0.2719 0.4674 0.8412
vn -0.2033 0.5135 0.8336
vn -0.2039 0.5141 0.8331
vn -0.2039 0.5141 0.8332
vn -0.4830 0.3845 0.7867
vn -0.1602 0.4671 0.8696
vn -0.2119 0.4848 0.8486
vn -0.1122 0.5200 0.8468
vn -0.1192 0.5293 0.8400
vn -0.1201 0.5285 0.8404
vn 0.1709 0.5530 0.8155
vn 0.1721 0.6392 0.7496
vn 0.2354 0.5676 0.7889
vn 0.2720 0.6316 0.7260
vn 0.4293 0.5980 0.6768
vn 0.3141 0.5821 0.7500
vn 0.3149 0.5821 0.7497
vn 0.3054 0.5800 0.7552
vn 0.2587 0.4837 0.8361
vn 0.5081 0.4578 0.7296
vn 0.4791 0.4176 0.7720
vn 0.1636 0.5021 0.8492
vn 0.3140 0.5410 0.7802
vn 0.3136 0.5401 0.7810
vn 0.3133 0.5388 0.7820
vn -0.0953 0.4781 0.8731
vn 0.0002 0.5227 0.8525
vn -0.0074 0.5264 0.8502
vn 0.0138 0.5287 0.8487
vn -0.0109 0.4305 0.9025
vn -0.0117 0.4316 0.9020
vn -0.0159 0.4355 0.9000
vn 0.1064 0.4647 0.8790
vn 0.1464 0.4054 0.9023
vn 0.2153 0.4573 0.8629
vn 0.2092 0.4543 0.8659
vn 0.2084 0.4544 0.8661
vn 0.2794 0.4067 0.8698
vn 0.6372 0.4567 0.6208
vn 0.8597 0.2992 0.4140
vn 0.6336 0.4720 0.6130
vn 0.6301 0.4844 0.6069
vn 0.6388 0.4810 0.6005
vn 0.6301 0.4848 0.6066
vn 0.7774 0.4456 0.4440
vn 0.8977 0.2939 0.3282
vn 0.8807 0.3244 0.3453
vn 0.4880 0.6139 0.6204
vn 0.2709 0.6932 0.6678
vn 0.8199 0.3199 0.4748
vn 0.9824 0.1126 0.1491
vn 0.9411 -0.1866 -0.2821
vn 0.5110 -0.5295 -0.6771
vn -0.2219 -0.5885 -0.7774
vn -0.2215 -0.5396 -0.8123
vn -0.2217 -0.5319 -0.8173
vn -0.2164 -0.5383 -0.8145
vn 0.7565 -0.3179 -0.5716
vn 0.0887 -0.6568 -0.7488
vn 0.9999 -0.0135 -0.0067
vn 0.8428 0.2535 0.4748
vn 0.9992 -0.0186 -0.0348
vn 0.9992 -0.0166 -0.0352
vn 0.9992 -0.0156 -0.0379
vn 0.1649 0.7069 0.6879
vn -0.0529 0.6937 0.7183
vn -0.1675 0.6761 0.7175
vn 0.0621 0.7149 0.6964
vn -0.2641 0.6819 0.6821
vn -0.4793 0.6387 0.6019
vn 0.9206 0.1626 0.3550
vn 0.9999 -0.0020 -0.0124
vn 0.9997 0.0013 -0.0254
vn 0.9997 0.0011 -0.0254
vn -0.9999 0.0053 0.0151
vn -0.9999 0.0065 0.0154
vn -1.0000 0.0043 0.0050
vn 0.0600 -0.9420 -0.3301
vn -0.2754 -0.8957 -0.3491
vn 0.1472 -0.9257 -0.3485
vn 0.2204 -0.9371 -0.2706
vn -0.9410 -0.3243 -0.0970
vn -0.9430 -0.3203 -0.0899
vn -0.9420 -0.3197 -0.1026
vn -0.9996 -0.0235 -0.0132
vn -0.9997 -0.0236 -0.0115
vn -0.9996 -0.0249 -0.0104
vn -0.5436 -0.8055 -0.2358
vn -0.2144 -0.9190 -0.3309
vn -0.4835 -0.8512 -0.2041
vn 0.1300 -0.9356 -0.3283
vn -0.9680 -0.2500 -0.0204
vn -0.0325 -0.9804 -0.1945
vn -1.0000 -0.0028 -0.0008
vn -0.6173 -0.7677 -0.1718
vn -0.1965 -0.9670 -0.1623
vn -0.6100 -0.7614 -0.2193
vn -0.6400 -0.7076 -0.2995
vn -1.0000 -0.0080 -0.0038
vn -0.7543 0.6418 0.1387
vn -0.8163 0.5645 0.1221
vn -0.8066 0.5659 0.1705
vn -1.0000 0.0016 -0.0069
vn -1.0000 -0.0032 -0.0053
vn -1.0000 -0.0040 -0.0052
vn -0.8426 0.5087 0.1765
vn -0.7612 0.6024 0.2404
vn -1.0000 -0.0040 0.0011
vn -1.0000 -0.0040 0.0010
vn -0.9999 -0.0117 -0.0002
vn -1.0000 -0.0080 0.0012
vn -1.0000 -0.0078 0.0009
vn -0.8366 0.5430 0.0722
vn -0.4727 0.8741 0.1120
vn -0.6458 0.7609 0.0632
vn -0.6481 0.7595 0.0560
vn -0.6557 0.7524 0.0633
vn -0.2743 0.9604 0.0494
vn -0.2755 0.9498 0.1483
vn -0.2119 0.9732 0.0895
vn -0.2218 0.9706 0.0940
vn -0.2219 0.9706 0.0929
vn -0.2530 0.9398 0.2296
vn -0.1584 0.9696 0.1866
vn -0.1611 0.9600 0.2290
vn -0.4429 0.8755 0.1934
vn -0.0786 0.9649 0.2505
vn -0.4411 0.8582 0.2624
vn -0.2538 0.9151 0.3134
vn -0.6251 0.7485 0.2212
vn -0.4517 0.8356 0.3126
vn -0.0169 0.9826 0.1848
vn -0.0158 0.9827 0.1847
vn -0.0172 0.9840 0.1772
vn -0.1015 0.9764 0.1905
vn -0.0026 0.9828 0.1846
vn -0.0030 0.9828 0.1845
vn -0.0042 0.9842 0.1772
vn 0.1260 0.9716 0.2004
vn 0.0624 0.9658 0.2517
vn 0.1788 0.9694 0.1684
vn 0.1252 0.9697 0.2098
vn 0.2742 0.9388 0.2085
vn 0.0746 0.9506 0.3014
vn 0.1524 0.9315 0.3304
vn -0.0756 0.9515 0.2983
vn 0.1590 0.8973 0.4118
vn 0.0813 0.9007 0.4269
vn 0.2514 0.9174 0.3086
vn 0.5219 0.8130 0.2583
vn 0.6142 0.7640 0.1975
vn 0.5800 0.8022 0.1419
vn 0.2614 0.9557 0.1356
vn 0.4389 0.8742 0.2075
vn 0.8004 0.5846 0.1325
vn 0.6426 0.7564 0.1224
vn 0.6421 0.7573 0.1193
vn 0.6506 0.7502 0.1178
vn 0.8061 0.5888 0.0603
vn 0.4807 0.8725 0.0875
vn 0.1097 0.9893 0.0960
vn 0.1098 0.9893 0.0957
vn 0.1159 0.9879 0.1028
vn 0.0055 0.9953 0.0962
vn -0.0005 0.9952 0.0983
vn -0.0946 0.9907 0.0974
vn -0.1029 0.9899 0.0971
vn -0.1040 0.9898 0.0971
vn -0.9999 -0.0092 -0.0069
vn -1.0000 -0.0089 0.0011
vn -0.9999 -0.0098 -0.0067
vn -0.5769 0.7480 0.3282
vn -0.8004 0.5420 0.2561
vn -0.9594 0.2490 0.1324
vn -0.6239 0.6869 0.3727
vn -0.5337 0.7742 0.3403
vn -0.2637 0.8728 0.4107
vn -0.1515 0.9366 0.3159
vn -0.1787 0.8849 0.4301
vn -0.1119 0.9200 0.3757
vn -0.1125 0.9199 0.3756
vn -0.1139 0.9230 0.3674
vn -0.0015 0.9286 0.3712
vn -0.0016 0.9290 0.3701
vn 0.0057 0.9282 0.3720
vn 0.0034 0.9290 0.3701
vn 0.0023 0.9263 0.3768
vn -0.0016 0.9261 0.3773
vn -0.1020 0.9273 0.3601
vn -0.6025 0.7864 0.1362
vn -0.1221 0.9877 0.0980
vn -0.1150 0.9888 0.0950
vn -0.1216 0.9877 0.0984
vn -0.3326 -0.7548 -0.5654
vn -0.2975 -0.7826 -0.5468
vn -0.9963 -0.0690 -0.0503
vn -0.9999 -0.0105 0.0001
vn -0.5997 -0.7332 -0.3204
vn -1.0000 -0.0035 -0.0061
vn -1.0000 -0.0040 -0.0061
vn -1.0000 -0.0049 -0.0058
vn -0.8646 0.4357 0.2501
vn -0.7933 0.5045 0.3410
vn -0.7976 0.5375 0.2738
vn -0.8773 0.3949 0.2729
vn -0.7773 0.4944 0.3891
vn -0.8051 0.4490 0.3875
vn -0.7772 0.4487 0.4412
vn -0.4803 0.6768 0.5579
vn -0.5050 0.7040 0.4993
vn -0.6257 0.6335 0.4551
vn -0.6234 0.6857 0.3757
vn -0.4817 0.7813 0.3968
vn -0.4561 0.7756 0.4363
vn -0.2475 0.8404 0.4821
vn -0.2578 0.7922 0.5531
vn -0.1496 0.8439 0.5153
vn -0.1561 0.7955 0.5855
vn -0.2618 0.7425 0.6166
vn -0.0550 0.8339 0.5492
vn -0.0561 0.7613 0.6459
vn -0.1737 0.7268 0.6645
vn -0.0582 0.8768 0.4773
vn -0.0421 0.8887 0.4566
vn 0.2532 0.8702 0.4227
vn 0.1301 0.8635 0.4872
vn 0.2858 0.8356 0.4691
vn 0.4906 0.7033 0.5145
vn 0.1992 0.8002 0.5656
vn 0.2178 0.8255 0.5207
vn 0.2181 0.8254 0.5207
vn 0.2104 0.8276 0.5204
vn 0.0446 0.8201 0.5705
vn 0.0564 0.8639 0.5004
vn -0.4679 0.7285 0.5003
vn -0.4759 0.7487 0.4615
vn -0.3287 -0.7039 -0.6297
vn 0.2131 -0.7194 -0.6611
vn 0.2135 -0.7186 -0.6619
vn 0.2130 -0.7206 -0.6598
vn -0.8309 -0.3707 -0.4150
vn -0.9999 -0.0116 -0.0095
vn -1.0000 -0.0055 -0.0002
vn -1.0000 -0.0050 -0.0075
vn -1.0000 -0.0049 0.0002
vn -0.9999 -0.0073 -0.0087
vn 0.6865 0.5733 0.4473
vn 0.8148 0.5484 0.1882
vn 0.8272 0.5444 0.1393
vn 0.9093 0.3952 0.1300
vn 0.8661 0.4914 0.0911
vn 0.9997 -0.0250 -0.0020
vn 0.9998 -0.0222 -0.0022
vn 0.9997 -0.0187 -0.0130
vn 0.9999 0.0122 0.0047
vn 0.9999 0.0118 0.0035
vn 0.9999 0.0118 0.0033
vn 0.2109 0.9392 0.2711
vn 0.2044 0.9413 0.2685
vn 0.2041 0.9415 0.2681
vn 1.0000 -0.0057 -0.0023
vn 0.8203 -0.4759 -0.3171
vn 0.5433 -0.7213 -0.4295
vn 0.4286 -0.8113 -0.3975
vn 0.0039 -0.7621 -0.6474
vn 0.0029 -0.7549 -0.6558
vn 0.0010 -0.7555 -0.6552
vn 0.8162 -0.4317 -0.3840
vn 0.8199 -0.4306 -0.3773
vn 0.8208 -0.4270 -0.3796
vn -0.3734 -0.6906 -0.6193
vn 1.0000 -0.0040 0.0019
vn 1.0000 -0.0041 0.0019
vn 1.0000 -0.0007 -0.0069
vn 1.0000 -0.0027 0.0007
vn 1.0000 -0.0005 -0.0053
vn 1.0000 -0.0000 -0.0045
vn 1.0000 -0.0002 -0.0049
vn 0.7844 0.4998 0.3674
vn 0.8308 0.4189 0.3664
vn 0.6014 0.6409 0.4770
vn 0.4370 0.6833 0.5849
vn 0.2600 0.7506 0.6074
vn 0.1490 0.7639 0.6279
vn 0.0690 0.7779 0.6246
vn 1.0000 -0.0045 -0.0031
vn 1.0000 0.0023 -0.0082
vn 0.9999 -0.0045 -0.0142
vn 0.9999 -0.0068 -0.0130
vn 0.6459 0.5715 0.5061
vn 0.6376 0.5782 0.5091
vn 0.6414 0.5728 0.5104
vn 0.1037 0.9900 0.0959
vn 0.1074 0.9885 0.1062
vn 0.1038 0.9898 0.0972
vt 0.537378 0.588217
vt 0.699219 0.725342
vt 0.421395 0.135558
vt 0.520425 0.058370
vt 0.202108 0.646856
vt 0.518891 0.786367
vt 0.582494 0.481353
vt 0.352132 0.639936
vt 0.320196 0.202665
vt 0.510416 0.763909
vt 0.448651 0.243318
vt 0.698480 0.674834
vt 0.325966 0.526536
vt 0.238223 0.642757
vt 0.601235 0.471354
vt 0.587527 0.073989
vt 0.376441 0.576414
vt 0.891735 0.479857
vt 0.916135 0.593422
vt 0.375463 0.521498
vt 0.280202 0.200702
vt 0.364007 0.599772
vt 0.528173 0.587027
vt 0.366594 0.579595
vt 0.258897 0.201157
vt 0.891972 0.470980
vt 0.462961 0.244065
vt 0.558927 0.481523
vt 0.605951 0.216410
vt 0.520976 0.718350
vt 0.808025 0.510829
vt 0.392683 0.135070
vt 0.710050 0.420678
vt 0.230473 0.546927
vt 0.556261 0.526312
vt 0.902369 0.546289
vt 0.338330 0.531278
vt 0.216623 0.643032
vt 0.518799 0.793701
vt 0.305439 0.527155
vt 0.521480 0.701829
vt 0.916711 0.626833
vt 0.519507 0.763535
vt 0.512891 0.067539
vt 0.494901 0.058441
vt 0.530213 0.609646
vt 0.905077 0.566379
vt 0.357993 0.530559
vt 0.908450 0.472080
vt 0.698793 0.696320
vt 0.700765 0.434831
vt 0.817140 0.506955
vt 0.934785 0.052810
vt 0.744813 0.952994
vt 0.709345 0.436812
vt 0.458729 0.236400
vt 0.558607 0.472142
vt 0.963787 0.061686
vt 0.785326 0.200381
vt 0.916261 0.606555
vt 0.623861 0.207279
vt 0.448340 0.234300
vt 0.533063 0.467013
vt 0.967570 0.052627
vt 0.773368 0.208407
vt 0.700304 0.457000
vt 0.261277 0.546261
vt 0.714579 0.198422
vt 0.709198 0.457948
vt 0.654045 0.215543
vt 0.871647 0.060503
vt 0.802980 0.949776
vt 0.882637 0.331964
vt 0.363478 0.522177
vt 0.750829 0.208390
vt 0.816144 0.330980
vt 0.908190 0.613408
vt 0.651436 0.206225
vt 0.625621 0.215989
vt 0.900356 0.056094
vt 0.888498 0.058189
vt 0.786512 0.950175
vt 0.518264 0.741374
vt 0.247930 0.546247
vt 0.219964 0.547391
vt 0.815306 0.517182
vt 0.699275 0.716187
vt 0.435398 0.140516
vt 0.673952 0.214980
vt 0.912549 0.054752
vt 0.765011 0.950727
vt 0.974255 0.472576
vt 0.686019 0.215366
vt 0.818911 0.494360
vt 0.958080 0.482468
vt 0.707735 0.674535
vt 0.891591 0.067818
vt 0.956910 0.473144
vt 0.726240 0.208073
vt 0.296859 0.201261
vt 0.357138 0.615491
vt 0.278794 0.087154
vt 0.928402 0.482221
vt 0.860936 0.333065
vt 0.836633 0.332225
vt 0.548508 0.521279
vt 0.342536 0.522899
vt 0.543822 0.536845
vt 0.816506 0.482285
vt 0.281740 0.527864
vt 0.542116 0.068613
vt 0.270033 0.078290
vt 0.796861 0.329505
vt 0.703527 0.633887
vt 0.202546 0.090499
vt 0.346278 0.672156
vt 0.348571 0.659886
vt 0.953400 0.052396
vt 0.567760 0.071014
vt 0.245270 0.088873
vt 0.701798 0.206611
vt 0.292089 0.086493
vt 0.601562 0.481310
vt 0.300753 0.004289
vt 0.589755 0.065411
vt 0.326479 0.517187
vt 0.239268 0.651750
vt 0.217791 0.089918
vt 0.790591 0.329163
vt 0.698479 0.649727
vt 0.710033 0.465957
vt 0.706299 0.465576
vt 0.250819 0.555011
vt 0.495398 0.067402
vt 0.522973 0.606795
vt 0.583642 0.471978
vt 0.262880 0.087974
vt 0.395337 0.126470
vt 0.701373 0.420258
vt 0.931665 0.473086
vt 0.536871 0.558239
vt 0.596406 0.217246
vt 0.424392 0.234009
vt 0.812981 0.321727
vt 0.925650 0.627059
vt 0.530758 0.705909
vt 0.696692 0.218073
vt 0.288433 0.096540
vt 0.598853 0.462730
vt 0.587423 0.082689
vt 0.221575 0.099236
vt 0.689902 0.698525
vt 0.260342 0.210052
vt 0.892549 0.461709
vt 0.541602 0.078181
vt 0.444293 0.225932
vt 0.534668 0.462308
vt 0.306189 0.536525
vt 0.784142 0.218337
vt 0.968356 0.041176
vt 0.689649 0.649359
vt 0.286789 0.210638
vt 0.689500 0.674317
vt 0.263410 0.097580
vt 0.730022 0.217273
vt 0.528564 0.763487
vt 0.530442 0.718749
vt 0.931206 0.463966
vt 0.763656 0.218118
vt 0.748299 0.217619
vt 0.520969 0.578020
vt 0.690060 0.721928
vt 0.435654 0.130053
vt 0.646427 0.224723
vt 0.527750 0.556920
vt 0.578890 0.462687
vt 0.592773 0.222656
vt 0.592793 0.230568
vt 0.428561 0.224206
vt 0.523725 0.461284
vt 0.566238 0.080021
vt 0.766069 0.959375
vt 0.624265 0.225595
vt 0.245558 0.098373
vt 0.861237 0.323147
vt 0.925711 0.607853
vt 0.241214 0.537154
vt 0.365990 0.512680
vt 0.981919 0.463295
vt 0.682614 0.225386
vt 0.794334 0.319664
vt 0.689124 0.633011
vt 0.201706 0.633807
vt 0.528092 0.786364
vt 0.605744 0.226047
vt 0.534145 0.533941
vt 0.937321 0.043441
vt 0.746066 0.960202
vt 0.691703 0.441692
vt 0.927299 0.589485
vt 0.379551 0.510529
vt 0.558839 0.462873
vt 0.691463 0.462117
vt 0.257854 0.536756
vt 0.499704 0.077348
vt 0.511900 0.606602
vt 0.341515 0.653391
vt 0.335390 0.214032
vt 0.906710 0.462355
vt 0.785367 0.958802
vt 0.802088 0.958926
vt 0.887686 0.323798
vt 0.338570 0.670937
vt 0.200412 0.100142
vt 0.351555 0.216304
vt 0.710914 0.217108
vt 0.282341 0.537578
vt 0.538112 0.519100
vt 0.345420 0.512601
vt 0.953272 0.042894
vt 0.665161 0.224421
vt 0.399487 0.117128
vt 0.692053 0.422501
vt 0.519437 0.077039
vt 0.313331 0.212024
vt 0.827941 0.494454
vt 0.384247 0.902134
vt 0.272627 0.537325
vt 0.529536 0.742228
vt 0.326985 0.535901
vt 0.238344 0.633687
vt 0.826251 0.507154
vt 0.388747 0.913215
vt 0.420797 0.124894
vt 0.961545 0.463962
vt 0.874677 0.322628
vt 0.224319 0.538000
vt 0.824675 0.518385
vt 0.385890 0.929465
vt 0.516074 0.593666
vt 0.216569 0.628270
vt 0.837133 0.322743
vt 0.431472 0.215919
vt 0.528066 0.452407
vt 0.234699 0.108082
vt 0.277888 0.106386
vt 0.292547 0.313454
vt 0.294816 0.313788
vt 0.058504 0.361736
vt 0.995726 0.594687
vt 0.253283 0.987934
vt 0.486699 0.957061
vt 0.201772 0.375058
vt 0.242513 0.372839
vt 0.338878 0.318791
vt 0.047538 0.362961
vt 0.995367 0.583262
vt 0.052908 0.362562
vt 0.995334 0.588901
vt 0.283306 0.313072
vt 0.299574 0.313564
vt 0.233187 0.373903
vt 0.243278 0.940051
vt 0.481898 0.907264
vt 0.041501 0.361812
vt 0.730192 0.377558
vt 0.210162 0.801992
vt 0.218818 0.374831
vt 0.063859 0.360600
vt 0.995397 0.598501
vt 0.723395 0.314027
vt 0.210412 0.375048
vt 0.242709 0.930895
vt 0.481063 0.897127
vt 0.242227 0.922236
vt 0.480725 0.888859
vt 0.210234 0.797504
vt 0.243466 0.944653
vt 0.482286 0.912207
vt 0.310433 0.314448
vt 0.225227 0.374747
vt 0.242483 0.926576
vt 0.481035 0.893188
vt 0.322215 0.315531
vt 0.521778 0.246886
vt 0.732237 0.783249
vt 0.205715 0.375017
vt 0.402455 0.003767
vt 0.018886 0.910258
vt 0.264674 0.988378
vt 0.484237 0.961711
vt 0.304586 0.314016
vt 0.733041 0.788751
vt 0.287206 0.312802
vt 0.239344 0.170022
vt 0.533354 0.253529
vt 0.933236 0.302462
vt 0.240966 0.173786
vt 0.540039 0.256592
vt 0.131881 0.748336
vt 0.161637 0.167568
vt 0.362732 0.325806
vt 0.546842 0.951551
vt 0.620246 0.323536
vt 0.535859 0.323905
vt 0.720883 0.381344
vt 0.512283 0.175780
vt 0.710350 0.390204
vt 0.193035 0.291557
vt 0.741240 0.314207
vt 0.048967 0.921261
vt 0.245130 0.956690
vt 0.483027 0.925053
vt 0.073059 0.322753
vt 0.590952 0.360752
vt 0.570497 0.181047
vt 0.723150 0.767490
vt 0.138014 0.238485
vt 0.709438 0.314325
vt 0.499054 0.246083
vt 0.552363 0.972524
vt 0.850708 0.222006
vt 0.855630 0.221994
vt 0.717721 0.314107
vt 0.625362 0.323051
vt 0.707438 0.315114
vt 0.177297 0.367250
vt 0.760613 0.390399
vt 0.674548 0.853323
vt 0.178997 0.127198
vt 0.577932 0.299374
vt 0.246505 0.173580
vt 0.546623 0.248681
vt 0.561271 0.236841
vt 0.942059 0.302107
vt 0.370452 0.412727
vt 0.025355 0.363578
vt 0.995479 0.559948
vt 0.058594 0.494629
vt 0.700606 0.316223
vt 0.178217 0.374016
vt 0.181865 0.374120
vt 0.185965 0.374561
vt 0.819408 0.146940
vt 0.881682 0.902983
vt 0.722609 0.759235
vt 0.139956 0.233738
vt 0.471991 0.034119
vt 0.799202 0.807056
vt 0.012021 0.985856
vt 0.245943 0.961650
vt 0.483378 0.930008
vt 0.210630 0.793073
vt 0.748643 0.314152
vt 0.727426 0.313827
vt 0.210552 0.108915
vt 0.264178 0.790522
vt 0.827114 0.180127
vt 0.744465 0.755374
vt 0.737006 0.798544
vt 0.071271 0.965687
vt 0.471742 0.037875
vt 0.799514 0.804107
vt 0.053933 0.463742
vt 0.803913 0.218875
vt 0.411605 0.973612
vt 0.794638 0.738279
vt 0.093074 0.952812
vt 0.315067 0.964816
vt 0.058292 0.252775
vt 0.149347 0.865890
vt 0.513086 0.243255
vt 0.354992 0.362733
vt 0.346924 0.403809
vt 0.623500 0.933721
vt 0.171166 0.748796
vt 0.926971 0.963223
vt 0.382429 0.321010
vt 0.570337 0.362286
vt 0.633555 0.404528
vt 0.136274 0.116336
vt 0.536683 0.283356
vt 0.547142 0.361846
vt 0.612401 0.324064
vt 0.516846 0.339844
vt 0.515837 0.348982
vt 0.663199 0.321967
vt 0.753788 0.385458
vt 0.709958 0.383049
vt 0.195464 0.302985
vt 0.651445 0.933125
vt 0.411806 0.963660
vt 0.796998 0.749122
vt 0.628722 0.964437
vt 0.428211 0.550086
vt 0.468706 0.033460
vt 0.012031 0.982073
vt 0.939602 0.310994
vt 0.496180 0.177155
vt 0.628592 0.984026
vt 0.421814 0.568451
vt 0.243335 0.918902
vt 0.078372 0.353748
vt 0.366124 0.412783
vt 0.291016 0.802979
vt 0.840898 0.144590
vt 0.869045 0.861908
vt 0.766615 0.390196
vt 0.285606 0.825739
vt 0.289680 0.808642
vt 0.676869 0.850505
vt 0.854826 0.820984
vt 0.210938 0.767822
vt 0.877434 0.221484
vt 0.284837 0.369203
vt 0.921424 0.297406
vt 0.273662 0.326764
vt 0.908291 0.364729
vt 0.731306 0.794973
vt 0.082766 0.977784
vt 0.505300 0.182791
vt 0.568167 0.973244
vt 0.628416 0.976815
vt 0.424362 0.561361
vt 0.628825 0.969277
vt 0.426730 0.554422
vt 0.016445 0.314315
vt 0.103970 0.481097
vt 0.379746 0.411911
vt 0.860153 0.222188
vt 0.213102 0.769584
vt 0.881474 0.221085
vt 0.212768 0.773827
vt 0.915608 0.288605
vt 0.232044 0.301130
vt 0.326765 0.379729
vt 0.659725 0.948780
vt 0.871930 0.019323
vt 0.906700 0.293480
vt 0.253541 0.828750
vt 0.740170 0.365750
vt 0.185115 0.335065
vt 0.506325 0.242947
vt 0.175278 0.161734
vt 0.545334 0.965308
vt 0.301428 0.929239
vt 0.112569 0.891663
vt 0.050016 0.280895
vt 0.636900 0.322656
vt 0.947593 0.366706
vt 0.526477 0.176054
vt 0.052718 0.449174
vt 0.403794 0.365182
vt 0.407459 0.379054
vt 0.053355 0.418710
vt 0.413715 0.401273
vt 0.963097 0.290278
vt 0.092754 0.097097
vt 0.967430 0.366556
vt 0.628471 0.952918
vt 0.431724 0.539422
vt 0.421632 0.016569
vt 0.013500 0.936180
vt 0.251117 0.981177
vt 0.485494 0.950402
vt 0.560596 0.179157
vt 0.093039 0.967986
vt 0.079533 0.255718
vt 0.034191 0.363465
vt 0.995571 0.569487
vt 0.864360 0.222120
vt 0.536433 0.361413
vt 0.776690 0.327199
vt 0.781250 0.319580
vt 0.210198 0.822965
vt 0.755735 0.314033
vt 0.506727 0.175901
vt 0.923072 0.968906
vt 0.387891 0.345542
vt 0.125580 0.453749
vt 0.828150 0.221492
vt 0.209943 0.814814
vt 0.775183 0.315224
vt 0.213791 0.845059
vt 0.727610 0.773203
vt 0.727129 0.801817
vt 0.086207 0.975637
vt 0.627798 0.948779
vt 0.433028 0.535582
vt 0.211885 0.781998
vt 0.880758 0.218119
vt 0.678081 0.852953
vt 0.847923 0.820382
vt 0.529737 0.360823
vt 0.910550 0.282043
vt 0.843996 0.007270
vt 0.603411 0.324694
vt 0.212221 0.777571
vt 0.955880 0.295779
vt 0.912845 0.365528
vt 0.519223 0.175801
vt 0.396219 0.408835
vt 0.004198 0.353313
vt 0.004578 0.339905
vt 0.054637 0.470532
vt 0.123857 0.471647
vt 0.387095 0.410522
vt 0.053278 0.457986
vt 0.975840 0.352968
vt 0.976562 0.358398
vt 0.672296 0.321984
vt 0.701056 0.314562
vt 0.176015 0.380851
vt 0.465451 0.032342
vt 0.788354 0.805146
vt 0.012095 0.977812
vt 0.026851 0.290072
vt 0.411420 0.011413
vt 0.015969 0.924391
vt 0.345860 0.412275
vt 0.620850 0.909296
vt 0.443983 0.497359
vt 0.190803 0.374996
vt 0.441560 0.024484
vt 0.012011 0.955595
vt 0.353731 0.413378
vt 0.052622 0.440248
vt 0.920948 0.366094
vt 0.798891 0.768437
vt 0.799276 0.786743
vt 0.500268 0.175907
vt 0.582515 0.361835
vt 0.210957 0.789795
vt 0.922324 0.295726
vt 0.950596 0.367293
vt 0.904769 0.364763
vt 0.799407 0.799937
vt 0.868780 0.221949
vt 0.764289 0.314507
vt 0.957275 0.366762
vt 0.797443 0.755623
vt 0.798139 0.760779
vt 0.500350 0.246245
vt 0.556961 0.977957
vt 0.799502 0.792103
vt 0.408356 0.404258
vt 0.533102 0.176511
vt 0.449650 0.027315
vt 0.011427 0.963701
vt 0.404100 0.405667
vt 0.556059 0.362054
vt 0.603954 0.328405
vt 0.522361 0.360159
vt 0.740424 0.378718
vt 0.211227 0.833002
vt 0.384226 0.411228
vt 0.103649 0.092535
vt 0.541368 0.177141
vt 0.624700 0.926369
vt 0.439480 0.513998
vt 0.434940 0.021944
vt 0.012322 0.949115
vt 0.623700 0.921946
vt 0.440587 0.509640
vt 0.008904 0.297378
vt 0.008545 0.302772
vt 0.121549 0.477660
vt 0.564324 0.362564
vt 0.248119 0.972913
vt 0.484410 0.941502
vt 0.814919 0.220453
vt 0.836157 0.221901
vt 0.841229 0.221829
vt 0.649437 0.322382
vt 0.627303 0.943816
vt 0.434440 0.531221
vt 0.263232 0.312805
vt 0.898821 0.363558
vt 0.799240 0.795569
vt 0.041434 0.981276
vt 0.600952 0.318197
vt 0.602549 0.325853
vt 0.516698 0.359705
vt 0.930492 0.366726
vt 0.196789 0.375192
vt 0.428279 0.019165
vt 0.012760 0.942573
vt 0.052517 0.435852
vt 0.873186 0.221793
vt 0.941030 0.367036
vt 0.003584 0.360931
vt 0.055944 0.479928
vt 0.011361 0.299770
vt 0.074764 0.358483
vt 0.990827 0.607550
vt 0.799347 0.777557
vt 0.067184 0.360322
vt 0.992987 0.601473
vt 0.935898 0.366982
vt 0.548863 0.177792
vt 0.626717 0.938245
vt 0.435979 0.525467
vt 0.799656 0.782937
vt 0.654000 0.321961
vt 0.277806 0.312706
vt 0.069471 0.247555
vt 0.358372 0.413211
vt 0.070690 0.359137
vt 0.399410 0.407962
vt 0.975016 0.365952
vt 0.681755 0.322423
vt 0.949906 0.299798
vt 0.641701 0.322224
vt 0.019397 0.296513
vt 0.052647 0.431072
vt 0.098431 0.891695
vt 0.780694 0.315471
vt 0.212146 0.843877
vt 0.052961 0.422885
vt 0.180664 0.119873
vt 0.243500 0.180724
vt 0.196486 0.288353
vt 0.658212 0.928863
vt 0.965313 0.320177
vt 0.651576 0.400384
vt 0.105259 0.103618
vt 0.133542 0.729192
vt 0.151911 0.191894
vt 0.152828 0.185274
vt 0.093391 0.901880
vt 0.030440 0.286586
vt 0.927547 0.970880
vt 0.272161 0.312764
vt 0.920525 0.977420
vt 0.129671 0.462682
vt 0.242928 0.934857
vt 0.481498 0.901890
vt 0.103462 0.878794
vt 0.169281 0.169471
vt 0.243499 0.948289
vt 0.481961 0.915415
vt 0.154533 0.094017
vt 0.244266 0.952246
vt 0.482657 0.920272
vt 0.455061 0.029315
vt 0.011656 0.969394
vt 0.252044 0.984026
vt 0.485516 0.953660
vt 0.415412 0.013960
vt 0.014530 0.929941
vt 0.052254 0.230400
vt 0.135654 0.845229
vt 0.210008 0.818228
vt 0.628721 0.980139
vt 0.423251 0.564871
vt 0.961806 0.366823
vt 0.752120 0.314066
vt 0.210083 0.805222
vt 0.953900 0.367276
vt 0.745111 0.314212
vt 0.247133 0.967810
vt 0.483891 0.937144
vt 0.737555 0.313866
vt 0.667492 0.321931
vt 0.607070 0.324412
vt 0.445685 0.025927
vt 0.011478 0.959720
vt 0.190155 0.741397
vt 0.935776 0.967457
vt 0.630207 0.322858
vt 0.211485 0.786097
vt 0.405039 0.006516
vt 0.017753 0.915302
vt 0.282648 0.312369
vt 0.616429 0.323593
vt 0.214859 0.375015
vt 0.249359 0.976575
vt 0.484754 0.945662
vt 0.847603 0.014258
vt 0.374439 0.412717
vt 0.209859 0.811521
vt 0.730722 0.313871
vt 0.917740 0.365894
vt 0.409016 0.010239
vt 0.016629 0.920264
vt 0.391168 0.410028
vt 0.210443 0.828209
vt 0.628818 0.958361
vt 0.430035 0.544559
vt 0.645738 0.322288
vt 0.362185 0.413186
vt 0.759755 0.314419
vt 0.971728 0.366342
vt 0.945298 0.367315
vt 0.157838 0.184289
vt 0.405305 0.406049
vt 0.242234 0.918745
vt 0.480444 0.885125
vt 0.079438 0.357709
vt 0.210057 0.808576
vt 0.659930 0.321992
vt 0.621745 0.912625
vt 0.443291 0.500721
vt 0.923724 0.366368
vt 0.628839 0.973988
vt 0.425659 0.558505
vt 0.542118 0.362054
vt 0.496499 0.175709
vt 0.422114 0.571317
vt 0.622867 0.916927
vt 0.441988 0.505886
vt 0.926803 0.366576
vt 0.211676 0.839271
vt 0.734290 0.313896
vt 0.713514 0.314145
vt 0.262289 0.309160
vt 0.899880 0.364339
vt 0.846133 0.222174
vt 0.625984 0.932694
vt 0.437651 0.519988
vt 0.677715 0.322007
vt 0.395732 0.957463
vt 0.798015 0.754909
vt 0.410639 0.403497
vt 0.461074 0.031349
vt 0.011539 0.974014
vt 0.448147 0.496204
vt 0.348435 0.413886
vt 0.267494 0.312682
vt 0.402055 0.407403
vt 0.771108 0.314896
vt 0.052492 0.445444
vt 0.705193 0.314391
vt 0.052900 0.453286
vt 0.925774 0.454873
vt 0.298716 0.220166
vt 0.846549 0.840427
vt 0.113838 0.853071
vt 0.181080 0.733759
vt 0.947170 0.962960
vt 0.175313 0.110147
vt 0.246968 0.188975
vt 0.778545 0.315029
vt 0.799688 0.774720
vt 0.520071 0.550853
vt 0.722083 0.226033
vt 0.673937 0.954487
vt 0.856631 0.035984
vt 0.720429 0.313736
vt 0.052444 0.415760
vt 0.413576 0.404028
vt 0.866568 0.899554
vt 0.142284 0.219751
vt 0.787659 0.967312
vt 0.041569 0.363095
vt 0.995233 0.577653
vt 0.854255 0.885567
vt 0.845693 0.839989
vt 0.558469 0.453751
vt 0.934764 0.634194
vt 0.939941 0.634766
vt 0.538579 0.718966
vt 0.565553 0.088733
vt 0.667840 0.233895
vt 0.307063 0.545564
vt 0.680618 0.674748
vt 0.599977 0.453779
vt 0.586015 0.092266
vt 0.166766 0.724394
vt 0.682897 0.725963
vt 0.432322 0.119142
vt 0.125436 0.091294
vt 0.981283 0.453746
vt 0.684797 0.230453
vt 0.401457 0.108363
vt 0.683807 0.425557
vt 0.681363 0.713811
vt 0.700515 0.226662
vt 0.292803 0.105744
vt 0.280142 0.219289
vt 0.224297 0.529559
vt 0.394573 0.931795
vt 0.956434 0.455353
vt 0.175534 0.729443
vt 0.953040 0.961140
vt 0.861780 0.893911
vt 0.052424 0.428296
vt 0.106877 0.868851
vt 0.168836 0.103873
vt 0.526248 0.531180
vt 0.676758 0.946412
vt 0.871024 0.035979
vt 0.965200 0.367710
vt 0.685284 0.955561
vt 0.862176 0.049531
vt 0.409965 0.966385
vt 0.804199 0.750977
vt 0.109148 0.860534
vt 0.843609 0.852671
vt 0.048847 0.222226
vt 0.121108 0.842069
vt 0.050103 0.438766
vt 0.805427 0.221773
vt 0.407988 0.981920
vt 0.518901 0.254921
vt 0.509034 0.251238
vt 0.938621 0.295934
vt 0.012626 0.293370
vt 0.993435 0.589641
vt 0.315706 0.311572
vt 0.140052 0.088871
vt 0.726425 0.384523
vt 0.156585 0.718521
vt 0.128323 0.475900
vt 0.257032 0.373830
vt 0.336022 0.314619
vt 0.680889 0.695630
vt 0.628960 0.233907
vt 0.112049 0.850485
vt 0.500346 0.085844
vt 0.504289 0.602076
vt 0.158776 0.093809
vt 0.540354 0.086693
vt 0.939386 0.034482
vt 0.682488 0.462491
vt 0.257732 0.527937
vt 0.915626 0.278447
vt 0.836898 0.010840
vt 0.845129 0.876328
vt 0.681145 0.649711
vt 0.151539 0.087178
vt 0.841711 0.863806
vt 0.859423 0.903699
vt 0.134506 0.215587
vt 0.148893 0.713540
vt 0.840574 0.870910
vt 0.104104 0.085651
vt 0.933697 0.607990
vt 0.673040 0.932477
vt 0.177460 0.723597
vt 0.951619 0.967430
vt 0.114429 0.841993
vt 0.736066 0.386291
vt 0.538281 0.742230
vt 0.836344 0.481451
vt 0.283215 0.546399
vt 0.512760 0.575253
vt 0.725335 0.791982
vt 0.933988 0.295048
vt 0.593713 0.237321
vt 0.423694 0.215523
vt 0.507771 0.448217
vt 0.752760 0.280995
vt 0.317526 0.220961
vt 0.446910 0.521541
vt 0.758401 0.396318
vt 0.678812 0.860343
vt 0.840065 0.818559
vt 0.062192 0.234145
vt 0.508512 0.590045
vt 0.928272 0.291401
vt 0.652883 0.309141
vt 0.085385 0.903260
vt 0.023848 0.284701
vt 0.199279 0.821160
vt 0.723980 0.778285
vt 0.582861 0.453790
vt 0.588623 0.088623
vt 0.196787 0.797395
vt 0.683620 0.444155
vt 0.240918 0.528811
vt 0.844574 0.025689
vt 0.523689 0.160546
vt 0.795055 0.310905
vt 0.676243 0.633689
vt 0.953394 0.380540
vt 0.953266 0.034249
vt 0.720603 0.391128
vt 0.802462 0.967689
vt 0.886886 0.313544
vt 0.838403 0.313740
vt 0.162992 0.185280
vt 0.231346 0.175442
vt 0.527032 0.260264
vt 0.836636 0.493688
vt 0.392985 0.898820
vt 0.272705 0.552246
vt 0.722583 0.796877
vt 0.368853 0.503860
vt 0.505487 0.250778
vt 0.081232 0.902612
vt 0.018309 0.286186
vt 0.132513 0.228464
vt 0.399794 0.426453
vt 0.693216 0.951067
vt 0.855277 0.054092
vt 0.184225 0.106628
vt 0.237580 0.189252
vt 0.167257 0.718011
vt 0.201542 0.768848
vt 0.880898 0.233252
vt 0.098808 0.871330
vt 0.519250 0.085716
vt 0.936876 0.037443
vt 0.765376 0.968160
vt 0.254932 0.218593
vt 0.900483 0.453361
vt 0.250783 0.379004
vt 0.340401 0.306336
vt 0.760801 0.226349
vt 0.325190 0.543535
vt 0.238085 0.624209
vt 0.749205 0.392309
vt 0.713775 0.398327
vt 0.660819 0.914903
vt 0.929980 0.977313
vt 0.090596 0.890286
vt 0.982020 0.558810
vt 0.837995 0.871678
vt 0.951064 0.291102
vt 0.501539 0.252797
vt 0.549446 0.981146
vt 0.513026 0.252202
vt 0.921595 0.982783
vt 0.133104 0.471192
vt 0.865142 0.314182
vt 0.838344 0.840993
vt 0.203316 0.625086
vt 0.536911 0.786310
vt 0.724683 0.788738
vt 0.443793 0.039566
vt 0.537372 0.764205
vt 0.175886 0.101969
vt 0.007599 0.292914
vt 0.129525 0.480056
vt 0.943130 0.293191
vt 0.399467 0.015276
vt 0.255117 0.460451
vt 0.478769 0.961391
vt 0.730530 0.385580
vt 0.720176 0.801613
vt 0.092609 0.980152
vt 0.840622 0.825977
vt 0.957927 0.285611
vt 0.096464 0.085395
vt 0.135775 0.715703
vt 0.158035 0.198656
vt 0.921687 0.284312
vt 0.717716 0.772845
vt 0.131750 0.236505
vt 0.119323 0.084994
vt 0.723297 0.784611
vt 0.600421 0.301387
vt 0.515774 0.380013
vt 0.098594 0.973730
vt 0.082248 0.247777
vt 0.812047 0.312096
vt 0.416084 0.031673
vt 0.137659 0.081222
vt 0.456101 0.914997
vt 0.496555 0.164941
vt 0.434253 0.572819
vt 0.198672 0.109868
vt 0.341053 0.224020
vt 0.746236 0.226440
vt 0.963824 0.535844
vt 0.027602 0.489708
vt 0.648014 0.234312
vt 0.554059 0.168776
vt 0.708008 0.400879
vt 0.193690 0.286490
vt 0.664749 0.921026
vt 0.286022 0.300592
vt 0.471852 0.941790
vt 0.128765 0.835007
vt 0.052916 0.221299
vt 0.177578 0.171675
vt 0.626126 0.312897
vt 0.256694 0.106938
vt 0.417846 0.114355
vt 0.743469 0.387704
vt 0.977207 0.379078
vt 0.680436 0.309451
vt 0.224778 0.385716
vt 0.966895 0.033493
vt 0.782255 0.226859
vt 0.606990 0.234665
vt 0.530628 0.516516
vt 0.346682 0.505083
vt 0.845265 0.888550
vt 0.183373 0.165680
vt 0.542229 0.974301
vt 0.064794 0.230454
vt 0.262209 0.296098
vt 0.898457 0.379855
vt 0.148877 0.707085
vt 0.851566 0.041856
vt 0.108363 0.837855
vt 0.129006 0.719530
vt 0.168083 0.187148
vt 0.934581 0.627021
vt 0.164417 0.089997
vt 0.834639 0.858106
vt 0.105722 0.848033
vt 0.197876 0.385162
vt 0.154057 0.078589
vt 0.265977 0.219409
vt 0.832720 0.235571
vt 0.592848 0.242863
vt 0.593080 0.246281
vt 0.509212 0.440381
vt 0.726335 0.389260
vt 0.040704 0.463904
vt 0.916762 0.553001
vt 0.225477 0.615402
vt 0.457031 0.886475
vt 0.076416 0.365234
vt 0.966219 0.599587
vt 0.291525 0.602639
vt 0.543611 0.396106
vt 0.839267 0.302609
vt 0.963612 0.444036
vt 0.670503 0.695944
vt 0.538551 0.097300
vt 0.592537 0.442889
vt 0.584652 0.102309
vt 0.008887 0.291135
vt 0.403521 0.093660
vt 0.673144 0.429095
vt 0.233490 0.120003
vt 0.731062 0.237119
vt 0.670536 0.243291
vt 0.725330 0.291132
vt 0.404495 0.915164
vt 0.671814 0.458570
vt 0.258329 0.516929
vt 0.548181 0.771120
vt 0.923784 0.984490
vt 0.136374 0.470611
vt 0.260684 0.230362
vt 0.893741 0.442345
vt 0.086124 0.892225
vt 0.018114 0.420610
vt 0.596035 0.712215
vt 0.416236 0.417114
vt 0.077586 0.517591
vt 0.401934 0.886987
vt 0.273931 0.556973
vt 0.831137 0.873688
vt 0.834979 0.840043
vt 0.793661 0.298636
vt 0.669657 0.638797
vt 0.519870 0.513809
vt 0.347375 0.485376
vt 0.498238 0.095967
vt 0.494638 0.600165
vt 0.315452 0.233019
vt 0.753266 0.398559
vt 0.676893 0.864752
vt 0.916403 0.541239
vt 0.212685 0.615240
vt 0.547209 0.794014
vt 0.285660 0.557291
vt 0.331517 0.232911
vt 0.946196 0.444502
vt 0.186199 0.167008
vt 0.541264 0.977326
vt 0.133368 0.476765
vt 0.181987 0.719350
vt 0.944597 0.976288
vt 0.364410 0.492882
vt 0.717041 0.802246
vt 0.086656 0.247970
vt 0.099362 0.977509
vt 0.306465 0.556281
vt 0.243691 0.613519
vt 0.934285 0.291269
vt 0.779163 0.294142
vt 0.188633 0.845747
vt 0.253916 0.407416
vt 0.342542 0.282751
vt 0.173773 0.716990
vt 0.953244 0.970092
vt 0.461251 0.058025
vt 0.833307 0.801771
vt 0.953314 0.286033
vt 0.093994 0.083008
vt 0.049895 0.548148
vt 0.621950 0.245268
vt 0.730923 0.388981
vt 0.467981 0.887688
vt 0.081382 0.363584
vt 0.073082 0.234594
vt 0.770901 0.978657
vt 0.992440 0.534269
vt 0.056411 0.490216
vt 0.669382 0.464335
vt 0.246260 0.516559
vt 0.237532 0.196624
vt 0.180318 0.099521
vt 0.472293 0.518323
vt 0.743098 0.392518
vt 0.681659 0.935752
vt 0.506475 0.557023
vt 0.713907 0.772014
vt 0.128120 0.235325
vt 0.942239 0.592114
vt 0.382243 0.494253
vt 0.504648 0.254915
vt 0.177879 0.178145
vt 0.095488 0.870289
vt 0.670083 0.655682
vt 0.576245 0.442466
vt 0.531980 0.441594
vt 0.598782 0.439668
vt 0.575760 0.101208
vt 0.684614 0.864224
vt 0.835543 0.822080
vt 0.701483 0.236364
vt 0.291737 0.115855
vt 0.509715 0.546369
vt 0.700964 0.282152
vt 0.178859 0.409415
vt 0.108146 0.081309
vt 0.045945 0.539161
vt 0.501325 0.259019
vt 0.543121 0.982367
vt 0.548310 0.750756
vt 0.713343 0.402682
vt 0.664795 0.914701
vt 0.593501 0.362730
vt 0.571503 0.178684
vt 0.012121 0.288331
vt 0.514768 0.529979
vt 0.916496 0.531795
vt 0.548137 0.788013
vt 0.186111 0.103203
vt 0.232906 0.186570
vt 0.717458 0.782441
vt 0.720121 0.791246
vt 0.836204 0.017102
vt 0.222133 0.172593
vt 0.513652 0.257788
vt 0.940738 0.020918
vt 0.758737 0.979879
vt 0.226239 0.173507
vt 0.522655 0.262416
vt 0.940088 0.290174
vt 0.697297 0.948834
vt 0.851151 0.057425
vt 0.856382 0.907583
vt 0.130673 0.218881
vt 0.716556 0.799449
vt 0.096446 0.981966
vt 0.419453 0.102753
vt 0.501038 0.576381
vt 0.785253 0.978323
vt 0.734029 0.391119
vt 0.147702 0.702862
vt 0.718994 0.396865
vt 0.928983 0.284922
vt 0.105513 0.835113
vt 0.229276 0.518633
vt 0.405776 0.935574
vt 0.850823 0.898875
vt 0.923593 0.988421
vt 0.136456 0.474086
vt 0.405004 0.927023
vt 0.950969 0.023338
vt 0.507187 0.257032
vt 0.925253 0.400070
vt 0.257645 0.386044
vt 0.337621 0.302427
vt 0.132954 0.077525
vt 0.947962 0.286580
vt 0.046368 0.549593
vt 0.375022 0.441640
vt 0.084179 0.242283
vt 0.102322 0.976833
vt 0.827879 0.009211
vt 0.921681 0.278627
vt 0.724781 0.394841
vt 0.566763 0.396449
vt 0.763886 0.281342
vt 0.077083 0.902599
vt 0.017224 0.282419
vt 0.980188 0.442025
vt 0.684578 0.245527
vt 0.670634 0.718740
vt 0.518639 0.096696
vt 0.847123 0.042677
vt 0.066220 0.907814
vt 0.007385 0.286841
vt 0.134790 0.480877
vt 0.557293 0.442301
vt 0.402978 0.896905
vt 0.263835 0.117843
vt 0.424672 0.496808
vt 0.548092 0.705486
vt 0.943780 0.628459
vt 0.550328 0.706994
vt 0.713334 0.775978
vt 0.124617 0.236669
vt 0.213265 0.119588
vt 0.092659 0.869687
vt 0.814331 0.301516
vt 0.666504 0.633301
vt 0.497154 0.141049
vt 0.452896 0.579339
vt 0.187750 0.171464
vt 0.537573 0.978673
vt 0.709077 0.803541
vt 0.092355 0.245788
vt 0.101763 0.979327
vt 0.909146 0.443356
vt 0.745427 0.238183
vt 0.829620 0.867378
vt 0.134852 0.711359
vt 0.161866 0.201584
vt 0.715087 0.404889
vt 0.668161 0.913100
vt 0.848943 0.901153
vt 0.127197 0.208984
vt 0.740077 0.395527
vt 0.673340 0.873047
vt 0.185116 0.099602
vt 0.233830 0.197298
vt 0.273051 0.118785
vt 0.853626 0.908648
vt 0.127150 0.220595
vt 0.834700 0.023176
vt 0.063564 0.908484
vt 0.921099 0.994488
vt 0.136561 0.479315
vt 0.800058 0.978431
vt 0.884671 0.301816
vt 0.082534 0.885043
vt 0.865425 0.302888
vt 0.012508 0.283032
vt 0.072748 0.901404
vt 0.795389 0.004319
vt 0.946283 0.281782
vt 0.405566 0.097600
vt 0.673780 0.422768
vt 0.171484 0.087124
vt 0.848731 0.907834
vt 0.123790 0.221804
vt 0.670241 0.726037
vt 0.679487 0.725458
vt 0.436400 0.109094
vt 0.450132 0.927530
vt 0.199395 0.121160
vt 0.348241 0.236218
vt 0.713834 0.794589
vt 0.181053 0.714904
vt 0.946776 0.980392
vt 0.640375 0.244550
vt 0.712182 0.785005
vt 0.117829 0.236254
vt 0.679193 0.925597
vt 0.602677 0.245597
vt 0.230027 0.189204
vt 0.494551 0.098496
vt 0.496287 0.591743
vt 0.221884 0.175994
vt 0.518613 0.265667
vt 0.827782 0.874883
vt 0.654782 0.245628
vt 0.700337 0.947572
vt 0.849537 0.059053
vt 0.749612 0.401792
vt 0.685685 0.870064
vt 0.830915 0.825568
vt 0.277389 0.232011
vt 0.935854 0.284849
vt 0.927351 0.443531
vt 0.246776 0.118903
vt 0.942135 0.023977
vt 0.750507 0.977185
vt 0.066375 0.900261
vt 0.924513 0.998191
vt 0.102971 0.832417
vt 0.560014 0.098801
vt 0.293531 0.231026
vt 0.120087 0.830283
vt 0.057329 0.215273
vt 0.732088 0.399557
vt 0.097373 0.847183
vt 0.783880 0.011756
vt 0.952393 0.281494
vt 0.103143 0.078461
vt 0.044064 0.540672
vt 0.715860 0.238064
vt 0.181937 0.707154
vt 0.935873 0.990171
vt 0.195343 0.172570
vt 0.499286 0.267266
vt 0.535890 0.982078
vt 0.722727 0.404015
vt 0.667314 0.901430
vt 0.205181 0.172898
vt 0.506244 0.266988
vt 0.177826 0.188949
vt 0.825074 0.011679
vt 0.925139 0.275662
vt 0.166378 0.706918
vt 0.131981 0.709327
vt 0.163550 0.205510
vt 0.772628 0.237889
vt 0.828317 0.858793
vt 0.137120 0.073326
vt 0.741640 0.403930
vt 0.734375 0.406250
vt 0.675655 0.879178
vt 0.689716 0.936390
vt 0.755709 0.238322
vt 0.549403 0.723301
vt 0.706654 0.799346
vt 0.092616 0.238181
vt 0.670256 0.673432
vt 0.155206 0.074822
vt 0.807556 0.009167
vt 0.936816 0.276121
vt 0.706933 0.790518
vt 0.106025 0.237468
vt 0.951469 0.400470
vt 0.943081 0.601707
vt 0.399576 0.491662
vt 0.147347 0.699585
vt 0.787581 0.015706
vt 0.105674 0.072574
vt 0.677584 0.914346
vt 0.119465 0.827100
vt 0.059924 0.211390
vt 0.964293 0.021820
vt 0.783293 0.240641
vt 0.302924 0.602068
vt 0.961334 0.581268
vt 0.963723 0.588182
vt 0.843545 0.047414
vt 0.216660 0.183148
vt 0.513022 0.267938
vt 0.316230 0.560227
vt 0.918908 0.567582
vt 0.236524 0.614237
vt 0.697452 0.874706
vt 0.823897 0.832035
vt 0.825387 0.856126
vt 0.818490 0.015267
vt 0.929457 0.274863
vt 0.676561 0.891321
vt 0.079745 0.848499
vt 0.794801 0.023401
vt 0.113492 0.064705
vt 0.174230 0.084063
vt 0.231418 0.204887
vt 0.693075 0.931931
vt 0.184617 0.087818
vt 0.226980 0.201517
vt 0.824915 0.902785
vt 0.114825 0.218117
vt 0.841385 0.049455
vt 0.169219 0.705176
vt 0.961952 0.977352
vt 0.836148 0.890781
vt 0.177234 0.831693
vt 0.068420 0.212610
vt 0.832330 0.042955
vt 0.785567 0.028272
vt 0.133577 0.067240
vt 0.093026 0.850040
vt 0.695914 0.922587
vt 0.844971 0.067871
vt 0.183374 0.698047
vt 0.956928 0.990632
vt 0.820580 0.857482
vt 0.074185 0.207844
vt 0.105028 0.820339
vt 0.095040 0.211674
vt 0.181023 0.690472
vt 0.066645 0.857957
vt 0.955503 0.996543
vt 0.164993 0.696090
vt 0.131272 0.699407
vt 0.168848 0.213462
vt 0.832213 0.894387
vt 0.119513 0.203964
vt 0.406799 0.038990
vt 0.631197 0.441234
vt 0.180189 0.212262
vt 0.672063 0.440929
vt 0.789836 0.042047
vt 0.132347 0.057628
vt 0.704598 0.945866
vt 0.846887 0.062241
vt 0.741789 0.281029
vt 0.095748 0.829393
vt 0.825307 0.875855
vt 0.394164 0.445643
vt 0.047117 0.512278
vt 0.377160 0.959888
vt 0.146021 0.694412
vt 0.568256 0.104079
vt 0.667881 0.696628
vt 0.101449 0.828455
vt 0.055821 0.198443
vt 0.521886 0.438778
vt 0.552313 0.440612
vt 0.172019 0.066534
vt 0.214663 0.222606
vt 0.433107 0.105218
vt 0.874097 0.297058
vt 0.668646 0.724585
vt 0.442503 0.108421
vt 0.666021 0.673198
vt 0.297297 0.560747
vt 0.667679 0.714752
vt 0.597048 0.248036
vt 0.507044 0.437733
vt 0.614421 0.247305
vt 0.503554 0.099491
vt 0.639524 0.246722
vt 0.945428 0.022119
vt 0.912794 0.439907
vt 0.605892 0.249224
vt 0.696393 0.240321
vt 0.288594 0.120481
vt 0.299307 0.235436
vt 0.820180 0.297596
vt 0.541990 0.101574
vt 0.832112 0.255495
vt 0.258105 0.403200
vt 0.339856 0.285616
vt 0.769643 0.981135
vt 0.533311 0.438492
vt 0.799545 0.981402
vt 0.885321 0.298108
vt 0.625699 0.246983
vt 0.379789 0.489482
vt 0.339485 0.240102
vt 0.413552 0.490541
vt 0.156809 0.070708
vt 0.401344 0.488650
vt 0.208902 0.124877
vt 0.350905 0.241603
vt 0.787094 0.980616
vt 0.407443 0.922493
vt 0.862281 0.299868
vt 0.179609 0.770513
vt 0.077817 0.399028
vt 0.881656 0.249366
vt 0.234118 0.475250
vt 0.454703 0.940905
vt 0.911660 0.398006
vt 0.461665 0.554235
vt 0.427098 0.495374
vt 0.554944 0.709997
vt 0.552027 0.753319
vt 0.406659 0.892006
vt 0.275274 0.560329
vt 0.273193 0.565918
vt 0.665637 0.654803
vt 0.185207 0.231801
vt 0.798097 0.295593
vt 0.661560 0.636659
vt 0.406641 0.907406
vt 0.815901 0.051825
vt 0.147576 0.040302
vt 0.731337 0.922742
vt 0.776230 0.883840
vt 0.262714 0.235303
vt 0.893950 0.437387
vt 0.720194 0.239831
vt 0.625781 0.249293
vt 0.278611 0.562045
vt 0.168939 0.050714
vt 0.194580 0.259521
vt 0.942113 0.019739
vt 0.759137 0.983075
vt 0.811323 0.078522
vt 0.172997 0.007678
vt 0.156429 0.031795
vt 0.709169 0.883853
vt 0.813906 0.859289
vt 0.716123 0.901443
vt 0.803224 0.857994
vt 0.642434 0.249382
vt 0.553571 0.730707
vt 0.595463 0.250618
vt 0.512773 0.435837
vt 0.558815 0.438092
vt 0.809630 0.888871
vt 0.104919 0.184375
vt 0.178779 0.057995
vt 0.202732 0.234250
vt 0.661044 0.249300
vt 0.057351 0.178989
vt 0.094021 0.814344
vt 0.588235 0.437277
vt 0.583919 0.108900
vt 0.269157 0.162478
vt 0.198337 0.410494
vt 0.805503 0.253880
vt 0.376310 0.975646
vt 0.837383 0.297635
vt 0.729307 0.940490
vt 0.833120 0.076481
vt 0.142353 0.680178
vt 0.169806 0.232946
vt 0.795073 0.898450
vt 0.089454 0.182133
vt 0.056832 0.165575
vt 0.074654 0.818515
vt 0.163307 0.672195
vt 0.434737 0.058124
vt 0.856277 0.256973
vt 0.018189 0.441546
vt 0.594064 0.733286
vt 0.977084 0.399494
vt 0.977463 0.388779
vt 0.681146 0.288572
vt 0.061724 0.164109
vt 0.086060 0.798034
vt 0.847672 0.282487
vt 0.402092 0.440836
vt 0.055318 0.513847
vt 0.020056 0.466214
vt 0.592816 0.757717
vt 0.654989 0.456950
vt 0.257886 0.499378
vt 0.704325 0.256614
vt 0.293008 0.133740
vt 0.292977 0.138912
vt 0.669535 0.288899
vt 0.946513 0.009514
vt 0.554641 0.117339
vt 0.867746 0.256536
vt 0.253340 0.136761
vt 0.278789 0.136778
vt 0.771551 0.256284
vt 0.651211 0.687704
vt 0.939183 0.425539
vt 0.561805 0.146825
vt 0.065941 0.150528
vt 0.765655 0.897380
vt 0.078951 0.792047
vt 0.263216 0.250152
vt 0.894324 0.423377
vt 0.502078 0.509279
vt 0.350899 0.474403
vt 0.961616 0.004708
vt 0.784536 0.252539
vt 0.136199 0.663305
vt 0.175360 0.256521
vt 0.772876 0.997706
vt 0.054745 0.374728
vt 0.546244 0.425871
vt 0.209634 0.140247
vt 0.347639 0.256701
vt 0.374917 0.934761
vt 0.380340 0.946257
vt 0.833066 0.773553
vt 0.177315 0.794465
vt 0.054905 0.398405
vt 0.319316 0.279708
vt 0.567700 0.770600
vt 0.306877 0.574610
vt 0.934223 0.576148
vt 0.572974 0.426219
vt 0.407592 0.466430
vt 0.408911 0.437235
vt 0.064431 0.515410
vt 0.803933 0.280077
vt 0.648372 0.635546
vt 0.567978 0.722100
vt 0.305079 0.281595
vt 0.488893 0.550556
vt 0.421182 0.886512
vt 0.278935 0.577004
vt 0.514621 0.115930
vt 0.595657 0.264799
vt 0.514719 0.420679
vt 0.334282 0.253981
vt 0.567423 0.754720
vt 0.423852 0.485599
vt 0.567172 0.707117
vt 0.777653 0.933941
vt 0.808302 0.121148
vt 0.757321 0.898731
vt 0.075244 0.787693
vt 0.143267 0.650526
vt 0.180397 0.001038
vt 0.176304 0.274103
vt 0.825715 0.286777
vt 0.375457 0.473076
vt 0.976872 0.424947
vt 0.681815 0.263466
vt 0.499713 0.114121
vt 0.478195 0.593160
vt 0.626515 0.261051
vt 0.722352 0.256722
vt 0.239068 0.408662
vt 0.963911 0.425515
vt 0.482532 0.566721
vt 0.594368 0.422674
vt 0.596103 0.428701
vt 0.574735 0.121717
vt 0.398870 0.021369
vt 0.629718 0.458935
vt 0.256300 0.478438
vt 0.179470 0.016066
vt 0.185291 0.266571
vt 0.492850 0.538341
vt 0.178420 0.781255
vt 0.067243 0.398497
vt 0.426814 0.084531
vt 0.626351 0.289788
vt 0.524327 0.117258
vt 0.176710 0.807449
vt 0.047194 0.395624
vt 0.226047 0.498688
vt 0.424518 0.928082
vt 0.288567 0.277708
vt 0.567856 0.736717
vt 0.750249 0.255513
vt 0.230535 0.139316
vt 0.230561 0.434284
vt 0.408469 0.475428
vt 0.177911 0.821060
vt 0.393015 0.472871
vt 0.798693 0.990338
vt 0.881868 0.286945
vt 0.527991 0.422019
vt 0.920717 0.424963
vt 0.943998 0.004192
vt 0.763186 0.996944
vt 0.042213 0.376273
vt 0.735617 0.255539
vt 0.306603 0.251386
vt 0.282118 0.251306
vt 0.408341 0.076165
vt 0.655204 0.434756
vt 0.795267 0.280123
vt 0.651679 0.643510
vt 0.234324 0.499783
vt 0.447715 0.890537
vt 0.275324 0.600485
vt 0.546636 0.143778
vt 0.638453 0.263794
vt 0.864465 0.283736
vt 0.292755 0.573592
vt 0.932759 0.533596
vt 0.566404 0.785453
vt 0.280763 0.162724
vt 0.698621 0.277789
vt 0.186910 0.410421
vt 0.496989 0.523194
vt 0.653800 0.288728
vt 0.653219 0.701542
vt 0.249381 0.499295
vt 0.262611 0.277387
vt 0.897170 0.398039
vt 0.650553 0.716271
vt 0.932914 0.545004
vt 0.567680 0.792964
vt 0.662354 0.260532
vt 0.258746 0.408015
vt 0.339429 0.282491
vt 0.961645 0.559052
vt 0.612166 0.264980
vt 0.479713 0.504986
vt 0.350052 0.448142
vt 0.277249 0.277358
vt 0.651133 0.662907
vt 0.352494 0.954334
vt 0.934681 0.562910
vt 0.411947 0.079285
vt 0.658635 0.425297
vt 0.786381 0.996753
vt 0.062722 0.375109
vt 0.382416 0.447638
vt 0.043416 0.516564
vt 0.723454 0.280603
vt 0.523883 0.142218
vt 0.414581 0.050772
vt 0.631126 0.431998
vt 0.421849 0.904833
vt 0.592490 0.396228
vt 0.575944 0.147255
vt 0.469671 0.527591
vt 0.600618 0.291093
vt 0.516274 0.396229
vt 0.262341 0.161066
vt 0.256146 0.152065
vt 0.222894 0.409700
vt 0.495207 0.116682
vt 0.479153 0.581126
vt 0.821726 0.281288
vt 0.671606 0.263163
vt 0.651157 0.723889
vt 0.446456 0.091262
vt 0.256171 0.242474
vt 0.907221 0.423576
vt 0.584330 0.421985
vt 0.565830 0.422550
vt 0.800817 0.998168
vt 0.880222 0.281768
vt 0.422814 0.482528
vt 0.570664 0.710333
vt 0.950526 0.005529
vt 0.968133 0.004017
vt 0.781334 0.257293
vt 0.022324 0.488068
vt 0.592547 0.780719
vt 0.652772 0.264308
vt 0.542315 0.421422
vt 0.425842 0.915486
vt 0.968935 0.001720
vt 0.771245 0.258001
vt 0.156205 0.846254
vt 0.955739 0.424059
vt 0.648782 0.697395
vt 0.355869 0.930627
vt 0.755313 0.258164
vt 0.424877 0.891200
vt 0.274529 0.581114
vt 0.697021 0.259033
vt 0.697510 0.274902
vt 0.283246 0.139227
vt 0.448658 0.911543
vt 0.961581 0.540065
vt 0.023425 0.495493
vt 0.592926 0.789110
vt 0.534799 0.119256
vt 0.780080 0.279384
vt 0.178124 0.844245
vt 0.860595 0.280435
vt 0.733973 0.258323
vt 0.798234 0.276568
vt 0.649056 0.648356
vt 0.354129 0.972615
vt 0.297996 0.253798
vt 0.560582 0.121188
vt 0.417222 0.478613
vt 0.074042 0.532152
vt 0.372170 0.471414
vt 0.621427 0.266514
vt 0.544180 0.419466
vt 0.571844 0.726355
vt 0.601340 0.267566
vt 0.509267 0.417107
vt 0.264920 0.139935
vt 0.899806 0.420544
vt 0.258122 0.255497
vt 0.918233 0.422265
vt 0.525088 0.418887
vt 0.570002 0.754833
vt 0.649166 0.677616
vt 0.355096 0.940274
vt 0.227654 0.496887
vt 0.436744 0.932834
vt 0.302864 0.579036
vt 0.940012 0.575697
vt 0.948856 0.003573
vt 0.155990 0.821705
vt 0.040796 0.377705
vt 0.893510 0.419793
vt 0.266749 0.253566
vt 0.245709 0.140726
vt 0.227997 0.432499
vt 0.330373 0.256859
vt 0.651826 0.460936
vt 0.255174 0.496322
vt 0.829414 0.279715
vt 0.575161 0.420055
vt 0.581002 0.125180
vt 0.578867 0.136914
vt 0.283684 0.272820
vt 0.425512 0.080398
vt 0.749430 0.278677
vt 0.640171 0.265966
vt 0.938403 0.422982
vt 0.162099 0.808407
vt 0.053965 0.377648
vt 0.796840 0.999313
vt 0.069097 0.376342
vt 0.882736 0.279502
vt 0.883803 0.272095
vt 0.710577 0.258131
vt 0.211967 0.142918
vt 0.249445 0.429112
vt 0.346925 0.258765
vt 0.497105 0.512260
vt 0.348133 0.469580
vt 0.938387 0.545945
vt 0.465734 0.541626
vt 0.373912 0.447943
vt 0.976696 0.420336
vt 0.673895 0.266732
vt 0.502318 0.118872
vt 0.471514 0.590646
vt 0.648416 0.720984
vt 0.366609 0.925385
vt 0.840193 0.800396
vt 0.449480 0.089542
vt 0.485376 0.553136
vt 0.948874 0.539485
vt 0.937754 0.534245
vt 0.569912 0.774839
vt 0.431711 0.888954
vt 0.957810 0.580294
vt 0.279174 0.579963
vt 0.409015 0.074755
vt 0.647959 0.435929
vt 0.652544 0.434768
vt 0.395087 0.470766
vt 0.051980 0.521037
vt 0.426380 0.483732
vt 0.573153 0.711239
vt 0.076660 0.529419
vt 0.476157 0.581610
vt 0.942186 0.061943
vt 0.873501 0.068850
vt 0.884879 0.339706
vt 0.372346 0.591175
vt 0.836534 0.341329
vt 0.750736 0.199283
vt 0.730343 0.199082
vt 0.913386 0.063211
vt 0.860859 0.341940
vt 0.217604 0.080367
vt 0.304734 0.517978
vt 0.767798 0.199446
vt 0.229104 0.555761
vt 0.806135 0.521134
vt 0.708645 0.713800
vt 0.433041 0.149784
vt 0.703857 0.726807
vt 0.422938 0.146378
vt 0.795132 0.339203
vt 0.710897 0.633033
vt 0.815610 0.340729
vt 0.672872 0.206092
vt 0.809883 0.494499
vt 0.708186 0.649903
vt 0.698717 0.196568
vt 0.290656 0.076897
vt 0.511429 0.741372
vt 0.810103 0.481164
vt 0.281347 0.518813
vt 0.549163 0.549693
vt 0.979002 0.482342
vt 0.685992 0.205573
vt 0.707866 0.695958
vt 0.513072 0.703494
vt 0.908534 0.627102
vt 0.244756 0.079388
vt 0.907694 0.591429
vt 0.371925 0.530469
vt 0.216625 0.651899
vt 0.359263 0.655811
vt 0.410304 0.141920
vt 0.424625 0.243377
vt 0.591539 0.203590
vt 0.544362 0.565321
vt 0.364871 0.621817
vt 0.204649 0.653414
vt 0.509679 0.785861
vt 0.199511 0.081347
vt 0.357984 0.671825
vt 0.340136 0.003424
vt 0.542292 0.059863
vt 0.320703 0.003251
vt 0.568704 0.062382
vt 0.506975 0.058458
vt 0.511947 0.717913
vt 0.605920 0.207409
vt 0.906139 0.481197
vt 0.276852 0.068339
vt 0.913135 0.072679
vt 0.671014 0.196803
vt 0.392482 0.145114
vt 0.718744 0.419792
vt 0.652134 0.197274
vt 0.874612 0.351263
vt 0.716523 0.695826
vt 0.520539 0.049296
vt 0.424117 0.252537
vt 0.799438 0.506531
vt 0.370239 0.646043
vt 0.718271 0.433812
vt 0.495899 0.049484
vt 0.538888 0.612965
vt 0.449185 0.252484
vt 0.551071 0.488605
vt 0.906716 0.490505
vt 0.800687 0.493249
vt 0.499122 0.701380
vt 0.508301 0.700928
vt 0.899439 0.625693
vt 0.229821 0.565072
vt 0.799588 0.521028
vt 0.325452 0.508156
vt 0.239399 0.660789
vt 0.201806 0.660617
vt 0.500204 0.785079
vt 0.792202 0.348502
vt 0.720061 0.634020
vt 0.378914 0.602995
vt 0.861064 0.351635
vt 0.811531 0.349668
vt 0.715259 0.189675
vt 0.943521 0.491356
vt 0.896001 0.561728
vt 0.926721 0.490795
vt 0.564499 0.531306
vt 0.894466 0.545370
vt 0.501931 0.740992
vt 0.501269 0.763301
vt 0.836064 0.351003
vt 0.801890 0.479725
vt 0.281170 0.509211
vt 0.382769 0.588924
vt 0.890890 0.488078
vt 0.890953 0.490573
vt 0.216826 0.661059
vt 0.496369 0.792801
vt 0.780157 0.190676
vt 0.967942 0.069917
vt 0.875515 0.080825
vt 0.886528 0.354560
vt 0.961980 0.491567
vt 0.261996 0.068951
vt 0.546022 0.590806
vt 0.717642 0.465995
vt 0.250537 0.563888
vt 0.578777 0.490452
vt 0.321405 0.012448
vt 0.340643 0.012500
vt 0.541021 0.050511
vt 0.502761 0.716799
vt 0.716513 0.674330
vt 0.559335 0.546348
vt 0.420410 0.259033
vt 0.421199 0.251074
vt 0.605717 0.198295
vt 0.716561 0.649434
vt 0.936012 0.070922
vt 0.717702 0.458142
vt 0.263005 0.568080
vt 0.625075 0.197896
vt 0.898258 0.582992
vt 0.415945 0.153829
vt 0.242463 0.069298
vt 0.699151 0.188349
vt 0.291461 0.067196
vt 0.950836 0.070945
vt 0.729784 0.190021
vt 0.554287 0.563878
vt 0.507700 0.048847
vt 0.470942 0.256078
vt 0.558675 0.490696
vt 0.218740 0.070763
vt 0.980690 0.490790
vt 0.684549 0.196667
vt 0.305124 0.508625
vt 0.599174 0.495532
vt 0.300861 0.013143
vt 0.899259 0.604403
vt 0.220680 0.569218
vt 0.798095 0.517455
vt 0.717738 0.714328
vt 0.429437 0.158837
vt 0.753883 0.190198
vt 0.200037 0.071925
vt 0.365176 0.670181
vt 0.374595 0.622445
vt 0.696777 0.180399
vt 0.289660 0.058221
vt 0.565075 0.558603
vt 0.605653 0.189176
vt 0.888888 0.570775
vt 0.900523 0.955157
vt 0.306718 0.408275
vt 0.900663 0.960740
vt 0.301297 0.408804
vt 0.736437 0.093042
vt 0.832434 0.931134
vt 0.105724 0.753420
vt 0.901375 0.965322
vt 0.297155 0.409289
vt 0.343573 0.187160
vt 0.704101 0.482619
vt 0.095158 0.686753
vt 0.404018 0.739192
vt 0.046601 0.786603
vt 0.335027 0.190393
vt 0.409163 0.746391
vt 0.042684 0.620927
vt 0.832682 0.936940
vt 0.703861 0.487890
vt 0.362114 0.181155
vt 0.714662 0.016316
vt 0.908898 0.704036
vt 0.559576 0.646704
vt 0.981730 0.759637
vt 0.416783 0.754725
vt 0.726267 0.026486
vt 0.100728 0.755434
vt 0.927081 0.724327
vt 0.813790 0.649613
vt 0.220066 0.945809
vt 0.734269 0.029392
vt 0.094376 0.759034
vt 0.087189 0.685834
vt 0.903903 0.173120
vt 0.895529 0.658543
vt 0.145010 0.912302
vt 0.400259 0.730492
vt 0.311943 0.830496
vt 0.646926 0.748847
vt 0.746232 0.574613
vt 0.069633 0.051811
vt 0.704179 0.477669
vt 0.896763 0.991971
vt 0.612439 0.100144
vt 0.422119 0.363281
vt 0.624160 0.761630
vt 0.049118 0.084083
vt 0.810970 0.450383
vt 0.889430 0.174202
vt 0.894302 0.653829
vt 0.913359 0.716086
vt 0.896615 0.663029
vt 0.916452 0.171677
vt 0.719672 0.021667
vt 0.899560 0.946520
vt 0.314366 0.407235
vt 0.906739 0.244051
vt 0.980767 0.647149
vt 0.097516 0.279862
vt 0.143352 0.944605
vt 0.037914 0.882770
vt 0.625319 0.100111
vt 0.900124 0.677428
vt 0.412840 0.702809
vt 0.054607 0.851223
vt 0.171790 0.601706
vt 0.662508 0.021876
vt 0.599365 0.076660
vt 0.434693 0.354132
vt 0.958961 0.225099
vt 0.739816 0.032222
vt 0.762727 0.093680
vt 0.621989 0.498460
vt 0.556449 0.829939
vt 0.620923 0.486507
vt 0.538289 0.854558
vt 0.820092 0.976239
vt 0.910370 0.936884
vt 0.721247 0.028139
vt 0.979261 0.694806
vt 0.148766 0.924508
vt 0.350396 0.890978
vt 0.088513 0.762657
vt 0.798692 0.592231
vt 0.095352 0.034426
vt 0.044015 0.716323
vt 0.046411 0.699694
vt 0.825584 0.464875
vt 0.819278 0.466481
vt 0.696465 0.541276
vt 0.942140 0.249588
vt 0.769851 0.023850
vt 0.158536 0.296947
vt 0.895816 0.174453
vt 0.899973 0.652058
vt 0.175354 0.956787
vt 0.923980 0.949566
vt 0.954438 0.936228
vt 0.548849 0.671448
vt 0.402345 0.799048
vt 0.966840 0.739806
vt 0.340673 0.183790
vt 0.899084 0.173806
vt 0.966311 0.171186
vt 0.777100 0.048584
vt 0.782488 0.092736
vt 0.728950 0.093369
vt 0.137371 0.903948
vt 0.049147 0.627850
vt 0.051501 0.626114
vt 0.648837 0.098978
vt 0.744217 0.093581
vt 0.372807 0.174870
vt 0.038159 0.062642
vt 0.157240 0.899380
vt 0.062865 0.577445
vt 0.848162 0.433609
vt 0.646248 0.525513
vt 0.556978 0.808682
vt 0.844238 0.991211
vt 0.699240 0.528110
vt 0.126432 0.620264
vt 0.619540 0.022129
vt 0.440661 0.409116
vt 0.929243 0.170849
vt 0.331943 0.862209
vt 0.748530 0.605921
vt 0.056795 0.751161
vt 0.851772 0.933092
vt 0.105374 0.736765
vt 0.498973 0.373393
vt 0.352581 0.112058
vt 0.534975 0.637133
vt 0.406449 0.748048
vt 0.335377 0.723261
vt 0.706056 0.092222
vt 0.902311 0.875750
vt 0.922024 0.864714
vt 0.087002 0.627398
vt 0.477944 0.417397
vt 0.036755 0.797075
vt 0.318487 0.184521
vt 0.323730 0.187988
vt 0.349034 0.183894
vt 0.170849 0.432028
vt 0.036621 0.617432
vt 0.035889 0.621094
vt 0.098638 0.006974
vt 0.655106 0.566171
vt 0.799590 0.560567
vt 0.528647 0.872807
vt 0.823836 0.951592
vt 0.898664 0.671269
vt 0.924719 0.171072
vt 0.400384 0.722347
vt 0.943258 0.170480
vt 0.776933 0.093148
vt 0.961590 0.867241
vt 0.471016 0.687937
vt 0.950882 0.713333
vt 0.813223 0.660442
vt 0.218892 0.934020
vt 0.827492 0.394978
vt 0.070116 0.002072
vt 0.382798 0.122561
vt 0.646564 0.592802
vt 0.488820 0.357386
vt 0.305908 0.120972
vt 0.304443 0.113525
vt 0.710263 0.017834
vt 0.711029 0.009623
vt 0.915107 0.950688
vt 0.389587 0.807674
vt 0.937747 0.170235
vt 0.917507 0.864690
vt 0.160700 0.427231
vt 0.038541 0.609536
vt 0.578945 0.823048
vt 0.567095 0.814977
vt 0.198730 0.878906
vt 0.815664 0.397271
vt 0.074737 0.685879
vt 0.906378 0.697737
vt 0.191799 0.954295
vt 0.403448 0.711165
vt 0.665658 0.034798
vt 0.502283 0.628597
vt 0.368547 0.752113
vt 0.750939 0.093795
vt 0.813096 0.685043
vt 0.213729 0.908992
vt 0.369520 0.183443
vt 0.034894 0.072848
vt 0.811440 0.431104
vt 0.806145 0.593188
vt 0.901697 0.682890
vt 0.703428 0.091148
vt 0.896967 0.866073
vt 0.336099 0.757069
vt 0.730280 0.181746
vt 0.813111 0.690706
vt 0.212524 0.903454
vt 0.897609 0.667285
vt 0.403430 0.715514
vt 0.081231 0.003611
vt 0.650519 0.580296
vt 0.649085 0.585130
vt 0.900378 0.975378
vt 0.287598 0.409424
vt 0.813644 0.705385
vt 0.208056 0.888992
vt 0.813683 0.709630
vt 0.206806 0.884873
vt 0.808616 0.466637
vt 0.694912 0.549107
vt 0.700420 0.519980
vt 0.638205 0.761970
vt 0.811103 0.437166
vt 0.810915 0.441032
vt 0.467879 0.355051
vt 0.310936 0.152396
vt 0.953131 0.866096
vt 0.900916 0.970831
vt 0.291773 0.408973
vt 0.337758 0.691856
vt 0.675163 0.082274
vt 0.474316 0.646633
vt 0.634895 0.100014
vt 0.977306 0.757473
vt 0.317657 0.112312
vt 0.141299 0.907701
vt 0.341248 0.885539
vt 0.890832 0.914813
vt 0.209752 0.759033
vt 0.108034 0.688169
vt 0.407998 0.708705
vt 0.742637 0.029419
vt 0.345854 0.683989
vt 0.668781 0.098410
vt 0.483009 0.611615
vt 0.336382 0.762811
vt 0.813232 0.694944
vt 0.211289 0.899038
vt 0.813955 0.713940
vt 0.205546 0.880737
vt 0.820039 0.393242
vt 0.082791 0.685968
vt 0.462042 0.354796
vt 0.457217 0.354193
vt 0.952328 0.170188
vt 0.335474 0.740823
vt 0.912954 0.864798
vt 0.473085 0.653271
vt 0.812935 0.677328
vt 0.215666 0.916978
vt 0.813386 0.409678
vt 0.827858 0.945428
vt 0.900045 0.982928
vt 0.278431 0.409437
vt 0.904962 0.692514
vt 0.146306 0.919569
vt 0.335619 0.760191
vt 0.040533 0.689166
vt 0.805987 0.627208
vt 0.898432 0.937472
vt 0.319788 0.405828
vt 0.229171 0.757034
vt 0.760245 0.020326
vt 0.755165 0.024011
vt 0.335903 0.711762
vt 0.335444 0.752178
vt 0.335255 0.733371
vt 0.813456 0.699351
vt 0.209881 0.894717
vt 0.479326 0.356132
vt 0.723726 0.093216
vt 0.812710 0.681893
vt 0.214728 0.912993
vt 0.338394 0.687517
vt 0.677359 0.096987
vt 0.812980 0.672602
vt 0.216676 0.921651
vt 0.363078 0.112079
vt 0.051543 0.686926
vt 0.600747 0.099839
vt 0.421631 0.348389
vt 0.421782 0.359396
vt 0.335342 0.747469
vt 0.026522 0.003988
vt 0.378731 0.114101
vt 0.331069 0.111713
vt 0.812782 0.415290
vt 0.900602 0.865984
vt 0.145533 0.928614
vt 0.032121 0.000939
vt 0.636504 0.628919
vt 0.617225 0.100339
vt 0.749901 0.026862
vt 0.718205 0.092910
vt 0.045459 0.000619
vt 0.639786 0.616241
vt 0.471633 0.659797
vt 0.342637 0.111628
vt 0.811975 0.424156
vt 0.038729 0.076231
vt 0.806094 0.588487
vt 0.143668 0.934457
vt 0.899818 0.988297
vt 0.272707 0.409661
vt 0.900282 0.977387
vt 0.284459 0.409478
vt 0.641467 0.099651
vt 0.975605 0.868989
vt 0.469895 0.669400
vt 0.703100 0.501820
vt 0.443295 0.353933
vt 0.929609 0.864572
vt 0.814170 0.717080
vt 0.817108 0.393728
vt 0.945358 0.865313
vt 0.607045 0.100173
vt 0.422889 0.353549
vt 0.335511 0.717735
vt 0.909075 0.865273
vt 0.703703 0.492567
vt 0.895040 0.922048
vt 0.216010 0.758154
vt 0.772217 0.015869
vt 0.764953 0.015088
vt 0.173447 0.309664
vt 0.363136 0.873713
vt 0.476822 0.634427
vt 0.062455 0.686017
vt 0.068548 0.685893
vt 0.934242 0.864748
vt 0.538149 0.868183
vt 0.478550 0.628214
vt 0.475596 0.640078
vt 0.336164 0.707024
vt 0.368149 0.112936
vt 0.806202 0.622845
vt 0.905317 0.865501
vt 0.043146 0.687433
vt 0.807293 0.630067
vt 0.048841 0.845702
vt 0.161865 0.598876
vt 0.335038 0.728407
vt 0.480726 0.619609
vt 0.141129 0.940466
vt 0.041229 0.885197
vt 0.337032 0.111546
vt 0.451800 0.354178
vt 0.812697 0.667794
vt 0.217726 0.926478
vt 0.357448 0.181465
vt 0.430165 0.353822
vt 0.357436 0.111765
vt 0.805387 0.580403
vt 0.813927 0.405173
vt 0.804978 0.573516
vt 0.398645 0.805938
vt 0.479546 0.623580
vt 0.806437 0.618360
vt 0.056550 0.686347
vt 0.373431 0.113493
vt 0.028024 0.000945
vt 0.384521 0.115723
vt 0.635496 0.632973
vt 0.969792 0.754086
vt 0.036375 0.000809
vt 0.637409 0.625167
vt 0.058379 0.000811
vt 0.643119 0.604617
vt 0.938687 0.864769
vt 0.806612 0.602802
vt 0.702811 0.505458
vt 0.040479 0.000802
vt 0.638682 0.621029
vt 0.347724 0.111558
vt 0.920935 0.171178
vt 0.893034 0.174652
vt 0.911846 0.172251
vt 0.810525 0.460388
vt 0.382594 0.114198
vt 0.635076 0.635098
vt 0.093112 0.005792
vt 0.653297 0.571348
vt 0.806878 0.607976
vt 0.136463 0.300741
vt 0.907729 0.172704
vt 0.063474 0.001361
vt 0.644433 0.599809
vt 0.942807 0.169595
vt 0.917291 0.726329
vt 0.803665 0.641506
vt 0.933270 0.170441
vt 0.046082 0.791777
vt 0.747868 0.093637
vt 0.782645 0.094780
vt 0.964359 0.170034
vt 0.740808 0.093540
vt 0.337084 0.697448
vt 0.814508 0.400590
vt 0.066854 0.001663
vt 0.645259 0.596424
vt 0.947818 0.170060
vt 0.733139 0.093474
vt 0.960528 0.170139
vt 0.773677 0.093317
vt 0.327999 0.879217
vt 0.753975 0.094024
vt 0.697630 0.537179
vt 0.758152 0.093885
vt 0.782995 0.114383
vt 0.956963 0.169844
vt 0.768276 0.093575
vt 0.812380 0.419945
vt 0.105469 0.009033
vt 0.803362 0.560755
vt 0.473169 0.355444
vt 0.410114 0.804383
vt 0.810806 0.456082
vt 0.695817 0.545206
vt 0.621258 0.100421
vt 0.290241 0.858485
vt 0.662842 0.766846
vt 0.657028 0.756875
vt 0.647022 0.100049
vt 0.335167 0.743657
vt 0.780141 0.093221
vt 0.629099 0.100323
vt 0.406084 0.160188
vt 0.661675 0.098784
vt 0.713799 0.092646
vt 0.709749 0.092592
vt 0.654820 0.099185
vt 0.923109 0.864046
vt 0.727397 0.719203
vt 0.424700 0.166340
vt 0.699326 0.530860
vt 0.435788 0.353710
vt 0.702242 0.509865
vt 0.336452 0.702313
vt 0.334988 0.737207
vt 0.702733 0.092499
vt 0.895363 0.851025
vt 0.052004 0.000579
vt 0.641466 0.610434
vt 0.700053 0.524829
vt 0.810855 0.446478
vt 0.481585 0.615463
vt 0.074971 0.002532
vt 0.647822 0.588177
vt 0.104523 0.687369
vt 0.962624 0.866704
vt 0.701340 0.515247
vt 0.088521 0.004749
vt 0.651853 0.575638
vt 0.810255 0.464721
vt 0.709873 0.553174
vt 0.338867 0.683105
vt 0.674792 0.098512
vt 0.477095 0.631018
vt 0.166810 0.310415
vt 0.365598 0.875437
vt 0.806593 0.596227
vt 0.803840 0.564314
vt 0.703601 0.497192
vt 0.804363 0.568336
vt 0.159083 0.442501
vt 0.626402 0.188678
vt 0.649450 0.582570
vt 0.421836 0.790560
vt 0.952260 0.747544
vt 0.806675 0.613699
vt 0.047286 0.687180
vt 0.726470 0.462023
vt 0.258737 0.572446
vt 0.311476 0.408707
vt 0.891326 0.611194
vt 0.321915 0.021615
vt 0.214247 0.756760
vt 0.119386 0.681861
vt 0.102240 0.007854
vt 0.656619 0.561417
vt 0.803009 0.557752
vt 0.660343 0.764105
vt 0.570838 0.539529
vt 0.087774 0.284832
vt 0.043277 0.872990
vt 0.806144 0.583030
vt 0.670269 0.188077
vt 0.548628 0.864136
vt 0.893927 0.083713
vt 0.555106 0.591366
vt 0.149723 0.312560
vt 0.083389 0.616929
vt 0.045876 0.802260
vt 0.473371 0.263832
vt 0.558731 0.500015
vt 0.938346 0.080085
vt 0.725615 0.695000
vt 0.096811 0.605282
vt 0.090031 0.289727
vt 0.045776 0.868073
vt 0.143146 0.597201
vt 0.960575 0.500169
vt 0.385044 0.617205
vt 0.944041 0.500407
vt 0.561976 0.859767
vt 0.517010 0.040703
vt 0.725970 0.707749
vt 0.304752 0.499332
vt 0.088768 0.611748
vt 0.317807 0.874885
vt 0.102817 0.301025
vt 0.981290 0.502523
vt 0.682757 0.187887
vt 0.725504 0.674279
vt 0.094554 0.293580
vt 0.561436 0.570273
vt 0.493692 0.718367
vt 0.890051 0.588257
vt 0.381700 0.633684
vt 0.149837 0.448731
vt 0.588953 0.832190
vt 0.281127 0.499576
vt 0.077209 0.685319
vt 0.426122 0.802585
vt 0.936686 0.740208
vt 0.131321 0.594965
vt 0.812235 0.703514
vt 0.219912 0.573422
vt 0.789801 0.514057
vt 0.205713 0.061797
vt 0.377638 0.677420
vt 0.726455 0.444803
vt 0.917816 0.499610
vt 0.334437 0.706406
vt 0.915609 0.081310
vt 0.589928 0.842898
vt 0.448009 0.261857
vt 0.492040 0.762949
vt 0.133117 0.315225
vt 0.569653 0.857911
vt 0.329897 0.110154
vt 0.503597 0.348712
vt 0.307001 0.111395
vt 0.811881 0.659025
vt 0.105788 0.597396
vt 0.299217 0.868285
vt 0.903409 0.688901
vt 0.225622 0.061549
vt 0.352601 0.110499
vt 0.531946 0.878900
vt 0.819669 0.949241
vt 0.791921 0.491837
vt 0.270489 0.500080
vt 0.930825 0.169589
vt 0.578965 0.855201
vt 0.063669 0.683809
vt 0.110937 0.308888
vt 0.975821 0.862921
vt 0.466615 0.682900
vt 0.900879 0.974349
vt 0.288735 0.409694
vt 0.668726 0.099748
vt 0.640797 0.608280
vt 0.735424 0.094775
vt 0.599448 0.500517
vt 0.301488 0.023010
vt 0.333250 0.733169
vt 0.899965 0.985948
vt 0.275849 0.409871
vt 0.806773 0.599624
vt 0.704923 0.475929
vt 0.899829 0.991284
vt 0.268456 0.410761
vt 0.407239 0.729841
vt 0.290131 0.865788
vt 0.394947 0.154974
vt 0.726969 0.424887
vt 0.937003 0.741980
vt 0.307811 0.871633
vt 0.785850 0.182005
vt 0.960500 0.079532
vt 0.592328 0.189227
vt 0.424132 0.261737
vt 0.813414 0.359273
vt 0.121522 0.592570
vt 0.496256 0.040010
vt 0.549376 0.613131
vt 0.589621 0.852311
vt 0.118644 0.316243
vt 0.125174 0.316650
vt 0.113368 0.591157
vt 0.324874 0.500819
vt 0.239361 0.669731
vt 0.409433 0.719630
vt 0.317263 0.882002
vt 0.562723 0.866898
vt 0.546185 0.872344
vt 0.342135 0.021785
vt 0.538325 0.041587
vt 0.634804 0.579395
vt 0.810440 0.452117
vt 0.347791 0.897295
vt 0.094875 0.766767
vt 0.042206 0.670929
vt 0.819020 0.626058
vt 0.803777 0.713523
vt 0.809662 0.394568
vt 0.390121 0.597229
vt 0.888953 0.497550
vt 0.942189 0.855914
vt 0.137904 0.914842
vt 0.137810 0.919734
vt 0.333882 0.889317
vt 0.120157 0.318308
vt 0.759773 0.012763
vt 0.368686 0.867458
vt 0.488718 0.700693
vt 0.890618 0.626240
vt 0.733874 0.022335
vt 0.113762 0.588972
vt 0.132900 0.907894
vt 0.045303 0.632846
vt 0.802176 0.412411
vt 0.410452 0.735303
vt 0.225760 0.573768
vt 0.136230 0.939941
vt 0.049910 0.882509
vt 0.195557 0.061722
vt 0.377590 0.660583
vt 0.408753 0.725433
vt 0.828027 0.930763
vt 0.108887 0.761475
vt 0.779392 0.181210
vt 0.148190 0.456481
vt 0.597065 0.842756
vt 0.837149 0.360023
vt 0.270434 0.059280
vt 0.157415 0.319179
vt 0.578038 0.499644
vt 0.757277 0.181692
vt 0.217193 0.670058
vt 0.491118 0.790995
vt 0.106775 0.315395
vt 0.415667 0.709693
vt 0.052592 0.840634
vt 0.172607 0.594482
vt 0.711512 0.180928
vt 0.888831 0.161363
vt 0.880632 0.657379
vt 0.287046 0.843253
vt 0.653984 0.769088
vt 0.158321 0.592886
vt 0.951662 0.756734
vt 0.100719 0.764051
vt 0.185831 0.432081
vt 0.039433 0.629242
vt 0.456324 0.319648
vt 0.363934 0.187855
vt 0.821683 0.605423
vt 0.574191 0.529861
vt 0.885687 0.550800
vt 0.137731 0.925776
vt 0.173103 0.319370
vt 0.372739 0.870886
vt 0.727746 0.017430
vt 0.145147 0.589693
vt 0.368043 0.190590
vt 0.396484 0.581055
vt 0.899155 0.498548
vt 0.180027 0.435069
vt 0.792261 0.358060
vt 0.726137 0.635135
vt 0.371648 0.190578
vt 0.032938 0.079428
vt 0.650781 0.188349
vt 0.967089 0.761629
vt 0.914708 0.170428
vt 0.748793 0.018224
vt 0.826745 0.928715
vt 0.106704 0.761390
vt 0.135164 0.934200
vt 0.050051 0.890105
vt 0.623942 0.769017
vt 0.039327 0.085783
vt 0.463719 0.605372
vt 0.321555 0.761384
vt 0.135486 0.911884
vt 0.436485 0.658779
vt 0.738134 0.021433
vt 0.725897 0.650024
vt 0.715261 0.003453
vt 0.397775 0.815399
vt 0.493150 0.741121
vt 0.055776 0.784206
vt 0.343846 0.196369
vt 0.743347 0.019731
vt 0.717500 0.505767
vt 0.978239 0.766716
vt 0.423062 0.750877
vt 0.724144 0.117590
vt 0.359181 0.190233
vt 0.207145 0.736425
vt 0.116532 0.668924
vt 0.173270 0.442580
vt 0.244822 0.572726
vt 0.623747 0.115349
vt 0.338025 0.684343
vt 0.678172 0.104639
vt 0.491018 0.784326
vt 0.753363 0.120680
vt 0.284362 0.872375
vt 0.414601 0.811728
vt 0.090594 0.600335
vt 0.414972 0.741884
vt 0.731935 0.534522
vt 0.133160 0.322479
vt 0.243093 0.060595
vt 0.464879 0.629373
vt 0.594663 0.859924
vt 0.528694 0.885024
vt 0.819867 0.941587
vt 0.128356 0.586875
vt 0.718505 0.008012
vt 0.388147 0.818566
vt 0.824215 0.936712
vt 0.353214 0.191679
vt 0.201512 0.001081
vt 0.973961 0.841440
vt 0.437000 0.682729
vt 0.635112 0.771172
vt 0.118502 0.324143
vt 0.154410 0.457851
vt 0.600772 0.838896
vt 0.436149 0.809345
vt 0.934814 0.741943
vt 0.932464 0.749323
vt 0.805594 0.576423
vt 0.093548 0.304372
vt 0.385131 0.100806
vt 0.621591 0.631226
vt 0.085237 0.295036
vt 0.052223 0.870703
vt 0.597602 0.117699
vt 0.425798 0.338674
vt 0.875378 0.713585
vt 0.965656 0.158331
vt 0.780666 0.103378
vt 0.726781 0.479605
vt 0.269113 0.434131
vt 0.269283 0.420962
vt 0.824219 0.932603
vt 0.113329 0.582627
vt 0.063309 0.667283
vt 0.928930 0.137561
vt 0.917168 0.848410
vt 0.795305 0.437884
vt 0.580727 0.864055
vt 0.283146 0.856574
vt 0.663827 0.771847
vt 0.370865 0.194072
vt 0.031393 0.083423
vt 0.280635 0.846466
vt 0.656867 0.773801
vt 0.363080 0.190706
vt 0.411144 0.730445
vt 0.878615 0.097021
vt 0.885653 0.368210
vt 0.301584 0.878698
vt 0.738029 0.696998
vt 0.313557 0.488506
vt 0.244543 0.677894
vt 0.457581 0.646593
vt 0.621259 0.772018
vt 0.037693 0.088931
vt 0.483738 0.746099
vt 0.788574 0.365723
vt 0.736682 0.639479
vt 0.666136 0.176179
vt 0.563105 0.604186
vt 0.640710 0.565657
vt 0.753076 0.012234
vt 0.369772 0.863690
vt 0.593385 0.178778
vt 0.423942 0.271822
vt 0.781858 0.169959
vt 0.967622 0.091321
vt 0.513923 0.282803
vt 0.597577 0.507945
vt 0.304645 0.030827
vt 0.246629 0.047827
vt 0.786044 0.169340
vt 0.958787 0.090969
vt 0.321992 0.887542
vt 0.734645 0.018499
vt 0.737247 0.721753
vt 0.420061 0.177697
vt 0.337248 0.895677
vt 0.421246 0.709012
vt 0.047369 0.839589
vt 0.169467 0.590811
vt 0.258799 0.725032
vt 0.931107 0.510858
vt 0.347999 0.900766
vt 0.097062 0.768376
vt 0.880823 0.601406
vt 0.605768 0.178018
vt 0.260268 0.691745
vt 0.964609 0.511144
vt 0.392216 0.161560
vt 0.738212 0.418689
vt 0.079673 0.609651
vt 0.054288 0.798162
vt 0.866695 0.371417
vt 0.822071 0.695761
vt 0.206270 0.680344
vt 0.488770 0.792480
vt 0.481705 0.786248
vt 0.631510 0.177595
vt 0.900041 0.094138
vt 0.781389 0.656536
vt 0.533757 0.883645
vt 0.223153 0.677788
vt 0.866783 0.360478
vt 0.762668 0.169912
vt 0.129629 0.907932
vt 0.041610 0.634363
vt 0.878087 0.680005
vt 0.823642 0.928841
vt 0.108977 0.764108
vt 0.353406 0.912786
vt 0.349202 0.904295
vt 0.103410 0.767074
vt 0.979294 0.771869
vt 0.421855 0.746294
vt 0.412716 0.720949
vt 0.723438 0.011019
vt 0.471695 0.274269
vt 0.561376 0.510406
vt 0.545420 0.877275
vt 0.815617 0.369920
vt 0.835290 0.736778
vt 0.739022 0.018123
vt 0.293993 0.489493
vt 0.784339 0.479449
vt 0.273923 0.490837
vt 0.499645 0.029529
vt 0.556575 0.618792
vt 0.403424 0.590912
vt 0.257727 0.761624
vt 0.890836 0.508710
vt 0.786466 0.686234
vt 0.880338 0.610830
vt 0.320746 0.422027
vt 0.226251 0.737128
vt 0.121094 0.661133
vt 0.714591 0.169038
vt 0.132873 0.932685
vt 0.053007 0.890208
vt 0.342419 0.031361
vt 0.533360 0.029084
vt 0.132337 0.913957
vt 0.158339 0.322894
vt 0.561431 0.870233
vt 0.417008 0.738870
vt 0.599671 0.806874
vt 0.351328 0.196714
vt 0.133989 0.925727
vt 0.123669 0.906764
vt 0.036062 0.632696
vt 0.188839 0.435891
vt 0.082520 0.296875
vt 0.054664 0.876912
vt 0.064798 0.122812
vt 0.450038 0.273178
vt 0.797740 0.369112
vt 0.841821 0.752344
vt 0.737900 0.634340
vt 0.970118 0.766561
vt 0.426025 0.750488
vt 0.365577 0.194509
vt 0.619545 0.177568
vt 0.782136 0.493288
vt 0.737277 0.433720
vt 0.426785 0.815007
vt 0.850578 0.371679
vt 0.824943 0.704586
vt 0.132731 0.920394
vt 0.437460 0.812714
vt 0.931216 0.752056
vt 0.575245 0.510726
vt 0.735887 0.657627
vt 0.420905 0.712371
vt 0.052044 0.833483
vt 0.167001 0.586625
vt 0.580324 0.547922
vt 0.636824 0.776215
vt 0.555059 0.875748
vt 0.057767 0.793719
vt 0.057373 0.785645
vt 0.344630 0.199781
vt 0.602892 0.816250
vt 0.171940 0.448397
vt 0.603308 0.840130
vt 0.526767 0.891203
vt 0.820113 0.936265
vt 0.304642 0.883470
vt 0.353989 0.915382
vt 0.819827 0.930204
vt 0.109504 0.767007
vt 0.745121 0.015169
vt 0.617721 0.778077
vt 0.371682 0.199557
vt 0.031543 0.089502
vt 0.082414 0.602273
vt 0.057201 0.807941
vt 0.324699 0.031349
vt 0.416053 0.723574
vt 0.057373 0.823242
vt 0.265587 0.047749
vt 0.042984 0.837570
vt 0.160122 0.587074
vt 0.341792 0.903049
vt 0.735993 0.680426
vt 0.094535 0.590054
vt 0.737526 0.464416
vt 0.260691 0.583458
vt 0.727315 0.011729
vt 0.350635 0.908732
vt 0.392101 0.638090
vt 0.325424 0.893405
vt 0.756343 0.006841
vt 0.376176 0.867628
vt 0.170750 0.324010
vt 0.438937 0.816119
vt 0.929391 0.754290
vt 0.879856 0.621064
vt 0.396669 0.614632
vt 0.878658 0.573495
vt 0.482856 0.729000
vt 0.751342 0.008728
vt 0.372964 0.859496
vt 0.737075 0.451840
vt 0.585985 0.533285
vt 0.876538 0.555731
vt 0.142023 0.584665
vt 0.733587 0.011678
vt 0.257729 0.751099
vt 0.902771 0.509491
vt 0.778753 0.515792
vt 0.215951 0.583789
vt 0.741543 0.169777
vt 0.104527 0.319653
vt 0.280351 0.861312
vt 0.666193 0.776249
vt 0.458891 0.616837
vt 0.404845 0.171977
vt 0.775334 0.528805
vt 0.228731 0.584379
vt 0.482206 0.703071
vt 0.881301 0.632150
vt 0.961412 0.766094
vt 0.129078 0.933162
vt 0.054418 0.889574
vt 0.079367 0.122215
vt 0.122002 0.909338
vt 0.194167 0.438721
vt 0.427090 0.742980
vt 0.975815 0.775204
vt 0.426276 0.747545
vt 0.981175 0.785124
vt 0.420540 0.735258
vt 0.879660 0.589332
vt 0.662529 0.126770
vt 0.398184 0.820694
vt 0.649519 0.130931
vt 0.110929 0.578848
vt 0.743186 0.011640
vt 0.375231 0.852593
vt 0.222760 0.050882
vt 0.086858 0.305484
vt 0.058527 0.119675
vt 0.284221 0.046031
vt 0.482808 0.714417
vt 0.722567 0.169843
vt 0.574166 0.566689
vt 0.536839 0.889833
vt 0.301106 0.734385
vt 0.530133 0.898872
vt 0.345762 0.915015
vt 0.817345 0.931782
vt 0.136241 0.328788
vt 0.601971 0.802354
vt 0.356188 0.198408
vt 0.610210 0.790032
vt 0.366215 0.201914
vt 0.596523 0.861600
vt 0.122589 0.917798
vt 0.201665 0.443459
vt 0.383383 0.871048
vt 0.156520 0.326932
vt 0.836841 0.579568
vt 0.735935 0.507361
vt 0.077415 0.651219
vt 0.438301 0.741625
vt 0.126241 0.579213
vt 0.604969 0.812658
vt 0.348633 0.202637
vt 0.930530 0.091771
vt 0.080662 0.598164
vt 0.613196 0.826954
vt 0.058604 0.807715
vt 0.703014 0.169086
vt 0.292480 0.048096
vt 0.290036 0.039149
vt 0.116045 0.909240
vt 0.186661 0.445226
vt 0.568385 0.586998
vt 0.199831 0.049763
vt 0.387559 0.676112
vt 0.116498 0.329150
vt 0.245086 0.583032
vt 0.834569 0.370798
vt 0.829212 0.718207
vt 0.289685 0.680127
vt 0.305065 0.681745
vt 0.678125 0.130670
vt 0.650233 0.176793
vt 0.262122 0.678187
vt 0.977239 0.510713
vt 0.681153 0.175811
vt 0.519873 0.028887
vt 0.982910 0.790771
vt 0.984044 0.799473
vt 0.423076 0.726810
vt 0.058013 0.821600
vt 0.339049 0.908353
vt 0.209184 0.466763
vt 0.124609 0.925393
vt 0.082404 0.110824
vt 0.210687 0.447825
vt 0.608733 0.796578
vt 0.358896 0.203947
vt 0.042005 0.833823
vt 0.160810 0.583787
vt 0.150409 0.468849
vt 0.599307 0.863312
vt 0.258537 0.708378
vt 0.947287 0.511246
vt 0.296697 0.884050
vt 0.552433 0.881264
vt 0.959921 0.769198
vt 0.084122 0.310714
vt 0.062458 0.115885
vt 0.629736 0.782037
vt 0.031982 0.094727
vt 0.424349 0.715853
vt 0.049567 0.828727
vt 0.161631 0.580141
vt 0.303259 0.890807
vt 0.423290 0.818081
vt 0.582876 0.870255
vt 0.301286 0.752102
vt 0.281769 0.874162
vt 0.720282 0.002663
vt 0.393924 0.823623
vt 0.383974 0.866394
vt 0.158829 0.333482
vt 0.481951 0.768364
vt 0.388610 0.660815
vt 0.779037 0.437925
vt 0.742350 0.003443
vt 0.380888 0.848104
vt 0.733120 0.002618
vt 0.386693 0.837359
vt 0.584888 0.875974
vt 0.974768 0.808603
vt 0.054765 0.822363
vt 0.153724 0.571438
vt 0.273992 0.859700
vt 0.660579 0.783999
vt 0.726013 0.002265
vt 0.390657 0.829533
vt 0.938329 0.758864
vt 0.098322 0.319182
vt 0.250003 0.002976
vt 0.928340 0.829942
vt 0.132262 0.334017
vt 0.424386 0.822176
vt 0.353960 0.204181
vt 0.612838 0.814459
vt 0.155203 0.469229
vt 0.604674 0.849249
vt 0.978043 0.793523
vt 0.438290 0.273812
vt 0.135154 0.574812
vt 0.568375 0.897285
vt 0.309343 0.911950
vt 0.914792 0.093513
vt 0.886424 0.141350
vt 0.861838 0.663312
vt 0.406618 0.870686
vt 0.137773 0.344688
vt 0.969944 0.780160
vt 0.197281 0.471235
vt 0.115469 0.332831
vt 0.257815 0.738817
vt 0.916487 0.510327
vt 0.890388 0.096424
vt 0.306204 0.902297
vt 0.421637 0.850264
vt 0.649800 0.801351
vt 0.085054 0.573320
vt 0.621330 0.810778
vt 0.440717 0.818556
vt 0.926538 0.756875
vt 0.618337 0.600902
vt 0.084667 0.582987
vt 0.629025 0.830735
vt 0.737696 0.708347
vt 0.942287 0.763871
vt 0.095933 0.322850
vt 0.051514 0.108154
vt 0.277201 0.876514
vt 0.674059 0.789834
vt 0.583418 0.886206
vt 0.607177 0.868977
vt 0.150492 0.484811
vt 0.785156 0.465576
vt 0.776145 0.464530
vt 0.728504 0.549314
vt 0.083986 0.316831
vt 0.210796 0.480654
vt 0.059229 0.107184
vt 0.150146 0.478516
vt 0.602236 0.866101
vt 0.764898 0.126817
vt 0.940708 0.813424
vt 0.136318 0.563879
vt 0.619751 0.786123
vt 0.371792 0.207351
vt 0.030491 0.093454
vt 0.111469 0.574797
vt 0.092733 0.586077
vt 0.620707 0.830587
vt 0.506470 0.324586
vt 0.306474 0.078409
vt 0.942848 0.777374
vt 0.417461 0.829598
vt 0.615945 0.865054
vt 0.163503 0.484475
vt 0.287044 0.886529
vt 0.395911 0.871731
vt 0.132764 0.338017
vt 0.301548 0.718811
vt 0.480783 0.322085
vt 0.933845 0.798037
vt 0.116574 0.542364
vt 0.300187 0.442911
vt 0.494964 0.279197
vt 0.579273 0.512125
vt 0.772184 0.527742
vt 0.231689 0.593262
vt 0.227747 0.587655
vt 0.777389 0.497077
vt 0.408407 0.586485
vt 0.260630 0.760906
vt 0.605001 0.175460
vt 0.879679 0.099497
vt 0.885609 0.374804
vt 0.877393 0.580540
vt 0.831379 0.713052
vt 0.871455 0.373529
vt 0.452718 0.274876
vt 0.485279 0.279392
vt 0.564846 0.512510
vt 0.394521 0.648124
vt 0.592529 0.176383
vt 0.427926 0.274591
vt 0.397940 0.627627
vt 0.342269 0.035191
vt 0.533163 0.025262
vt 0.222332 0.046408
vt 0.480456 0.702587
vt 0.878514 0.631612
vt 0.774129 0.513955
vt 0.404565 0.600577
vt 0.441458 0.824284
vt 0.923521 0.764721
vt 0.478546 0.725068
vt 0.302474 0.485404
vt 0.109693 0.342767
vt 0.478088 0.749587
vt 0.272831 0.880447
vt 0.675185 0.794401
vt 0.108454 0.569731
vt 0.607505 0.892943
vt 0.279922 0.901131
vt 0.780215 0.480197
vt 0.275744 0.487130
vt 0.287671 0.443252
vt 0.333087 0.077467
vt 0.781752 0.715034
vt 0.403607 0.223633
vt 0.740920 0.664388
vt 0.509198 0.284409
vt 0.302384 0.037439
vt 0.318820 0.036403
vt 0.096181 0.347018
vt 0.192195 0.502851
vt 0.041070 0.652590
vt 0.437605 0.704317
vt 0.838015 0.628587
vt 0.445610 0.276350
vt 0.906024 0.770988
vt 0.452983 0.841913
vt 0.875312 0.587303
vt 0.261624 0.741311
vt 0.314259 0.482828
vt 0.240797 0.685848
vt 0.873356 0.376128
vt 0.828113 0.691788
vt 0.863915 0.375977
vt 0.826722 0.696148
vt 0.876153 0.629957
vt 0.477688 0.704576
vt 0.500735 0.024063
vt 0.564018 0.621411
vt 0.469949 0.280018
vt 0.594195 0.174342
vt 0.426644 0.278633
vt 0.897851 0.098488
vt 0.204748 0.689470
vt 0.475217 0.786259
vt 0.777519 0.484263
vt 0.272149 0.479476
vt 0.627992 0.173497
vt 0.287391 0.484417
vt 0.393328 0.665827
vt 0.097930 0.557988
vt 0.650122 0.834436
vt 0.088501 0.551828
vt 0.663072 0.828028
vt 0.876662 0.613994
vt 0.844238 0.745035
vt 0.913647 0.783307
vt 0.848653 0.757583
vt 0.742189 0.640702
vt 0.104532 0.384894
vt 0.460098 0.867420
vt 0.940475 0.092396
vt 0.675130 0.818682
vt 0.764505 0.151271
vt 0.172995 0.504452
vt 0.231937 0.003839
vt 0.945591 0.830055
vt 0.267787 0.033191
vt 0.261850 0.882483
vt 0.683195 0.804404
vt 0.948212 0.110044
vt 0.151486 0.508943
vt 0.628271 0.880501
vt 0.443043 0.626364
vt 0.443045 0.318908
vt 0.592051 0.568621
vt 0.278536 0.694571
vt 0.228404 0.029601
vt 0.913591 0.137527
vt 0.623629 0.133578
vt 0.738134 0.152032
vt 0.425495 0.592430
vt 0.276863 0.754390
vt 0.276716 0.721565
vt 0.858278 0.556386
vt 0.583432 0.603451
vt 0.781206 0.126729
vt 0.965304 0.134595
vt 0.359698 0.077759
vt 0.276978 0.707986
vt 0.925853 0.105842
vt 0.891041 0.802309
vt 0.090702 0.516248
vt 0.698645 0.837053
vt 0.098094 0.363634
vt 0.175061 0.516109
vt 0.595529 0.127976
vt 0.595530 0.136071
vt 0.426079 0.318665
vt 0.412358 0.641429
vt 0.724796 0.126612
vt 0.838648 0.728625
vt 0.416604 0.604149
vt 0.273602 0.761975
vt 0.658220 0.158314
vt 0.874234 0.794809
vt 0.092349 0.404379
vt 0.493039 0.875518
vt 0.147278 0.542239
vt 0.648722 0.899446
vt 0.231070 0.902062
vt 0.710714 0.843398
vt 0.897438 0.106596
vt 0.092040 0.392523
vt 0.156654 0.531890
vt 0.747970 0.465624
vt 0.252461 0.601010
vt 0.599124 0.157841
vt 0.295227 0.468828
vt 0.760897 0.501636
vt 0.880892 0.111075
vt 0.884788 0.385518
vt 0.754447 0.657584
vt 0.343262 0.051503
vt 0.527777 0.011041
vt 0.756545 0.717590
vt 0.418810 0.190572
vt 0.948109 0.135794
vt 0.274154 0.737492
vt 0.325638 0.050760
vt 0.198559 0.030379
vt 0.407399 0.668940
vt 0.670821 0.157956
vt 0.780269 0.670879
vt 0.754377 0.443440
vt 0.628974 0.162743
vt 0.867196 0.689052
vt 0.263045 0.002602
vt 0.915202 0.829872
vt 0.714560 0.150906
vt 0.206119 0.698707
vt 0.463817 0.785408
vt 0.314004 0.437631
vt 0.239947 0.723263
vt 0.462237 0.765886
vt 0.391563 0.188184
vt 0.756214 0.413837
vt 0.210586 0.030615
vt 0.862387 0.611246
vt 0.450261 0.288238
vt 0.463780 0.731572
vt 0.754950 0.460321
vt 0.754382 0.460438
vt 0.260238 0.601163
vt 0.872933 0.388740
vt 0.839380 0.681746
vt 0.836319 0.691890
vt 0.760010 0.722168
vt 0.407460 0.194647
vt 0.374372 0.056903
vt 0.511713 0.010576
vt 0.859679 0.753456
vt 0.854492 0.755371
vt 0.752668 0.643668
vt 0.754610 0.676522
vt 0.782603 0.154040
vt 0.964529 0.107119
vt 0.448803 0.601999
vt 0.301719 0.761523
vt 0.700524 0.125453
vt 0.281008 0.000728
vt 0.897082 0.830825
vt 0.856848 0.551486
vt 0.865967 0.549072
vt 0.600023 0.548591
vt 0.854094 0.743248
vt 0.497654 0.009376
vt 0.580036 0.617092
vt 0.759273 0.519531
vt 0.763463 0.489850
vt 0.756531 0.692151
vt 0.384909 0.078955
vt 0.602498 0.624941
vt 0.757220 0.535066
vt 0.238282 0.601291
vt 0.319096 0.431382
vt 0.228163 0.725012
vt 0.443560 0.780745
vt 0.462298 0.702347
vt 0.861645 0.629711
vt 0.417303 0.618426
vt 0.783691 0.135010
vt 0.957027 0.135822
vt 0.778500 0.461852
vt 0.838263 0.605971
vt 0.738325 0.483072
vt 0.270194 0.444685
vt 0.445014 0.616361
vt 0.060914 0.651468
vt 0.438560 0.724675
vt 0.700360 0.150320
vt 0.286752 0.025636
vt 0.593506 0.157715
vt 0.593018 0.162842
vt 0.431892 0.293658
vt 0.463380 0.711597
vt 0.859636 0.569144
vt 0.939994 0.135827
vt 0.618362 0.572284
vt 0.241002 0.031961
vt 0.206384 0.002660
vt 0.966037 0.831733
vt 0.793273 0.719074
vt 0.388024 0.214346
vt 0.776953 0.414114
vt 0.439684 0.640869
vt 0.301983 0.705685
vt 0.487585 0.296000
vt 0.852682 0.729019
vt 0.468980 0.294313
vt 0.507984 0.296344
vt 0.306572 0.049220
vt 0.310679 0.468236
vt 0.246449 0.699758
vt 0.755698 0.426321
vt 0.764007 0.480279
vt 0.274977 0.469893
vt 0.588398 0.585532
vt 0.207469 0.724486
vt 0.118333 0.654470
vt 0.436992 0.779505
vt 0.863150 0.673969
vt 0.462962 0.750045
vt 0.226287 0.699335
vt 0.842238 0.697289
vt 0.900212 0.114120
vt 0.860562 0.581542
vt 0.861804 0.596203
vt 0.752012 0.151277
vt 0.881854 0.116987
vt 0.884288 0.392553
vt 0.643704 0.158390
vt 0.447432 0.292706
vt 0.279952 0.680051
vt 0.679927 0.157692
vt 0.422371 0.599317
vt 0.276611 0.762695
vt 0.620595 0.158290
vt 0.272237 0.027749
vt 0.751523 0.127058
vt 0.508408 0.299492
vt 0.304888 0.052604
vt 0.781882 0.151882
vt 0.964514 0.110356
vt 0.925745 0.111491
vt 0.837997 0.588458
vt 0.255780 0.028906
vt 0.606695 0.133396
vt 0.861470 0.749137
vt 0.756476 0.640109
vt 0.926975 0.112528
vt 0.278201 0.729018
vt 0.939482 0.112444
vt 0.507587 0.302613
vt 0.320287 0.053596
vt 0.754384 0.535939
vt 0.241350 0.603253
vt 0.757243 0.437315
vt 0.459479 0.295629
vt 0.650790 0.132861
vt 0.709731 0.149122
vt 0.286653 0.019391
vt 0.780872 0.686605
vt 0.302639 0.697754
vt 0.490705 0.298621
vt 0.304199 0.054688
vt 0.883570 0.736838
vt 0.781802 0.640704
vt 0.380920 0.059610
vt 0.499299 0.008137
vt 0.581134 0.623229
vt 0.769489 0.149426
vt 0.965352 0.113016
vt 0.313022 0.465350
vt 0.243681 0.702109
vt 0.756804 0.456568
vt 0.747415 0.553888
vt 0.262561 0.603624
vt 0.582015 0.616912
vt 0.868476 0.747055
vt 0.758357 0.654101
vt 0.952811 0.112204
vt 0.760784 0.721817
vt 0.773878 0.705783
vt 0.405910 0.196170
vt 0.645969 0.156396
vt 0.226825 0.027880
vt 0.409093 0.680182
vt 0.414538 0.679837
vt 0.280072 0.703791
vt 0.680347 0.150220
vt 0.681955 0.154634
vt 0.758813 0.705418
vt 0.757614 0.514327
vt 0.913289 0.114452
vt 0.461022 0.741368
vt 0.412482 0.654629
vt 0.597521 0.156453
vt 0.424987 0.297396
vt 0.457013 0.702122
vt 0.859986 0.624045
vt 0.351903 0.054797
vt 0.527885 0.009018
vt 0.288737 0.466606
vt 0.854909 0.726003
vt 0.605509 0.540286
vt 0.856671 0.556153
vt 0.226393 0.702247
vt 0.453511 0.788979
vt 0.588264 0.592521
vt 0.419003 0.619062
vt 0.747612 0.149231
vt 0.390091 0.190738
vt 0.759788 0.419631
vt 0.760213 0.484436
vt 0.270541 0.463503
vt 0.697510 0.147949
vt 0.274055 0.025565
vt 0.668614 0.132221
vt 0.893877 0.116718
vt 0.205145 0.703511
vt 0.458569 0.777656
vt 0.597213 0.564739
vt 0.625862 0.550092
vt 0.834919 0.556954
vt 0.091030 0.652142
vt 0.437765 0.755736
vt 0.442026 0.624451
vt 0.460992 0.714412
vt 0.845366 0.623035
vt 0.859032 0.583508
vt 0.425579 0.595212
vt 0.288250 0.762518
vt 0.279807 0.761398
vt 0.610261 0.598738
vt 0.632792 0.133453
vt 0.848202 0.707186
vt 0.880478 0.122256
vt 0.879976 0.393439
vt 0.841360 0.682185
vt 0.279289 0.742837
vt 0.727069 0.148788
vt 0.940593 0.134153
vt 0.199684 0.008991
vt 0.429943 0.679155
vt 0.200848 0.002245
vt 0.433271 0.678290
vt 0.859891 0.604632
vt 0.620862 0.155707
s 1
usemtl tripo_mat_f6fa30f4-eeb1-4913-b2bc-d1345b65d761
f 1757/2620/1 1866/2772/2 1719/2567/3
f 1757/2620/1 1719/2567/3 1278/1928/4
f 1278/1928/4 38/59/5 1211/1833/6
f 1278/1928/4 1763/2627/7 1757/2620/1
f 1866/2772/2 1757/2620/1 1890/2811/8
f 1866/2772/2 1890/2811/8 2162/3239/9
f 2229/3341/10 1866/2772/2 2162/3239/9
f 1866/2772/2 2229/3341/10 1869/2778/11
f 1890/2811/8 1757/2620/1 1763/2627/7
f 2229/3341/10 2162/3239/9 2286/3428/12
s 0
f 2243/3367/13 2306/3457/14 2181/3262/15
s 1
f 2306/3457/16 2085/3123/17 2181/3262/18
f 1839/2734/19 1584/2396/20 2181/3262/18
f 1571/2381/21 1839/2734/19 1402/2139/22
f 1571/2381/21 1596/2412/23 1376/2088/24
f 1402/2139/22 1839/2734/19 1579/2391/25
f 1839/2734/19 1585/2398/26 1579/2391/25
f 1402/2139/22 1376/2088/24 1596/2412/23
f 1402/2139/22 1596/2412/23 1571/2381/21
f 1890/2811/8 1763/2627/7 1970/2938/27
f 2276/3414/28 2162/3239/9 2176/3256/29
f 2176/3256/29 2162/3239/9 1890/2811/8
f 2330/3497/30 2276/3414/28 2176/3256/29
f 2306/3457/31 2162/3239/9 2276/3414/28
s 0
f 2306/3457/32 2330/3497/33 2085/3123/32
s 1
f 2330/3497/30 2306/3457/31 2276/3414/28
f 2349/3527/34 2330/3497/30 2176/3256/29
f 2214/3315/35 2349/3527/34 2176/3256/29
f 1909/2843/36 2176/3256/29 1992/2971/37
f 1767/2634/38 1909/2843/36 1992/2971/37
f 2010/2999/39 1909/2843/36 1767/2634/38
f 1767/2634/38 1314/1978/40 2010/2999/39
f 1298/1955/41 1314/1978/40 1767/2634/38
f 1298/1955/41 1767/2634/38 1267/1912/42
f 1424/2182/43 1267/1912/42 1767/2634/38
f 1267/1912/42 1424/2182/43 1300/1958/44
f 1424/2182/43 1767/2634/38 1992/2971/37
f 1992/2971/37 2176/3256/29 1970/2938/27
f 1992/2971/37 1970/2938/27 1424/2182/43
f 1970/2938/27 2176/3256/29 1890/2811/8
f 1311/1974/45 1763/2627/7 1278/1928/4
f 1311/1974/45 1278/1928/4 1211/1833/6
f 1311/1974/45 1211/1833/6 1205/1827/46
f 42/65/47 49/75/48 1211/1833/6
f 1211/1833/6 49/75/48 1205/1827/46
f 1205/1827/46 49/75/48 1206/1828/49
f 1205/1827/46 1206/1828/49 1311/1974/45
f 1311/1974/45 1206/1828/49 1300/1958/44
f 49/75/48 117/170/50 112/165/51
f 116/169/52 117/170/50 49/75/48
s 0
f 117/170/53 116/169/54 611/910/55
s 1
f 116/169/52 49/75/48 42/65/47
s 0
f 611/910/56 650/965/57 117/170/56
s 1
f 112/165/51 117/170/50 650/965/58
f 49/75/48 112/165/51 67/99/59
s 0
f 49/75/60 67/99/61 1206/1828/62
s 1
f 1300/1958/44 1424/2182/43 1311/1974/45
f 1311/1974/45 1424/2182/43 1763/2627/7
f 1763/2627/7 1424/2182/43 1970/2938/27
f 1267/1912/42 1300/1958/44 44/68/63
f 1298/1955/41 1267/1912/42 1220/1846/64
f 1267/1912/42 44/68/63 1220/1846/64
f 44/68/63 1300/1958/44 1206/1828/49
s 0
f 1206/1828/65 67/99/66 44/68/67
f 1220/1846/68 44/68/69 84/121/70
s 1
f 2162/3239/9 2306/3457/31 2286/3428/12
f 2284/3425/71 2085/3123/72 2330/3497/30
f 2189/3276/73 1708/2551/74 1813/2697/75
f 1708/2551/74 2189/3276/73 1805/2687/76
f 1813/2697/75 1708/2551/74 1416/2171/77
f 1839/2734/78 1813/2697/75 1363/2054/79
f 1363/2054/79 1813/2697/75 1583/2395/80
s 0
f 1813/2697/81 1839/2734/82 2085/3123/83
s 1
f 1839/2734/19 2181/3262/18 2085/3123/17
f 1813/2697/75 2085/3123/72 2284/3425/71
f 2284/3425/71 2189/3276/73 1813/2697/75
f 2284/3425/71 2349/3527/34 2189/3276/73
f 2231/3345/84 1805/2687/76 2189/3276/73
f 2231/3345/84 2189/3276/73 2349/3527/34
f 2300/3446/85 2231/3345/84 2349/3527/34
f 2300/3446/85 2249/3376/86 2333/3502/87
f 2249/3376/86 2300/3446/85 2214/3315/35
f 2010/2999/39 2249/3376/86 2214/3315/35
f 2330/3497/30 2349/3527/34 2284/3425/71
f 1866/2773/2 1869/2779/11 1719/2568/3
f 42/64/47 38/58/5 81/118/88
f 107/160/89 42/64/47 81/118/88
f 107/160/89 81/118/88 151/220/90
f 38/58/5 1299/1957/91 1201/1822/92
f 1299/1957/91 38/58/5 1278/1929/4
f 1719/2568/3 1299/1957/91 1278/1929/4
f 2311/3467/93 2286/3429/12 2306/3458/31
f 2243/3368/94 2181/3263/18 1584/2397/20
f 2243/3368/94 1584/2397/20 2204/3303/95
f 1584/2397/20 1839/2733/19 1571/2382/21
f 1578/2390/96 1584/2397/20 1571/2382/21
f 1376/2086/24 1578/2390/96 1571/2382/21
f 1376/2086/24 1362/2052/97 1372/2076/98
f 1362/2052/97 1371/2073/99 1372/2076/98
f 1372/2076/98 1371/2073/99 1357/2039/100
f 1342/2016/101 1372/2076/98 1375/2085/102
f 1557/2363/103 1372/2076/98 1351/2031/104
f 1768/2635/105 1557/2363/103 1351/2031/104
f 1372/2076/98 1557/2363/103 1375/2085/102
f 1354/2035/106 1399/2136/107 1342/2016/101
f 1354/2035/106 1342/2016/101 1558/2364/108
f 1564/2372/109 1558/2364/108 1342/2016/101
f 1789/2664/110 1558/2364/108 1564/2372/109
f 1564/2372/109 1342/2016/101 1789/2664/110
f 1354/2035/106 1789/2664/110 1556/2362/111
f 1558/2364/108 1789/2664/110 1354/2035/106
f 1399/2136/107 1354/2035/106 1556/2362/111
f 1399/2136/107 1376/2086/24 1342/2016/101
f 1399/2136/107 1385/2107/112 1376/2086/24
f 1342/2016/101 1376/2086/24 1372/2076/98
f 2306/3458/31 2243/3368/94 2311/3467/93
f 2350/3528/113 2204/3303/95 2253/3383/114
f 2350/3528/113 2253/3383/114 1844/2741/115
f 2204/3303/95 2350/3528/113 2243/3368/94
f 2311/3467/93 2243/3368/94 2350/3528/113
f 2311/3467/93 2167/3246/116 2286/3429/12
f 2229/3342/10 2286/3429/12 2167/3246/116
f 2294/3438/117 2167/3246/116 2311/3467/93
f 1869/2779/11 2167/3246/116 2160/3237/118
f 2229/3342/10 2167/3246/116 1869/2779/11
f 1869/2779/11 2160/3237/118 1719/2568/3
f 1719/2568/3 2160/3237/118 1651/2483/119
f 1719/2568/3 1651/2483/119 1299/1957/91
f 2167/3246/116 2184/3266/120 2160/3237/118
f 2287/3430/121 2184/3266/120 2167/3246/116
f 2287/3430/121 2167/3246/116 2294/3438/117
f 2184/3266/120 2061/3085/122 2160/3237/118
f 2061/3085/122 2184/3266/120 2194/3288/123
f 2061/3085/122 2194/3288/123 2147/3218/124
f 2194/3288/123 2184/3266/120 2273/3411/125
f 2273/3411/125 2184/3266/120 2287/3430/121
f 2287/3430/121 2292/3436/126 2318/3480/127
f 2318/3480/127 2294/3438/117 2350/3528/113
f 2294/3438/117 2318/3480/127 2292/3436/126
f 2287/3430/121 2294/3438/117 2292/3436/126
f 2311/3467/93 2350/3528/113 2294/3438/117
f 2318/3480/127 2350/3528/113 2174/3254/128
f 2174/3254/128 2350/3528/113 1844/2741/115
f 1566/2375/129 2253/3383/114 2204/3303/95
f 1844/2741/115 2253/3383/114 1566/2375/129
f 1408/2156/130 1700/2541/131 1566/2375/129
f 1700/2541/131 1408/2156/130 1568/2378/132
f 1844/2741/115 1566/2375/129 1700/2541/131
f 1700/2541/131 1556/2362/111 1844/2741/115
f 1789/2664/110 1844/2741/115 1556/2362/111
s 0
f 2174/3254/133 1844/2741/133 1789/2664/134
s 1
f 1789/2664/135 2062/3086/136 2174/3254/137
f 2204/3303/95 1584/2397/20 1566/2375/129
f 1584/2397/20 1457/2232/138 1566/2375/129
f 1566/2375/129 1457/2232/138 1576/2388/139
f 1457/2232/138 1401/2138/140 1576/2388/139
f 1457/2232/138 1376/2086/24 1401/2138/140
f 1376/2086/24 1385/2107/112 1401/2138/140
f 1576/2388/139 1401/2138/140 1566/2375/129
f 1408/2156/130 1566/2375/129 1401/2138/140
f 1408/2156/130 1401/2138/140 1385/2107/112
f 1385/2107/112 1568/2378/132 1408/2156/130
f 1700/2541/131 1568/2378/132 1385/2107/112
f 1700/2541/131 1385/2107/112 1399/2136/107
f 1700/2541/131 1399/2136/107 1556/2362/111
f 1376/2086/24 1457/2232/138 1584/2397/20
f 1376/2086/24 1584/2397/20 1578/2390/96
f 2273/3411/125 2287/3430/121 2318/3480/127
f 2273/3411/125 2318/3480/127 2335/3505/141
f 2147/3218/124 2194/3288/123 2105/3155/142
f 2147/3218/124 2068/3095/143 1885/2806/144
f 2061/3085/122 2147/3218/124 1885/2806/144
f 2068/3095/143 2147/3218/124 2105/3155/142
f 2068/3095/143 2105/3155/142 1853/2753/145
f 1885/2806/144 1853/2753/145 1646/2476/146
f 1853/2753/145 1885/2806/144 2068/3095/143
f 1885/2806/144 1646/2476/146 1684/2522/147
f 1885/2806/144 1684/2522/147 2061/3085/122
f 1244/1880/148 1684/2522/147 1646/2476/146
f 65/97/149 1244/1880/148 1646/2476/146
f 1207/1829/150 1244/1880/148 65/97/149
f 1207/1829/150 54/80/151 60/90/152
s 0
f 54/80/153 1207/1829/154 65/97/155
s 1
f 1207/1829/150 60/90/152 35/53/156
f 1292/1948/157 1244/1880/148 1207/1829/150
f 1244/1880/148 1292/1948/157 1684/2522/147
f 1292/1948/157 1207/1829/150 1201/1822/92
f 1201/1822/92 1207/1829/150 35/53/156
f 137/197/158 548/824/159 589/877/160
f 137/197/158 589/877/160 151/220/90
f 137/197/158 151/220/90 35/53/156
f 35/53/156 151/220/90 81/118/88
f 81/118/88 38/58/5 1201/1822/92
f 35/53/156 81/118/88 1201/1822/92
f 1292/1948/157 1299/1957/91 1651/2483/119
f 1201/1822/92 1299/1957/91 1292/1948/157
f 1684/2522/147 1292/1948/157 1651/2483/119
f 1684/2522/147 2008/2995/161 2061/3085/122
f 2061/3085/122 2008/2995/161 2160/3237/118
f 2008/2995/161 1684/2522/147 1651/2483/119
f 2008/2995/161 1651/2483/119 2160/3237/118
f 1768/2635/162 2062/3086/136 1789/2664/135
s 0
f 1768/2635/163 1789/2664/164 1375/2085/165
f 1789/2664/166 1342/2016/167 1375/2085/168
s 1
f 1768/2635/105 1375/2085/102 1557/2363/103
s 0
f 2062/3086/169 2347/3523/170 2335/3505/171
s 1
f 2347/3523/172 2277/3415/173 2335/3505/141
s 0
f 2062/3086/174 2335/3505/175 2174/3254/176
f 2335/3505/177 2318/3480/178 2174/3254/179
s 1
f 2273/3411/125 2335/3505/141 2277/3415/173
f 2277/3415/173 2200/3296/180 2273/3411/125
f 2273/3411/125 2200/3296/180 2194/3288/123
f 2105/3155/142 2194/3288/123 2200/3296/180
s 0
f 47/71/181 54/81/182 1202/1823/183
s 1
f 54/81/184 65/97/149 1202/1823/185
f 1279/1930/186 1202/1823/185 65/97/149
s 0
f 1279/1930/187 1646/2476/188 1853/2753/189
s 1
f 65/97/149 1646/2476/146 1279/1930/186
f 2214/3315/35 2176/3256/29 1909/2843/36
f 2214/3315/35 2300/3446/85 2349/3527/34
f 2010/2999/39 2214/3315/35 1909/2843/36
f 112/165/51 650/965/58 490/746/190
s 0
f 650/965/191 818/1216/192 698/1031/193
s 1
f 490/746/190 650/965/58 698/1031/194
f 490/746/190 148/216/195 112/165/51
f 112/165/51 148/216/195 67/99/59
f 67/99/59 84/121/196 44/68/197
f 84/121/196 67/99/59 148/216/195
f 512/778/198 148/216/195 490/746/190
f 84/121/196 148/216/195 99/147/199
f 512/778/198 99/147/199 148/216/195
f 1021/1531/200 955/1426/201 866/1293/202
f 1021/1531/200 1185/1789/203 1147/1727/204
s 0
f 1147/1728/205 1185/1789/206 1100/1655/207
s 1
f 1185/1789/208 1119/1683/209 756/1122/210
s 0
f 1119/1683/211 1185/1789/212 1153/1738/213
s 1
f 1153/1738/214 1185/1789/203 1063/1601/215
f 1063/1601/215 1185/1789/203 1021/1531/200
f 988/1473/216 1063/1601/215 866/1293/202
f 1063/1601/215 1021/1531/200 866/1293/202
f 866/1293/202 955/1426/201 754/1119/217
f 754/1119/217 512/778/198 866/1293/202
f 512/778/198 490/746/190 866/1293/202
f 866/1293/202 490/746/190 698/1031/194
f 866/1293/202 698/1031/194 988/1473/216
f 1063/1601/215 1088/1638/218 1153/1738/214
f 1153/1738/214 1145/1724/219 1180/1780/220
s 0
f 1145/1724/221 799/1184/222 1180/1780/223
s 1
f 1079/1625/224 1145/1724/219 1153/1738/214
f 818/1216/225 880/1316/226 1088/1638/218
f 1088/1638/218 1063/1601/215 988/1473/216
f 1088/1638/218 988/1473/216 698/1031/194
f 1088/1638/218 698/1031/194 818/1216/225
f 880/1316/226 1079/1625/224 1088/1638/218
f 818/1216/225 650/965/227 880/1316/226
f 116/169/52 107/159/89 665/986/228
f 107/159/89 116/169/52 42/65/47
f 116/169/52 665/986/228 611/910/229
f 611/910/229 665/986/228 875/1309/230
f 875/1309/230 880/1316/226 611/910/229
s 0
f 611/910/231 880/1316/232 650/965/233
s 1
f 1079/1625/224 1153/1738/214 1088/1638/218
s 0
f 930/1396/234 1119/1683/235 1180/1780/236
f 1119/1683/237 1153/1738/238 1180/1780/239
f 799/1184/240 1145/1724/241 1151/1735/242
f 799/1184/243 570/853/244 1180/1780/245
s 1
f 1180/1780/246 570/853/247 930/1396/248
f 487/743/249 727/1078/250 398/617/251
f 487/743/249 477/731/252 727/1078/250
f 727/1078/250 799/1184/253 1151/1735/254
f 930/1396/248 700/1033/255 1119/1683/209
f 426/663/256 930/1396/248 570/853/247
f 700/1033/255 930/1396/248 426/663/256
f 700/1033/255 441/682/257 236/355/258
f 236/355/258 492/749/259 700/1033/255
f 187/271/260 492/749/259 236/355/258
f 426/663/256 441/682/257 700/1033/255
f 441/682/257 426/663/256 465/714/261
f 426/663/256 570/853/247 212/310/262
f 665/985/228 589/877/160 893/1335/263
f 893/1335/263 589/877/160 788/1169/264
f 788/1169/264 589/877/160 548/824/159
f 608/904/265 548/824/159 137/197/158
f 548/824/159 608/904/265 857/1278/266
f 952/1423/267 857/1278/266 770/1144/268
f 1023/1535/269 992/1478/270 1087/1635/271
f 770/1144/268 992/1478/270 952/1423/267
f 1087/1635/271 1136/1710/272 1023/1535/269
f 1136/1710/272 1087/1635/271 1171/1764/273
f 788/1169/264 548/824/159 857/1278/266
f 788/1169/264 857/1278/266 952/1423/267
f 893/1335/263 788/1169/264 952/1423/267
f 665/985/228 151/220/90 589/877/160
f 665/985/228 107/160/89 151/220/90
f 1137/1711/274 1035/1551/275 1171/1764/273
f 1171/1764/273 1142/1718/276 1137/1711/274
f 1171/1764/273 1035/1551/275 1136/1710/272
f 1023/1535/269 1136/1710/272 1035/1551/275
f 952/1423/267 1023/1535/269 1035/1551/275
f 1023/1535/269 952/1423/267 992/1478/270
f 1035/1551/275 893/1335/263 952/1423/267
f 665/986/228 893/1336/263 875/1309/230
f 893/1336/263 1028/1540/277 875/1309/230
f 875/1309/230 1028/1540/277 880/1316/226
f 1079/1625/224 880/1316/226 1028/1540/277
f 1028/1540/277 893/1336/263 1035/1552/275
f 1137/1712/274 1028/1540/277 1035/1552/275
f 1028/1540/277 1137/1712/274 1142/1719/276
s 0
f 1151/1735/278 1145/1724/279 1142/1719/280
s 1
f 1028/1540/277 1142/1719/276 1079/1625/224
f 1079/1625/224 1142/1719/276 1145/1724/219
f 1211/1833/6 38/59/5 42/65/47
f 1579/2391/25 1363/2054/79 1402/2139/22
f 1363/2054/79 1579/2391/25 1585/2398/26
f 1402/2139/22 1363/2054/79 1376/2088/24
f 1376/2087/24 1320/1987/281 1362/2053/97
s 0
f 1371/2074/282 1470/2250/283 1516/2310/282
f 1470/2250/284 1371/2074/285 1362/2053/286
s 1
f 1362/2053/97 1492/2280/287 1471/2251/288
f 1449/2219/289 1492/2280/287 1362/2053/97
f 1320/1987/281 1363/2054/79 1416/2171/77
f 1320/1987/281 1416/2171/77 1380/2094/290
f 1362/2053/97 1471/2251/288 1470/2250/291
f 1516/2311/292 1470/2250/291 1745/2602/293
f 1470/2250/291 1471/2251/288 1790/2665/294
f 1745/2602/293 1470/2250/291 1790/2665/294
f 1790/2665/294 1471/2251/288 1492/2280/287
f 1864/2768/295 1745/2602/293 1790/2665/294
f 1957/2918/296 1864/2768/295 1963/2927/297
f 1942/2897/298 1963/2927/297 1864/2768/295
f 1802/2683/299 1942/2897/298 1864/2768/295
f 1942/2897/298 1987/2964/300 1963/2927/297
f 1987/2964/300 1942/2897/298 1901/2829/301
f 1942/2897/298 1802/2683/299 1901/2829/301
f 1901/2829/301 1802/2683/299 1797/2676/302
f 1802/2683/299 1790/2665/294 1492/2280/287
f 1802/2683/299 1492/2280/287 1449/2219/289
f 1339/2013/303 1449/2219/289 1362/2053/97
s 0
f 1336/2008/304 1747/2606/305 1339/2013/306
s 1
f 1366/2061/307 1336/2008/308 1362/2053/97
f 1362/2053/97 1336/2008/308 1339/2013/303
f 1747/2606/309 1797/2676/302 1339/2013/303
f 1339/2013/303 1797/2676/302 1449/2219/289
f 1449/2219/289 1797/2676/302 1802/2683/299
f 1871/2781/310 1797/2676/302 1747/2606/309
f 1780/2652/311 1871/2781/310 1747/2606/309
s 0
f 1953/2914/312 1871/2781/313 1780/2652/314
s 1
f 1780/2652/311 1747/2606/309 1336/2008/308
f 1780/2652/311 1336/2008/308 1355/2036/315
f 1780/2652/311 1897/2823/316 1953/2914/317
f 1897/2823/316 1780/2652/311 1825/2710/318
f 1825/2710/318 1780/2652/311 1333/2003/319
f 1333/2003/319 1780/2652/311 1355/2036/315
f 1407/2152/320 1333/2003/319 1366/2061/307
f 1376/2088/24 1363/2054/79 1320/1987/281
s 0
f 1585/2398/321 1839/2734/322 1363/2054/323
s 1
f 1583/2395/80 1813/2697/75 1581/2393/324
f 1416/2171/77 1581/2393/324 1813/2697/75
f 1570/2380/325 1416/2171/77 1708/2551/74
f 1570/2380/325 1708/2551/74 1380/2094/290
f 1708/2551/74 1572/2383/326 1380/2094/290
f 1708/2551/74 1805/2687/76 1377/2089/327
f 1805/2687/76 1477/2258/328 1377/2089/327
f 1493/2281/329 1477/2258/328 1805/2687/76
f 1600/2416/330 1493/2281/329 1805/2687/76
f 1600/2416/330 1805/2687/76 1601/2417/331
f 1601/2417/331 1805/2687/76 1610/2427/332
f 1601/2417/331 1610/2427/332 1391/2118/333
f 2231/3345/84 1610/2427/332 1805/2687/76
f 570/853/247 799/1184/253 340/539/334
f 340/539/334 799/1184/253 727/1078/250
f 449/692/335 570/853/247 340/539/334
f 296/476/336 570/853/247 449/692/335
f 296/476/336 449/692/335 340/539/334
f 296/476/336 421/657/337 570/853/247
f 421/657/337 235/354/338 570/853/247
f 235/354/338 421/657/337 296/476/336
f 570/853/247 235/354/338 424/660/339
f 570/853/247 424/660/339 212/310/262
f 212/310/262 424/660/339 235/354/338
f 212/310/262 235/354/338 296/476/336
f 295/473/340 296/476/336 340/539/334
f 276/441/341 296/476/336 295/473/340
f 295/474/340 340/539/334 301/483/342
f 340/539/334 477/731/252 301/483/342
f 727/1078/250 477/731/252 340/539/334
f 487/743/249 398/617/251 301/483/342
f 487/743/249 301/483/342 477/731/252
f 137/198/158 35/54/156 60/91/152
f 137/198/158 60/91/152 125/182/343
f 608/905/265 137/198/158 125/182/343
f 857/1279/266 608/905/265 770/1145/268
f 992/1479/270 961/1434/344 1087/1636/271
f 1037/1555/345 1087/1636/271 961/1434/344
f 971/1446/346 1037/1555/345 961/1434/344
f 971/1446/346 961/1434/344 736/1094/347
f 778/1157/348 971/1446/346 736/1094/347
f 778/1157/348 495/754/349 829/1235/350
f 778/1157/348 829/1235/350 971/1446/346
f 829/1235/350 495/754/349 591/879/351
f 971/1446/346 829/1235/350 963/1436/352
f 1134/1706/353 1117/1679/354 1084/1631/355
f 1134/1706/353 1184/1785/356 1117/1679/354
f 1084/1631/355 1117/1679/354 1037/1555/345
f 1084/1631/355 971/1446/346 963/1436/352
f 1084/1631/355 1037/1555/345 971/1446/346
f 60/91/152 54/82/151 125/182/343
f 770/1145/268 608/905/265 736/1094/347
f 145/210/357 125/182/343 54/82/151
f 145/210/357 54/82/151 146/211/358
f 145/210/357 146/211/358 495/754/349
f 47/72/359 146/211/358 54/82/151
f 495/754/349 146/211/358 591/879/351
f 125/182/343 145/210/357 608/905/265
f 608/905/265 145/210/357 495/754/349
f 608/905/265 495/754/349 736/1094/347
f 495/754/349 778/1157/348 736/1094/347
f 770/1145/268 961/1434/344 992/1479/270
f 736/1094/347 961/1434/344 770/1145/268
f 212/310/262 276/441/341 236/355/258
f 465/714/261 426/663/256 212/310/262
f 465/714/261 212/310/262 441/682/257
f 441/682/257 212/310/262 236/355/258
f 187/271/260 236/355/258 222/326/360
s 0
f 222/326/361 220/324/362 187/271/363
s 1
f 209/306/364 211/308/365 253/389/366
f 211/308/365 614/914/367 654/970/368
f 614/914/367 211/308/365 590/878/369
f 590/878/369 211/308/365 209/306/364
f 209/306/364 538/812/370 590/878/369
f 209/306/364 183/266/371 538/812/370
f 209/306/364 253/389/366 183/266/371
f 183/266/371 253/389/366 276/441/341
f 183/266/371 276/441/341 352/554/372
f 262/408/373 252/388/374 276/441/341
f 252/388/374 262/408/373 223/328/375
f 662/981/376 252/388/374 613/913/377
f 613/913/377 252/388/374 223/328/375
f 573/856/378 613/913/377 223/328/375
f 613/913/377 573/856/378 715/1058/379
f 741/1102/380 715/1058/379 852/1271/381
f 715/1058/379 741/1102/380 613/913/377
f 741/1102/380 852/1271/381 823/1224/382
f 878/1312/383 863/1287/384 823/1224/382
f 863/1287/384 878/1313/383 869/1299/385
f 781/1160/386 869/1299/385 821/1220/387
f 781/1160/386 821/1220/387 760/1129/388
f 781/1160/386 760/1129/388 614/914/367
f 590/878/369 538/812/370 685/1012/389
f 685/1012/389 538/812/370 633/940/390
f 733/1090/391 685/1012/389 633/940/390
f 781/1160/386 685/1012/389 797/1182/392
f 590/878/369 685/1012/389 781/1160/386
f 590/878/369 781/1160/386 614/914/367
f 781/1160/386 797/1182/392 869/1299/385
s 0
f 869/1299/393 797/1182/394 863/1287/395
s 1
f 733/1090/391 797/1182/392 685/1012/389
f 779/1158/396 797/1182/392 733/1090/391
f 797/1182/392 779/1158/396 863/1287/384
f 823/1224/382 779/1158/396 741/1102/380
f 741/1102/380 779/1158/396 563/843/397
f 741/1102/380 563/843/397 662/981/376
f 741/1102/380 662/981/376 613/913/377
f 662/981/376 563/843/397 352/554/372
f 563/843/397 633/940/390 183/266/371
f 352/554/372 563/843/397 183/266/371
f 183/266/371 633/940/390 538/812/370
f 633/940/390 563/843/397 733/1090/391
f 733/1090/391 563/843/397 779/1158/396
f 779/1158/396 823/1224/382 863/1287/384
f 276/441/341 222/326/360 236/355/258
f 464/713/398 301/484/342 398/618/251
f 353/555/399 301/484/342 464/713/398
f 445/687/400 579/865/401 295/475/340
f 418/653/402 295/475/340 579/865/401
f 295/475/340 418/653/402 300/482/403
f 300/482/403 440/681/404 455/700/405
f 455/700/405 440/681/404 582/869/406
f 582/869/406 440/681/404 300/482/403
f 579/865/401 300/482/403 418/653/402
f 300/482/403 579/865/401 582/869/406
f 579/865/401 445/687/400 353/555/399
f 582/869/406 579/865/401 1082/1629/407
f 582/869/406 1082/1629/407 1075/1619/408
f 1151/1736/254 1082/1629/407 911/1366/409
f 1082/1629/407 1151/1736/254 1171/1765/273
f 1082/1629/407 1171/1765/273 1075/1619/408
f 301/484/342 353/555/399 295/475/340
f 445/687/400 295/475/340 353/555/399
f 295/475/340 184/267/410 305/490/411
f 184/267/410 295/475/340 300/482/403
f 184/267/410 300/482/403 455/700/405
f 184/267/410 455/700/405 422/658/412
f 455/700/405 582/869/406 422/658/412
f 582/869/406 334/533/413 191/277/414
f 582/869/406 191/277/414 184/267/410
f 191/277/414 234/353/415 184/267/410
f 582/869/406 184/267/410 422/658/412
f 184/267/410 234/353/415 305/490/411
s 0
f 234/353/416 334/533/417 305/490/418
s 1
f 432/671/419 305/490/420 334/533/413
f 273/433/421 305/490/420 310/498/422
f 273/433/421 310/498/422 272/431/423
f 310/498/422 605/900/424 272/431/423
f 582/869/406 305/490/420 432/671/419
f 310/498/422 305/490/420 605/900/424
f 605/900/424 305/490/420 582/869/406
f 582/869/406 432/671/419 334/533/413
f 191/277/414 334/533/413 234/353/415
f 276/440/341 295/475/340 238/357/425
s 0
f 305/490/426 238/357/426 295/475/426
s 1
f 262/409/373 276/440/341 238/357/425
f 262/410/373 238/357/425 261/405/427
f 305/490/420 273/433/421 272/431/423
f 263/413/428 272/431/423 605/900/424
f 974/1449/429 605/900/430 1071/1614/431
s 0
f 605/900/432 582/869/433 1071/1614/434
s 1
f 1075/1619/408 1041/1563/435 582/869/406
f 1041/1563/435 1071/1614/436 582/869/406
f 1082/1629/407 579/865/401 353/555/399
f 353/555/399 911/1366/409 1082/1629/407
f 1151/1736/254 911/1366/409 727/1079/250
s 0
f 1171/1765/437 1151/1736/438 1142/1720/439
s 1
f 1171/1765/273 1183/1783/440 1075/1619/408
f 464/713/398 398/618/251 727/1079/250
f 353/555/399 727/1079/250 911/1366/409
f 464/713/398 727/1079/250 353/555/399
f 1087/1637/271 1037/1556/345 1171/1766/273
f 1037/1556/345 1117/1680/354 1183/1784/440
f 1183/1784/440 1117/1680/354 1184/1786/356
s 0
f 1183/1784/441 1041/1564/442 1075/1620/443
s 1
f 1037/1556/345 1183/1784/440 1171/1766/273
s 0
f 1071/1615/444 1184/1786/445 974/1450/445
s 1
f 1184/1786/356 1071/1615/436 1183/1784/440
f 1183/1784/440 1071/1615/436 1041/1564/435
f 77/112/446 1220/1847/64 69/102/447
f 84/122/196 69/102/447 1220/1847/64
f 99/148/199 69/102/447 84/122/196
f 1243/1879/448 77/112/446 1281/1933/449
f 1243/1879/448 1760/2624/450 1314/1979/40
f 1314/1979/40 1760/2624/450 1990/2969/451
f 1314/1979/40 1990/2969/451 2010/3000/39
f 2010/3001/39 1990/2969/451 2249/3377/86
s 0
f 2300/3447/452 2333/3503/452 2231/3346/452
s 1
f 2231/3346/84 2333/3503/87 2213/3313/453
f 2052/3072/454 2213/3313/453 2314/3472/455
f 2213/3313/453 2333/3503/87 2314/3472/455
s 0
f 2164/3241/456 2052/3072/457 2314/3472/458
s 1
f 2333/3503/87 2249/3377/86 2283/3424/459
f 2283/3424/459 2249/3377/86 2165/3243/460
f 2289/3432/461 2283/3424/459 2165/3243/460
f 2165/3243/460 2249/3377/86 1990/2969/451
f 2165/3243/460 1990/2969/451 1947/2906/462
f 2283/3424/459 2289/3432/461 2333/3503/87
f 2333/3503/87 2289/3432/461 2314/3472/455
f 2173/3253/463 2314/3472/455 2255/3385/464
f 2207/3306/465 2314/3472/455 2219/3323/466
f 2173/3253/463 2219/3323/466 2314/3472/455
f 2255/3385/464 2115/3169/467 2173/3253/463
f 2255/3385/464 2314/3472/455 2289/3432/461
f 1947/2906/462 1868/2777/468 2255/3385/464
f 2165/3243/460 2255/3385/464 2289/3432/461
f 2165/3243/460 1947/2906/462 2255/3385/464
f 1947/2906/462 1990/2969/451 1760/2624/450
f 1281/1933/449 1760/2624/450 1243/1879/448
f 77/112/446 1227/1857/469 1281/1933/449
f 1297/1954/470 1281/1933/449 1227/1857/469
s 0
f 1297/1954/471 1820/2704/472 1281/1933/473
s 1
f 1820/2704/474 1760/2624/450 1281/1933/449
f 1820/2704/474 1988/2966/475 1868/2777/468
f 2255/3385/464 1868/2777/468 2115/3169/467
f 2115/3169/467 1868/2777/468 1988/2966/475
f 1988/2966/475 1820/2704/474 1696/2535/476
f 1696/2535/476 1820/2704/474 1304/1963/477
f 1820/2704/474 1297/1954/470 1304/1963/477
f 1297/1954/470 1227/1857/469 1304/1963/477
s 0
f 1304/1963/478 1227/1857/479 1209/1831/480
s 1
f 83/120/481 1209/1831/482 1227/1857/469
f 83/120/481 87/128/483 1209/1831/482
f 1680/2517/484 1696/2535/476 1304/1963/477
f 1680/2517/484 1988/2966/475 1696/2535/476
f 2115/3169/467 2219/3323/466 2173/3253/463
f 2013/3005/485 2207/3306/465 2219/3323/466
f 2013/3005/485 2219/3323/466 2115/3169/467
f 512/779/198 169/246/486 99/148/199
f 754/1120/217 169/246/486 512/779/198
f 99/148/199 169/246/486 111/164/487
f 99/148/199 111/164/487 92/137/488
f 169/246/486 660/979/489 111/164/487
f 660/979/489 169/246/486 825/1228/490
f 660/979/489 825/1228/490 808/1197/491
f 169/246/486 754/1120/217 825/1228/490
f 825/1228/490 754/1120/217 955/1427/201
s 0
f 1027/1539/492 825/1228/493 955/1427/494
s 1
f 1027/1539/495 955/1427/201 1021/1532/200
f 1147/1729/204 1027/1539/495 1021/1533/200
s 0
f 1100/1654/496 1163/1752/497 1147/1729/498
f 1005/1501/499 1163/1752/500 1100/1654/501
s 1
f 1163/1752/502 1005/1501/503 1126/1693/504
s 0
f 1126/1694/505 1173/1769/505 1163/1752/506
s 1
f 1173/1769/507 1080/1626/508 1026/1538/509
f 1163/1752/510 1173/1769/507 1026/1538/509
f 1163/1752/510 1026/1538/509 1027/1539/495
f 1080/1626/508 1186/1790/511 1039/1558/512
f 1039/1558/512 697/1030/513 1080/1626/508
f 839/1252/514 811/1204/515 970/1444/516
f 811/1204/515 839/1252/514 649/963/517
f 237/356/518 811/1204/515 649/963/517
f 1039/1558/512 970/1444/516 697/1030/513
f 970/1444/516 811/1204/515 697/1030/513
f 697/1030/513 811/1204/515 168/245/519
f 811/1204/515 237/356/518 168/245/519
f 99/148/199 92/137/488 69/102/447
f 69/102/447 92/137/488 77/112/446
f 83/120/481 77/112/446 92/137/488
f 92/137/488 111/164/487 83/120/481
f 83/120/481 1227/1857/469 77/112/446
f 127/184/520 83/120/481 111/164/487
f 127/184/520 111/164/487 660/979/489
f 127/184/520 660/979/489 168/245/519
f 808/1197/491 856/1277/521 660/979/489
f 697/1030/513 168/245/519 660/979/489
f 697/1030/513 660/979/489 856/1277/521
f 127/184/520 168/245/519 101/151/522
f 168/245/519 237/356/518 101/151/522
f 83/120/481 127/184/520 101/151/522
f 83/120/481 101/151/522 87/128/483
s 0
f 87/128/523 79/115/524 1209/1831/525
f 1209/1831/526 79/115/527 1236/1869/528
s 1
f 79/115/529 87/128/483 147/214/530
f 147/214/530 87/128/483 101/151/522
f 101/151/522 237/356/518 147/214/530
f 697/1030/513 856/1277/521 1026/1538/509
f 1080/1626/508 697/1030/513 1026/1538/509
f 1027/1539/495 1026/1538/509 825/1228/490
f 856/1277/521 825/1228/490 1026/1538/509
f 856/1277/521 808/1197/491 825/1228/490
f 1027/1539/495 1147/1729/204 1163/1752/510
f 1416/2171/77 1363/2054/79 1583/2395/80
f 1416/2171/77 1583/2395/80 1581/2393/324
f 1416/2171/77 1570/2380/325 1380/2094/290
f 1380/2094/290 1572/2383/326 1320/1987/281
f 1320/1987/281 1572/2383/326 1708/2551/74
f 1577/2389/531 1320/1987/281 1708/2551/74
f 1577/2389/531 1708/2551/74 1377/2089/327
f 1320/1987/281 1577/2389/531 1377/2089/327
f 1320/1987/281 1477/2258/328 1493/2281/329
f 1320/1987/281 1377/2089/327 1477/2258/328
s 0
f 1320/1987/532 1493/2281/533 1391/2118/534
s 1
f 1601/2417/331 1391/2118/333 1493/2281/329
f 1601/2417/331 1493/2281/329 1600/2416/330
f 1422/2179/535 1391/2118/333 1610/2427/332
f 1391/2118/536 1366/2061/307 1362/2053/97
f 1391/2118/536 1362/2053/97 1320/1987/281
f 1100/1655/537 1185/1789/208 756/1122/210
s 0
f 320/512/538 756/1122/539 479/733/540
s 1
f 479/733/541 756/1122/210 700/1033/255
f 228/340/542 320/512/543 222/326/360
f 222/326/360 320/512/543 479/733/541
f 216/319/544 222/326/360 479/733/541
f 222/326/360 216/319/544 466/715/545
f 466/715/545 216/319/544 479/733/541
f 222/326/360 466/715/545 220/324/546
f 187/271/260 220/324/546 492/749/259
f 492/749/259 220/324/546 466/715/545
f 492/749/259 466/715/545 479/733/541
f 700/1033/255 492/749/259 479/733/541
f 700/1033/255 756/1122/210 1119/1683/209
f 296/476/336 276/441/341 212/310/262
f 1864/2768/295 1790/2665/294 1802/2683/299
f 2045/3060/547 1967/2933/548 2049/3068/549
f 2039/3051/550 2049/3068/549 1953/2914/317
f 1825/2710/318 2039/3051/550 1897/2823/316
f 1897/2823/316 2039/3051/550 1953/2914/317
f 1825/2710/318 1333/2003/319 1407/2153/320
f 1799/2678/551 1825/2710/318 1407/2153/320
f 1953/2914/317 2049/3068/549 1967/2933/548
f 1871/2781/310 1953/2914/317 1967/2933/548
f 1797/2676/302 1871/2781/310 1901/2829/301
f 1901/2829/301 1871/2781/310 1967/2933/548
f 1901/2829/301 1967/2933/548 1987/2964/300
f 1987/2964/300 1967/2933/548 2044/3058/552
f 2044/3058/552 1967/2933/548 2045/3060/547
f 352/554/372 252/388/374 662/981/376
f 352/554/372 276/441/341 252/388/374
f 1947/2906/462 1760/2624/450 1820/2704/474
f 1947/2906/462 1820/2704/474 1868/2777/468
f 1243/1879/448 1314/1979/40 1298/1956/41
f 77/112/446 1243/1879/448 1298/1956/41
f 77/112/446 1298/1956/41 1220/1847/64
f 2115/3169/467 1988/2966/475 2013/3005/485
f 1754/2615/553 1680/2517/484 1312/1975/554
f 1680/2517/484 1304/1963/477 1312/1975/554
f 1312/1975/554 1304/1963/477 1209/1831/555
f 1209/1831/555 1236/1869/556 1312/1975/554
f 1988/2966/475 1680/2517/484 2013/3005/485
f 2351/3529/557 2352/3531/558 2256/3386/559
f 2352/3531/558 1828/2714/560 2256/3386/559
f 2351/3529/557 2256/3386/559 2164/3241/561
f 2351/3529/557 2164/3241/561 2314/3472/455
f 1845/2742/562 2052/3073/563 1740/2597/564
f 1845/2742/562 1740/2597/564 1520/2317/565
f 2164/3242/566 1617/2437/567 1740/2597/564
s 0
f 1617/2437/568 2164/3242/569 2256/3387/570
s 1
f 1617/2437/571 2256/3387/559 1828/2715/560
f 1509/2302/572 1617/2437/571 1438/2204/573
s 0
f 1509/2302/574 1740/2597/575 1617/2437/576
f 1509/2302/577 1403/2140/578 1392/2120/579
f 1438/2204/580 1403/2140/581 1509/2302/582
s 1
f 1403/2140/583 1438/2204/573 1617/2437/571
f 1704/2545/584 1617/2437/571 1828/2715/560
f 1617/2437/571 1704/2545/584 1504/2295/585
f 1617/2437/571 1504/2295/585 1403/2140/583
f 1409/2157/586 1392/2120/587 1403/2140/588
s 0
f 1509/2302/589 1392/2120/590 1520/2317/591
f 1509/2302/592 1520/2317/593 1551/2356/594
s 1
f 1509/2302/595 1551/2356/596 1740/2597/564
f 1740/2597/564 1551/2356/596 1520/2317/565
f 1520/2317/565 1392/2120/587 1507/2299/597
f 1520/2317/565 1507/2299/597 1603/2419/598
f 1845/2742/562 1520/2317/565 1603/2419/598
f 1392/2120/587 1603/2419/598 1507/2299/597
f 1409/2157/586 1603/2419/598 1392/2120/587
f 1603/2419/598 1409/2157/586 1459/2234/599
f 1513/2306/600 1459/2234/599 1409/2157/586
f 1403/2140/588 1366/2060/307 1409/2157/586
f 1366/2060/307 1373/2079/601 1407/2154/320
f 1403/2140/588 1373/2080/601 1366/2060/307
f 1740/2597/564 2052/3073/563 2164/3242/566
s 0
f 1409/2157/602 1527/2324/603 1513/2306/604
s 1
f 1488/2275/605 1527/2324/606 1409/2157/607
s 0
f 1488/2275/608 1409/2157/609 1391/2119/610
s 1
f 1459/2234/599 1513/2306/600 1527/2324/611
s 0
f 1610/2428/612 1488/2275/613 1422/2180/614
f 1422/2180/615 1488/2275/616 1391/2119/617
s 1
f 1366/2060/307 1391/2119/536 1409/2157/586
s 0
f 1488/2275/618 1610/2428/619 1527/2324/620
s 1
f 1527/2324/611 1610/2428/332 1845/2742/562
f 1527/2324/611 1845/2742/562 1459/2234/599
f 1459/2234/599 1845/2742/562 1603/2419/598
s 0
f 1845/2742/621 2213/3314/622 2052/3073/623
s 1
f 1845/2742/562 2231/3347/84 2213/3314/453
f 1610/2428/332 2231/3347/84 1845/2742/562
s 0
f 2207/3307/624 2013/3006/625 2152/3225/626
s 1
f 2111/3163/627 2207/3307/465 2152/3225/628
f 2207/3307/465 2111/3163/627 2188/3275/629
f 2320/3482/630 2207/3307/465 2188/3275/629
f 2111/3163/627 2152/3225/628 2013/3006/485
f 2111/3163/627 2013/3006/485 2042/3056/631
f 2013/3006/485 1680/2518/484 1754/2616/553
f 2013/3006/485 1754/2616/553 2042/3056/631
f 1754/2616/553 1672/2506/632 1955/2916/633
f 2042/3056/631 1754/2616/553 1955/2916/633
f 2111/3163/627 2042/3056/631 1955/2916/633
f 2111/3163/627 1955/2916/633 2113/3166/634
f 1253/1890/635 1672/2506/632 1754/2616/553
f 1313/1977/636 1672/2506/632 1253/1890/635
f 2113/3166/634 1955/2916/633 1960/2924/637
f 2188/3275/629 2113/3166/634 2242/3366/638
f 2188/3275/629 2329/3496/639 2320/3482/630
s 0
f 2188/3275/640 2111/3163/641 2113/3166/642
s 1
f 1230/1861/643 1312/1976/554 1236/1870/556
s 0
f 79/116/644 80/117/645 1236/1870/646
f 79/116/647 147/213/648 80/117/648
s 1
f 147/213/649 143/207/650 80/117/651
f 80/117/651 143/207/650 6/8/652
f 6/8/652 68/101/653 1234/1866/654
f 1313/1977/636 1657/2490/655 1672/2506/632
f 1234/1866/654 1264/1909/656 1313/1977/636
s 0
f 1657/2490/657 1313/1977/658 1739/2595/659
s 1
f 1672/2506/632 1657/2490/655 1960/2924/637
f 1960/2924/637 1657/2490/655 1739/2595/660
f 1264/1909/656 1739/2595/660 1313/1977/636
f 1203/1825/661 1264/1909/656 1234/1866/654
f 14/22/662 16/24/663 1203/1825/661
f 1203/1825/661 16/24/663 12/17/664
f 1203/1825/661 12/17/664 1276/1923/665
f 1739/2595/660 1783/2655/666 1905/2835/667
f 1905/2835/667 2103/3152/668 2118/3173/669
f 2118/3173/669 2103/3152/668 2191/3278/670
f 2343/3517/671 2281/3421/672 2177/3257/673
f 2281/3421/672 2343/3517/671 2329/3496/639
f 2230/3343/674 1794/2672/675 1973/2942/676
f 2230/3343/674 1973/2942/676 2247/3373/677
f 2247/3373/677 2343/3517/671 2230/3343/674
s 0
f 1236/1870/678 80/117/679 1230/1861/680
s 1
f 1312/1976/554 1230/1861/643 1253/1890/635
f 1754/2616/553 1312/1976/554 1253/1890/635
s 0
f 1230/1861/681 80/117/682 6/8/683
s 1
f 1230/1861/643 1234/1866/654 1253/1890/635
f 1230/1861/643 6/8/652 1234/1866/654
f 1253/1890/635 1234/1866/654 1313/1977/636
s 0
f 1960/2924/684 1955/2916/685 1672/2506/686
s 1
f 2118/3173/669 2113/3166/634 1960/2924/637
f 1905/2835/667 2118/3173/669 1960/2924/637
f 2113/3166/634 2118/3173/669 2191/3278/670
f 2242/3366/638 2113/3166/634 2191/3278/670
f 2188/3275/629 2242/3366/638 2329/3496/639
s 0
f 2352/3532/687 2329/3496/688 1796/2675/689
s 1
f 2207/3307/465 2320/3482/630 2314/3473/455
f 2314/3474/455 2320/3482/630 2351/3530/557
f 2320/3482/630 2352/3532/558 2351/3530/557
s 0
f 2329/3496/690 2352/3532/691 2320/3482/692
s 1
f 2352/3532/558 1796/2675/693 1828/2716/560
f 1796/2675/693 1504/2296/585 1704/2546/584
f 1796/2675/693 1704/2546/584 1828/2716/560
s 0
f 1403/2141/694 1389/2115/694 1373/2081/694
f 1389/2115/695 1403/2141/695 1415/2169/695
s 1
f 1335/2005/696 1373/2081/697 1389/2115/698
f 1451/2222/699 1531/2330/700 1614/2433/701
f 1415/2169/702 1531/2330/700 1451/2222/699
f 1517/2314/703 1415/2169/704 1441/2209/705
s 0
f 1441/2209/706 1403/2141/707 1460/2235/708
s 1
f 1403/2141/709 1495/2284/710 1460/2235/711
s 0
f 1495/2284/712 1403/2141/713 1504/2296/714
s 1
f 1857/2759/715 2258/3391/716 2169/3249/717
f 1441/2209/705 1857/2759/715 1523/2320/718
f 2258/3391/716 1857/2759/715 1796/2675/693
f 1796/2675/693 1857/2759/715 1495/2284/710
f 1796/2675/693 1495/2284/710 1504/2296/585
f 1460/2235/711 1495/2284/710 1857/2759/715
f 1857/2759/715 1441/2209/705 1460/2235/711
f 1403/2141/719 1441/2209/705 1415/2169/704
s 0
f 1415/2169/720 1517/2314/721 1522/2319/722
s 1
f 1523/2320/718 1517/2314/703 1441/2209/705
f 1517/2314/703 1821/2705/723 1622/2445/724
f 1821/2705/723 1517/2314/703 1523/2320/718
f 1821/2705/723 1523/2320/718 1857/2759/715
f 1622/2445/724 1821/2705/723 1543/2344/725
f 1543/2344/725 1821/2705/723 1973/2942/676
f 1857/2759/715 2169/3249/717 1821/2705/723
f 2258/3391/716 1796/2675/693 2340/3513/726
f 2258/3391/716 2340/3513/726 2169/3249/717
f 1973/2942/676 1821/2705/723 2169/3249/717
f 1973/2942/676 2169/3249/717 2247/3373/677
f 2247/3373/677 2169/3249/717 2340/3513/726
f 2343/3517/671 2247/3373/677 2340/3513/726
f 2343/3517/671 2340/3513/726 1796/2675/693
f 2343/3517/671 1796/2675/693 2329/3496/639
f 2242/3366/638 2281/3421/672 2329/3496/639
f 2242/3366/638 2191/3278/670 2281/3421/672
f 1522/2319/727 1517/2314/703 1622/2445/724
f 1543/2344/725 1531/2330/700 1415/2169/702
f 1415/2169/702 1522/2319/727 1543/2344/725
f 1543/2344/725 1522/2319/727 1622/2445/724
f 1543/2344/725 1614/2433/701 1531/2330/700
f 1614/2433/701 1543/2344/725 1973/2942/676
f 649/963/517 147/214/530 237/356/518
f 185/268/728 194/281/729 664/984/730
f 436/676/731 185/268/728 664/984/730
f 436/676/731 664/984/730 188/272/732
f 185/268/728 436/676/731 188/272/732
f 185/268/728 188/272/732 222/327/360
f 222/327/360 175/254/733 185/268/728
s 0
f 185/268/734 175/254/735 194/281/736
s 1
f 175/254/733 180/262/737 194/281/729
f 664/984/730 194/281/729 180/262/737
f 610/908/738 664/984/730 180/262/737
f 180/262/737 175/254/733 610/908/738
f 175/254/733 541/815/739 610/908/738
f 188/272/732 664/984/730 1126/1695/504
s 0
f 680/1005/740 230/343/741 325/523/742
s 1
f 230/343/743 229/342/744 222/327/360
f 320/513/543 230/343/743 680/1005/745
f 680/1005/745 756/1123/210 320/513/543
f 756/1123/210 680/1005/745 1100/1656/537
f 1100/1656/537 680/1005/745 1005/1502/503
f 188/272/732 1005/1502/503 680/1005/745
f 1005/1502/503 188/272/732 1126/1695/504
s 0
f 1173/1770/746 1126/1695/747 1186/1791/746
s 1
f 1186/1791/511 1080/1627/508 1173/1770/507
f 188/272/732 199/287/748 222/327/360
f 199/287/748 188/272/732 680/1005/745
f 199/287/748 680/1005/745 174/253/749
f 174/253/749 680/1005/745 372/585/750
f 222/327/360 199/287/748 174/253/749
f 680/1005/745 325/523/751 372/585/750
f 372/585/750 222/327/360 174/253/749
f 222/327/360 276/442/341 253/390/366
f 228/341/542 222/327/360 229/342/744
f 320/513/543 228/341/542 230/343/743
f 230/343/743 228/341/542 229/342/744
f 325/523/751 230/343/743 222/327/360
f 222/327/360 372/585/750 325/523/751
f 1126/1695/504 1064/1602/752 1186/1791/753
f 664/984/730 1064/1602/752 1126/1695/504
f 664/984/730 610/908/738 728/1080/754
f 1064/1602/752 664/984/730 728/1080/754
f 728/1080/754 610/908/738 791/1172/755
f 728/1080/754 791/1172/755 960/1432/756
f 1109/1667/757 1186/1791/753 728/1080/754
f 1064/1602/752 728/1080/754 1186/1791/753
f 175/254/733 222/327/360 253/390/366
s 0
f 211/309/758 401/622/759 253/390/760
s 1
f 401/622/761 211/309/365 654/971/368
s 0
f 147/215/762 649/964/763 143/208/764
s 1
f 6/9/652 143/208/650 155/225/765
f 143/208/650 571/854/766 155/225/765
f 155/225/765 482/736/767 109/162/768
f 6/9/652 155/225/765 68/100/653
f 68/100/653 155/225/765 109/162/768
f 14/21/662 68/100/653 109/162/768
f 14/21/662 103/153/769 16/25/663
f 682/1007/770 705/1040/771 609/906/772
f 609/906/772 103/153/769 682/1007/770
f 109/162/768 103/153/769 14/21/662
f 109/162/768 513/780/773 103/153/769
f 103/153/769 513/780/773 682/1007/770
f 682/1007/770 513/780/773 853/1274/774
f 705/1040/771 682/1007/770 853/1274/774
f 987/1471/775 705/1040/771 853/1274/774
f 1131/1702/776 987/1471/775 1033/1547/777
f 1033/1547/777 987/1471/775 853/1274/774
f 1033/1547/777 853/1274/774 1090/1640/778
f 1090/1640/778 853/1274/774 956/1428/779
f 861/1284/780 956/1428/779 853/1274/774
f 861/1284/780 482/736/767 714/1057/781
f 714/1057/781 482/736/767 571/854/766
f 956/1428/779 861/1284/780 714/1057/781
f 1090/1640/778 956/1428/779 1089/1639/782
s 0
f 1089/1639/783 956/1428/784 714/1057/785
s 1
f 1054/1583/786 1174/1771/787 1089/1639/782
f 1174/1771/787 1155/1742/788 1089/1639/782
f 1039/1559/512 1054/1583/786 966/1440/789
f 970/1445/516 1039/1559/512 966/1440/789
f 970/1445/516 966/1440/789 839/1253/514
f 839/1253/514 966/1440/789 718/1064/790
f 966/1440/789 1054/1583/786 714/1057/781
f 714/1057/781 1054/1583/786 1089/1639/782
f 718/1064/790 966/1440/789 714/1057/781
f 649/964/517 718/1064/790 571/854/766
f 649/964/517 571/854/766 143/208/650
f 649/964/517 839/1253/514 718/1064/790
f 155/225/765 571/854/766 482/736/767
f 714/1057/781 571/854/766 718/1064/790
f 482/736/767 861/1284/780 513/780/773
f 861/1284/780 853/1274/774 513/780/773
f 1172/1768/791 1033/1547/777 1090/1640/778
f 1172/1768/791 1090/1640/778 1155/1742/788
f 1155/1742/788 1090/1640/778 1089/1639/782
s 0
f 1155/1742/792 1049/1576/792 1178/1778/793
f 1155/1742/794 1042/1565/795 1049/1576/796
f 1178/1778/797 1049/1576/798 1077/1623/799
s 1
f 1178/1778/800 1172/1768/791 1155/1742/788
f 1077/1623/801 1049/1576/802 655/973/803
f 1077/1623/801 1113/1673/804 1178/1778/805
f 1113/1673/804 1077/1623/801 671/994/806
f 671/994/806 1077/1623/801 655/973/803
f 1042/1565/807 1155/1742/788 1174/1771/787
s 0
f 1109/1668/808 1174/1771/809 1186/1792/810
s 1
f 1174/1771/787 1109/1668/757 1042/1565/807
f 1042/1565/807 1109/1668/757 536/810/811
f 960/1433/756 536/810/811 1109/1668/757
f 1109/1668/757 728/1081/754 960/1433/756
f 536/810/811 960/1433/756 791/1173/755
f 791/1173/755 610/909/738 541/816/739
s 0
f 791/1173/812 541/816/813 536/810/814
s 1
f 536/810/811 541/816/739 196/284/815
f 196/284/815 541/816/739 175/255/733
f 1042/1565/807 536/810/811 1049/1576/802
f 655/973/803 1049/1576/802 179/261/816
s 0
f 387/605/817 671/994/818 655/973/819
f 1178/1778/820 1113/1673/821 1105/1661/822
s 1
f 1105/1661/823 1113/1673/804 671/994/806
f 1186/1792/511 1174/1771/787 1039/1559/512
f 1174/1771/787 1054/1583/786 1039/1559/512
f 536/810/811 193/280/824 179/261/816
s 0
f 179/261/825 193/280/826 201/292/827
s 1
f 201/292/828 171/248/829 179/261/816
f 179/261/816 171/248/829 170/247/830
f 170/247/830 655/973/803 179/261/816
f 179/261/816 1049/1576/802 536/810/811
s 0
f 655/973/831 170/247/832 434/674/833
s 1
f 434/674/834 170/247/830 203/294/835
f 655/973/836 434/674/834 387/605/837
f 671/994/806 387/605/837 406/633/838
f 475/729/839 671/994/806 406/633/838
f 467/716/840 671/994/806 475/729/839
f 467/716/840 475/729/839 368/577/841
f 368/577/841 406/633/838 265/417/842
f 265/417/842 406/633/838 178/260/843
f 201/292/828 265/417/842 171/248/829
f 171/248/829 203/294/835 170/247/830
f 434/674/834 203/294/835 178/260/843
f 368/577/841 475/729/839 406/633/838
f 178/260/843 406/633/838 387/605/837
f 178/260/843 387/605/837 434/674/834
f 265/417/842 178/260/843 171/248/829
f 171/248/829 178/260/843 203/294/835
f 175/254/733 253/390/366 275/435/844
f 536/810/811 196/284/815 193/280/824
f 193/280/824 196/284/815 201/292/845
f 264/415/846 175/255/733 275/436/844
f 265/417/847 175/255/733 264/415/846
f 175/255/733 265/417/847 196/284/815
s 0
f 196/284/848 265/417/849 201/292/850
s 1
f 1366/2061/307 1355/2036/315 1336/2008/308
f 1366/2061/307 1333/2003/319 1355/2036/315
f 2039/3052/550 1825/2711/318 1984/2961/851
f 1799/2679/551 1927/2871/852 1984/2961/851
f 2035/3047/853 1984/2961/851 1927/2871/852
f 1984/2961/851 2035/3047/853 2039/3052/550
s 0
f 2049/3069/854 2092/3135/855 2045/3061/856
s 1
f 2049/3069/549 2039/3052/550 2054/3075/857
f 2054/3075/857 2039/3052/550 2035/3047/853
f 2054/3075/857 2092/3135/858 2049/3069/549
f 1815/2699/859 1927/2871/852 1799/2679/551
f 1984/2961/851 1825/2711/318 1799/2679/551
f 1799/2679/551 1407/2155/320 1542/2343/860
f 1373/2082/601 1542/2343/860 1407/2155/320
f 1799/2679/551 1542/2343/860 1815/2699/859
f 1815/2699/859 1542/2343/860 1589/2403/861
s 0
f 1589/2403/862 1542/2343/863 1373/2082/864
f 1373/2082/865 1631/2455/866 1676/2511/867
f 1373/2082/868 1676/2511/869 1589/2403/870
s 1
f 1832/2721/871 1930/2875/872 1927/2871/852
f 1927/2871/852 1930/2875/872 1958/2921/873
f 1815/2699/859 1676/2511/874 1832/2721/871
f 1832/2721/871 1927/2871/852 1815/2699/859
f 1676/2511/874 1815/2699/859 1589/2403/861
f 1927/2871/852 1958/2921/873 2035/3047/853
f 2054/3075/857 2073/3101/875 2119/3174/876
f 2063/3088/877 2095/3139/878 2040/3053/879
f 2040/3053/879 2002/2986/880 1957/2919/296
f 2040/3053/879 1957/2919/296 1963/2928/297
f 1957/2919/296 1779/2651/881 1864/2769/295
f 1779/2651/881 1745/2603/293 1864/2769/295
f 2040/3053/879 1963/2928/297 1987/2965/300
f 2040/3053/879 1987/2965/300 2044/3059/552
f 2063/3088/877 2040/3053/879 2044/3059/552
s 0
f 2044/3059/882 2045/3061/883 2070/3097/884
f 2063/3088/885 2044/3059/886 2070/3097/887
s 1
f 2045/3061/888 2092/3135/889 2070/3097/890
s 0
f 2070/3097/891 2092/3135/892 2137/3202/893
f 2063/3088/894 2070/3097/895 2159/3236/896
f 2159/3236/897 2070/3097/898 2137/3202/899
s 1
f 2119/3174/876 2137/3202/900 2092/3135/858
f 1958/2921/873 2073/3101/875 2035/3047/853
f 2073/3101/875 2054/3075/857 2035/3047/853
f 2092/3135/858 2054/3075/857 2119/3174/876
f 1676/2512/874 1717/2565/901 1832/2722/871
f 1717/2565/901 1631/2456/902 1832/2723/871
s 0
f 1631/2456/903 1717/2565/904 1676/2512/905
s 1
f 1832/2723/871 1631/2456/902 1771/2640/906
f 1930/2876/872 1832/2723/871 1771/2640/906
s 0
f 1443/2211/907 1373/2083/908 1335/2006/909
s 1
f 1443/2211/910 1335/2006/696 1804/2685/911
f 1804/2685/911 1788/2663/912 1443/2211/910
f 1443/2211/910 1788/2663/912 1548/2351/913
s 0
f 1548/2351/914 1373/2083/915 1443/2211/916
f 1631/2456/917 1373/2083/918 1548/2351/919
s 1
f 1771/2640/906 1631/2456/902 1548/2351/913
f 1788/2663/912 1771/2640/906 1548/2351/913
f 1922/2865/920 1958/2922/873 1771/2640/906
f 1958/2922/873 1922/2865/920 1977/2948/921
f 1958/2922/873 1977/2948/921 2050/3070/922
f 1922/2865/920 1788/2663/912 1804/2685/911
f 2030/3038/923 1977/2948/921 1980/2955/924
f 1981/2957/925 2064/3090/926 1980/2955/924
f 2064/3090/926 1981/2957/925 2057/3080/927
f 2057/3080/927 1981/2957/925 2021/3019/928
f 2057/3080/927 2021/3020/928 2047/3063/929
f 2064/3090/926 2077/3107/930 1980/2955/924
f 2030/3038/923 1980/2955/924 2077/3107/930
f 1977/2948/921 2030/3038/923 2077/3107/930
f 2077/3107/930 2064/3090/926 2091/3134/931
f 1977/2948/921 2077/3107/930 2050/3070/922
f 2077/3107/930 2073/3102/875 2050/3070/922
f 2077/3107/930 2119/3175/876 2073/3102/875
f 2050/3070/922 2073/3102/875 1958/2922/873
f 1930/2876/872 1771/2640/906 1958/2922/873
f 2091/3134/931 2119/3175/876 2077/3107/930
f 2091/3134/931 2064/3090/926 2057/3080/927
s 0
f 2185/3267/932 2193/3281/933 2157/3232/934
f 2193/3281/935 2137/3201/936 2157/3232/937
f 2157/3232/938 2091/3134/939 2098/3143/940
s 1
f 2091/3134/931 2157/3232/941 2119/3175/876
f 2137/3201/900 2119/3175/876 2157/3232/941
s 0
f 2098/3143/942 2185/3267/943 2157/3232/944
f 253/391/945 401/623/946 275/437/947
f 524/794/948 491/747/949 522/791/950
s 1
f 522/791/951 560/839/952 602/895/953
f 773/1149/954 602/895/953 742/1103/955
f 851/1269/956 879/1315/957 929/1394/958
f 929/1394/958 905/1357/959 916/1372/960
f 905/1357/959 929/1394/958 879/1315/957
s 0
f 1057/1587/961 1008/1506/962 986/1469/963
s 1
f 916/1372/960 986/1469/964 1008/1506/965
f 916/1372/960 905/1357/959 891/1332/966
f 844/1260/967 905/1357/959 879/1315/957
f 891/1332/966 905/1357/959 844/1260/967
f 844/1260/967 821/1221/387 891/1332/966
f 760/1130/388 844/1260/967 742/1103/955
f 742/1103/955 844/1260/967 879/1315/957
f 773/1149/954 742/1103/955 879/1315/957
f 879/1315/957 851/1269/956 773/1149/954
f 742/1103/955 602/895/953 560/839/952
f 654/972/368 742/1103/955 560/839/952
f 760/1130/388 742/1103/955 654/972/368
f 760/1130/388 654/972/368 614/915/367
f 654/972/368 560/839/952 401/623/761
f 401/623/761 560/839/952 522/791/951
f 524/794/968 522/791/951 602/895/953
s 0
f 522/791/969 275/437/970 401/623/969
f 986/1469/971 916/1372/972 995/1485/973
s 1
f 821/1221/387 844/1260/967 760/1130/388
f 891/1332/966 821/1221/387 869/1300/385
f 916/1372/960 869/1300/385 901/1351/974
s 0
f 901/1351/975 995/1485/976 916/1372/977
s 1
f 869/1300/385 916/1372/960 891/1332/966
f 753/1117/978 852/1272/381 715/1059/379
f 753/1117/978 715/1059/379 573/857/378
f 306/492/979 223/329/375 262/411/373
f 223/329/375 306/492/979 573/857/378
f 901/1351/974 869/1300/385 878/1314/383
f 852/1272/381 878/1314/383 823/1225/382
f 898/1346/980 878/1314/383 852/1272/381
s 0
f 994/1483/981 995/1485/982 901/1351/983
s 1
f 898/1346/980 994/1483/984 878/1314/383
f 878/1314/383 994/1483/984 901/1351/974
s 0
f 491/748/985 275/438/986 522/792/987
s 1
f 602/896/953 673/997/988 524/795/968
f 804/1191/989 773/1150/954 851/1270/956
f 773/1150/954 804/1191/989 673/997/988
f 804/1191/989 851/1270/956 895/1340/990
f 804/1191/989 895/1340/990 827/1231/991
f 895/1340/990 908/1362/992 913/1368/993
f 913/1368/993 827/1231/991 895/1340/990
f 900/1349/994 913/1368/993 985/1467/995
s 0
f 900/1349/996 985/1467/997 885/1322/998
s 1
f 827/1231/991 913/1368/993 872/1304/999
f 804/1191/989 585/872/1000 673/997/988
f 673/997/988 585/872/1000 491/748/1001
f 491/748/1001 585/872/1000 438/679/1002
s 0
f 438/679/1003 275/438/1004 491/748/1005
s 1
f 438/679/1002 585/872/1000 550/828/1006
s 0
f 275/438/1007 438/679/1008 308/496/1009
s 1
f 550/828/1006 768/1141/1010 796/1180/1011
f 768/1141/1010 827/1231/991 796/1180/1011
f 827/1231/991 872/1304/999 796/1180/1011
f 903/1353/1012 890/1330/1013 833/1241/1014
f 890/1330/1013 865/1289/1015 833/1241/1014
f 885/1322/1016 903/1353/1012 833/1241/1014
f 2105/3156/142 2200/3297/180 2141/3207/1017
f 1279/1931/1018 1853/2754/145 1889/2810/1019
s 0
f 1248/1885/1020 1279/1931/1021 1889/2810/1022
s 1
f 1889/2810/1019 1853/2754/145 1882/2800/1023
f 2105/3156/142 2141/3207/1017 2108/3159/1024
f 1853/2754/145 2105/3156/142 2108/3159/1024
f 1853/2754/145 2108/3159/1024 1882/2800/1023
f 2141/3207/1017 2200/3297/180 2224/3330/1025
f 2141/3207/1017 2142/3209/1026 1882/2800/1023
f 2108/3159/1024 2141/3207/1017 1882/2800/1023
f 1882/2800/1023 1928/2872/1027 1889/2810/1019
f 1759/2623/1028 1889/2810/1019 1928/2872/1027
f 1759/2623/1028 1721/2571/1029 1274/1920/1030
f 1721/2571/1029 1759/2623/1028 2016/3009/1031
s 0
f 1274/1920/1032 1721/2571/1033 1266/1911/1034
s 1
f 1721/2571/1029 2016/3009/1031 1900/2827/1035
f 1900/2827/1035 1921/2862/1036 1721/2571/1029
f 1921/2862/1036 1785/2658/1037 1721/2571/1029
f 1921/2862/1036 1860/2763/1038 1785/2658/1037
f 1266/1911/1039 1263/1907/1040 1215/1840/1041
s 0
f 1263/1907/1042 1266/1911/1043 1721/2571/1044
s 1
f 1785/2658/1037 1263/1907/1045 1721/2571/1029
f 1216/1842/1046 1266/1911/1039 1215/1840/1041
s 0
f 1266/1911/1047 1216/1842/1048 1274/1920/1049
s 1
f 1759/2623/1028 1274/1920/1030 1265/1910/1050
f 1204/1826/1051 1274/1920/1030 1216/1842/1052
f 1265/1910/1050 1274/1920/1030 1204/1826/1051
f 1204/1826/1051 1216/1842/1052 72/105/1053
f 72/105/1053 1216/1842/1052 50/76/1054
f 1889/2810/1019 1759/2623/1028 1265/1910/1050
s 0
f 1265/1910/1055 1208/1830/1056 1248/1885/1057
s 1
f 47/73/359 71/104/1058 162/236/1059
f 162/236/1059 71/104/1058 128/185/1060
f 47/73/359 162/236/1059 146/212/358
f 829/1236/350 591/880/351 831/1238/1061
f 591/880/351 623/926/1062 831/1238/1061
f 591/880/351 162/236/1059 623/926/1062
f 162/236/1059 591/880/351 146/212/358
s 0
f 623/926/1063 162/236/1064 128/185/1065
s 1
f 943/1412/1066 831/1238/1061 973/1448/1067
f 829/1236/350 831/1238/1061 943/1412/1066
f 829/1236/350 943/1412/1066 963/1437/352
f 1084/1632/355 963/1437/352 943/1412/1066
f 1084/1632/355 943/1412/1066 1097/1650/1068
f 943/1412/1066 973/1448/1067 1017/1524/1069
f 1097/1650/1068 1134/1707/353 1084/1632/355
f 1152/1737/1070 1184/1787/356 1134/1707/353
f 1152/1737/1070 1134/1707/353 1097/1650/1068
f 2224/3330/1025 2200/3297/180 2277/3416/173
f 2277/3416/173 2347/3524/172 2224/3330/1025
s 0
f 1248/1885/1071 1889/2810/1072 1265/1910/1073
s 1
f 1248/1885/1074 1208/1830/1075 1202/1824/185
f 1208/1830/1075 71/104/1058 47/73/359
f 1208/1830/1075 47/73/359 1202/1824/185
f 1248/1885/1074 1202/1824/185 1279/1931/186
f 1208/1830/1075 1265/1910/1050 1204/1826/1051
f 71/104/1058 1204/1826/1051 72/105/1053
f 1204/1826/1051 71/104/1058 1208/1830/1075
f 623/926/1062 128/185/1060 592/881/1076
f 128/185/1060 71/104/1058 72/105/1053
f 166/242/1077 128/185/1060 72/105/1053
f 128/185/1060 166/242/1077 592/881/1076
f 831/1238/1061 623/926/1062 592/881/1076
f 166/242/1077 72/105/1053 50/76/1054
s 0
f 50/76/1078 1216/1842/1079 78/113/1080
s 1
f 78/113/1081 1216/1842/1046 1215/1840/1041
f 133/191/1082 78/113/1083 88/129/1084
f 97/144/1085 78/113/1083 133/191/1082
f 644/957/1086 133/191/1082 587/874/1087
f 133/191/1082 644/957/1086 97/144/1085
s 0
f 97/144/1088 50/76/1089 78/113/1090
s 1
f 813/1206/1091 644/957/1086 587/874/1087
f 587/874/1087 711/1051/1092 813/1206/1091
f 1092/1643/1093 1047/1573/1094 983/1464/1095
f 983/1464/1095 957/1429/1096 813/1206/1091
f 166/242/1097 97/144/1085 644/957/1086
s 0
f 166/242/1098 644/957/1099 592/881/1100
s 1
f 592/881/1076 644/957/1086 813/1206/1091
f 592/881/1076 813/1206/1091 690/1021/1101
f 1007/1505/1102 690/1021/1101 957/1429/1096
f 690/1021/1101 813/1206/1091 957/1429/1096
f 1058/1594/1103 1047/1573/1094 1128/1698/1104
s 0
f 1047/1573/1105 1058/1594/1106 957/1429/1107
s 1
f 983/1464/1095 1047/1573/1094 957/1429/1096
f 1759/2623/1028 1928/2872/1027 2016/3009/1031
f 2224/3332/1025 2142/3210/1026 2141/3208/1017
f 2346/3522/1108 2272/3410/1109 2347/3525/172
f 2272/3410/1109 2224/3331/1025 2347/3525/172
f 2224/3332/1025 2107/3158/1110 2142/3210/1026
f 2142/3210/1026 2107/3158/1110 1882/2801/1023
f 2107/3158/1110 1928/2873/1027 1882/2801/1023
f 1928/2873/1027 2107/3158/1110 2016/3010/1031
f 2224/3332/1025 2272/3410/1109 2107/3158/1110
f 2346/3522/1108 2347/3525/172 2212/3312/1111
s 0
f 1838/2732/1112 2346/3522/1113 2212/3312/1114
s 1
f 1838/2732/1115 2212/3312/1111 1695/2534/1116
f 1695/2534/1116 1413/2165/1117 1838/2732/1115
f 1838/2732/1115 1413/2165/1117 1334/2004/1118
f 1413/2165/1117 1695/2534/1116 1465/2242/1119
f 1359/2045/1120 1421/2178/1121 1695/2534/1116
f 1359/2045/1120 1695/2534/1116 1892/2814/1122
s 0
f 1768/2636/1123 1398/2135/1124 1359/2045/1125
s 1
f 1768/2636/162 1359/2045/1120 1892/2814/1122
f 1892/2814/1122 1695/2534/1116 2212/3312/1111
f 2062/3087/136 1892/2814/1122 2269/3407/1126
f 2269/3407/1126 2212/3312/1111 2347/3525/172
f 2269/3407/1126 1892/2814/1122 2212/3312/1111
f 2347/3525/172 2062/3087/136 2269/3407/1126
f 1892/2814/1122 2062/3087/136 1768/2636/162
f 1426/2185/1127 1353/2034/1128 1372/2077/98
f 1353/2034/1128 1426/2185/1127 1768/2636/105
f 1768/2636/105 1343/2017/1129 1353/2034/1128
f 1343/2017/1129 1768/2636/105 1351/2032/104
f 1398/2135/1130 1768/2636/105 1426/2185/1127
f 1398/2135/1130 1426/2185/1127 1372/2077/98
f 1359/2045/1120 1398/2135/1130 1372/2077/98
f 1695/2534/1116 1421/2178/1121 1465/2242/1119
f 1413/2165/1117 1465/2242/1119 1421/2178/1121
f 1413/2165/1117 1352/2033/1131 1334/2004/1118
f 1352/2033/1131 1413/2165/1117 1338/2010/1132
f 1352/2033/1131 1338/2010/1132 1567/2376/1133
f 2304/3452/1134 1352/2033/1131 1567/2376/1133
f 1838/2732/1115 1352/2033/1131 2304/3452/1134
f 1352/2033/1131 1838/2732/1115 1334/2004/1118
f 2346/3522/1108 2261/3394/1135 2272/3410/1109
f 2346/3522/1108 2325/3490/1136 2261/3394/1135
s 0
f 2325/3490/1137 2346/3522/1138 2310/3465/1139
s 1
f 2261/3394/1135 2325/3490/1136 2291/3434/1140
f 2291/3434/1140 2325/3490/1136 2310/3465/1141
f 2261/3394/1135 2291/3434/1140 2233/3351/1142
f 2291/3434/1140 2227/3337/1143 2233/3351/1142
s 0
f 2304/3452/1144 2310/3465/1145 2346/3522/1146
s 1
f 1838/2732/1115 2304/3452/1134 2346/3522/1147
f 2107/3158/1110 2272/3410/1109 2190/3277/1148
f 2190/3277/1148 2272/3410/1109 2261/3394/1135
f 2107/3158/1110 2190/3277/1148 2016/3010/1031
f 1900/2828/1035 2016/3010/1031 2190/3277/1148
f 1900/2828/1035 2190/3277/1148 2156/3231/1149
f 1921/2863/1036 1900/2828/1035 2156/3231/1149
f 2158/3233/1150 1921/2863/1036 2156/3231/1149
f 2158/3233/1150 2156/3231/1149 2233/3351/1142
f 2233/3351/1142 2227/3338/1143 2158/3233/1150
f 2261/3394/1135 2233/3351/1142 2190/3277/1148
f 2233/3351/1142 2156/3231/1149 2190/3277/1148
f 831/1238/1061 592/881/1076 690/1021/1101
f 973/1448/1067 690/1021/1101 1007/1505/1102
f 1007/1505/1102 1058/1594/1103 1017/1524/1069
f 1017/1524/1069 1128/1698/1104 1176/1774/1151
f 1017/1524/1069 1058/1594/1103 1128/1698/1104
f 1007/1505/1102 957/1429/1096 1058/1594/1103
f 1017/1524/1069 1097/1650/1068 943/1412/1066
f 1097/1650/1068 1017/1524/1069 1152/1737/1070
f 1017/1524/1069 973/1448/1067 1007/1505/1102
f 973/1448/1067 831/1238/1061 690/1021/1101
f 1152/1737/1070 1017/1524/1069 1176/1774/1151
f 1176/1774/1151 1013/1516/1152 1152/1737/1070
s 0
f 1025/1537/1153 1184/1788/1154 1152/1737/1154
f 1013/1516/1155 1025/1537/1156 1152/1737/1157
f 959/1431/1158 1013/1516/1159 1176/1774/1160
s 1
f 959/1431/1161 683/1008/1162 468/718/1163
f 959/1431/1161 468/718/1163 1013/1516/1164
f 1184/1788/1165 1025/1537/1166 974/1451/429
f 974/1451/429 1025/1537/1166 605/901/430
f 605/901/424 1013/1516/1164 219/323/1167
f 219/323/1167 1013/1516/1164 468/718/1163
f 299/481/1168 364/572/1169 683/1008/1162
f 365/573/1170 364/572/1169 299/481/1168
f 683/1008/1162 959/1431/1161 1006/1503/1171
f 1006/1503/1171 363/571/1172 683/1008/1162
s 0
f 299/481/1173 363/571/1174 242/365/1175
s 1
f 299/481/1176 242/365/1177 218/322/1178
f 242/365/1177 238/358/425 218/322/1178
f 242/365/1177 363/571/1172 530/803/1179
f 363/571/1172 1006/1503/1171 530/803/1179
f 1351/2032/104 1372/2077/98 1343/2017/1129
f 1372/2077/98 1413/2165/1117 1421/2178/1121
f 1372/2077/98 1421/2178/1121 1359/2045/1120
s 0
f 1372/2077/1180 1404/2142/1180 1413/2165/1180
s 1
f 1372/2077/98 1353/2034/1128 1343/2017/1129
s 0
f 97/144/1181 166/242/1182 50/76/1183
s 1
f 375/589/1184 605/901/424 339/538/1185
f 293/471/1186 339/538/1185 605/901/424
f 605/901/424 271/430/1187 293/471/1186
f 293/471/1186 271/430/1187 339/538/1185
s 0
f 339/538/1188 271/430/1189 305/491/1190
f 339/538/1191 305/491/1192 375/589/1193
s 1
f 271/430/1187 219/323/1167 218/322/1194
f 305/491/1195 271/430/1187 218/322/1194
f 263/414/428 375/589/1184 305/491/420
f 263/414/428 305/491/420 272/432/423
f 263/414/428 605/901/424 375/589/1184
f 683/1008/1162 364/572/1169 365/573/1170
f 468/718/1163 683/1008/1162 365/573/1170
f 468/718/1163 218/322/1194 219/323/1167
f 605/901/424 219/323/1167 271/430/1187
s 0
f 305/491/1196 218/322/1196 238/358/1196
s 1
f 238/358/425 231/344/1197 261/406/427
s 0
f 299/481/1198 218/322/1199 365/573/1200
s 1
f 365/573/1170 218/322/1194 468/718/1163
f 683/1008/1162 363/571/1172 299/481/1168
s 0
f 1006/1503/1201 959/1431/1201 1176/1774/1202
s 1
f 1154/1739/1203 1006/1503/1171 1176/1774/1151
f 1154/1739/1203 1176/1774/1151 1128/1698/1104
f 1154/1739/1203 1128/1698/1104 1047/1573/1094
s 0
f 1013/1516/1204 605/901/1205 1025/1537/1206
f 1367/2062/1207 1372/2077/1207 1357/2040/1207
s 1
f 1371/2075/1208 1516/2312/292 1623/2446/1209
s 0
f 1688/2526/1210 1563/2371/1211 1648/2478/1212
s 1
f 1688/2526/1213 1819/2703/1214 1726/2577/1215
f 1819/2703/1214 1688/2526/1213 1648/2478/1216
f 1761/2625/1217 1819/2703/1214 1648/2478/1216
s 0
f 1623/2446/1218 1563/2371/1219 1371/2075/1220
s 1
f 1648/2478/1216 1563/2371/1221 1623/2446/1222
f 1761/2625/1217 1648/2478/1216 1623/2446/1222
f 1761/2625/1217 1779/2650/881 1913/2849/1223
f 1761/2625/1217 1913/2849/1223 1819/2703/1214
f 1997/2978/1224 2002/2987/880 2053/3074/1225
f 2002/2987/880 1997/2978/1224 1913/2849/1223
f 1819/2703/1214 1913/2849/1223 2014/3007/1226
f 1819/2703/1214 2014/3007/1226 1830/2718/1227
f 1726/2577/1215 1819/2703/1214 1830/2718/1227
f 1726/2577/1215 1830/2718/1227 1744/2601/1228
f 1744/2601/1228 1830/2718/1227 1765/2630/1229
s 0
f 2014/3007/1230 1765/2630/1231 1830/2718/1232
s 1
f 1971/2939/1233 2014/3007/1226 2066/3092/1234
f 2014/3007/1226 1971/2939/1233 1765/2630/1229
f 1744/2601/1228 1725/2576/1235 1726/2577/1215
s 0
f 1726/2577/1236 1725/2576/1237 1688/2526/1238
f 1688/2526/1239 1725/2576/1240 1563/2371/1241
f 1563/2371/1242 1725/2576/1243 1703/2544/1244
f 1665/2498/1245 1563/2371/1246 1703/2544/1247
f 1665/2498/1248 1357/2041/1249 1563/2371/1250
s 1
f 1357/2041/1251 1665/2498/1252 1668/2502/1253
f 1357/2041/1251 1668/2502/1253 1654/2486/1254
f 1654/2486/1254 1668/2502/1253 1836/2728/1255
f 1836/2728/1255 1668/2502/1253 1834/2725/1256
f 1357/2041/1251 1654/2486/1254 1642/2471/1257
s 0
f 1371/2075/1258 1563/2371/1259 1357/2041/1260
s 1
f 2066/3092/1234 2014/3007/1226 1997/2978/1224
f 1997/2978/1224 2053/3074/1225 2066/3092/1234
f 1971/2939/1233 2066/3092/1234 2051/3071/1261
f 1765/2630/1229 1971/2939/1233 1834/2725/1256
f 1834/2725/1256 1971/2939/1233 1989/2967/1262
f 1989/2967/1262 1971/2939/1233 2051/3071/1261
f 1989/2967/1262 2051/3071/1261 2031/3039/1263
f 2031/3039/1263 2051/3071/1261 2078/3108/1264
f 1836/2728/1255 1834/2725/1256 1989/2967/1262
f 1836/2728/1255 1989/2967/1262 1919/2858/1265
f 1668/2502/1253 1665/2498/1252 1834/2725/1256
f 1834/2725/1256 1665/2498/1252 1765/2630/1229
f 1703/2544/1266 1765/2630/1229 1665/2498/1252
f 1765/2630/1229 1703/2544/1266 1744/2601/1228
f 1725/2576/1235 1744/2601/1228 1703/2544/1266
f 1997/2978/1224 2014/3007/1226 1913/2849/1223
f 2053/3074/1225 2002/2987/880 2040/3054/879
s 0
f 2063/3089/1267 2122/3178/1268 2095/3140/1269
s 1
f 2066/3092/1234 2095/3140/878 2122/3178/1270
f 2095/3140/878 2066/3092/1234 2053/3074/1225
f 2066/3092/1234 2122/3178/1270 2078/3108/1264
f 2066/3092/1234 2078/3108/1264 2051/3071/1261
f 2083/3118/1271 2078/3108/1264 2122/3178/1270
f 2002/2987/880 1913/2849/1223 1957/2920/296
f 1957/2920/296 1913/2849/1223 1779/2650/881
f 2053/3074/1225 2040/3054/879 2095/3140/878
s 0
f 1623/2446/1272 1779/2650/1273 1761/2625/1274
f 2122/3178/1275 2134/3195/1276 2083/3118/1277
s 1
f 2186/3270/1278 2134/3195/1279 2122/3178/1280
f 2063/3089/1281 2186/3270/1278 2122/3178/1280
f 2159/3235/1282 2186/3270/1278 2063/3089/1281
s 0
f 2186/3270/1283 2159/3235/1283 2195/3289/1283
f 2195/3289/1284 2159/3235/1285 2193/3282/1286
f 306/493/1287 635/943/1288 573/858/1289
f 498/758/1290 306/493/1291 483/737/1292
s 1
f 635/943/1293 306/493/1294 498/758/1295
f 573/858/378 635/943/1293 753/1118/978
f 852/1273/381 753/1118/978 710/1050/1296
f 876/1310/1297 852/1273/381 710/1050/1296
f 899/1348/1298 918/1376/1299 898/1347/980
f 898/1347/980 918/1376/1299 994/1484/984
s 0
f 1000/1492/1300 1010/1510/1301 1032/1545/1302
s 1
f 995/1486/1303 1000/1492/1304 986/1470/1305
f 1000/1492/1304 1032/1545/1306 986/1470/1305
f 994/1484/984 1000/1492/1304 995/1486/1303
s 0
f 262/412/1307 483/737/1308 306/493/1309
f 262/412/1310 261/407/1311 483/737/1312
s 1
f 527/799/1313 498/758/1295 483/737/1314
f 498/758/1295 527/799/1313 624/927/1315
f 624/927/1315 635/943/1293 498/758/1295
f 710/1050/1296 635/943/1293 624/927/1315
f 710/1050/1296 819/1217/1316 876/1310/1297
f 852/1273/381 876/1310/1297 899/1348/1298
s 0
f 261/407/1317 231/345/1318 494/752/1319
f 497/757/1320 261/407/1321 517/786/1322
s 1
f 555/833/1323 517/786/1324 494/752/1325
f 517/786/1324 261/407/1326 494/752/1325
f 517/786/1324 555/833/1323 497/757/1327
f 555/833/1323 668/990/1328 497/757/1327
f 668/990/1328 555/833/1323 785/1165/1329
f 774/1151/1330 822/1222/1331 785/1165/1329
f 497/757/1327 668/990/1328 618/919/1332
f 497/757/1327 618/919/1332 551/829/1333
f 618/919/1332 668/990/1328 709/1049/1334
f 849/1267/1335 668/990/1328 785/1165/1329
f 849/1267/1335 785/1165/1329 822/1222/1331
f 910/1365/1336 924/1386/1337 932/1398/1338
f 932/1398/1338 924/1386/1337 994/1484/984
f 994/1484/984 924/1386/1337 1000/1492/1304
f 907/1360/1339 1000/1492/1304 924/1386/1337
f 924/1386/1337 910/1365/1336 836/1246/1340
f 849/1267/1335 822/1222/1331 910/1365/1336
s 0
f 261/407/1341 497/757/1342 551/829/1343
f 261/407/1344 551/829/1345 483/737/1346
s 1
f 527/799/1313 483/737/1314 554/832/1347
f 624/927/1315 527/799/1313 678/1003/1348
f 557/836/1349 527/799/1313 554/832/1347
f 527/799/1313 557/836/1349 678/1003/1348
s 0
f 554/832/1350 483/737/1351 551/829/1352
f 554/832/1353 551/829/1354 557/836/1355
s 1
f 557/836/1349 709/1049/1334 678/1003/1348
f 678/1003/1348 709/1049/1334 819/1217/1316
f 849/1267/1335 819/1217/1316 709/1049/1334
f 618/919/1332 709/1049/1334 557/836/1349
f 551/829/1333 618/919/1332 557/836/1349
f 785/1165/1329 555/833/1323 774/1151/1330
f 774/1151/1330 826/1229/1356 822/1222/1331
f 910/1365/1336 822/1222/1331 836/1246/1340
f 994/1484/984 918/1376/1299 932/1398/1338
f 932/1398/1338 918/1376/1299 899/1348/1298
f 932/1398/1338 899/1348/1298 876/1310/1297
f 932/1398/1338 876/1310/1297 849/1267/1335
f 849/1267/1335 876/1310/1297 819/1217/1316
f 678/1003/1348 819/1217/1316 710/1050/1296
f 678/1003/1348 710/1050/1296 624/927/1315
f 910/1365/1336 932/1398/1338 849/1267/1335
f 709/1049/1334 668/990/1328 849/1267/1335
f 1745/2603/293 1779/2651/881 1516/2313/292
f 1623/2447/1209 1516/2313/292 1779/2651/881
f 852/1273/381 899/1348/1298 898/1347/980
f 635/943/1293 710/1050/1296 753/1118/978
f 524/795/968 673/997/988 491/748/1001
f 602/896/953 773/1150/954 673/997/988
f 768/1141/1010 585/872/1000 804/1191/989
f 768/1141/1010 804/1191/989 827/1231/991
f 913/1368/993 900/1349/994 872/1304/999
s 0
f 885/1322/1357 985/1467/1358 903/1353/1359
s 1
f 1008/1507/1360 993/1480/1361 985/1467/995
s 0
f 1008/1507/1362 1057/1588/1363 993/1480/1364
s 1
f 895/1340/990 851/1270/956 929/1395/958
f 908/1362/992 895/1340/990 929/1395/958
f 908/1362/992 929/1395/958 913/1368/993
s 0
f 913/1368/1365 929/1395/1366 1008/1507/1367
s 1
f 985/1467/995 913/1368/993 1008/1507/1360
f 1008/1507/965 929/1395/958 916/1373/960
s 0
f 2193/3283/1368 2159/3236/1369 2137/3202/1370
f 2193/3284/1371 2168/3247/1372 2195/3290/1373
s 1
f 2081/3114/1374 2084/3121/1375 2056/3078/1376
f 2093/3137/1377 2065/3091/1378 2168/3247/1379
f 2065/3091/1378 2163/3240/1380 2168/3247/1379
s 0
f 2168/3247/1381 2163/3240/1382 2195/3290/1383
f 2195/3290/1384 2163/3240/1385 2186/3271/1386
s 1
f 2134/3196/1279 2186/3271/1278 2163/3240/1380
f 2163/3240/1380 2065/3091/1378 2134/3196/1279
f 2134/3196/1279 2065/3091/1378 2083/3119/1271
f 2083/3119/1271 2065/3091/1378 2023/3024/1387
f 2093/3137/1377 2001/2985/1388 2065/3091/1378
s 0
f 2193/3285/1389 2126/3183/1390 2168/3248/1391
s 1
f 2126/3183/1392 2080/3112/1393 2168/3248/1394
s 0
f 2168/3248/1395 2080/3112/1396 2081/3113/1397
f 2080/3112/1398 2046/3062/1399 2081/3113/1400
s 1
f 2081/3113/1374 2046/3062/1401 2084/3122/1375
s 0
f 2168/3248/1402 2081/3113/1403 2093/3136/1404
s 1
f 2126/3183/1392 2060/3083/1405 2080/3112/1393
f 2080/3112/1393 2060/3083/1405 1996/2975/1406
f 1996/2975/1406 1994/2973/1407 2080/3112/1393
f 1994/2973/1407 1996/2975/1406 1939/2891/1408
f 1994/2973/1407 1939/2891/1408 1887/2808/1409
f 1887/2808/1409 1939/2891/1408 1823/2707/1410
f 2029/3037/1411 1994/2973/1407 1887/2808/1409
f 1887/2808/1409 1823/2707/1410 1698/2537/1412
f 1887/2808/1409 1698/2537/1412 1732/2584/1413
f 1698/2537/1412 1521/2318/1414 1732/2584/1413
f 1887/2808/1409 1732/2584/1413 1899/2826/1415
f 1899/2826/1415 1732/2584/1413 1914/2850/1416
f 1732/2584/1413 1731/2583/1417 1914/2850/1416
f 1899/2826/1415 1914/2850/1416 1936/2884/1418
f 1914/2850/1416 2000/2983/1419 1936/2884/1418
f 1659/2492/1420 1731/2583/1417 1645/2475/1421
f 1645/2475/1421 1731/2583/1417 1732/2584/1413
f 1659/2492/1420 1645/2475/1421 1365/2058/1422
f 1689/2527/1423 1731/2583/1417 1659/2492/1420
f 1936/2884/1418 2036/3048/1424 2029/3037/1411
f 1936/2884/1418 2000/2983/1419 2036/3048/1424
f 2036/3048/1424 2046/3062/1401 2029/3037/1411
f 1731/2583/1417 1847/2744/1425 1914/2850/1416
f 2000/2983/1419 1914/2850/1416 1847/2744/1425
f 1689/2527/1423 1847/2744/1425 1731/2583/1417
f 1822/2706/1426 1847/2744/1425 1689/2527/1423
f 1822/2706/1426 1689/2527/1423 1701/2542/1427
f 1689/2527/1423 1659/2492/1420 1365/2058/1422
s 0
f 1689/2527/1428 1364/2056/1429 1701/2542/1430
f 1724/2575/1431 1701/2542/1432 1364/2056/1433
f 1701/2542/1434 1724/2575/1435 1822/2706/1436
s 1
f 1724/2575/1437 1685/2523/1438 1758/2622/1439
f 1758/2622/1439 1822/2706/1426 1724/2575/1437
f 1758/2622/1439 1831/2720/1440 2000/2983/1419
f 1822/2706/1426 1758/2622/1439 2000/2983/1419
f 1822/2706/1426 2000/2983/1419 1847/2744/1425
s 0
f 2193/3286/1441 2166/3244/1441 2126/3184/1442
s 1
f 1848/2745/1443 1972/2940/1444 1850/2749/1445
s 0
f 1769/2637/1446 1593/2407/1447 1848/2745/1448
f 1593/2407/1449 1694/2533/1450 1715/2562/1451
s 1
f 1972/2940/1444 1848/2745/1443 1814/2698/1452
f 1593/2407/1453 1715/2562/1454 1848/2745/1443
f 1814/2698/1452 1848/2745/1443 1715/2562/1454
f 1814/2698/1452 2038/3050/1455 1972/2940/1444
f 2079/3110/1456 2048/3066/1457 1972/2940/1444
f 2079/3110/1456 1972/2940/1444 2038/3050/1455
f 2028/3036/1458 2079/3110/1456 2038/3050/1455
f 2079/3110/1456 2028/3036/1458 2094/3138/1459
f 2079/3110/1456 2094/3138/1459 2124/3180/1460
s 0
f 2166/3244/1461 2124/3180/1462 2126/3184/1463
s 1
f 2060/3084/1405 2126/3184/1392 2069/3096/1464
s 0
f 1996/2976/1465 2060/3084/1466 2069/3096/1467
s 1
f 2069/3096/1464 2022/3023/1468 1996/2976/1406
f 2034/3046/1469 2022/3023/1468 2069/3096/1464
f 2069/3096/1464 2094/3138/1459 2034/3046/1469
f 2124/3180/1460 2069/3096/1464 2126/3184/1392
f 2034/3046/1469 2028/3036/1458 1956/2917/1470
f 2124/3180/1460 2094/3138/1459 2069/3096/1464
f 2094/3138/1459 2028/3036/1458 2034/3046/1469
f 1940/2893/1471 2028/3036/1458 2038/3050/1455
f 1814/2698/1452 1854/2755/1472 2038/3050/1455
s 0
f 1814/2698/1473 1715/2562/1474 1694/2533/1475
s 1
f 1718/2566/1476 1814/2698/1452 1694/2533/1477
f 1854/2755/1472 1814/2698/1452 1718/2566/1476
f 1730/2582/1478 1854/2755/1472 1718/2566/1476
s 0
f 1593/2407/1479 1386/2108/1480 1694/2533/1481
f 1386/2108/1482 1593/2407/1483 1346/2020/1484
s 1
f 2034/3046/1469 1949/2909/1485 2022/3023/1468
f 1954/2915/1486 2022/3023/1468 1949/2909/1485
f 1996/2976/1406 2022/3023/1468 1954/2915/1486
f 1954/2915/1486 1894/2817/1487 1941/2894/1488
f 1954/2915/1486 1941/2894/1488 1996/2976/1406
f 1894/2818/1487 1954/2915/1486 1949/2909/1485
f 1876/2790/1489 1894/2818/1487 1949/2909/1485
f 1949/2909/1485 1873/2784/1490 1876/2790/1489
f 1949/2909/1485 1956/2917/1470 1873/2784/1490
f 1876/2790/1489 1873/2784/1490 1736/2589/1491
f 1743/2600/1492 1736/2589/1491 1873/2784/1490
f 1743/2600/1492 1730/2582/1478 1580/2392/1493
f 1743/2600/1492 1580/2392/1493 1446/2214/1494
f 1730/2582/1478 1743/2600/1492 1870/2780/1495
f 1870/2780/1495 1743/2600/1492 1873/2784/1490
f 1870/2780/1495 1873/2784/1490 1956/2917/1470
f 1870/2780/1495 1956/2917/1470 1940/2893/1471
f 1730/2582/1478 1870/2780/1495 1854/2755/1472
f 1730/2582/1478 1718/2566/1476 1664/2497/1496
s 0
f 1664/2497/1497 1718/2566/1498 1386/2108/1499
s 1
f 1446/2214/1494 1386/2108/1500 1368/2064/1501
f 1368/2064/1501 1736/2589/1491 1446/2214/1494
f 2034/3046/1469 1956/2917/1470 1949/2909/1485
f 1940/2893/1471 1956/2917/1470 2028/3036/1458
f 1854/2755/1472 1870/2780/1495 1940/2893/1471
f 1854/2755/1472 1940/2893/1471 2038/3050/1455
s 0
f 1580/2392/1502 1386/2108/1503 1446/2214/1504
s 1
f 1446/2214/1494 1736/2589/1491 1743/2600/1492
f 1386/2108/1505 1580/2392/1493 1664/2497/1496
f 1580/2392/1493 1730/2582/1478 1664/2497/1496
f 1010/1511/1506 1000/1493/1304 907/1361/1339
f 1016/1522/1507 1010/1511/1506 920/1379/1508
f 1003/1497/1509 1016/1522/1507 920/1379/1508
s 0
f 919/1377/1510 912/1367/1511 938/1406/1512
s 1
f 920/1379/1508 919/1377/1513 1003/1497/1509
f 1016/1522/1507 1032/1544/1514 1010/1511/1506
f 1016/1522/1507 1003/1497/1509 1011/1512/1515
s 0
f 1032/1545/1516 1057/1589/1517 986/1470/1518
s 1
f 1011/1513/1515 902/1352/1519 921/1381/1520
f 902/1352/1519 915/1371/1521 830/1237/1522
f 864/1288/1523 812/1205/1524 915/1371/1521
f 812/1205/1524 864/1288/1523 859/1282/1525
f 859/1282/1525 679/1004/1526 748/1111/1527
f 859/1282/1525 748/1111/1527 812/1205/1524
f 606/902/1528 748/1111/1527 679/1004/1526
s 0
f 526/798/1529 679/1004/1530 562/842/1531
s 1
f 783/1162/1532 674/998/1533 679/1004/1526
f 562/842/1534 679/1004/1526 674/998/1533
s 0
f 562/842/1535 674/998/1536 528/801/1537
s 1
f 562/842/1538 528/801/1539 544/819/1540
f 526/798/1541 562/842/1538 544/819/1540
s 0
f 528/801/1542 484/738/1543 544/819/1544
s 1
f 657/975/1545 528/801/1546 674/998/1533
s 0
f 1057/1590/1547 1032/1546/1548 1016/1523/1549
f 1057/1590/1550 1016/1523/1551 1011/1513/1552
f 931/1397/1553 919/1378/1554 938/1405/1555
s 1
f 892/1333/1556 862/1285/1557 938/1405/1558
f 657/975/1545 674/998/1533 783/1162/1532
f 859/1282/1525 783/1162/1532 679/1004/1526
f 864/1288/1523 915/1371/1521 938/1405/1558
f 938/1405/1558 915/1371/1521 931/1397/1559
f 859/1282/1525 864/1288/1523 938/1405/1558
f 1011/1513/1515 1003/1498/1509 902/1352/1519
f 902/1352/1519 1003/1498/1509 931/1397/1559
f 902/1352/1519 931/1397/1559 915/1371/1521
f 783/1162/1532 859/1282/1525 862/1285/1557
f 862/1285/1557 859/1282/1525 938/1405/1558
f 783/1162/1532 862/1285/1557 657/975/1545
f 1921/2864/1036 2158/3234/1150 1860/2764/1038
f 2291/3435/1140 2310/3466/1141 2201/3298/1560
f 2201/3298/1560 2310/3466/1141 2228/3340/1561
f 2131/3191/1562 2201/3298/1560 2228/3340/1561
f 2291/3435/1140 2201/3298/1560 2227/3339/1143
f 2201/3298/1560 2131/3191/1562 2158/3234/1150
f 2158/3234/1150 2227/3339/1143 2201/3298/1560
f 2131/3191/1562 1932/2878/1563 1860/2764/1038
f 2158/3234/1150 2131/3191/1562 1860/2764/1038
f 1291/1947/1564 1798/2677/1565 1667/2501/1566
s 0
f 1667/2501/1567 1798/2677/1568 1932/2878/1569
s 1
f 1860/2764/1038 1932/2878/1563 1798/2677/1570
f 1291/1947/1564 1219/1845/1571 1263/1908/1040
f 1263/1908/1040 1219/1845/1571 1215/1841/1041
f 1263/1908/1045 1785/2659/1037 1798/2677/1570
s 0
f 78/114/1572 1215/1841/1573 88/130/1574
f 88/130/1575 1215/1841/1576 1219/1845/1577
s 1
f 133/192/1082 88/130/1084 108/161/1578
f 552/830/1579 133/192/1082 108/161/1578
f 133/192/1082 552/830/1579 587/875/1087
f 711/1052/1092 587/875/1087 552/830/1579
s 0
f 552/830/1580 108/161/1581 504/766/1582
s 1
f 110/163/1583 504/766/1584 108/161/1578
f 504/766/1585 749/1112/1586 552/830/1579
f 711/1052/1092 552/830/1579 749/1112/1586
f 711/1052/1092 983/1465/1095 813/1207/1091
f 1154/1740/1203 1047/1574/1094 1092/1644/1093
f 1154/1740/1203 1092/1644/1093 1114/1674/1587
f 711/1052/1092 981/1462/1588 983/1465/1095
f 1092/1644/1093 983/1465/1095 981/1462/1588
f 981/1462/1588 1114/1674/1587 1092/1644/1093
f 981/1462/1588 711/1052/1092 883/1320/1589
f 883/1320/1589 711/1052/1092 749/1112/1586
f 749/1112/1586 504/766/1585 883/1320/1589
f 108/161/1578 88/130/1084 9/12/1590
s 0
f 9/12/1591 88/130/1592 1219/1845/1593
f 9/12/1594 1219/1845/1595 64/96/1596
s 1
f 1219/1845/1571 1291/1947/1564 64/96/1597
f 1667/2501/1566 1288/1942/1598 1291/1947/1564
f 64/96/1597 1291/1947/1564 1288/1942/1598
f 108/161/1578 9/12/1590 110/163/1583
f 883/1320/1589 504/766/1585 542/817/1599
f 883/1320/1589 542/817/1599 692/1023/1600
f 692/1023/1600 542/817/1599 511/777/1601
f 511/777/1601 542/817/1599 102/152/1602
s 0
f 542/817/1603 110/163/1604 102/152/1605
s 1
f 9/12/1590 102/152/1602 110/163/1583
s 0
f 32/50/1606 64/96/1607 1225/1854/1608
f 64/96/1609 32/50/1610 9/12/1611
s 1
f 1249/1886/1612 1225/1854/1613 64/96/1597
f 1225/1854/1613 1213/1836/1614 32/50/1615
f 102/152/1602 9/12/1590 32/50/1615
f 58/87/1616 102/152/1602 32/50/1615
f 58/87/1616 32/50/1615 1213/1836/1614
f 1213/1836/1614 1225/1854/1613 1249/1886/1612
f 1213/1836/1614 1249/1886/1612 1310/1972/1617
f 1310/1972/1617 1249/1886/1612 1661/2494/1618
s 0
f 1652/2484/1619 1661/2494/1620 1249/1886/1621
s 1
f 1652/2484/1622 1855/2756/1623 1661/2494/1618
f 1855/2756/1623 2076/3106/1624 1661/2494/1618
f 1604/2420/1625 1661/2494/1618 2076/3106/1624
f 1872/2782/1626 1604/2420/1625 2076/3106/1624
f 1872/2782/1626 2076/3106/1624 2203/3301/1627
f 2203/3301/1627 2312/3468/1628 2225/3333/1629
f 2312/3468/1628 2203/3301/1627 2316/3478/1630
f 2237/3356/1631 2316/3478/1630 2203/3301/1627
f 2203/3301/1627 1855/2756/1623 2237/3356/1631
f 1855/2756/1623 2203/3301/1627 2076/3106/1624
f 1855/2756/1623 1652/2484/1622 1950/2910/1632
f 1652/2484/1622 1667/2501/1566 1950/2910/1632
f 1950/2910/1632 1932/2878/1563 2131/3191/1562
f 1932/2878/1563 1950/2910/1632 1667/2501/1566
f 2228/3340/1561 2237/3356/1631 1855/2756/1623
f 2228/3340/1561 2310/3466/1141 2237/3356/1631
f 1855/2756/1623 2131/3191/1562 2228/3340/1561
f 2131/3191/1562 1855/2756/1623 1950/2910/1632
s 0
f 2237/3356/1633 2310/3466/1634 2316/3478/1635
s 1
f 2310/3466/1636 2312/3469/1628 2316/3478/1630
f 2209/3309/1637 2312/3469/1628 2310/3466/1636
f 1886/2807/1638 2209/3309/1637 2310/3466/1636
f 2304/3453/1134 1886/2807/1638 2310/3466/1636
f 2209/3309/1637 1886/2807/1638 1535/2335/1639
f 1338/2011/1132 1886/2807/1638 1567/2377/1133
f 1338/2011/1132 1692/2531/1640 1886/2807/1638
f 1886/2807/1638 1692/2531/1640 1535/2335/1639
f 1535/2335/1639 2301/3448/1641 2209/3309/1637
s 0
f 2312/3469/1642 2209/3309/1643 2301/3448/1642
s 1
f 2130/3189/1644 2312/3469/1628 2301/3448/1641
f 2301/3448/1641 1906/2838/1645 2130/3189/1644
f 1678/2514/1646 2130/3189/1644 1906/2838/1645
f 2130/3189/1644 1678/2514/1646 1738/2593/1647
f 1678/2514/1646 1906/2838/1645 1425/2183/1648
f 1453/2226/1649 1508/2300/1650 1738/2593/1647
f 1431/2194/1651 1453/2226/1649 1738/2593/1647
f 1430/2192/1652 1431/2194/1651 1738/2593/1647
f 1430/2192/1652 1738/2593/1647 1678/2514/1646
f 1430/2192/1652 1678/2514/1646 1475/2255/1653
f 1452/2224/1654 1475/2255/1653 1678/2514/1646
f 1452/2224/1654 1678/2514/1646 1425/2183/1648
f 1425/2183/1648 1478/2259/1655 1417/2172/1656
f 1461/2236/1657 1478/2259/1655 1480/2263/1658
f 1480/2263/1658 1478/2259/1655 1535/2335/1639
f 1906/2838/1645 1478/2259/1655 1425/2183/1648
f 1906/2838/1645 2301/3448/1641 1478/2259/1655
f 1535/2335/1639 1478/2259/1655 2301/3448/1641
f 1535/2335/1639 1692/2531/1640 1404/2143/1659
f 1567/2377/1133 1886/2807/1638 2304/3453/1134
f 1692/2531/1640 1338/2011/1132 1404/2143/1659
f 1798/2677/1570 1785/2659/1037 1860/2764/1038
s 0
f 1263/1908/1660 1798/2677/1661 1291/1947/1662
f 2130/3189/1663 1738/2593/1664 2257/3388/1665
s 1
f 883/1320/1589 692/1023/1600 945/1415/1666
f 981/1462/1588 883/1320/1589 945/1415/1666
f 981/1462/1588 945/1415/1666 1114/1674/1587
f 1168/1758/1667 1114/1674/1587 1029/1541/1668
f 1114/1674/1587 945/1415/1666 1029/1541/1668
f 1144/1722/1669 1168/1758/1667 1029/1541/1668
f 1103/1659/1670 1144/1722/1669 1029/1541/1668
f 1144/1722/1669 1103/1659/1670 1106/1663/1671
f 1106/1663/1671 1193/1802/1672 1144/1722/1669
f 1106/1663/1671 947/1417/1673 1130/1700/1674
f 1106/1663/1671 1130/1700/1674 1193/1802/1672
f 944/1413/1675 1130/1700/1674 947/1417/1673
f 1103/1659/1670 937/1404/1676 1106/1663/1671
f 1106/1663/1671 937/1404/1676 947/1417/1673
f 944/1413/1675 802/1189/1677 837/1248/1678
f 802/1189/1677 944/1413/1675 947/1417/1673
s 0
f 511/777/1679 837/1249/1680 802/1189/1681
s 1
f 507/770/1682 837/1249/1678 511/777/1601
f 937/1404/1676 802/1189/1677 947/1417/1673
f 802/1189/1677 937/1404/1676 692/1023/1600
f 937/1404/1676 1103/1659/1670 1029/1541/1668
f 937/1404/1676 1029/1541/1668 945/1415/1666
f 937/1404/1676 945/1415/1666 692/1023/1600
f 692/1023/1600 511/777/1601 802/1189/1677
f 511/777/1601 102/152/1602 119/172/1683
f 511/777/1601 119/172/1683 507/770/1682
f 119/172/1683 58/87/1616 2/2/1684
f 1214/1838/1685 58/87/1616 1213/1836/1614
f 1661/2494/1618 1604/2420/1625 1310/1972/1617
s 0
f 110/163/1686 542/817/1687 504/766/1688
s 1
f 64/96/1597 1288/1942/1598 1249/1886/1612
f 1249/1886/1612 1288/1942/1598 1652/2484/1622
f 1652/2484/1622 1288/1942/1598 1667/2501/1566
f 102/152/1602 58/87/1616 119/172/1683
f 1535/2336/1639 1404/2144/1659 1480/2264/1658
s 0
f 1404/2144/1689 1475/2256/1690 1452/2225/1691
f 1475/2256/1692 1404/2144/1693 1430/2193/1694
s 1
f 1411/2162/1695 1453/2227/1649 1404/2144/1696
f 1404/2144/1696 1453/2227/1649 1431/2195/1651
f 1404/2144/1696 1431/2195/1651 1430/2193/1652
f 1404/2144/1697 1452/2225/1654 1425/2184/1648
f 1404/2144/1697 1425/2184/1648 1417/2173/1656
s 0
f 1417/2173/1698 1478/2260/1699 1461/2237/1700
f 1404/2144/1701 1417/2173/1701 1461/2237/1702
f 1461/2237/1703 1480/2264/1704 1404/2144/1705
f 1367/2063/1706 1382/2097/1706 1404/2144/1706
s 1
f 1382/2097/1707 1367/2063/1708 1344/2018/1709
f 1445/2213/1710 1382/2097/1707 1344/2018/1709
f 1445/2213/1710 1749/2608/1711 1378/2090/1712
f 1749/2608/1711 1445/2213/1710 1795/2674/1713
f 1795/2674/1713 1445/2213/1710 1344/2018/1709
f 1413/2166/1117 1404/2144/1659 1338/2012/1132
f 1795/2674/1713 1344/2018/1709 1741/2598/1714
f 1742/2599/1715 1778/2649/1716 1917/2854/1717
f 1742/2599/1715 1917/2854/1717 1929/2874/1718
f 1917/2854/1717 1778/2649/1716 1910/2844/1719
f 1778/2649/1716 1742/2599/1715 1466/2243/1720
f 1489/2276/1721 1778/2649/1716 1466/2243/1720
f 1466/2243/1720 1742/2599/1715 1741/2598/1714
f 1489/2276/1721 1466/2243/1720 1367/2063/1708
f 1367/2063/1708 1466/2243/1720 1344/2018/1709
f 1466/2243/1720 1741/2598/1714 1344/2018/1709
f 1367/2063/1722 1404/2144/1723 1372/2078/1724
f 1357/2042/1725 1532/2331/1726 1500/2289/1727
f 1357/2042/1725 1500/2289/1727 1367/2063/1728
s 0
f 1489/2276/1729 1367/2063/1730 1500/2289/1731
s 1
f 1792/2668/1732 1778/2649/1716 1489/2276/1721
f 1792/2668/1732 1489/2276/1721 1500/2289/1727
f 1532/2331/1726 1792/2668/1732 1500/2289/1727
f 1792/2668/1732 1532/2331/1726 1753/2613/1733
f 2023/3025/1387 1917/2854/1717 1978/2949/1734
f 2023/3025/1387 1929/2874/1718 1917/2854/1717
f 1978/2949/1734 1917/2854/1717 1910/2844/1719
f 1929/2874/1718 2023/3025/1387 2001/2984/1388
f 1979/2952/1735 2001/2984/1388 2011/3002/1736
f 1979/2952/1735 1918/2855/1737 1891/2812/1738
f 1912/2848/1739 1979/2952/1735 1891/2812/1738
f 2001/2984/1388 1979/2952/1735 1912/2848/1739
f 2001/2984/1388 1912/2848/1739 1929/2874/1718
f 1912/2848/1739 1742/2599/1715 1929/2874/1718
f 1742/2599/1715 1912/2848/1739 1741/2598/1714
f 1741/2598/1714 1912/2848/1739 1795/2674/1713
f 1912/2848/1739 1891/2812/1738 1795/2674/1713
f 1749/2608/1711 1795/2674/1713 1891/2812/1738
f 1445/2213/1710 1378/2090/1712 1382/2097/1707
f 1792/2668/1732 1910/2844/1719 1778/2649/1716
f 1974/2943/1740 2203/3302/1627 2225/3334/1629
f 1974/2943/1740 1872/2783/1626 2203/3302/1627
f 1310/1973/1617 1604/2421/1625 1296/1953/1741
f 1310/1973/1617 1296/1953/1741 1213/1837/1614
f 1213/1837/1614 1296/1953/1741 1214/1839/1685
f 1214/1839/1685 1231/1862/1742 2/3/1684
f 1214/1839/1685 1296/1953/1741 1231/1862/1742
f 1296/1953/1741 1246/1882/1743 1231/1862/1742
f 1246/1882/1743 1296/1953/1741 1598/2414/1744
s 0
f 1296/1953/1745 1604/2421/1746 1598/2414/1747
s 1
f 1598/2414/1744 1604/2421/1625 1974/2943/1740
f 1872/2783/1626 1974/2943/1740 1604/2421/1625
f 1598/2414/1744 1974/2943/1740 1716/2563/1748
f 1598/2414/1744 1716/2563/1748 1246/1882/1743
f 1880/2796/1749 1716/2563/1748 1974/2943/1740
f 1974/2943/1740 2218/3321/1750 1880/2796/1749
f 2225/3334/1629 2312/3470/1628 2218/3321/1750
f 2218/3321/1750 2312/3470/1628 2331/3498/1751
f 2218/3321/1750 1974/2943/1740 2225/3334/1629
f 2257/3389/1752 2331/3498/1751 2312/3470/1628
f 2312/3470/1628 2130/3190/1644 2257/3389/1752
f 1214/1839/1685 2/3/1684 58/88/1616
f 507/771/1682 119/173/1683 160/234/1753
f 942/1411/1754 944/1414/1675 837/1250/1678
f 2/3/1684 160/234/1753 119/173/1683
f 2/3/1684 153/222/1755 160/234/1753
f 507/771/1682 160/234/1753 661/980/1756
f 507/771/1682 661/980/1756 776/1155/1757
f 776/1155/1757 837/1250/1678 507/771/1682
f 944/1414/1675 942/1411/1754 1130/1701/1674
s 0
f 1193/1805/1758 1012/1515/1759 730/1084/1759
s 1
f 240/362/1760 730/1084/1761 256/396/1762
f 256/396/1762 730/1084/1761 473/725/1763
f 232/348/1764 240/362/1760 256/396/1762
f 321/514/1765 256/396/1762 473/725/1763
f 645/958/1766 288/462/1767 373/586/1768
f 416/649/1769 288/462/1767 645/958/1766
f 373/586/1768 358/561/1770 645/958/1766
f 358/561/1770 326/524/1771 429/666/1772
f 358/561/1770 627/931/1773 645/958/1766
f 627/931/1773 358/561/1770 429/666/1772
f 627/931/1773 429/666/1772 348/548/1774
f 627/931/1773 348/548/1774 414/645/1775
f 414/645/1775 473/725/1763 627/931/1773
f 627/931/1773 1012/1515/1776 645/958/1766
f 730/1084/1761 627/931/1773 473/725/1763
f 627/931/1773 730/1084/1761 1012/1515/1776
f 1197/1813/1777 1193/1805/1672 1179/1779/1778
f 1072/1616/1779 1179/1779/1778 1130/1701/1674
s 0
f 1193/1805/1780 1197/1813/1780 1012/1515/1780
f 160/234/1781 153/222/1782 661/980/1783
s 1
f 21/32/1784 93/138/1785 1231/1862/1742
f 21/32/1784 1231/1862/1742 1246/1882/1743
f 2/3/1684 1231/1862/1742 93/138/1785
f 2/3/1684 93/138/1785 153/222/1755
f 254/392/1786 242/366/1177 525/796/1787
f 242/366/1177 530/804/1179 525/796/1787
f 525/796/1787 530/804/1179 1006/1504/1171
f 1168/1759/1667 1154/1741/1203 1114/1675/1587
f 1193/1803/1672 1168/1759/1667 1144/1723/1669
s 0
f 1193/1803/1788 1040/1560/1789 934/1401/1790
s 1
f 934/1401/1791 1040/1561/1792 471/722/1793
s 0
f 1168/1759/1794 934/1401/1795 1154/1741/1796
s 1
f 1006/1504/1171 934/1401/1791 525/796/1787
f 471/722/1793 525/796/1787 934/1401/1791
f 1193/1803/1672 934/1401/1797 1168/1759/1667
f 934/1401/1791 1006/1504/1171 1154/1741/1203
f 242/367/1177 254/393/1786 238/359/425
f 238/359/425 254/393/1786 342/541/1798
f 369/579/1799 238/359/425 342/541/1798
f 254/393/1786 471/723/1793 342/541/1798
f 471/723/1793 254/393/1786 525/797/1787
s 0
f 488/744/1800 471/723/1801 1040/1562/1802
s 1
f 343/542/1803 471/723/1793 488/744/1804
f 471/723/1793 343/542/1803 342/541/1798
f 342/541/1798 343/542/1803 330/529/1805
s 0
f 369/579/1806 342/541/1807 330/529/1808
f 369/579/1809 330/529/1810 380/596/1811
s 1
f 330/529/1812 488/744/1813 380/596/1814
f 380/596/1814 488/744/1813 385/603/1815
f 385/603/1815 331/530/1816 380/596/1814
s 0
f 330/529/1817 343/542/1818 488/744/1819
s 1
f 1040/1562/1820 385/603/1815 488/744/1813
f 345/545/1821 385/603/1815 1040/1562/1820
f 331/530/1816 385/603/1815 345/545/1821
f 1040/1562/1820 730/1085/1761 345/545/1821
f 240/363/1760 345/545/1821 730/1085/1761
f 345/545/1821 240/363/1760 338/537/1822
f 338/537/1822 369/579/1823 345/545/1821
f 345/545/1821 369/579/1823 331/530/1816
f 331/530/1816 369/579/1823 380/596/1814
f 321/515/1765 369/579/1823 232/349/1764
f 232/349/1764 369/579/1823 338/537/1822
f 338/537/1822 240/363/1760 232/349/1764
f 239/360/1824 238/359/425 369/579/1799
f 238/359/425 239/360/1824 198/286/1825
f 198/286/1825 302/485/1826 238/359/425
f 302/485/1826 198/286/1825 580/866/1827
f 238/359/425 215/317/1828 231/346/1197
f 639/949/1829 215/317/1828 580/866/1827
f 215/317/1828 302/485/1826 580/866/1827
f 810/1202/1830 766/1139/1831 843/1258/1832
f 810/1202/1830 744/1105/1833 639/949/1829
f 641/952/1834 639/949/1829 580/866/1827
f 639/949/1829 766/1139/1831 810/1202/1830
f 766/1139/1831 639/949/1829 641/952/1834
f 767/1140/1835 766/1139/1831 641/952/1834
f 580/866/1827 198/286/1825 641/952/1834
f 626/930/1836 641/952/1834 198/286/1825
f 626/930/1836 198/286/1825 202/293/1837
f 767/1140/1835 641/952/1834 626/930/1836
f 626/930/1836 567/848/1838 767/1140/1835
f 596/888/1839 767/1140/1835 567/848/1838
f 567/848/1838 626/930/1836 202/293/1837
f 567/848/1838 202/293/1837 266/419/1840
f 239/360/1824 266/419/1840 202/293/1837
f 239/360/1824 202/293/1837 198/286/1825
f 596/888/1839 567/848/1838 266/419/1840
f 596/888/1839 266/419/1840 303/486/1841
f 634/941/1842 596/888/1839 303/486/1841
f 596/888/1839 634/941/1842 724/1072/1843
f 596/888/1839 724/1072/1843 775/1153/1844
f 775/1153/1844 840/1254/1845 767/1140/1835
f 596/888/1839 775/1153/1844 767/1140/1835
f 843/1258/1832 767/1140/1835 840/1254/1845
f 767/1140/1835 843/1258/1832 766/1139/1831
f 886/1324/1846 843/1258/1832 840/1254/1845
f 882/1318/1847 886/1324/1846 840/1254/1845
s 0
f 882/1318/1848 840/1254/1849 816/1212/1850
s 1
f 840/1254/1845 775/1153/1844 816/1212/1851
f 1193/1804/1852 730/1085/1761 1040/1562/1820
f 1072/1616/1779 1130/1701/1674 942/1411/1754
f 1193/1805/1672 1130/1701/1674 1179/1779/1778
f 645/958/1766 1012/1515/1776 1121/1685/1853
f 323/518/1854 416/649/1769 443/684/1855
f 632/937/1856 925/1388/1857 1068/1608/1858
f 925/1388/1857 645/958/1766 1121/1685/1853
f 1121/1685/1853 1012/1515/1776 1197/1813/1777
f 1197/1813/1777 1179/1779/1778 1116/1677/1859
f 1072/1616/1779 1116/1677/1859 1179/1779/1778
f 1116/1677/1859 1072/1616/1779 834/1243/1860
f 696/1028/1861 1116/1677/1859 834/1243/1860
f 837/1250/1678 776/1155/1757 942/1411/1754
f 1072/1616/1779 942/1411/1754 776/1155/1757
f 834/1243/1860 1072/1616/1779 776/1155/1757
f 834/1243/1860 776/1155/1757 661/980/1756
f 834/1243/1860 661/980/1756 510/775/1862
f 661/980/1756 153/222/1863 510/775/1862
f 200/288/1864 433/672/1865 632/937/1856
f 632/937/1856 433/672/1865 443/684/1855
f 632/937/1856 443/684/1855 416/649/1769
f 632/937/1856 416/649/1769 645/958/1766
s 0
f 632/937/1866 645/958/1867 925/1388/1868
s 1
f 1091/1641/1869 1197/1813/1777 1116/1677/1859
f 1919/2859/1265 1753/2614/1733 1836/2729/1255
f 1910/2845/1719 1753/2614/1733 1919/2859/1265
f 1792/2669/1732 1753/2614/1733 1910/2845/1719
f 1978/2950/1734 1910/2845/1719 1919/2859/1265
f 1836/2729/1255 1642/2472/1257 1654/2487/1254
f 1642/2472/1257 1836/2729/1255 1753/2614/1733
f 1642/2472/1257 1753/2614/1733 1532/2332/1726
s 0
f 1642/2472/1870 1532/2332/1871 1357/2043/1872
s 1
f 1919/2860/1265 1989/2968/1262 2031/3040/1263
f 2083/3120/1271 2031/3040/1263 2078/3109/1264
f 2031/3040/1263 2083/3120/1271 2023/3026/1387
f 2031/3040/1263 1978/2951/1734 1919/2860/1265
f 2031/3040/1263 2023/3026/1387 1978/2951/1734
f 2001/2985/1388 2023/3027/1387 2065/3091/1378
f 1918/2857/1737 1979/2953/1735 2011/3003/1736
f 1918/2857/1737 1938/2889/1873 1808/2691/1874
f 1918/2857/1737 1784/2657/1875 1773/2642/1876
f 1395/2127/1877 1773/2642/1876 1784/2657/1875
s 0
f 1395/2127/1878 1784/2657/1879 1808/2691/1880
s 1
f 1784/2657/1875 1918/2857/1737 1808/2691/1874
f 1808/2691/1874 1628/2452/1881 1395/2127/1877
f 1410/2158/1882 1395/2127/1877 1628/2452/1881
f 1628/2452/1881 1673/2507/1883 1410/2158/1882
f 1758/2621/1439 1673/2507/1883 1831/2719/1440
f 1938/2889/1873 2056/3078/1376 2026/3032/1884
s 0
f 2001/2985/1885 2093/3137/1886 2011/3003/1887
s 1
f 2011/3003/1736 2093/3137/1888 2081/3114/1374
f 2011/3003/1736 2081/3114/1374 2056/3078/1376
f 2056/3078/1376 1938/2889/1873 2011/3003/1736
f 1808/2691/1874 1938/2889/1873 1831/2719/1440
f 2218/3322/1750 2331/3499/1751 2265/3400/1889
f 1926/2870/1890 1716/2564/1748 1880/2797/1749
f 21/33/1784 36/55/1891 93/139/1785
f 510/776/1862 696/1029/1861 834/1244/1860
f 1116/1678/1859 696/1029/1861 1091/1642/1869
f 927/1391/1892 1091/1642/1869 696/1029/1861
s 0
f 33/51/1893 153/223/1894 93/139/1895
s 1
f 138/199/1896 153/223/1863 33/51/1897
f 138/199/1896 510/776/1862 153/223/1863
f 138/199/1896 583/870/1898 510/776/1862
f 583/870/1898 138/199/1896 549/825/1899
f 138/199/1896 43/66/1900 141/203/1901
f 138/199/1896 141/203/1901 549/825/1899
f 738/1097/1902 1020/1529/1903 702/1035/1904
f 702/1035/1904 583/870/1898 549/825/1899
f 583/870/1898 702/1035/1904 927/1391/1892
f 702/1035/1904 1020/1529/1903 927/1391/1892
f 925/1389/1857 1197/1815/1777 1068/1609/1858
f 1197/1814/1777 925/1389/1857 1121/1686/1853
f 1197/1815/1777 1175/1772/1905 1068/1609/1858
f 1091/1642/1869 927/1391/1892 1020/1529/1903
f 1197/1815/1777 1091/1642/1869 1175/1772/1905
f 1091/1642/1869 1020/1529/1903 1175/1772/1905
f 1738/2594/1647 1750/2610/1906 2257/3390/1752
f 2331/3499/1751 2257/3390/1752 2297/3443/1907
f 2297/3443/1907 2257/3390/1752 2043/3057/1908
f 1497/2286/1909 1846/2743/1910 2043/3057/1908
f 1435/2200/1911 1497/2286/1909 1419/2176/1912
f 1497/2286/1909 1435/2200/1911 1846/2743/1910
f 1435/2200/1911 1419/2176/1912 1436/2201/1913
f 1750/2610/1906 1586/2399/1914 1497/2286/1909
f 1586/2399/1914 1750/2610/1906 1487/2274/1915
f 1497/2286/1909 2043/3057/1908 1750/2610/1906
f 2043/3057/1908 2257/3390/1752 1750/2610/1906
f 1738/2594/1647 1574/2385/1916 1540/2341/1917
f 1738/2594/1647 1411/2163/1695 1574/2385/1916
f 1738/2594/1647 1540/2341/1917 1462/2238/1918
f 1738/2594/1647 1462/2238/1918 1750/2610/1906
f 1462/2238/1918 1487/2274/1915 1750/2610/1906
s 0
f 1487/2274/1919 1462/2238/1920 1411/2163/1921
s 1
f 1462/2238/1918 1540/2341/1917 1411/2163/1695
f 1540/2341/1917 1574/2385/1916 1411/2163/1695
f 1411/2163/1695 1738/2594/1647 1508/2301/1650
f 1411/2163/1695 1508/2301/1650 1453/2228/1649
f 1404/2145/1696 1382/2099/1922 1411/2163/1695
f 1487/2274/1923 1411/2163/1695 1419/2176/1924
f 1419/2176/1924 1411/2163/1695 1382/2099/1922
s 0
f 1419/2176/1925 1497/2286/1926 1487/2274/1927
s 1
f 1487/2274/1915 1497/2286/1909 1586/2399/1914
s 0
f 2043/3057/1928 1846/2743/1929 1620/2441/1930
s 1
f 1620/2441/1931 1846/2743/1910 1735/2588/1932
f 2244/3369/1933 1620/2441/1934 2082/3115/1935
f 2043/3057/1936 1620/2441/1934 2244/3369/1933
f 2265/3400/1889 1926/2870/1890 2218/3322/1750
f 1880/2797/1749 2218/3322/1750 1926/2870/1890
f 1716/2564/1748 1926/2870/1890 1681/2519/1937
f 1716/2564/1748 1681/2519/1937 1254/1891/1938
f 1964/2929/1939 1681/2519/1937 1926/2870/1890
f 2223/3328/1940 1964/2929/1939 2210/3310/1941
f 2223/3327/1940 2196/3291/1942 1952/2912/1943
f 2223/3328/1940 1952/2912/1943 1964/2929/1939
f 1952/2912/1943 1634/2459/1944 1964/2929/1939
f 1964/2929/1939 1634/2459/1944 1681/2519/1937
f 1254/1891/1938 1681/2519/1937 1293/1949/1945
f 36/55/1891 1254/1891/1938 1293/1949/1945
f 21/33/1784 1254/1891/1938 36/55/1891
f 93/139/1785 36/55/1891 33/51/1946
f 36/55/1891 1293/1949/1945 45/69/1947
f 1634/2459/1944 1293/1949/1945 1681/2519/1937
f 1293/1949/1945 1283/1935/1948 45/69/1947
f 45/69/1947 1283/1935/1948 89/131/1949
f 45/69/1947 89/132/1949 43/66/1900
f 43/66/1900 36/55/1891 45/69/1947
f 33/51/1946 36/55/1891 43/66/1900
s 0
f 33/51/1950 43/66/1951 138/199/1952
s 1
f 2297/3443/1907 2043/3057/1908 2308/3461/1953
s 0
f 2244/3369/1954 2308/3461/1955 2043/3057/1956
s 1
f 2082/3116/1935 2308/3461/1957 2244/3369/1933
f 2223/3328/1940 2210/3310/1941 2308/3461/1953
f 2308/3461/1953 2210/3310/1941 2297/3443/1907
f 2210/3310/1941 1964/2929/1939 1926/2870/1890
f 2210/3310/1941 1926/2870/1890 2265/3400/1889
f 2331/3499/1751 2297/3443/1907 2265/3400/1889
f 2265/3400/1889 2297/3443/1907 2210/3310/1941
f 1716/2564/1748 1254/1891/1938 1246/1883/1743
f 1246/1883/1743 1254/1891/1938 21/33/1784
f 1350/2030/1958 1382/2099/1922 1370/2070/1959
f 1432/2196/1960 1350/2030/1958 1370/2071/1959
f 1410/2159/1882 1378/2091/1712 1329/1999/1961
f 1378/2091/1712 1773/2643/1876 1329/1999/1961
f 1378/2091/1712 1749/2609/1711 1773/2643/1876
f 1749/2609/1711 1891/2813/1738 1773/2643/1876
f 1773/2643/1876 1891/2813/1738 1918/2856/1737
f 1329/1999/1961 1395/2128/1877 1410/2159/1882
s 0
f 1382/2098/1962 1378/2092/1962 1410/2159/1962
s 1
f 1329/1999/1961 1773/2643/1876 1395/2129/1877
f 238/359/425 302/485/1826 215/317/1828
f 494/753/1325 231/347/1197 600/893/1963
f 494/753/1325 600/893/1963 555/834/1323
f 774/1152/1330 555/834/1323 600/893/1963
f 826/1230/1356 836/1247/1340 822/1223/1331
f 907/1361/1339 924/1387/1337 836/1247/1340
f 920/1379/1508 1010/1511/1506 907/1361/1339
f 886/1325/1846 919/1377/1513 920/1379/1508
f 912/1367/1964 919/1377/1513 882/1319/1847
f 892/1334/1556 882/1319/1847 795/1178/1965
f 886/1325/1846 920/1379/1508 907/1361/1339
f 843/1259/1832 907/1361/1339 836/1247/1340
f 231/347/1197 639/950/1829 600/893/1963
f 639/950/1829 231/347/1197 215/318/1828
f 600/893/1963 639/950/1829 744/1106/1833
f 774/1152/1330 600/893/1963 744/1106/1833
f 826/1230/1356 774/1152/1330 744/1106/1833
f 826/1230/1356 744/1106/1833 836/1247/1340
f 836/1247/1340 744/1106/1833 810/1203/1830
s 0
f 907/1361/1966 843/1259/1967 886/1325/1968
s 1
f 843/1259/1832 836/1247/1340 810/1203/1830
f 919/1377/1513 886/1325/1846 882/1319/1847
f 882/1319/1847 816/1213/1851 795/1178/1965
f 795/1178/1965 724/1073/1843 735/1093/1969
f 735/1093/1969 724/1073/1843 643/956/1970
f 795/1178/1965 862/1286/1557 892/1334/1556
f 795/1178/1965 735/1093/1969 862/1286/1557
f 882/1319/1847 892/1334/1556 912/1367/1964
f 938/1406/1558 912/1367/1964 892/1334/1556
f 735/1093/1969 657/976/1545 862/1286/1557
f 657/976/1545 735/1093/1969 670/993/1971
f 232/350/1764 256/397/1762 321/516/1765
f 321/516/1765 473/726/1763 414/646/1775
f 321/516/1765 414/646/1775 348/549/1774
f 348/549/1774 429/667/1772 326/525/1771
s 0
f 358/562/1972 373/587/1973 288/463/1974
s 1
f 288/463/1767 416/650/1769 323/519/1854
f 443/685/1855 433/673/1865 323/519/1854
f 200/289/1864 323/519/1854 433/673/1865
f 200/289/1864 213/311/1975 323/519/1854
f 358/562/1770 288/463/1767 326/525/1771
f 348/549/1774 326/525/1771 321/516/1765
s 0
f 239/361/1976 369/580/1976 321/516/1976
s 1
f 266/420/1840 239/361/1824 303/487/1841
f 634/942/1842 303/487/1841 291/467/1977
f 634/942/1842 291/467/1977 643/955/1970
f 634/942/1842 643/955/1970 724/1074/1843
f 724/1074/1843 795/1179/1965 816/1214/1851
f 816/1214/1851 775/1154/1844 724/1074/1843
s 0
f 243/368/1978 239/361/1978 213/311/1978
s 1
f 323/519/1854 213/311/1975 321/516/1765
f 326/525/1771 288/463/1767 321/516/1765
f 288/463/1767 323/519/1854 321/516/1765
s 0
f 239/361/1979 321/516/1979 213/311/1979
s 1
f 239/361/1824 243/368/1980 291/467/1977
f 239/361/1824 291/467/1977 303/487/1841
f 696/1029/1861 510/776/1862 583/870/1898
f 696/1029/1861 583/870/1898 927/1391/1892
f 1432/2196/1960 1620/2441/1931 1559/2365/1981
f 1559/2365/1981 1620/2441/1931 1735/2588/1932
f 1432/2196/1960 1559/2365/1981 1590/2404/1982
f 1559/2365/1981 1735/2588/1932 1590/2404/1982
f 1432/2196/1960 1590/2404/1982 1350/2030/1958
f 1350/2030/1958 1590/2404/1982 1735/2588/1932
f 1382/2099/1922 1350/2030/1958 1419/2176/1924
s 0
f 1419/2176/1983 1350/2030/1984 1436/2201/1985
s 1
f 1350/2030/1958 1613/2432/1986 1436/2201/1913
f 1613/2432/1986 1350/2030/1958 1735/2588/1932
f 1435/2200/1911 1436/2201/1913 1846/2743/1910
f 1846/2743/1910 1436/2201/1913 1613/2432/1986
f 1846/2743/1910 1613/2432/1986 1735/2588/1932
f 1432/2197/1960 1591/2405/1987 1620/2442/1931
s 0
f 1620/2442/1988 1818/2702/1989 2082/3117/1990
f 2308/3462/1991 2082/3117/1992 2296/3441/1993
f 2082/3117/1994 1818/2702/1995 2296/3441/1996
s 1
f 1803/2684/1997 1818/2702/1998 1605/2422/1999
f 1803/2684/1997 2004/2989/2000 1818/2702/1998
f 1432/2197/1960 1370/2072/1959 1591/2405/1987
f 1582/2394/2001 1591/2405/1987 1370/2072/1959
f 1364/2055/2002 1365/2057/2003 1382/2100/2004
f 1324/1993/2005 1347/2024/2006 1713/2558/2007
f 1324/1993/2005 1713/2558/2007 1840/2735/2008
f 1626/2450/2009 1840/2735/2008 1803/2684/1997
f 1803/2684/1997 1840/2735/2008 2004/2989/2000
f 2332/3500/2010 2266/3401/2011 2236/3355/2012
f 2149/3221/2013 2102/3151/2014 2236/3355/2012
f 2266/3401/2011 2149/3221/2013 2236/3355/2012
f 2239/3359/2015 2296/3441/2016 2235/3354/2017
f 2317/3479/2018 2235/3354/2017 2296/3441/2016
f 2199/3295/2019 2235/3354/2017 2317/3479/2018
f 2236/3355/2012 2102/3151/2014 2199/3295/2019
f 2117/3172/2020 2235/3354/2017 2199/3295/2019
f 2117/3172/2020 2199/3295/2019 2102/3151/2014
f 2102/3151/2014 1925/2869/2021 2117/3172/2020
f 1969/2936/2022 2117/3172/2020 1925/2869/2021
f 1969/2936/2022 1925/2869/2021 1679/2516/2023
f 1925/2869/2021 2102/3151/2014 1903/2831/2024
f 2149/3221/2013 2127/3185/2025 2102/3151/2014
f 2127/3185/2025 1903/2831/2024 2102/3151/2014
s 0
f 1699/2539/2026 1925/2869/2027 1903/2831/2028
s 1
f 1925/2869/2021 1699/2539/2029 1679/2516/2023
f 1699/2539/2029 1258/1897/2030 1252/1889/2031
f 1252/1889/2031 1679/2516/2023 1699/2539/2029
f 1252/1889/2031 1218/1844/2032 20/31/2033
f 1258/1897/2030 1218/1844/2032 1252/1889/2031
f 1699/2539/2029 1275/1921/2034 1258/1897/2030
f 1275/1921/2034 1222/1849/2035 1258/1897/2030
f 1218/1844/2032 75/109/2036 62/94/2037
f 75/109/2036 1218/1844/2032 1222/1849/2035
f 1258/1897/2030 1222/1849/2035 1218/1844/2032
f 595/885/2038 156/226/2039 565/845/2040
f 156/226/2039 62/94/2037 75/109/2036
f 62/94/2037 156/226/2039 34/52/2041
f 34/52/2041 156/226/2039 159/232/2042
f 2101/3148/2043 2235/3354/2017 2117/3172/2020
f 2235/3354/2017 2101/3148/2043 2239/3359/2015
f 1975/2944/2044 2101/3148/2043 1969/2936/2022
f 2101/3148/2043 2117/3172/2020 1969/2936/2022
s 0
f 2296/3441/2045 2246/3371/2046 2317/3479/2047
s 1
f 2332/3500/2010 2199/3295/2019 2317/3479/2018
f 2236/3355/2012 2199/3295/2019 2332/3500/2010
f 2246/3371/2048 2332/3500/2010 2317/3479/2018
f 1840/2735/2008 2246/3371/2048 2004/2989/2000
f 1505/2297/2049 1626/2450/2009 1553/2358/2050
f 1553/2358/2050 1626/2450/2009 1803/2684/1997
f 1553/2358/2050 1803/2684/1997 1607/2424/2051
f 1505/2297/2049 1553/2358/2050 1618/2438/2052
f 1553/2358/2050 1607/2424/2051 1618/2438/2052
f 1618/2438/2052 1607/2424/2051 1803/2684/1997
f 2004/2989/2000 2246/3371/2048 2296/3441/2053
f 1818/2702/1998 2004/2989/2000 2296/3441/2053
s 0
f 1818/2702/2054 1620/2442/2055 1591/2405/2056
s 1
f 1591/2405/1987 1582/2394/2001 1818/2702/1998
f 1818/2702/1998 1582/2394/2001 1605/2422/1999
f 1370/2072/1959 1383/2103/2057 1582/2394/2001
s 0
f 1370/2072/2058 1382/2100/2058 1433/2198/2058
f 1382/2100/2059 1347/2024/2059 1433/2198/2059
f 1433/2198/2060 1347/2024/2061 1618/2438/2062
f 1618/2438/2063 1347/2024/2064 1505/2297/2065
s 1
f 1514/2307/2066 1626/2450/2009 1505/2297/2049
s 0
f 1514/2307/2067 1505/2297/2068 1347/2024/2069
s 1
f 1840/2735/2008 1626/2450/2009 1331/2001/2070
f 1626/2450/2009 1514/2307/2066 1331/2001/2070
f 1840/2735/2008 1331/2001/2070 1324/1993/2005
f 1331/2001/2070 1347/2024/2006 1324/1993/2005
s 0
f 1331/2001/2071 1514/2307/2072 1347/2024/2073
s 1
f 213/312/2074 279/446/2075 243/369/2076
f 173/251/2077 213/312/1975 200/290/1864
f 213/312/1975 173/251/2077 289/464/2078
f 425/661/2079 213/312/1975 289/464/2078
f 425/661/2079 289/464/2078 362/569/2080
f 362/569/2080 289/464/2078 437/677/2081
f 415/647/2082 289/464/2078 173/251/2077
f 192/278/2083 259/402/2084 213/312/1975
f 192/278/2083 181/263/2085 259/402/2084
f 411/640/2086 192/278/2083 213/312/1975
f 411/640/2086 213/312/1975 413/643/2087
f 233/351/2088 213/312/1975 425/661/2079
f 408/636/2089 259/402/2084 181/263/2085
s 0
f 408/636/2090 189/273/2091 259/402/2092
s 1
f 189/273/2093 195/282/2094 259/402/2095
f 190/275/2096 259/402/2095 195/282/2094
f 259/402/2095 190/275/2096 454/697/2097
f 2196/3292/1942 2223/3329/1940 2308/3463/1953
f 2196/3292/1942 2308/3463/1953 2296/3442/2016
f 2196/3292/1942 2296/3442/2016 2239/3360/2015
f 2239/3360/2015 2101/3149/2043 2015/3008/2098
f 2196/3292/1942 2239/3360/2015 2015/3008/2098
f 2196/3292/1942 2015/3008/2098 1952/2913/1943
f 2015/3008/2098 2101/3150/2043 1975/2945/2044
f 1752/2612/2099 1975/2945/2044 1679/2515/2023
f 1975/2945/2044 1969/2937/2022 1679/2515/2023
f 1679/2515/2023 1309/1970/2100 1752/2612/2099
f 1309/1970/2100 1260/1901/2101 1752/2612/2099
f 1260/1901/2101 1809/2692/2102 1752/2612/2099
f 1212/1834/2103 22/34/2104 89/133/1949
f 163/237/2105 130/187/2106 22/34/2104
f 130/187/2106 163/237/2105 514/781/2107
f 514/781/2107 784/1163/2108 584/871/2109
f 1093/1645/2110 784/1163/2108 1076/1621/2111
f 1076/1621/2111 1169/1760/2112 1093/1645/2110
f 784/1163/2108 1093/1645/2110 738/1098/1902
f 1093/1645/2110 1104/1660/2113 738/1098/1902
f 584/871/2109 784/1163/2108 738/1098/1902
f 130/187/2106 584/871/2109 549/826/1899
f 549/826/1899 584/871/2109 738/1098/1902
f 549/826/1899 738/1098/1902 702/1036/1904
f 130/187/2106 549/826/1899 141/204/1901
f 141/204/1901 56/84/2114 130/187/2106
f 130/187/2106 56/84/2114 22/34/2104
f 56/84/2114 89/133/1949 22/34/2104
f 584/871/2109 130/187/2106 514/781/2107
f 1952/2913/1943 2015/3008/2098 1634/2460/1944
f 1634/2460/1944 2015/3008/2098 1809/2692/2102
f 1293/1950/1945 1634/2460/1944 1283/1936/1948
f 43/67/1900 89/133/1949 56/84/2114
f 56/84/2114 141/204/1901 43/67/1900
f 2015/3008/2098 1975/2945/2044 1752/2612/2099
s 0
f 2015/3008/2115 1752/2612/2116 1809/2692/2117
s 1
f 1809/2692/2102 1260/1901/2101 1283/1936/1948
f 1634/2460/1944 1809/2692/2102 1283/1936/1948
f 1175/1773/1905 1020/1530/1903 1104/1660/2113
f 1104/1660/2113 1020/1530/1903 738/1098/1902
f 1104/1660/2113 1169/1760/2112 1175/1773/1905
f 1104/1660/2113 1093/1645/2110 1169/1760/2112
f 1068/1610/1858 975/1452/2118 632/938/1856
f 1068/1610/1858 1169/1760/2112 975/1452/2118
f 1169/1760/2112 1068/1610/1858 1175/1773/1905
f 1260/1901/2101 1212/1834/2119 1283/1936/1948
s 0
f 1283/1936/2120 1212/1834/2121 89/133/2122
s 1
f 57/85/2123 163/237/2105 22/34/2104
s 0
f 1212/1834/2124 57/85/2125 22/34/2126
s 1
f 1803/2684/1997 1612/2431/2127 1618/2438/2052
f 1433/2198/2128 1618/2438/2052 1612/2431/2127
f 1612/2431/2127 1803/2684/1997 1605/2422/1999
f 1612/2431/2127 1605/2422/1999 1383/2103/2057
f 1383/2103/2057 1605/2422/1999 1582/2394/2001
f 1370/2072/1959 1433/2198/2128 1383/2103/2057
f 1612/2431/2127 1383/2103/2057 1433/2198/2128
f 1260/1902/2101 1309/1971/2100 1212/1835/2119
s 0
f 1212/1835/2129 1309/1971/2130 20/31/2131
s 1
f 20/31/2033 1309/1971/2100 1252/1889/2031
f 1309/1971/2100 1679/2516/2023 1252/1889/2031
s 0
f 34/52/2132 20/31/2133 1218/1844/2134
s 1
f 34/52/2041 1218/1844/2032 62/94/2037
f 159/232/2042 163/238/2105 34/52/2041
f 1212/1835/2135 20/31/2136 57/86/2123
f 163/238/2105 57/86/2123 34/52/2041
f 57/86/2123 20/31/2136 34/52/2041
f 173/252/2077 200/291/1864 415/648/2082
f 437/678/2081 289/465/2078 415/648/2082
f 656/974/2137 233/352/2088 425/662/2079
f 425/662/2079 362/570/2080 656/974/2137
f 656/974/2137 362/570/2080 437/678/2081
f 656/974/2137 437/678/2081 415/648/2082
f 200/291/1864 632/939/1856 415/648/2082
f 415/648/2082 632/939/1856 656/974/2137
f 632/939/1856 975/1453/2118 656/974/2137
f 656/974/2137 975/1453/2118 838/1251/2138
f 656/974/2137 838/1251/2138 233/352/2088
f 413/644/2087 233/352/2088 838/1251/2138
f 233/352/2088 413/644/2087 213/313/1975
f 647/960/2139 413/644/2087 838/1251/2138
f 647/960/2139 181/264/2085 192/279/2083
f 647/960/2139 192/279/2083 411/641/2086
f 190/276/2096 734/1091/2140 454/698/2097
f 189/274/2093 190/276/2096 195/283/2094
f 189/274/2093 734/1091/2140 190/276/2096
f 647/960/2139 734/1091/2140 408/637/2141
f 734/1091/2140 189/274/2093 408/637/2141
s 0
f 408/637/2142 181/264/2143 647/960/2144
s 1
f 411/641/2086 413/644/2087 647/960/2139
f 1148/1730/2145 647/960/2139 838/1251/2138
s 0
f 1148/1730/2146 1141/1717/2146 1094/1646/2146
s 1
f 1141/1717/2147 1148/1730/2145 1169/1761/2112
f 1148/1730/2145 838/1251/2138 1169/1761/2112
f 1169/1761/2112 838/1251/2138 975/1453/2118
f 688/1016/2148 734/1091/2140 1094/1646/2149
f 1094/1646/2149 734/1091/2140 647/960/2139
f 647/960/2139 1148/1730/2145 1094/1646/2149
f 1141/1717/2147 1146/1725/2150 1094/1646/2151
f 1141/1717/2147 1076/1622/2111 1122/1687/2152
f 1141/1717/2147 1122/1687/2152 1146/1725/2150
f 1076/1622/2111 1141/1717/2147 1169/1761/2112
f 1122/1687/2152 1076/1622/2111 972/1447/2153
f 980/1459/2154 1122/1687/2152 984/1466/2155
f 984/1466/2155 701/1034/2156 807/1196/2157
f 984/1466/2155 807/1196/2157 980/1459/2154
f 807/1196/2157 595/886/2038 708/1047/2158
f 708/1047/2158 980/1459/2154 807/1196/2157
f 1051/1578/2159 1122/1687/2152 980/1459/2154
f 1051/1578/2159 1146/1725/2150 1122/1687/2152
s 0
f 1146/1725/2160 1196/1810/2161 1094/1646/2162
s 1
f 984/1466/2155 1122/1687/2152 972/1447/2153
f 701/1034/2156 984/1466/2155 972/1447/2153
f 595/886/2038 807/1196/2157 159/233/2042
f 595/886/2038 159/233/2042 156/227/2039
s 0
f 163/239/2163 159/233/2164 514/782/2165
s 1
f 784/1164/2108 514/782/2107 787/1168/2166
f 1076/1622/2111 784/1164/2108 972/1447/2153
f 159/233/2042 701/1034/2156 514/782/2107
f 514/782/2107 701/1034/2156 787/1168/2166
f 787/1168/2166 972/1447/2153 784/1164/2108
f 972/1447/2153 787/1168/2166 701/1034/2156
f 807/1196/2157 701/1034/2156 159/233/2042
f 1918/2857/1737 2011/3003/1736 1938/2889/1873
f 1628/2452/1881 1808/2691/1874 1831/2719/1440
f 1673/2507/1883 1628/2452/1881 1831/2719/1440
s 0
f 1673/2508/2167 1685/2523/2168 1410/2160/2169
f 1758/2622/2170 1685/2523/2171 1673/2508/2172
s 1
f 2026/3033/1884 1831/2720/1440 1938/2890/1873
f 2000/2983/1419 1831/2720/1440 2026/3033/1884
f 2084/3122/1375 2026/3033/1884 2056/3079/1376
f 2000/2983/1419 2026/3033/1884 2036/3048/1424
f 2036/3048/1424 2026/3033/1884 2084/3122/1375
f 1994/2973/1407 2046/3062/1401 2080/3112/1393
f 1994/2973/1407 2029/3037/1411 2046/3062/1401
f 2084/3122/1375 2046/3062/1401 2036/3048/1424
s 0
f 1364/2056/2173 1685/2523/2174 1724/2575/2175
f 1685/2523/2176 1364/2056/2177 1410/2160/2178
s 1
f 1382/2101/2004 1410/2161/2179 1364/2056/2002
s 0
f 1364/2056/2180 1689/2527/2181 1365/2058/2182
s 1
f 1397/2133/2183 1365/2058/2184 1521/2318/1414
f 1397/2133/2183 1521/2318/1414 1698/2537/1412
f 1521/2318/1414 1645/2475/1421 1732/2584/1413
s 0
f 1645/2475/2185 1521/2318/2186 1365/2058/2187
s 1
f 1887/2808/1409 1899/2826/1415 1936/2884/1418
f 2029/3037/1411 1887/2808/1409 1936/2884/1418
f 528/800/1546 657/976/1545 417/651/2188
f 657/976/1545 574/859/2189 417/651/2188
f 574/859/2189 657/976/1545 670/993/1971
f 643/956/1970 574/859/2189 670/993/1971
f 670/993/1971 735/1093/1969 643/956/1970
f 574/859/2189 643/956/1970 388/606/2190
f 574/859/2189 388/606/2190 417/651/2188
s 0
f 417/651/2191 388/606/2192 243/370/2193
f 388/606/2194 291/468/2195 243/370/2196
s 1
f 643/956/1970 291/468/1977 388/606/2190
s 0
f 243/371/2197 484/738/2198 417/652/2199
f 528/801/2200 417/652/2201 484/738/2202
f 243/371/2203 279/447/2204 484/738/2205
f 409/638/2206 519/788/2207 484/738/2208
s 1
f 526/798/2209 519/788/2210 606/902/1528
s 0
f 519/788/2211 526/798/2212 484/738/2213
s 1
f 544/819/1540 484/738/2214 526/798/1541
f 526/798/2209 606/902/1528 679/1004/1526
f 915/1371/1521 812/1205/1524 830/1237/1522
f 519/788/2210 409/638/2215 606/902/1528
s 0
f 409/638/2216 484/738/2217 279/447/2218
f 397/616/2219 409/638/2220 279/447/2219
s 1
f 606/902/1528 409/638/2215 397/616/2221
f 606/902/1528 397/616/2221 616/917/2222
f 830/1237/1522 706/1042/2223 800/1185/2224
f 830/1237/1522 800/1185/2224 832/1240/2225
f 832/1240/2225 902/1352/1519 830/1237/1522
f 748/1111/1527 706/1042/2223 812/1205/1524
f 812/1205/1524 706/1042/2223 830/1237/1522
f 706/1042/2223 748/1111/1527 616/917/2222
f 616/917/2222 748/1111/1527 606/902/1528
f 616/917/2222 397/616/2221 404/630/2226
f 279/447/2227 404/630/2226 397/616/2221
f 931/1397/1559 1003/1498/1509 919/1378/1513
s 0
f 1011/1514/2228 1036/1553/2229 1057/1591/2230
f 1036/1553/2231 1011/1514/2232 1009/1508/2233
f 1009/1508/2234 935/1402/2235 923/1384/2236
f 922/1383/2237 1009/1508/2238 921/1380/2239
s 1
f 921/1380/1520 1009/1508/2240 1011/1514/1515
f 922/1383/2241 935/1402/2242 1009/1508/2243
f 935/1402/2242 889/1329/2244 874/1307/2245
f 935/1402/2242 874/1307/2245 923/1384/2246
f 675/999/2247 820/1218/2248 637/946/2249
f 874/1307/2245 889/1329/2244 820/1218/2248
f 820/1218/2248 780/1159/2250 637/946/2249
f 403/627/2251 637/946/2249 556/835/2252
f 556/835/2252 637/946/2249 672/996/2253
s 0
f 403/627/2254 556/835/2255 539/813/2256
f 917/1374/2257 922/1383/2258 921/1380/2259
s 1
f 922/1383/2241 909/1363/2260 935/1402/2242
f 935/1402/2242 909/1363/2260 873/1306/2261
f 873/1306/2261 889/1329/2244 935/1402/2242
f 780/1159/2250 820/1218/2248 889/1329/2244
f 637/946/2249 780/1159/2250 672/996/2253
f 672/996/2253 780/1159/2250 604/899/2262
f 780/1159/2250 889/1329/2244 873/1306/2261
f 780/1159/2250 873/1306/2261 729/1082/2263
f 604/899/2262 780/1159/2250 729/1082/2263
f 729/1082/2263 873/1306/2261 722/1069/2264
f 722/1069/2264 873/1306/2261 841/1255/2265
f 604/899/2262 729/1082/2263 561/840/2266
f 672/996/2253 604/899/2262 539/813/2267
f 539/813/2267 604/899/2262 506/769/2268
s 0
f 539/813/2269 246/376/2270 403/627/2271
f 246/376/2272 539/813/2273 506/769/2274
s 1
f 516/784/2275 506/769/2268 604/899/2262
s 0
f 604/899/2276 561/840/2277 516/784/2278
f 506/769/2279 516/784/2280 246/376/2281
f 516/784/2282 485/739/2283 246/376/2284
f 485/739/2285 430/668/2286 246/376/2287
f 207/300/2288 403/627/2289 246/376/2290
s 1
f 867/1294/2291 922/1383/2241 917/1374/2292
f 909/1363/2260 841/1255/2265 873/1306/2261
f 909/1363/2260 922/1383/2241 867/1294/2291
f 616/917/2222 404/630/2226 578/863/2293
f 616/917/2222 578/863/2293 706/1042/2223
f 578/863/2293 599/891/2294 706/1042/2223
f 800/1185/2224 706/1042/2223 599/891/2294
f 832/1240/2225 805/1192/2295 858/1280/2296
f 858/1280/2296 805/1192/2295 828/1232/2297
f 1347/2025/2006 1387/2111/2298 1429/2190/2299
f 1365/2059/2003 1347/2025/2300 1382/2102/2004
s 0
f 1347/2025/2301 1365/2059/2301 1463/2239/2301
f 1387/2111/2302 1347/2025/2302 1463/2239/2302
f 1429/2190/2303 1322/1990/2304 1439/2205/2305
f 1429/2190/2306 1319/1985/2307 1322/1990/2308
s 1
f 1318/1983/2309 1319/1985/2310 1356/2037/2311
f 1319/1985/2310 1429/2190/2299 1356/2037/2311
f 1429/2190/2299 1387/2111/2298 1356/2037/2311
s 0
f 1447/2215/2312 1515/2308/2313 1387/2111/2314
f 1515/2308/2315 1469/2247/2316 1387/2111/2317
f 1387/2111/2318 1469/2247/2319 1356/2037/2320
s 1
f 1387/2111/2321 1463/2239/2322 1330/2000/2323
f 1321/1988/2324 1756/2618/2325 1791/2666/2326
f 1893/2815/2327 1756/2618/2325 1841/2738/2328
f 1756/2618/2325 1321/1988/2324 1330/2000/2323
f 1756/2618/2325 1330/2000/2323 1841/2738/2328
f 1330/2000/2323 1826/2712/2329 1841/2738/2328
f 1939/2892/1408 1826/2712/2329 1823/2708/1410
f 1939/2892/1408 1841/2738/2328 1826/2712/2329
f 1893/2815/2327 1841/2738/2328 1941/2895/1488
f 1941/2895/1488 1841/2738/2328 1939/2892/1408
f 1996/2977/1406 1941/2895/1488 1939/2892/1408
f 1397/2134/2183 1823/2708/1410 1463/2239/2322
f 1463/2239/2322 1823/2708/1410 1826/2712/2329
f 1463/2239/2322 1826/2712/2329 1330/2000/2323
f 1330/2000/2323 1321/1988/2324 1387/2111/2321
f 1397/2134/2183 1463/2239/2322 1365/2059/2184
f 1397/2134/2183 1698/2538/1412 1823/2708/1410
f 279/448/2227 322/517/2330 404/631/2226
f 322/517/2330 279/448/2227 269/427/2331
f 269/427/2331 395/614/2332 322/517/2330
f 395/614/2332 378/593/2333 534/808/2334
f 395/614/2332 269/427/2331 378/593/2333
f 534/808/2334 378/593/2333 630/934/2335
f 630/934/2335 378/593/2333 360/565/2336
f 395/614/2332 534/808/2334 599/892/2294
f 599/892/2294 534/808/2334 762/1133/2337
f 534/808/2334 695/1027/2338 762/1133/2337
f 599/892/2294 762/1133/2337 800/1186/2224
f 832/1239/2225 800/1186/2224 762/1133/2337
f 832/1239/2225 762/1133/2337 805/1193/2295
f 630/934/2335 695/1027/2338 534/808/2334
f 695/1027/2338 630/934/2335 805/1193/2295
f 695/1027/2338 805/1193/2295 762/1133/2337
f 269/427/2331 279/448/2227 182/265/2339
s 0
f 259/403/2340 279/448/2340 213/314/2340
f 259/403/2341 379/594/2342 390/608/2343
f 259/403/2344 390/608/2345 182/265/2346
s 1
f 182/265/2339 279/448/2227 259/403/2347
f 176/256/2348 182/265/2339 177/258/2349
f 182/265/2339 176/256/2348 496/755/2350
f 182/265/2339 496/755/2350 292/469/2351
f 227/337/2352 182/265/2339 292/469/2351
s 0
f 377/591/2353 315/503/2354 227/337/2355
s 1
f 227/337/2352 315/504/2356 269/427/2331
f 269/427/2331 182/265/2339 227/337/2352
f 269/427/2331 360/566/2336 378/593/2333
f 322/517/2330 395/614/2332 599/892/2294
f 599/892/2294 578/864/2293 322/517/2330
f 322/517/2330 578/864/2293 404/631/2226
f 379/594/2357 259/403/2095 454/699/2097
f 454/699/2097 734/1092/2140 379/594/2357
f 379/594/2357 734/1092/2140 688/1017/2148
f 390/608/2358 379/594/2357 381/597/2359
f 182/265/2339 390/608/2358 381/597/2359
f 182/265/2339 381/597/2359 186/269/2360
f 177/258/2349 182/265/2339 186/269/2360
f 177/258/2349 186/269/2360 172/249/2361
f 902/1352/1519 832/1240/2225 921/1381/1520
s 0
f 921/1381/2362 832/1240/2363 858/1280/2364
s 1
f 1464/2240/2365 1429/2190/2299 1502/2292/2366
f 1347/2025/2006 1429/2190/2299 1464/2240/2365
f 1347/2025/2006 1464/2240/2365 1711/2555/2367
f 1711/2555/2367 1501/2290/2368 1347/2025/2006
f 1347/2025/2006 1501/2290/2368 1713/2559/2007
f 1429/2190/2299 1439/2205/2369 1705/2547/2370
f 2246/3372/2048 2324/3489/2371 2332/3501/2010
f 2266/3402/2011 2332/3501/2010 2324/3489/2371
f 1902/2830/2372 1674/2509/2373 1903/2832/2024
f 1903/2832/2024 1674/2509/2373 1699/2540/2029
f 1674/2509/2373 1275/1922/2034 1699/2540/2029
f 1674/2509/2373 1902/2830/2372 1662/2495/2374
f 1275/1922/2034 1674/2509/2373 1662/2495/2374
f 1903/2832/2024 2127/3186/2025 1902/2830/2372
s 0
f 1306/1966/2375 1275/1922/2376 1662/2495/2377
s 1
f 2121/3177/2378 1902/2830/2372 2151/3224/2379
f 2151/3224/2379 2198/3294/2380 2121/3177/2378
f 2121/3177/2378 2198/3294/2380 2264/3398/2381
f 1856/2757/2382 1902/2830/2372 2121/3177/2378
f 2121/3177/2378 2140/3205/2383 1856/2757/2382
f 2324/3489/2371 2307/3459/2384 2198/3294/2380
f 2198/3294/2380 2307/3459/2384 2264/3398/2381
f 2121/3177/2378 2264/3398/2381 2140/3205/2383
f 2149/3222/2013 2266/3402/2011 2151/3224/2379
f 2127/3186/2025 2149/3222/2013 2151/3224/2379
f 2127/3186/2025 2151/3224/2379 1902/2830/2372
f 2151/3224/2379 2266/3402/2011 2198/3294/2380
f 2266/3402/2011 2324/3489/2371 2198/3294/2380
s 0
f 2307/3459/2385 2324/3489/2386 2099/3145/2387
s 1
f 2216/3318/2388 2099/3145/2389 1322/1991/2390
f 1322/1991/2390 1908/2840/2391 2216/3318/2388
f 2240/3361/2392 2216/3318/2388 1908/2840/2391
f 1469/2248/2393 1908/2840/2391 1635/2461/2394
f 1356/2038/2311 1469/2248/2393 1635/2461/2394
f 1356/2038/2311 1635/2461/2394 1318/1984/2309
f 1319/1986/2310 1318/1984/2309 1322/1991/2390
f 1439/2206/2369 1322/1991/2390 1705/2548/2370
f 1429/2191/2299 1705/2548/2370 1502/2293/2366
f 1705/2548/2370 1840/2736/2008 1711/2556/2367
f 1705/2548/2370 1711/2556/2367 1502/2293/2366
f 1502/2293/2366 1711/2556/2367 1464/2241/2365
f 1322/1991/2390 1318/1984/2309 1635/2461/2394
f 1635/2461/2394 1908/2840/2391 1322/1991/2390
f 2128/3187/2395 2324/3489/2371 2246/3372/2048
f 2246/3372/2048 1840/2736/2008 2128/3187/2395
f 1322/1991/2390 2099/3145/2389 1705/2548/2370
f 2099/3145/2389 2128/3187/2395 1705/2548/2370
s 0
f 2128/3187/2396 1840/2736/2397 1705/2548/2398
s 1
f 1275/1922/2034 1306/1966/2399 1210/1832/2400
f 75/110/2036 149/217/2401 156/228/2039
f 708/1048/2158 565/846/2040 717/1063/2402
f 149/217/2401 565/846/2040 156/228/2039
f 595/887/2038 565/846/2040 708/1048/2158
f 990/1475/2403 980/1460/2154 708/1048/2158
f 990/1475/2403 708/1048/2158 717/1063/2402
f 717/1063/2402 946/1416/2404 990/1475/2403
f 1098/1651/2405 990/1475/2403 946/1416/2404
f 946/1416/2404 717/1063/2402 725/1075/2406
f 725/1075/2406 717/1063/2402 565/846/2040
f 725/1075/2406 565/846/2040 503/765/2407
f 106/158/2408 565/846/2040 149/217/2401
f 106/158/2408 149/217/2401 25/40/2409
f 25/40/2409 149/217/2401 75/110/2036
f 75/110/2036 1222/1850/2035 25/40/2409
f 1222/1850/2035 1275/1922/2034 1210/1832/2400
f 1222/1850/2035 1210/1832/2400 25/40/2409
f 503/765/2407 565/846/2040 106/158/2408
f 106/158/2408 158/230/2410 503/765/2407
f 158/230/2410 106/158/2408 25/40/2409
s 0
f 612/911/2411 503/765/2412 158/230/2413
s 1
f 612/911/2414 725/1075/2406 503/765/2407
f 725/1075/2406 897/1343/2415 946/1416/2404
f 1196/1812/2416 894/1337/2417 688/1019/2148
f 1196/1812/2418 1146/1726/2150 1051/1579/2159
f 990/1475/2403 1051/1579/2159 980/1461/2154
f 1051/1579/2159 990/1475/2403 1098/1651/2405
f 1170/1762/2419 1196/1812/2418 1051/1579/2159
f 1051/1579/2159 1098/1651/2405 1044/1567/2420
f 1044/1567/2420 1170/1762/2419 1051/1579/2159
f 1662/2495/2374 1902/2830/2372 1856/2757/2382
f 10/13/2421 25/40/2409 86/126/2422
s 0
f 25/40/2423 10/13/2424 158/230/2425
s 1
f 946/1416/2404 1044/1567/2420 1098/1651/2405
f 1044/1567/2420 946/1416/2404 897/1343/2415
f 1711/2556/2367 1840/2737/2008 1501/2291/2368
f 1501/2291/2368 1840/2737/2008 1713/2560/2007
f 2128/3187/2395 2099/3145/2389 2324/3489/2371
f 2216/3318/2388 2307/3459/2384 2099/3145/2389
f 1856/2757/2382 1728/2579/2426 1662/2495/2374
f 1306/1966/2399 86/126/2422 1210/1832/2400
f 1210/1832/2400 86/126/2422 25/40/2409
f 86/126/2422 1306/1966/2399 1261/1903/2427
f 1261/1903/2427 1306/1966/2399 1728/2579/2426
f 1306/1966/2399 1662/2495/2374 1728/2579/2426
f 379/595/2357 688/1018/2148 381/598/2359
f 177/259/2349 172/250/2361 535/809/2428
f 535/809/2428 172/250/2361 186/270/2360
f 535/809/2428 186/270/2360 381/598/2359
f 177/259/2349 535/809/2428 176/257/2348
f 737/1095/2429 617/918/2430 651/966/2431
f 651/966/2431 1110/1669/2432 1149/1731/2433
f 1149/1731/2433 1110/1669/2432 1188/1795/2434
f 1115/1676/2435 1188/1795/2434 1170/1763/2419
f 1115/1676/2435 1170/1763/2419 1044/1568/2420
s 0
f 1196/1811/2436 1170/1763/2437 1188/1795/2438
f 1196/1811/2439 1188/1795/2440 1110/1669/2441
f 1110/1669/2442 894/1338/2443 1196/1811/2444
s 1
f 617/918/2430 894/1338/2417 1110/1669/2432
f 1110/1669/2432 651/966/2431 617/918/2430
f 617/918/2430 737/1095/2429 227/338/2352
f 617/918/2430 496/756/2350 535/809/2428
f 617/918/2430 535/809/2428 894/1339/2417
f 535/809/2428 496/756/2350 176/257/2348
f 894/1339/2417 535/809/2428 688/1018/2148
f 381/598/2359 688/1018/2148 535/809/2428
f 496/756/2350 617/918/2430 292/470/2351
f 292/470/2351 617/918/2430 227/338/2352
f 1044/1568/2420 897/1344/2415 1115/1676/2435
f 1115/1676/2435 897/1344/2415 687/1014/2445
f 764/1135/2446 1099/1652/2447 716/1060/2448
s 0
f 687/1014/2449 716/1060/2450 1107/1664/2451
s 1
f 716/1060/2448 1099/1652/2447 1107/1664/2452
f 1107/1664/2452 1115/1676/2435 687/1014/2445
f 1149/1731/2433 1188/1795/2434 1195/1807/2453
f 1107/1664/2452 1195/1808/2453 1188/1795/2434
f 1115/1676/2435 1107/1664/2452 1188/1795/2434
f 1094/1647/2149 1196/1812/2416 688/1019/2148
f 2327/3493/2454 2307/3460/2384 2240/3362/2392
f 2307/3460/2384 2216/3319/2388 2240/3362/2392
f 2307/3460/2384 2271/3409/2455 2264/3399/2381
f 2264/3399/2381 2271/3409/2455 2140/3206/2383
f 2271/3409/2455 2307/3460/2384 2327/3493/2454
f 2327/3493/2454 2215/3316/2456 2271/3409/2455
f 2215/3316/2456 2327/3493/2454 2336/3506/2457
f 2240/3362/2392 1908/2841/2391 2268/3404/2458
f 1638/2464/2459 1908/2841/2391 1469/2249/2393
f 1638/2464/2459 1469/2249/2393 1515/2309/2460
s 0
f 1908/2841/2461 1638/2464/2462 1807/2689/2463
s 1
f 1447/2216/2464 1638/2464/2459 1515/2309/2460
f 1728/2580/2426 1856/2758/2382 1888/2809/2465
f 1856/2758/2382 2140/3206/2383 1888/2809/2465
f 2140/3206/2383 2271/3409/2455 1888/2809/2465
f 2215/3316/2456 1888/2809/2465 2271/3409/2455
f 2215/3316/2456 2148/3219/2466 1888/2809/2465
f 1728/2580/2426 1888/2809/2465 1764/2628/2467
f 1728/2580/2426 1764/2628/2467 1277/1926/2468
f 1261/1904/2427 1728/2580/2426 1277/1926/2468
s 0
f 1229/1860/2469 86/127/2470 1261/1904/2471
s 1
f 1277/1926/2468 1262/1905/2472 1235/1867/2473
f 1277/1926/2468 1235/1867/2473 1229/1860/2474
s 0
f 1229/1860/2475 1235/1867/2476 24/38/2475
s 1
f 1235/1867/2477 4/5/2478 24/38/2479
f 24/38/2479 134/193/2480 165/241/2481
f 687/1015/2445 612/912/2414 165/241/2481
f 165/241/2481 716/1061/2448 687/1015/2445
f 612/912/2414 687/1015/2445 897/1345/2415
f 725/1076/2406 612/912/2414 897/1345/2415
f 158/231/2482 165/241/2481 612/912/2414
f 158/231/2482 10/14/2421 165/241/2481
f 24/38/2479 165/241/2481 10/14/2421
s 0
f 1277/1926/2483 1229/1860/2484 1261/1904/2485
s 1
f 10/14/2421 1229/1860/2486 24/38/2479
f 86/127/2422 1229/1860/2486 10/14/2421
f 2148/3219/2466 1883/2802/2487 1888/2809/2465
f 1888/2809/2465 1883/2802/2487 1764/2628/2467
f 165/241/2481 625/928/2488 716/1061/2448
f 134/193/2480 625/928/2488 165/241/2481
s 0
f 68/101/2489 14/22/2490 1234/1866/2491
f 14/22/2492 1203/1825/2493 1234/1866/2494
s 1
f 1905/2835/667 1960/2924/637 1739/2595/660
f 1264/1909/656 1276/1923/665 1739/2595/660
f 1264/1909/656 1203/1825/661 1276/1923/665
f 1794/2672/675 1451/2222/699 1614/2433/701
f 1794/2672/675 1614/2433/701 1973/2942/676
f 2230/3344/674 2343/3518/671 2037/3049/2495
f 1794/2673/675 2230/3344/674 2037/3049/2495
s 0
f 2037/3049/2496 2343/3518/2497 2348/3526/2498
f 2348/3526/2499 1995/2974/2500 2037/3049/2501
s 1
f 1710/2554/2502 1995/2974/2503 2096/3141/2504
f 1710/2554/2502 2096/3141/2504 1683/2521/2505
f 2177/3258/673 2348/3526/2506 2343/3519/671
f 2348/3526/2506 2177/3258/673 2205/3304/2507
f 2348/3526/2506 2205/3304/2507 2293/3437/2508
s 0
f 2259/3392/2509 2293/3437/2510 2315/3475/2511
s 1
f 2315/3475/2512 2183/3265/2513 2172/3252/2514
f 2183/3265/2513 2027/3034/2515 2172/3252/2514
f 1879/2794/2516 2172/3252/2514 2027/3034/2515
f 2177/3258/673 2281/3422/672 2191/3279/670
f 2177/3258/673 2191/3279/670 2103/3153/668
f 2103/3153/668 1968/2934/2517 2177/3258/673
f 2103/3153/668 1905/2836/667 1968/2934/2517
f 1968/2934/2517 2067/3093/2518 2139/3204/2519
s 0
f 2139/3204/2520 2177/3258/2521 1968/2934/2521
s 1
f 2205/3304/2507 2177/3258/673 2139/3204/2519
f 2205/3304/2507 2178/3259/2522 2293/3437/2508
f 2293/3437/2508 2178/3259/2522 2315/3475/2512
f 2315/3475/2512 2178/3259/2522 2183/3265/2513
f 2183/3265/2513 2178/3259/2522 2027/3034/2515
f 1875/2788/2523 2139/3204/2519 2067/3093/2518
f 1875/2788/2523 2178/3259/2522 2139/3204/2519
f 1875/2788/2523 2027/3034/2515 2178/3259/2522
f 2205/3304/2507 2139/3204/2519 2178/3259/2522
s 0
f 2019/3015/2524 2280/3419/2525 2172/3252/2525
s 1
f 2172/3252/2514 1879/2794/2516 2019/3015/2526
f 2172/3252/2514 2280/3419/2527 2315/3475/2512
f 2315/3475/2528 2302/3449/2529 2259/3392/2530
f 2348/3526/2506 2293/3437/2508 2259/3392/2530
f 2096/3141/2504 2348/3526/2506 2259/3392/2530
f 2259/3392/2530 2302/3449/2529 2017/3012/2531
s 0
f 2315/3475/2532 2017/3011/2533 2302/3449/2534
f 2037/3049/2535 1995/2974/2536 1473/2253/2537
s 1
f 1473/2253/2538 1995/2974/2503 1710/2554/2502
f 1710/2554/2502 1609/2426/2539 1473/2253/2538
f 1683/2521/2505 1512/2305/2540 1390/2117/2541
f 1512/2305/2540 1683/2521/2505 1472/2252/2542
f 1683/2521/2505 1390/2117/2541 1710/2554/2502
f 1710/2554/2502 1390/2117/2541 1530/2329/2543
f 1524/2321/2544 1472/2252/2542 1683/2521/2505
f 1683/2521/2505 1440/2207/2545 1573/2384/2546
f 1683/2521/2505 2017/3012/2531 1440/2207/2545
f 1440/2207/2545 2017/3012/2531 1811/2694/2547
f 1811/2694/2547 1621/2443/2548 1479/2261/2549
f 1479/2261/2549 1450/2220/2550 1440/2207/2545
s 0
f 1414/2167/2551 1390/2117/2551 1440/2207/2551
s 1
f 1390/2117/2552 1414/2167/2553 1415/2170/702
f 1448/2218/2554 1414/2167/2553 1360/2046/2555
f 1400/2137/2556 1415/2170/702 1414/2167/2553
f 1400/2137/2556 1414/2167/2553 1427/2186/2557
f 1427/2186/2557 1414/2167/2553 1448/2218/2554
f 1448/2218/2554 1360/2046/2555 1766/2631/2558
f 1729/2581/2559 1427/2186/2557 1448/2218/2554
f 1729/2581/2559 1448/2218/2554 1766/2631/2558
f 1427/2186/2557 1729/2581/2559 1400/2137/2556
f 1415/2170/702 1400/2137/2556 1345/2019/2560
f 1345/2019/2560 1400/2137/2556 1755/2617/2561
f 1729/2581/2559 1755/2617/2561 1400/2137/2556
f 1755/2617/2561 1729/2581/2559 1896/2822/2562
f 1852/2752/2563 1714/2561/2564 1755/2617/2561
f 1852/2752/2563 1755/2617/2561 1946/2904/2565
f 1755/2617/2561 1896/2822/2562 1946/2904/2565
f 1896/2822/2562 1729/2581/2559 1766/2631/2558
f 1946/2904/2565 1896/2822/2562 1933/2879/2566
f 1946/2904/2565 1933/2879/2566 2033/3043/2567
f 1896/2822/2562 1766/2631/2558 1933/2879/2566
f 1933/2879/2566 1766/2631/2558 1874/2785/2568
f 1473/2253/2538 1794/2673/675 2037/3049/2495
f 1473/2253/2538 1467/2244/2569 1794/2673/675
f 1467/2244/2569 1473/2253/2538 1423/2181/2570
f 1473/2253/2538 1609/2426/2539 1595/2411/2571
f 1458/2233/2572 1595/2411/2571 1609/2426/2539
f 1458/2233/2572 1609/2426/2539 1474/2254/2573
f 1474/2254/2573 1609/2426/2539 1710/2554/2502
f 1474/2254/2573 1710/2554/2502 1530/2329/2543
f 1390/2117/2541 1474/2254/2573 1530/2329/2543
f 1458/2233/2572 1415/2170/702 1473/2253/2538
f 1473/2253/2538 1595/2411/2571 1484/2270/2574
f 1595/2411/2571 1458/2233/2572 1484/2270/2574
f 1484/2270/2574 1458/2233/2572 1473/2253/2538
f 1423/2181/2570 1473/2253/2538 1415/2170/702
f 1423/2181/2570 1415/2170/702 1451/2223/699
f 1451/2223/699 1467/2244/2569 1423/2181/2570
f 1467/2244/2569 1451/2223/699 1794/2673/675
f 1783/2656/666 1968/2935/2517 1905/2837/667
f 1682/2520/2575 2067/3094/2518 1968/2935/2517
f 1968/2935/2517 1783/2656/666 1682/2520/2575
f 2067/3094/2518 1682/2520/2575 1875/2789/2523
f 1682/2520/2575 1257/1896/2576 1270/1915/2577
f 1682/2520/2575 1783/2656/666 1257/1896/2576
f 1242/1878/2578 12/18/664 31/49/2579
f 31/49/2579 12/18/664 16/26/663
f 31/49/2579 103/154/769 144/209/2580
f 103/154/769 31/49/2579 16/26/663
f 12/18/664 1242/1878/2578 1257/1896/2576
f 12/18/664 1257/1896/2576 1276/1924/665
f 1257/1896/2576 1783/2656/666 1276/1924/665
f 1739/2596/660 1276/1925/665 1783/2656/666
f 103/154/769 609/907/772 144/209/2580
f 481/735/2581 609/907/772 817/1215/2582
f 609/907/772 705/1041/771 817/1215/2582
f 705/1041/771 987/1472/775 817/1215/2582
f 817/1215/2582 987/1472/775 953/1424/2583
s 0
f 987/1472/2584 1131/1703/2585 953/1424/2586
s 1
f 953/1424/2583 1131/1703/776 1086/1634/2587
f 1164/1753/2588 1033/1548/777 1172/1767/791
f 1033/1548/777 1164/1753/2588 1131/1703/776
f 817/1215/2582 953/1424/2583 855/1276/2589
f 855/1276/2589 953/1424/2583 1030/1542/2590
f 1030/1542/2590 953/1424/2583 1086/1634/2587
s 0
f 855/1276/2591 719/1065/2592 481/735/2593
s 1
f 855/1276/2589 481/735/2581 817/1215/2582
f 481/735/2581 115/168/2594 144/209/2580
f 94/140/2595 31/49/2579 115/168/2594
f 31/49/2579 94/140/2595 70/103/2596
f 144/209/2580 609/907/772 481/735/2581
f 144/209/2580 115/168/2594 31/49/2579
f 1875/2789/2523 1682/2520/2575 1658/2491/2597
f 1658/2491/2597 1682/2520/2575 1270/1915/2577
f 1658/2491/2597 1270/1915/2577 1268/1913/2598
f 2027/3035/2515 1658/2491/2597 1656/2489/2599
f 1879/2795/2516 2027/3035/2515 1656/2489/2599
f 1280/1932/2600 1224/1852/2601 1305/1964/2602
f 63/95/2603 1224/1852/2601 1280/1932/2600
f 1305/1964/2602 1656/2489/2599 1280/1932/2600
s 0
f 1666/2499/2604 1656/2489/2605 1305/1964/2606
s 1
f 1656/2489/2599 1666/2499/2607 1879/2795/2516
f 1879/2795/2516 1666/2499/2607 2019/3016/2526
f 2027/3035/2515 1875/2789/2523 1658/2491/2597
f 1224/1852/2601 63/95/2603 61/92/2608
s 0
f 61/92/2609 63/95/2610 66/98/2611
s 1
f 61/92/2608 66/98/2612 161/235/2613
f 115/168/2594 161/235/2613 94/140/2595
f 66/98/2612 94/140/2595 161/235/2613
s 0
f 63/95/2614 1280/1932/2615 1268/1913/2616
s 1
f 66/98/2612 63/95/2617 94/140/2595
f 161/235/2613 115/168/2594 515/783/2618
f 515/783/2618 115/168/2594 481/735/2581
f 515/783/2618 481/735/2581 719/1065/2619
f 691/1022/2620 719/1065/2619 1065/1603/2621
f 1065/1603/2621 719/1065/2619 1030/1542/2590
f 1182/1782/2622 1030/1542/2590 1086/1634/2587
f 1165/1755/2623 1182/1782/2622 1086/1634/2587
f 1182/1782/2622 1165/1755/2623 790/1171/2624
f 1165/1755/2623 1086/1634/2587 1131/1703/776
f 1131/1703/776 1164/1753/2588 1165/1755/2623
s 0
f 1105/1662/2625 1165/1755/2626 1164/1753/2625
s 1
f 691/1022/2620 509/773/2627 515/783/2618
f 691/1022/2620 801/1187/2628 509/773/2627
f 509/773/2627 161/235/2613 515/783/2618
f 161/235/2613 132/189/2629 61/92/2608
f 161/235/2613 509/773/2627 132/189/2629
f 801/1187/2628 691/1022/2620 1065/1603/2621
f 801/1187/2628 1065/1603/2621 1060/1596/2630
f 1060/1596/2630 1065/1603/2621 1191/1798/2631
f 719/1065/2619 691/1022/2620 515/783/2618
f 1268/1913/2598 1270/1915/2577 70/103/2596
f 31/49/2579 70/103/2596 1242/1878/2578
s 0
f 1257/1896/2632 1242/1878/2633 70/103/2634
f 1257/1896/2635 70/103/2636 1270/1915/2637
s 1
f 513/780/773 109/162/768 482/736/767
f 1105/1661/2638 1164/1754/2588 1172/1768/791
f 1105/1661/2638 1172/1768/791 1178/1778/800
s 0
f 1165/1755/2639 1105/1662/2640 976/1454/2641
s 1
f 1105/1662/823 671/995/806 976/1454/2642
f 671/995/806 467/717/840 337/536/2643
f 467/717/840 368/578/841 337/536/2643
f 368/578/841 265/418/842 337/536/2643
f 337/536/2643 265/418/842 312/500/2644
f 281/450/2645 371/584/2646 329/528/2647
f 329/528/2647 371/584/2646 463/712/2648
f 329/528/2647 463/712/2648 458/704/2649
f 329/528/2647 458/704/2649 442/683/2650
f 312/500/2644 329/528/2647 442/683/2650
f 281/450/2645 329/528/2647 265/418/842
f 265/418/842 329/528/2647 312/500/2644
s 0
f 312/500/2651 442/683/2652 337/536/2653
s 1
f 337/536/2643 442/683/2650 671/995/806
f 976/1454/2642 671/995/806 790/1171/2624
f 790/1171/2624 671/995/806 442/683/2650
f 976/1454/2642 790/1171/2624 1165/1755/2623
f 790/1171/2624 887/1326/2654 1182/1782/2622
s 0
f 1182/1782/2655 1015/1519/2656 1143/1721/2657
f 1143/1721/2658 1015/1519/2659 1191/1798/2660
s 1
f 1182/1782/2622 1143/1721/2661 1030/1542/2590
f 1065/1603/2621 1143/1721/2661 1191/1798/2631
f 94/140/2595 63/95/2617 70/103/2596
f 70/103/2596 63/95/2617 1268/1913/2598
f 1658/2491/2597 1268/1913/2598 1656/2489/2599
f 1656/2489/2599 1268/1913/2598 1280/1932/2600
f 1030/1542/2590 719/1065/2619 855/1276/2589
f 1065/1603/2621 1030/1542/2590 1143/1721/2661
f 264/416/846 257/398/2662 265/418/847
s 0
f 265/418/2663 257/398/2663 281/450/2663
s 1
f 205/297/2664 257/398/2662 264/416/846
f 257/398/2662 205/297/2664 225/335/2665
s 0
f 393/612/2666 257/398/2667 225/335/2668
f 257/398/2669 393/612/2670 402/624/2671
s 1
f 286/459/2672 402/624/2673 319/509/2674
s 0
f 281/450/2675 402/624/2675 286/459/2675
f 286/459/2676 319/510/2677 392/610/2678
f 286/459/2679 341/540/2680 281/450/2681
f 281/450/2682 382/599/2683 371/584/2684
s 1
f 376/590/2685 382/599/2686 281/450/2687
f 281/450/2687 336/535/2688 451/694/2689
f 281/450/2687 451/694/2689 376/590/2685
f 376/590/2685 588/876/2690 382/599/2686
f 382/599/2686 588/876/2690 371/584/2646
f 588/876/2690 376/590/2685 451/694/2689
f 588/876/2690 423/659/2691 341/540/2692
f 423/659/2691 588/876/2690 336/535/2693
s 0
f 451/694/2694 336/535/2695 588/876/2696
s 1
f 588/876/2690 887/1326/2654 790/1171/2624
f 588/876/2690 790/1171/2624 463/712/2648
f 463/712/2648 790/1171/2624 442/683/2650
f 588/876/2690 463/712/2648 371/584/2646
f 463/712/2648 442/683/2650 458/704/2649
f 1182/1782/2622 887/1326/2654 1015/1519/2697
f 588/876/2690 523/793/2698 887/1326/2654
f 523/793/2698 588/876/2690 341/540/2692
f 523/793/2698 286/459/2699 663/982/2700
f 663/982/2700 887/1326/2654 523/793/2698
f 887/1326/2654 663/982/2700 1015/1520/2697
f 663/982/2700 450/693/2701 392/610/2702
f 450/693/2701 663/982/2700 286/459/2699
f 392/610/2702 450/693/2701 286/459/2699
f 286/459/2699 420/656/2703 341/540/2692
f 286/459/2699 523/793/2698 420/656/2703
f 420/656/2703 523/793/2698 341/540/2692
s 0
f 281/450/2704 341/540/2705 336/535/2706
s 1
f 336/535/2693 341/540/2692 423/659/2691
s 0
f 281/450/2707 257/398/2707 402/624/2707
s 1
f 393/612/2708 225/335/2665 631/936/2709
f 393/612/2708 631/936/2709 619/920/2710
s 0
f 393/612/2711 619/920/2712 311/499/2713
s 1
f 619/920/2710 636/944/2714 311/499/2715
f 311/499/2715 636/944/2714 285/457/2716
f 285/457/2716 402/624/2717 311/499/2715
s 0
f 311/499/2718 402/624/2719 393/612/2720
s 1
f 335/534/2721 205/297/2664 264/416/846
f 205/297/2664 335/534/2721 576/861/2722
f 335/534/2721 264/416/846 274/434/2723
s 0
f 205/297/2724 576/861/2725 568/849/2726
s 1
f 568/849/2727 576/861/2722 726/1077/2728
f 772/1148/2729 726/1077/2728 854/1275/2730
f 854/1275/2730 726/1077/2728 782/1161/2731
f 726/1077/2728 576/861/2722 782/1161/2731
f 576/861/2722 638/948/2732 782/1161/2731
f 782/1161/2731 638/948/2732 796/1181/1011
f 885/1323/1016 854/1275/2730 900/1350/994
f 900/1350/994 854/1275/2730 872/1305/999
f 872/1305/999 854/1275/2730 782/1161/2731
f 872/1305/999 782/1161/2731 796/1181/1011
f 796/1181/1011 638/948/2732 550/827/1006
f 550/827/1006 274/434/2723 308/495/2733
f 264/416/846 308/495/2733 274/434/2723
f 308/495/2733 264/416/846 275/439/844
f 576/861/2722 335/534/2721 274/434/2723
f 576/861/2722 274/434/2723 638/948/2732
f 638/948/2732 274/434/2723 550/827/1006
f 533/807/2734 205/297/2664 568/849/2727
f 726/1077/2728 772/1148/2729 533/807/2734
f 726/1077/2728 533/807/2734 568/849/2727
f 205/297/2664 533/807/2734 225/335/2665
f 225/335/2665 533/807/2734 631/936/2709
f 793/1175/2735 631/936/2709 772/1148/2729
f 772/1148/2729 631/936/2709 533/807/2734
f 772/1148/2729 854/1275/2730 833/1242/1014
f 854/1275/2730 885/1323/1016 833/1242/1014
f 772/1148/2729 833/1242/1014 793/1175/2735
f 793/1175/2735 833/1242/1014 865/1290/1015
f 793/1175/2735 731/1086/2736 631/936/2709
f 631/936/2709 731/1086/2736 619/920/2710
f 731/1086/2736 636/944/2714 619/920/2710
f 1326/1995/2737 1389/2116/698 1345/2019/2560
f 1817/2701/2738 1804/2686/911 1335/2007/696
f 1817/2701/2738 1335/2007/696 1328/1998/2739
f 1326/1995/2737 1817/2701/2738 1328/1998/2739
f 1751/2611/2740 1817/2701/2738 1326/1995/2737
s 0
f 1714/2561/2741 1751/2611/2742 1345/2019/2743
s 1
f 1751/2611/2740 1714/2561/2564 1852/2752/2563
f 1915/2851/2744 1751/2611/2740 1852/2752/2563
f 1915/2851/2744 1852/2752/2563 1981/2958/925
f 1852/2752/2563 1946/2904/2565 1981/2958/925
f 1981/2958/925 1946/2904/2565 2021/3021/928
f 1981/2958/925 1980/2954/924 1915/2851/2744
f 1895/2821/2745 1817/2701/2738 1915/2851/2744
f 1751/2611/2740 1915/2851/2744 1817/2701/2738
f 1390/2117/2552 1415/2170/702 1458/2233/2572
s 0
f 1474/2254/2746 1390/2117/2747 1458/2233/2748
s 1
f 1472/2252/2542 1390/2117/2541 1512/2305/2540
f 1440/2207/2545 1472/2252/2542 1524/2321/2544
f 1608/2425/2749 1524/2321/2544 1683/2521/2505
f 1573/2384/2546 1608/2425/2749 1683/2521/2505
f 1524/2321/2544 1608/2425/2749 1573/2384/2546
s 0
f 1440/2207/2750 1390/2117/2751 1472/2252/2752
s 1
f 1440/2207/2545 1524/2321/2544 1573/2384/2546
f 1811/2694/2547 1479/2261/2549 1440/2207/2545
f 2259/3392/2530 1683/2521/2505 2096/3141/2504
f 2017/3012/2531 1683/2521/2505 2259/3392/2530
f 2348/3526/2506 2096/3141/2504 1995/2974/2503
f 1895/2820/2745 1980/2955/924 1922/2865/920
f 1980/2955/924 1977/2948/921 1922/2865/920
f 1771/2640/906 1788/2663/912 1922/2865/920
s 0
f 2057/3080/2753 2098/3143/2754 2091/3134/2754
f 2057/3080/2755 2086/3124/2756 2098/3143/2757
f 2086/3124/2758 2057/3080/2759 2047/3063/2760
s 1
f 1328/1998/2739 1335/2007/696 1389/2116/698
f 1328/1998/2739 1389/2116/698 1326/1995/2737
f 1751/2611/2740 1326/1995/2737 1345/2019/2560
f 1415/2170/702 1345/2019/2560 1389/2116/698
f 1345/2019/2560 1755/2617/2561 1714/2561/2564
f 1895/2821/2745 1922/2866/920 1804/2686/911
f 1895/2821/2745 1804/2686/911 1817/2701/2738
f 1980/2956/924 1895/2821/2745 1915/2851/2744
f 768/1141/1010 550/828/1006 585/872/1000
f 550/828/1006 308/496/2733 438/679/1002
f 914/1369/2761 890/1330/1013 903/1353/1012
s 0
f 985/1467/2762 928/1392/2763 903/1353/2764
f 1384/2105/1207 1348/2026/1207 1361/2050/1207
s 1
f 1510/2303/2765 1483/2267/2766 1348/2026/2767
s 0
f 1379/2093/2768 1358/2044/2768 1384/2105/2768
f 1384/2105/2769 1414/2168/2769 1379/2093/2769
s 1
f 1379/2093/2770 1414/2168/2771 1440/2208/2545
f 1440/2208/2545 1450/2221/2550 1379/2093/2770
f 1621/2444/2548 1450/2221/2550 1479/2262/2549
f 1621/2444/2548 1706/2549/2772 1450/2221/2550
s 0
f 1379/2093/2773 1450/2221/2774 1599/2415/2775
f 1358/2044/2776 1379/2093/2777 1442/2210/2778
s 1
f 2017/3013/2531 1983/2960/2779 1811/2695/2547
f 1706/2549/2772 1811/2695/2547 1983/2960/2779
f 1811/2695/2547 1706/2549/2772 1621/2444/2548
f 1450/2221/2550 1706/2549/2772 1599/2415/2780
f 1706/2549/2772 1602/2418/2781 1599/2415/2780
f 1599/2415/2780 1602/2418/2781 1379/2093/2782
f 2334/3504/2783 1983/2960/2779 2017/3013/2531
s 0
f 2017/3013/2784 2315/3476/2784 2313/3471/2785
s 1
f 2313/3471/2786 2280/3420/2527 2192/3280/2787
f 2313/3471/2786 2315/3477/2512 2280/3420/2527
f 2280/3420/2527 2208/3308/2788 2192/3280/2787
f 2192/3280/2787 2278/3417/2789 2313/3471/2786
s 0
f 2299/3445/2790 2334/3504/2791 2313/3471/2792
f 2299/3445/2793 2313/3471/2794 2345/3521/2795
f 2345/3521/2796 2313/3471/2797 2354/3534/2798
s 1
f 2313/3471/2786 2278/3417/2789 2282/3423/2799
s 0
f 2345/3521/2800 2354/3534/2801 2175/3255/2802
s 1
f 2211/3311/2803 2282/3423/2799 2278/3417/2789
f 2211/3311/2803 2278/3417/2789 2192/3280/2787
f 2211/3311/2803 2192/3280/2787 2150/3223/2804
f 2208/3308/2788 2019/3017/2526 1861/2765/2805
f 2019/3017/2526 2208/3308/2788 2280/3420/2527
f 1305/1965/2602 1245/1881/2806 1666/2500/2607
f 1305/1965/2602 1217/1843/2807 1245/1881/2806
f 1305/1965/2602 1224/1853/2601 1217/1843/2807
f 1245/1881/2806 1644/2474/2808 1666/2500/2607
f 46/70/2809 1217/1843/2807 59/89/2810
f 1217/1843/2807 52/78/2811 1245/1881/2806
f 1861/2765/2805 1644/2474/2808 1787/2662/2812
f 1861/2765/2805 1787/2662/2812 2018/3014/2813
f 2018/3014/2813 2150/3223/2804 2192/3280/2787
f 2018/3014/2813 2192/3280/2787 1861/2765/2805
f 2192/3280/2787 2208/3308/2788 1861/2765/2805
f 1644/2474/2808 1861/2765/2805 2019/3017/2526
f 2019/3017/2526 1666/2500/2607 1644/2474/2808
s 0
f 2334/3504/2814 2017/3013/2815 2313/3471/2816
s 1
f 1247/1884/2817 1644/2474/2808 1245/1881/2806
s 0
f 1245/1881/2818 52/78/2819 1247/1884/2820
s 1
f 1787/2662/2812 1644/2474/2808 1247/1884/2817
f 46/70/2809 52/78/2811 1217/1843/2807
f 1247/1884/2817 52/78/2811 1294/1951/2821
f 1787/2662/2812 1247/1884/2817 1629/2453/2822
f 2018/3014/2813 1787/2662/2812 1884/2805/2823
f 1884/2805/2823 2150/3223/2804 2018/3014/2813
f 1217/1843/2807 1224/1853/2601 59/89/2810
f 59/89/2810 1224/1853/2601 61/93/2608
f 59/89/2810 61/93/2608 132/190/2629
f 152/221/2824 59/89/2810 132/190/2629
f 502/764/2825 152/221/2824 132/190/2629
f 59/89/2810 152/221/2824 46/70/2809
f 1247/1884/2817 1294/1951/2821 1629/2453/2822
f 1787/2662/2812 1629/2453/2822 1884/2805/2823
f 2150/3223/2804 1884/2805/2823 1924/2868/2826
f 1924/2868/2826 1629/2453/2822 1316/1981/2827
f 1316/1981/2827 1629/2453/2822 1294/1951/2821
f 1629/2453/2822 1924/2868/2826 1884/2805/2823
f 52/78/2811 53/79/2828 40/61/2829
f 52/78/2811 40/61/2829 1294/1951/2821
s 0
f 1241/1877/2830 40/61/2831 53/79/2832
s 1
f 40/61/2829 1241/1877/2833 1294/1951/2821
f 53/79/2828 18/29/2834 1241/1877/2835
f 18/29/2834 96/142/2836 1232/1864/2837
f 1241/1877/2835 18/29/2834 1232/1864/2837
s 0
f 1241/1877/2838 1290/1946/2839 1294/1951/2840
s 1
f 1294/1951/2821 1290/1946/2841 1316/1981/2827
f 1316/1981/2827 1290/1946/2841 1720/2569/2842
f 1924/2868/2826 1316/1981/2827 1878/2793/2843
f 1878/2793/2843 2104/3154/2844 1924/2868/2826
f 2313/3471/2786 2282/3423/2799 2354/3534/2845
f 2354/3534/2846 2290/3433/2847 2175/3255/2848
f 1985/2962/2849 2175/3255/2848 1810/2693/2850
f 2175/3255/2848 1985/2962/2849 2345/3521/2851
f 1597/2413/2852 1810/2693/2850 1592/2406/2853
f 1592/2406/2853 1810/2693/2850 1491/2279/2854
f 1348/2026/2767 1810/2693/2850 1510/2303/2765
f 1810/2693/2850 1348/2026/2767 1491/2279/2854
f 1837/2730/2855 1483/2267/2766 1510/2303/2765
f 1810/2693/2850 2290/3433/2847 1510/2303/2765
f 1510/2303/2765 2290/3433/2847 1837/2730/2855
f 1837/2730/2855 2290/3433/2847 2187/3272/2856
s 0
f 2187/3273/2857 2290/3433/2858 2321/3483/2859
s 1
f 2321/3483/2860 2197/3293/2861 2250/3378/2862
f 2250/3379/2862 2197/3293/2861 2146/3216/2863
f 2104/3154/2844 1865/2770/2864 2146/3216/2863
f 1878/2793/2843 1865/2770/2864 2104/3154/2844
f 1316/1981/2827 1720/2569/2842 1878/2793/2843
f 1878/2793/2843 1720/2569/2842 1865/2770/2864
f 1865/2770/2864 2112/3164/2865 2146/3216/2863
f 502/764/2825 132/190/2629 509/774/2627
f 502/764/2825 509/774/2627 699/1032/2866
f 699/1032/2866 509/774/2627 801/1188/2628
f 1002/1496/2867 699/1032/2866 1060/1597/2630
f 1060/1597/2630 1191/1799/2631 1129/1699/2868
f 1060/1597/2630 1129/1699/2868 1108/1666/2869
f 1060/1597/2630 1108/1666/2869 1002/1496/2867
f 1129/1699/2868 1139/1715/2870 1108/1666/2869
f 1129/1699/2868 1181/1781/2871 1139/1715/2870
f 1181/1781/2871 1129/1699/2868 1191/1799/2631
s 0
f 1191/1799/2872 1015/1521/2873 1102/1658/2874
s 1
f 1015/1521/2697 663/983/2700 1022/1534/2875
f 1191/1799/2631 1102/1658/2876 1181/1781/2871
f 577/862/2877 1102/1658/2878 1022/1534/2875
f 577/862/2877 1022/1534/2875 663/983/2700
f 394/613/2879 577/862/2877 447/690/2880
f 577/862/2877 394/613/2879 659/978/2881
s 0
f 659/978/2882 394/613/2883 280/449/2884
f 1102/1658/2885 577/862/2886 659/978/2886
s 1
f 1102/1658/2887 659/978/2888 1073/1617/2889
s 0
f 1073/1617/2890 1181/1781/2891 1102/1658/2891
s 1
f 1125/1691/2892 1159/1747/2893 1073/1617/2889
f 1073/1617/2889 1159/1747/2893 1181/1781/2871
f 1096/1649/2894 1159/1747/2893 1111/1670/2895
f 1096/1649/2894 1181/1781/2871 1159/1747/2893
f 1181/1781/2871 1096/1649/2894 1139/1715/2870
s 0
f 1139/1715/2896 1096/1649/2897 1108/1666/2898
s 1
f 996/1487/2899 1062/1600/2900 989/1474/2901
f 1062/1600/2900 996/1487/2899 1096/1649/2894
f 1096/1649/2894 996/1487/2899 1108/1666/2869
f 996/1487/2899 951/1422/2902 850/1268/2903
f 951/1422/2902 842/1257/2904 850/1268/2903
f 850/1268/2903 1002/1496/2867 996/1487/2899
f 1108/1666/2869 996/1487/2899 1002/1496/2867
f 699/1032/2866 801/1188/2628 1060/1597/2630
f 850/1268/2903 502/764/2825 699/1032/2866
f 502/764/2825 850/1268/2903 652/968/2905
f 652/968/2905 850/1268/2903 842/1257/2904
f 652/968/2905 842/1257/2904 543/818/2906
f 152/221/2824 652/968/2905 120/174/2907
f 652/968/2905 152/221/2824 502/764/2825
f 152/221/2824 120/174/2907 46/70/2809
f 46/70/2809 120/174/2907 53/79/2828
f 52/78/2811 46/70/2809 53/79/2828
f 652/968/2905 543/818/2906 120/174/2907
f 53/79/2828 120/174/2907 126/183/2908
f 543/818/2906 126/183/2908 120/174/2907
f 135/195/2909 126/183/2908 543/818/2906
f 543/818/2906 666/987/2910 135/195/2909
f 666/987/2910 543/818/2906 732/1089/2911
f 126/183/2908 135/195/2909 53/79/2828
f 18/29/2834 53/79/2828 135/195/2909
f 18/29/2834 135/195/2909 96/142/2836
f 123/177/2912 96/142/2836 135/195/2909
f 135/195/2909 569/850/2913 123/178/2912
f 684/1009/2914 569/850/2913 845/1261/2915
f 666/987/2910 569/850/2913 135/195/2909
s 0
f 666/987/2916 845/1261/2917 569/850/2918
f 666/987/2919 732/1089/2920 845/1261/2921
s 1
f 684/1010/2914 845/1261/2915 948/1418/2922
f 1053/1581/2923 1111/1670/2895 1162/1750/2924
f 1111/1670/2895 1053/1581/2923 998/1489/2925
f 1111/1670/2895 998/1489/2925 954/1425/2926
f 1111/1670/2895 954/1425/2926 1062/1600/2900
f 1062/1600/2900 954/1425/2926 989/1474/2901
f 954/1425/2926 998/1489/2925 948/1418/2922
f 948/1418/2922 845/1261/2915 954/1425/2926
f 845/1261/2915 732/1089/2911 954/1425/2926
f 949/1420/2927 954/1425/2926 732/1089/2911
f 949/1420/2927 989/1474/2901 954/1425/2926
f 989/1474/2901 949/1420/2927 964/1438/2928
f 949/1420/2927 732/1089/2911 964/1438/2928
f 964/1438/2928 732/1089/2911 842/1257/2904
f 989/1474/2901 964/1438/2928 951/1422/2902
f 951/1422/2902 964/1438/2928 842/1257/2904
f 1111/1670/2895 1062/1600/2900 1096/1649/2894
f 1159/1747/2893 1125/1691/2892 1162/1750/2924
f 1073/1617/2889 642/953/2929 1125/1691/2892
f 642/953/2929 428/665/2930 370/581/2931
f 642/953/2929 659/978/2888 428/665/2930
s 0
f 428/665/2932 659/978/2933 435/675/2934
s 1
f 370/581/2931 428/665/2930 309/497/2935
f 370/582/2931 309/497/2935 351/552/2936
f 309/497/2935 428/665/2930 250/384/2937
f 309/497/2935 250/384/2937 351/552/2936
f 250/384/2937 428/665/2930 435/675/2938
f 435/675/2938 208/304/2939 250/384/2937
f 280/449/2940 208/304/2939 221/325/2941
f 208/304/2939 280/449/2940 251/387/2942
s 0
f 251/387/2943 402/625/2943 208/304/2943
f 402/625/2944 248/380/2944 208/304/2944
s 1
f 386/604/2945 456/701/2946 251/387/2947
f 577/862/2877 386/604/2945 366/574/2948
f 386/604/2945 577/862/2877 456/701/2946
f 577/862/2877 663/983/2700 456/701/2946
f 456/701/2946 663/983/2700 251/387/2947
f 663/983/2700 427/664/2949 251/387/2947
f 427/664/2949 319/511/2674 251/387/2947
f 663/983/2700 319/511/2674 427/664/2949
f 251/387/2947 319/511/2674 402/625/2673
f 699/1032/2866 1002/1496/2867 850/1268/2903
f 996/1487/2899 989/1474/2901 951/1422/2902
f 732/1089/2911 543/818/2906 842/1257/2904
s 0
f 1358/2044/2950 1348/2026/2950 1384/2105/2950
s 1
f 2104/3154/2844 2146/3216/2863 2197/3293/2861
f 1924/2868/2826 2104/3154/2844 2150/3223/2804
f 2197/3293/2861 2150/3223/2804 2104/3154/2844
f 2150/3223/2804 2197/3293/2861 2211/3311/2803
f 2211/3311/2803 2197/3293/2861 2282/3423/2799
f 2282/3423/2799 2197/3293/2861 2321/3483/2860
f 2282/3423/2799 2321/3483/2860 2354/3534/2845
s 0
f 2290/3433/2951 2354/3534/2952 2321/3483/2953
s 1
f 2175/3255/2848 2290/3433/2847 1810/2693/2850
f 1985/2962/2849 2299/3445/2954 2345/3521/2851
f 2299/3445/2954 1985/2962/2849 1983/2960/2779
f 2299/3445/2954 1983/2960/2779 2334/3504/2783
f 1983/2960/2779 1602/2418/2781 1706/2549/2772
f 1983/2960/2779 1594/2410/2955 1602/2418/2781
f 1983/2960/2779 1985/2962/2849 1594/2410/2955
f 1594/2410/2955 1810/2693/2850 1503/2294/2956
f 1810/2693/2850 1594/2410/2955 1985/2962/2849
f 1597/2413/2852 1442/2210/2957 1810/2693/2850
f 1810/2693/2850 1442/2210/2957 1503/2294/2956
f 1597/2413/2852 1358/2044/2958 1442/2210/2957
f 1358/2044/2958 1597/2413/2852 1592/2406/2853
s 0
f 1503/2294/2959 1442/2210/2960 1379/2093/2961
s 1
f 1379/2093/2782 1594/2410/2955 1503/2294/2956
f 1358/2044/2958 1592/2406/2853 1491/2279/2854
f 1491/2279/2854 1348/2026/2767 1358/2044/2958
f 1379/2093/2782 1602/2418/2781 1594/2410/2955
f 392/611/2702 319/511/2674 470/721/2962
f 663/983/2700 392/611/2702 470/721/2962
f 663/983/2700 470/721/2962 319/511/2674
f 366/574/2948 386/604/2945 251/387/2947
f 577/862/2877 366/574/2948 447/690/2880
f 394/613/2879 447/690/2880 366/574/2948
f 280/449/2963 394/613/2879 366/574/2948
f 280/449/2940 221/325/2941 431/670/2964
f 280/449/2940 431/670/2964 659/978/2965
f 221/325/2941 435/675/2938 659/978/2965
f 435/675/2938 221/325/2941 208/304/2939
f 221/325/2941 659/978/2965 431/670/2964
s 0
f 251/387/2966 280/449/2967 366/574/2968
f 1015/1521/2969 1022/1534/2970 1102/1658/2971
s 1
f 1162/1750/2924 1111/1670/2895 1159/1747/2893
f 642/953/2929 1073/1617/2889 659/978/2888
f 2047/3064/929 2021/3022/928 1946/2905/2565
f 2047/3064/929 1946/2905/2565 2033/3044/2567
s 0
f 2033/3044/2972 1933/2880/2973 2025/3030/2974
s 1
f 1948/2907/2975 1933/2880/2566 1874/2786/2568
f 1529/2327/2976 1766/2632/2558 1360/2047/2555
f 2086/3125/2977 2047/3065/2978 2059/3082/2979
s 0
f 2059/3082/2980 2047/3065/2981 2033/3045/2982
s 1
f 2153/3226/2983 2086/3125/2984 2125/3182/2985
f 2098/3144/2986 2086/3125/2984 2153/3226/2983
s 0
f 2088/3129/2987 2125/3182/2988 2086/3125/2989
s 1
f 2006/2992/2990 2059/3082/2979 2025/3031/2991
f 2006/2992/2990 2025/3031/2991 1966/2932/2992
f 1986/2963/2993 2006/2992/2990 1842/2739/2994
f 2088/3129/2995 2006/2992/2990 1986/2963/2993
f 2088/3129/2995 1986/2963/2993 1951/2911/2996
f 2089/3130/2997 2088/3129/2995 1951/2911/2996
f 2125/3182/2985 2088/3129/2995 2089/3130/2997
f 2153/3226/2983 2185/3268/2998 2098/3144/2986
s 0
f 2153/3226/2999 2154/3228/3000 2185/3268/3001
s 1
f 2025/3031/2991 2059/3082/2979 2033/3045/3002
f 1966/2932/2992 1781/2653/3003 1824/2709/3004
f 1781/2653/3003 1966/2932/2992 1770/2639/3005
f 1770/2639/3005 1966/2932/2992 1948/2908/2975
f 1781/2653/3003 1655/2488/3006 1677/2513/3007
f 1655/2488/3006 1781/2653/3003 1770/2639/3005
f 1770/2639/3005 1529/2328/2976 1655/2488/3006
s 0
f 1655/2488/3008 1529/2328/3009 1384/2104/3010
f 1677/2513/3011 1655/2488/3012 1384/2104/3013
s 1
f 1360/2048/2555 1384/2104/3014 1529/2328/2976
f 1529/2328/2976 1874/2787/2568 1766/2633/2558
f 1933/2881/2566 1948/2908/2975 2025/3031/2991
f 1770/2639/3005 1948/2908/2975 1874/2787/2568
f 1770/2639/3005 1874/2787/2568 1529/2328/2976
f 1948/2908/2975 1966/2932/2992 2025/3031/2991
s 0
f 1653/2485/3015 1677/2513/3016 1384/2104/3017
s 1
f 1781/2653/3003 1677/2513/3007 1824/2709/3004
f 1966/2932/2992 1824/2709/3004 1842/2739/2994
f 2006/2992/2990 1966/2932/2992 1842/2739/2994
f 1842/2739/2994 1824/2709/3004 1748/2607/3018
f 1824/2709/3004 1722/2572/3019 1748/2607/3018
f 2089/3130/2997 2075/3104/3020 2125/3182/2985
f 2153/3226/2983 2125/3182/2985 2075/3104/3020
f 2075/3104/3020 2072/3099/3021 2153/3226/2983
s 0
f 1653/2485/3022 1384/2104/3023 1663/2496/3024
f 1663/2496/3025 1816/2700/3026 1653/2485/3027
s 1
f 1881/2798/3028 1816/2700/3029 1649/2479/3030
f 1816/2700/3029 1663/2496/3031 1649/2479/3030
f 1663/2496/3031 1393/2121/3032 1649/2479/3030
f 1816/2700/3029 1881/2798/3028 1944/2901/3033
f 1944/2901/3033 1951/2911/2996 1816/2700/3029
f 1653/2485/3034 1816/2700/3029 1842/2739/2994
f 1653/2485/3034 1842/2739/2994 1748/2607/3018
f 1653/2485/3034 1748/2607/3018 1693/2532/3035
s 0
f 1653/2485/3036 1693/2532/3037 1677/2513/3038
f 1722/2572/3039 1693/2532/3040 1727/2578/3041
f 1693/2532/3042 1722/2572/3043 1677/2513/3044
s 1
f 1722/2572/3019 1727/2578/3045 1748/2607/3018
f 1727/2578/3045 1693/2532/3035 1748/2607/3018
f 1986/2963/2993 1842/2739/2994 1816/2700/3029
f 1951/2911/2996 2009/2996/3046 2089/3130/2997
f 1951/2911/2996 1944/2901/3033 2009/2996/3046
f 1816/2700/3029 1951/2911/2996 1986/2963/2993
s 0
f 1663/2496/3047 1384/2104/3048 1393/2121/3049
s 1
f 903/1354/1012 928/1393/3050 914/1370/2761
f 991/1476/3051 928/1393/3052 985/1468/3053
s 0
f 1069/1611/3054 993/1481/3055 1057/1592/3056
f 993/1482/3057 1069/1611/3058 991/1476/3057
f 928/1393/3059 991/1476/3060 968/1442/3061
f 968/1442/3062 991/1476/3063 941/1409/3064
s 1
f 968/1442/3065 835/1245/3066 884/1321/3067
f 835/1245/3066 968/1442/3065 904/1355/3068
f 553/831/3069 681/1006/3070 677/1002/3071
f 677/1002/3071 884/1321/3067 835/1245/3066
f 824/1226/3072 835/1245/3066 904/1355/3068
f 835/1245/3066 739/1100/3073 677/1002/3071
f 835/1245/3066 824/1226/3072 739/1100/3073
f 765/1137/3074 739/1100/3073 824/1226/3072
f 941/1409/3075 906/1358/3076 904/1355/3068
f 904/1355/3068 968/1442/3065 941/1409/3075
f 991/1476/3077 1001/1494/3078 941/1409/3075
f 731/1087/2736 757/1124/3079 636/945/2714
f 636/945/2714 757/1124/3079 558/837/3080
s 0
f 355/557/3081 636/945/3082 558/837/3083
f 285/458/3084 636/945/3085 355/557/3086
s 1
f 355/557/3087 402/626/2717 285/458/2716
f 877/1311/3088 865/1291/1015 890/1331/1013
f 877/1311/3088 890/1331/1013 914/1370/2761
f 914/1370/2761 928/1393/3050 968/1442/3089
s 0
f 877/1311/3090 914/1370/3091 968/1442/3092
s 1
f 877/1311/3088 968/1442/3065 884/1321/3067
f 757/1124/3079 877/1311/3088 792/1174/3093
f 877/1311/3088 757/1124/3079 865/1291/1015
f 757/1124/3079 640/951/3094 558/837/3080
f 640/951/3094 757/1124/3079 792/1174/3093
f 640/951/3094 792/1174/3093 646/959/3095
f 646/959/3095 681/1006/3070 537/811/3096
f 646/959/3095 537/811/3096 640/951/3094
f 640/951/3094 537/811/3096 508/772/3097
f 508/772/3097 355/557/3087 640/951/3094
s 0
f 355/557/3098 558/837/3099 640/951/3100
f 508/772/3101 537/811/3102 412/642/3103
f 553/831/3104 537/811/3105 681/1006/3106
f 553/831/3107 412/642/3108 537/811/3109
s 1
f 412/642/3110 553/831/3069 546/822/3111
s 0
f 546/822/3112 520/789/3113 412/642/3114
s 1
f 248/381/3115 412/642/3116 224/330/3117
s 0
f 224/330/3118 486/741/3119 400/620/3120
f 224/330/3121 412/642/3122 486/741/3123
f 486/741/3124 412/642/3125 520/789/3126
s 1
f 486/741/3127 520/789/3128 629/933/3129
f 520/789/3128 546/822/3111 677/1002/3071
f 520/789/3128 677/1002/3071 629/933/3129
f 677/1002/3071 546/822/3111 553/831/3069
f 884/1321/3067 646/959/3095 792/1174/3093
s 0
f 991/1476/3130 985/1468/3131 993/1482/3132
s 1
f 2006/2992/2990 2088/3129/2995 2059/3082/2979
f 2086/3125/2977 2059/3082/2979 2088/3129/2995
f 1677/2513/3007 1722/2572/3019 1824/2709/3004
s 0
f 2193/3287/3133 2185/3269/3134 2166/3245/3135
f 2185/3269/3136 2154/3229/3137 2161/3238/3138
f 2185/3269/3139 2161/3238/3139 2166/3245/3140
s 1
f 2166/3245/3141 2161/3238/3142 2071/3098/3143
f 2124/3181/1460 2087/3126/3144 2048/3067/1457
f 2079/3111/1456 2124/3181/1460 2048/3067/1457
f 2124/3181/1460 2166/3245/3145 2087/3126/3144
f 2072/3100/3021 2071/3098/3143 2161/3238/3142
f 2072/3100/3021 2161/3238/3142 2154/3229/3146
f 2072/3100/3021 2154/3229/3146 2153/3227/2983
f 2075/3105/3020 2089/3131/2997 2055/3077/3147
f 2089/3131/2997 2009/2997/3046 2055/3077/3147
f 2075/3105/3020 2055/3077/3147 2072/3100/3021
f 2072/3100/3021 2024/3028/3148 2071/3098/3143
f 2024/3028/3148 2072/3100/3021 2055/3077/3147
f 1999/2981/3149 2087/3126/3144 2024/3028/3148
f 2024/3028/3148 2087/3126/3144 2071/3098/3143
s 0
f 2071/3098/3150 2087/3126/3151 2166/3245/3152
s 1
f 1935/2883/3153 1972/2941/1444 2048/3067/1457
f 1769/2638/3154 1848/2746/1443 1850/2750/1445
f 1593/2408/3155 1769/2638/3156 1640/2469/3157
f 1935/2883/3153 1850/2750/1445 1972/2941/1444
f 1829/2717/3158 1850/2750/1445 1935/2883/3153
s 0
f 1829/2717/3159 1793/2670/3160 1349/2028/3161
f 1434/2199/3162 1829/2717/3163 1349/2028/3164
s 1
f 1858/2760/3165 1793/2670/3166 1829/2717/3158
f 1829/2717/3158 1935/2883/3153 1858/2760/3165
f 1943/2898/3167 1858/2760/3165 1935/2883/3153
f 2032/3041/3168 1943/2898/3167 1935/2883/3153
f 2032/3041/3168 1935/2883/3153 2048/3067/1457
f 2048/3067/1457 2087/3126/3144 2032/3041/3168
f 2007/2993/3169 2055/3077/3147 2009/2997/3046
f 2009/2997/3046 1937/2888/3170 2007/2993/3169
s 0
f 1069/1612/3171 1057/1593/3172 1036/1554/3173
s 1
f 1036/1554/3174 982/1463/3175 1069/1612/3176
s 0
f 1001/1495/3177 991/1477/3178 1069/1612/3179
f 982/1463/3180 1001/1495/3181 1069/1612/3182
s 1
f 1009/1509/3183 982/1463/3175 1036/1554/3174
f 926/1390/3184 982/1463/3175 1009/1509/3183
f 870/1301/3185 982/1463/3175 926/1390/3184
f 870/1301/3185 1001/1495/3186 982/1463/3175
f 904/1356/3068 906/1359/3076 824/1227/3072
f 824/1227/3072 906/1359/3076 846/1262/3187
f 896/1341/3188 906/1359/3076 941/1410/3075
f 906/1359/3076 896/1341/3188 846/1262/3187
f 896/1341/3188 848/1265/3189 846/1262/3187
f 603/898/3190 739/1099/3073 765/1138/3074
f 824/1227/3072 846/1262/3187 765/1138/3074
f 603/898/3190 765/1138/3074 594/883/3191
f 765/1138/3074 848/1265/3189 771/1146/3192
f 848/1265/3189 765/1138/3074 846/1262/3187
s 0
f 248/381/3193 402/626/3194 508/772/3195
s 1
f 402/626/2717 355/557/3087 508/772/3097
s 0
f 508/772/3196 412/642/3197 248/381/3198
s 1
f 884/1321/3067 677/1002/3071 681/1006/3070
f 884/1321/3067 792/1174/3093 877/1311/3088
f 646/959/3095 884/1321/3067 681/1006/3070
f 874/1308/2245 871/1303/3199 923/1385/2246
f 1009/1509/3183 923/1385/2246 926/1390/3184
f 637/947/2249 593/882/3200 675/1000/2247
f 593/882/3200 637/947/2249 403/628/2251
f 593/882/3200 403/628/2251 452/695/3201
f 874/1308/2245 820/1219/2248 747/1110/3202
f 747/1110/3202 820/1219/2248 675/1000/2247
f 874/1308/2245 747/1110/3202 871/1303/3199
f 923/1385/2246 871/1303/3199 868/1296/3203
f 815/1210/3204 871/1303/3199 747/1110/3202
f 747/1110/3202 675/1000/2247 658/977/3205
s 0
f 593/882/3206 452/695/3207 410/639/3208
f 452/695/3209 403/629/3210 207/301/3211
s 1
f 207/301/3212 278/444/3213 410/639/3214
f 669/991/3215 658/977/3205 278/444/3213
f 658/977/3205 669/991/3215 720/1066/3216
s 0
f 870/1301/3217 896/1341/3218 1001/1495/3219
s 1
f 923/1385/2246 868/1296/3203 926/1390/3184
f 870/1301/3185 926/1390/3184 868/1296/3203
f 815/1210/3204 868/1296/3203 871/1303/3199
f 815/1210/3204 747/1110/3202 720/1066/3216
f 720/1066/3216 747/1110/3202 658/977/3205
f 658/977/3205 675/1000/2247 593/882/3200
f 410/639/3220 658/977/3205 593/882/3200
s 0
f 278/444/3221 658/977/3222 410/639/3223
f 452/695/3224 207/301/3225 410/639/3226
s 1
f 1001/1495/3078 896/1341/3188 941/1410/3075
f 1414/2168/2553 1384/2105/3014 1360/2049/2555
f 757/1125/3079 731/1088/2736 865/1292/1015
f 793/1176/2735 865/1292/1015 731/1088/2736
f 1361/2051/3227 1437/2202/3228 1384/2106/3229
f 1437/2202/3228 1476/2257/3230 1406/2149/3231
f 1384/2106/3229 1437/2202/3228 1393/2122/3232
f 1406/2149/3231 1388/2113/3233 1437/2202/3228
f 2090/3132/3234 1691/2529/3235 1406/2149/3231
s 0
f 2090/3132/3236 2097/3142/3237 2303/3450/3238
f 2295/3439/3239 2090/3132/3240 2303/3450/3241
s 1
f 2285/3426/3242 2303/3450/3243 2260/3393/3244
f 2100/3146/3245 1867/2774/3246 2132/3192/3247
f 2132/3192/3247 2110/3161/3248 2100/3146/3245
f 2132/3192/3247 2263/3396/3249 2260/3393/3244
f 2260/3393/3244 2263/3396/3249 2285/3426/3242
s 0
f 2260/3393/3250 2110/3161/3251 2132/3192/3252
s 1
f 2298/3444/3253 2303/3450/3243 2097/3142/3254
f 2303/3450/3243 2298/3444/3253 2260/3393/3244
f 2262/3395/3255 2260/3393/3244 2298/3444/3253
s 0
f 1774/2644/3256 2298/3444/3257 2097/3142/3258
f 1774/2644/3259 2097/3142/3260 1588/2402/3261
s 1
f 1455/2230/3262 1456/2231/3263 1774/2644/3264
f 1588/2402/3265 1437/2202/3228 1455/2230/3262
f 1455/2230/3262 1774/2644/3264 1588/2402/3265
f 1588/2402/3265 2097/3142/3266 1476/2257/3230
f 1406/2149/3231 1476/2257/3230 2097/3142/3266
f 2090/3132/3234 1406/2149/3231 2097/3142/3266
f 1588/2402/3265 1476/2257/3230 1437/2202/3228
s 0
f 1456/2231/3267 1455/2230/3268 1361/2051/3269
f 1456/2231/3270 1361/2051/3271 1534/2334/3272
s 1
f 1506/2298/3273 1534/2334/3274 1361/2051/3275
f 1774/2644/3264 1456/2231/3263 1534/2334/3274
s 0
f 1774/2644/3276 1837/2731/3277 2170/3250/3278
s 1
f 1774/2644/3264 1534/2334/3274 1506/2298/3273
f 1837/2731/2855 1774/2644/3264 1506/2298/3273
f 1606/2423/3279 1506/2298/3273 1361/2051/3275
f 1837/2731/2855 1506/2298/3273 1606/2423/3279
f 1837/2731/2855 1511/2304/3280 1483/2268/2766
f 1511/2304/3280 1837/2731/2855 1537/2338/3281
f 1837/2731/2855 1606/2423/3279 1537/2338/3281
f 1537/2338/3281 1606/2423/3279 1361/2051/3275
f 1511/2304/3280 1537/2338/3281 1361/2051/3275
f 1483/2269/2766 1361/2051/3282 1348/2027/2767
s 0
f 1361/2051/3283 1483/2269/3284 1511/2304/3285
s 1
f 1455/2230/3262 1437/2202/3228 1361/2051/3227
s 0
f 2170/3250/3286 1837/2731/3287 2187/3274/3288
f 2170/3250/3289 2321/3484/3290 2298/3444/3291
f 2321/3484/3292 2170/3250/3293 2187/3274/3294
f 1774/2644/3295 2170/3250/3296 2298/3444/3297
s 1
f 2262/3395/3255 2298/3444/3253 2279/3418/3298
f 2262/3395/3255 2279/3418/3298 2221/3325/3299
f 2136/3200/3300 2221/3325/3299 2279/3418/3298
f 2136/3200/3300 2058/3081/3301 2109/3160/3302
f 2058/3081/3301 1920/2861/3303 2109/3160/3302
f 1686/2524/3304 1920/2861/3303 2058/3081/3301
f 2112/3165/2865 2058/3081/3301 2136/3200/3300
f 2112/3165/2865 2136/3200/3300 2146/3217/2863
f 2058/3081/3301 2112/3165/2865 1865/2771/2864
f 2058/3081/3301 1865/2771/2864 1686/2524/3304
f 2136/3200/3300 2279/3418/3298 2146/3217/2863
f 2250/3380/2862 2279/3418/3298 2298/3444/3253
f 2250/3380/2862 2298/3444/3253 2321/3484/2860
f 2250/3380/2862 2146/3217/2863 2279/3418/3298
f 2109/3160/3302 2145/3215/3305 2136/3200/3300
f 2221/3325/3299 2136/3200/3300 2145/3215/3305
f 1898/2824/3306 2109/3160/3302 1920/2861/3303
f 2145/3215/3305 2109/3160/3302 1898/2824/3306
f 2145/3215/3305 1898/2824/3306 2110/3161/3248
f 1898/2824/3306 1920/2861/3303 1686/2524/3304
f 1898/2824/3306 1686/2524/3304 1650/2481/3307
f 1686/2524/3304 1256/1894/3308 1650/2481/3307
f 37/56/3309 17/27/3310 41/62/3311
f 8/11/3312 41/62/3311 17/27/3310
f 8/11/3312 17/27/3310 1256/1894/3308
f 1720/2570/2842 1686/2524/3304 1865/2771/2864
f 1686/2524/3304 1720/2570/2842 1256/1894/3308
f 8/11/3312 1256/1894/3308 1251/1888/3313
f 8/11/3312 1251/1888/3313 1232/1863/2837
f 1232/1863/2837 96/143/2836 8/11/3312
f 96/143/2836 41/62/3311 8/11/3312
f 41/62/3311 96/143/2836 123/179/2912
f 123/179/2912 569/851/2913 167/243/3314
f 123/179/2912 105/156/3315 41/62/3311
f 1251/1888/3313 1720/2570/2842 1290/1944/2841
f 1251/1888/3313 1290/1945/2841 1232/1863/2837
f 1251/1888/3313 1256/1894/3308 1720/2570/2842
f 1650/2481/3307 1256/1894/3308 1303/1961/3316
f 2260/3393/3244 2262/3395/3255 2145/3215/3305
f 2110/3161/3248 2260/3393/3244 2145/3215/3305
f 2262/3395/3255 2221/3325/3299 2145/3215/3305
s 0
f 248/382/2340 224/331/2340 208/305/2340
s 1
f 224/331/3317 214/315/3318 208/305/2939
f 249/383/3319 294/472/3320 307/494/3321
f 294/472/3320 249/383/3319 460/707/3322
f 350/551/3323 689/1020/3324 249/383/3319
f 460/707/3322 249/383/3319 689/1020/3324
f 294/472/3320 460/707/3322 642/954/2929
f 294/472/3320 642/954/2929 307/494/3321
f 307/494/3321 642/954/2929 370/583/2931
f 307/494/3321 351/553/2936 249/383/3319
f 208/305/2939 249/383/3319 250/385/2937
s 0
f 250/386/3325 249/383/3326 351/553/3327
f 1162/1751/3328 1125/1692/3329 1160/1748/3330
s 1
f 1053/1582/2923 1162/1751/2924 1166/1756/3331
f 1053/1582/2923 1085/1633/3332 998/1490/2925
f 998/1490/2925 1085/1633/3332 962/1435/3333
f 1140/1716/3334 1038/1557/3335 1085/1633/3332
f 1085/1633/3332 1053/1582/2923 1166/1756/3331
s 0
f 1160/1748/3336 1166/1756/3337 1162/1751/3338
s 1
f 1166/1756/3331 1160/1748/3339 1085/1633/3332
f 1085/1633/3332 1160/1748/3339 1140/1716/3334
f 689/1020/3324 1160/1748/3340 1125/1692/2892
f 798/1183/3341 1160/1748/3340 689/1020/3324
f 642/954/2929 689/1020/3324 1125/1692/2892
f 307/494/3321 370/583/2931 351/553/2936
f 1133/1705/3342 1160/1748/3339 1177/1775/3343
f 1160/1748/3339 1133/1705/3342 1140/1716/3334
f 1140/1716/3334 1133/1705/3342 1038/1557/3335
f 1045/1569/3344 1038/1557/3335 1133/1705/3342
f 1038/1557/3335 1045/1569/3344 999/1491/3345
f 1038/1557/3335 999/1491/3345 962/1435/3333
f 940/1408/3346 806/1195/3347 751/1114/3348
f 806/1195/3347 499/759/3349 751/1114/3348
f 499/759/3349 167/244/3314 751/1114/3348
f 940/1408/3346 751/1114/3348 962/1435/3333
f 940/1408/3346 962/1435/3333 999/1491/3345
f 1085/1633/3332 1038/1557/3335 962/1435/3333
f 939/1407/3350 962/1435/3333 751/1114/3348
f 962/1435/3333 939/1407/3350 998/1490/2925
f 948/1419/2922 998/1490/2925 939/1407/3350
f 684/1011/2914 939/1407/3350 751/1114/3348
f 948/1419/2922 939/1407/3350 684/1011/2914
f 167/244/3314 684/1011/2914 751/1114/3348
f 105/157/3315 123/180/2912 167/244/3314
f 684/1011/2914 167/244/3314 569/852/2913
f 642/954/2929 460/707/3322 689/1020/3324
f 689/1020/3324 350/551/3323 798/1183/3341
f 208/305/2939 214/315/3318 361/568/3351
f 361/568/3351 350/551/3323 249/383/3319
f 249/383/3319 208/305/2939 361/568/3351
f 629/933/3129 603/897/3190 486/741/3127
f 629/933/3129 677/1002/3071 739/1100/3073
f 629/933/3129 739/1100/3073 603/897/3190
f 2009/2998/3046 1944/2902/3033 1937/2885/3170
f 1881/2799/3028 1649/2480/3030 1569/2379/3352
f 1937/2885/3170 1944/2902/3033 1881/2799/3028
f 1801/2681/3353 1881/2799/3028 1569/2379/3352
f 1937/2886/3170 1881/2799/3028 1801/2681/3353
f 1327/1996/3354 1801/2681/3353 1569/2379/3352
s 0
f 1569/2379/3355 1649/2480/3356 1393/2123/3357
f 1393/2123/3358 1327/1996/3359 1569/2379/3360
s 1
f 1374/2084/3361 1393/2124/3362 1388/2114/3363
s 0
f 1388/2114/3364 1393/2124/3364 1437/2203/3364
s 1
f 1388/2114/3365 1538/2339/3366 1481/2265/3367
f 1374/2084/3361 1327/1997/3354 1393/2125/3362
f 1323/1992/3368 1327/1997/3354 1374/2084/3361
f 1327/1997/3354 1323/1992/3368 1801/2682/3353
f 1827/2713/3369 1801/2682/3353 1323/1992/3368
f 1827/2713/3369 1323/1992/3368 1394/2126/3370
f 1937/2887/3170 1801/2682/3353 1916/2853/3371
f 1916/2853/3371 1801/2682/3353 1827/2713/3369
f 1806/2688/3372 1916/2853/3371 1827/2713/3369
f 1806/2688/3372 1775/2645/3373 1851/2751/3374
f 1782/2654/3375 1851/2751/3374 1775/2645/3373
f 1923/2867/3376 1851/2751/3374 1782/2654/3375
f 1849/2747/3377 1782/2654/3375 1786/2660/3378
f 1923/2867/3376 1849/2747/3377 1943/2899/3167
f 1782/2654/3375 1849/2747/3377 1923/2867/3376
f 2087/3127/3144 1999/2982/3149 1943/2899/3167
f 1943/2899/3167 1999/2982/3149 1923/2867/3376
f 2024/3029/3148 1923/2867/3376 1999/2982/3149
f 1923/2867/3376 2024/3029/3148 1998/2980/3379
f 2055/3076/3147 1998/2980/3379 2024/3029/3148
f 1388/2114/3233 1406/2150/3231 1444/2212/3380
f 1444/2212/3380 1406/2151/3231 1691/2530/3235
f 2129/3188/3381 1690/2528/3382 2090/3133/3234
f 1690/2528/3382 1691/2530/3235 2090/3133/3234
f 1690/2528/3382 1444/2212/3380 1691/2530/3235
s 0
f 1388/2114/3383 1444/2212/3384 1486/2273/3385
s 1
f 2129/3188/3381 1697/2536/3386 1690/2528/3382
f 1533/2333/3387 1697/2536/3386 1555/2361/3388
f 1388/2114/3365 1555/2361/3388 1697/2536/3386
f 1496/2285/3389 1555/2361/3388 1388/2114/3365
f 1555/2361/3388 1496/2285/3389 1533/2333/3387
f 1533/2333/3387 1690/2528/3382 1697/2536/3386
f 1690/2528/3382 1533/2333/3387 1486/2273/3390
f 1690/2528/3382 1486/2273/3390 1444/2212/3380
s 0
f 1388/2114/3391 1486/2273/3392 1496/2285/3393
s 1
f 1496/2285/3389 1486/2273/3390 1533/2333/3387
f 1388/2114/3365 1697/2536/3386 1538/2339/3366
f 1481/2265/3367 1538/2339/3366 1546/2347/3394
f 1481/2265/3367 1546/2347/3394 1525/2322/3395
f 1546/2347/3394 1835/2726/3396 1560/2366/3397
f 1835/2726/3396 1546/2347/3394 1538/2339/3366
f 2238/3357/3398 1835/2726/3396 2182/3264/3399
f 2182/3264/3399 1835/2726/3396 1538/2339/3366
f 1538/2339/3366 1697/2536/3386 2182/3264/3399
f 2182/3264/3399 1697/2536/3386 2129/3188/3381
f 1374/2084/3361 1394/2126/3370 1323/1992/3368
f 1827/2713/3369 1394/2126/3370 1536/2337/3400
f 1827/2713/3369 1536/2337/3400 1806/2688/3372
f 1536/2337/3400 1394/2126/3370 1332/2002/3401
s 0
f 1332/2002/3402 1381/2095/3403 1418/2174/3404
s 1
f 1418/2174/3405 1786/2660/3378 1782/2654/3375
f 1418/2174/3405 1782/2654/3375 1775/2645/3373
f 1418/2174/3405 1775/2645/3373 1332/2002/3406
f 1332/2002/3406 1775/2645/3373 1806/2688/3372
s 0
f 1806/2688/3407 1536/2337/3408 1332/2002/3409
s 1
f 1381/2095/3410 1374/2084/3361 1388/2114/3363
f 1381/2095/3410 1388/2114/3363 1405/2147/3411
f 1374/2084/3361 1381/2095/3410 1332/2002/3401
f 1374/2084/3361 1332/2002/3401 1394/2126/3370
f 214/315/3318 761/1131/3412 333/532/3413
f 214/315/3318 333/532/3413 247/379/3414
f 214/315/3318 247/379/3414 361/568/3351
f 350/551/3323 361/568/3351 798/1183/3341
f 798/1183/3341 361/568/3351 247/379/3414
f 247/379/3414 333/532/3413 798/1183/3341
f 798/1183/3341 333/532/3413 761/1131/3412
f 761/1131/3412 1123/1688/3415 798/1183/3341
s 0
f 1160/1748/3416 798/1183/3417 1177/1775/3418
s 1
f 1123/1688/3415 1177/1775/3419 798/1183/3341
f 1177/1775/3343 1067/1605/3420 1132/1704/3421
f 1132/1704/3421 1067/1606/3420 1045/1569/3344
f 1133/1705/3342 1132/1704/3421 1045/1569/3344
f 1177/1775/3343 1132/1704/3421 1133/1705/3342
f 400/621/3422 486/742/3127 603/898/3190
f 400/621/3422 603/898/3190 594/883/3191
f 400/621/3422 594/883/3191 206/298/3423
f 594/883/3191 765/1138/3074 771/1146/3192
f 771/1146/3192 848/1265/3189 769/1142/3424
f 594/883/3191 204/295/3425 206/298/3423
f 400/621/3422 206/298/3423 224/332/3426
s 0
f 204/296/3427 224/333/3428 206/299/3429
s 1
f 204/296/3425 197/285/3430 224/333/3431
f 197/285/3430 204/296/3425 531/805/3432
f 244/372/3433 621/923/3434 532/806/3435
f 244/372/3433 532/806/3435 277/443/3436
s 0
f 224/334/3437 197/285/3437 214/316/3437
s 1
f 214/316/3318 282/451/3438 290/466/3439
s 0
f 290/466/3440 282/451/3441 383/600/3442
s 1
f 356/558/3443 383/600/3444 282/451/3445
f 313/501/3446 282/451/3447 267/421/3448
f 210/307/3449 313/501/3446 267/421/3448
f 297/477/3450 267/421/3448 332/531/3451
s 0
f 282/451/3452 214/316/3452 197/285/3452
s 1
f 282/451/3447 197/285/3430 267/421/3448
f 267/421/3448 197/285/3430 244/372/3433
f 244/372/3433 277/443/3436 267/421/3448
f 267/421/3448 344/543/3453 217/320/3454
f 267/421/3448 277/443/3436 344/543/3453
f 598/890/3455 344/543/3453 277/443/3436
f 344/543/3453 598/890/3455 620/921/3456
f 277/443/3436 532/806/3435 598/890/3455
f 532/806/3435 621/923/3434 769/1143/3424
f 532/806/3435 769/1143/3424 789/1170/3457
f 532/806/3435 789/1170/3457 746/1109/3458
f 789/1170/3457 769/1143/3424 870/1302/3185
f 870/1302/3185 769/1143/3424 848/1266/3189
f 758/1126/3459 789/1170/3457 870/1302/3185
f 746/1109/3458 789/1170/3457 758/1126/3459
f 868/1297/3203 758/1126/3459 870/1302/3185
f 746/1109/3458 758/1126/3459 620/921/3456
f 598/890/3455 746/1109/3458 620/921/3456
f 746/1109/3458 598/890/3455 532/806/3435
f 769/1143/3424 621/923/3434 531/805/3432
f 197/285/3430 621/923/3434 244/372/3433
f 531/805/3432 621/923/3434 197/285/3430
f 531/805/3432 204/296/3425 594/884/3191
f 769/1143/3424 531/805/3432 771/1147/3192
f 771/1147/3192 531/805/3432 594/884/3191
f 870/1302/3185 848/1266/3189 896/1342/3188
f 1290/1946/2841 1241/1877/2835 1232/1864/2837
f 1067/1606/3420 1004/1499/3460 1045/1569/3344
f 1004/1499/3460 750/1113/3461 999/1491/3345
s 0
f 581/867/3462 122/176/3463 499/759/3464
s 1
f 140/202/3465 499/759/3349 122/176/3466
f 37/57/3309 140/202/3465 122/176/3466
f 499/759/3349 140/202/3465 105/157/3315
f 750/1113/3461 499/759/3349 806/1195/3347
f 940/1408/3346 750/1113/3461 806/1195/3347
f 999/1491/3345 750/1113/3461 940/1408/3346
f 1004/1499/3460 999/1491/3345 1045/1569/3344
f 750/1113/3461 1004/1499/3460 752/1115/3467
f 752/1115/3467 694/1025/3468 750/1113/3461
s 0
f 750/1113/3469 694/1025/3470 581/867/3471
s 1
f 581/867/3472 694/1025/3468 505/767/3473
f 105/157/3315 140/202/3465 37/57/3309
f 105/157/3315 37/57/3309 41/63/3311
f 105/157/3315 167/244/3314 499/759/3349
f 581/867/3474 499/759/3349 750/1113/3461
f 37/57/3309 122/176/3466 91/136/3475
f 122/176/3466 100/149/3476 91/136/3475
s 0
f 37/57/3477 91/136/3478 5/7/3479
f 37/57/3480 5/7/3481 17/28/3482
f 1284/1937/3483 5/7/3484 1307/1967/3485
f 1307/1967/3486 1762/2626/3487 1284/1937/3488
s 1
f 1762/2626/3489 1307/1967/3490 1709/2552/3491
f 1284/1937/3492 1303/1962/3316 5/7/3493
f 5/7/3493 1303/1962/3316 17/28/3310
f 1256/1895/3308 17/28/3310 1303/1962/3316
f 1650/2482/3307 1303/1962/3316 1762/2626/3494
f 1303/1962/3316 1284/1937/3492 1762/2626/3494
f 1931/2877/3495 2100/3147/3245 2110/3162/3248
f 1931/2877/3495 2110/3162/3248 1898/2825/3306
s 0
f 1931/2877/3496 1898/2825/3497 1650/2482/3498
s 1
f 1931/2877/3499 1650/2482/3307 1762/2626/3494
s 0
f 100/149/3500 122/176/3501 581/867/3502
f 5/7/3503 91/136/3504 85/123/3505
s 1
f 91/136/3475 100/149/3476 11/15/3506
f 91/136/3475 11/15/3506 85/123/3507
f 5/7/3508 85/123/3509 1307/1967/3510
f 1709/2552/3511 1867/2775/3246 1931/2877/3495
s 0
f 1709/2552/3512 1931/2877/3513 1762/2626/3514
s 1
f 2100/3147/3245 1931/2877/3495 1867/2775/3246
f 2129/3188/3515 2295/3440/3516 2323/3487/3517
s 0
f 2295/3440/3518 2129/3188/3519 2090/3133/3520
s 1
f 2295/3440/3516 2285/3427/3242 2206/3305/3521
f 2285/3427/3242 2295/3440/3516 2303/3451/3243
f 2285/3427/3242 2263/3397/3249 2206/3305/3521
f 2132/3193/3247 2133/3194/3522 2263/3397/3249
f 2133/3194/3522 2132/3193/3247 1867/2776/3246
s 0
f 1709/2553/3523 1307/1968/3524 1285/1938/3525
s 1
f 1709/2553/3526 1285/1938/3527 1637/2463/3528
f 1285/1938/3529 1307/1968/3510 85/124/3509
s 0
f 1237/1871/3530 1286/1939/3531 1285/1938/3532
f 1237/1871/3533 1285/1938/3534 1238/1873/3535
s 1
f 1637/2463/3528 1285/1938/3527 1286/1939/3536
f 1733/2585/3537 1945/2903/3538 1637/2463/3528
f 1945/2903/3538 1733/2585/3537 1911/2846/3539
f 85/124/3509 1238/1873/3540 1285/1938/3529
f 2202/3299/3541 2323/3487/3517 2206/3305/3521
s 0
f 2305/3454/3542 2129/3188/3543 2323/3487/3544
f 2129/3188/3545 2305/3454/3546 2182/3264/3547
s 1
f 2323/3487/3517 2226/3335/3548 2305/3454/3549
s 0
f 2238/3357/3550 2182/3264/3551 2305/3454/3552
s 1
f 2133/3194/3522 2114/3167/3553 2206/3305/3521
f 2114/3167/3553 2133/3194/3522 1911/2846/3539
f 1911/2846/3539 2133/3194/3522 1945/2903/3538
f 2206/3305/3521 2114/3167/3553 2202/3299/3541
f 2206/3305/3521 2323/3487/3517 2295/3440/3516
f 2206/3305/3521 2263/3397/3249 2133/3194/3522
f 1945/2903/3538 2133/3194/3522 1867/2776/3246
s 0
f 1709/2553/3554 1637/2463/3555 1867/2776/3556
s 1
f 1867/2776/3246 1637/2463/3528 1945/2903/3538
f 1733/2585/3537 1637/2463/3528 1286/1939/3536
s 0
f 85/125/3557 82/119/3558 1238/1874/3559
f 85/125/3560 11/16/3561 82/119/3562
s 1
f 82/119/3563 11/16/3506 100/150/3476
f 100/150/3476 581/868/3472 505/768/3473
f 505/768/3473 694/1026/3468 752/1116/3467
f 100/150/3476 505/768/3473 501/763/3564
f 100/150/3476 501/763/3564 124/181/3565
f 100/150/3476 124/181/3565 82/119/3563
f 860/1283/3566 501/763/3564 752/1116/3467
f 752/1116/3467 501/763/3564 505/768/3473
f 752/1116/3467 1004/1500/3460 936/1403/3567
f 936/1403/3567 1004/1500/3460 1067/1607/3420
f 1156/1743/3568 1067/1607/3420 1177/1776/3343
f 1177/1777/3343 1031/1543/3452 1156/1743/3568
s 0
f 1177/1777/3569 1123/1689/3570 1031/1543/3571
f 1031/1543/3572 1095/1648/3573 1150/1734/3574
s 1
f 586/873/3575 1120/1684/3576 1095/1648/3577
f 586/873/3575 814/1208/3578 1120/1684/3576
f 648/961/3579 586/873/3575 297/477/3450
f 297/477/3450 586/873/3575 210/307/3449
f 297/477/3450 210/307/3449 267/421/3448
f 297/477/3450 332/531/3451 461/708/3580
s 0
f 258/399/3581 332/531/3582 267/421/3581
s 1
f 1238/1874/3583 82/119/3584 1237/1872/3585
s 0
f 82/119/3586 76/111/3587 1237/1872/3588
s 1
f 1286/1940/3536 1237/1872/3589 1250/1887/3590
f 1733/2586/3537 1286/1940/3536 1250/1887/3590
f 1250/1887/3590 1660/2493/3591 1733/2586/3537
f 1250/1887/3590 1237/1872/3589 3/4/3592
f 3/4/3592 1237/1872/3589 76/111/3593
f 3/4/3592 76/111/3593 28/44/3594
f 154/224/3595 28/44/3594 76/111/3593
f 607/903/3596 154/224/3595 104/155/3597
f 104/155/3597 154/224/3595 76/111/3593
f 693/1024/3598 547/823/3599 501/763/3600
s 0
f 501/763/3601 547/823/3602 104/155/3603
f 693/1024/3604 501/763/3605 860/1283/3606
s 1
f 860/1283/3566 936/1403/3567 958/1430/3607
f 1024/1536/3608 958/1430/3607 936/1403/3567
f 958/1430/3607 693/1024/3598 860/1283/3566
s 0
f 124/181/3609 501/763/3610 104/155/3611
s 1
f 124/181/3565 104/155/3597 76/111/3593
f 76/111/3593 82/119/3563 124/181/3565
f 936/1403/3567 860/1283/3566 752/1116/3467
f 936/1403/3567 1067/1607/3420 1024/1536/3608
s 0
f 1156/1743/3612 1031/1543/3613 1150/1734/3614
s 1
f 1095/1648/3615 1192/1800/3616 1150/1734/3617
f 1074/1618/3618 958/1430/3607 1024/1536/3608
f 1074/1618/3618 803/1190/3619 958/1430/3607
f 547/823/3599 693/1024/3598 803/1190/3619
f 958/1430/3607 803/1190/3619 693/1024/3598
f 803/1190/3619 950/1421/3620 713/1055/3621
f 803/1190/3619 713/1055/3621 607/903/3596
f 607/903/3596 713/1055/3621 545/820/3622
f 607/903/3596 545/820/3622 154/224/3595
f 803/1190/3619 607/903/3596 547/823/3599
f 104/155/3597 547/823/3599 607/903/3596
f 154/224/3595 142/205/3623 28/44/3594
f 28/44/3594 1239/1875/3624 3/4/3592
f 154/224/3595 545/820/3622 142/205/3623
f 142/205/3623 90/134/3625 28/44/3594
f 29/45/3626 28/44/3594 90/134/3625
f 29/45/3626 1255/1892/3627 1239/1875/3624
f 1255/1892/3627 1302/1960/3628 1239/1875/3624
f 28/44/3594 29/45/3626 1239/1875/3624
f 3/4/3592 1239/1875/3624 1302/1960/3628
f 1024/1536/3608 1150/1734/3629 1074/1618/3618
f 1150/1734/3629 1024/1536/3608 1156/1743/3568
f 1024/1536/3608 1067/1607/3420 1156/1743/3568
s 0
f 1192/1800/3630 1095/1648/3631 1120/1684/3632
f 1192/1800/3633 1074/1618/3634 1150/1734/3635
s 1
f 950/1421/3620 1061/1598/3636 847/1263/3637
f 713/1055/3621 950/1421/3620 847/1263/3637
s 0
f 586/873/3638 1095/1648/3639 356/558/3640
s 1
f 282/451/3447 586/873/3575 347/547/3641
f 586/873/3575 648/961/3579 814/1208/3578
f 210/307/3449 586/873/3575 313/501/3446
s 0
f 356/558/3642 1095/1648/3643 653/969/3644
s 1
f 653/969/3645 1095/1648/3646 1031/1543/3647
f 653/969/3645 1031/1543/3647 761/1132/3412
f 1123/1689/3415 761/1132/3412 1031/1543/3647
f 653/969/3645 761/1132/3412 290/466/3439
f 290/466/3439 761/1132/3412 214/316/3318
f 290/466/3439 383/600/3444 653/969/3645
f 586/873/3575 356/558/3648 347/547/3641
s 0
f 347/547/3649 356/558/3650 282/451/3651
s 1
f 586/873/3575 282/451/3447 313/501/3446
f 461/708/3580 648/961/3579 297/477/3450
f 258/399/3652 461/708/3580 332/531/3451
s 0
f 814/1208/3653 1192/1800/3653 1120/1684/3653
s 1
f 1074/1618/3654 1192/1800/3655 1061/1598/3636
f 1074/1618/3654 1061/1598/3636 1052/1580/3656
f 1127/1696/3657 1061/1598/3636 1192/1800/3655
f 356/558/3443 653/969/3645 383/600/3444
f 1694/2533/1477 1386/2108/3658 1718/2566/1476
s 0
f 1593/2409/3659 1640/2469/3660 1346/2021/3661
f 1346/2021/3662 1640/2469/3663 1434/2199/3664
f 1349/2028/3665 1346/2021/3666 1434/2199/3667
s 1
f 1769/2638/3154 1829/2717/3158 1434/2199/3668
f 1850/2750/1445 1829/2717/3158 1769/2638/3154
s 0
f 1640/2469/3669 1769/2638/3670 1434/2199/3671
s 1
f 539/813/2267 556/835/2252 672/996/2253
f 909/1364/2260 867/1295/2291 841/1256/2265
f 561/841/2266 729/1083/2263 722/1070/2264
f 561/841/2266 722/1070/2264 615/916/3672
f 430/669/3673 561/841/2266 615/916/3672
f 561/841/2266 485/740/3674 516/785/3675
f 867/1295/2291 858/1281/2296 828/1233/2297
s 0
f 867/1295/3676 828/1233/3677 841/1256/3678
s 1
f 828/1233/2297 786/1166/3679 841/1256/2265
f 841/1256/2265 786/1166/3679 722/1070/2264
f 786/1166/3679 704/1038/3680 722/1070/2264
f 722/1070/2264 704/1038/3680 615/916/3672
f 561/841/2266 430/669/3673 485/740/3674
f 704/1038/3680 622/924/3681 615/916/3672
f 615/916/3672 622/924/3681 407/634/3682
f 615/916/3672 407/634/3682 405/632/3683
f 407/634/3682 298/478/3684 405/632/3683
s 0
f 405/632/3685 298/478/3686 246/377/3687
f 405/632/3688 246/377/3689 430/669/3690
s 1
f 405/632/3683 430/669/3673 615/916/3672
f 858/1281/2296 867/1295/2291 917/1375/2292
f 917/1375/2292 921/1382/3691 858/1281/2296
s 0
f 1447/2217/3692 1387/2112/3693 1454/2229/3692
s 1
f 1616/2436/3694 1638/2465/2459 1447/2217/2464
f 1616/2436/3694 1807/2690/3695 1638/2465/2459
f 1807/2690/3695 1616/2436/3694 1325/1994/3696
f 1325/1994/3696 1341/2015/3697 1807/2690/3695
f 1325/1994/3696 1616/2436/3694 1447/2217/2464
f 1325/1994/3696 1454/2229/3698 1341/2015/3697
f 1454/2229/3698 1325/1994/3696 1447/2217/2464
f 1340/2014/3699 1368/2065/1501 1386/2110/1500
f 1736/2590/1491 1368/2065/1501 1772/2641/3700
f 1876/2791/1489 1736/2590/1491 1772/2641/3700
f 1894/2819/1487 1876/2791/1489 1772/2641/3700
f 1941/2896/1488 1894/2819/1487 1893/2816/2327
f 1893/2816/2327 1894/2819/1487 1791/2667/2326
f 1791/2667/2326 1894/2819/1487 1772/2641/3700
f 1791/2667/2326 1772/2641/3700 1337/2009/3701
f 1893/2816/2327 1791/2667/2326 1756/2619/2325
f 1321/1989/2324 1791/2667/2326 1337/2009/3701
f 1321/1989/2324 1337/2009/3701 1387/2112/2321
f 1386/2110/1500 1387/2112/2321 1337/2009/3701
f 1337/2009/3701 1340/2014/3699 1386/2110/1500
f 1368/2065/1501 1340/2014/3699 1772/2641/3700
f 1772/2641/3700 1340/2014/3699 1337/2009/3701
s 0
f 1468/2246/3702 1369/2066/3703 1544/2345/3704
s 1
f 1526/2323/3705 1468/2246/3706 1544/2345/3707
f 1468/2246/3706 1526/2323/3705 1737/2592/3708
f 1526/2323/3705 1544/2345/3707 1737/2592/3708
f 1544/2345/3707 1562/2370/3709 1632/2457/3710
f 1562/2370/3709 1544/2345/3707 1369/2066/3711
f 1776/2646/3712 1562/2370/3709 1552/2357/3713
f 1552/2357/3713 1712/2557/3714 1776/2646/3712
f 1552/2357/3713 1562/2370/3709 1369/2066/3711
s 0
f 1369/2066/3715 1499/2288/3716 1420/2177/3717
s 1
f 1539/2340/3718 1499/2288/3719 1369/2066/3720
f 1386/2109/1500 1346/2022/3721 1369/2066/3722
s 0
f 1541/2342/3723 1369/2066/3724 1396/2132/3725
s 1
f 1627/2451/3726 1541/2342/3727 1396/2132/3728
f 1541/2342/3727 1833/2724/3729 1539/2340/3718
f 1541/2342/3727 1539/2340/3718 1369/2066/3720
f 1539/2340/3718 1833/2724/3729 1643/2473/3730
f 1539/2340/3718 1643/2473/3730 1499/2288/3719
f 1369/2066/3711 1420/2177/3731 1552/2357/3713
f 1712/2557/3714 1552/2357/3713 1420/2177/3731
f 1624/2448/3732 1712/2557/3714 1420/2177/3731
s 0
f 1712/2557/3733 1624/2448/3734 1643/2473/3735
f 1712/2557/3736 1643/2473/3737 1776/2646/3738
s 1
f 1776/2646/3712 1737/2592/3708 1562/2370/3709
s 0
f 1632/2457/3739 1562/2370/3740 1737/2592/3741
f 396/615/3742 518/787/3743 399/619/3744
f 396/615/3745 399/619/3746 283/452/3747
f 284/455/3748 283/452/3749 399/619/3750
s 1
f 283/452/3751 298/480/3684 315/505/2356
f 407/635/3682 622/925/3681 316/506/3752
f 316/506/3752 622/925/3681 540/814/3753
f 298/480/3684 407/635/3682 316/506/3752
f 298/480/3684 316/506/3752 360/567/2336
f 283/452/3751 478/732/3754 328/527/3755
s 0
f 283/452/3756 328/527/3757 374/588/3758
f 283/452/3759 374/588/3760 396/615/3761
s 1
f 396/615/3762 374/588/3763 518/787/3764
f 529/802/3765 374/588/3763 328/527/3755
f 529/802/3765 328/527/3755 478/732/3754
f 529/802/3765 478/732/3754 686/1013/3766
f 478/732/3754 480/734/3767 686/1013/3766
f 478/732/3754 283/452/3751 480/734/3767
f 480/734/3767 283/452/3751 318/508/3768
f 315/505/2356 318/508/3768 283/452/3751
f 318/508/3768 315/505/2356 241/364/3769
f 241/364/3769 315/505/2356 686/1013/3766
f 686/1013/3766 315/505/2356 377/592/3770
f 686/1013/3766 377/592/3770 651/967/2431
f 686/1013/3766 480/734/3767 318/508/3768
f 686/1013/3766 318/508/3768 241/364/3769
f 377/592/3770 737/1096/2429 651/967/2431
f 651/967/2431 1149/1732/2433 1138/1713/3771
f 651/967/2431 1138/1713/3771 1019/1527/3772
f 529/802/3765 686/1013/3766 1014/1517/3773
f 707/1043/3774 518/787/3764 529/802/3765
f 529/802/3765 518/787/3764 374/588/3763
f 284/455/3775 399/619/3776 493/750/3777
f 707/1043/3774 529/802/3765 1014/1517/3773
f 1014/1517/3773 686/1013/3766 1019/1527/3772
f 518/787/3764 707/1043/3774 399/619/3776
f 399/619/3776 707/1043/3774 493/750/3777
f 207/302/3778 246/378/3779 245/373/3780
f 245/373/3780 246/378/3779 298/479/3684
f 298/479/3684 317/507/3781 245/373/3780
f 317/507/3781 349/550/3782 314/502/3783
f 298/479/3684 283/453/3751 317/507/3781
f 314/502/3783 444/686/3784 317/507/3781
f 444/686/3784 314/502/3783 601/894/3785
f 314/502/3783 349/550/3782 391/609/3786
f 391/609/3786 476/730/3787 314/502/3783
f 444/686/3784 354/556/3788 317/507/3781
f 317/507/3781 354/556/3788 270/429/3789
f 317/507/3781 270/429/3789 226/336/3790
f 317/507/3781 226/336/3790 260/404/3791
f 260/404/3791 245/373/3780 317/507/3781
f 389/607/3792 260/404/3791 448/691/3793
f 260/404/3791 324/520/3794 245/374/3780
s 0
f 324/520/3795 260/404/3796 327/526/3797
s 1
f 324/520/3798 327/526/3799 474/728/3800
f 474/728/3800 794/1177/3801 1112/1672/3802
f 448/691/3793 794/1177/3801 474/728/3800
f 601/894/3785 933/1399/3803 794/1177/3801
f 1018/1525/3804 933/1399/3803 601/894/3785
f 601/894/3785 439/680/3805 270/429/3789
f 601/894/3785 270/429/3789 354/556/3788
s 0
f 354/556/3806 444/686/3807 601/894/3808
s 1
f 476/730/3787 601/894/3785 314/502/3783
f 391/609/3786 349/550/3782 476/730/3787
f 476/730/3787 349/550/3782 453/696/3809
f 1198/1816/3810 1190/1797/3811 1118/1681/3812
s 0
f 1198/1816/3813 1046/1570/3814 1157/1744/3815
s 1
f 1198/1816/3816 1157/1744/3817 1081/1628/3818
f 1081/1628/3818 1083/1630/3819 1198/1816/3816
f 1083/1630/3819 1081/1628/3818 969/1443/3820
f 888/1328/3821 969/1443/3820 967/1441/3822
f 888/1328/3821 967/1441/3822 809/1198/3823
f 967/1441/3822 969/1443/3820 1081/1628/3818
f 809/1198/3823 967/1441/3822 978/1456/3824
f 1056/1585/3825 978/1456/3824 967/1441/3822
f 967/1441/3822 1081/1628/3818 1056/1585/3825
f 1056/1585/3825 1081/1628/3818 1135/1708/3826
f 1081/1628/3818 1157/1744/3817 1135/1708/3826
f 1135/1708/3826 1157/1744/3817 1199/1818/3827
f 2007/2993/3169 1998/2979/3379 2055/3077/3147
f 1916/2852/3371 2007/2993/3169 1937/2888/3170
f 1923/2867/3376 1998/2980/3379 1806/2688/3372
f 1851/2751/3374 1923/2867/3376 1806/2688/3372
f 1806/2688/3372 1998/2980/3379 1916/2853/3371
f 1916/2853/3371 1998/2980/3379 2007/2994/3169
f 1943/2900/3167 2032/3042/3168 2087/3128/3144
f 1793/2671/3166 1858/2761/3165 1849/2748/3377
f 1786/2661/3378 1793/2671/3166 1849/2748/3377
f 1498/2287/3828 1786/2661/3378 1418/2175/3405
f 1786/2661/3378 1498/2287/3828 1793/2671/3166
f 1498/2287/3828 1418/2175/3405 1381/2096/3410
f 1349/2029/3829 1793/2671/3166 1498/2287/3828
f 1381/2096/3410 1349/2029/3829 1498/2287/3828
s 0
f 1490/2277/3830 1405/2146/3831 1485/2271/3832
f 1490/2277/3833 1485/2271/3834 1547/2348/3835
s 1
f 1490/2277/3836 1549/2352/3837 1405/2146/3838
f 1405/2146/3838 1549/2352/3837 1554/2359/3839
s 0
f 1554/2359/3840 1494/2282/3841 1405/2146/3842
s 1
f 1494/2282/3843 1611/2429/3844 1405/2146/3845
f 1405/2146/3845 1611/2429/3844 1550/2354/3846
s 0
f 1550/2354/3847 1565/2373/3848 1405/2146/3849
s 1
f 1565/2373/3850 1575/2386/3851 1405/2146/3852
s 0
f 1396/2130/3853 1405/2146/3854 1428/2187/3855
s 1
f 1346/2023/3856 1381/2096/3410 1405/2146/3411
f 1428/2187/3857 1405/2146/3852 1615/2434/3858
f 1428/2187/3857 1619/2439/3859 1561/2368/3860
f 1561/2368/3860 1396/2130/3728 1428/2187/3857
f 1587/2400/3861 1396/2130/3728 1639/2466/3862
f 1349/2029/3829 1381/2096/3410 1346/2023/3856
s 0
f 1346/2023/3863 1396/2130/3863 1369/2067/3863
s 1
f 1405/2146/3411 1396/2130/3864 1346/2023/3856
f 758/1127/3459 868/1298/3203 815/1211/3204
f 758/1127/3459 815/1211/3204 720/1067/3216
f 720/1067/3216 620/922/3456 758/1127/3459
f 720/1067/3216 669/992/3215 620/922/3456
f 620/922/3456 669/992/3215 217/321/3454
f 344/544/3453 620/922/3456 217/321/3454
f 207/303/3212 267/422/3448 217/321/3454
f 278/445/3213 207/303/3212 217/321/3454
f 278/445/3213 217/321/3454 669/992/3215
s 0
f 207/303/3865 245/375/3865 267/422/3865
s 1
f 267/422/3866 245/375/3867 255/394/3868
f 245/375/3867 304/488/3869 287/460/3870
f 245/375/3867 287/460/3870 255/394/3868
f 367/575/3871 304/488/3869 245/375/3867
f 384/601/3872 367/575/3871 245/375/3867
f 384/601/3872 245/375/3867 469/719/3873
f 469/719/3873 245/375/3867 357/559/3874
f 1858/2761/3165 1943/2900/3167 1849/2748/3377
f 457/702/3875 462/710/3876 324/521/3798
f 324/521/3798 462/710/3876 359/563/3877
f 359/563/3877 357/559/3874 245/375/3867
s 0
f 359/563/3878 245/375/3879 324/521/3880
s 1
f 255/394/3868 287/460/3870 446/688/3881
s 0
f 267/423/3882 255/394/3882 268/425/3882
s 1
f 268/425/3883 459/705/3884 267/423/3885
f 267/423/3885 419/654/3886 258/400/3652
f 1560/2366/3397 1547/2349/3887 1485/2272/3888
f 1560/2366/3397 1485/2272/3888 1546/2347/3394
s 0
f 1388/2114/3889 1546/2347/3890 1485/2272/3891
f 1388/2114/3892 1485/2272/3893 1405/2147/3894
f 1388/2114/3895 1525/2322/3896 1546/2347/3897
f 1525/2322/3898 1388/2114/3899 1481/2265/3900
s 1
f 2020/3018/3901 2202/3300/3541 2114/3168/3553
f 1911/2847/3539 2020/3018/3901 2114/3168/3553
f 1660/2493/3591 2020/3018/3901 1911/2847/3539
f 1660/2493/3591 1911/2847/3539 1733/2586/3537
f 2144/3213/3902 2226/3336/3548 2020/3018/3901
f 2226/3336/3548 2234/3352/3903 2305/3455/3549
f 2234/3352/3903 2226/3336/3548 2144/3213/3902
f 2144/3213/3902 2020/3018/3901 1904/2833/3904
f 1904/2833/3904 2020/3018/3901 1660/2493/3591
f 1660/2493/3591 1250/1887/3590 1302/1960/3628
f 1302/1960/3628 1250/1887/3590 3/4/3592
s 0
f 1302/1960/3905 1255/1892/3906 1660/2493/3907
s 1
f 1255/1892/3627 1723/2573/3908 1660/2493/3909
s 0
f 1904/2833/3910 1660/2493/3911 1723/2573/3912
s 1
f 2020/3018/3901 2226/3336/3548 2202/3300/3541
f 2323/3488/3517 2202/3300/3541 2226/3336/3548
f 1052/1580/3656 1061/1598/3636 950/1421/3620
s 0
f 1074/1618/3913 1052/1580/3914 803/1190/3915
s 1
f 803/1190/3619 1052/1580/3656 950/1421/3620
s 0
f 2238/3358/3916 2305/3456/3917 2309/3464/3918
s 1
f 2238/3358/3919 2309/3464/3920 2328/3495/3921
s 0
f 2337/3508/3922 2344/3520/3923 2328/3495/3922
s 1
f 2328/3495/3921 2267/3403/3924 2171/3251/3925
f 2171/3251/3925 2337/3508/3926 2328/3495/3921
f 2238/3358/3919 2328/3495/3921 2344/3520/3927
f 2254/3384/3928 2344/3520/3927 2326/3491/3929
s 0
f 2326/3491/3930 2344/3520/3931 2337/3508/3932
s 1
f 2254/3384/3928 2326/3491/3929 2338/3509/3933
f 2254/3384/3928 2338/3509/3933 1863/2767/3934
f 1863/2767/3934 2338/3509/3933 1639/2467/3935
f 2254/3384/3928 1863/2767/3934 1734/2587/3936
f 1734/2587/3936 1863/2767/3934 1561/2369/3860
f 1734/2587/3936 1561/2369/3860 1630/2454/3937
f 1630/2454/3937 1561/2369/3860 1619/2440/3859
f 1630/2454/3937 1619/2440/3859 1428/2188/3857
f 1630/2454/3937 1615/2435/3858 1734/2587/3936
f 1615/2435/3858 1630/2454/3937 1428/2189/3857
f 1734/2587/3936 1615/2435/3858 1575/2387/3851
f 1707/2550/3938 1550/2355/3846 1611/2430/3844
f 1547/2350/3887 1560/2367/3397 1835/2727/3396
f 1547/2350/3887 1549/2353/3837 1490/2278/3836
f 1549/2353/3837 1547/2350/3887 1835/2727/3396
f 1549/2353/3837 1835/2727/3396 1554/2360/3839
f 1554/2360/3839 1835/2727/3396 1494/2283/3843
f 1835/2727/3396 1707/2550/3938 1494/2283/3843
f 1494/2283/3843 1707/2550/3938 1611/2430/3844
f 1550/2355/3846 1707/2550/3938 1565/2374/3850
f 1565/2374/3850 1707/2550/3938 1575/2387/3851
f 1707/2550/3938 1835/2727/3396 2074/3103/3939
f 2238/3358/3919 2344/3520/3927 2074/3103/3940
s 0
f 1835/2727/3941 2238/3358/3942 2074/3103/3943
s 1
f 2074/3103/3940 2344/3520/3927 2254/3384/3928
s 0
f 2254/3384/3944 1734/2587/3945 2074/3103/3946
s 1
f 1575/2387/3851 1707/2550/3938 2074/3103/3939
f 1734/2587/3936 1575/2387/3851 2074/3103/3939
f 1575/2387/3851 1615/2435/3858 1405/2148/3852
f 2171/3251/3925 2232/3350/3947 2337/3508/3926
f 2232/3350/3947 2326/3491/3948 2337/3508/3926
s 0
f 1863/2767/3949 1639/2467/3950 1561/2369/3951
s 1
f 1561/2369/3860 1639/2467/3862 1396/2131/3728
f 2328/3495/3921 2180/3261/3952 2267/3403/3924
f 2267/3403/3924 2012/3004/3953 2171/3251/3925
f 2012/3004/3953 1993/2972/3954 2171/3251/3925
f 2171/3251/3925 1993/2972/3954 1934/2882/3955
f 1315/1980/3956 1934/2882/3955 1993/2972/3954
f 1641/2470/3957 1934/2882/3955 1315/1980/3956
f 1315/1980/3956 1301/1959/3958 1289/1943/3959
f 1669/2503/3960 1301/1959/3958 1315/1980/3956
f 1301/1959/3958 1223/1851/3961 1289/1943/3959
f 1223/1851/3961 95/141/3962 74/108/3963
f 1233/1865/3964 1223/1851/3961 1301/1959/3958
f 95/141/3962 1223/1851/3961 1233/1865/3964
f 1669/2503/3960 1315/1980/3956 1993/2972/3954
f 1993/2972/3954 2012/3004/3953 1669/2503/3960
f 1669/2503/3960 2012/3004/3953 1647/2477/3965
s 0
f 1301/1959/3966 1669/2503/3967 1647/2477/3968
s 1
f 1647/2477/3965 2012/3004/3953 1862/2766/3969
f 1282/1934/3970 1301/1959/3971 1647/2477/3965
s 0
f 1301/1959/3972 1282/1934/3973 1233/1865/3974
s 1
f 74/108/3963 95/141/3962 121/175/3975
f 136/196/3976 74/108/3963 121/175/3975
f 121/175/3975 489/745/3977 136/196/3976
f 521/790/3978 136/196/3976 489/745/3977
f 763/1134/3979 521/790/3978 489/745/3977
s 0
f 763/1134/3980 489/745/3981 755/1121/3982
s 1
f 566/847/3983 743/1104/3984 489/745/3977
f 743/1104/3984 566/847/3983 777/1156/3985
f 118/171/3986 566/847/3983 121/175/3975
f 489/745/3977 121/175/3975 566/847/3983
s 0
f 755/1121/3987 489/745/3988 743/1104/3989
s 1
f 2328/3495/3921 2309/3464/3920 2234/3353/3903
f 2328/3495/3921 2234/3353/3903 2180/3261/3952
f 1862/2766/3969 2180/3261/3952 2234/3353/3903
f 2180/3261/3952 2012/3004/3953 2267/3403/3924
f 1862/2766/3969 1904/2834/3904 1723/2574/3908
f 29/46/3626 1282/1934/3970 1255/1893/3627
f 1282/1934/3970 29/46/3626 1/1/3990
f 1723/2574/3908 1255/1893/3627 1282/1934/3970
f 1862/2766/3969 2012/3004/3953 2180/3261/3952
f 1862/2766/3969 1723/2574/3908 1647/2477/3965
f 1647/2477/3965 1723/2574/3908 1282/1934/3970
f 1282/1934/3970 1/1/3990 1233/1865/3964
f 1233/1865/3964 1/1/3990 95/141/3962
s 0
f 1/1/3991 15/23/3992 95/141/3993
f 1/1/3994 29/46/3995 15/23/3996
s 1
f 15/23/3997 29/46/3626 90/135/3625
f 118/171/3986 15/23/3997 164/240/3998
s 0
f 118/171/3999 164/240/4000 575/860/4001
s 1
f 164/240/3998 142/206/3623 575/860/4002
f 164/240/3998 90/135/3625 142/206/3623
f 575/860/4002 142/206/3623 545/821/3622
f 575/860/4002 545/821/3622 713/1056/3621
f 575/860/4002 847/1264/3637 777/1156/3985
f 847/1264/3637 575/860/4002 713/1056/3621
f 566/847/3983 575/860/4002 777/1156/3985
f 575/860/4002 566/847/3983 118/171/3986
f 15/23/3997 118/171/3986 95/141/3962
f 95/141/3962 118/171/3986 121/175/3975
f 2305/3456/3549 2234/3353/3903 2309/3464/3920
f 2234/3353/3903 2144/3214/3902 1862/2766/3969
f 1862/2766/3969 2144/3214/3902 1904/2834/3904
f 755/1121/4003 1070/1613/4004 763/1134/4005
s 0
f 1070/1613/4006 1101/1657/4007 763/1134/4008
s 1
f 1034/1549/4009 1101/1657/4010 1187/1793/4011
f 763/1134/3979 712/1053/4012 667/988/4013
f 755/1121/4003 743/1104/3984 1050/1577/4014
f 755/1121/4003 1050/1577/4014 1070/1613/4004
f 1187/1793/4011 1070/1613/4004 1050/1577/4014
f 1101/1657/4010 1070/1613/4004 1187/1793/4011
f 1050/1577/4014 1194/1806/4015 1187/1793/4011
f 1187/1793/4011 1194/1806/4015 1189/1796/4016
f 1187/1793/4011 1189/1796/4016 1124/1690/4017
f 1189/1796/4016 572/855/4018 1124/1690/4017
s 0
f 1189/1796/4019 977/1455/4020 572/855/4021
s 1
f 977/1455/4022 367/576/3871 572/855/4018
f 367/576/3871 977/1455/4022 287/461/3870
f 287/461/3870 977/1455/4022 446/689/3881
f 287/461/3870 304/489/3869 367/576/3871
f 572/855/4018 367/576/3871 384/602/3872
f 572/855/4018 384/602/3872 469/720/3873
f 572/855/4018 469/720/3873 357/560/3874
f 357/560/3874 359/564/3877 462/711/3876
f 457/703/3875 324/522/3798 474/727/3800
f 740/1101/4023 474/727/3800 1112/1671/3802
f 1112/1671/3802 1187/1793/4024 740/1101/4023
f 457/703/3875 740/1101/4023 462/711/3876
f 474/727/3800 740/1101/4023 457/703/3875
f 572/855/4018 357/560/3874 462/711/3876
f 572/855/4018 462/711/3876 740/1101/4023
f 1194/1806/4015 1050/1577/4014 1066/1604/4025
s 0
f 1194/1806/4026 1200/1821/4027 1192/1801/4028
s 1
f 1194/1806/4015 977/1455/4022 1189/1796/4016
f 814/1209/3578 648/962/3579 977/1455/4022
f 977/1455/4022 648/962/3579 446/689/3881
f 459/706/3884 446/689/3881 648/962/3579
f 268/426/3883 446/689/3881 459/706/3884
f 268/426/3883 255/395/3868 446/689/3881
f 419/655/3886 267/424/3885 459/706/3884
f 258/401/3652 419/655/3886 461/709/3580
f 419/655/3886 459/706/3884 461/709/3580
f 648/962/3579 461/709/3580 459/706/3884
f 1034/1549/4009 712/1053/4012 1101/1657/4010
f 712/1053/4012 763/1134/3979 1101/1657/4010
f 763/1134/3979 667/988/4013 521/790/3978
f 150/218/4029 521/790/3978 667/988/4013
f 136/196/3976 521/790/3978 150/218/4029
f 1289/1943/3959 1223/1851/3961 23/35/4030
f 1289/1943/3959 23/35/4030 1271/1916/4031
f 23/35/4030 1223/1851/3961 74/108/3963
f 74/108/3963 136/196/3976 150/218/4029
f 74/108/3963 73/106/4032 23/35/4030
f 74/108/3963 150/218/4029 73/106/4032
f 1934/2882/3955 1777/2647/4033 1965/2930/4034
f 1965/2930/4034 2232/3350/3947 1934/2882/3955
f 1315/1980/3956 1289/1943/3959 1641/2470/3957
f 1641/2470/3957 1289/1943/3959 1271/1916/4031
f 1777/2647/4033 1934/2882/3955 1641/2470/3957
f 1777/2647/4033 1641/2470/3957 1271/1916/4031
f 90/135/3625 164/240/3998 15/23/3997
f 743/1104/3984 1066/1604/4025 1050/1577/4014
f 1066/1604/4025 743/1104/3984 777/1156/3985
f 1061/1599/3636 1127/1697/3657 847/1264/3637
f 847/1264/3637 1127/1697/3657 777/1156/3985
f 1066/1604/4025 1127/1697/3657 1200/1821/4035
f 1200/1821/4035 1127/1697/3657 1192/1801/3655
f 1194/1806/4015 1192/1801/4036 814/1209/3578
f 1194/1806/4015 814/1209/3578 977/1455/4022
f 740/1101/4023 1124/1690/4017 572/855/4018
s 0
f 740/1101/4037 1187/1793/4037 1124/1690/4038
s 1
f 1200/1821/4035 1194/1806/4015 1066/1604/4025
f 777/1156/3985 1127/1697/3657 1066/1604/4025
f 1386/2110/1500 1369/2068/3722 1387/2112/2321
s 0
f 1369/2069/4039 1468/2245/4040 1482/2266/4041
s 1
f 1482/2266/4042 1468/2245/3706 1528/2325/4043
f 1528/2325/4043 1737/2591/3708 1633/2458/4044
f 1843/2740/4045 1633/2458/4044 1737/2591/3708
f 1482/2266/4042 1528/2325/4043 1633/2458/4044
s 0
f 1545/2346/4046 1454/2229/4047 1482/2266/4048
f 1369/2069/4049 1482/2266/4050 1454/2229/4051
s 1
f 1518/2315/4052 1454/2229/3698 1545/2346/4053
f 1454/2229/3698 1518/2315/4052 1519/2316/4054
f 1519/2316/4054 1518/2315/4052 1702/2543/4055
f 1454/2229/3698 1519/2316/4054 1412/2164/4056
f 1454/2229/3698 1412/2164/4056 1675/2510/4057
f 1369/2069/3722 1454/2229/4058 1387/2112/2321
f 1675/2510/4057 1412/2164/4056 1519/2316/4054
f 1675/2510/4057 1519/2316/4054 1702/2543/4055
f 1843/2740/4045 1675/2510/4057 1702/2543/4055
f 1702/2543/4055 1518/2315/4052 1843/2740/4045
f 1675/2510/4057 1341/2015/3697 1454/2229/3698
f 1675/2510/4057 2005/2990/4059 1341/2015/3697
f 2005/2990/4059 1675/2510/4057 1843/2740/4045
f 1482/2266/4042 1633/2458/4044 1545/2346/4053
f 1545/2346/4053 1633/2458/4044 1518/2315/4052
f 1633/2458/4044 1843/2740/4045 1518/2315/4052
f 1908/2842/2391 1807/2690/3695 2268/3405/2458
f 1341/2015/3697 2005/2990/4059 2339/3511/4060
f 1341/2015/3697 2339/3511/4060 1807/2690/3695
f 2268/3405/2458 1807/2690/3695 2339/3511/4060
f 2005/2990/4059 1843/2740/4045 2248/3374/4061
f 2248/3374/4061 1843/2740/4045 1737/2591/3708
f 1737/2591/3708 2135/3197/4062 2248/3374/4061
f 2005/2991/4059 2341/3514/4063 2339/3512/4060
f 2135/3198/4062 2341/3514/4063 2248/3375/4061
f 2248/3375/4061 2341/3514/4063 2005/2991/4059
f 2270/3408/4064 2319/3481/4065 2222/3326/4066
s 0
f 2341/3514/4067 2319/3481/4068 2339/3512/4069
s 1
f 2222/3326/4066 2319/3481/4065 2341/3514/4070
f 2251/3381/4071 2222/3326/4066 2341/3514/4070
s 0
f 2339/3512/4072 2319/3481/4073 2336/3507/4072
s 1
f 2268/3406/2458 2339/3512/4060 2336/3507/4074
s 0
f 2336/3507/4075 2240/3363/4076 2268/3406/4075
s 1
f 2217/3320/4077 2215/3317/2456 2336/3507/2457
f 2217/3320/4077 2336/3507/2457 2319/3481/4065
f 2215/3317/2456 2217/3320/4077 2041/3055/4078
s 0
f 2041/3055/4079 2148/3220/4080 2215/3317/4081
s 1
f 1883/2804/2487 2148/3220/2466 2041/3055/4078
f 1883/2803/2487 1812/2696/4082 1764/2629/2467
f 1277/1927/2468 1764/2629/2467 1262/1906/2472
f 1764/2629/2467 1812/2696/4082 1262/1906/2472
f 1262/1906/2472 1812/2696/4082 1687/2525/4083
f 1812/2696/4082 1883/2804/2487 2041/3055/4078
f 1812/2696/4082 2041/3055/4078 1687/2525/4083
s 0
f 1687/2525/4084 1273/1919/4085 1262/1906/4086
s 1
f 1687/2525/4083 1800/2680/4087 1273/1919/4088
f 1272/1918/4089 1273/1919/4088 1800/2680/4087
f 1687/2525/4083 2041/3055/4078 1859/2762/4090
f 1687/2525/4083 1859/2762/4090 1800/2680/4087
f 1273/1919/4088 1272/1918/4089 1221/1848/4091
f 1962/2926/4092 1800/2680/4087 1859/2762/4090
f 1800/2680/4087 1962/2926/4092 1670/2504/4093
f 1962/2926/4092 2120/3176/4094 1991/2970/4095
f 1962/2926/4092 1991/2970/4095 1670/2504/4093
f 1670/2504/4093 1272/1918/4089 1800/2680/4087
s 0
f 27/43/4096 1221/1848/4097 55/83/4098
s 1
f 1221/1848/4091 7/10/4099 1273/1919/4088
s 0
f 7/10/4100 1221/1848/4101 27/43/4102
s 1
f 27/43/4103 55/83/4104 113/166/4105
f 113/166/4105 55/83/4104 157/229/4106
f 564/844/4107 113/166/4105 157/229/4106
f 55/83/4104 1221/1848/4091 19/30/4108
f 55/83/4104 19/30/4108 114/167/4109
f 55/83/4104 114/167/4109 157/229/4106
f 1240/1876/4110 19/30/4108 1221/1848/4091
f 114/167/4109 19/30/4108 98/146/4111
f 98/146/4111 19/30/4108 26/41/4112
f 500/762/4113 809/1199/3823 881/1317/4114
f 500/762/4113 881/1317/4114 564/844/4107
f 997/1488/4115 881/1317/4114 978/1457/3824
f 997/1488/4115 979/1458/4116 881/1317/4114
f 113/166/4105 564/844/4107 628/932/4117
f 564/844/4107 759/1128/4118 628/932/4117
f 881/1317/4114 759/1128/4118 564/844/4107
f 979/1458/4116 759/1128/4118 881/1317/4114
f 979/1458/4116 997/1488/4115 1055/1584/4119
s 0
f 1055/1584/4120 1043/1566/4121 979/1458/4122
s 1
f 1043/1566/4123 703/1037/4124 979/1458/4116
f 759/1128/4118 703/1037/4124 628/932/4117
f 703/1037/4124 625/929/2488 628/932/4117
s 0
f 4/6/4125 27/43/4126 134/194/4127
s 1
f 4/6/2478 7/10/4128 27/43/4129
f 1235/1868/2477 7/10/4128 4/6/2478
s 0
f 7/10/4130 1235/1868/4131 1273/1919/4132
f 2240/3363/4133 2336/3507/4134 2327/3494/4135
s 1
f 2222/3326/4066 2251/3381/4071 2120/3176/4094
f 2251/3381/4071 2143/3212/4136 2120/3176/4094
f 2143/3212/4136 2251/3381/4071 2241/3364/4137
f 2241/3364/4137 2251/3381/4071 2341/3514/4070
f 2241/3364/4137 2341/3514/4070 2322/3485/4138
f 1991/2970/4095 2143/3212/4136 2116/3170/4139
f 1976/2946/4140 1991/2970/4095 2116/3170/4139
f 1670/2504/4093 1991/2970/4095 1746/2604/4141
f 1670/2504/4093 1746/2604/4141 1287/1941/4142
f 1976/2946/4140 1746/2604/4141 1991/2970/4095
f 1287/1941/4142 1746/2604/4141 1259/1898/4143
s 0
f 1287/1941/4144 1259/1899/4145 1226/1855/4146
f 1226/1855/4147 26/41/4148 1240/1876/4149
f 26/41/4150 19/30/4151 1240/1876/4152
s 1
f 1287/1941/4142 1226/1855/4153 1240/1876/4110
f 1272/1918/4089 1670/2504/4093 1287/1941/4142
f 1221/1848/4091 1272/1918/4089 1240/1876/4110
f 1272/1918/4089 1287/1941/4142 1240/1876/4110
f 2120/3176/4094 1962/2926/4092 2123/3179/4154
f 2120/3176/4094 2123/3179/4154 2222/3326/4066
f 2270/3408/4064 2222/3326/4066 2123/3179/4154
f 2123/3179/4154 2217/3320/4077 2270/3408/4064
f 2041/3055/4078 2217/3320/4077 2123/3179/4154
f 2041/3055/4078 2123/3179/4154 1859/2762/4090
f 2123/3179/4154 1962/2926/4092 1859/2762/4090
s 0
f 1262/1906/4155 1273/1919/4156 1235/1868/4157
s 1
f 4/6/2478 134/194/2480 24/39/2479
f 1099/1653/2447 703/1037/4124 1043/1566/4123
f 1043/1566/4123 1195/1809/2453 1099/1653/2447
f 1195/1809/2453 1107/1665/2452 1099/1653/2447
f 764/1136/2446 716/1062/2448 625/929/2488
f 764/1136/2446 625/929/2488 703/1037/4124
f 764/1136/2446 703/1037/4124 1099/1653/2447
f 1737/2592/3708 1528/2326/4043 1468/2246/3706
f 1544/2345/3707 1632/2457/3710 1737/2592/3708
f 1737/2592/3708 1776/2646/3712 2135/3199/4062
f 1499/2288/3719 1643/2473/3730 1624/2448/3732
f 1624/2448/3732 1420/2177/3731 1499/2288/3719
f 1643/2473/3730 2003/2988/4158 1776/2646/3712
f 2288/3431/4159 1776/2646/3712 2003/2988/4158
s 0
f 2003/2988/4160 2342/3516/4161 2288/3431/4161
s 1
f 1776/2646/3712 2288/3431/4159 2245/3370/4162
s 0
f 2353/3533/4163 2341/3515/4164 2342/3516/4165
s 1
f 2353/3533/4166 2275/3413/4167 2220/3324/4168
f 2275/3413/4167 2353/3533/4166 2342/3516/4169
f 2274/3412/4170 2342/3516/4169 2252/3382/4171
f 2252/3382/4171 2326/3492/3948 2179/3260/4172
f 2252/3382/4171 2179/3260/4172 1965/2931/4034
f 2252/3382/4171 1965/2931/4034 1961/2925/4173
f 2106/3157/4174 2138/3203/4175 1961/2925/4173
f 1961/2925/4173 2138/3203/4175 2252/3382/4171
f 2274/3412/4170 2252/3382/4171 2138/3203/4175
f 2135/3199/4062 1776/2646/3712 2245/3370/4162
f 2135/3199/4062 2245/3370/4162 2341/3515/4063
f 2322/3486/4138 2341/3515/4070 2353/3533/4166
f 2241/3365/4137 2322/3486/4138 2220/3324/4168
f 2220/3324/4168 2322/3486/4138 2353/3533/4166
f 2143/3211/4136 2155/3230/4176 2116/3171/4139
f 2116/3171/4139 1959/2923/4177 1976/2947/4140
f 1959/2923/4177 2116/3171/4139 2155/3230/4176
f 1907/2839/4178 1959/2923/4177 2155/3230/4176
f 1959/2923/4177 1907/2839/4178 1636/2462/4179
f 1746/2605/4141 1959/2923/4177 1636/2462/4179
f 1746/2605/4141 1636/2462/4179 1259/1900/4143
f 1636/2462/4179 1671/2505/4180 1308/1969/4181
f 1295/1952/4182 1308/1969/4181 1671/2505/4180
f 1671/2505/4180 1317/1982/4183 1295/1952/4182
f 1228/1858/4184 1295/1952/4182 30/47/4185
f 30/47/4185 1295/1952/4182 1269/1914/4186
f 1317/1982/4183 1965/2931/4034 1777/2648/4033
f 1965/2931/4034 1317/1982/4183 1961/2925/4173
f 1317/1982/4183 1269/1914/4186 1295/1952/4182
f 1777/2648/4033 1269/1914/4186 1317/1982/4183
f 1777/2648/4033 1271/1917/4031 1269/1914/4186
f 1269/1914/4186 1271/1917/4031 23/36/4030
f 1269/1914/4186 23/36/4030 30/47/4185
f 1746/2605/4141 1976/2947/4140 1959/2923/4177
f 1636/2462/4179 1308/1969/4181 1259/1900/4143
f 51/77/4187 1259/1900/4143 1308/1969/4181
f 1259/1900/4143 51/77/4187 1226/1856/4188
f 500/760/4113 98/145/4111 676/1001/4189
f 809/1200/3823 500/761/4113 676/1001/4189
f 676/1001/4189 98/145/4111 129/186/4190
f 888/1327/3821 809/1200/3823 559/838/4191
f 559/838/4191 809/1200/3823 676/1001/4189
f 559/838/4191 676/1001/4189 129/186/4190
f 745/1107/4192 888/1327/3821 559/838/4191
f 559/838/4191 139/200/4193 745/1107/4192
s 0
f 559/838/4194 129/186/4195 139/200/4196
s 1
f 13/19/4197 139/200/4193 129/186/4190
f 1295/1952/4182 1228/1858/4184 1308/1969/4181
f 39/60/4198 13/19/4197 129/186/4190
f 39/60/4198 51/77/4187 1228/1858/4184
f 39/60/4198 1228/1858/4184 13/19/4197
f 1226/1856/4188 51/77/4187 26/42/4112
f 26/42/4112 129/186/4190 98/145/4111
f 26/42/4112 39/60/4198 129/186/4190
f 39/60/4198 26/42/4112 51/77/4187
f 51/77/4187 1308/1969/4181 1228/1858/4184
f 2220/3324/4168 2275/3413/4167 2155/3230/4176
f 2155/3230/4176 2275/3413/4167 2138/3203/4175
f 2138/3203/4175 2275/3413/4167 2274/3412/4170
f 1961/2925/4173 1982/2959/4199 2106/3157/4174
f 2138/3203/4175 2106/3157/4174 1982/2959/4199
f 1877/2792/4200 1982/2959/4199 1671/2505/4180
f 1671/2505/4180 1636/2462/4179 1877/2792/4200
f 1877/2792/4200 1636/2462/4179 1907/2839/4178
f 1907/2839/4178 2155/3230/4176 1877/2792/4200
f 2155/3230/4176 2138/3203/4175 1877/2792/4200
f 2155/3230/4176 2143/3211/4136 2241/3365/4137
f 2155/3230/4176 2241/3365/4137 2220/3324/4168
f 2275/3413/4167 2342/3516/4169 2274/3412/4170
f 2138/3203/4175 1982/2959/4199 1877/2792/4200
f 1833/2724/3729 1541/2342/3727 1627/2451/3726
f 1643/2473/3730 1833/2724/3729 2003/2988/4158
f 2338/3510/4201 2003/2988/4158 1833/2724/3729
s 0
f 2338/3510/4202 1833/2724/4203 1639/2468/4204
s 1
f 1639/2468/3862 1833/2724/3729 1587/2401/3861
f 1587/2401/3861 1625/2449/4205 1396/2132/3728
f 1627/2451/3726 1396/2132/3728 1625/2449/4205
f 1625/2449/4205 1587/2401/3861 1627/2451/3726
f 1627/2451/3726 1587/2401/3861 1833/2724/3729
f 2003/2988/4158 2338/3510/4201 2342/3516/4206
f 2342/3516/4169 2326/3492/3948 2252/3382/4171
s 0
f 2342/3516/4207 2338/3510/4208 2326/3492/4209
s 1
f 2179/3260/4172 2326/3492/3948 2232/3348/3947
f 1965/2931/4034 2179/3260/4172 2232/3349/3947
f 2245/3370/4162 2288/3431/4159 2341/3515/4063
f 2288/3431/4159 2342/3516/4210 2341/3515/4063
f 2217/3320/4077 2319/3481/4065 2270/3408/4064
f 2120/3176/4094 2143/3212/4136 1991/2970/4095
f 704/1039/3680 786/1167/3679 721/1068/4211
f 704/1039/3680 721/1068/4211 622/925/3681
f 721/1068/4211 540/814/3753 622/925/3681
f 316/506/3752 540/814/3753 360/567/2336
f 630/935/2335 360/567/2336 540/814/3753
f 630/935/2335 540/814/3753 721/1068/4211
f 805/1194/2295 630/935/2335 721/1068/4211
f 828/1234/2297 805/1194/2295 721/1068/4211
f 721/1068/4211 786/1167/3679 828/1234/2297
f 360/567/2336 269/428/2331 298/480/3684
f 315/505/2356 298/480/3684 269/428/2331
f 377/592/3770 227/339/2352 737/1096/2429
f 651/967/2431 1019/1527/3772 686/1013/3766
f 1014/1518/3773 1019/1528/3772 1199/1819/3827
f 707/1044/3774 1014/1518/3773 1199/1819/3827
f 1056/1586/3825 1135/1709/3826 1048/1575/4212
f 978/1457/3824 1056/1586/3825 1048/1575/4212
f 881/1317/4114 809/1201/3823 978/1457/3824
f 978/1457/3824 1048/1575/4212 997/1488/4115
f 997/1488/4115 1048/1575/4212 1078/1624/4213
f 1199/1819/3827 1019/1528/3772 1195/1809/2453
f 1135/1709/3826 1199/1819/3827 1161/1749/4214
f 1135/1709/3826 1161/1749/4214 1048/1575/4212
f 1078/1624/4213 1048/1575/4212 1161/1749/4214
f 1167/1757/4215 1078/1624/4213 1161/1749/4214
s 0
f 1199/1819/4216 1167/1757/4217 1161/1749/4218
f 1199/1819/4219 1195/1809/4220 1167/1757/4221
s 1
f 1055/1584/4119 997/1488/4115 1078/1624/4213
f 1019/1528/3772 1138/1714/3771 1195/1809/2453
f 1138/1714/3771 1149/1733/2433 1195/1809/2453
f 1167/1757/4215 1195/1809/2453 1043/1566/4123
f 1055/1584/4119 1078/1624/4213 1167/1757/4215
f 1167/1757/4215 1043/1566/4123 1055/1584/4119
f 98/146/4111 500/762/4113 114/167/4109
f 114/167/4109 500/762/4113 564/844/4107
s 0
f 114/167/4222 564/844/4223 157/229/4224
s 1
f 703/1037/4124 759/1128/4118 979/1458/4116
f 349/550/3782 317/507/3781 284/456/3775
s 0
f 317/507/4225 283/454/4225 284/456/4225
s 1
f 284/456/3775 346/546/4226 349/550/3782
f 453/696/3809 349/550/3782 346/546/4226
f 453/696/3809 346/546/4226 472/724/4227
f 472/724/4227 493/751/3777 453/696/3809
f 601/894/3785 476/730/3787 453/696/3809
f 601/894/3785 453/696/3809 1046/1571/4228
f 601/894/3785 1046/1571/4228 1018/1525/3804
f 1046/1571/4228 453/696/3809 707/1045/3774
f 439/680/3805 601/894/3785 794/1177/3801
f 270/429/3789 439/680/3805 226/336/3790
f 226/336/3790 448/691/3793 260/404/3791
f 226/336/3790 439/680/3805 448/691/3793
f 448/691/3793 439/680/3805 794/1177/3801
s 0
f 448/691/4229 474/728/4230 327/526/4231
f 327/526/4232 260/404/4233 389/607/4234
s 1
f 327/526/4235 389/607/3792 448/691/3793
f 1118/1681/3812 794/1177/3801 933/1399/3803
f 1118/1681/3812 1190/1797/3811 794/1177/3801
s 0
f 1158/1746/4236 1190/1797/4237 1198/1816/4236
f 1112/1672/4238 1190/1797/4239 1187/1794/4238
s 1
f 794/1177/3801 1190/1797/3811 1112/1672/3802
s 0
f 1187/1794/4240 1190/1797/4241 1158/1746/4242
s 1
f 1059/1595/4243 1158/1746/4244 1198/1816/3816
f 1059/1595/4243 1198/1816/3816 1083/1630/3819
f 1083/1630/3819 969/1443/3820 965/1439/4245
f 965/1439/4245 969/1443/3820 888/1328/3821
f 965/1439/4245 888/1328/3821 745/1108/4192
f 1083/1630/3819 965/1439/4245 1059/1595/4243
f 712/1054/4012 1034/1550/4009 723/1071/4246
f 712/1054/4012 723/1071/4246 667/989/4013
f 150/219/4029 667/989/4013 597/889/4247
f 150/219/4029 597/889/4247 131/188/4248
f 150/219/4029 131/188/4248 48/74/4249
f 23/37/4030 73/107/4032 30/48/4185
f 1228/1859/4184 30/48/4185 48/74/4249
f 1228/1859/4184 48/74/4249 13/20/4197
f 13/20/4197 48/74/4249 139/201/4193
f 48/74/4249 131/188/4248 139/201/4193
f 139/201/4193 597/889/4247 745/1108/4192
f 597/889/4247 139/201/4193 131/188/4248
f 48/74/4249 30/48/4185 73/107/4032
f 48/74/4249 73/107/4032 150/219/4029
f 707/1045/3774 453/696/3809 493/751/3777
f 472/724/4227 346/546/4226 284/456/3775
f 472/724/4227 284/456/3775 493/751/3777
f 1046/1572/4228 707/1046/3774 1199/1820/3827
f 1157/1745/3817 1046/1572/4228 1199/1820/3827
f 1198/1817/4250 1018/1526/3804 1046/1572/4228
f 933/1400/3803 1018/1526/3804 1198/1817/4250
s 0
f 1118/1682/4251 933/1400/4252 1198/1817/4253
s 1
f 723/1071/4246 1059/1595/4243 965/1439/4245
f 745/1108/4192 597/889/4247 723/1071/4246
f 597/889/4247 667/989/4013 723/1071/4246
f 745/1108/4192 723/1071/4246 965/1439/4245
s 0
f 1034/1550/4254 1059/1595/4255 723/1071/4256
s 1
f 1187/1794/4011 1158/1746/4244 1034/1550/4009
f 1059/1595/4243 1034/1550/4009 1158/1746/4244
s 0
f 113/166/4257 134/194/4258 27/43/4259
s 1
f 134/194/2480 113/166/4105 628/932/4117
f 134/194/2480 628/932/4117 625/929/2488
f 1671/2505/4180 1961/2925/4173 1317/1982/4183
f 1961/2925/4173 1671/2505/4180 1982/2959/4199
f 2171/3251/3925 1934/2882/3955 2232/3350/3947
