# Blender 3.4.1
# www.blender.org
mtllib Fin.mtl
o tripo_node_7f1e4fb0-eaef-44b9-8e95-b62172951617
v -0.008492 0.434486 0.147980
v 0.008734 0.755761 0.146873
v -0.004737 0.664439 0.175602
v 0.022345 0.408374 0.084927
v 0.002832 0.412159 0.106588
v 0.000460 0.461260 -0.151747
v 0.002870 0.753086 -0.165207
v -0.004064 0.704607 0.180845
v -0.009342 0.623037 0.152197
v 0.001492 0.755528 -0.153258
v -0.001211 0.626692 0.170251
v 0.011913 0.699461 -0.178524
v -0.000742 0.585437 -0.147988
v -0.001085 0.625512 -0.168257
v 0.007975 0.866514 -0.138089
v -0.005903 0.410080 -0.046346
v 0.005321 0.722101 -0.180512
v 0.022638 0.408392 -0.081077
v -0.007770 0.688978 -0.177590
v 0.009732 0.684061 -0.176118
v 0.006110 0.918759 0.126983
v -0.000560 0.501131 -0.149179
v -0.016883 0.736802 0.165483
v 0.006413 0.524031 -0.147415
v -0.018475 0.937167 -0.087127
v -0.017140 0.736643 -0.164084
v 0.004884 0.721943 0.182124
v 0.001686 0.751528 0.144593
v 0.001010 0.503617 -0.146908
v 0.000182 0.648686 0.175411
v -0.004708 0.664987 -0.174205
v 0.004933 0.609856 -0.157819
v -0.000073 0.502470 -0.147045
v -0.017735 0.820669 -0.131429
v -0.018555 0.913711 0.119324
v 0.001886 0.504161 0.148337
v 0.000402 0.502666 0.148845
v 0.005676 0.918577 -0.125302
v 0.008371 0.636362 -0.174020
v 0.008036 0.793492 -0.142556
v 0.009929 0.931566 0.112593
v 0.014697 0.704920 0.181076
v 0.015809 0.952059 -0.006137
v 0.001829 0.615146 0.149418
v 0.004950 0.610470 0.160026
v 0.000837 0.751247 -0.142765
v -0.007583 0.731281 0.176331
v -0.019562 0.940263 0.023719
v 0.008464 0.745494 -0.175380
v 0.005737 0.754561 -0.144168
v -0.019581 0.939730 -0.050885
v 0.009422 0.947125 -0.090605
v -0.017271 0.766675 -0.135154
v 0.005340 0.416340 0.129675
v 0.010259 0.949749 -0.051373
v 0.010050 0.616444 0.169730
v -0.019249 0.939858 0.052457
v 0.009591 0.684030 0.177536
v -0.012672 0.435557 -0.146901
v -0.001328 0.593846 0.149382
v 0.002761 0.687717 -0.177393
v 0.007996 0.745072 0.177025
v 0.010165 0.422847 -0.139658
v 0.002643 0.533016 0.148685
v 0.013580 0.444355 0.152468
v -0.003649 0.417705 -0.127929
v -0.013151 0.446850 -0.151143
v -0.011451 0.446571 0.152424
v -0.005529 0.501177 0.150427
v -0.011771 0.592952 -0.146812
v -0.010169 0.461791 0.153265
v 0.008837 0.949104 0.055902
v 0.002082 0.412375 -0.105347
v 0.009595 0.423345 0.141017
v 0.008019 0.432286 -0.147251
v 0.015764 0.653080 0.176730
v 0.006823 0.610013 0.155145
v -0.011808 0.427076 0.140627
v 0.021001 0.409631 0.109019
v 0.018198 0.585342 -0.149487
v 0.008442 0.636206 0.175228
v 0.015933 0.717635 0.182227
v 0.008615 0.610341 0.149942
v 0.017178 0.500841 0.149784
v 0.013803 0.948813 0.093016
v 0.009987 0.615866 -0.167962
v 0.011708 0.698706 0.180346
v 0.009921 0.686686 -0.177185
v 0.006746 0.611175 -0.148309
v 0.022364 0.409598 -0.108574
v 0.007893 0.432353 0.148373
v 0.020336 0.501895 0.149465
v 0.017637 0.733215 0.182944
v 0.011762 0.608281 -0.148753
v 0.011784 0.668313 -0.175278
v 0.015238 0.717419 -0.180391
v 0.009742 0.686445 0.178997
v 0.017513 0.641279 -0.174886
v 0.013403 0.605775 -0.157788
v 0.013086 0.760346 -0.153463
v 0.017649 0.604167 -0.154584
v 0.026437 0.600477 0.160117
v 0.008581 0.090812 -0.123603
v 0.009134 0.090963 0.121044
v 0.017787 0.762167 0.154998
v 0.035390 0.457559 0.152135
v 0.025372 0.443219 -0.151105
v 0.025764 0.417779 0.137301
v 0.024595 0.762405 0.166753
v 0.018706 0.625860 0.174547
v 0.026275 0.921149 -0.135090
v 0.021957 0.953942 0.016737
v 0.011076 0.669864 0.176836
v 0.016703 0.605323 0.155355
v 0.010844 0.685274 0.170205
v 0.018672 0.626501 -0.173350
v 0.014805 0.089763 0.099099
v 0.011799 0.501883 -0.147930
v 0.019471 0.926160 -0.124311
v 0.010458 0.686518 -0.168899
v 0.012343 0.669340 -0.168744
v 0.029977 0.936052 0.119998
v 0.011898 0.695932 -0.168823
v 0.011854 0.672869 0.170105
v 0.020673 0.639693 0.176239
v 0.020377 0.080012 0.136311
v 0.020649 0.098247 0.120575
v 0.015432 0.080945 -0.123239
v 0.012501 0.700117 0.170342
v 0.030542 0.601176 0.151609
v 0.012946 0.700614 0.171511
v 0.033286 0.945270 -0.108644
v 0.032733 0.866121 0.151130
v 0.020918 0.406379 0.000620
v 0.026241 0.921121 0.136475
v 0.015053 0.704864 -0.168127
v 0.014616 0.090338 -0.145256
v 0.015669 0.654507 -0.175284
v 0.039921 0.500380 -0.147978
v 0.012785 0.019685 -0.125657
v 0.014216 0.090227 0.141842
v 0.015991 0.080377 0.120823
v 0.013109 0.027260 -0.125519
v 0.020562 0.098405 -0.123095
v 0.015029 0.705450 -0.176440
v 0.035576 0.412078 0.133220
v 0.013067 0.019685 0.123906
v 0.013317 0.700355 0.170090
v 0.024888 0.531393 0.150088
v 0.027037 0.753895 -0.175433
v 0.031631 0.417329 -0.137324
v 0.013452 0.028057 0.123351
v 0.022860 0.421754 0.142001
v 0.014082 0.662756 0.169705
v 0.028536 0.607677 0.169823
v 0.014855 0.705220 0.171927
v 0.016320 0.019511 -0.113849
v 0.013980 0.662903 -0.168488
v 0.014774 0.705985 0.170388
v 0.017112 0.026763 -0.137921
v 0.014216 0.089617 -0.101791
v 0.016861 0.026507 -0.113309
v 0.015312 0.012563 -0.125626
v 0.025087 0.413387 -0.130223
v 0.020260 0.714268 0.182228
v 0.020120 0.080268 0.103993
v 0.018223 0.014001 0.135294
v 0.016535 0.710175 -0.179819
v 0.017233 0.080458 -0.128760
v 0.016927 0.026202 0.135751
v 0.019182 0.647442 0.176667
v 0.015530 0.012864 0.124217
v 0.020846 0.080353 0.138702
v 0.027786 0.607881 -0.167883
v 0.024156 0.421224 -0.140741
v 0.017410 0.652980 -0.168921
v 0.015669 0.708191 -0.167938
v 0.015796 0.657105 0.169582
v 0.016956 0.019412 -0.138118
v 0.016349 0.089186 0.096829
v 0.016006 0.701117 -0.160308
v 0.018228 0.733650 -0.181107
v 0.017164 0.709553 0.169966
v 0.019269 0.711881 0.181579
v 0.018102 0.012584 -0.115239
v 0.016700 0.708321 -0.169668
v 0.016791 0.702480 -0.162375
v 0.027139 0.753516 0.177552
v 0.017191 0.708669 0.178927
v 0.017227 0.025651 0.110937
v 0.019092 0.012866 -0.137698
v 0.016582 0.709863 -0.162275
v 0.016693 0.707745 -0.163146
v 0.016572 0.696855 -0.162927
v 0.016737 0.020015 0.135925
v 0.017645 0.651877 -0.171827
v 0.020473 0.080039 -0.139877
v 0.023347 0.603219 -0.149566
v 0.019925 0.080301 -0.106992
v 0.017110 0.711958 -0.167909
v 0.022793 0.763997 -0.150915
v 0.018443 0.710975 -0.176294
v 0.028966 0.932853 -0.121857
v 0.016954 0.018998 0.111182
v 0.017299 0.706126 0.164222
v 0.017050 0.708801 0.163757
v 0.017154 0.710485 0.167838
v 0.017112 0.709076 0.167601
v 0.018071 0.649617 -0.175210
v 0.022979 0.763586 0.158026
v 0.031851 0.436894 -0.149488
v 0.017594 0.651710 0.169502
v 0.024769 0.097849 -0.140422
v 0.029225 0.574001 0.151708
v 0.020258 0.008263 0.125656
v 0.017896 0.705823 0.165398
v 0.018073 0.696163 -0.165187
v 0.017225 0.689759 -0.164374
v 0.017477 0.706003 0.162110
v 0.017498 0.713196 -0.164902
v 0.017777 0.695766 0.165477
v 0.030236 0.574730 -0.150190
v 0.045753 0.961867 0.005668
v 0.022471 0.055773 0.109709
v 0.018448 0.711656 -0.166090
v 0.019551 0.061883 0.121630
v 0.022383 0.008315 -0.135832
v 0.018009 0.761119 0.150545
v 0.019459 0.062299 -0.124990
v 0.017965 0.713074 -0.166840
v 0.018793 0.711134 -0.172344
v 0.022910 0.059399 -0.111939
v 0.019783 0.713979 -0.180127
v 0.018361 0.681252 -0.166774
v 0.021780 0.008532 0.133218
v 0.018438 0.684221 0.168024
v 0.023632 0.431445 -0.147724
v 0.018669 0.712106 -0.169223
v 0.018976 0.012557 0.112150
v 0.018897 0.708158 -0.165775
v 0.019123 0.711418 0.172680
v 0.019210 0.694040 -0.168582
v 0.023373 0.640393 -0.175077
v 0.018936 0.693098 0.162551
v 0.031233 0.721126 -0.181336
v 0.022864 0.764206 -0.153631
v 0.027751 0.025364 0.101944
v 0.025200 0.097652 0.103597
v 0.023611 0.077827 0.127344
v 0.019391 0.647442 -0.168156
v 0.021834 0.008324 0.114371
v 0.019317 0.710569 0.169150
v 0.020118 0.666816 -0.171338
v 0.027718 0.017010 0.102493
v 0.027231 0.024290 -0.104146
v 0.022131 0.643554 -0.175580
v 0.021714 0.078245 -0.124778
v 0.019992 0.670941 0.171900
v 0.019894 0.647818 0.173459
v 0.019908 0.712903 -0.168167
v 0.020977 0.007321 -0.125394
v 0.021255 0.645688 -0.171118
v 0.027485 0.019086 0.145226
v 0.022132 0.007522 -0.117394
v 0.030230 0.088403 -0.162437
v 0.021754 0.078210 0.120949
v 0.019736 0.647470 0.169480
v 0.020324 0.712082 0.171144
v 0.027585 0.026640 -0.147163
v 0.020207 0.712671 -0.170872
v 0.027024 0.017292 -0.104941
v 0.021354 0.713237 0.179136
v 0.027832 0.011261 -0.106835
v 0.032833 0.078040 0.150835
v 0.021581 0.643738 -0.168079
v 0.021538 0.667650 0.175836
v 0.030447 0.087313 -0.084425
v 0.025776 0.080063 -0.146639
v 0.033485 0.945769 0.110084
v 0.023350 0.714971 -0.174765
v 0.023919 0.602882 -0.150561
v 0.023704 0.677738 -0.184698
v 0.021369 0.713219 -0.171833
v 0.024971 0.668159 0.159851
v 0.029478 0.720849 0.183527
v 0.021709 0.645003 -0.173293
v 0.021957 0.700775 -0.176696
v 0.021924 0.079602 -0.105560
v 0.029815 0.778273 0.154662
v 0.041423 0.442174 0.152024
v 0.027577 0.019174 -0.147151
v 0.023043 0.644016 0.174874
v 0.023448 0.714917 0.181838
v 0.025930 0.602168 0.151214
v 0.022997 0.642421 0.176405
v 0.022249 0.702546 0.178554
v 0.023631 0.077797 0.114507
v 0.022889 0.058765 -0.137276
v 0.022646 0.653463 -0.176666
v 0.021949 0.659656 0.175617
v 0.022082 0.713457 0.175514
v 0.021853 0.644690 0.169527
v 0.033748 0.875603 0.149716
v 0.025269 0.663569 -0.189227
v 0.024310 0.431178 0.148903
v 0.032168 0.866174 -0.149302
v 0.025949 0.077792 0.134569
v 0.026721 0.653301 -0.162995
v 0.024914 0.098005 0.137316
v 0.031557 0.049353 0.101244
v 0.023694 0.667129 -0.160582
v 0.033825 0.411902 0.130806
v 0.029763 0.040157 0.144370
v 0.024407 0.717907 0.182977
v 0.023499 0.078641 -0.130241
v 0.024390 0.677203 0.186862
v 0.024880 0.764619 0.153631
v 0.023935 0.716896 -0.180560
v 0.024120 0.097959 -0.107975
v 0.023903 0.078900 0.101086
v 0.026401 0.922493 0.134693
v 0.025556 0.078386 -0.137162
v 0.028948 0.010464 0.104514
v 0.024399 0.007016 -0.135499
v 0.023909 0.647489 -0.178442
v 0.028162 0.012242 0.143523
v 0.022980 0.560303 0.207933
v 0.025435 0.077639 -0.110703
v 0.032390 0.879306 -0.146534
v 0.024588 0.654159 0.171715
v 0.025283 0.600722 -0.158341
v 0.034485 0.956330 -0.095097
v 0.023234 0.713295 -0.174487
v 0.026545 0.643442 -0.171909
v 0.032722 0.617793 -0.172238
v 0.022163 0.501316 -0.148092
v 0.025628 0.077616 0.108487
v 0.024622 0.762297 -0.165073
v 0.024432 0.642329 -0.171048
v 0.026653 0.550872 0.188003
v 0.024013 0.714573 0.177827
v 0.024866 0.641795 -0.174713
v 0.033479 0.077043 0.091269
v 0.025590 0.642016 0.172245
v 0.025412 0.643430 0.182044
v 0.025177 0.571676 0.205452
v 0.031113 0.006449 0.139631
v 0.034148 0.948831 -0.104614
v 0.025812 0.716695 -0.176214
v 0.030890 0.096867 -0.100339
v 0.029925 0.088147 0.159173
v 0.026593 0.923812 -0.131639
v 0.031333 0.617953 0.173871
v 0.029919 0.043452 -0.146074
v 0.029068 0.096090 0.122851
v 0.025557 0.715548 0.178923
v 0.026943 0.004579 0.117746
v 0.027441 0.639653 0.175495
v 0.026259 0.713759 0.179904
v 0.027123 0.005052 0.131313
v 0.026695 0.004878 -0.130200
v 0.037253 0.096443 -0.153649
v 0.025789 0.646753 -0.187173
v 0.027800 0.764953 -0.152947
v 0.025295 0.643678 -0.179293
v 0.027917 0.638577 0.176047
v 0.025314 0.640686 -0.168945
v 0.025873 0.643683 0.184479
v 0.029789 0.006669 0.108525
v 0.027845 0.004332 -0.120003
v 0.026281 0.645425 0.176704
v 0.034746 0.698549 0.191243
v 0.029655 0.006688 -0.110304
v 0.031326 0.841056 -0.150258
v 0.028593 0.012392 -0.145797
v 0.026304 0.640267 -0.174869
v 0.029823 0.640969 0.169252
v 0.027330 0.656989 0.162560
v 0.026459 0.718636 0.183257
v 0.026110 0.715454 0.180267
v 0.029697 0.008734 -0.143350
v 0.028984 0.574878 0.214607
v 0.027852 0.640124 -0.172096
v 0.033974 0.065763 -0.146175
v 0.026329 0.958487 -0.128068
v 0.026880 0.642059 -0.180670
v 0.033546 0.720528 0.183827
v 0.028631 0.648400 0.195404
v 0.026584 0.958955 0.129830
v 0.026759 0.924126 0.136355
v 0.027063 0.649691 -0.193991
v 0.036709 0.096793 0.149986
v 0.028528 0.718128 -0.178132
v 0.028141 0.640463 0.182647
v 0.026816 0.929441 -0.133776
v 0.033947 0.739734 -0.181696
v 0.031321 0.408767 0.107009
v 0.031455 0.739573 0.183515
v 0.039235 0.430952 -0.148493
v 0.028079 0.942263 0.133833
v 0.032171 0.004138 -0.135398
v 0.044490 0.407371 -0.080506
v 0.028030 0.954516 -0.076404
v 0.039141 0.430124 0.149088
v 0.028349 0.945474 -0.131515
v 0.036625 0.680780 0.197126
v 0.029747 0.041178 -0.104036
v 0.033846 0.956088 0.097042
v 0.029785 0.638392 0.176623
v 0.030787 0.637030 -0.175116
v 0.039907 0.499264 0.149135
v 0.035353 0.076100 -0.101424
v 0.032281 0.625408 -0.173187
v 0.028452 0.642639 -0.166901
v 0.027979 0.639835 -0.174683
v 0.032080 0.541990 0.193085
v 0.029353 0.005482 -0.112955
v 0.029470 0.639189 0.172259
v 0.028143 0.638114 -0.182820
v 0.028762 0.564494 0.187150
v 0.028843 0.969428 0.129195
v 0.031891 0.579859 0.205222
v 0.028084 0.639221 0.170059
v 0.028592 0.642972 -0.186041
v 0.028694 0.715753 0.181170
v 0.028430 0.947040 0.133037
v 0.030129 0.087369 0.082022
v 0.031634 0.635022 -0.174222
v 0.028692 0.550987 0.210471
v 0.030661 0.077393 -0.141855
v 0.033078 0.410814 -0.121683
v 0.028831 0.639951 -0.169085
v 0.028625 0.968908 -0.127625
v 0.034459 0.077914 -0.154159
v 0.033316 0.633943 0.176197
v 0.029519 0.408868 -0.109527
v 0.028585 0.639775 0.183413
v 0.030414 0.408747 -0.107737
v 0.032862 0.709851 -0.184388
v 0.029113 0.717304 0.181083
v 0.033477 0.002613 0.125239
v 0.029477 0.639032 0.174806
v 0.031801 0.601263 -0.150571
v 0.035748 0.765492 -0.155840
v 0.042769 0.023631 -0.100134
v 0.030918 0.601358 -0.150109
v 0.031473 0.636345 -0.175650
v 0.030299 0.645654 -0.193902
v 0.043206 0.598471 -0.155446
v 0.034953 0.651672 -0.201041
v 0.034354 0.683299 -0.193760
v 0.031394 0.617604 -0.191296
v 0.044710 0.961298 0.054456
v 0.034210 0.077009 -0.093555
v 0.041614 0.405930 0.004850
v 0.034517 0.411761 -0.129649
v 0.034195 0.002494 -0.123483
v 0.031572 0.579513 0.203839
v 0.032446 0.635759 0.176894
v 0.029075 0.408998 0.110244
v 0.036723 0.095992 0.090705
v 0.030267 0.948830 -0.124946
v 0.030718 0.633874 0.183162
v 0.033122 0.962014 -0.112442
v 0.038788 0.917504 -0.151429
v 0.030534 0.631146 0.187092
v 0.031382 0.950266 0.123167
v 0.029913 0.638855 0.170303
v 0.038434 0.916448 0.152878
v 0.031385 0.568487 0.225241
v 0.034894 0.574223 0.191175
v 0.034379 0.714575 0.186428
v 0.042641 0.943192 0.152204
v 0.033758 0.649297 0.199699
v 0.037330 0.970311 -0.106226
v 0.033526 0.059725 -0.102737
v 0.036046 0.557930 0.224755
v 0.032005 0.076759 0.102383
v 0.044136 0.961055 -0.055882
v 0.034508 0.980320 0.128928
v 0.030542 0.614673 -0.191683
v 0.041029 0.966311 0.147116
v 0.034845 0.599539 0.156807
v 0.033084 0.352473 0.120998
v 0.033448 0.003812 0.112179
v 0.030714 0.717896 0.182388
v 0.034396 0.962410 0.110594
v 0.042991 0.018248 -0.151796
v 0.036330 0.412428 0.134230
v 0.035499 0.076123 -0.146588
v 0.031889 0.644348 0.195554
v 0.035298 0.404530 0.131824
v 0.034070 0.388427 0.106737
v 0.031022 0.616134 -0.192113
v 0.031960 0.005649 -0.139942
v 0.040054 0.457935 -0.150779
v 0.033523 0.626543 -0.178869
v 0.042522 0.010272 -0.102567
v 0.027760 0.027471 0.145148
v 0.035625 0.820433 -0.153484
v 0.032273 0.646959 -0.195479
v 0.043546 0.040100 -0.149169
v 0.033451 0.576923 0.197391
v 0.040488 0.537770 0.185948
v 0.031692 0.614449 0.194706
v 0.031968 0.617132 -0.189566
v 0.043654 0.407608 -0.091157
v 0.031891 0.583428 0.203535
v 0.032946 0.618963 -0.203053
v 0.032719 0.355886 -0.119352
v 0.032873 0.578402 0.222100
v 0.035404 0.076273 0.143457
v 0.032959 0.720360 -0.179890
v 0.034917 0.952995 0.109515
v 0.042574 0.944591 -0.150568
v 0.038296 0.584932 0.216724
v 0.034553 0.616666 -0.182815
v 0.040149 0.957020 0.148894
v 0.038349 0.093269 -0.113481
v 0.033157 0.617983 0.192968
v 0.038491 0.093819 0.131381
v 0.036506 0.549788 0.212750
v 0.035648 0.545752 0.204762
v 0.035253 0.094325 0.123086
v 0.033660 0.979005 -0.127294
v 0.039819 0.004077 -0.109474
v 0.040827 0.085779 -0.080846
v 0.034777 0.411475 0.130711
v 0.034999 0.587713 -0.202023
v 0.034100 0.601158 0.199809
v 0.034526 0.954201 -0.109753
v 0.039846 0.726530 0.183971
v 0.035501 0.619398 0.207119
v 0.044967 0.407605 0.091187
v 0.041473 0.420043 -0.142506
v 0.033210 0.618042 0.193834
v 0.034696 0.623886 0.179667
v 0.035241 0.958163 0.109803
v 0.034854 0.094391 0.119863
v 0.039849 0.420564 0.143444
v 0.040564 0.815587 0.157685
v 0.033166 0.582378 0.198116
v 0.033246 0.635224 -0.174471
v 0.033836 0.621717 -0.202380
v 0.034802 0.958996 -0.109410
v 0.037304 0.375724 -0.104088
v 0.034908 0.002679 -0.130137
v 0.033067 0.347283 -0.121642
v 0.034756 0.002821 -0.117039
v 0.042741 0.004279 0.105873
v 0.044255 0.598023 -0.158774
v 0.034706 0.608484 -0.184181
v 0.035058 0.003359 0.133518
v 0.043349 0.031811 -0.100682
v 0.043229 0.560019 0.173308
v 0.034258 0.720223 0.184304
v 0.033524 0.346524 0.123095
v 0.035278 0.614277 0.183339
v 0.034147 0.718696 -0.181315
v 0.037876 0.001797 0.117827
v 0.035001 0.548370 0.209672
v 0.034861 0.634458 -0.173589
v 0.037778 0.095974 -0.093126
v 0.037102 0.585838 0.199938
v 0.039464 0.648640 -0.201634
v 0.041380 0.545287 0.172777
v 0.034303 0.355004 0.125278
v 0.038287 0.588561 0.214977
v 0.037674 0.594080 -0.212537
v 0.034556 0.610252 0.185958
v 0.034305 0.721277 -0.181338
v 0.035650 0.093997 -0.123894
v 0.034233 0.356865 -0.124423
v 0.035684 0.411886 -0.132095
v 0.053244 0.085316 0.166408
v 0.035123 0.607965 0.185357
v 0.036373 0.588227 0.204158
v 0.036009 0.952311 0.103537
v 0.034773 0.632339 0.175594
v 0.042220 0.648288 0.203676
v 0.035383 0.575509 0.191606
v 0.036606 0.630574 -0.174004
v 0.033746 0.344033 0.122535
v 0.035051 0.580713 0.191803
v 0.035619 0.628914 0.176154
v 0.038692 0.093635 0.110506
v 0.045088 0.597491 0.160657
v 0.035622 0.616652 -0.181339
v 0.037967 0.093553 -0.133814
v 0.042025 0.017314 -0.100692
v 0.037480 0.418159 0.140461
v 0.036322 0.765499 0.157740
v 0.040399 0.624173 0.174307
v 0.048249 0.574772 0.151941
v 0.036813 0.963695 0.105936
v 0.037104 0.954385 -0.099948
v 0.035918 0.865825 0.153180
v 0.046866 0.569760 0.180075
v 0.049117 0.573169 0.236502
v 0.044850 0.036186 0.099157
v 0.035267 0.632935 -0.174072
v 0.051568 0.074387 -0.088459
v 0.036919 0.587103 0.201885
v 0.047903 0.756225 0.177931
v 0.039772 0.865332 -0.154841
v 0.036639 0.963764 -0.104913
v 0.036488 0.623611 0.204515
v 0.037601 0.970888 0.107695
v 0.047229 0.057860 -0.148839
v 0.036157 0.632713 -0.173156
v 0.036018 0.591658 0.203160
v 0.035819 0.094838 0.120503
v 0.035943 0.578326 0.190670
v 0.036726 0.585937 -0.202823
v 0.041146 0.721933 -0.182268
v 0.036768 0.103108 0.121046
v 0.031093 0.824100 0.152666
v 0.035792 0.094143 -0.123908
v 0.037412 0.962903 0.104514
v 0.036423 0.093931 0.118431
v 0.042261 0.982055 -0.108718
v 0.037848 0.591780 -0.212353
v 0.036876 0.589150 0.206463
v 0.036209 0.094282 0.123523
v 0.040201 0.956100 -0.147592
v 0.036937 0.968541 0.107562
v 0.048933 0.717992 0.188611
v 0.037532 0.411777 0.134894
v 0.039374 0.584832 -0.191528
v 0.039699 0.722908 0.184539
v 0.036884 0.412746 -0.133628
v 0.045262 0.092987 0.104002
v 0.042470 0.002191 0.111678
v 0.041036 0.990019 0.128661
v 0.036493 0.075933 0.098792
v 0.038575 0.302943 -0.119386
v 0.043376 0.599797 -0.150630
v 0.038203 0.957514 0.099376
v 0.043224 0.028153 0.149230
v 0.042544 0.005343 -0.144375
v 0.051561 0.075326 0.155855
v 0.040403 0.539292 0.196171
v 0.047411 0.764987 -0.165222
v 0.039160 0.958048 0.098316
v 0.037521 0.543093 0.212355
v 0.041363 0.552365 0.219021
v 0.053740 0.085448 -0.168821
v 0.042452 0.017317 0.098523
v 0.038431 0.627704 0.174552
v 0.037759 0.546473 0.214269
v 0.038689 0.093330 -0.112875
v 0.037802 0.587544 -0.206384
v 0.039792 0.958279 0.097125
v 0.046622 0.426000 0.147372
v 0.046571 0.058213 0.146631
v 0.038734 0.880530 -0.153408
v 0.038141 0.652891 -0.203566
v 0.048325 0.714712 -0.186641
v 0.039802 0.590650 0.214853
v 0.047165 0.056190 -0.100544
v 0.042146 0.011347 0.147697
v 0.041108 0.816536 -0.156129
v 0.038697 0.586285 0.198636
v 0.038004 0.961846 -0.101264
v 0.037736 0.583408 -0.204044
v 0.040450 0.109198 -0.133567
v 0.040361 0.538261 0.203604
v 0.039914 0.854697 0.156686
v 0.038030 0.630309 -0.172834
v 0.042940 0.011114 -0.149954
v 0.049668 0.084736 -0.078236
v 0.045814 0.611306 0.175234
v 0.042097 0.982005 0.110117
v 0.038807 0.303093 0.120644
v 0.039662 0.585430 0.193225
v 0.039087 0.624635 0.175438
v 0.042716 0.326077 0.107830
v 0.039773 0.587594 0.192366
v 0.040964 0.600263 0.152207
v 0.042298 0.623471 -0.211817
v 0.047694 0.606905 0.170575
v 0.045593 0.607594 0.176382
v 0.041012 0.966458 -0.145487
v 0.040568 0.651527 0.205448
v 0.039337 0.576023 0.188345
v 0.042409 0.578029 0.185629
v 0.043607 0.145888 -0.123242
v 0.039499 0.958356 -0.096615
v 0.046537 0.002344 0.135542
v 0.043872 0.037922 0.147710
v 0.040704 0.622622 -0.173949
v 0.039697 0.853565 -0.154916
v 0.045240 0.093039 -0.141265
v 0.041009 0.095480 0.089570
v 0.042231 0.019180 0.149670
v 0.043710 0.001175 -0.124603
v 0.039558 0.868508 0.156302
v 0.041568 0.412458 -0.136548
v 0.043893 0.002416 -0.136819
v 0.061251 0.442741 -0.150967
v 0.072789 0.460545 -0.149746
v 0.049024 0.532405 0.149922
v 0.040911 0.724101 -0.181969
v 0.042485 0.573554 0.186061
v 0.048115 0.576033 -0.150535
v 0.044374 0.596159 -0.218483
v 0.042902 0.586164 0.220116
v 0.048305 0.987726 -0.139108
v 0.039794 0.589810 -0.212733
v 0.048218 0.056952 0.097912
v 0.040168 0.106030 0.110904
v 0.045821 0.627565 0.211128
v 0.042267 0.074872 -0.100074
v 0.043094 0.005139 -0.106955
v 0.040370 0.571915 -0.208177
v 0.040347 0.960429 0.100509
v 0.049641 0.345580 -0.138438
v 0.046017 0.959606 0.096725
v 0.043131 0.407637 0.092751
v 0.045460 0.092938 0.138471
v 0.040544 0.622173 -0.172380
v 0.041539 0.623266 -0.172523
v 0.049806 0.684053 -0.197598
v 0.043958 0.547049 0.223537
v 0.040856 0.583200 -0.192970
v 0.045170 0.344441 0.099809
v 0.044997 0.598236 0.157349
v 0.042478 0.023879 0.098449
v 0.040863 0.989861 -0.126910
v 0.050316 0.094935 0.154471
v 0.042297 0.626206 -0.209921
v 0.043042 0.576800 -0.217325
v 0.047690 0.765355 0.166619
v 0.046136 0.599924 0.152107
v 0.044506 0.977679 0.144454
v 0.043761 0.538987 0.213227
v 0.042893 0.075040 -0.148215
v 0.045610 0.298636 0.120287
v 0.047102 0.741757 0.183671
v 0.043370 0.075461 0.145688
v 0.048286 0.756500 -0.175759
v 0.044935 0.585120 0.189243
v 0.051284 0.073569 0.096239
v 0.043761 0.620526 -0.172221
v 0.049180 0.092412 0.140102
v 0.041369 0.116350 0.130881
v 0.051279 0.965167 -0.100343
v 0.047386 0.741160 -0.182084
v 0.043068 0.025157 -0.151548
v 0.044116 0.001209 0.125658
v 0.045471 0.001509 -0.115604
v 0.043578 0.619083 0.173442
v 0.041780 0.578845 -0.195670
v 0.042786 0.009605 0.100621
v 0.043282 0.005597 0.143135
v 0.043681 0.145440 0.121174
v 0.046601 0.990888 0.113574
v 0.045493 0.344998 -0.098986
v 0.049345 0.296154 -0.119546
v 0.042276 0.536417 0.199503
v 0.051326 0.562667 0.234287
v 0.049572 0.965177 0.102365
v 0.043324 0.538019 0.192620
v 0.045824 0.608008 -0.175306
v 0.045917 0.535437 0.180071
v 0.044391 0.977725 -0.142780
v 0.044824 0.612609 -0.174588
v 0.044758 0.554052 0.222469
v 0.043644 0.545526 0.171667
v 0.046218 0.534128 -0.218677
v 0.045253 0.605952 -0.168535
v 0.045542 0.580988 -0.191536
v 0.044831 0.040710 -0.101078
v 0.046754 0.535109 0.194881
v 0.048577 0.583188 -0.184994
v 0.055428 0.961373 -0.093128
v 0.044466 0.604553 -0.217306
v 0.046861 0.533566 0.201311
v 0.044652 0.617176 -0.172803
v 0.051870 0.074984 -0.158277
v 0.045440 0.622805 0.214368
v 0.045375 0.617283 0.172980
v 0.047037 0.145483 -0.112578
v 0.052000 0.681551 0.200450
v 0.051287 0.649449 -0.204581
v 0.054951 0.094098 -0.158827
v 0.056303 0.617893 -0.171563
v 0.049246 0.581706 -0.187658
v 0.051151 0.914038 -0.156756
v 0.046737 0.619425 -0.172091
v 0.048820 0.591168 0.183264
v 0.046996 0.092369 -0.105937
v 0.048411 0.303072 -0.137556
v 0.046941 0.990918 -0.111814
v 0.046077 0.302901 -0.101063
v 0.043842 0.618886 0.174013
v 0.046249 0.141210 0.110422
v 0.046341 0.145018 -0.134173
v 0.050123 0.074366 0.147228
v 0.046043 0.554024 -0.203403
v 0.049028 0.583195 0.232383
v 0.050294 0.556472 0.227107
v 0.046480 0.602448 0.178557
v 0.047493 0.995711 -0.126372
v 0.046797 0.522615 0.217782
v 0.057098 0.009435 0.099077
v 0.049295 0.536096 0.186246
v 0.053356 0.625005 -0.215091
v 0.044822 0.618717 0.173340
v 0.046151 0.302958 0.101631
v 0.044738 0.407155 0.091831
v 0.047165 0.030999 -0.150502
v 0.047824 0.599952 -0.150595
v 0.047981 0.106564 -0.106234
v 0.050987 0.654708 -0.206499
v 0.047737 0.572053 0.181914
v 0.052667 0.812521 0.159612
v 0.062923 0.964054 0.154465
v 0.045136 0.617127 0.173828
v 0.047283 0.106725 0.138807
v 0.048991 0.573582 0.181742
v 0.047739 0.593603 -0.219278
v 0.059100 0.970031 0.100396
v 0.046308 0.546411 0.225272
v 0.054140 0.145871 0.139438
v 0.054341 0.296020 -0.106045
v 0.050925 0.412752 -0.141817
v 0.052023 0.093058 -0.095128
v 0.049360 0.988751 0.140758
v 0.048493 0.029713 -0.101285
v 0.046827 0.407319 -0.090136
v 0.051068 0.411994 0.142567
v 0.048081 0.726354 0.184427
v 0.051231 0.045553 -0.147724
v 0.049074 0.118628 -0.141630
v 0.050558 0.296316 -0.115239
v 0.053384 0.996210 -0.133311
v 0.050072 0.296340 0.121440
v 0.050184 0.535604 0.187380
v 0.049494 0.345840 0.138858
v 0.047051 0.596684 -0.220050
v 0.052116 0.407637 0.089729
v 0.049900 0.532931 0.197164
v 0.048527 0.766537 0.158881
v 0.055260 0.600448 0.151412
v 0.049292 0.585295 0.186358
v 0.058863 0.000492 0.115027
v 0.052858 0.028927 0.099945
v 0.053585 0.866244 -0.158604
v 0.048278 0.996114 0.127435
v 0.052035 0.813197 -0.158029
v 0.050041 0.118516 0.103164
v 0.078451 0.965827 -0.053795
v 0.055206 0.001372 0.110720
v 0.048730 0.302950 0.138195
v 0.064176 0.954441 0.156554
v 0.047936 0.544410 0.225481
v 0.053296 0.867515 0.159977
v 0.048443 0.092448 0.102630
v 0.049250 0.585758 -0.221950
v 0.050094 0.594505 0.222110
v 0.051206 0.074531 0.086032
v 0.064713 0.406430 0.002430
v 0.053481 0.296354 0.127436
v 0.049400 0.724698 -0.182416
v 0.064100 0.534532 0.173741
v 0.048817 0.616085 0.172788
v 0.049308 0.615578 0.172409
v 0.050438 0.577405 -0.190129
v 0.060470 0.002360 -0.109778
v 0.049039 0.583817 0.186191
v 0.052560 0.550431 0.229525
v 0.052096 0.187346 -0.134024
v 0.055826 0.160143 -0.142094
v 0.053215 0.084258 0.075542
v 0.049143 0.520469 0.204928
v 0.050227 0.578312 0.181188
v 0.052455 0.562896 -0.194853
v 0.051572 0.038721 0.146501
v 0.067664 0.940689 -0.157232
v 0.052453 0.190125 -0.112508
v 0.051342 0.092285 -0.143357
v 0.049779 0.587655 0.224803
v 0.050796 0.044894 0.145885
v 0.050657 0.554792 0.226554
v 0.051553 0.205247 -0.123347
v 0.055738 0.153109 0.102632
v 0.054872 0.032101 -0.149933
v 0.054385 0.295737 0.106868
v 0.057846 0.011824 0.149469
v 0.052445 0.484642 0.212222
v 0.052381 0.997476 -0.116263
v 0.046116 0.604904 0.169522
v 0.056841 0.498827 0.148584
v 0.063510 0.599079 0.160611
v 0.060135 0.041010 -0.104727
v 0.052043 0.296384 -0.126079
v 0.050840 0.073769 -0.149804
v 0.050968 0.073699 -0.098550
v 0.065002 0.344381 -0.087105
v 0.051221 0.997554 0.126123
v 0.049083 0.162476 0.131667
v 0.050781 0.501381 -0.224995
v 0.052627 0.423636 -0.146295
v 0.051462 0.478511 0.227282
v 0.055533 0.648690 0.206104
v 0.071849 0.964486 -0.090084
v 0.051933 0.206016 0.120720
v 0.052448 0.514429 -0.233180
v 0.056497 0.614224 -0.172573
v 0.050438 0.522729 -0.211327
v 0.058401 0.534474 0.176090
v 0.051217 0.177036 0.109871
v 0.058391 0.628746 0.213132
v 0.063973 0.407778 0.068293
v 0.059000 0.625600 0.215857
v 0.053411 0.599078 -0.159430
v 0.059095 0.599639 0.156132
v 0.054033 0.139977 -0.105348
v 0.058644 0.519392 -0.238722
v 0.058662 0.600111 -0.153660
v 0.052842 0.627982 -0.212337
v 0.060834 0.052837 0.101715
v 0.055654 0.093442 -0.087870
v 0.056507 0.532378 -0.202535
v 0.055356 0.091292 0.141533
v 0.058804 0.407732 -0.086784
v 0.054136 0.091349 -0.104065
v 0.058514 0.019494 0.150789
v 0.051021 0.527588 0.230910
v 0.067319 0.753471 0.177775
v 0.050363 0.997290 -0.125546
v 0.052420 0.997280 0.117654
v 0.054608 0.093172 0.085424
v 0.048986 0.766593 -0.157375
v 0.072526 0.914189 0.160637
v 0.051203 0.296165 0.114915
v 0.063680 0.738948 -0.181861
v 0.054600 0.421538 0.146559
v 0.060560 0.035823 -0.104201
v 0.067417 0.940986 0.158811
v 0.063464 0.977039 -0.148862
v 0.068010 0.753585 -0.175792
v 0.054778 0.531704 0.191688
v 0.050368 0.430052 -0.148893
v 0.063918 0.709393 -0.183828
v 0.057945 0.018569 -0.152864
v 0.058109 0.004066 -0.145002
v 0.052626 0.614679 0.172414
v 0.061552 0.001497 -0.136913
v 0.061129 0.054431 -0.104316
v 0.061634 0.530862 0.240179
v 0.056064 0.000627 -0.125932
v 0.052585 0.430332 0.149982
v 0.054116 0.571642 0.179620
v 0.055008 0.653490 0.208189
v 0.065091 0.980923 0.102598
v 0.059490 0.593923 -0.178886
v 0.062035 0.579590 0.178633
v 0.056984 0.719425 -0.182122
v 0.060130 0.718048 0.184777
v 0.050905 0.296526 -0.119319
v 0.060357 0.031236 0.148075
v 0.053616 0.722300 -0.182325
v 0.055936 0.027193 0.149688
v 0.054469 0.721996 0.184947
v 0.056942 0.520171 0.193970
v 0.054879 0.725196 0.184182
v 0.052906 0.038011 -0.148405
v 0.058467 0.023888 -0.100307
v 0.054913 0.535744 0.184577
v 0.052641 0.296457 -0.112784
v 0.052965 0.084680 -0.077720
v 0.057723 0.595719 -0.221892
v 0.062756 0.302582 0.090616
v 0.053899 0.585327 0.185172
v 0.061201 0.611477 0.220257
v 0.056132 0.501393 -0.147589
v 0.057753 0.296134 -0.132850
v 0.064877 0.442806 0.151793
v 0.060626 0.192463 -0.104501
v 0.052238 0.564094 0.235230
v 0.060884 0.606091 0.169965
v 0.053991 0.996325 0.135016
v 0.069878 0.072463 -0.093166
v 0.060449 0.582079 -0.186065
v 0.065998 0.303190 0.147024
v 0.055666 0.444412 0.232534
v 0.055510 0.480335 -0.220099
v 0.053094 0.584126 0.185506
v 0.062666 0.608800 0.171204
v 0.054224 0.088058 -0.081810
v 0.055663 0.487035 -0.238103
v 0.054796 0.091804 0.158651
v 0.057971 0.607575 -0.169383
v 0.069885 0.762459 0.166407
v 0.060161 0.583549 -0.183300
v 0.055549 0.529344 0.192131
v 0.055683 0.233287 0.120442
v 0.056251 0.100151 0.142001
v 0.057719 0.232494 0.109290
v 0.058431 0.102856 -0.103254
v 0.057283 0.598615 -0.222890
v 0.060262 0.489912 0.199498
v 0.072585 0.914238 -0.159077
v 0.056663 0.481265 0.240213
v 0.056488 0.557618 0.230196
v 0.054882 0.298013 0.118171
v 0.054741 0.297719 -0.125789
v 0.056155 0.238291 -0.122550
v 0.063223 0.574140 0.177799
v 0.060457 0.040433 0.144220
v 0.056751 0.092598 -0.151372
v 0.064414 0.628271 -0.209945
v 0.060316 0.045622 0.143232
v 0.058492 0.025955 -0.151749
v 0.059070 0.999234 0.124774
v 0.059211 0.093974 0.154846
v 0.062696 0.965616 -0.096750
v 0.069139 0.412961 0.145233
v 0.051050 0.914548 0.158205
v 0.057555 0.003260 0.105160
v 0.056785 0.072955 0.097237
v 0.057576 0.017855 -0.100015
v 0.063566 0.068462 0.143074
v 0.067675 0.683095 0.194655
v 0.062523 0.296109 -0.099852
v 0.065455 0.707026 0.186974
v 0.062516 0.563960 -0.193032
v 0.063293 0.000446 0.125709
v 0.075905 0.869066 -0.159282
v 0.056638 0.554729 0.229772
v 0.065188 0.654605 -0.203105
v 0.055752 0.296403 -0.130444
v 0.057790 0.608529 -0.173563
v 0.059584 0.587332 -0.224799
v 0.057796 0.101214 0.100859
v 0.055596 0.613009 0.171937
v 0.062306 0.739337 0.183513
v 0.064627 0.981219 -0.101402
v 0.064997 0.971130 -0.097794
v 0.066585 0.397696 -0.084909
v 0.058436 0.010871 -0.151415
v 0.059113 0.301615 -0.120620
v 0.061406 0.410714 0.223211
v 0.064060 0.988037 -0.143531
v 0.057057 0.458148 -0.233063
v 0.062388 0.004982 0.144358
v 0.057015 0.612641 0.172413
v 0.057009 0.004259 -0.106377
v 0.065286 0.344178 0.087815
v 0.068740 0.344042 -0.145256
v 0.056713 0.617252 -0.171524
v 0.055811 0.092309 -0.144829
v 0.065537 0.152913 -0.145202
v 0.057188 0.091172 0.101084
v 0.070781 0.600390 -0.158433
v 0.056981 0.091071 -0.103652
v 0.057179 0.296113 0.133237
v 0.060931 0.601246 0.151643
v 0.064024 0.073656 0.152724
v 0.063185 0.649196 -0.202040
v 0.064071 0.215250 0.139280
v 0.056819 0.298077 0.125796
v 0.056743 0.298095 0.109489
v 0.064424 0.995325 -0.137314
v 0.058057 0.236667 -0.111802
v 0.056032 0.553403 0.230155
v 0.061160 0.036563 0.145163
v 0.061021 0.084551 -0.166834
v 0.061899 0.999255 -0.128803
v 0.066297 0.966803 0.097539
v 0.060168 0.028335 -0.101731
v 0.068761 0.082567 -0.082143
v 0.063792 1.000150 -0.124874
v 0.070826 0.762037 -0.164977
v 0.062385 0.302497 -0.089891
v 0.066814 0.431288 0.150243
v 0.060470 0.301005 -0.127457
v 0.060576 0.301159 -0.110043
v 0.060376 0.037538 -0.146935
v 0.064978 0.990374 -0.106050
v 0.057631 0.009755 -0.101562
v 0.061005 0.562821 0.234313
v 0.061210 0.056379 -0.145033
v 0.066814 0.537640 -0.237470
v 0.059701 0.407626 -0.086237
v 0.064279 0.072647 0.143635
v 0.067766 0.575214 -0.149055
v 0.060935 0.601165 -0.149588
v 0.064483 0.953548 -0.155252
v 0.063200 0.965365 -0.152560
v 0.061491 0.489578 -0.210744
v 0.059583 0.236598 0.131101
v 0.060974 0.585405 0.183399
v 0.058927 0.083992 -0.079503
v 0.075786 0.868253 0.160833
v 0.065967 0.152706 0.142379
v 0.060737 0.601108 -0.150415
v 0.060418 0.584443 0.183749
v 0.062667 0.572128 0.177435
v 0.069683 0.576753 0.238072
v 0.059597 0.606883 0.173123
v 0.057632 0.721916 -0.181885
v 0.061152 0.721835 -0.182110
v 0.059498 0.236719 -0.133689
v 0.060164 0.300298 0.107426
v 0.062945 0.578385 0.177594
v 0.058153 0.550164 0.233407
v 0.059245 0.413200 0.236828
v 0.058699 0.612738 0.172013
v 0.061079 0.720258 0.183952
v 0.060013 0.298396 0.130260
v 0.065927 0.303458 -0.146739
v 0.070021 0.653157 0.203132
v 0.069798 0.072066 0.090929
v 0.060720 0.043445 -0.145499
v 0.070005 0.763729 -0.157852
v 0.058368 0.617232 -0.171975
v 0.061150 0.026264 0.099694
v 0.061599 0.407480 -0.059049
v 0.063465 0.976981 0.150305
v 0.065686 0.145554 -0.102610
v 0.060068 0.035371 0.102471
v 0.058718 0.300027 0.118749
v 0.058962 0.300002 0.122889
v 0.064049 0.034933 -0.147851
v 0.062158 0.296040 0.101009
v 0.058640 0.617127 -0.171371
v 0.068343 0.413302 -0.144269
v 0.069181 0.519605 0.189100
v 0.065716 0.082682 0.078800
v 0.068414 0.599349 -0.220914
v 0.059288 0.296308 0.103744
v 0.070468 0.566807 0.236704
v 0.062512 0.090797 -0.143162
v 0.061787 0.300490 -0.107321
v 0.065701 0.602035 0.150445
v 0.059230 0.300657 0.113801
v 0.060950 0.576202 -0.189012
v 0.059454 0.278471 -0.121539
v 0.058996 0.298959 0.118960
v 0.063774 0.560267 0.166955
v 0.059085 0.618556 -0.171724
v 0.062837 0.585181 0.183027
v 0.064583 0.461280 -0.215333
v 0.061584 0.277454 -0.110687
v 0.071030 0.558461 0.230575
v 0.064443 0.544435 0.164999
v 0.059713 0.278340 0.119855
v 0.064869 0.423011 -0.247933
v 0.059910 0.300864 0.113354
v 0.060032 0.300557 0.108875
v 0.059497 0.720368 -0.180966
v 0.064967 0.415575 0.249854
v 0.063357 0.206480 -0.142260
v 0.059569 0.296034 -0.120889
v 0.060722 0.619146 -0.172243
v 0.063270 0.216237 0.101795
v 0.063313 0.072181 -0.146840
v 0.063785 0.999336 0.120109
v 0.065179 0.231362 -0.103650
v 0.067291 0.609284 -0.176595
v 0.062130 0.296278 -0.135633
v 0.061747 0.583721 0.182490
v 0.064483 0.299928 -0.105485
v 0.066294 0.295934 -0.097465
v 0.064758 0.071758 -0.102806
v 0.066723 0.963604 0.093297
v 0.061351 0.405695 0.237228
v 0.070326 0.500339 0.147372
v 0.065075 0.029954 -0.149792
v 0.061257 0.301116 -0.108946
v 0.071196 0.628510 0.209390
v 0.061347 0.296595 -0.109846
v 0.061170 0.300278 0.124563
v 0.061835 0.091911 0.086525
v 0.064255 0.575270 0.150499
v 0.062101 0.458515 0.151418
v 0.069958 0.470241 0.251200
v 0.077184 0.003888 -0.145208
v 0.060499 0.611864 0.172518
v 0.068631 0.648420 0.202049
v 0.068760 0.092277 -0.155102
v 0.075241 0.769971 0.159431
v 0.078351 0.965718 0.055514
v 0.066461 0.493542 0.247284
v 0.061376 0.298102 0.108521
v 0.066709 0.534971 0.182117
v 0.061212 0.299771 -0.128075
v 0.060726 0.619019 -0.171722
v 0.063197 0.293127 -0.132552
v 0.061344 0.720395 -0.179727
v 0.070441 0.586407 -0.223294
v 0.064490 0.071797 0.099075
v 0.062131 0.614512 0.172091
v 0.063105 0.721730 0.183758
v 0.064075 0.596419 0.224321
v 0.065438 0.620435 -0.214802
v 0.063097 0.411478 -0.238590
v 0.063940 0.283222 0.130403
v 0.061425 0.620892 -0.172217
v 0.061843 0.300660 0.127243
v 0.062842 0.405209 0.224173
v 0.066432 0.244063 0.100713
v 0.065074 0.683238 -0.193553
v 0.065006 0.297402 -0.138431
v 0.064223 0.034446 0.145723
v 0.062953 0.297852 -0.134268
v 0.061959 0.278999 0.108099
v 0.066126 0.407835 0.085761
v 0.065815 0.534739 -0.200265
v 0.062457 0.300590 0.105199
v 0.065655 0.039258 -0.109135
v 0.062774 0.297482 -0.107868
v 0.070516 0.116010 0.139573
v 0.060778 0.439754 -0.225507
v 0.066540 0.440551 0.207495
v 0.070543 0.964402 -0.092473
v 0.062057 0.033989 0.102705
v 0.062953 0.032612 -0.104031
v 0.063125 0.090475 0.140116
v 0.062093 0.400275 0.238286
v 0.065387 0.990679 0.107712
v 0.069559 0.596238 -0.181626
v 0.070143 0.585720 -0.185385
v 0.065488 0.998422 0.116057
v 0.066064 0.998801 0.131240
v 0.066263 0.456115 -0.249767
v 0.072065 0.502445 -0.146562
v 0.066690 0.589326 0.227297
v 0.067570 0.585375 0.234146
v 0.062876 0.296333 0.106474
v 0.065132 0.998909 -0.130089
v 0.065039 0.999946 0.125652
v 0.065016 0.296113 0.100871
v 0.064190 0.987972 0.145080
v 0.065273 0.626181 -0.211792
v 0.063270 0.483325 -0.246163
v 0.069680 0.043600 -0.137436
v 0.063188 0.299075 -0.132673
v 0.063320 0.403031 0.224224
v 0.064193 0.391028 0.240252
v 0.062579 0.300030 0.126928
v 0.066995 0.432004 -0.149335
v 0.064782 0.996199 0.138199
v 0.066126 0.090109 -0.142026
v 0.063191 0.624554 -0.172711
v 0.065521 0.391925 0.227306
v 0.064340 0.036405 0.106190
v 0.065138 0.143994 0.100367
v 0.067972 0.244020 -0.141629
v 0.064760 0.534493 0.178206
v 0.070635 0.044133 0.111995
v 0.070652 0.055451 -0.135729
v 0.066761 0.616150 0.172162
v 0.066338 0.616363 -0.171097
v 0.063553 0.279638 -0.133267
v 0.068323 0.241394 0.139305
v 0.066975 0.408287 0.250251
v 0.065654 0.296636 0.137931
v 0.067171 0.555801 0.230182
v 0.067768 0.608437 -0.168919
v 0.070891 0.579789 -0.190707
v 0.064877 0.715619 0.183495
v 0.063850 0.719548 -0.179163
v 0.069582 0.512001 -0.204465
v 0.073519 0.547121 0.236447
v 0.065372 0.402137 -0.229625
v 0.065665 0.071988 -0.145757
v 0.061281 0.057294 0.142459
v 0.069334 0.399291 0.253316
v 0.070190 0.044623 0.134494
v 0.072365 0.626529 0.211684
v 0.064107 0.300216 0.104196
v 0.072095 0.964605 0.091095
v 0.067560 0.089931 -0.106750
v 0.064794 0.037084 -0.144546
v 0.065523 0.036186 0.106901
v 0.064151 0.297046 -0.133971
v 0.072410 0.062912 -0.136325
v 0.069174 0.100166 -0.106195
v 0.066988 0.966290 -0.096463
v 0.066373 0.299101 0.131650
v 0.068490 0.345644 0.145725
v 0.064396 0.625156 -0.172697
v 0.069114 0.299208 0.134273
v 0.066196 0.299933 0.131776
v 0.067983 0.596004 -0.220082
v 0.073249 0.027842 -0.150615
v 0.067300 0.090131 0.104127
v 0.065324 0.998956 -0.114257
v 0.064760 0.625504 -0.173570
v 0.086223 0.009463 -0.101466
v 0.066716 0.720167 -0.181917
v 0.069974 0.584335 -0.188422
v 0.066332 0.577797 0.177300
v 0.065765 0.618652 -0.174707
v 0.064863 0.720771 -0.181823
v 0.069326 0.603021 -0.148779
v 0.065357 0.296608 -0.135373
v 0.073649 0.020067 -0.153030
v 0.072934 0.593631 0.180051
v 0.070455 0.024924 0.099455
v 0.065966 0.296560 0.097997
v 0.065135 0.629943 -0.173247
v 0.070334 0.043493 -0.113947
v 0.072643 0.570251 -0.194058
v 0.070167 0.070768 -0.107826
v 0.075511 0.532825 0.241306
v 0.071103 0.055981 -0.113867
v 0.074097 0.067629 0.109584
v 0.072333 0.640780 -0.196643
v 0.067099 0.373030 -0.242819
v 0.070398 0.763799 0.159313
v 0.069631 0.279711 -0.102268
v 0.070405 0.055047 0.133962
v 0.075334 0.995363 -0.134741
v 0.076822 0.418598 0.258728
v 0.070053 0.395584 0.219442
v 0.065895 0.719116 0.182739
v 0.068818 0.405616 0.217679
v 0.076109 0.081584 -0.084250
v 0.066932 0.035638 -0.108951
v 0.068385 0.716587 -0.175973
v 0.065803 0.718521 -0.178144
v 0.077701 0.596672 0.220610
v 0.065936 0.630431 -0.173416
v 0.067640 0.407829 -0.084393
v 0.076367 0.140536 0.103397
v 0.066305 0.297740 0.102571
v 0.066877 0.090146 0.139086
v 0.067448 0.295802 0.101594
v 0.076422 0.082551 -0.162369
v 0.073341 0.091951 0.151965
v 0.079531 0.020091 0.151066
v 0.066414 0.157349 -0.145157
v 0.070711 0.600077 0.160064
v 0.081735 0.011435 0.149803
v 0.076012 0.138947 -0.105760
v 0.075079 0.733686 -0.181650
v 0.068876 0.531898 0.186178
v 0.069824 0.071986 -0.152795
v 0.066536 0.158295 -0.145157
v 0.066536 0.158295 -0.145157
v 0.066536 0.158356 -0.145157
v 0.066536 0.158356 -0.145157
v 0.066536 0.158966 -0.145157
v 0.071514 0.297195 0.137275
v 0.067971 0.298559 -0.102894
v 0.066965 0.633644 -0.173791
v 0.071026 0.601438 -0.154639
v 0.068651 0.609940 0.173171
v 0.070841 0.720474 0.183321
v 0.071887 0.194503 -0.144932
v 0.068597 0.608443 0.170595
v 0.067754 0.424357 -0.146809
v 0.072023 0.553488 0.233740
v 0.070891 0.040287 -0.137551
v 0.082078 0.090015 -0.101611
v 0.071130 0.571468 0.176173
v 0.069091 0.613913 0.173263
v 0.066925 0.717515 0.179806
v 0.069501 0.379342 0.230255
v 0.071762 0.652408 -0.196512
v 0.070968 0.082638 0.080735
v 0.072241 0.585635 0.182682
v 0.072160 0.032715 0.103962
v 0.061854 0.018157 0.097850
v 0.069091 0.574391 0.177638
v 0.067013 0.715938 0.180599
v 0.077419 0.151449 0.139038
v 0.069979 0.587100 0.182756
v 0.070805 0.297209 -0.140464
v 0.072007 0.038952 0.135436
v 0.067245 0.717714 -0.180311
v 0.068569 0.404444 -0.084366
v 0.072611 0.209499 0.099281
v 0.069635 0.424436 -0.219432
v 0.070018 0.714899 -0.174610
v 0.068273 0.380048 0.243779
v 0.075939 0.652668 -0.191517
v 0.067935 0.630523 -0.175073
v 0.067642 0.716736 0.181168
v 0.077033 0.996861 -0.117979
v 0.073463 0.498785 0.147834
v 0.075640 0.733349 0.183266
v 0.079368 0.171013 -0.141925
v 0.070896 0.054469 0.111183
v 0.077504 0.996189 0.119375
v 0.069957 0.295641 0.099021
v 0.072117 0.039085 -0.137645
v 0.079017 0.987300 0.141494
v 0.070733 0.037971 0.137451
v 0.071251 0.032154 -0.104908
v 0.077111 0.997406 0.127867
v 0.078376 0.997015 -0.125551
v 0.068214 0.716858 -0.179398
v 0.073158 0.485946 -0.248619
v 0.070306 0.297010 0.139731
v 0.071982 0.711951 0.175973
v 0.070996 0.040463 0.112285
v 0.077142 0.537324 0.174007
v 0.074812 0.027801 0.148995
v 0.069330 0.369368 -0.231684
v 0.081244 0.433181 -0.147811
v 0.069685 0.717228 -0.181436
v 0.077354 0.589669 0.223992
v 0.069291 0.407989 0.085521
v 0.072258 0.491811 -0.207759
v 0.069645 0.277620 0.099327
v 0.072704 0.965981 -0.099148
v 0.072874 0.398667 -0.257953
v 0.071913 0.276915 -0.141398
v 0.082070 0.976418 0.145987
v 0.081160 0.408510 0.053093
v 0.074868 0.136687 -0.142106
v 0.073651 0.025114 -0.101381
v 0.074734 0.033700 -0.146616
v 0.071689 0.038661 0.112510
v 0.079936 0.001488 0.135533
v 0.074191 0.088783 -0.135107
v 0.075706 0.457468 -0.212752
v 0.068993 0.297364 -0.101872
v 0.070050 0.636039 -0.175377
v 0.070210 0.636864 -0.174489
v 0.075474 0.475431 0.196983
v 0.068887 0.617253 0.172402
v 0.077151 0.229306 -0.144358
v 0.069051 0.717738 0.182626
v 0.069483 0.715340 0.181837
v 0.071079 0.624608 -0.172686
v 0.071129 0.370409 -0.254896
v 0.070145 0.370560 -0.251395
v 0.070519 0.041846 0.134915
v 0.071000 0.038721 -0.113728
v 0.083109 0.344609 0.086392
v 0.072584 0.646455 -0.193100
v 0.074343 0.034971 0.108267
v 0.073940 0.088825 -0.136434
v 0.071253 0.616443 -0.170603
v 0.069602 0.365896 -0.242414
v 0.072560 0.393899 -0.222919
v 0.069694 0.713864 0.178101
v 0.069359 0.297638 0.137131
v 0.078754 0.598163 -0.213504
v 0.069889 0.715650 -0.180285
v 0.071576 0.411610 0.210714
v 0.074725 0.070747 -0.137022
v 0.072893 0.091286 -0.092771
v 0.073139 0.090225 0.089445
v 0.069665 0.618579 0.172546
v 0.073746 0.090709 -0.154609
v 0.071717 0.965106 0.097594
v 0.070265 0.072612 0.150353
v 0.074768 0.070336 -0.111931
v 0.067761 0.424699 0.147952
v 0.073575 0.213321 -0.101675
v 0.075792 0.095625 0.131705
v 0.078537 0.408831 -0.086220
v 0.081896 0.432997 0.202915
v 0.071123 0.964449 0.093531
v 0.085256 0.303184 0.147207
v 0.072483 0.277225 0.138994
v 0.070984 0.965285 -0.097481
v 0.072401 0.363435 -0.243419
v 0.072136 0.557324 0.230304
v 0.074200 0.089334 0.110660
v 0.071804 0.296284 -0.101286
v 0.078340 0.575618 0.178141
v 0.075176 0.995800 0.135808
v 0.072855 0.578026 0.177340
v 0.086215 0.745214 0.177361
v 0.096110 0.000081 -0.125891
v 0.076947 0.445518 -0.149903
v 0.077932 0.230886 0.141871
v 0.086381 0.956853 -0.149335
v 0.073520 0.037735 0.112559
v 0.071486 0.369020 -0.253588
v 0.074587 0.647584 0.196139
v 0.072703 0.297842 -0.141139
v 0.078982 0.675785 0.183916
v 0.071872 0.603978 0.149769
v 0.085075 0.303410 -0.147000
v 0.073556 0.616345 -0.180488
v 0.070730 0.045354 -0.135451
v 0.082788 0.345489 -0.085377
v 0.071589 0.389023 0.254990
v 0.075824 0.580067 0.177566
v 0.072407 0.625306 -0.180082
v 0.080793 0.185080 0.102868
v 0.075161 0.070361 0.109339
v 0.071084 0.713491 0.176521
v 0.082049 0.000293 -0.117210
v 0.072518 0.627178 -0.202915
v 0.075173 0.089312 0.131320
v 0.078401 0.588103 -0.216296
v 0.071005 0.619043 0.172451
v 0.070977 0.619101 0.173363
v 0.072766 0.363394 -0.241729
v 0.073425 0.405179 0.212530
v 0.071724 0.296067 -0.096410
v 0.071759 0.040764 -0.135056
v 0.073503 0.619606 -0.181221
v 0.075139 0.091458 0.111394
v 0.071678 0.639692 -0.175254
v 0.073389 0.615737 0.175494
v 0.073615 0.055506 0.121968
v 0.074396 0.705192 -0.172121
v 0.073355 0.401063 0.213434
v 0.074931 0.367354 -0.225307
v 0.071760 0.042261 0.129830
v 0.071576 0.039290 -0.115417
v 0.073180 0.364545 -0.234287
v 0.080266 0.418044 -0.258430
v 0.071958 0.715210 -0.180971
v 0.073895 0.711646 -0.173974
v 0.083196 0.136282 -0.134519
v 0.091962 0.752684 0.166669
v 0.075492 0.081551 0.081519
v 0.077483 0.082720 0.159656
v 0.071858 0.713777 0.181772
v 0.072613 0.365755 -0.230962
v 0.073133 0.364906 -0.246156
v 0.073675 0.055317 -0.124307
v 0.076758 0.542581 -0.233986
v 0.078415 0.547026 0.166143
v 0.081625 0.523611 0.192183
v 0.073246 0.046343 -0.124927
v 0.076369 0.812436 -0.158543
v 0.076853 0.082293 -0.162190
v 0.074216 0.711956 -0.180195
v 0.073610 0.040782 -0.125699
v 0.080520 0.651182 0.192069
v 0.072524 0.040781 0.118471
v 0.082378 0.989084 0.115390
v 0.074141 0.636448 -0.180287
v 0.075420 0.089842 0.139806
v 0.074503 0.064040 0.116809
v 0.071545 0.713994 -0.173120
v 0.084852 0.564303 0.169350
v 0.079575 0.410303 0.258827
v 0.078028 0.559842 0.228078
v 0.080489 0.276319 -0.099714
v 0.078716 0.603723 0.159524
v 0.085688 0.979024 -0.110291
v 0.079191 0.589524 -0.192573
v 0.076897 0.034246 -0.109108
v 0.087581 0.415143 -0.142021
v 0.072856 0.296445 0.138876
v 0.075514 0.379579 0.257031
v 0.085542 0.979742 0.111988
v 0.075334 0.374303 0.240818
v 0.073225 0.043689 0.123141
v 0.073590 0.041201 0.123919
v 0.076972 0.239605 0.098201
v 0.077343 0.011046 -0.151862
v 0.074829 0.037193 -0.114080
v 0.074973 0.762025 -0.158064
v 0.086055 0.004054 0.143199
v 0.075327 0.610813 0.169773
v 0.072069 0.622822 0.173333
v 0.078993 0.408642 -0.086592
v 0.076113 0.532357 0.188423
v 0.082637 0.486979 0.250701
v 0.072619 0.966230 0.100736
v 0.072716 0.622907 0.172954
v 0.074831 0.089300 -0.114387
v 0.077993 0.070007 -0.123812
v 0.087132 0.346591 -0.144226
v 0.072729 0.360815 -0.244013
v 0.073489 0.711300 0.174360
v 0.078347 0.413261 0.258955
v 0.073341 0.629962 0.173973
v 0.072698 0.640175 -0.175146
v 0.078191 0.380336 0.219509
v 0.073735 0.351998 -0.244106
v 0.073874 0.624100 -0.181814
v 0.073321 0.714379 -0.168308
v 0.073133 0.626539 -0.202192
v 0.074627 0.375382 0.247789
v 0.073109 0.363203 -0.231114
v 0.077574 0.586743 -0.194580
v 0.070903 0.721911 -0.181654
v 0.075602 0.039460 -0.126029
v 0.073741 0.367796 -0.255127
v 0.073536 0.356946 -0.245338
v 0.075021 0.295689 0.097550
v 0.082087 0.070398 0.103701
v 0.078152 0.626297 -0.172856
v 0.084294 0.138784 -0.113331
v 0.076068 0.681324 -0.180475
v 0.074811 0.367243 -0.253169
v 0.074269 0.711083 0.179433
v 0.073685 0.644738 -0.188602
v 0.076986 0.533829 -0.202862
v 0.075417 0.039406 0.124421
v 0.074208 0.351704 -0.231240
v 0.080670 0.576110 -0.219170
v 0.075869 0.365848 -0.250648
v 0.074331 0.642271 -0.178637
v 0.074764 0.070944 0.133906
v 0.074713 0.643636 -0.175716
v 0.074036 0.368407 -0.257176
v 0.073713 0.038064 0.136132
v 0.078256 0.618323 0.178509
v 0.081878 0.194448 -0.104894
v 0.075603 0.370681 -0.260437
v 0.075275 0.710770 0.181732
v 0.074984 0.761833 0.159462
v 0.076685 0.694296 0.177719
v 0.084965 0.416861 0.204678
v 0.074547 0.363248 -0.247972
v 0.083578 0.135096 0.110878
v 0.074302 0.714671 -0.166548
v 0.074151 0.715383 -0.164976
v 0.074667 0.619247 -0.184002
v 0.091423 0.753184 -0.164689
v 0.074140 0.710420 0.174001
v 0.085766 0.745300 -0.175554
v 0.074125 0.630455 0.174163
v 0.082105 0.489005 -0.210876
v 0.074806 0.039633 0.123892
v 0.074746 0.362427 -0.237932
v 0.080478 0.408463 -0.054342
v 0.075393 0.623060 -0.205200
v 0.074870 0.710296 0.174290
v 0.077491 0.961789 0.096880
v 0.075070 0.351596 -0.228942
v 0.076275 0.814767 0.160139
v 0.077372 0.961494 -0.096423
v 0.080744 0.626607 0.200666
v 0.082217 0.070589 -0.106567
v 0.075178 0.460934 0.150573
v 0.075443 0.650410 -0.192412
v 0.079982 0.964430 -0.102029
v 0.074511 0.353303 -0.255142
v 0.075348 0.375441 0.233221
v 0.074701 0.351337 -0.241722
v 0.086963 0.458628 0.254937
v 0.076912 0.606908 -0.147705
v 0.074811 0.094298 -0.135090
v 0.075179 0.295932 -0.100553
v 0.074194 0.586667 0.183287
v 0.081741 0.070335 -0.140410
v 0.080368 0.276770 0.096772
v 0.075430 0.350784 -0.234189
v 0.074961 0.360316 -0.239224
v 0.074789 0.643362 -0.182438
v 0.083008 0.033563 0.144419
v 0.077090 0.594322 -0.213944
v 0.079721 0.616140 0.178377
v 0.078600 0.625071 0.173297
v 0.075586 0.630966 -0.188004
v 0.075144 0.348437 -0.243109
v 0.078705 0.091158 -0.148204
v 0.074943 0.710967 0.170140
v 0.075329 0.364630 -0.225836
v 0.078512 0.558972 0.227849
v 0.084936 0.594845 0.186080
v 0.076946 0.099982 -0.113752
v 0.075481 0.637806 0.175254
v 0.083851 0.275741 -0.143728
v 0.086556 0.410175 0.206212
v 0.075084 0.643025 -0.175130
v 0.075439 0.348730 -0.245150
v 0.074722 0.630648 0.175104
v 0.075645 0.623087 -0.191808
v 0.076347 0.351536 -0.248380
v 0.075439 0.349856 -0.254698
v 0.075759 0.646573 -0.183446
v 0.075195 0.680542 -0.161667
v 0.080206 0.553997 0.229426
v 0.075434 0.696040 -0.158224
v 0.075792 0.701600 0.174344
v 0.075613 0.088963 0.113680
v 0.077844 0.499684 0.146533
v 0.085397 0.539195 0.185163
v 0.076561 0.367645 -0.260404
v 0.076834 0.352260 -0.237711
v 0.077006 0.708819 -0.168046
v 0.075585 0.663357 -0.167758
v 0.075812 0.647309 -0.175391
v 0.076203 0.710377 0.169995
v 0.076755 0.350834 -0.226988
v 0.078044 0.501794 0.146303
v 0.075745 0.348884 -0.231178
v 0.081813 0.976024 -0.144952
v 0.078497 0.620791 -0.193165
v 0.079787 0.302104 0.088561
v 0.083404 0.269284 0.141398
v 0.077445 0.363331 0.252814
v 0.080252 0.295815 -0.095403
v 0.078442 0.444908 0.150642
v 0.083374 0.080591 0.089438
v 0.076129 0.654726 -0.175699
v 0.075965 0.660926 -0.169188
v 0.077703 0.364327 0.257066
v 0.077648 0.706564 0.178109
v 0.077828 0.070512 0.122287
v 0.076097 0.374178 0.245150
v 0.081181 0.409012 -0.218915
v 0.076442 0.709291 0.171122
v 0.076276 0.700556 0.162119
v 0.083585 0.482311 -0.246536
v 0.083033 0.556011 -0.204468
v 0.076214 0.656183 -0.171200
v 0.082833 0.624732 0.202890
v 0.081979 0.989231 -0.113860
v 0.076557 0.364418 -0.250631
v 0.081366 0.399004 0.261267
v 0.083890 0.297515 0.140731
v 0.076675 0.669102 -0.167375
v 0.076368 0.653039 -0.175084
v 0.076358 0.655632 -0.172998
v 0.076386 0.660514 -0.170671
v 0.078216 0.351577 -0.260179
v 0.077738 0.089111 0.121571
v 0.078257 0.364556 0.248530
v 0.076572 0.654220 -0.173736
v 0.076476 0.638638 0.175504
v 0.076982 0.694114 0.159838
v 0.077601 0.647034 0.193295
v 0.077636 0.345793 -0.242910
v 0.077779 0.347201 -0.240448
v 0.081276 0.032454 0.104828
v 0.076951 0.348694 -0.228269
v 0.077591 0.557352 0.228606
v 0.077979 0.347508 -0.233653
v 0.078443 0.345805 -0.245929
v 0.078153 0.355497 -0.261167
v 0.084635 0.081600 0.152213
v 0.077543 0.348515 -0.248253
v 0.077977 0.351354 -0.250387
v 0.078531 0.346746 -0.254745
v 0.077072 0.656311 -0.171051
v 0.078256 0.373569 0.243201
v 0.077255 0.655579 -0.173111
v 0.078844 0.705110 -0.175131
v 0.086004 0.590049 0.188073
v 0.077930 0.686341 0.179338
v 0.084359 0.141477 0.131269
v 0.085087 0.536115 -0.229233
v 0.087449 0.498878 0.146325
v 0.077872 0.641179 0.176424
v 0.079488 0.347523 -0.257745
v 0.078502 0.362483 0.250583
v 0.077817 0.707520 0.181351
v 0.080077 0.373501 0.231636
v 0.080648 0.549907 0.230701
v 0.078261 0.638002 0.177880
v 0.077572 0.089079 -0.124845
v 0.079403 0.302076 -0.087690
v 0.085297 0.090410 -0.141042
v 0.078579 0.362349 0.256497
v 0.081343 0.432850 0.148704
v 0.080061 0.995993 0.128789
v 0.090663 0.392208 0.211385
v 0.081362 0.295492 -0.099588
v 0.087027 0.612110 0.147651
v 0.078600 0.653558 -0.175234
v 0.082064 0.070737 0.137590
v 0.077888 0.710938 -0.166794
v 0.080509 0.574366 0.177970
v 0.078690 0.705853 0.173797
v 0.078445 0.373873 0.258710
v 0.103087 0.868285 -0.153049
v 0.081578 0.376145 0.225687
v 0.079864 0.296118 -0.099712
v 0.080065 0.346933 -0.249344
v 0.079527 0.517968 -0.238943
v 0.078885 0.705285 0.170016
v 0.080550 0.590949 -0.203945
v 0.077601 0.708033 -0.179955
v 0.079757 0.371260 -0.261969
v 0.086518 0.611855 0.148155
v 0.084528 0.593629 0.147996
v 0.078997 0.675105 0.166943
v 0.087199 0.604823 0.208508
v 0.083067 0.298286 -0.142353
v 0.097988 0.915150 0.153745
v 0.078810 0.659511 -0.171140
v 0.078171 0.658508 -0.169342
v 0.083320 0.032341 -0.106325
v 0.078663 0.346792 -0.228753
v 0.082706 0.590189 0.221770
v 0.078467 0.645598 0.188786
v 0.079197 0.705177 -0.167865
v 0.084532 0.374181 -0.263654
v 0.078955 0.987393 -0.140121
v 0.085961 0.002335 0.105902
v 0.078670 0.370981 0.244625
v 0.079715 0.640437 0.176042
v 0.079443 0.345948 -0.230098
v 0.087836 0.402496 0.208449
v 0.079891 0.995888 -0.127598
v 0.078613 0.707276 0.169449
v 0.092342 0.404457 0.090149
v 0.082064 0.037143 0.113513
v 0.080702 0.363724 0.259197
v 0.079304 0.656552 -0.175450
v 0.079917 0.349619 -0.260436
v 0.084450 0.037693 0.135662
v 0.081104 0.700073 0.179016
v 0.079967 0.347636 -0.250382
v 0.081046 0.667206 0.177792
v 0.079232 0.642856 0.176465
v 0.080465 0.348041 -0.237193
v 0.092959 0.080700 -0.145891
v 0.084888 0.635496 -0.173906
v 0.079583 0.643573 0.180370
v 0.081412 0.633863 0.175421
v 0.083988 0.582286 0.180656
v 0.080539 0.620164 0.182224
v 0.079182 0.659154 -0.168919
v 0.102866 0.868862 0.154799
v 0.084850 0.615464 0.169773
v 0.081376 0.633803 0.182935
v 0.087001 0.448591 -0.217084
v 0.081544 0.364166 0.245605
v 0.080682 0.702817 -0.179372
v 0.085333 0.961906 0.149818
v 0.081462 0.966519 0.000817
v 0.082692 0.583723 -0.206688
v 0.086822 0.415010 0.143298
v 0.087189 0.532300 0.232997
v 0.082974 0.758675 0.158251
v 0.082641 0.533998 0.190706
v 0.082451 0.594064 -0.202429
v 0.084972 0.225999 0.101887
v 0.080134 0.664554 -0.169108
v 0.087243 0.349463 0.144763
v 0.087541 0.407940 0.001280
v 0.081146 0.089055 -0.128265
v 0.090737 0.089489 0.119610
v 0.082116 0.699377 0.180455
v 0.092205 0.940385 -0.150836
v 0.088794 0.234331 -0.141179
v 0.081019 0.701100 0.174126
v 0.088005 0.462588 0.149036
v 0.080253 0.351232 -0.261324
v 0.080715 0.344911 -0.242983
v 0.088723 0.611192 -0.152187
v 0.087216 0.407650 0.207397
v 0.084634 0.366645 -0.262933
v 0.081075 0.660022 0.183987
v 0.080320 0.667304 0.172491
v 0.080672 0.700737 -0.168354
v 0.081625 0.699187 -0.172997
v 0.088958 0.429283 -0.253927
v 0.088302 0.089534 0.111849
v 0.086618 0.987490 -0.128752
v 0.078614 0.038951 -0.126842
v 0.091990 0.424497 0.259975
v 0.086198 0.141000 0.125980
v 0.084367 0.386655 0.262622
v 0.080698 0.667388 0.174956
v 0.081999 0.346053 -0.250871
v 0.085187 0.615837 -0.167821
v 0.089140 0.595934 0.210401
v 0.089227 0.720960 -0.180576
v 0.081339 0.669926 -0.169340
v 0.092060 0.419021 0.260422
v 0.089675 0.720811 0.182228
v 0.081062 0.358530 0.252338
v 0.082139 0.646130 0.176558
v 0.078906 0.037001 -0.114629
v 0.085760 0.038892 0.124033
v 0.081254 0.358411 0.254382
v 0.081488 0.698407 0.169885
v 0.082240 0.359549 0.248506
v 0.082425 0.696982 -0.177203
v 0.086222 0.089307 0.102620
v 0.091295 0.208562 0.110188
v 0.088482 0.179142 -0.134165
v 0.081091 0.373202 0.242659
v 0.081793 0.648895 0.184647
v 0.093096 0.381885 0.215109
v 0.081520 0.625930 0.195863
v 0.081910 0.666910 -0.175587
v 0.081285 0.700501 -0.168098
v 0.081771 0.346047 -0.255441
v 0.090974 0.502319 0.239651
v 0.083154 0.348623 -0.260534
v 0.083240 0.346398 -0.237301
v 0.092699 0.079825 -0.101515
v 0.084344 0.373663 0.241480
v 0.082974 0.576667 0.179712
v 0.081448 0.610336 0.180305
v 0.082346 0.359102 0.256497
v 0.081885 0.666736 0.177013
v 0.083036 0.345806 -0.248785
v 0.081717 0.670112 -0.168888
v 0.084237 0.499836 0.145474
v 0.082541 0.675634 0.174940
v 0.083379 0.379577 0.260946
v 0.085397 0.539172 0.183827
v 0.082261 0.695612 -0.168652
v 0.086567 0.089842 0.138499
v 0.085990 0.234500 -0.104247
v 0.088370 0.608970 -0.158515
v 0.085885 0.528209 -0.210713
v 0.095725 0.302283 0.093351
v 0.087331 0.586774 0.226168
v 0.084097 0.343499 0.252285
v 0.080534 0.295833 0.096434
v 0.082298 0.696600 0.179732
v 0.091077 0.409921 0.069657
v 0.085626 0.355472 -0.262547
v 0.085139 0.373064 0.231128
v 0.084056 0.288973 0.141160
v 0.085380 0.371200 -0.222830
v 0.082615 0.693077 0.171493
v 0.102196 0.730710 -0.174730
v 0.085005 0.347374 -0.227246
v 0.082372 0.675137 0.171043
v 0.084549 0.343424 0.254843
v 0.082591 0.695866 0.173854
v 0.084043 0.389313 -0.220919
v 0.094341 0.002760 -0.107335
v 0.086977 0.619877 0.189085
v 0.082438 0.685820 -0.169491
v 0.084653 0.204825 -0.141149
v 0.095736 0.033720 -0.145794
v 0.105153 0.025508 -0.101682
v 0.084675 0.424229 -0.144327
v 0.087873 0.462703 -0.147938
v 0.089525 0.490620 -0.237646
v 0.083745 0.683603 -0.176177
v 0.081666 0.037625 -0.137496
v 0.125962 0.027742 -0.149651
v 0.105323 0.011196 -0.151573
v 0.083996 0.346340 0.249513
v 0.087324 0.139558 0.121288
v 0.084302 0.351664 -0.225724
v 0.092345 0.297915 -0.096825
v 0.083135 0.623663 0.187460
v 0.085919 0.364937 -0.223693
v 0.088343 0.956448 -0.099427
v 0.092865 0.954471 0.101434
v 0.083289 0.684392 0.172201
v 0.083177 0.688755 0.177271
v 0.083150 0.696676 -0.178659
v 0.083337 0.686387 0.175084
v 0.085371 0.080565 -0.093854
v 0.083814 0.685943 -0.177055
v 0.086111 0.636444 0.175490
v 0.088976 0.181113 0.130863
v 0.093884 0.649181 -0.173690
v 0.084258 0.346895 -0.258219
v 0.084215 0.364618 0.244571
v 0.083327 0.359831 0.247468
v 0.088436 0.589668 0.216142
v 0.083590 0.683135 0.177677
v 0.088708 0.180249 -0.112895
v 0.089586 0.568849 0.229425
v 0.084976 0.551564 0.227240
v 0.084996 0.345858 -0.249746
v 0.083752 0.676711 0.177474
v 0.083890 0.686168 0.178825
v 0.083518 0.691163 0.170547
v 0.084419 0.346397 -0.229580
v 0.083537 0.679517 0.170893
v 0.086894 0.070088 0.121223
v 0.084528 0.363245 0.260374
v 0.084712 0.360025 0.258621
v 0.084136 0.424971 0.145695
v 0.087686 0.502243 -0.144748
v 0.096040 0.442260 0.205463
v 0.088580 0.479197 0.200355
v 0.085117 0.347866 0.247277
v 0.090764 0.005882 0.145524
v 0.085115 0.372560 0.242367
v 0.088988 0.613817 -0.146680
v 0.090964 0.957286 -0.074011
v 0.087749 0.229200 0.138582
v 0.087724 0.143110 -0.124077
v 0.085651 0.345645 -0.236389
v 0.106336 0.814524 0.154374
v 0.111524 0.949111 0.056992
v 0.091485 0.977722 -0.129451
v 0.085272 0.351269 -0.261943
v 0.091680 0.977351 0.130836
v 0.085841 0.373857 0.228763
v 0.097997 0.017959 -0.100168
v 0.106600 0.411366 -0.058680
v 0.086313 0.988067 0.130199
v 0.086232 0.560600 0.224302
v 0.099236 0.604125 -0.145320
v 0.086071 0.539393 0.174582
v 0.090984 0.274658 -0.102950
v 0.091321 0.275546 0.100588
v 0.085523 0.296452 -0.096426
v 0.085108 0.345319 -0.240751
v 0.090934 0.296016 0.099951
v 0.085598 0.025181 0.099872
v 0.086696 0.548744 0.166922
v 0.092801 0.080818 0.143477
v 0.089845 0.609466 0.159304
v 0.085507 0.342464 0.256117
v 0.085047 0.379176 0.261062
v 0.090952 0.524825 0.202048
v 0.084981 0.360776 0.246544
v 0.086804 0.070020 -0.123353
v 0.089344 0.525199 -0.221724
v 0.086122 0.342887 0.247937
v 0.096958 0.434555 0.145074
v 0.111424 0.949088 -0.056847
v 0.085868 0.340253 0.253459
v 0.086216 0.380782 0.262099
v 0.085679 0.341347 0.249961
v 0.097791 0.954737 0.068479
v 0.091926 0.409589 -0.089307
v 0.086716 0.553543 -0.214607
v 0.085846 0.591065 0.188187
v 0.087055 0.360170 0.259285
v 0.088266 0.409428 -0.088359
v 0.126766 0.000821 -0.135379
v 0.089899 0.578062 0.229895
v 0.087071 0.554903 0.226447
v 0.106248 0.815814 -0.152773
v 0.088222 0.342472 0.258646
v 0.121159 0.000053 0.115926
v 0.097130 0.472440 0.245215
v 0.088311 0.614211 0.190641
v 0.088505 0.350828 -0.224154
v 0.086214 0.089849 -0.106777
v 0.090683 0.962094 -0.106458
v 0.088339 0.537956 0.191992
v 0.090868 0.089248 -0.123248
v 0.095904 0.299193 0.136485
v 0.098756 0.461033 0.247691
v 0.092301 0.939295 0.152691
v 0.088246 0.591557 0.191968
v 0.089952 0.537108 0.197732
v 0.091860 0.346012 -0.231083
v 0.093550 0.232074 -0.111907
v 0.087823 0.340212 0.248167
v 0.087739 0.345777 -0.238409
v 0.098545 0.664770 -0.173653
v 0.095499 0.232087 0.130133
v 0.093945 0.647574 0.175033
v 0.087784 0.339117 0.250401
v 0.087964 0.347108 0.246020
v 0.087231 0.378688 0.260498
v 0.087513 0.340107 0.256619
v 0.089321 0.515757 0.236594
v 0.091968 0.079796 0.097623
v 0.088186 0.363171 0.260549
v 0.088738 0.364384 0.244854
v 0.088798 0.348033 -0.225294
v 0.090785 0.411801 -0.221940
v 0.087461 0.360934 0.246439
v 0.101273 0.319995 0.138754
v 0.088556 0.513234 -0.217323
v 0.091171 0.295307 -0.102788
v 0.092602 0.754883 0.156694
v 0.089175 0.533686 0.227781
v 0.098137 0.914190 -0.152230
v 0.088707 0.343051 0.246257
v 0.089761 0.344455 0.259583
v 0.090095 0.346655 -0.256667
v 0.101256 0.345125 0.091655
v 0.094239 0.298856 -0.139010
v 0.090579 0.375914 0.225754
v 0.093277 0.382421 -0.259938
v 0.095463 0.274798 0.138291
v 0.093990 0.300171 -0.139014
v 0.089464 0.346912 -0.249816
v 0.095246 0.402665 0.262327
v 0.094580 0.369049 -0.260217
v 0.092211 0.412557 0.260203
v 0.095209 0.552406 0.217207
v 0.090222 0.962820 0.108343
v 0.097779 0.958164 -0.130025
v 0.095194 0.275461 -0.140633
v 0.094259 0.433868 -0.245837
v 0.097098 0.434674 -0.144169
v 0.088700 0.338593 0.255060
v 0.092605 0.499885 0.143825
v 0.094037 0.346046 -0.244500
v 0.089998 0.340359 0.258067
v 0.094285 0.400256 -0.139347
v 0.089790 0.348851 -0.259989
v 0.092165 0.351607 -0.261003
v 0.089101 0.354573 0.259324
v 0.090285 0.585030 0.184166
v 0.088893 0.374914 0.259827
v 0.088650 0.346612 -0.226884
v 0.098777 0.079513 -0.123233
v 0.089648 0.378141 0.258758
v 0.087714 0.540648 0.185362
v 0.093307 0.214320 -0.133013
v 0.091403 0.598162 0.196178
v 0.092176 0.579205 0.183666
v 0.092096 0.560091 0.218364
v 0.090288 0.521971 0.234948
v 0.091435 0.176284 -0.123983
v 0.091179 0.559298 0.219025
v 0.089955 0.362861 0.260131
v 0.090496 0.375507 0.243035
v 0.091193 0.474007 -0.220265
v 0.091127 0.581016 0.184440
v 0.091133 0.344198 0.245823
v 0.096886 0.365242 0.139358
v 0.090911 0.784806 -0.155280
v 0.102816 0.345943 -0.135801
v 0.093998 0.587932 0.191925
v 0.090701 0.360196 0.258349
v 0.090608 0.446675 -0.147822
v 0.100339 0.449063 0.250196
v 0.096215 0.625759 0.169801
v 0.090391 0.338280 0.251961
v 0.097912 0.487328 0.209314
v 0.089752 0.374054 0.243759
v 0.090469 0.340566 0.247008
v 0.091449 0.359005 0.247251
v 0.092161 0.535169 0.221258
v 0.090750 0.339123 0.248392
v 0.094086 0.236847 0.109297
v 0.091412 0.361662 0.247149
v 0.091112 0.446830 0.148688
v 0.094592 0.376094 0.231583
v 0.091751 0.379954 0.261426
v 0.101941 0.414210 0.209080
v 0.101718 0.417037 0.208410
v 0.092208 0.490786 -0.228184
v 0.093237 0.588774 0.211589
v 0.090803 0.476824 -0.239833
v 0.090962 0.295895 -0.100131
v 0.093429 0.613885 0.155341
v 0.092929 0.347042 -0.254935
v 0.090421 0.346707 -0.238110
v 0.092518 0.491823 0.242232
v 0.091054 0.365475 0.245335
v 0.090659 0.347234 -0.249305
v 0.091334 0.546569 0.217509
v 0.092055 0.367138 0.258288
v 0.092039 0.346209 -0.234802
v 0.091865 0.341580 0.258638
v 0.094193 0.541772 0.192475
v 0.091633 0.615500 0.147049
v 0.091615 0.540151 0.201952
v 0.091162 0.375824 0.256647
v 0.092074 0.374092 0.245191
v 0.091771 0.357697 0.257423
v 0.092742 0.345235 0.259148
v 0.092053 0.513474 0.236917
v 0.092603 0.592719 0.197421
v 0.091535 0.338707 0.255747
v 0.105285 0.449810 0.145617
v 0.101137 0.345373 -0.090631
v 0.093089 0.529374 0.210323
v 0.100730 0.465198 0.146481
v 0.094235 0.590241 0.195931
v 0.110271 0.736475 -0.164567
v 0.093172 0.364465 0.256809
v 0.095677 0.383200 0.262871
v 0.092596 0.377232 0.253680
v 0.092614 0.542702 0.206364
v 0.092185 0.526956 0.207513
v 0.093985 0.544687 0.189153
v 0.091876 0.363257 0.259090
v 0.101522 0.303842 -0.138732
v 0.094108 0.367674 -0.225383
v 0.092565 0.530878 0.226550
v 0.092745 0.364205 0.247335
v 0.113894 0.412021 -0.032583
v 0.092398 0.376043 0.244830
v 0.093585 0.520230 0.210609
v 0.101054 0.613187 0.145429
v 0.092482 0.359927 0.256169
v 0.094150 0.616708 0.148201
v 0.093548 0.349510 -0.238304
v 0.092164 0.409711 0.090459
v 0.098140 0.705060 -0.179338
v 0.093668 0.354576 -0.225489
v 0.098792 0.079511 0.120590
v 0.093874 0.582640 0.188668
v 0.094287 0.462476 -0.231059
v 0.093522 0.351318 -0.226211
v 0.092811 0.532667 0.213365
v 0.092209 0.020019 0.151077
v 0.092232 0.020019 0.151077
v 0.093064 0.349863 -0.250223
v 0.094836 0.522104 0.229355
v 0.094342 0.353359 -0.260852
v 0.103974 0.575513 0.215193
v 0.100744 0.689584 0.179512
v 0.093812 0.347899 -0.235581
v 0.092870 0.193321 0.120654
v 0.096425 0.379331 0.259483
v 0.092613 0.360818 0.249062
v 0.095474 0.587473 0.203548
v 0.093241 0.348271 -0.257684
v 0.094015 0.350588 -0.259658
v 0.094169 0.080491 -0.140800
v 0.095717 0.377834 0.256073
v 0.092903 0.375265 0.251805
v 0.110177 0.736870 0.165882
v 0.098473 0.570999 0.177514
v 0.093194 0.354567 0.247527
v 0.094872 0.080547 0.135630
v 0.092812 0.020019 0.151077
v 0.093685 0.348525 -0.228406
v 0.092827 0.020019 0.151077
v 0.099090 0.428360 0.141307
v 0.092934 0.346252 -0.241455
v 0.102400 0.943924 0.132561
v 0.093656 0.339403 0.255901
v 0.093119 0.360350 0.252650
v 0.094172 0.340546 0.248214
v 0.093220 0.371561 0.247949
v 0.094051 0.339133 0.252476
v 0.096753 0.626274 -0.168255
v 0.093448 0.376281 0.249506
v 0.107109 0.949315 0.080816
v 0.093789 0.365438 0.251630
v 0.097135 0.409545 -0.229514
v 0.104843 0.424172 0.254040
v 0.104097 0.020108 0.150959
v 0.095488 0.302046 -0.092288
v 0.099860 0.498139 0.144090
v 0.095999 0.235120 -0.132737
v 0.093603 0.376196 0.247301
v 0.094538 0.501254 0.239810
v 0.094280 0.378975 -0.225217
v 0.099491 0.273573 -0.111068
v 0.094369 0.354881 0.254034
v 0.103551 0.416054 0.136533
v 0.095607 0.558857 0.213610
v 0.098987 0.380723 -0.252223
v 0.098938 0.296276 -0.108348
v 0.094033 0.355525 0.250187
v 0.094296 0.343283 0.247005
v 0.092490 0.755295 -0.155222
v 0.096976 0.390638 0.263606
v 0.098292 0.387041 0.263346
v 0.103296 0.397203 0.136454
v 0.100510 0.953208 0.118672
v 0.096747 0.585775 0.194870
v 0.126250 0.025818 0.100622
v 0.092623 0.009151 0.099229
v 0.103351 0.622697 -0.150070
v 0.096247 0.348671 -0.246652
v 0.094680 0.347186 0.246740
v 0.097286 0.377782 0.224804
v 0.128255 0.037485 0.114060
v 0.095209 0.348602 -0.255361
v 0.098001 0.547333 0.202452
v 0.103693 0.416524 -0.135265
v 0.095382 0.521351 0.212508
v 0.095064 0.350448 -0.236356
v 0.095537 0.376557 0.249852
v 0.096007 0.341045 0.255845
v 0.094345 0.352445 -0.250299
v 0.095813 0.443021 -0.234724
v 0.099167 0.499966 -0.143083
v 0.094816 0.351926 -0.238272
v 0.094610 0.617248 0.146702
v 0.095645 0.348010 -0.231204
v 0.099022 0.621018 -0.145420
v 0.095284 0.513736 0.212978
v 0.095954 0.552073 0.215545
v 0.102148 0.565131 0.215816
v 0.094940 0.366533 -0.250484
v 0.096740 0.376298 0.247346
v 0.096748 0.348112 -0.242745
v 0.094705 0.518695 0.212443
v 0.096204 0.524804 0.219706
v 0.094944 0.355355 -0.250156
v 0.104270 0.745409 -0.153207
v 0.095061 0.366204 -0.248918
v 0.097883 0.957754 0.131791
v 0.096614 0.381536 0.261681
v 0.097439 0.232499 -0.122784
v 0.099131 0.275208 0.107902
v 0.106418 0.642681 -0.168438
v 0.095171 0.344019 0.257607
v 0.095353 0.355946 -0.260007
v 0.105327 0.410180 0.097552
v 0.095994 0.341431 0.248672
v 0.101220 0.411091 0.210091
v 0.097285 0.346426 0.255251
v 0.096951 0.351145 -0.255447
v 0.098115 0.353641 -0.230524
v 0.097879 0.554669 0.174218
v 0.097387 0.346776 0.251448
v 0.095664 0.356116 -0.237842
v 0.096840 0.346371 0.256557
v 0.104395 0.622035 -0.157580
v 0.102771 0.274351 0.129659
v 0.114485 -0.000016 0.125935
v 0.095671 0.360810 -0.237532
v 0.099957 0.584941 0.212441
v 0.097576 0.356136 -0.247700
v 0.098656 0.479265 0.244208
v 0.096301 0.346019 0.247710
v 0.098690 0.665263 0.175180
v 0.097555 0.704913 0.180985
v 0.098954 0.370556 -0.253356
v 0.111472 0.435664 -0.139599
v 0.096680 0.376750 0.237534
v 0.101582 0.950057 -0.103029
v 0.096342 0.365833 -0.237082
v 0.097052 0.351752 -0.247673
v 0.097690 0.367364 -0.230432
v 0.101410 0.949933 0.104579
v 0.097216 0.341341 0.253345
v 0.097314 0.350429 -0.241432
v 0.097055 0.369187 -0.256025
v 0.100456 0.547917 0.183851
v 0.097788 0.236093 0.119734
v 0.099012 0.369760 -0.231341
v 0.097820 0.354557 -0.256032
v 0.096956 0.507491 0.215316
v 0.097731 0.351638 -0.230777
v 0.097117 0.367468 -0.232928
v 0.098403 0.355895 -0.230949
v 0.098064 0.367373 -0.246682
v 0.104132 0.621619 0.159002
v 0.097891 0.551812 0.199819
v 0.097222 0.513916 0.214758
v 0.108550 0.386570 0.217400
v 0.097387 0.368723 -0.254830
v 0.101899 0.384725 0.261841
v 0.098123 0.373691 0.249795
v 0.097456 0.375769 0.255854
v 0.104226 0.949474 -0.095231
v 0.099249 0.683272 0.176171
v 0.125865 0.027605 0.148222
v 0.103824 0.273975 -0.121958
v 0.098938 0.411043 -0.092805
v 0.105122 0.378096 0.240383
v 0.097841 0.378070 0.259324
v 0.099111 0.296017 -0.109971
v 0.101209 0.465503 -0.145289
v 0.099490 0.382581 -0.232285
v 0.099212 0.296358 0.107933
v 0.105128 0.416865 0.254258
v 0.128816 0.039129 -0.125718
v 0.099760 0.427847 -0.140034
v 0.098267 0.500059 0.216323
v 0.102155 0.499763 0.142362
v 0.106317 0.411383 0.060817
v 0.097952 0.364436 -0.246531
v 0.099049 0.367384 -0.240798
v 0.098202 0.364838 -0.241131
v 0.098822 0.508127 0.216910
v 0.098377 0.350680 -0.243650
v 0.103515 0.411284 0.096273
v 0.098629 0.353271 -0.246007
v 0.099074 0.353365 -0.242812
v 0.102139 0.299245 0.128678
v 0.102110 0.488336 0.236643
v 0.099687 0.494347 0.217988
v 0.098578 0.376921 0.244497
v 0.105528 0.448170 0.214603
v 0.099499 0.370239 -0.250191
v 0.099082 0.364305 -0.243581
v 0.099059 0.381806 0.261102
v 0.105725 0.320015 0.098818
v 0.103083 0.557389 0.177858
v 0.105737 0.556964 0.197514
v 0.098879 0.375510 0.246524
v 0.102484 0.944132 -0.130944
v 0.102327 0.274765 -0.132191
v 0.099310 0.367393 -0.242975
v 0.119828 0.407537 0.104992
v 0.100506 0.370511 0.255555
v 0.111901 0.412643 -0.099652
v 0.100850 0.485348 0.218016
v 0.106561 0.641983 0.169518
v 0.104591 0.398953 0.213325
v 0.122882 0.003639 -0.144724
v 0.103839 0.562157 0.208942
v 0.101218 0.622607 0.145611
v 0.115168 0.949718 -0.000133
v 0.101197 0.689655 -0.177897
v 0.120599 0.011684 0.149346
v 0.102788 0.949172 -0.103680
v 0.100907 0.382488 -0.241926
v 0.104822 0.413326 0.089013
v 0.101973 0.369199 0.249948
v 0.103016 0.576838 0.188582
v 0.102300 0.480204 0.219803
v 0.100538 0.621878 -0.146289
v 0.101315 0.464210 0.246130
v 0.100412 0.501499 0.218547
v 0.100892 0.369463 -0.240939
v 0.101457 0.429034 -0.139260
v 0.101501 0.453654 0.248025
v 0.104966 0.579790 0.194645
v 0.102674 0.949010 0.105531
v 0.103988 0.274593 0.119776
v 0.102885 0.376870 0.244482
v 0.100721 0.622033 -0.145060
v 0.101759 0.495904 0.220534
v 0.101231 0.300219 -0.130950
v 0.100588 0.793006 0.096872
v 0.102044 0.368647 0.251415
v 0.112734 0.388155 -0.099095
v 0.104810 0.378984 0.228469
v 0.105733 0.380957 0.224905
v 0.101513 0.371011 0.258118
v 0.105551 0.319805 -0.097859
v 0.104207 0.488446 0.227704
v 0.103952 0.430726 0.140261
v 0.107833 0.302834 0.105722
v 0.106201 0.019444 -0.152816
v 0.105434 0.016970 0.098077
v 0.113664 0.709953 0.174919
v 0.101779 0.730669 0.176738
v 0.103240 0.900268 0.148489
v 0.103031 0.375085 0.260415
v 0.123813 0.004575 0.144121
v 0.127415 0.037339 -0.115147
v 0.103545 0.370627 0.258607
v 0.102721 0.369152 0.256722
v 0.115457 0.639685 0.158574
v 0.099330 0.683442 -0.174680
v 0.103336 0.298563 -0.120651
v 0.102665 0.794436 0.100157
v 0.106808 0.459984 0.240960
v 0.117336 0.690598 0.173443
v 0.103441 0.297729 0.119490
v 0.102731 0.789716 0.097340
v 0.102822 0.796711 -0.100153
v 0.105403 0.378538 0.234632
v 0.102711 0.788563 -0.095091
v 0.102959 0.787595 0.092449
v 0.102917 0.800114 0.102719
v 0.103112 0.802333 0.104885
v 0.103021 0.799070 0.103584
v 0.103588 0.624621 0.147066
v 0.104122 0.485316 0.222669
v 0.105380 0.744529 0.154288
v 0.112856 0.662886 0.169352
v 0.104987 0.628158 -0.144099
v 0.104435 0.627009 0.145782
v 0.105137 0.313696 -0.134709
v 0.116567 0.466906 0.142599
v 0.103786 0.625841 0.145232
v 0.124354 0.002600 0.106161
v 0.109450 0.915351 -0.132498
v 0.112989 0.662734 -0.167953
v 0.102778 0.348729 0.136499
v 0.109195 0.386494 0.259798
v 0.107945 0.435715 0.141699
v 0.115040 0.515621 -0.140428
v 0.105257 0.413454 -0.088842
v 0.107335 0.564406 0.188165
v 0.104774 0.468714 0.221554
v 0.105218 0.303879 -0.133125
v 0.114426 0.683674 0.169494
v 0.109251 0.916248 0.133823
v 0.101388 0.303756 0.139384
v 0.107444 0.302687 -0.105334
v 0.107515 0.303342 0.129219
v 0.104706 0.793705 0.099696
v 0.116082 0.630780 0.142479
v 0.108318 0.303106 0.108218
v 0.109010 0.425350 0.133676
v 0.104435 0.778195 0.083739
v 0.111893 0.425905 0.244263
v 0.119206 0.419283 0.124552
v 0.105078 0.783057 -0.090136
v 0.105304 0.629301 0.145112
v 0.104988 0.775757 -0.079742
v 0.105007 0.788644 0.096535
v 0.107736 0.448436 0.221629
v 0.106385 0.796549 0.099933
v 0.105043 0.799179 -0.101214
v 0.107373 0.469286 0.225320
v 0.104542 0.789297 -0.095552
v 0.105889 0.799102 -0.101970
v 0.107403 0.367342 0.252875
v 0.106612 0.800588 0.105122
v 0.107107 0.457347 0.222938
v 0.107592 0.444954 0.242754
v 0.113866 0.709663 -0.173375
v 0.108981 0.402145 0.257262
v 0.107472 0.470858 0.228052
v 0.126993 0.037871 0.134977
v 0.107332 0.760183 0.153837
v 0.106610 0.367688 0.250252
v 0.107920 0.750232 0.153548
v 0.105800 0.775787 -0.078150
v 0.106008 0.378271 0.232810
v 0.141953 0.001596 0.135662
v 0.105703 0.376442 0.242474
v 0.116942 0.690231 -0.172091
v 0.106556 0.378983 0.226853
v 0.107680 0.750251 -0.152315
v 0.110847 0.303403 0.123390
v 0.105928 0.763406 0.056303
v 0.107230 0.378459 0.239001
v 0.110897 0.373143 0.260511
v 0.108031 0.379606 0.261587
v 0.112641 0.418387 0.218826
v 0.106306 0.630020 0.145956
v 0.111899 0.415924 0.219540
v 0.107544 0.630623 0.147168
v 0.108745 0.369419 0.247297
v 0.112742 0.420049 0.244545
v 0.106892 0.630525 0.144707
v 0.112725 0.915276 -0.110023
v 0.116621 0.348338 -0.121265
v 0.108182 0.367866 0.255644
v 0.106861 0.764347 -0.057134
v 0.107855 0.742721 0.153029
v 0.108702 0.765234 0.062682
v 0.107029 0.765459 -0.062793
v 0.106911 0.765137 0.063889
v 0.107039 0.768373 -0.068726
v 0.107261 0.786932 0.095918
v 0.116835 0.453307 0.141992
v 0.110177 0.637479 -0.143127
v 0.109100 0.800642 -0.102956
v 0.107090 0.771258 -0.073439
v 0.107248 0.776069 -0.079530
v 0.110748 0.793005 -0.099307
v 0.106573 0.779837 0.085889
v 0.123900 0.713282 0.164226
v 0.112037 0.738752 -0.152282
v 0.107627 0.769734 0.072533
v 0.116910 0.466931 -0.141348
v 0.110779 0.368203 0.257246
v 0.112734 0.914994 0.111163
v 0.107540 0.767576 0.068876
v 0.129154 0.033682 -0.144654
v 0.107916 0.634306 0.144770
v 0.107343 0.779918 -0.086024
v 0.109593 0.568631 0.196059
v 0.109326 0.803479 0.106244
v 0.112457 0.418187 0.244307
v 0.108231 0.763486 0.054996
v 0.110574 0.379617 0.260834
v 0.108210 0.742261 -0.150835
v 0.117370 0.927095 -0.067598
v 0.117340 0.346158 -0.103667
v 0.108700 0.382774 0.223442
v 0.108467 0.378248 0.237271
v 0.115566 0.639472 -0.157315
v 0.114591 0.412058 0.029678
v 0.111660 0.372859 0.229153
v 0.105833 0.449509 -0.144275
v 0.107994 0.803650 0.106789
v 0.110286 0.837327 0.146150
v 0.114530 0.524485 0.140644
v 0.110126 0.385240 0.221426
v 0.109276 0.459093 0.227549
v 0.110611 0.303412 -0.122191
v 0.119299 0.914756 0.078963
v 0.108894 0.366342 0.251204
v 0.109890 0.311687 0.105967
v 0.109566 0.740919 0.154178
v 0.115870 0.868985 -0.133507
v 0.113143 0.412778 0.101712
v 0.108464 0.805031 0.107747
v 0.110028 0.447191 0.228236
v 0.110270 0.315410 -0.105061
v 0.116407 0.348167 0.122034
v 0.120454 0.920151 0.065088
v 0.109363 0.367079 0.249526
v 0.116013 0.787494 -0.141263
v 0.108819 0.783986 -0.092202
v 0.110586 0.373053 0.240805
v 0.111954 0.372592 0.230409
v 0.110060 0.315263 -0.108674
v 0.109774 0.740082 -0.149172
v 0.110236 0.370495 0.244830
v 0.110139 0.738683 0.150063
v 0.114503 0.783147 0.089662
v 0.113403 0.373147 0.233369
v 0.129683 0.017925 -0.100900
v 0.114764 0.802520 0.106195
v 0.117097 0.795449 0.100219
v 0.109991 0.363890 0.252860
v 0.113716 0.369493 0.258886
v 0.115139 0.499836 0.140026
v 0.115168 0.496912 0.140949
v 0.113192 0.778748 -0.086835
v 0.114134 0.408928 0.220862
v 0.110265 0.763115 -0.051596
v 0.114594 0.684317 -0.168149
v 0.110566 0.763526 0.058013
v 0.109701 0.799783 -0.103224
v 0.109887 0.365120 0.254770
v 0.114167 0.639922 -0.146602
v 0.113949 0.770939 -0.076410
v 0.115048 0.773297 0.081779
v 0.110038 0.804567 -0.106406
v 0.110412 0.765513 0.065598
v 0.116656 0.413458 0.102479
v 0.110095 0.784422 0.094514
v 0.112578 0.376600 0.224278
v 0.111631 0.322827 0.112510
v 0.110358 0.782743 0.090959
v 0.110453 0.369763 0.246827
v 0.116396 0.445680 -0.138970
v 0.122158 0.813579 0.134549
v 0.110566 0.778763 0.082544
v 0.118361 0.886048 0.099661
v 0.111952 0.643286 0.144332
v 0.114014 0.374421 0.237847
v 0.117525 0.743191 -0.142642
v 0.110715 0.762139 -0.043399
v 0.114651 0.794011 -0.096821
v 0.110853 0.790390 -0.093462
v 0.110712 0.389949 0.258659
v 0.116507 0.446249 0.140186
v 0.117096 0.452631 -0.140634
v 0.111662 0.362059 0.250252
v 0.112610 0.373999 0.226500
v 0.110923 0.761776 0.048759
v 0.113525 0.435975 0.139722
v 0.111356 0.380117 0.240613
v 0.129752 0.037888 -0.135750
v 0.128817 0.017206 0.098856
v 0.146324 0.000216 -0.125023
v 0.112682 0.804669 -0.106292
v 0.118039 0.883118 -0.102922
v 0.111573 0.776448 0.078678
v 0.114403 0.389255 0.221426
v 0.120770 0.925888 0.051533
v 0.112456 0.759670 0.038547
v 0.128260 0.009862 -0.102455
v 0.129142 0.003239 -0.107945
v 0.110675 0.801343 0.106991
v 0.112978 0.781776 0.091160
v 0.116120 0.804497 0.109323
v 0.113917 0.727938 0.143829
v 0.113655 0.639601 0.147486
v 0.114684 0.352944 0.253254
v 0.116766 0.634537 -0.141492
v 0.115687 0.783005 0.095268
v 0.111941 0.381145 0.241595
v 0.115885 0.766294 -0.068925
v 0.116299 0.784329 0.097171
v 0.112030 0.378540 0.241760
v 0.112765 0.386203 0.221962
v 0.112523 0.367172 0.247733
v 0.112636 0.364935 0.248013
v 0.114873 0.372465 0.259943
v 0.114161 0.369476 0.247391
v 0.113487 0.646209 -0.142811
v 0.112902 0.366440 0.257350
v 0.112931 0.358949 0.255169
v 0.113863 0.374452 0.235766
v 0.115567 0.421755 0.231871
v 0.115917 0.371476 0.246684
v 0.112654 0.371848 0.241165
v 0.115755 0.724124 -0.140870
v 0.113506 0.421173 0.240773
v 0.117221 0.396825 0.249226
v 0.113607 0.381560 0.240091
v 0.114209 0.387131 0.256863
v 0.112988 0.381639 0.243357
v 0.113819 0.648735 0.144050
v 0.116133 0.798976 -0.104594
v 0.120014 0.406556 -0.104582
v 0.121034 0.928377 0.041241
v 0.121277 0.927734 -0.037626
v 0.113577 0.378957 0.243809
v 0.128529 0.011803 -0.151024
v 0.116594 0.784057 -0.093182
v 0.129910 0.032859 0.105884
v 0.113247 0.735924 0.153204
v 0.115737 0.804576 -0.106990
v 0.116194 0.354272 0.247689
v 0.113891 0.419366 0.238740
v 0.117205 0.804389 0.108387
v 0.118799 0.767575 0.074537
v 0.115728 0.357639 0.257413
v 0.117309 0.412626 0.103700
v 0.117473 0.347015 0.104550
v 0.121346 0.926315 -0.043209
v 0.129836 0.034029 0.142624
v 0.115961 0.869046 0.135149
v 0.113597 0.376245 0.242698
v 0.113854 0.432976 -0.136455
v 0.116123 0.496367 -0.139792
v 0.114858 0.418163 0.232610
v 0.114802 0.353378 0.250444
v 0.113640 0.376373 0.240005
v 0.117144 0.758937 -0.040294
v 0.116543 0.762967 -0.061605
v 0.117407 0.788384 0.100681
v 0.116879 0.897031 -0.099954
v 0.119315 0.760164 -0.051580
v 0.117991 0.802477 0.109452
v 0.115039 0.353268 0.255023
v 0.113979 0.759473 -0.035287
v 0.119797 0.762211 0.064005
v 0.120850 0.741954 0.140392
v 0.114448 0.789717 0.095327
v 0.114251 0.648352 0.143407
v 0.119373 0.866867 -0.108574
v 0.121760 0.660995 0.158798
v 0.114869 0.372985 0.240250
v 0.118313 0.406205 0.233449
v 0.121260 0.932404 0.012708
v 0.121471 0.722072 0.151873
v 0.121088 0.930754 -0.023561
v 0.115553 0.498057 0.140169
v 0.115033 0.389018 0.253974
v 0.115117 0.372276 0.243766
v 0.115306 0.652134 -0.142715
v 0.121936 0.659725 -0.157011
v 0.128128 0.445441 -0.133306
v 0.115319 0.652223 -0.142095
v 0.126648 0.769097 -0.131584
v 0.115068 0.656314 0.142777
v 0.114722 0.377980 0.238824
v 0.116676 0.371987 0.232274
v 0.115659 0.373042 0.226597
v 0.116046 0.372152 0.227448
v 0.115663 0.371861 0.229639
v 0.117086 0.792620 -0.100778
v 0.119213 0.802983 -0.105697
v 0.114861 0.367462 0.252472
v 0.114876 0.367493 0.250580
v 0.121976 0.783836 0.091278
v 0.114977 0.785244 -0.089662
v 0.114975 0.375427 0.239426
v 0.115207 0.364010 0.250901
v 0.119120 0.419714 -0.123727
v 0.115644 0.363211 0.252543
v 0.118258 0.398097 0.246428
v 0.115402 0.375041 0.243357
v 0.115234 0.374359 0.237640
v 0.117809 0.411982 0.000851
v 0.117970 0.386025 0.241519
v 0.115292 0.368745 0.250647
v 0.116340 0.379257 0.222646
v 0.119382 0.913779 -0.078836
v 0.116156 0.597610 -0.141404
v 0.117152 0.386965 0.251164
v 0.115822 0.373394 0.243051
v 0.115601 0.374207 0.235916
v 0.125367 0.779891 0.133100
v 0.119072 0.771425 -0.078968
v 0.115650 0.365929 0.254250
v 0.115909 0.368619 0.258319
v 0.116007 0.368559 0.254082
v 0.120237 0.758598 0.048814
v 0.116738 0.383752 0.245797
v 0.120088 0.413706 -0.104381
v 0.116686 0.720717 0.140672
v 0.116435 0.662044 0.141732
v 0.116044 0.375294 0.237685
v 0.116964 0.349967 0.254157
v 0.117031 0.661510 -0.140877
v 0.116925 0.392806 0.223207
v 0.119131 0.874883 0.104444
v 0.117295 0.351940 0.256741
v 0.119688 0.849344 -0.119698
v 0.117997 0.374968 0.224420
v 0.116625 0.389778 0.222371
v 0.120306 0.374397 0.256663
v 0.116988 0.350232 0.250833
v 0.117478 0.386610 0.245059
v 0.125284 0.553452 -0.136089
v 0.121532 0.788760 -0.093292
v 0.123317 0.770540 0.082322
v 0.118960 0.802349 -0.106961
v 0.120477 0.386988 0.240616
v 0.127864 0.692224 0.162541
v 0.117071 0.372179 0.258920
v 0.121477 0.797580 -0.100914
v 0.117004 0.363190 0.250671
v 0.121768 0.780929 0.088447
v 0.120722 0.661030 -0.146118
v 0.119235 0.756916 0.033561
v 0.119424 0.904520 -0.081882
v 0.118615 0.373756 0.235112
v 0.118753 0.369570 0.230083
v 0.119811 0.786736 -0.096647
v 0.131703 0.039028 0.124287
v 0.117865 0.671707 -0.140525
v 0.117575 0.678059 0.140574
v 0.118685 0.359279 0.246251
v 0.118600 0.355209 0.246325
v 0.119007 0.369046 0.228273
v 0.119696 0.382082 0.222188
v 0.118360 0.758143 -0.029276
v 0.117363 0.365479 0.250275
v 0.137875 0.421497 -0.063957
v 0.117062 0.374289 0.244922
v 0.118821 0.368229 0.257453
v 0.118665 0.351239 0.248064
v 0.119801 0.777972 -0.087131
v 0.117516 0.385773 0.246338
v 0.121475 0.933812 0.000066
v 0.118620 0.394808 0.228083
v 0.121817 0.721973 -0.150556
v 0.120782 0.778945 0.091393
v 0.142390 0.424504 0.084272
v 0.122174 0.728652 0.137254
v 0.118665 0.366246 0.258112
v 0.117836 0.362946 0.254608
v 0.124212 0.712663 -0.162996
v 0.117974 0.891500 -0.097291
v 0.118847 0.411708 0.124075
v 0.119014 0.376879 0.237426
v 0.119263 0.390964 0.224035
v 0.120050 0.357779 0.259210
v 0.119248 0.871662 -0.105184
v 0.117958 0.891907 -0.097374
v 0.117958 0.891907 -0.097374
v 0.117958 0.891907 -0.097382
v 0.117958 0.891907 -0.097389
v 0.117973 0.892578 -0.096817
v 0.118782 0.685865 0.139585
v 0.117996 0.369537 0.252838
v 0.117962 0.386885 0.249072
v 0.134409 0.464963 0.132205
v 0.118050 0.369171 0.254364
v 0.119194 0.897288 0.088687
v 0.119177 0.355414 0.258834
v 0.118816 0.392673 0.248127
v 0.119629 0.348238 0.253796
v 0.120233 0.919332 -0.066867
v 0.119735 0.420548 0.124839
v 0.119843 0.902621 0.082821
v 0.119794 0.713011 0.138750
v 0.123275 0.729437 -0.135663
v 0.120344 0.711851 -0.137558
v 0.118719 0.373044 0.247153
v 0.119139 0.683635 -0.139005
v 0.119653 0.863250 0.110341
v 0.118823 0.370613 0.257242
v 0.118431 0.883667 -0.098648
v 0.119061 0.881027 -0.099066
v 0.120133 0.421418 -0.123976
v 0.118517 0.891855 -0.092349
v 0.119892 0.372027 0.234120
v 0.119193 0.349843 0.256446
v 0.119018 0.389776 0.246197
v 0.119353 0.349078 0.250302
v 0.119655 0.858935 0.111919
v 0.128052 0.692012 -0.160777
v 0.126820 0.419788 -0.084979
v 0.119707 0.859315 -0.110858
v 0.122300 0.795277 0.099857
v 0.119235 0.889214 -0.092725
v 0.119827 0.861914 -0.109829
v 0.120336 0.918388 0.068516
v 0.118862 0.770976 -0.069847
v 0.123741 0.496275 0.135359
v 0.120831 0.925218 -0.049680
v 0.120370 0.395165 0.232835
v 0.119296 0.383154 0.248265
v 0.121104 0.839365 0.116571
v 0.119107 0.884080 0.098689
v 0.119483 0.388362 0.242133
v 0.120255 0.381249 0.249771
v 0.120276 0.414103 -0.105645
v 0.120543 0.756418 0.024326
v 0.119639 0.793783 0.104330
v 0.120615 0.375214 0.247750
v 0.135910 0.497831 0.129480
v 0.121021 0.385750 0.222417
v 0.119296 0.899045 -0.084558
v 0.119770 0.370671 0.253886
v 0.119240 0.776367 -0.079361
v 0.134582 0.418537 -0.029388
v 0.123220 0.776244 0.081980
v 0.120131 0.391073 0.238707
v 0.127214 0.798084 -0.105684
v 0.119557 0.418160 -0.117484
v 0.120127 0.413955 0.106532
v 0.122123 0.801799 -0.106838
v 0.119561 0.686921 0.140205
v 0.119873 0.782914 0.096459
v 0.119400 0.368866 0.255432
v 0.122212 0.378964 0.222912
v 0.119798 0.896292 0.088463
v 0.122758 0.782712 -0.089135
v 0.122698 0.685366 0.147073
v 0.119537 0.365604 0.250653
v 0.122599 0.789583 0.095400
v 0.119757 0.854107 -0.112910
v 0.135013 0.598766 0.129606
v 0.122326 0.804820 0.108280
v 0.120302 0.369559 0.251081
v 0.119963 0.413852 0.104850
v 0.121950 0.805014 0.109679
v 0.120807 0.921211 0.061432
v 0.120529 0.661589 0.147250
v 0.119402 0.804737 -0.107016
v 0.120322 0.372273 0.255499
v 0.121013 0.921873 -0.055900
v 0.120410 0.351408 0.257971
v 0.120175 0.849390 -0.112848
v 0.120549 0.370603 0.224558
v 0.120211 0.366361 0.256902
v 0.120096 0.904841 -0.077691
v 0.119603 0.370197 0.232396
v 0.121101 0.377432 0.248330
v 0.121401 0.692557 0.137852
v 0.120168 0.369093 0.247856
v 0.120982 0.374399 0.235481
v 0.120010 0.365326 0.254608
v 0.123514 0.712391 0.144648
v 0.120330 0.846078 -0.113662
v 0.123843 0.361177 0.246178
v 0.120577 0.365247 0.247102
v 0.120279 0.909955 0.074091
v 0.119758 0.872294 -0.103829
v 0.120559 0.906246 -0.074837
v 0.121470 0.832661 0.120392
v 0.120193 0.366882 0.255127
v 0.122484 0.692013 -0.136899
v 0.120479 0.687414 -0.138494
v 0.120928 0.704533 0.138193
v 0.121422 0.841099 0.114842
v 0.120218 0.899612 -0.083271
v 0.121691 0.366902 0.225863
v 0.121748 0.390270 0.226295
v 0.122507 0.685314 -0.146144
v 0.121061 0.363100 0.258429
v 0.126220 0.712654 -0.148261
v 0.120556 0.911474 0.069600
v 0.120573 0.911714 -0.068220
v 0.121070 0.914966 -0.062069
v 0.120544 0.365418 0.252655
v 0.120555 0.852703 -0.111718
v 0.121074 0.929934 0.029810
v 0.120567 0.367188 0.252655
v 0.121397 0.925771 0.046618
v 0.121384 0.374784 0.253960
v 0.121219 0.884115 -0.094966
v 0.120738 0.414037 -0.104224
v 0.121068 0.899711 0.084376
v 0.120968 0.914902 0.063795
v 0.123829 0.495279 0.136320
v 0.115950 0.593045 0.141697
v 0.122654 0.757067 -0.030865
v 0.122494 0.376463 0.235920
v 0.129983 0.032834 -0.107236
v 0.121227 0.833540 -0.115231
v 0.121174 0.705791 -0.137402
v 0.121890 0.375919 0.251238
v 0.121161 0.370830 0.250899
v 0.120872 0.372124 0.248820
v 0.121069 0.917469 0.058129
v 0.121960 0.900047 -0.081594
v 0.121099 0.918477 0.054524
v 0.121639 0.931945 -0.008783
v 0.121018 0.826410 -0.114037
v 0.121191 0.904015 -0.077231
v 0.121198 0.912407 0.066963
v 0.121296 0.916660 -0.056465
v 0.134426 0.465262 -0.131223
v 0.121105 0.830043 0.116894
v 0.121666 0.348472 0.251670
v 0.124366 0.764468 0.071926
v 0.121222 0.825680 0.115964
v 0.121105 0.818244 -0.112000
v 0.122402 0.825779 -0.118761
v 0.121199 0.820683 -0.112250
v 0.121234 0.906595 0.074956
v 0.121140 0.921082 0.056656
v 0.121206 0.766353 -0.062370
v 0.122564 0.353600 0.258833
v 0.123369 0.684285 0.158786
v 0.121180 0.911059 -0.067478
v 0.121461 0.349237 0.256242
v 0.147493 0.424581 0.065350
v 0.121250 0.918522 -0.053200
v 0.121712 0.825527 -0.114730
v 0.123600 0.497554 0.135490
v 0.124449 0.760509 -0.062006
v 0.124098 0.371770 0.222190
v 0.128790 0.019831 -0.151889
v 0.125473 0.760465 0.064745
v 0.121767 0.916601 0.057858
v 0.125213 0.766344 -0.063828
v 0.121549 0.832854 0.116816
v 0.121511 0.920460 0.048482
v 0.128567 0.495648 -0.133068
v 0.121643 0.819383 0.114963
v 0.123338 0.777169 -0.082449
v 0.122569 0.350308 0.248394
v 0.121468 0.757141 -0.021620
v 0.123775 0.773691 -0.076428
v 0.125525 0.764388 0.061778
v 0.124490 0.800808 0.107852
v 0.122309 0.414566 0.103806
v 0.138361 0.871072 -0.085898
v 0.121547 0.823387 -0.112788
v 0.121601 0.824847 0.115333
v 0.121661 0.368852 0.249006
v 0.121556 0.813689 -0.111248
v 0.121855 0.918713 0.052026
v 0.121658 0.368378 0.251617
v 0.124325 0.772814 0.075921
v 0.121774 0.928804 0.004063
v 0.122247 0.366260 0.247854
v 0.122324 0.925859 0.024895
v 0.121887 0.761106 -0.042517
v 0.121914 0.697282 0.137790
v 0.128249 0.445425 0.134400
v 0.122244 0.696486 -0.136780
v 0.122719 0.803964 0.109604
v 0.121877 0.817155 -0.111324
v 0.121811 0.825378 -0.113045
v 0.121988 0.920516 -0.044967
v 0.125961 0.699619 -0.134631
v 0.122124 0.804924 -0.106694
v 0.122966 0.781362 -0.092381
v 0.122675 0.925396 -0.023233
v 0.121910 0.918579 -0.049843
v 0.122818 0.922935 -0.036150
v 0.122823 0.779940 -0.086488
v 0.122179 0.924598 0.034756
v 0.122562 0.809138 -0.111023
v 0.123566 0.913761 0.062372
v 0.124298 0.765190 -0.070209
v 0.121935 0.813310 0.112934
v 0.122035 0.808135 -0.109792
v 0.121956 0.815979 -0.112419
v 0.123360 0.353153 0.246473
v 0.122039 0.368372 0.250450
v 0.121994 0.922669 0.041382
v 0.123441 0.388334 0.236031
v 0.123030 0.684793 -0.153067
v 0.122040 0.805420 -0.108116
v 0.123258 0.385700 0.224419
v 0.124223 0.789951 -0.099854
v 0.122657 0.921596 -0.040748
v 0.122086 0.366730 0.252624
v 0.122529 0.926538 0.008407
v 0.123549 0.357464 0.245854
v 0.123262 0.684247 -0.157605
v 0.122207 0.811182 -0.110023
v 0.122525 0.698070 0.137045
v 0.122177 0.916931 -0.054016
v 0.122710 0.926645 -0.005277
v 0.122387 0.818571 0.113223
v 0.122255 0.815008 0.114153
v 0.122282 0.807149 -0.108442
v 0.122473 0.809263 0.112221
v 0.122722 0.920721 0.044581
v 0.122577 0.808196 0.110601
v 0.122545 0.806169 0.110897
v 0.122945 0.823674 -0.117187
v 0.122368 0.813175 -0.132815
v 0.122781 0.924639 0.029496
v 0.125152 0.770705 -0.081280
v 0.123182 0.385582 0.238286
v 0.123960 0.912954 -0.061671
v 0.122699 0.823513 0.119866
v 0.123484 0.684949 0.156691
v 0.122881 0.922694 0.038496
v 0.122738 0.918862 -0.047690
v 0.123589 0.390473 0.232656
v 0.123719 0.817363 0.118922
v 0.130112 0.025828 -0.102454
v 0.122905 0.821477 -0.114878
v 0.123087 0.916947 -0.052301
v 0.123906 0.357153 0.258708
v 0.123649 0.764384 -0.059202
v 0.123890 0.379190 0.235772
v 0.136378 0.498054 -0.129696
v 0.122915 0.820764 0.116919
v 0.138371 0.891318 0.073800
v 0.129109 0.693185 -0.146492
v 0.124637 0.756888 -0.039180
v 0.125120 0.803602 -0.117582
v 0.123769 0.791231 -0.094500
v 0.124075 0.350721 0.257110
v 0.124849 0.386560 0.227653
v 0.123295 0.820073 -0.116834
v 0.124763 0.349251 0.253970
v 0.135043 0.493275 -0.129564
v 0.123288 0.380582 0.223536
v 0.126083 0.755732 0.037855
v 0.124179 0.368648 0.222486
v 0.126686 0.755151 0.033285
v 0.123734 0.804556 -0.109130
v 0.125113 0.755910 0.021633
v 0.126228 0.713098 0.150179
v 0.123885 0.365309 0.250912
v 0.123502 0.782579 0.089942
v 0.126719 0.788201 0.100584
v 0.125369 0.350374 0.249509
v 0.123816 0.756642 0.017119
v 0.125680 0.758664 -0.054652
v 0.125760 0.757930 0.052447
v 0.125331 0.713287 -0.155309
v 0.124072 0.757487 -0.015355
v 0.133004 0.671537 0.130476
v 0.139358 0.909603 0.038030
v 0.124899 0.360575 0.256815
v 0.123863 0.757996 0.023027
v 0.124695 0.794411 0.104665
v 0.127793 0.360213 0.224871
v 0.125721 0.761173 -0.044358
v 0.124994 0.777637 0.090483
v 0.124457 0.828594 -0.111360
v 0.123085 0.926627 0.001309
v 0.126861 0.808113 -0.105235
v 0.124134 0.816030 -0.114991
v 0.128490 0.363996 0.232616
v 0.125266 0.693050 -0.140122
v 0.126059 0.792061 0.120204
v 0.127336 0.359935 0.227185
v 0.124952 0.374012 0.234915
v 0.129593 0.735761 0.132085
v 0.125665 0.360467 0.246887
v 0.124607 0.815426 0.116848
v 0.125372 0.811354 0.114471
v 0.125197 0.496327 0.133436
v 0.124843 0.381200 0.225348
v 0.127755 0.493682 0.134127
v 0.125143 0.811232 -0.113035
v 0.135231 0.594254 -0.129721
v 0.125353 0.376972 0.234166
v 0.125605 0.353067 0.257654
v 0.129144 0.693213 0.148166
v 0.125872 0.350358 0.255493
v 0.127424 0.799585 0.099730
v 0.138952 0.902114 0.059156
v 0.126656 0.383410 0.233179
v 0.126283 0.693671 0.143725
v 0.139696 0.913038 0.000273
v 0.125912 0.688736 -0.154453
v 0.125275 0.755864 0.007127
v 0.125224 0.758654 0.035312
v 0.128611 0.361117 0.230752
v 0.125776 0.758485 -0.033204
v 0.133553 0.781601 -0.080508
v 0.125316 0.757419 0.017089
v 0.125778 0.764547 -0.059897
v 0.129682 0.783594 -0.085132
v 0.125330 0.757826 0.022101
v 0.125316 0.757698 -0.015344
v 0.128463 0.784691 0.097382
v 0.125382 0.756592 0.017155
v 0.125338 0.755760 -0.001952
v 0.126109 0.381246 0.227229
v 0.125521 0.756816 -0.015408
v 0.128462 0.359833 0.229357
v 0.125677 0.757014 -0.013396
v 0.125696 0.767869 0.067309
v 0.125666 0.762852 0.054092
v 0.125726 0.760936 0.045459
v 0.125928 0.756310 0.013240
v 0.127498 0.352898 0.248388
v 0.125916 0.355435 0.246827
v 0.127797 0.759736 -0.060630
v 0.125988 0.756066 -0.007217
v 0.127929 0.350752 0.251447
v 0.127788 0.359837 0.250721
v 0.133833 0.801121 -0.093901
v 0.127218 0.802339 -0.109002
v 0.126221 0.379316 0.231930
v 0.126327 0.380626 0.229290
v 0.127078 0.756971 0.002399
v 0.127309 0.802946 0.110759
v 0.126942 0.757570 -0.007465
v 0.126396 0.757709 -0.013127
v 0.129809 0.734627 -0.131367
v 0.126602 0.757676 0.014564
v 0.129259 0.368044 0.233848
v 0.126955 0.497647 0.133899
v 0.127151 0.357972 0.248117
v 0.127475 0.359629 0.252888
v 0.127323 0.362787 0.222514
v 0.127402 0.355909 0.256199
v 0.137972 0.871228 0.088190
v 0.127025 0.755534 -0.008121
v 0.126908 0.755589 0.013263
v 0.127638 0.808285 0.105946
v 0.128864 0.495049 0.133231
v 0.135259 0.783347 0.081933
v 0.142266 0.424521 -0.083308
v 0.129363 0.759592 0.032144
v 0.127351 0.350637 0.254299
v 0.129938 0.793590 0.104935
v 0.127886 0.755634 -0.028943
v 0.129086 0.019825 0.150103
v 0.129232 0.769846 -0.066470
v 0.148830 0.423114 0.027630
v 0.128024 0.351970 0.249812
v 0.132960 0.373724 0.226839
v 0.130672 0.364557 0.220468
v 0.128696 0.755963 -0.036168
v 0.129545 0.748496 -0.124713
v 0.141841 0.793125 0.084134
v 0.128119 0.364541 0.221146
v 0.133436 0.782365 0.095311
v 0.132965 0.784050 -0.095374
v 0.128316 0.352882 0.254819
v 0.134134 0.765878 -0.073428
v 0.133679 0.366253 0.221021
v 0.137626 0.770402 0.083409
v 0.128601 0.355295 0.253667
v 0.131411 0.788730 -0.100159
v 0.129225 0.795520 -0.104607
v 0.129543 0.360688 0.222758
v 0.132367 0.760201 -0.030485
v 0.131234 0.370370 0.233299
v 0.129668 0.759266 -0.016697
v 0.130200 0.009940 0.100404
v 0.131340 0.495342 0.127888
v 0.128923 0.352941 0.251429
v 0.153837 0.000854 0.116392
v 0.129761 0.759211 0.017252
v 0.131316 0.788736 0.101848
v 0.129446 0.754837 -0.000748
v 0.134294 0.764998 0.050767
v 0.131736 0.723217 -0.130754
v 0.138309 0.883142 0.079741
v 0.144196 0.776875 0.066638
v 0.137683 0.853583 -0.094320
v 0.130387 0.358898 0.228322
v 0.130327 0.358615 0.226917
v 0.131007 0.362289 0.220867
v 0.134910 0.797699 0.092120
v 0.136838 0.434853 -0.117413
v 0.137557 0.853860 0.095856
v 0.131367 0.724574 0.131227
v 0.139688 0.911358 -0.023768
v 0.136635 0.435003 0.118797
v 0.133835 0.647704 -0.130122
v 0.140914 0.428054 -0.093208
v 0.133181 0.759080 0.000549
v 0.152441 0.000550 0.126233
v 0.141343 0.763039 -0.031908
v 0.132851 0.359836 0.229399
v 0.140178 0.807494 0.093625
v 0.145832 0.759387 -0.056205
v 0.131956 0.361543 0.231126
v 0.141257 0.764778 0.040166
v 0.132240 0.360734 0.222654
v 0.138211 0.768609 -0.057588
v 0.138788 0.755008 -0.018118
v 0.136458 0.833493 0.101566
v 0.132637 0.755325 0.033910
v 0.134671 0.368774 0.222634
v 0.139207 0.902346 -0.056658
v 0.138553 0.889902 -0.072956
v 0.135238 0.368235 0.231401
v 0.145206 0.770579 0.057124
v 0.132892 0.359372 0.226684
v 0.133290 0.366411 0.232894
v 0.135754 0.370400 0.228040
v 0.152973 0.005218 0.142642
v 0.140784 0.428913 0.096056
v 0.154800 0.010591 -0.104493
v 0.141158 0.726210 0.102407
v 0.153790 0.012152 0.146843
v 0.154344 0.036251 -0.115895
v 0.140124 0.737871 0.102065
v 0.135084 0.493937 0.129943
v 0.134142 0.363067 0.221282
v 0.142920 0.784595 -0.076446
v 0.136676 0.368650 0.225102
v 0.146220 0.758901 0.055519
v 0.133141 0.494432 0.123968
v 0.133860 0.494651 0.130089
v 0.137215 0.768930 0.086192
v 0.135449 0.364674 0.231303
v 0.154644 0.010498 0.102532
v 0.155206 0.036788 0.133707
v 0.134689 0.494356 -0.122611
v 0.134727 0.495408 -0.127372
v 0.136364 0.761379 0.033030
v 0.135911 0.362282 0.224636
v 0.144083 0.600657 0.103544
v 0.136492 0.832830 -0.100071
v 0.135178 0.496172 -0.129272
v 0.135810 0.362423 0.229441
v 0.135849 0.493519 0.116216
v 0.136109 0.361996 0.227415
v 0.136421 0.773850 -0.086066
v 0.141535 0.764235 0.072241
v 0.133716 0.760076 0.063690
v 0.141247 0.797007 -0.085225
v 0.136125 0.364271 0.222542
v 0.142830 0.784616 0.078045
v 0.135391 0.494934 -0.128250
v 0.139425 0.754568 -0.000365
v 0.140753 0.755181 0.023953
v 0.135535 0.494313 -0.122135
v 0.136535 0.366225 0.222843
v 0.136208 0.494491 -0.124562
v 0.140230 0.492784 0.121675
v 0.136025 0.493183 0.116012
v 0.136407 0.493667 -0.118516
v 0.144361 0.600804 -0.103164
v 0.136271 0.492548 0.112536
v 0.155053 0.033488 0.140617
v 0.137887 0.365449 0.225928
v 0.153302 0.012318 -0.149038
v 0.139439 0.909620 -0.036010
v 0.140147 0.806957 -0.092184
v 0.137373 0.367706 0.228035
v 0.144327 0.767254 -0.043245
v 0.137420 0.493084 0.112237
v 0.143918 0.763525 0.031746
v 0.137689 0.365618 0.228198
v 0.137428 0.492415 0.111940
v 0.141910 0.546824 0.116627
v 0.137919 0.581508 -0.124264
v 0.139945 0.497212 0.121854
v 0.137703 0.493524 -0.125311
v 0.138854 0.496274 -0.123048
v 0.137719 0.493386 -0.116013
v 0.139613 0.911615 0.024735
v 0.137782 0.492008 0.108654
v 0.139120 0.493532 -0.122925
v 0.139157 0.767860 -0.077932
v 0.140159 0.493234 -0.120749
v 0.138169 0.492703 -0.113056
v 0.141179 0.725958 -0.102513
v 0.141232 0.831592 0.089245
v 0.147190 0.458782 0.112462
v 0.145656 0.771157 -0.055437
v 0.140085 0.737742 -0.101718
v 0.144026 0.761642 -0.000679
v 0.142196 0.496814 -0.117947
v 0.140797 0.494035 -0.114002
v 0.141354 0.852551 -0.085251
v 0.142028 0.664855 0.102531
v 0.139232 0.492402 0.108062
v 0.139297 0.491976 0.107928
v 0.145376 0.866072 -0.069030
v 0.147640 0.491020 0.109676
v 0.140600 0.491886 -0.103895
v 0.142299 0.658845 -0.102845
v 0.147368 0.858171 -0.067856
v 0.146972 0.869693 0.063595
v 0.147325 0.859485 0.069064
v 0.154527 0.032040 0.107519
v 0.144851 0.763406 -0.025554
v 0.155104 0.018062 -0.103117
v 0.151983 0.875593 0.018136
v 0.145652 0.872543 -0.063475
v 0.142523 0.497153 0.116992
v 0.140978 0.491660 0.100976
v 0.147297 0.458997 -0.111106
v 0.142674 0.492944 -0.107248
v 0.146407 0.491422 -0.110833
v 0.142173 0.491700 0.094284
v 0.143744 0.493355 0.106032
v 0.148363 0.878464 0.047198
v 0.141918 0.491831 -0.099575
v 0.146754 0.663963 0.070494
v 0.142156 0.491812 -0.095054
v 0.155532 0.425024 -0.018698
v 0.151281 0.875334 -0.029731
v 0.156725 0.032969 -0.142486
v 0.144650 0.000762 -0.116781
v 0.154318 0.019894 0.147797
v 0.154241 0.036774 -0.135111
v 0.146443 0.767929 0.043578
v 0.144054 0.760780 -0.062913
v 0.152791 0.001327 -0.134344
v 0.146788 0.664505 -0.070068
v 0.154736 0.037946 -0.125395
v 0.148402 0.814126 -0.069439
v 0.142875 0.492063 0.094188
v 0.149740 0.756355 -0.034562
v 0.156121 0.017527 0.101485
v 0.150075 0.829961 -0.067962
v 0.148884 0.602418 -0.067622
v 0.150802 0.877107 0.029926
v 0.143233 0.492147 -0.094496
v 0.143314 0.491614 -0.094444
v 0.144655 0.760260 0.062808
v 0.146531 0.493310 0.095887
v 0.147757 0.496137 -0.107162
v 0.143527 0.491818 -0.086769
v 0.143629 0.491975 0.089828
v 0.143439 0.491414 0.091210
v 0.147130 0.495604 -0.108083
v 0.149673 0.726188 -0.062758
v 0.143969 0.491792 0.085424
v 0.148377 0.796039 0.066744
v 0.146687 0.864194 0.068240
v 0.147604 0.856348 0.069799
v 0.144456 0.491481 -0.086035
v 0.156240 0.004269 -0.109391
v 0.152635 0.874651 -0.008313
v 0.155161 0.036259 0.114822
v 0.147564 0.496340 0.107589
v 0.144508 0.492087 -0.086263
v 0.148346 0.811306 0.070251
v 0.156391 0.004866 -0.143420
v 0.150641 0.831483 0.067937
v 0.155351 0.025471 0.103034
v 0.149778 0.755978 0.034090
v 0.145837 0.868458 0.067474
v 0.154361 0.019835 -0.149530
v 0.146511 0.767616 -0.039764
v 0.144991 0.491803 0.084557
v 0.151640 0.754917 0.000241
v 0.145165 0.491934 0.075297
v 0.145514 0.492886 -0.095770
v 0.145439 0.491866 -0.074272
v 0.147132 0.762884 -0.000995
v 0.147007 0.765607 -0.030878
v 0.151692 0.783799 -0.045239
v 0.148807 0.752696 -0.043686
v 0.148632 0.552903 0.087614
v 0.147692 0.870995 0.059559
v 0.149273 0.424893 -0.057869
v 0.150790 0.800304 -0.060134
v 0.148536 0.878166 -0.044768
v 0.148626 0.737861 -0.063334
v 0.146708 0.868158 -0.064841
v 0.151122 0.755505 0.019994
v 0.148842 0.737982 0.063630
v 0.146861 0.492291 -0.073668
v 0.149039 0.852408 0.067977
v 0.146765 0.491764 -0.073785
v 0.146668 0.492133 0.074550
v 0.146759 0.865566 -0.066902
v 0.148180 0.495660 0.103535
v 0.146988 0.764993 0.032282
v 0.147080 0.869637 -0.061024
v 0.147095 0.867798 0.066414
v 0.148754 0.493548 -0.086625
v 0.147855 0.492428 -0.061438
v 0.149443 0.493638 0.083714
v 0.147636 0.490987 -0.108803
v 0.150138 0.490152 0.098182
v 0.149622 0.490463 -0.098732
v 0.148307 0.764759 -0.000060
v 0.152285 0.490145 0.087063
v 0.149167 0.843118 -0.067744
v 0.147818 0.854860 -0.068042
v 0.149519 0.495476 -0.096867
v 0.153052 0.425071 -0.037317
v 0.148031 0.870558 -0.056485
v 0.148038 0.492348 0.068870
v 0.149447 0.866846 0.068634
v 0.155006 0.781395 0.022765
v 0.148906 0.867623 0.058437
v 0.148591 0.868000 -0.057440
v 0.155238 0.003620 0.107874
v 0.154925 0.027477 0.145610
v 0.149872 0.752162 0.037743
v 0.153535 0.456606 0.086481
v 0.150238 0.863716 0.056707
v 0.151763 0.437414 0.066408
v 0.149696 0.850431 -0.064644
v 0.149483 0.726426 0.063828
v 0.148840 0.853468 -0.066652
v 0.149237 0.856842 0.069114
v 0.148864 0.602003 0.068620
v 0.151836 0.662270 0.057586
v 0.150354 0.868658 -0.058113
v 0.150028 0.850063 0.066229
v 0.151108 0.755372 -0.018896
v 0.149186 0.492977 0.068244
v 0.149225 0.492302 -0.060824
v 0.153172 0.425135 0.037751
v 0.149230 0.493058 -0.060723
v 0.149438 0.492185 0.068177
v 0.149349 0.865903 -0.056490
v 0.152796 0.490164 -0.082436
v 0.153046 0.619466 0.056776
v 0.150214 0.492808 -0.054267
v 0.150428 0.869581 -0.065765
v 0.150312 0.862862 -0.055315
v 0.152568 0.785693 0.045605
v 0.150491 0.869357 0.067225
v 0.150911 0.495357 0.088115
v 0.153108 0.618717 -0.055615
v 0.160174 0.814849 -0.038124
v 0.154153 0.496757 -0.064241
v 0.150177 0.855286 -0.067535
v 0.150558 0.492636 0.058488
v 0.151654 0.864437 0.069998
v 0.151731 0.751338 -0.014581
v 0.155604 0.032196 -0.109009
v 0.150793 0.493719 0.063195
v 0.151035 0.848970 -0.061983
v 0.150637 0.493271 -0.053449
v 0.151845 0.751455 0.014108
v 0.151423 0.852051 0.068090
v 0.152479 0.859270 -0.068624
v 0.154247 0.727908 -0.032851
v 0.151016 0.852234 -0.066254
v 0.151935 0.854901 -0.055370
v 0.152762 0.861918 -0.068549
v 0.151776 0.666778 -0.056853
v 0.151641 0.849256 -0.060107
v 0.154726 0.858754 0.040633
v 0.151871 0.854985 0.057246
v 0.151215 0.867676 -0.057011
v 0.152201 0.493830 -0.044369
v 0.152246 0.493812 0.047545
v 0.151427 0.849137 0.062066
v 0.154568 0.490506 -0.069211
v 0.151505 0.870728 0.061947
v 0.152209 0.495333 -0.079587
v 0.155669 0.491243 0.063038
v 0.152306 0.870893 -0.062189
v 0.153067 0.493132 0.046726
v 0.151939 0.867883 0.068528
v 0.153322 0.738258 -0.034639
v 0.155816 0.783671 -0.021593
v 0.153206 0.493222 -0.043657
v 0.152354 0.852949 0.056857
v 0.152295 0.870540 0.065610
v 0.153554 0.738162 0.035168
v 0.152117 0.852206 -0.056932
v 0.152163 0.870093 -0.064610
v 0.152969 0.866268 -0.067365
v 0.154118 0.456365 -0.082291
v 0.152288 0.851038 -0.057358
v 0.152746 0.858227 0.070153
v 0.152252 0.852051 0.058571
v 0.157060 0.501041 -0.036457
v 0.152268 0.864563 -0.055988
v 0.156358 0.635051 0.033254
v 0.152344 0.869995 -0.059700
v 0.152350 0.850202 0.058802
v 0.156194 0.781525 0.000576
v 0.154023 0.497022 0.064886
v 0.156298 0.855593 -0.035804
v 0.154900 0.737187 -0.016965
v 0.157701 0.588471 -0.032685
v 0.154910 0.038010 0.124507
v 0.154133 0.855976 -0.067814
v 0.156258 0.643460 -0.031466
v 0.154187 0.855459 0.069338
v 0.154964 0.737918 0.017149
v 0.155115 0.843911 0.053076
v 0.154201 0.867794 0.067791
v 0.153244 0.494404 0.047065
v 0.153308 0.494322 -0.043631
v 0.153395 0.863378 0.070003
v 0.155121 0.867146 -0.064837
v 0.154872 0.496682 -0.053899
v 0.154905 0.493177 -0.040018
v 0.158458 0.455929 0.060268
v 0.153984 0.850209 -0.063673
v 0.154509 0.493799 0.041708
v 0.155367 0.868322 -0.062393
v 0.157816 0.455989 -0.062148
v 0.157380 0.500131 0.035485
v 0.154338 0.869278 0.062803
v 0.154143 0.493865 -0.040599
v 0.153915 0.866821 0.058437
v 0.153961 0.866699 -0.057396
v 0.154629 0.867987 -0.058884
v 0.154231 0.868260 0.060135
v 0.154099 0.854004 -0.056885
v 0.155615 0.853488 -0.065834
v 0.154858 0.862372 -0.055687
v 0.155101 0.493391 0.040841
v 0.155541 0.737599 -0.000268
v 0.157273 0.025860 -0.104969
v 0.155323 0.497804 -0.053448
v 0.156303 0.856573 -0.056068
v 0.158840 0.825367 0.046050
v 0.157105 0.498421 0.036691
v 0.161042 0.803503 0.028995
v 0.156088 0.491362 -0.057786
v 0.155115 0.496009 0.045614
v 0.154619 0.727075 0.032272
v 0.160775 0.839158 0.034812
v 0.156027 0.855925 0.068567
v 0.155516 0.853001 0.067262
v 0.156177 0.860700 -0.066748
v 0.155314 0.496251 -0.044089
v 0.155916 0.861774 0.068685
v 0.155648 0.864931 0.067755
v 0.155209 0.495116 -0.039980
v 0.156423 0.498126 0.041457
v 0.156258 0.856892 -0.066883
v 0.155991 0.867555 0.064765
v 0.157773 0.492859 0.044495
v 0.160414 0.841145 -0.033423
v 0.155776 0.866303 0.060666
v 0.157372 0.493263 -0.031654
v 0.155472 0.854004 0.059120
v 0.156155 0.862153 -0.056379
v 0.156166 0.851430 0.064320
v 0.155533 0.852356 -0.059616
v 0.156233 0.717172 -0.013376
v 0.155640 0.853394 -0.058151
v 0.156803 0.494891 -0.034209
v 0.155705 0.852131 0.060165
v 0.156414 0.851416 -0.062193
v 0.156168 0.862343 0.058446
v 0.156660 0.497686 -0.039414
v 0.157699 0.588094 0.034136
v 0.161799 0.805881 -0.026125
v 0.156259 0.493445 0.035396
v 0.154503 0.027461 -0.147225
v 0.156324 0.856018 0.058345
v 0.157375 0.425092 0.001807
v 0.156577 0.711696 0.014236
v 0.163918 0.834398 0.023723
v 0.179012 0.003588 0.133558
v 0.157648 0.702720 0.000157
v 0.156955 0.856062 -0.058252
v 0.161970 0.456214 -0.034965
v 0.156932 0.495976 0.034898
v 0.158638 0.654542 -0.017481
v 0.158500 0.492813 -0.036403
v 0.156838 0.855507 0.060230
v 0.158008 0.862481 -0.062030
v 0.157336 0.498937 -0.035209
v 0.157937 0.862661 0.063584
v 0.158131 0.856217 0.063670
v 0.158285 0.492693 0.039721
v 0.157545 0.497067 -0.028697
v 0.158330 0.856150 -0.062182
v 0.176937 0.034016 0.132743
v 0.158943 0.652524 0.017359
v 0.161755 0.816858 0.036556
v 0.157672 0.493762 0.025643
v 0.162607 0.801783 0.017220
v 0.159628 0.586512 0.017500
v 0.157700 0.493500 0.032761
v 0.159639 0.584580 -0.016108
v 0.158457 0.493939 -0.012318
v 0.162797 0.799750 -0.000431
v 0.162184 0.842693 -0.015114
v 0.158269 0.499701 -0.016655
v 0.176881 0.033348 -0.116881
v 0.161514 0.651790 0.000494
v 0.158602 0.495560 0.011734
v 0.163995 0.456763 -0.017076
v 0.162024 0.456251 0.036210
v 0.179915 0.004726 -0.136889
v 0.158667 0.493987 0.012367
v 0.162792 0.841711 0.007423
v 0.181164 0.003080 -0.131136
v 0.158766 0.826682 -0.044723
v 0.159585 0.580829 -0.015862
v 0.177245 0.033505 0.115690
v 0.177241 0.025460 0.106553
v 0.158639 0.493049 0.036940
v 0.159137 0.495841 0.000550
v 0.160351 0.493508 -0.016149
v 0.161278 0.493876 0.003928
v 0.163936 0.456746 0.019227
v 0.159067 0.493813 -0.011431
v 0.159484 0.493966 0.001183
v 0.160747 0.584120 0.000276
v 0.159637 0.584229 -0.015690
v 0.159637 0.584229 -0.015690
v 0.159637 0.584229 -0.015694
v 0.159637 0.584229 -0.015696
v 0.159744 0.583740 -0.014312
v 0.162308 0.800920 -0.014215
v 0.165099 0.825179 -0.027869
v 0.182004 0.002701 -0.124590
v 0.177155 0.005828 -0.140346
v 0.164159 0.819018 -0.031080
v 0.169819 0.002356 -0.118262
v 0.175512 0.006313 0.139868
v 0.172480 0.031711 0.138968
v 0.174232 0.030610 0.109729
v 0.167702 0.820180 -0.020387
v 0.165180 0.456772 0.000746
v 0.164394 0.818679 0.032188
v 0.164841 0.809939 0.023441
v 0.167328 0.819352 0.023309
v 0.181642 0.002712 0.127112
v 0.165975 0.812064 0.023481
v 0.177986 0.019798 0.143923
v 0.165844 0.814322 -0.023879
v 0.165243 0.816671 -0.027505
v 0.164936 0.812228 -0.014440
v 0.166427 0.809401 0.016082
v 0.165078 0.814461 -0.019537
v 0.165195 0.811792 -0.008487
v 0.165236 0.812380 0.014593
v 0.165603 0.814784 0.020871
v 0.165643 0.811457 -0.021645
v 0.176746 0.027669 0.141593
v 0.173127 0.030516 -0.110997
v 0.178803 0.034789 0.124109
v 0.166565 0.808810 -0.008437
v 0.166651 0.817243 0.024440
v 0.166519 0.808838 0.005639
v 0.166519 0.808838 0.005640
v 0.166519 0.808838 0.006256
v 0.166519 0.808838 0.006258
v 0.168927 0.818695 -0.008921
v 0.173212 0.002160 0.118351
v 0.168886 0.818783 0.010688
v 0.178162 0.010857 0.106615
v 0.177977 0.012348 -0.144627
v 0.177457 0.027445 -0.143139
v 0.174582 0.004986 -0.112156
v 0.177877 0.010807 -0.108481
v 0.177608 0.012662 0.143176
v 0.178917 0.018398 0.105323
v 0.178570 0.020164 -0.145211
v 0.178448 0.018144 -0.107018
v 0.177850 0.026479 -0.108996
v 0.178586 0.034902 -0.125970
v 0.175952 0.031578 -0.139478
v 0.177668 0.033737 -0.134767
v 0.175786 0.004873 0.110839
v 0.181885 0.003314 0.130665
v 0.181597 0.003706 -0.118025
v 0.186519 0.029614 0.115433
v 0.194102 0.019981 0.136638
v 0.191797 0.009517 -0.115925
v 0.182275 0.003766 0.117489
v 0.191715 0.010314 -0.137638
v 0.191538 0.010741 0.135924
v 0.190308 0.028232 0.134387
v 0.191015 0.028367 -0.134950
v 0.187605 0.011772 -0.140200
v 0.194287 0.019148 -0.114563
v 0.191283 0.027220 0.114824
v 0.191991 0.010380 0.113776
v 0.194699 0.019191 0.113203
v 0.194416 0.019812 -0.138116
v 0.197263 0.009800 -0.126427
v 0.188732 0.005898 0.126112
v 0.188984 0.007995 0.114933
v 0.190323 0.027819 -0.116229
v 0.191148 0.027005 -0.136418
v 0.194635 0.028794 0.124317
v 0.194675 0.029052 -0.125736
v 0.197103 0.010025 0.125413
v 0.200247 0.019567 -0.126277
v 0.200088 0.019771 0.124920
v -0.007783 0.731045 -0.174911
v 0.001854 0.614965 -0.147844
v 0.007713 0.866234 0.139554
v 0.004454 0.407393 -0.001695
v 0.002631 0.753199 0.166221
v -0.018389 0.420553 0.127879
v 0.001499 0.755393 0.154773
v -0.010059 0.624969 0.148212
v -0.002091 0.503044 0.147698
v -0.003820 0.704676 -0.179091
v 0.000197 0.648307 -0.174111
v -0.016016 0.736029 -0.138347
v -0.010023 0.622981 0.159902
v -0.011252 0.522256 -0.145680
v -0.005786 0.683476 -0.174630
v -0.024647 0.417516 -0.101456
v -0.011783 0.590550 0.148067
v -0.007646 0.688601 0.179352
v -0.005784 0.683275 0.176275
v -0.012832 0.498571 0.150546
v -0.018989 0.913399 -0.117887
v -0.005454 0.410158 0.052263
v -0.010119 0.622873 0.158006
v -0.015233 0.736525 0.140122
v -0.012087 0.503044 0.146527
v -0.010637 0.625534 -0.146991
v -0.005487 0.502747 0.148987
v -0.012498 0.642966 0.169859
v -0.009768 0.622355 -0.157992
v -0.011524 0.503392 -0.145796
v -0.023461 0.414606 -0.064909
v -0.022712 0.414359 0.064079
v -0.008481 0.408838 0.000321
v -0.006382 0.502516 0.150288
v -0.012528 0.642147 -0.168078
v -0.012269 0.427034 -0.139252
v -0.019711 0.940569 -0.001094
v -0.011294 0.536643 0.147139
v -0.018727 0.659359 -0.167965
v -0.018982 0.738684 0.152978
v -0.017514 0.765727 0.136612
v -0.019685 0.710735 0.174910
v -0.019746 0.753682 -0.135328
v -0.018031 0.503162 0.149051
v -0.013653 0.462968 -0.151650
v -0.012844 0.502892 -0.147211
v -0.019687 0.661251 0.169061
v -0.011637 0.620308 -0.146576
v -0.025507 0.412738 0.023778
v -0.011851 0.618837 0.148038
v -0.012865 0.500714 -0.149007
v -0.023549 0.690944 -0.172190
v -0.023939 0.411607 -0.000963
v -0.017867 0.609074 0.145765
v -0.014709 0.630811 0.147734
v -0.015283 0.630192 0.159433
v -0.014844 0.628927 0.146809
v -0.013777 0.502568 -0.148390
v -0.018962 0.738886 -0.151107
v -0.018720 0.635412 -0.157251
v -0.016233 0.631980 -0.145837
v -0.017570 0.580708 -0.145009
v -0.016280 0.633095 -0.147033
v -0.019884 0.607096 -0.143754
v -0.018949 0.503223 -0.144320
v -0.019631 0.516843 -0.143937
v -0.016717 0.633794 0.149757
v -0.021237 0.503240 -0.147219
v -0.018320 0.575781 0.145911
v -0.018062 0.630334 0.145267
v -0.021276 0.502592 0.144391
v -0.021187 0.683813 0.169408
v -0.015556 0.736544 -0.138827
v -0.023743 0.417473 0.103819
v -0.018014 0.640567 -0.161516
v -0.022950 0.438293 0.147666
v -0.017966 0.739789 0.138574
v -0.018073 0.631934 -0.144711
v -0.018017 0.731976 0.139496
v -0.018576 0.937121 0.088691
v -0.021072 0.638653 0.158692
v -0.022882 0.438472 -0.146696
v -0.017981 0.635413 0.146354
v -0.021285 0.683982 -0.167927
v -0.019771 0.729172 -0.138524
v -0.022122 0.640660 0.158881
v -0.018735 0.637537 -0.145939
v -0.024210 0.653212 0.161705
v -0.024975 0.463060 0.152094
v -0.019016 0.635551 0.145557
v -0.020430 0.588892 -0.143617
v -0.032138 0.716616 -0.150157
v -0.023980 0.658928 -0.161606
v -0.018454 0.628539 -0.144573
v -0.019828 0.728670 -0.137512
v -0.020015 0.710459 -0.173263
v -0.019128 0.638205 -0.147084
v -0.019932 0.639991 0.149199
v -0.029013 0.716927 -0.162870
v -0.041507 0.797462 -0.119555
v -0.019482 0.615541 0.145338
v -0.019619 0.638974 0.147040
v -0.025353 0.501092 0.149308
v -0.023711 0.690999 0.173669
v -0.019629 0.639281 -0.148013
v -0.019440 0.636525 0.146614
v -0.023391 0.448313 0.151412
v -0.022346 0.583978 -0.142590
v -0.022705 0.448535 -0.150383
v -0.020794 0.639549 -0.151890
v -0.020519 0.592068 0.144685
v -0.021260 0.590746 -0.143588
v -0.042386 0.826638 0.118760
v -0.022050 0.625476 -0.155079
v -0.039462 0.903693 -0.109526
v -0.021228 0.592102 0.145023
v -0.024972 0.548091 0.142475
v -0.024156 0.720491 0.138443
v -0.021865 0.560819 -0.142914
v -0.024643 0.462817 -0.150851
v -0.018901 0.865715 -0.128337
v -0.021965 0.641936 -0.157104
v -0.018417 0.865786 0.130163
v -0.020907 0.935158 0.088489
v -0.021961 0.640010 0.155955
v -0.030384 0.713233 -0.163219
v -0.021179 0.591321 0.144306
v -0.040614 0.765980 -0.122855
v -0.022767 0.593390 0.151886
v -0.025171 0.422112 -0.126026
v -0.024019 0.592706 -0.153970
v -0.040121 0.767783 0.124201
v -0.023294 0.645869 0.159721
v -0.025671 0.662893 -0.160564
v -0.022910 0.625215 0.159031
v -0.022025 0.640536 -0.155192
v -0.025429 0.502713 0.148703
v -0.026732 0.720482 0.164692
v -0.028592 0.431212 0.139428
v -0.033100 0.927079 0.067977
v -0.026884 0.668314 0.161222
v -0.037112 0.732812 -0.128327
v -0.022668 0.642487 -0.156682
v -0.024783 0.659786 0.163139
v -0.027220 0.528934 0.141098
v -0.022857 0.640464 0.158869
v -0.049588 0.916437 0.049651
v -0.024799 0.684128 -0.163794
v -0.030327 0.713413 0.164908
v -0.025318 0.717620 -0.136685
v -0.023548 0.649311 -0.158257
v -0.027058 0.558285 -0.139734
v -0.024445 0.574210 0.142493
v -0.028578 0.554422 0.140329
v -0.027335 0.501792 0.141365
v -0.026561 0.501955 -0.141156
v -0.024304 0.655497 -0.160194
v -0.025916 0.503619 -0.141130
v -0.025408 0.593473 0.160101
v -0.025871 0.502594 -0.147137
v -0.024906 0.572967 0.142030
v -0.025302 0.568255 -0.140796
v -0.033385 0.693545 0.164811
v -0.030502 0.625706 -0.174483
v -0.030611 0.687537 -0.161244
v -0.027237 0.567341 0.148925
v -0.025304 0.568718 -0.141200
v -0.024665 0.655918 -0.160740
v -0.025678 0.667654 -0.160716
v -0.026834 0.561832 0.141187
v -0.025055 0.659364 -0.161117
v -0.025222 0.499831 -0.148178
v -0.028072 0.679172 0.160478
v -0.025387 0.661449 0.162472
v -0.030945 0.524543 -0.138042
v -0.028336 0.431262 -0.138483
v -0.046775 0.913831 -0.083907
v -0.035900 0.732495 0.130675
v -0.031599 0.448226 -0.147533
v -0.031752 0.711487 -0.143018
v -0.027670 0.717339 0.141799
v -0.033631 0.592937 0.175994
v -0.027768 0.659149 0.170116
v -0.029406 0.684602 0.159532
v -0.031391 0.448043 0.148570
v -0.026797 0.667640 -0.160789
v -0.026721 0.668794 -0.159623
v -0.026876 0.665995 0.161815
v -0.028183 0.681080 -0.158796
v -0.033039 0.659046 -0.180463
v -0.027080 0.712984 -0.136799
v -0.027327 0.712748 0.138185
v -0.028399 0.559668 0.147634
v -0.028608 0.559003 -0.147838
v -0.028496 0.662322 0.166935
v -0.029163 0.684494 -0.158277
v -0.030676 0.501435 -0.146042
v -0.030100 0.501909 0.147495
v -0.032173 0.716772 0.152631
v -0.037601 0.736198 -0.127315
v -0.034860 0.727384 0.132080
v -0.031367 0.668903 -0.173603
v -0.028700 0.550525 -0.138839
v -0.039365 0.437733 0.138774
v -0.029021 0.550481 -0.139127
v -0.030377 0.550552 0.145898
v -0.028992 0.711902 -0.136842
v -0.028489 0.681269 -0.158815
v -0.030835 0.715962 -0.134479
v -0.046705 0.913853 0.085578
v -0.030183 0.544227 -0.137952
v -0.028895 0.553807 0.139859
v -0.028664 0.679551 0.160330
v -0.032506 0.692187 0.164561
v -0.029479 0.711399 -0.139272
v -0.043224 0.922964 -0.005934
v -0.030755 0.666975 0.171187
v -0.038296 0.747962 0.127676
v -0.030365 0.711946 0.142623
v -0.031165 0.688691 0.161530
v -0.034398 0.424681 0.125987
v -0.031136 0.624517 0.176442
v -0.038943 0.438035 -0.138590
v -0.030168 0.712724 0.137458
v -0.034439 0.499831 0.136764
v -0.032953 0.558340 -0.158940
v -0.031722 0.560074 0.158208
v -0.029970 0.711548 0.140289
v -0.030150 0.711241 -0.139063
v -0.032271 0.538908 0.137821
v -0.036452 0.593655 -0.181389
v -0.031126 0.543947 0.138879
v -0.032699 0.692301 -0.163749
v -0.030226 0.676431 -0.166332
v -0.032089 0.711701 0.146063
v -0.031359 0.664299 0.171813
v -0.039404 0.903724 0.110998
v -0.030251 0.658542 0.175267
v -0.030986 0.712220 0.140876
v -0.038055 0.499633 0.145183
v -0.033490 0.532760 0.137099
v -0.036862 0.462907 -0.147001
v -0.036556 0.462646 0.148286
v -0.043043 0.865420 0.116038
v -0.031775 0.711864 -0.142029
v -0.035407 0.526095 0.136171
v -0.034003 0.664319 -0.179330
v -0.033033 0.712162 0.159881
v -0.033516 0.692409 0.165268
v -0.033852 0.500971 0.145871
v -0.032342 0.720449 -0.132950
v -0.033281 0.710547 -0.158091
v -0.031921 0.711627 0.144738
v -0.032953 0.533247 -0.136772
v -0.033855 0.662149 0.177325
v -0.033997 0.533571 -0.141196
v -0.033215 0.704660 -0.160968
v -0.034190 0.500123 -0.135896
v -0.032004 0.719314 0.134952
v -0.036676 0.528433 0.144455
v -0.033460 0.712726 -0.153193
v -0.033425 0.711139 0.149826
v -0.033653 0.666501 -0.178340
v -0.036926 0.718275 0.152021
v -0.033923 0.710922 -0.149294
v -0.036991 0.694454 -0.172851
v -0.034379 0.662517 -0.180933
v -0.034645 0.665523 0.178328
v -0.034700 0.700814 0.161700
v -0.033619 0.712406 0.155755
v -0.050532 0.917115 0.024709
v -0.034732 0.661272 -0.182962
v -0.034942 0.624881 -0.183535
v -0.034433 0.424808 -0.124889
v -0.035464 0.717600 -0.148611
v -0.036792 0.521969 -0.133654
v -0.034091 0.668759 -0.179881
v -0.034358 0.527402 -0.135863
v -0.034843 0.668700 0.180093
v -0.034284 0.701952 -0.159139
v -0.039176 0.528131 0.150965
v -0.034990 0.528705 0.136208
v -0.034437 0.707685 -0.153669
v -0.036827 0.626896 0.186015
v -0.034927 0.707871 0.156341
v -0.035633 0.660147 0.184191
v -0.034805 0.726922 0.132592
v -0.037651 0.420600 0.099273
v -0.037225 0.420700 -0.099796
v -0.035877 0.662950 0.180748
v -0.035473 0.527580 -0.139811
v -0.038384 0.499440 -0.143747
v -0.035329 0.666369 -0.180014
v -0.037543 0.500034 -0.142957
v -0.038336 0.669925 -0.186016
v -0.036834 0.711734 -0.157233
v -0.036173 0.665785 0.180088
v -0.037528 0.693441 0.172474
v -0.036994 0.593471 0.181822
v -0.040833 0.514935 0.132198
v -0.039891 0.561250 0.174098
v -0.040317 0.748574 -0.124931
v -0.048947 0.425877 -0.096528
v -0.040397 0.742709 0.126894
v -0.037450 0.663633 -0.181887
v -0.038618 0.662071 -0.188274
v -0.038165 0.667212 -0.182466
v -0.041040 0.670147 0.187554
v -0.037736 0.523057 0.134653
v -0.036844 0.733004 0.130289
v -0.037562 0.663182 0.183244
v -0.044190 0.417177 0.023092
v -0.038589 0.665136 0.182202
v -0.041328 0.666768 0.184371
v -0.037848 0.498748 -0.132857
v -0.040791 0.666033 -0.183983
v -0.047241 0.627198 0.197006
v -0.043137 0.721278 0.161102
v -0.040780 0.662370 0.189335
v -0.042383 0.745850 0.129318
v -0.042180 0.560133 -0.176473
v -0.040915 0.720720 -0.159405
v -0.040628 0.663595 -0.184946
v -0.038573 0.736845 -0.126903
v -0.045155 0.430357 -0.123848
v -0.047957 0.528632 0.164847
v -0.043657 0.695733 0.179012
v -0.040368 0.734797 -0.136404
v -0.045139 0.416634 -0.001064
v -0.041033 0.625767 -0.191743
v -0.040514 0.751370 0.126094
v -0.039716 0.498190 -0.131605
v -0.040972 0.511372 -0.130227
v -0.042620 0.418280 -0.047995
v -0.041419 0.508461 -0.130038
v -0.043648 0.516191 0.141782
v -0.044237 0.742922 0.137715
v -0.040727 0.743048 -0.124826
v -0.042303 0.511173 0.131145
v -0.040429 0.497378 0.132495
v -0.041351 0.528142 -0.153901
v -0.040953 0.515609 0.132855
v -0.041510 0.670191 -0.188857
v -0.043679 0.497395 -0.139657
v -0.049151 0.456675 0.137867
v -0.048828 0.494608 0.136162
v -0.043937 0.593296 -0.190419
v -0.043250 0.504409 -0.128800
v -0.042627 0.765340 0.118133
v -0.048918 0.425896 0.097795
v -0.049592 0.916489 -0.048315
v -0.041077 0.497362 -0.133038
v -0.040993 0.497023 -0.130416
v -0.042102 0.746219 -0.123650
v -0.042835 0.744638 -0.129150
v -0.047584 0.495599 -0.135885
v -0.042015 0.747349 0.124088
v -0.045793 0.722674 -0.164475
v -0.048632 0.671380 -0.195009
v -0.045764 0.513488 -0.143037
v -0.044712 0.505298 0.129085
v -0.042618 0.511144 0.131353
v -0.048939 0.747843 -0.138488
v -0.045180 0.664604 -0.187793
v -0.044959 0.541326 0.168454
v -0.047034 0.662980 0.195556
v -0.042287 0.496733 -0.129475
v -0.045578 0.666016 0.187516
v -0.043470 0.751451 0.119221
v -0.044181 0.664258 0.187314
v -0.043594 0.749897 -0.118413
v -0.044343 0.503300 -0.128060
v -0.043532 0.667488 -0.185997
v -0.045670 0.754350 -0.111392
v -0.050815 0.423974 0.073534
v -0.043017 0.865198 -0.114494
v -0.044543 0.668382 -0.187308
v -0.043193 0.506184 -0.129036
v -0.048259 0.663603 -0.196686
v -0.045346 0.502262 0.128368
v -0.044244 0.752097 -0.115691
v -0.042372 0.695132 -0.179989
v -0.054851 0.812973 0.084497
v -0.044117 0.495877 -0.127494
v -0.046300 0.769777 -0.106049
v -0.044351 0.496105 0.128706
v -0.054869 0.813438 -0.083229
v -0.044706 0.753868 0.115741
v -0.044802 0.520879 0.150273
v -0.045284 0.495118 -0.129503
v -0.044680 0.751253 -0.115674
v -0.051028 0.561417 0.185927
v -0.044760 0.495418 0.130401
v -0.045744 0.668917 -0.187731
v -0.044549 0.752479 0.119126
v -0.045577 0.667704 0.187396
v -0.044793 0.503527 -0.129338
v -0.047105 0.753293 -0.122767
v -0.058046 0.449961 0.122518
v -0.045213 0.497720 -0.126789
v -0.050165 0.528408 -0.166552
v -0.054505 0.867246 -0.083112
v -0.050329 0.696839 -0.186138
v -0.045450 0.753298 -0.112039
v -0.045234 0.430447 0.125095
v -0.045236 0.494786 -0.125610
v -0.045288 0.755662 0.113561
v -0.045555 0.494768 0.126736
v -0.050994 0.775140 0.094646
v -0.045766 0.501861 0.127824
v -0.048706 0.508441 -0.141580
v -0.054154 0.724311 -0.170619
v -0.048441 0.746748 0.140285
v -0.046309 0.757614 0.110038
v -0.047323 0.497410 -0.127343
v -0.046437 0.755725 -0.109524
v -0.045491 0.722873 0.162858
v -0.049831 0.560556 -0.184705
v -0.046107 0.756534 -0.109473
v -0.046067 0.756386 0.113373
v -0.049328 0.760326 -0.112433
v -0.048072 0.668284 0.189435
v -0.048113 0.593169 0.193487
v -0.051375 0.665221 0.193353
v -0.051906 0.491956 -0.132612
v -0.052077 0.665383 -0.193568
v -0.047763 0.762194 0.105292
v -0.046715 0.494263 -0.124825
v -0.054121 0.421717 0.028546
v -0.046796 0.494228 0.126288
v -0.047442 0.758702 -0.105378
v -0.047200 0.495725 -0.125259
v -0.048902 0.760835 0.112763
v -0.047747 0.493510 -0.125698
v -0.048595 0.756854 0.121809
v -0.047394 0.498757 0.127261
v -0.047069 0.495697 0.125946
v -0.053624 0.593747 -0.198436
v -0.054516 0.867603 0.084772
v -0.058130 0.449725 -0.121454
v -0.047421 0.760278 0.107057
v -0.051646 0.502657 0.138893
v -0.048274 0.500814 -0.131874
v -0.047527 0.492992 -0.121594
v -0.047671 0.493793 -0.122765
v -0.047833 0.760450 -0.103821
v -0.047778 0.494574 0.124751
v -0.047699 0.760996 0.105672
v -0.050947 0.666298 0.191880
v -0.050693 0.669269 -0.192290
v -0.048722 0.456703 -0.136959
v -0.050958 0.667908 0.191687
v -0.052196 0.697580 0.186098
v -0.054911 0.724775 0.170558
v -0.058282 0.868256 0.050363
v -0.051024 0.760964 -0.116529
v -0.062624 0.444700 0.095238
v -0.049448 0.763547 -0.098034
v -0.047084 0.671321 0.193142
v -0.049755 0.493066 0.126349
v -0.048347 0.760456 -0.103426
v -0.048293 0.762287 0.104909
v -0.054401 0.421441 -0.019576
v -0.052378 0.492728 -0.129249
v -0.051274 0.423484 -0.065921
v -0.050968 0.774509 -0.093026
v -0.049627 0.765880 0.100052
v -0.050698 0.626345 -0.200020
v -0.049643 0.493249 -0.123317
v -0.048977 0.493836 0.124550
v -0.050683 0.917621 -0.006474
v -0.051898 0.499575 -0.135631
v -0.049492 0.493188 0.123289
v -0.051709 0.492282 0.133752
v -0.050730 0.494270 0.125176
v -0.051901 0.493202 0.131597
v -0.049750 0.495982 0.126806
v -0.052979 0.497299 0.133848
v -0.050471 0.764573 -0.094869
v -0.054415 0.748376 -0.144928
v -0.051820 0.667355 -0.192711
v -0.050930 0.493317 -0.123898
v -0.050653 0.767338 0.097670
v -0.062598 0.444345 -0.094256
v -0.058343 0.868145 -0.048753
v -0.057741 0.593856 0.200703
v -0.050477 0.764513 -0.097349
v -0.050512 0.766509 0.099526
v -0.051306 0.767527 -0.092662
v -0.056041 0.761571 -0.123511
v -0.052943 0.496283 -0.131696
v -0.054901 0.420882 0.000387
v -0.057909 0.664545 0.202795
v -0.061083 0.749255 -0.149158
v -0.052381 0.768397 0.105410
v -0.051498 0.769506 0.094208
v -0.051365 0.493256 -0.132858
v -0.059662 0.869324 0.010909
v -0.052091 0.491978 0.123166
v -0.051901 0.768463 -0.090858
v -0.057813 0.673643 0.200561
v -0.053637 0.773622 0.088112
v -0.052133 0.768158 -0.092177
v -0.052405 0.769538 -0.090074
v -0.057444 0.501533 -0.144695
v -0.052628 0.771229 0.091468
v -0.052672 0.492232 0.132279
v -0.053132 0.771519 -0.086889
v -0.058197 0.529500 0.174920
v -0.055770 0.668596 0.195037
v -0.056370 0.748913 0.146610
v -0.054151 0.669166 -0.194347
v -0.053158 0.491333 0.123146
v -0.057561 0.487216 0.123698
v -0.053875 0.491432 0.124890
v -0.061453 0.561490 0.193375
v -0.054622 0.782506 -0.083490
v -0.055864 0.771738 -0.103751
v -0.053971 0.492405 0.125100
v -0.056538 0.667578 0.195417
v -0.059734 0.560751 -0.191956
v -0.056376 0.627908 0.203767
v -0.058569 0.528772 -0.174110
v -0.053555 0.671273 -0.196729
v -0.054349 0.491423 0.128508
v -0.054552 0.772239 0.102129
v -0.054446 0.491846 -0.125454
v -0.054725 0.774147 -0.083029
v -0.064520 0.594991 -0.205166
v -0.056533 0.672339 -0.200180
v -0.054376 0.772815 -0.085983
v -0.056889 0.666044 0.196596
v -0.055112 0.774987 0.083332
v -0.054989 0.489891 0.128175
v -0.054643 0.490049 -0.127879
v -0.054281 0.773782 0.087906
v -0.056493 0.486344 -0.124907
v -0.059512 0.868821 -0.019370
v -0.055896 0.775175 0.095197
v -0.061580 0.699380 0.192274
v -0.055159 0.775195 -0.079026
v -0.056808 0.774726 -0.095378
v -0.055395 0.776190 -0.078437
v -0.055359 0.776059 0.081399
v -0.056682 0.783640 0.071442
v -0.059729 0.816911 0.048855
v -0.055783 0.670535 -0.195546
v -0.058635 0.665979 -0.197743
v -0.057635 0.664584 -0.202637
v -0.056231 0.490452 -0.124805
v -0.059062 0.667280 -0.197380
v -0.056341 0.776729 0.076176
v -0.060350 0.475658 -0.117657
v -0.056468 0.777611 -0.071539
v -0.056010 0.776224 -0.078340
v -0.056106 0.776086 0.081680
v -0.057060 0.770538 0.110753
v -0.056244 0.490808 0.125326
v -0.056734 0.778028 0.072757
v -0.057017 0.489707 0.124854
v -0.059124 0.485084 -0.120316
v -0.059861 0.698851 -0.191452
v -0.061128 0.626730 -0.206595
v -0.057813 0.779487 0.064300
v -0.060339 0.792561 -0.045776
v -0.057407 0.779160 -0.064924
v -0.058541 0.778477 -0.081404
v -0.059351 0.783626 0.052543
v -0.060303 0.785026 0.046550
v -0.058122 0.778817 0.064693
v -0.069459 0.503129 0.156124
v -0.067296 0.438590 0.006950
v -0.060181 0.501210 0.147025
v -0.060287 0.772283 0.111407
v -0.057618 0.777980 0.072667
v -0.060664 0.491896 0.131908
v -0.058234 0.488060 -0.122634
v -0.058786 0.781979 -0.055020
v -0.063826 0.726293 0.175975
v -0.061005 0.666450 0.198994
v -0.058332 0.780566 -0.058980
v -0.058528 0.487913 0.122873
v -0.058706 0.781003 0.058495
v -0.060748 0.670542 -0.198028
v -0.060791 0.669388 -0.197853
v -0.062795 0.673410 -0.203101
v -0.060888 0.482929 0.117734
v -0.061784 0.783430 0.073515
v -0.064241 0.772327 0.115293
v -0.059534 0.782990 -0.051516
v -0.059177 0.782537 0.053026
v -0.059109 0.779055 0.084206
v -0.065597 0.440726 0.051208
v -0.062605 0.725861 -0.174889
v -0.059262 0.783409 -0.051385
v -0.060737 0.772498 -0.109978
v -0.059659 0.782017 0.057790
v -0.060713 0.479733 0.118207
v -0.059620 0.486105 -0.120906
v -0.066312 0.749901 0.153036
v -0.060694 0.785178 -0.037128
v -0.061703 0.669945 0.199233
v -0.060010 0.783614 0.052237
v -0.062165 0.795168 0.002218
v -0.062246 0.470811 0.106429
v -0.068706 0.561990 -0.197305
v -0.062445 0.673991 0.203205
v -0.061217 0.481890 -0.115937
v -0.060586 0.785823 0.042888
v -0.062293 0.780192 0.088909
v -0.064386 0.502249 -0.151051
v -0.061790 0.794783 -0.021334
v -0.061965 0.793462 0.020808
v -0.061351 0.782597 -0.071263
v -0.066446 0.594144 0.205942
v -0.062723 0.780881 -0.084908
v -0.065104 0.441186 -0.056535
v -0.066850 0.439310 -0.020723
v -0.061378 0.480563 0.112357
v -0.061698 0.785119 -0.054398
v -0.067786 0.529972 -0.180761
v -0.061667 0.786479 0.016352
v -0.061392 0.482589 0.117139
v -0.065239 0.481149 0.118186
v -0.061587 0.786276 -0.021156
v -0.069110 0.530106 0.182615
v -0.064673 0.472642 -0.091648
v -0.062092 0.786179 -0.036971
v -0.066028 0.519554 0.170087
v -0.063055 0.787373 0.045087
v -0.063155 0.664997 0.205766
v -0.071229 0.502884 -0.156030
v -0.065392 0.668642 -0.199894
v -0.063635 0.670854 -0.199124
v -0.064945 0.787082 -0.061424
v -0.064531 0.473196 0.093621
v -0.066258 0.772272 -0.116141
v -0.067991 0.749854 -0.152784
v -0.065736 0.468117 0.075779
v -0.066153 0.786729 -0.069807
v -0.063640 0.784976 0.073999
v -0.067625 0.666626 0.202704
v -0.064800 0.789505 0.003368
v -0.064928 0.461912 -0.079601
v -0.066196 0.670435 0.201451
v -0.065658 0.789699 0.028080
v -0.066375 0.466205 0.062876
v -0.074530 0.629086 -0.212501
v -0.064793 0.671022 -0.200290
v -0.065825 0.789543 -0.034963
v -0.069012 0.480964 -0.121201
v -0.070226 0.699629 0.197149
v -0.064749 0.480909 -0.117455
v -0.065261 0.470609 0.084363
v -0.066762 0.788886 0.055330
v -0.068891 0.783711 0.086695
v -0.065544 0.470377 -0.082935
v -0.066106 0.466871 -0.065523
v -0.068282 0.674227 -0.205464
v -0.067225 0.462677 0.042872
v -0.066043 0.468661 0.075996
v -0.066028 0.467898 -0.070554
v -0.067054 0.786344 0.075770
v -0.067682 0.462532 -0.039539
v -0.066322 0.467030 0.066555
v -0.068339 0.461389 -0.024112
v -0.066577 0.464470 -0.054687
v -0.067730 0.672233 -0.202162
v -0.067844 0.461538 0.032874
v -0.067622 0.789261 -0.053462
v -0.071195 0.786279 -0.079611
v -0.065548 0.628663 0.209227
v -0.070761 0.674462 0.207444
v -0.070249 0.666000 -0.208220
v -0.068452 0.460869 0.018601
v -0.075685 0.750495 -0.155147
v -0.070486 0.669633 0.203551
v -0.068765 0.460695 -0.004347
v -0.072217 0.463962 -0.068763
v -0.070198 0.699678 -0.196256
v -0.070225 0.469066 -0.088167
v -0.072839 0.672320 0.204834
v -0.074231 0.667603 -0.203631
v -0.068234 0.462543 -0.039084
v -0.074785 0.481376 -0.126380
v -0.068545 0.670838 -0.201307
v -0.072300 0.466224 0.081113
v -0.077597 0.530909 -0.185563
v -0.079390 0.595506 0.212071
v -0.073724 0.726664 -0.179309
v -0.071497 0.462501 -0.056756
v -0.075283 0.481455 0.127279
v -0.071568 0.772517 0.120425
v -0.073588 0.666227 0.210541
v -0.075433 0.460800 0.060657
v -0.075204 0.786936 0.082920
v -0.078023 0.503735 -0.160345
v -0.076091 0.772788 -0.121208
v -0.070929 0.562523 0.198824
v -0.077455 0.794067 -0.022309
v -0.075337 0.792821 0.039927
v -0.073027 0.726983 0.180419
v -0.076849 0.750438 0.157432
v -0.076527 0.672837 -0.204141
v -0.076596 0.530995 0.186449
v -0.082545 0.700944 -0.200115
v -0.082645 0.675594 -0.210305
v -0.073943 0.791385 0.055417
v -0.080346 0.465790 0.087631
v -0.082463 0.675868 0.211939
v -0.077507 0.595882 -0.210566
v -0.081628 0.454941 0.019655
v -0.086670 0.797649 0.000364
v -0.073442 0.791608 -0.053808
v -0.077370 0.461400 -0.067233
v -0.082420 0.701256 0.201386
v -0.078777 0.457695 -0.049898
v -0.083701 0.668012 -0.212582
v -0.075471 0.786669 -0.082325
v -0.079916 0.772906 0.124101
v -0.076963 0.630011 0.214522
v -0.080453 0.465147 -0.085397
v -0.080506 0.455108 -0.014492
v -0.077715 0.503889 0.161153
v -0.082392 0.793769 -0.050190
v -0.084276 0.531991 0.189513
v -0.084444 0.727059 -0.182492
v -0.081716 0.793671 0.050212
v -0.083840 0.727190 0.184472
v -0.085094 0.456237 0.053895
v -0.084160 0.669147 0.208797
v -0.084093 0.671496 0.208288
v -0.083847 0.673458 0.208314
v -0.083478 0.787446 -0.083940
v -0.084088 0.482184 0.133587
v -0.081454 0.787662 0.084253
v -0.084222 0.795774 -0.026074
v -0.084149 0.667775 0.214108
v -0.081643 0.467502 -0.093706
v -0.089014 0.596671 -0.214183
v -0.086770 0.750754 0.160298
v -0.083014 0.456449 -0.052066
v -0.083481 0.462120 0.075888
v -0.086886 0.750858 -0.158178
v -0.080703 0.563564 -0.202101
v -0.084378 0.668824 -0.208021
v -0.082387 0.455276 -0.036905
v -0.082217 0.482172 -0.131997
v -0.084578 0.796480 0.015869
v -0.086684 0.793640 0.053135
v -0.087079 0.531619 -0.188459
v -0.087686 0.451970 -0.000707
v -0.085343 0.454459 0.040009
v -0.080893 0.562871 0.202826
v -0.084042 0.671944 -0.207129
v -0.085724 0.504732 0.164882
v -0.083688 0.673938 -0.207051
v -0.087737 0.455756 -0.052421
v -0.085680 0.504850 -0.164018
v -0.083953 0.674403 0.209152
v -0.089061 0.773398 -0.124224
v -0.088670 0.773496 0.125814
v -0.087478 0.631129 -0.216534
v -0.086693 0.454799 -0.044639
v -0.092078 0.468040 -0.100008
v -0.089136 0.467372 0.097384
v -0.090287 0.563990 0.205719
v -0.087512 0.631923 0.218171
v -0.087259 0.453254 -0.023529
v -0.088138 0.455935 0.054994
v -0.090389 0.787580 0.087411
v -0.091795 0.563748 -0.204881
v -0.090785 0.787726 -0.085176
v -0.099479 0.794083 0.048094
v -0.088752 0.596640 0.215303
v -0.098658 0.793923 -0.049174
v -0.090570 0.675720 -0.209484
v -0.093492 0.674282 0.207710
v -0.088117 0.453103 0.024350
v -0.094760 0.483669 -0.138144
v -0.088799 0.464747 -0.086748
v -0.089733 0.792475 -0.058736
v -0.091664 0.668209 -0.211392
v -0.091044 0.673595 -0.206356
v -0.094019 0.671105 -0.205869
v -0.123772 0.701413 -0.195447
v -0.092737 0.671947 0.207029
v -0.100457 0.670487 0.206449
v -0.092798 0.462503 0.078475
v -0.090754 0.451378 0.000914
v -0.098489 0.675766 0.209893
v -0.103325 0.506624 -0.168384
v -0.097288 0.532409 -0.190777
v -0.095574 0.483420 0.138625
v -0.112474 0.774255 0.121175
v -0.095648 0.468137 0.101476
v -0.089165 0.482849 -0.135695
v -0.100027 0.458275 0.059779
v -0.095601 0.675541 -0.208923
v -0.105609 0.459235 -0.058588
v -0.105392 0.459202 0.059441
v -0.104424 0.788258 0.083535
v -0.095974 0.532819 0.192096
v -0.111835 0.668797 0.210030
v -0.091535 0.797190 -0.003463
v -0.112912 0.773884 -0.120881
v -0.095382 0.673416 -0.205301
v -0.096841 0.672845 0.206236
v -0.122803 0.676046 0.206505
v -0.118307 0.750394 -0.154940
v -0.100688 0.793053 0.055165
v -0.098218 0.673995 -0.204841
v -0.098846 0.468648 -0.102463
v -0.100110 0.458366 -0.059216
v -0.108641 0.794270 0.032157
v -0.103406 0.669824 0.206700
v -0.121742 0.727023 -0.177838
v -0.125012 0.599031 0.209769
v -0.098874 0.673600 0.206328
v -0.102479 0.506532 0.169222
v -0.099888 0.468691 0.103073
v -0.105686 0.788376 -0.081806
v -0.118769 0.460810 0.047170
v -0.107315 0.794571 -0.029381
v -0.111838 0.669749 -0.204205
v -0.109272 0.484998 -0.140897
v -0.120469 0.726581 0.179815
v -0.130711 0.534566 -0.182927
v -0.128251 0.534341 0.182881
v -0.107084 0.674698 0.206766
v -0.109049 0.672940 -0.203483
v -0.124290 0.676494 -0.205433
v -0.108214 0.485001 0.141709
v -0.109596 0.469765 -0.104274
v -0.108286 0.672520 0.205081
v -0.109632 0.779460 -0.105987
v -0.126868 0.633851 -0.211219
v -0.109820 0.469827 0.105093
v -0.112759 0.460365 -0.055265
v -0.111607 0.460337 0.057425
v -0.117027 0.675901 -0.206464
v -0.110365 0.674015 -0.203629
v -0.117251 0.750734 0.155893
v -0.110074 0.794851 0.013796
v -0.112905 0.675844 0.207901
v -0.124981 0.633871 0.212075
v -0.122409 0.669919 0.204793
v -0.129530 0.501771 0.151428
v -0.113979 0.672943 0.204432
v -0.123568 0.790858 -0.049055
v -0.121346 0.702008 0.195570
v -0.118869 0.460939 -0.046803
v -0.118078 0.789357 -0.067867
v -0.112633 0.794670 -0.007963
v -0.131348 0.486872 -0.132896
v -0.130580 0.461548 0.017855
v -0.120596 0.669704 -0.203097
v -0.129204 0.486836 0.133570
v -0.120136 0.673282 -0.202149
v -0.126161 0.567060 0.198860
v -0.121595 0.674273 -0.201871
v -0.121882 0.670443 0.203938
v -0.119592 0.673961 0.203816
v -0.125417 0.470983 0.097938
v -0.125784 0.781678 -0.085747
v -0.129583 0.461348 -0.019782
v -0.117318 0.789284 0.069607
v -0.131815 0.775181 0.102378
v -0.128132 0.791416 0.025963
v -0.129253 0.791589 0.000521
v -0.131738 0.461271 0.000615
v -0.128386 0.565744 -0.198210
v -0.120822 0.674018 0.203256
v -0.132010 0.509234 -0.159597
v -0.118864 0.668754 -0.207745
v -0.151515 0.726836 0.150520
v -0.124779 0.471207 -0.098884
v -0.123235 0.668771 0.208365
v -0.123185 0.790869 0.050858
v -0.124112 0.669806 -0.201800
v -0.129961 0.509200 0.159550
v -0.134524 0.676298 0.195573
v -0.137719 0.471944 0.082935
v -0.128057 0.791347 -0.027261
v -0.125790 0.668883 -0.206805
v -0.123570 0.674047 0.201514
v -0.125756 0.676265 -0.204095
v -0.128970 0.674319 0.196863
v -0.127997 0.598151 -0.208658
v -0.125643 0.673890 -0.199314
v -0.125719 0.674924 -0.199398
v -0.125393 0.461090 0.032564
v -0.133893 0.668794 0.198471
v -0.152764 0.726857 -0.149771
v -0.130392 0.670945 0.196148
v -0.132663 0.775149 -0.100706
v -0.135253 0.668487 0.197340
v -0.143409 0.775839 0.077953
v -0.136988 0.471979 -0.082708
v -0.149115 0.488122 0.111408
v -0.134206 0.669836 0.193755
v -0.146812 0.472408 -0.060548
v -0.151425 0.776386 0.042318
v -0.153122 0.471800 -0.030348
v -0.138479 0.568533 -0.189484
v -0.144834 0.750508 0.131339
v -0.135991 0.669687 -0.190698
v -0.138685 0.675036 -0.187151
v -0.153602 0.471948 0.032974
v -0.147229 0.472591 0.062712
v -0.135783 0.670662 0.190876
v -0.161459 0.635237 0.177369
v -0.141051 0.674143 0.184803
v -0.160499 0.750393 0.099977
v -0.145956 0.750386 -0.129932
v -0.151452 0.776344 -0.040612
v -0.159842 0.676433 0.171564
v -0.140017 0.669860 0.188226
v -0.144027 0.775647 -0.076333
v -0.154882 0.510534 0.132115
v -0.160637 0.568520 0.166046
v -0.144767 0.669323 -0.183179
v -0.150266 0.676326 0.180726
v -0.156062 0.510213 -0.130995
v -0.140515 0.676212 -0.190213
v -0.140956 0.670803 0.185756
v -0.156107 0.701043 0.163103
v -0.157644 0.701845 -0.164002
v -0.161157 0.488208 -0.081988
v -0.161844 0.564708 -0.164563
v -0.146337 0.675298 -0.180769
v -0.144698 0.676161 -0.186203
v -0.154059 0.776384 0.000035
v -0.163476 0.600464 -0.174845
v -0.159269 0.535219 0.151957
v -0.149985 0.674546 0.176205
v -0.147651 0.671412 0.179113
v -0.150260 0.670577 0.177372
v -0.153133 0.668946 0.180302
v -0.155217 0.471591 0.000213
v -0.149321 0.487982 -0.110951
v -0.161916 0.600008 0.175210
v -0.160779 0.675884 -0.171174
v -0.159887 0.682435 -0.169847
v -0.169788 0.726159 0.113958
v -0.152249 0.673812 0.174139
v -0.158741 0.673392 -0.168867
v -0.158838 0.674643 -0.168791
v -0.159064 0.670030 -0.169761
v -0.151730 0.668737 -0.182064
v -0.161097 0.488135 0.083951
v -0.158915 0.669700 -0.170481
v -0.153076 0.674927 0.174240
v -0.170135 0.511403 -0.099317
v -0.170061 0.487982 0.044311
v -0.157060 0.674531 0.169608
v -0.156821 0.676149 0.174479
v -0.170774 0.725846 -0.113143
v -0.161518 0.668984 -0.173134
v -0.162588 0.635100 -0.177303
v -0.158034 0.670901 0.170113
v -0.172900 0.487918 0.000755
v -0.170108 0.511469 0.099654
v -0.158827 0.674829 0.167042
v -0.161035 0.750498 -0.098121
v -0.162716 0.674776 0.159125
v -0.162352 0.670143 0.161385
v -0.163336 0.674386 -0.158716
v -0.171687 0.750624 0.052939
v -0.163097 0.676156 0.164997
v -0.164740 0.675824 -0.163168
v -0.164944 0.669310 -0.156760
v -0.161021 0.669005 0.173127
v -0.166352 0.669777 0.153766
v -0.177221 0.535473 -0.114226
v -0.161072 0.535188 -0.151238
v -0.169355 0.668227 -0.156151
v -0.168055 0.673683 0.147122
v -0.165096 0.671996 0.154398
v -0.181894 0.637372 -0.134426
v -0.176577 0.536028 0.115499
v -0.166557 0.674049 -0.150767
v -0.168380 0.674482 0.147378
v -0.171737 0.750545 -0.051894
v -0.170113 0.488177 -0.041452
v -0.179753 0.569049 0.125556
v -0.175149 0.750745 0.000604
v -0.167377 0.674007 -0.148342
v -0.168842 0.669881 0.147536
v -0.169103 0.675929 -0.154209
v -0.171190 0.675973 0.148740
v -0.169897 0.673375 0.143128
v -0.180446 0.569729 -0.125574
v -0.170119 0.674199 -0.142572
v -0.170323 0.674318 0.143063
v -0.172000 0.669743 -0.140900
v -0.176583 0.670876 -0.130253
v -0.180678 0.675990 -0.129070
v -0.174985 0.700937 0.124661
v -0.172058 0.670363 0.139416
v -0.176304 0.700968 -0.124310
v -0.180498 0.668745 0.131666
v -0.171155 0.674531 -0.141054
v -0.173672 0.669778 0.136652
v -0.172724 0.674164 0.136772
v -0.180657 0.511510 0.053704
v -0.179714 0.676172 0.130940
v -0.175324 0.674575 -0.132250
v -0.175308 0.676046 -0.140781
v -0.180672 0.668475 -0.131366
v -0.182545 0.725973 0.061066
v -0.177657 0.669358 -0.128567
v -0.177021 0.669602 0.130173
v -0.177491 0.674745 0.127466
v -0.177174 0.671631 0.128371
v -0.182381 0.601059 -0.133210
v -0.183944 0.511269 0.001396
v -0.181319 0.635843 0.134834
v -0.178064 0.674868 -0.125947
v -0.178748 0.675281 0.125171
v -0.178376 0.672588 -0.124219
v -0.182169 0.676294 0.120613
v -0.186510 0.726142 0.001096
v -0.182883 0.725842 -0.059230
v -0.180089 0.670417 0.118070
v -0.180069 0.675185 -0.118779
v -0.179250 0.668918 -0.122104
v -0.180262 0.673866 0.116102
v -0.180829 0.669480 0.118560
v -0.182251 0.668498 -0.124332
v -0.180554 0.675139 0.116112
v -0.181285 0.675151 -0.114712
v -0.182288 0.669834 0.110037
v -0.181840 0.669493 -0.110216
v -0.182131 0.673096 -0.107801
v -0.182067 0.672995 0.107970
v -0.185971 0.669058 0.108345
v -0.182521 0.674725 -0.107217
v -0.183515 0.674550 0.099870
v -0.185996 0.668811 -0.107758
v -0.185504 0.669210 -0.110081
v -0.183779 0.698626 0.089118
v -0.185843 0.675760 0.104423
v -0.180522 0.511461 -0.051477
v -0.184524 0.670291 0.097614
v -0.183598 0.670010 -0.101595
v -0.183661 0.674794 -0.099659
v -0.185688 0.675689 -0.104529
v -0.188807 0.700949 0.065987
v -0.183824 0.673305 0.098599
v -0.185195 0.670202 -0.094240
v -0.184183 0.673522 -0.096600
v -0.188986 0.536887 -0.060850
v -0.185990 0.669786 0.090505
v -0.185249 0.673956 0.092402
v -0.185012 0.675028 0.098120
v -0.185152 0.675037 -0.096066
v -0.185450 0.674664 -0.089267
v -0.185374 0.674613 0.092602
v -0.188869 0.675708 0.090594
v -0.186227 0.670764 -0.085930
v -0.181559 0.600929 0.133524
v -0.190275 0.668611 0.089877
v -0.186004 0.671997 0.088478
v -0.189117 0.537013 0.061914
v -0.186320 0.669503 -0.106677
v -0.186693 0.674568 -0.086557
v -0.186646 0.673584 0.088379
v -0.195541 0.635934 0.072543
v -0.187264 0.674274 0.083404
v -0.188791 0.701274 -0.066129
v -0.187454 0.673580 -0.079584
v -0.187911 0.671798 -0.078546
v -0.188055 0.671356 0.079784
v -0.187637 0.673096 0.080826
v -0.188134 0.669728 -0.080820
v -0.190877 0.669480 -0.068239
v -0.189016 0.673586 -0.073910
v -0.188723 0.674462 -0.079001
v -0.190111 0.675594 -0.083773
v -0.188793 0.673948 0.080141
v -0.189814 0.671369 0.072365
v -0.189386 0.674350 0.075593
v -0.190851 0.675569 0.082247
v -0.193677 0.675480 -0.067998
v -0.193258 0.700112 0.000071
v -0.193101 0.569657 -0.066745
v -0.190322 0.673574 0.070817
v -0.190744 0.671644 -0.067388
v -0.191095 0.668709 -0.084475
v -0.190882 0.669816 0.067923
v -0.190981 0.674064 -0.067640
v -0.190615 0.674360 0.072121
v -0.194811 0.668568 0.070351
v -0.192084 0.669249 -0.057188
v -0.191865 0.673598 -0.056611
v -0.191846 0.672747 0.058833
v -0.192152 0.669374 0.059505
v -0.195652 0.601702 -0.071143
v -0.192447 0.674623 -0.057555
v -0.192731 0.674602 0.059206
v -0.193104 0.568865 0.067408
v -0.194188 0.668409 -0.071374
v -0.193589 0.675693 0.071499
v -0.192273 0.673456 0.057880
v -0.193521 0.674518 -0.037374
v -0.193784 0.672064 0.025676
v -0.193335 0.668905 0.043805
v -0.193782 0.673314 -0.026645
v -0.192869 0.536801 0.000907
v -0.195545 0.636181 -0.071390
v -0.193767 0.668866 -0.028157
v -0.193519 0.674766 0.036083
v -0.193844 0.668760 0.028184
v -0.197430 0.569961 0.000724
v -0.194383 0.673609 0.024370
v -0.195088 0.668252 -0.061924
v -0.196432 0.668242 0.042691
v -0.195222 0.671350 0.000285
v -0.196640 0.668272 -0.037003
v -0.194730 0.675318 0.054580
v -0.194237 0.668724 -0.024569
v -0.195333 0.668359 0.003391
v -0.195043 0.675043 -0.031481
v -0.195563 0.675693 0.040153
v -0.195689 0.674747 -0.004304
v -0.195006 0.675202 0.029764
v -0.195498 0.674931 0.010559
v -0.197909 0.676005 0.001250
v -0.195806 0.602050 0.071747
v -0.200239 0.602228 0.000138
v -0.196256 0.675554 -0.028304
v -0.199052 0.668025 0.000184
v -0.197313 0.675455 0.005097
v -0.197226 0.675721 -0.010881
v -0.199927 0.634557 0.000812
vn 0.1956 -0.1658 0.9666
vn 0.1612 -0.0752 0.9841
vn 0.0696 -0.3105 0.9480
vn 0.3765 0.1679 0.9111
vn 0.1127 0.0688 0.9912
vn 0.5434 0.1890 0.8179
vn 0.5735 0.2261 0.7874
vn 0.6058 0.1813 0.7747
vn 0.1084 0.1890 0.9760
vn -0.2910 -0.0511 0.9554
vn 0.0906 0.1284 0.9876
vn 0.1491 0.0243 0.9885
vn 0.6249 0.1427 0.7675
vn 0.1689 0.1484 0.9744
vn -0.3784 0.0042 0.9256
vn -0.3546 0.0285 0.9346
vn -0.0336 0.0059 0.9994
vn -0.3493 0.0791 0.9337
vn -0.1020 -0.3123 0.9445
vn 0.0706 -0.6792 0.7306
vn 0.2133 -0.5998 0.7712
vn -0.0425 -0.3390 0.9398
vn -0.3289 -0.1229 0.9363
vn -0.7432 -0.1673 0.6478
vn -0.7474 -0.1058 0.6559
vn -0.7474 -0.0047 0.6643
vn -0.7719 -0.0661 0.6322
vn -0.9601 -0.2418 0.1407
vn -0.8457 -0.5086 0.1617
vn -0.0015 -0.3042 0.9526
vn -0.4950 -0.0515 0.8673
vn -0.4692 -0.3157 0.8247
vn -0.8335 -0.3049 0.4608
vn -0.9178 -0.3926 -0.0592
vn -0.7116 -0.5694 0.4116
vn -0.8937 -0.4201 -0.1575
vn -0.7976 -0.5147 -0.3146
vn -0.7318 -0.3564 -0.5809
vn -0.4569 -0.3978 -0.7956
vn -0.4772 -0.2565 -0.8405
vn -0.7852 -0.3982 -0.4743
vn -0.8534 -0.5141 0.0861
vn -0.4308 -0.9021 -0.0245
vn -0.7099 -0.6741 -0.2041
vn -0.4988 -0.3748 -0.7815
vn -0.4423 -0.8018 -0.4018
vn -0.2486 -0.9307 -0.2683
vn 0.1084 -0.9825 -0.1514
vn 0.0783 -0.9244 -0.3733
vn -0.2209 -0.8531 -0.4727
vn -0.4405 -0.8680 -0.2294
vn -0.7277 -0.6076 -0.3183
vn -0.3945 -0.6136 -0.6840
vn 0.2763 -0.8974 -0.3440
vn 0.1730 -0.9300 -0.3244
vn 0.0604 -0.6267 -0.7769
vn 0.2720 -0.9614 -0.0403
vn 0.1157 -0.9525 -0.2815
vn -0.3323 -0.5119 -0.7921
vn 0.1435 -0.4028 -0.9040
vn -0.1079 -0.3756 -0.9205
vn -0.1680 -0.2511 -0.9533
vn 0.1170 -0.2061 -0.9715
vn 0.1810 -0.3283 -0.9271
vn 0.5702 -0.2020 -0.7963
vn 0.5079 -0.1834 -0.8417
vn 0.8608 -0.1572 -0.4841
vn 0.9685 -0.0130 -0.2486
vn 0.7295 -0.1350 -0.6705
vn 0.7251 -0.6759 -0.1320
vn 0.4662 -0.7870 -0.4041
vn 0.4195 -0.2510 -0.8724
vn 0.4844 -0.8179 -0.3104
vn 0.2052 -0.9786 -0.0122
vn -0.3117 -0.8967 -0.3141
vn -0.2955 -0.9472 0.1248
vn 0.7475 -0.6200 0.2386
vn 0.5735 -0.6928 0.4372
vn 0.0164 -0.9714 -0.2369
vn -0.3162 -0.6824 -0.6590
vn -0.1293 -0.8995 -0.4174
vn -0.2091 -0.7627 -0.6120
vn -0.4883 -0.7090 -0.5089
vn -0.2242 -0.7438 -0.6297
vn -0.4741 -0.7498 -0.4615
vn -0.4548 -0.6259 -0.6336
vn -0.0791 -0.8664 -0.4930
vn -0.0047 -0.8640 -0.5034
vn -0.2536 -0.8678 -0.4274
vn -0.3039 -0.8732 -0.3809
vn 0.6653 -0.6623 -0.3446
vn 0.5866 -0.8099 0.0070
vn 0.0020 -0.9996 -0.0266
vn -0.4009 -0.9161 -0.0100
vn -0.4895 -0.8720 0.0053
vn -0.3214 -0.8618 0.3923
vn -0.3559 -0.8876 0.2925
vn -0.4646 -0.8824 0.0748
vn 0.0367 -0.9374 0.3462
vn 0.5146 -0.4109 0.7525
vn -0.4977 -0.8244 -0.2697
vn -0.4773 -0.6676 -0.5714
vn -0.3834 -0.7078 -0.5933
vn -0.1872 -0.7340 -0.6529
vn -0.4336 -0.7512 -0.4977
vn -0.3786 -0.9253 0.0217
vn -0.3315 -0.8843 0.3287
vn -0.6231 -0.7437 0.2421
vn -0.4782 -0.6597 0.5798
vn -0.2279 -0.5563 0.7991
vn 0.0042 -0.6322 0.7748
vn 0.0862 -0.4100 0.9080
vn 0.2791 0.0290 0.9598
vn 0.1321 -0.1669 0.9771
vn -0.1222 -0.4574 0.8808
vn 0.4483 0.2520 0.8576
vn 0.3947 -0.1506 0.9064
vn 0.1810 -0.5772 0.7963
vn 0.6309 -0.2762 0.7250
vn 0.7094 -0.5492 0.4418
vn 0.9505 -0.1254 0.2844
vn 0.3131 -0.8187 0.4813
vn 0.7586 -0.6485 0.0621
vn 0.9802 -0.0696 -0.1855
vn 0.7080 -0.6414 -0.2954
vn 0.7261 -0.2473 -0.6415
vn 0.4233 -0.4073 -0.8093
vn 0.2375 -0.8252 -0.5125
vn 0.4513 -0.8900 -0.0652
vn -0.0748 -0.4595 -0.8850
vn -0.0468 -0.9918 -0.1190
vn 0.0082 -0.9224 0.3861
vn -0.3885 -0.7786 0.4929
vn -0.2067 -0.6289 0.7495
vn -0.6105 -0.7919 0.0112
vn -0.7378 -0.6750 -0.0017
vn -0.5309 -0.7511 -0.3924
vn -0.7088 -0.5345 -0.4605
vn -0.5602 -0.3355 -0.7574
vn -0.2859 -0.3511 -0.8916
vn -0.5199 -0.2016 -0.8301
vn -0.3079 -0.4464 -0.8402
vn -0.0821 -0.2492 -0.9650
vn 0.0728 -0.2456 -0.9666
vn 0.0766 0.0263 -0.9967
vn -0.3346 -0.0479 -0.9411
vn -0.0100 -0.0206 -0.9997
vn 0.3617 0.1523 -0.9198
vn -0.4163 -0.1918 -0.8887
vn -0.5371 -0.5255 -0.6598
vn -0.2564 -0.7226 -0.6420
vn -0.7736 -0.0778 0.6289
vn -0.8778 -0.3004 -0.3732
vn -0.7086 -0.3159 -0.6309
vn 0.4759 -0.4573 -0.7512
vn 0.2018 -0.8000 -0.5650
vn 0.4530 -0.6904 -0.5639
vn 0.4454 -0.1541 -0.8820
vn 0.8318 0.1324 -0.5391
vn 0.6943 0.1957 -0.6926
vn 0.8791 -0.1173 -0.4620
vn 0.4938 -0.2711 -0.8262
vn 0.8848 -0.1012 -0.4548
vn 0.4562 -0.2517 -0.8535
vn -0.0210 -0.3355 -0.9418
vn -0.0354 -0.2531 -0.9668
vn -0.5570 -0.2700 -0.7854
vn -0.0031 -0.3043 -0.9526
vn -0.5498 -0.2630 -0.7928
vn -0.7272 -0.2828 -0.6255
vn -0.8892 -0.2290 -0.3961
vn -0.9037 -0.2445 -0.3515
vn -0.9659 -0.1783 0.1876
vn -0.9690 -0.1789 0.1701
vn -0.9848 -0.0915 0.1476
vn -0.9731 -0.1683 0.1575
vn 0.9239 0.0045 0.3825
vn 0.9170 0.0450 0.3963
vn 0.9731 0.0418 0.2267
vn 0.9698 -0.1498 0.1926
vn 0.9964 0.0626 -0.0566
vn 0.9989 0.0281 -0.0384
vn 0.8815 0.2020 0.4267
vn 0.9846 0.1511 -0.0884
vn 0.8825 0.2012 0.4250
vn 0.8910 0.1524 0.4276
vn 0.9823 0.0932 -0.1625
vn 0.9816 0.1887 0.0292
vn 0.9181 0.0852 -0.3871
vn 0.9744 0.2194 0.0481
vn 0.9095 0.1887 -0.3703
vn 0.8953 0.1423 -0.4221
vn 0.3883 0.1990 0.8998
vn 0.8699 0.2303 0.4361
vn 0.4514 0.3183 0.8336
vn 0.3073 0.2717 0.9120
vn 0.3093 0.2732 0.9109
vn 0.2059 0.1973 0.9585
vn 0.9612 0.2758 -0.0073
vn 0.8913 0.1388 -0.4317
vn -0.8000 0.0164 0.5998
vn -0.3810 0.0777 0.9213
vn 0.1886 0.1462 0.9711
vn 0.6000 0.1926 0.7765
vn 0.4233 0.1966 0.8844
vn 0.3143 0.1916 0.9298
vn -0.4070 0.1286 0.9043
vn 0.2320 0.2865 0.9296
vn -0.9880 -0.0774 0.1340
vn 0.5560 0.2130 0.8034
vn 0.6442 0.1664 0.7466
vn -0.1696 -0.3895 -0.9053
vn 0.0212 -0.9787 -0.2040
vn 0.3057 -0.1606 0.9385
vn 0.3764 0.1542 0.9135
vn 0.0915 -0.0007 0.9958
vn 0.0008 -0.2643 0.9644
vn -0.1892 -0.5499 0.8135
vn -0.1981 -0.2711 0.9419
vn -0.5725 -0.5452 0.6124
vn -0.5040 -0.4486 0.7380
vn -0.7821 -0.5548 0.2838
vn -0.7326 -0.6562 0.1810
vn -0.1262 -0.7080 0.6948
vn 0.7204 0.3266 0.6118
vn 0.7887 0.0656 0.6113
vn 0.4731 -0.0138 0.8809
vn 0.8422 -0.1007 0.5296
vn 0.9394 0.2056 0.2742
vn 0.8693 -0.3619 0.3367
vn 0.9898 0.1423 -0.0057
vn 0.9627 -0.1469 0.2273
vn 0.7286 -0.6727 0.1287
vn 0.6418 0.1171 0.7578
vn 0.9655 0.2207 -0.1380
vn 0.7241 0.4740 0.5010
vn 0.4020 -0.3806 -0.8328
vn 0.3040 -0.9514 0.0497
vn 0.4411 0.7868 -0.4318
vn 0.6271 0.0855 -0.7742
vn 0.4953 -0.5790 -0.6476
vn 0.9653 -0.1062 -0.2387
vn 0.4536 -0.6318 0.6286
vn 0.5080 -0.0839 0.8572
vn -0.0111 0.0111 0.9999
vn 0.6865 0.4266 0.5889
vn -0.3219 0.7915 0.5195
vn 0.6956 0.7066 -0.1300
vn -0.3139 0.8687 -0.3831
vn -0.0289 -0.4648 0.8849
vn -0.2926 -0.5909 0.7518
vn 0.1374 -0.1825 0.9735
vn 0.4592 0.3326 0.8237
vn 0.3836 0.2800 0.8800
vn 0.8108 0.5837 0.0447
vn 0.6845 0.4105 0.6025
vn -0.3914 -0.2635 0.8817
vn -0.5175 -0.1848 0.8355
vn -0.7142 -0.4744 0.5148
vn -0.3580 -0.8038 0.4751
vn -0.5845 -0.4387 0.6826
vn -0.8067 -0.3923 0.4421
vn -0.8044 -0.2984 0.5137
vn -0.8839 -0.4557 0.1054
vn -0.6386 -0.7301 0.2432
vn -0.6555 -0.6860 -0.3158
vn -0.8292 -0.4377 -0.3476
vn -0.3052 -0.5726 -0.7609
vn -0.6173 -0.3157 -0.7206
vn -0.2526 -0.1890 -0.9489
vn -0.5328 -0.1726 -0.8284
vn -0.8814 -0.4720 -0.0209
vn -0.8200 -0.3582 -0.4464
vn -0.5283 -0.8409 0.1172
vn -0.6780 -0.6456 -0.3515
vn -0.4491 -0.5835 -0.6767
vn -0.2066 -0.2069 -0.9563
vn -0.0231 -0.7322 -0.6807
vn -0.3014 -0.8977 -0.3215
vn -0.5195 -0.8465 -0.1165
vn -0.7799 -0.6201 -0.0847
vn -0.3552 -0.8369 0.4164
vn -0.3490 -0.8882 0.2987
vn 0.3970 -0.4955 0.7725
vn 0.2074 -0.3470 0.9147
vn -0.1477 0.0524 -0.9876
vn 0.1767 -0.0092 -0.9842
vn 0.2084 0.2322 -0.9501
vn 0.1724 -0.3846 -0.9068
vn 0.0206 -0.2634 -0.9645
vn 0.3426 0.1468 -0.9279
vn 0.0837 0.2062 -0.9749
vn 0.6201 0.4078 -0.6702
vn -0.1414 -0.4857 0.8626
vn 0.1633 -0.2312 0.9591
vn -0.3327 -0.1571 0.9299
vn -0.3531 -0.7167 0.6015
vn 0.1003 -0.8340 0.5426
vn 0.3308 -0.6198 0.7116
vn -0.2104 -0.9731 0.0937
vn -0.0717 -0.0104 0.9974
vn 0.4319 0.0823 0.8981
vn 0.7728 0.1361 0.6198
vn 0.8586 0.4391 0.2647
vn 0.9203 0.3843 -0.0732
vn 0.9746 0.1422 0.1732
vn 0.4997 -0.2818 0.8191
vn 0.6633 -0.6828 0.3063
vn 0.8775 -0.2548 0.4063
vn 0.5358 -0.6129 0.5807
vn 0.9860 -0.1086 -0.1266
vn 0.7019 -0.6791 -0.2146
vn 0.3221 -0.9406 0.1070
vn 0.0970 -0.9769 -0.1904
vn 0.3241 -0.7792 -0.5365
vn 0.0765 -0.7341 -0.6747
vn -0.2873 -0.8527 -0.4362
vn 0.6576 -0.2760 -0.7010
vn 0.4925 -0.0918 -0.8654
vn 0.7489 -0.4546 -0.4822
vn 0.8242 0.1546 -0.5448
vn 0.6379 0.3338 -0.6940
vn 0.8111 0.2187 0.5425
vn 0.7975 0.2319 0.5569
vn 0.9372 0.0646 0.3429
vn 0.9306 0.2411 0.2753
vn 0.9720 0.2316 -0.0392
vn 0.9365 0.3492 -0.0307
vn 0.8581 0.3502 -0.3757
vn 0.5213 -0.1265 -0.8439
vn 0.3360 0.1942 -0.9216
vn 0.0737 -0.0578 -0.9956
vn 0.4337 0.2194 -0.8739
vn 0.5290 0.2279 -0.8175
vn 0.7273 0.3061 -0.6143
vn 0.7169 0.3731 -0.5890
vn 0.7493 0.6415 -0.1642
vn 0.8300 0.4469 -0.3338
vn 0.9330 0.3534 0.0678
vn 0.8600 0.3999 -0.3170
vn 0.7207 0.5463 -0.4268
vn 0.5537 0.4814 -0.6795
vn 0.8531 0.5200 0.0437
vn 0.9533 0.1005 0.2847
vn 0.8769 0.1910 0.4410
vn 0.6752 -0.1892 0.7129
vn 0.5881 0.2004 0.7836
vn 0.8084 0.4074 0.4249
vn 0.7313 0.0545 0.6799
vn 0.9102 0.2672 0.3165
vn 0.3599 -0.2768 0.8910
vn 0.6801 -0.0644 0.7302
vn 0.2558 -0.3979 0.8810
vn 0.6916 0.2583 0.6745
vn 0.9075 0.3696 0.1995
vn 0.8072 0.5656 0.1687
vn 0.7370 0.1719 -0.6536
vn 0.5186 0.4792 -0.7081
vn 0.8094 0.5029 -0.3031
vn 0.5821 -0.6842 0.4393
vn 0.9129 -0.1955 0.3583
vn 0.4596 -0.4463 0.7678
vn 0.4615 -0.0029 0.8871
vn 0.9504 0.1661 0.2630
vn 0.9144 -0.3290 -0.2360
vn 0.8450 -0.1982 0.4967
vn 0.7284 0.5532 0.4042
vn 0.7639 0.4967 -0.4121
vn 0.6504 -0.7090 -0.2726
vn 0.5004 -0.6739 -0.5437
vn 0.4953 -0.2694 -0.8259
vn 0.6880 -0.1441 -0.7112
vn 0.7630 -0.0288 -0.6458
vn 0.8702 0.0225 -0.4921
vn 0.8649 0.1633 -0.4747
vn 0.6627 -0.0850 -0.7441
vn 0.6403 0.1645 -0.7503
vn 0.8649 0.2965 -0.4051
vn 0.7384 0.5672 -0.3648
vn 0.8873 0.3993 -0.2306
vn 0.8940 -0.4300 -0.1262
vn 0.7713 -0.2770 -0.5731
vn 0.9043 0.0002 -0.4268
vn 0.9261 0.3678 0.0840
vn 0.9839 0.1297 0.1231
vn 0.2109 -0.3089 0.9274
vn 0.8852 0.4121 0.2159
vn 0.8221 0.2952 -0.4868
vn -0.5470 0.2222 0.8071
vn -0.7788 0.5979 0.1895
vn 0.5634 0.6842 0.4632
vn 0.6120 0.6441 0.4589
vn -0.8192 0.4695 0.3293
vn -0.4690 0.2893 -0.8345
vn 0.9675 -0.1881 0.1689
vn 0.8620 0.2117 0.4605
vn 0.8549 -0.5163 -0.0509
vn 0.2385 -0.4584 0.8561
vn 0.3730 -0.0431 0.9268
vn -0.0987 -0.1096 0.9891
vn -0.0936 -0.6626 0.7431
vn -0.4463 -0.2872 0.8476
vn 0.6829 -0.5573 0.4722
vn 0.5912 -0.1827 0.7856
vn 0.3807 -0.8215 0.4245
vn 0.1419 -0.9312 0.3356
vn -0.2874 -0.9093 0.3010
vn 0.9014 -0.4300 0.0511
vn 0.4106 -0.9083 -0.0794
vn 0.8100 0.1302 0.5718
vn 0.9777 0.1214 0.1716
vn 0.6944 -0.4676 -0.5469
vn -0.0065 -0.9935 -0.1137
vn 0.0059 -0.8658 -0.5003
vn 0.3865 -0.6145 -0.6878
vn 0.7855 0.0700 -0.6149
vn 0.9754 0.1506 -0.1607
vn 0.7619 0.2836 -0.5823
vn 0.9506 0.2523 -0.1805
vn 0.7158 0.1102 0.6896
vn 0.2455 0.0904 0.9652
vn 0.9404 0.3025 0.1554
vn 0.9475 -0.0058 -0.3197
vn 0.9986 0.0392 0.0350
vn 0.9995 -0.0197 -0.0252
vn 0.9500 0.0047 0.3121
vn 0.8929 -0.0121 0.4500
vn 0.5575 -0.1880 0.8086
vn 0.7106 -0.0933 0.6974
vn 0.8110 0.1599 0.5628
vn 0.9710 0.0389 0.2361
vn 0.8682 0.1437 0.4750
vn 0.5956 0.0659 0.8006
vn 0.3134 -0.2093 0.9263
vn 0.0841 -0.1872 0.9787
vn -0.0152 -0.2100 0.9776
vn -0.2064 -0.2415 0.9482
vn -0.4152 -0.3356 0.8456
vn -0.6514 -0.3868 0.6528
vn -0.9084 -0.2965 0.2948
vn -0.7538 -0.3666 0.5454
vn -0.5343 -0.6678 0.5183
vn -0.7387 -0.6713 0.0607
vn -0.8845 -0.3949 0.2483
vn -0.9341 -0.3515 -0.0632
vn -0.8907 -0.2238 -0.3957
vn 0.5142 0.0782 -0.8541
vn 0.1195 -0.1643 -0.9791
vn -0.2577 -0.0626 -0.9642
vn -0.6495 -0.1657 -0.7421
vn -0.4524 -0.8489 -0.2734
vn -0.8015 -0.4891 -0.3441
vn -0.4669 -0.6182 -0.6323
vn -0.6949 -0.3156 -0.6462
vn -0.0126 -0.5415 -0.8406
vn 0.3606 -0.2657 -0.8941
vn 0.3718 0.1060 -0.9223
vn -0.3103 -0.2707 -0.9113
vn -0.8211 0.0387 0.5694
vn -0.9898 -0.1074 0.0935
vn -0.9184 -0.1592 -0.3622
vn -0.9084 -0.1884 -0.3732
vn -0.5999 -0.2285 -0.7668
vn -0.5852 -0.2928 -0.7562
vn -0.5970 -0.2119 -0.7737
vn -0.0473 -0.1867 -0.9813
vn -0.7439 -0.6431 -0.1817
vn -0.6428 -0.6984 -0.3147
vn -0.4919 -0.6209 -0.6103
vn 0.0575 -0.5281 -0.8473
vn -0.3482 -0.8984 -0.2677
vn -0.1087 -0.9743 -0.1972
vn 0.0785 -0.9575 -0.2776
vn -0.1727 -0.9484 -0.2658
vn 0.0723 -0.9968 0.0347
vn 0.0082 -0.8779 -0.4788
vn 0.2348 -0.8771 -0.4191
vn -0.0985 -0.3087 -0.9461
vn -0.3698 -0.2680 -0.8896
vn -0.1383 0.3917 -0.9096
vn -0.1972 0.4432 -0.8744
vn 0.1942 0.4153 -0.8887
vn -0.4597 0.3483 -0.8169
vn -0.2554 0.4929 -0.8318
vn -0.0317 0.5416 -0.8400
vn -0.0570 0.1689 -0.9840
vn -0.1693 0.0837 -0.9820
vn -0.0168 0.0839 -0.9963
vn -0.2056 0.2993 -0.9318
vn -0.1097 0.6050 -0.7886
vn -0.1832 0.5985 -0.7799
vn -0.2431 0.5325 -0.8107
vn -0.1412 -0.0058 -0.9900
vn -0.3362 -0.1820 -0.9240
vn -0.4199 0.2217 -0.8801
vn -0.2791 0.3307 -0.9015
vn -0.3594 0.4399 -0.8230
vn -0.3295 0.2714 -0.9043
vn -0.4056 -0.1642 -0.8992
vn -0.5984 0.0996 -0.7950
vn -0.3553 0.0940 -0.9300
vn -0.3178 0.6199 -0.7174
vn -0.3914 0.4983 -0.7736
vn -0.7774 0.3390 -0.5298
vn -0.5527 0.2894 -0.7815
vn -0.5645 0.2209 -0.7953
vn -0.6552 0.5147 -0.5530
vn -0.5961 -0.0108 -0.8028
vn -0.7117 -0.0113 -0.7024
vn -0.7989 0.3146 -0.5126
vn -0.7786 0.3678 -0.5084
vn -0.8207 0.1974 -0.5362
vn -0.8871 0.2954 -0.3547
vn -0.8814 0.3923 -0.2630
vn -0.5867 0.7277 -0.3553
vn -0.8837 0.3727 -0.2833
vn -0.8237 0.3633 -0.4354
vn -0.9211 0.3867 0.0455
vn -0.9245 0.3712 -0.0872
vn -0.8936 0.4061 0.1913
vn -0.9208 0.3561 -0.1592
vn -0.9193 0.3902 -0.0508
vn -0.7115 0.5412 0.4482
vn -0.8651 0.4454 0.2307
vn -0.7538 0.4488 0.4800
vn -0.9307 0.2845 0.2301
vn -0.7483 0.3056 0.5887
vn -0.7394 0.5105 0.4390
vn -0.8759 -0.2918 -0.3842
vn -0.9739 -0.1414 0.1775
vn -0.5655 0.5712 0.5949
vn -0.3929 0.2844 0.8745
vn -0.3887 0.6154 0.6857
vn -0.3520 0.5901 0.7266
vn -0.3328 0.0599 0.9411
vn -0.2396 -0.5378 0.8084
vn -0.1826 -0.3747 0.9090
vn -0.7630 0.0027 0.6464
vn -0.4922 -0.5375 0.6847
vn -0.2933 -0.5978 0.7461
vn -0.1070 -0.4813 0.8700
vn 0.0199 -0.5859 0.8101
vn 0.1691 -0.3838 0.9078
vn 0.1905 -0.3412 0.9205
vn 0.1594 0.2972 0.9414
vn -0.3004 0.0943 0.9491
vn -0.4203 0.4925 0.7621
vn -0.0800 0.1990 0.9767
vn -0.3510 0.3750 0.8580
vn -0.5639 0.1620 0.8098
vn -0.4999 -0.0174 0.8659
vn -0.7271 -0.2040 0.6556
vn 0.1119 0.5638 0.8183
vn 0.2011 0.3542 0.9133
vn -0.3996 0.1859 0.8976
vn -0.8133 -0.4973 0.3022
vn -0.8017 -0.4988 0.3293
vn -0.7018 -0.1939 0.6854
vn -0.5479 -0.2587 0.7955
vn -0.5190 -0.3994 0.7557
vn -0.8244 -0.1377 0.5490
vn -0.5298 -0.4017 0.7470
vn -0.6427 -0.5411 0.5423
vn -0.6649 -0.6299 0.4015
vn -0.6435 -0.6729 0.3649
vn -0.5506 -0.7742 0.3121
vn -0.6337 -0.7735 -0.0071
vn -0.7147 -0.6923 0.0996
vn -0.6312 -0.7648 -0.1294
vn -0.5881 -0.8088 0.0009
vn -0.4062 -0.9118 -0.0598
vn -0.4822 -0.8653 -0.1370
vn -0.1857 -0.9826 0.0004
vn -0.3720 -0.8847 -0.2808
vn -0.4781 -0.8443 -0.2422
vn -0.5958 -0.3068 -0.7422
vn 0.8592 0.3110 0.4063
vn 0.4384 0.2337 0.8679
vn 0.3564 0.2812 0.8910
vn 0.8366 0.0405 -0.5463
vn 0.8538 0.0772 -0.5149
vn 0.4964 0.3096 0.8110
vn 0.6767 0.3450 0.6504
vn 0.5324 0.3077 0.7885
vn 0.4062 0.3680 0.8364
vn 0.3452 0.1940 0.9183
vn 0.2341 0.3331 0.9134
vn 0.6492 0.0343 0.7598
vn 0.3949 -0.3268 0.8586
vn 0.5383 -0.3109 0.7833
vn 0.1170 0.1877 0.9752
vn 0.5930 -0.1664 0.7879
vn 0.6179 0.0621 0.7838
vn 0.8132 0.3992 0.4235
vn 0.8194 0.4443 0.3622
vn 0.9354 0.2846 0.2097
vn 0.9822 0.1765 -0.0640
vn 0.9734 0.0618 -0.2204
vn 0.8980 -0.1582 0.4106
vn 0.7438 -0.0517 -0.6664
vn 0.8957 0.0287 -0.4437
vn 0.8660 0.0288 -0.4993
vn 0.8227 0.0082 -0.5684
vn 0.8794 0.0983 -0.4658
vn 0.8577 0.0699 -0.5093
vn 0.8510 0.0632 -0.5214
vn 0.8766 -0.0154 -0.4810
vn 0.4949 -0.0606 -0.8668
vn 0.5099 -0.1363 -0.8494
vn -0.0406 -0.1700 -0.9846
vn 0.9313 -0.3585 -0.0641
vn 0.8294 -0.4366 -0.3484
vn 0.7975 -0.5436 -0.2616
vn 0.9611 -0.2727 0.0437
vn 0.6497 -0.7411 -0.1695
vn 0.5281 -0.8335 -0.1628
vn 0.5617 -0.7611 -0.3244
vn 0.5426 -0.5185 -0.6608
vn 0.4311 -0.8559 -0.2855
vn 0.3016 -0.4617 -0.8342
vn 0.3524 -0.9358 0.0073
vn 0.4214 -0.8011 -0.4251
vn 0.7515 -0.6434 -0.1460
vn 0.7957 -0.1139 -0.5949
vn 0.6008 -0.2012 -0.7737
vn 0.3600 -0.2553 -0.8973
vn 0.5122 0.4728 -0.7171
vn 0.9515 -0.0166 -0.3071
vn 0.0996 -0.2786 -0.9552
vn 0.8359 -0.1094 0.5378
vn 0.7704 0.0362 0.6365
vn 0.6250 -0.4881 0.6092
vn 0.8072 -0.3896 0.4434
vn 0.9221 -0.2202 0.3181
vn 0.9272 -0.3586 0.1078
vn 0.9707 -0.0476 -0.2354
vn 0.5790 0.2015 0.7900
vn 0.4481 0.6838 0.5759
vn 0.0393 0.6744 0.7373
vn 0.4059 0.7268 0.5541
vn 0.8849 0.1616 0.4368
vn 0.7437 -0.4088 0.5290
vn 0.1872 0.6863 0.7028
vn 0.4245 0.4074 0.8086
vn 0.5561 0.6861 0.4690
vn 0.8117 0.3991 0.4265
vn 0.6569 0.7024 0.2741
vn 0.7267 0.6867 0.0173
vn 0.8433 0.4725 -0.2561
vn 0.7564 0.5982 -0.2646
vn 0.7267 0.6212 -0.2931
vn 0.7247 0.3241 -0.6081
vn 0.6852 0.5609 -0.4646
vn 0.5305 0.4212 -0.7356
vn 0.1550 0.2330 -0.9600
vn 0.3068 0.3748 -0.8749
vn 0.1638 0.3431 -0.9249
vn 0.0201 -0.0693 -0.9974
vn 0.1604 0.1495 -0.9757
vn 0.0968 0.5470 -0.8315
vn 0.3679 0.2262 -0.9019
vn 0.5816 0.4014 -0.7076
vn 0.5728 0.3277 -0.7514
vn 0.3312 0.6318 -0.7008
vn 0.6654 0.5020 -0.5524
vn 0.6855 0.5241 -0.5054
vn 0.0378 0.7007 0.7124
vn 0.0409 0.3213 0.9461
vn 0.0342 0.2967 0.9544
vn 0.7072 0.6699 0.2260
vn 0.7919 0.5704 -0.2179
vn 0.7862 -0.4821 0.3867
vn 0.8427 -0.5189 0.1439
vn 0.8259 -0.5397 0.1634
vn 0.9957 0.0893 -0.0249
vn -0.4244 0.3705 0.8262
vn 0.0446 0.4724 0.8802
vn -0.4194 0.4121 0.8089
vn 0.0541 0.5172 0.8541
vn 0.4400 0.6005 0.6677
vn 0.4105 0.5679 0.7134
vn 0.7586 0.5617 0.3302
vn 0.7525 0.6065 0.2566
vn 0.8935 0.4479 0.0313
vn 0.8967 0.3460 -0.2762
vn 0.9000 0.3219 -0.2938
vn 0.9713 0.1189 -0.2062
vn 0.8308 0.2891 0.4756
vn 0.9782 0.0850 -0.1894
vn -0.8988 -0.2224 -0.3777
vn -0.5380 -0.2667 -0.7996
vn -0.5919 -0.1824 -0.7851
vn -0.0550 -0.1609 -0.9854
vn -0.0828 -0.1232 -0.9889
vn -0.0028 -0.3158 -0.9488
vn 0.4705 -0.0723 -0.8794
vn 0.8797 0.0910 -0.4668
vn 0.4722 -0.0238 -0.8812
vn 0.8393 0.1112 -0.5322
vn 0.9405 0.1440 -0.3077
vn 0.8915 0.1154 -0.4381
vn 0.9139 0.1180 -0.3884
vn 0.8880 0.0789 -0.4530
vn 0.8835 0.1306 -0.4499
vn -0.6063 -0.2233 0.7632
vn -0.3768 -0.2522 0.8913
vn -0.3461 -0.1963 0.9174
vn -0.4464 0.2201 0.8674
vn -0.8449 0.0731 0.5299
vn -0.7970 -0.2207 0.5623
vn -0.7616 -0.2773 0.5858
vn -0.9492 -0.0578 0.3093
vn -0.8775 -0.3987 0.2666
vn -0.8809 -0.4705 0.0509
vn -0.7984 -0.6011 0.0349
vn -0.9273 -0.3733 0.0280
vn -0.8032 -0.4620 0.3761
vn -0.9061 -0.3415 -0.2497
vn -0.8259 -0.5494 0.1269
vn -0.9876 -0.1510 0.0438
vn -0.9171 -0.2782 -0.2855
vn -0.9434 0.0125 0.3313
vn -0.9924 -0.1225 -0.0086
vn -0.8341 0.5504 0.0352
vn -0.6591 0.4976 0.5639
vn -0.1533 0.9079 -0.3902
vn 0.6755 0.0318 -0.7367
vn -0.1461 -0.9889 0.0288
vn -0.9955 -0.0946 0.0071
vn -0.8404 0.1173 0.5291
vn -0.9087 -0.1363 0.3945
vn -0.9996 -0.0222 0.0186
vn -0.4519 0.2375 0.8599
vn -0.3019 -0.7510 0.5872
vn -0.2602 -0.6792 0.6863
vn -0.8331 -0.2515 0.4926
vn -0.9879 -0.1146 0.1045
vn 0.4964 -0.8598 0.1201
vn -0.2544 -0.7348 0.6288
vn 0.6586 -0.7418 -0.1263
vn 0.6249 -0.7806 0.0141
vn 0.8159 -0.5780 0.0164
vn 0.6101 -0.7895 0.0663
vn 0.8923 -0.4425 -0.0897
vn 0.4965 -0.4131 0.7635
vn 0.7415 -0.5345 0.4055
vn 0.0471 -0.1406 0.9889
vn 0.5463 -0.5744 0.6096
vn -0.0493 -0.0581 0.9971
vn -0.1871 0.0837 0.9788
vn -0.1362 0.1561 0.9783
vn -0.0259 -0.1646 0.9860
vn 0.2244 -0.2900 0.9304
vn 0.0941 -0.4649 0.8804
vn -0.0967 0.2160 0.9716
vn -0.3298 0.0804 0.9406
vn -0.0454 0.0702 0.9965
vn -0.4536 0.3234 0.8305
vn -0.3038 0.4795 0.8233
vn -0.9848 -0.1627 -0.0614
vn -0.9863 -0.1570 0.0501
vn -0.7958 -0.2767 -0.5387
vn -0.8253 -0.2508 -0.5059
vn -0.3830 -0.4171 -0.8242
vn -0.8607 0.2330 0.4528
vn -0.8518 0.2249 0.4732
vn -0.8920 0.4514 0.0256
vn -0.9957 0.0695 -0.0609
vn -0.9937 0.1115 -0.0116
vn -0.4363 -0.4098 -0.8011
vn -0.4440 -0.3047 -0.8426
vn -0.4358 -0.2802 -0.8553
vn -0.1287 -0.6214 -0.7728
vn 0.0372 -0.9991 0.0187
vn -0.0489 -0.2952 -0.9542
vn 0.2813 -0.3309 -0.9007
vn 0.0556 -0.1870 -0.9808
vn -0.2427 -0.3429 -0.9075
vn -0.9507 -0.0783 -0.3001
vn -0.8512 -0.1891 -0.4895
vn -0.6299 -0.5538 -0.5445
vn -0.8624 -0.4347 0.2593
vn -0.5115 -0.3959 -0.7626
vn -0.4268 -0.7625 -0.4862
vn -0.6966 -0.5838 0.4170
vn 0.0617 -0.6009 0.7970
vn -0.1919 -0.9568 -0.2186
vn -0.0039 -0.3699 0.9291
vn 0.0644 -0.3023 0.9510
vn -0.0767 -0.4177 0.9054
vn -0.1962 -0.5659 0.8008
vn -0.0342 -0.6509 0.7584
vn -0.0507 -0.2347 0.9707
vn -0.1698 -0.5308 0.8303
vn -0.1286 -0.2123 0.9687
vn -0.4285 -0.4057 0.8073
vn -0.1550 -0.1566 0.9754
vn -0.2128 -0.1017 0.9718
vn -0.5272 -0.2505 0.8120
vn -0.3444 -0.5219 0.7804
vn -0.3241 -0.9184 0.2270
vn -0.0056 -0.9727 0.2320
vn -0.5429 -0.7984 0.2604
vn -0.6862 -0.5893 0.4263
vn -0.4207 -0.8954 -0.1456
vn -0.5086 -0.8465 -0.1576
vn -0.5002 -0.6505 0.5715
vn -0.5560 -0.5908 0.5846
vn -0.6878 -0.7093 -0.1541
vn -0.7291 -0.3571 0.5838
vn -0.7309 -0.6825 -0.0031
vn -0.8191 -0.4733 0.3243
vn -0.7924 -0.3488 -0.5004
vn -0.7988 -0.2704 -0.5374
vn -0.6760 -0.2580 -0.6903
vn -0.6405 -0.2972 -0.7082
vn -0.7919 -0.3318 0.5127
vn -0.9111 -0.2851 -0.2976
vn 0.0324 0.3545 0.9345
vn 0.5704 0.7300 0.3766
vn -0.0397 -0.0729 0.9966
vn -0.5331 -0.8206 0.2062
vn -0.6586 -0.6670 0.3484
vn -0.5946 -0.7212 -0.3553
vn -0.1131 -0.5933 0.7970
vn -0.6221 0.1199 0.7737
vn 0.0333 -0.7781 0.6273
vn -0.2950 -0.8674 0.4007
vn -0.3308 -0.0295 0.9432
vn -0.4169 0.2768 0.8658
vn 0.1120 -0.6453 0.7556
vn 0.0586 -0.3773 0.9242
vn -0.2934 0.3337 0.8959
vn 0.3222 0.6995 0.6379
vn 0.3513 0.7101 0.6101
vn 0.6446 0.7640 -0.0274
vn 0.6593 0.6750 0.3312
vn 0.7865 0.6118 0.0837
vn 0.1800 0.1921 0.9647
vn 0.6530 0.7209 0.2322
vn 0.6269 0.4007 0.6682
vn 0.6854 0.5450 0.4828
vn 0.5097 0.2404 0.8261
vn 0.3658 0.2582 0.8941
vn 0.4612 0.4855 0.7427
vn 0.6304 0.0681 0.7733
vn -0.2461 -0.0580 0.9675
vn -0.2178 -0.2989 0.9291
vn -0.5954 -0.1160 0.7950
vn 0.7131 -0.1991 0.6722
vn 0.8386 -0.0550 0.5420
vn 0.9211 -0.0302 0.3882
vn 0.8035 -0.3493 0.4821
vn 0.5651 -0.2921 0.7716
vn -0.2431 -0.2771 0.9296
vn -0.1920 -0.0181 0.9812
vn 0.5719 -0.3259 0.7528
vn -0.8651 -0.0922 -0.4930
vn 0.0239 -0.1179 -0.9927
vn 0.8858 -0.0106 0.4639
vn 0.8567 -0.1851 0.4815
vn 0.7168 -0.5060 0.4799
vn 0.8972 -0.4334 0.0846
vn 0.0728 0.0326 0.9968
vn 0.3492 -0.1882 0.9180
vn 0.3766 -0.0109 0.9263
vn 0.1305 0.6466 0.7516
vn -0.0987 0.6664 0.7390
vn 0.1761 0.7327 0.6573
vn 0.0069 0.8077 0.5896
vn -0.0933 0.4625 0.8817
vn -0.1132 -0.0531 0.9922
vn -0.0509 -0.1311 0.9901
vn -0.1226 -0.6259 0.7702
vn -0.0306 -0.3234 0.9457
vn -0.0553 -0.2097 0.9762
vn -0.0651 -0.7172 0.6939
vn -0.1380 -0.1348 0.9812
vn -0.4573 -0.2748 0.8458
vn 0.1256 0.4668 0.8754
vn -0.1774 -0.3588 0.9164
vn -0.1733 -0.2829 0.9434
vn -0.2304 -0.8686 0.4387
vn -0.3833 0.4526 0.8051
vn 0.0899 -0.3032 0.9487
vn -0.6847 -0.2948 0.6666
vn -0.4019 -0.5013 0.7663
vn -0.6294 -0.4618 0.6250
vn -0.7330 -0.3703 0.5707
vn -0.6471 0.3918 0.6540
vn -0.2162 0.6313 0.7448
vn -0.1872 0.9153 0.3567
vn -0.4046 0.5681 0.7166
vn -0.5449 0.6817 0.4882
vn -0.6096 0.5698 0.5511
vn -0.4389 0.0173 0.8984
vn 0.5567 -0.0306 0.8302
vn 0.4085 0.6146 0.6748
vn 0.4603 -0.0269 0.8874
vn 0.4811 0.5897 0.6487
vn 0.6619 -0.0397 0.7485
vn 0.4113 0.6534 0.6356
vn 0.3341 0.5940 0.7318
vn -0.3334 0.8709 0.3612
vn -0.5765 0.5877 0.5677
vn -0.7329 -0.3065 0.6073
vn -0.7221 -0.1020 0.6843
vn -0.7791 -0.3294 0.5334
vn -0.7530 0.3628 0.5490
vn -0.3486 0.5962 0.7232
vn -0.6978 0.4985 0.5144
vn -0.8091 0.0271 0.5871
vn -0.7180 0.6288 0.2986
vn -0.6921 0.5343 0.4853
vn -0.5865 0.6895 0.4251
vn -0.6601 -0.3948 0.6391
vn -0.7398 -0.4491 0.5009
vn -0.8260 -0.4848 0.2874
vn -0.8948 0.2180 0.3897
vn -0.6262 0.7450 0.2296
vn -0.9345 -0.1390 0.3276
vn -0.6734 0.7080 0.2126
vn -0.6470 -0.7361 0.1991
vn -0.7811 -0.4590 0.4232
vn -0.8154 -0.3571 0.4556
vn -0.9222 -0.0890 0.3764
vn -0.7039 -0.6712 0.2326
vn -0.8734 0.3142 0.3721
vn -0.6716 0.6985 0.2468
vn -0.8390 -0.4448 0.3135
vn -0.9033 -0.3193 0.2865
vn -0.4591 0.6712 0.5820
vn -0.5037 -0.5414 0.6732
vn -0.6397 -0.4185 0.6447
vn -0.6428 0.4639 0.6096
vn -0.3538 0.8707 0.3417
vn -0.3293 0.8995 0.2873
vn -0.6575 0.3259 0.6794
vn -0.6602 0.0187 0.7508
vn -0.3906 -0.8409 0.3745
vn -0.7164 0.6592 0.2283
vn -0.9468 0.0243 0.3209
vn -0.9905 0.0178 0.1364
vn -0.7376 0.6481 0.1893
vn -0.7501 0.6154 0.2423
vn -0.7446 0.6580 0.1121
vn -0.6816 0.7206 0.1275
vn -0.9393 0.1002 0.3283
vn -0.8457 -0.4808 0.2315
vn -0.5695 -0.8207 0.0461
vn -0.8798 -0.4748 0.0223
vn -0.9002 0.2969 0.3187
vn -0.8598 0.4085 0.3065
vn -0.2815 0.7516 0.5966
vn 0.0667 0.7699 0.6347
vn 0.0904 0.6184 0.7807
vn -0.6006 0.6653 0.4436
vn 0.1933 0.8808 0.4323
vn 0.2484 0.7510 0.6118
vn 0.3620 0.7255 0.5853
vn 0.2888 0.8629 0.4146
vn -0.2197 0.8783 0.4247
vn 0.0517 0.8866 0.4597
vn -0.4293 0.8968 0.1069
vn -0.9089 0.3406 0.2406
vn -0.9778 -0.0438 0.2048
vn -0.7485 0.6590 0.0735
vn -0.7183 0.6630 0.2107
vn -0.7758 0.6273 0.0675
vn -0.9681 0.0338 0.2482
vn -0.9656 -0.0598 0.2531
vn -0.8104 -0.5323 0.2449
vn -0.9078 -0.1676 0.3844
vn -0.6971 -0.6547 0.2924
vn -0.9714 -0.0290 0.2356
vn -0.8111 -0.5721 0.1216
vn -0.9545 -0.2185 0.2027
vn -0.6129 -0.7858 0.0830
vn -0.9342 -0.3491 0.0742
vn -0.8236 -0.4999 0.2680
vn -0.6866 -0.6218 0.3767
vn -0.8991 -0.3966 0.1855
vn -0.5693 -0.8215 0.0320
vn -0.7521 -0.6506 0.1056
vn -0.7362 -0.6396 0.2213
vn -0.9407 0.2576 0.2209
vn -0.6976 -0.7165 -0.0008
vn -0.9797 -0.1901 0.0644
vn -0.7812 0.6229 -0.0416
vn -0.9234 -0.3742 0.0853
vn -0.8271 -0.5342 -0.1748
vn -0.9580 0.2427 0.1527
vn -0.8698 -0.4804 -0.1128
vn -0.7925 -0.6096 -0.0177
vn -0.9937 -0.0994 0.0514
vn -0.7567 0.6536 -0.0140
vn -0.7632 0.6461 -0.0100
vn -0.9999 0.0153 -0.0077
vn -0.7619 0.6455 -0.0525
vn -0.5749 -0.8150 0.0728
vn -0.9227 -0.3854 0.0136
vn 0.2181 -0.5039 0.8358
vn 0.3745 0.0079 0.9272
vn 0.4303 -0.2959 0.8528
vn 0.1046 0.1363 0.9851
vn -0.0288 -0.3968 0.9175
vn -0.1724 -0.7240 0.6679
vn 0.4427 -0.3760 0.8140
vn 0.4795 -0.1866 0.8575
vn 0.4918 0.5628 0.6644
vn 0.4683 -0.3547 0.8092
vn 0.5813 0.1731 0.7950
vn 0.5355 -0.1493 0.8313
vn 0.4068 0.4314 0.8053
vn 0.5032 0.4157 0.7576
vn 0.6020 0.3841 0.7001
vn 0.5957 -0.2844 0.7512
vn 0.5223 -0.3703 0.7682
vn 0.4014 0.7232 0.5620
vn 0.6139 0.5128 0.6002
vn 0.4535 0.7877 0.4168
vn 0.6157 0.3930 0.6829
vn 0.5845 -0.2841 0.7601
vn 0.5771 -0.5093 0.6384
vn 0.5278 0.6770 0.5130
vn 0.6541 0.5051 0.5631
vn 0.6450 0.6189 0.4484
vn 0.7859 0.2628 0.5598
vn 0.7895 -0.0431 0.6123
vn 0.8834 -0.0389 0.4671
vn 0.8695 -0.1387 0.4740
vn 0.9366 -0.0413 0.3479
vn 0.8521 0.2648 0.4515
vn 0.7626 -0.3013 0.5724
vn 0.7711 0.4285 0.4710
vn 0.8447 0.3359 0.4168
vn 0.6360 0.3445 0.6905
vn 0.7349 -0.0694 0.6746
vn 0.4730 -0.4112 0.7792
vn 0.6113 0.2427 0.7533
vn 0.5882 -0.1692 0.7908
vn 0.6889 0.3574 0.6307
vn 0.8212 -0.0447 0.5689
vn 0.5143 -0.3416 0.7866
vn 0.3431 -0.9382 0.0454
vn 0.2789 -0.4787 0.8325
vn 0.7630 -0.1854 0.6192
vn 0.2147 -0.7352 0.6430
vn -0.7402 -0.4561 0.4941
vn 0.0782 -0.8287 0.5542
vn -0.8604 -0.5031 -0.0813
vn -0.7992 -0.5203 0.3010
vn -0.3694 -0.4849 0.7928
vn 0.2085 -0.1305 0.9693
vn 0.2039 -0.1656 0.9649
vn 0.8745 -0.2434 0.4196
vn 0.8271 0.3821 0.4123
vn 0.8959 0.0090 0.4442
vn 0.8233 -0.0952 0.5595
vn 0.9209 0.0450 0.3872
vn 0.8057 0.2954 0.5133
vn 0.6511 0.5072 0.5647
vn 0.0383 0.5329 0.8453
vn 0.2006 0.0937 0.9752
vn 0.8153 0.0946 0.5712
vn 0.7588 0.4407 0.4797
vn 0.5482 0.5454 0.6340
vn 0.3383 0.6157 0.7116
vn 0.4472 0.5745 0.6856
vn 0.1997 0.4734 0.8579
vn -0.7619 0.3083 0.5696
vn 0.8512 0.3845 0.3573
vn -0.0259 0.9797 0.1990
vn -0.8816 0.4648 -0.0824
vn -0.9467 0.3175 0.0543
vn -0.7352 0.6491 -0.1951
vn 0.3761 0.9235 0.0756
vn 0.7339 0.6573 0.1713
vn 0.3867 0.4231 0.8194
vn -0.8086 0.4324 0.3990
vn 0.2926 0.4881 0.8223
vn -0.8722 0.3392 0.3525
vn 0.8868 0.4026 0.2269
vn 0.7748 0.5090 0.3749
vn 0.8146 0.5159 0.2650
vn -0.3665 0.1790 0.9130
vn -0.3951 0.1039 0.9127
vn -0.4757 0.0963 0.8743
vn 0.3403 0.4808 0.8081
vn -0.8178 0.3977 -0.4159
vn -0.7379 0.6006 0.3080
vn 0.2555 0.6800 0.6872
vn -0.5219 0.8232 -0.2235
vn -0.7418 0.6703 -0.0213
vn -0.7209 0.4874 0.4927
vn -0.5092 0.8601 -0.0319
vn -0.6140 0.6349 0.4690
vn -0.6975 0.5417 0.4690
vn -0.4596 0.7658 0.4497
vn -0.7700 0.4100 0.4888
vn -0.5188 0.1413 0.8431
vn -0.5384 -0.2807 0.7946
vn -0.5760 -0.3494 0.7390
vn -0.2979 -0.5957 0.7459
vn 0.2133 -0.4320 0.8763
vn 0.0845 -0.2355 0.9682
vn 0.1791 0.0905 0.9797
vn 0.5136 0.2824 0.8102
vn -0.6167 0.0720 0.7839
vn -0.0719 -0.0210 0.9972
vn 0.0015 0.4476 0.8942
vn 0.6731 0.2932 0.6790
vn -0.8973 0.3472 0.2725
vn -0.4402 0.8381 0.3221
vn -0.7591 0.5907 0.2737
vn -0.5740 0.7939 0.2006
vn -0.2894 0.9493 0.1230
vn -0.6453 0.7591 0.0858
vn -0.8314 0.5433 0.1166
vn -0.9278 0.3470 0.1369
vn -0.9747 0.2233 -0.0060
vn -0.9393 0.3431 0.0042
vn 0.0707 -0.1856 0.9801
vn -0.4396 -0.1552 0.8847
vn -0.8072 -0.1095 0.5801
vn -0.4623 -0.3084 0.8314
vn 0.0356 -0.3436 0.9385
vn 0.2944 -0.3501 0.8892
vn 0.3947 -0.3337 0.8561
vn 0.4005 -0.5348 0.7441
vn 0.5083 -0.3192 0.7998
vn 0.4551 -0.1702 0.8740
vn 0.5505 -0.1657 0.8182
vn 0.6573 -0.1658 0.7351
vn 0.6249 -0.3100 0.7165
vn 0.2854 -0.5313 0.7977
vn 0.1935 -0.5404 0.8189
vn 0.5293 -0.5151 0.6742
vn -0.9400 -0.0781 0.3321
vn -0.9893 -0.0451 0.1389
vn -0.7967 -0.2286 0.5595
vn -0.4769 -0.4673 0.7445
vn -0.0384 -0.5276 0.8486
vn 0.2637 -0.7315 0.6288
vn 0.1631 -0.7368 0.6562
vn -0.1011 -0.7152 0.6915
vn 0.3983 -0.6532 0.6440
vn 0.7467 -0.3548 0.5626
vn 0.6689 -0.4839 0.5643
vn 0.3679 -0.7151 0.5943
vn 0.4745 -0.6981 0.5362
vn 0.4305 -0.7728 0.4663
vn 0.3503 -0.8532 0.3864
vn -0.2100 -0.5530 0.8063
vn -0.0791 -0.7930 0.6041
vn 0.1826 -0.8603 0.4759
vn 0.2912 -0.8600 0.4190
vn 0.0564 -0.8639 0.5006
vn -0.9349 -0.1563 0.3187
vn -0.7611 -0.3933 0.5158
vn -0.9029 -0.3028 0.3049
vn -0.7140 -0.5430 0.4420
vn -0.9993 -0.0352 -0.0085
vn -0.9829 -0.1199 0.1397
vn -0.9584 -0.2521 0.1339
vn -0.8487 -0.4542 0.2709
vn -0.6127 -0.7060 0.3551
vn -0.4016 -0.7836 0.4740
vn -0.4582 -0.6301 0.6269
vn -0.7247 -0.6510 0.2257
vn -0.1389 -0.8382 0.5274
vn -0.4586 -0.6727 0.5807
vn -0.4876 -0.8610 0.1445
vn -0.8104 -0.5857 -0.0123
vn -0.7881 -0.6036 0.1207
vn -0.9275 -0.3737 0.0051
vn -0.9041 -0.4047 0.1371
vn -0.9939 -0.1098 -0.0055
vn 0.7869 -0.1402 0.6009
vn 0.7830 -0.2826 0.5541
vn -0.7827 -0.5799 0.2261
vn -0.9763 0.1146 0.1837
vn -0.9667 -0.0945 0.2380
vn -0.9721 0.1569 0.1745
vn -0.9667 -0.0417 0.2524
vn -0.7849 -0.5989 0.1591
vn 0.0620 0.0023 0.9981
vn 0.5536 0.0140 0.8327
vn 0.5474 -0.0088 0.8368
vn 0.0517 -0.0275 0.9983
vn 0.7203 0.0101 0.6936
vn 0.8872 -0.1077 0.4487
vn 0.5451 0.2969 0.7840
vn 0.9034 0.1999 0.3794
vn 0.5532 0.3299 0.7649
vn 0.4770 -0.4339 0.7643
vn 0.9227 0.2097 0.3236
vn 0.9734 0.1882 0.1308
vn 0.9817 0.1516 0.1156
vn 0.9644 0.1966 0.1769
vn 0.9849 0.0925 0.1465
vn 0.2463 0.9289 -0.2764
vn 0.1700 -0.9680 -0.1847
vn 0.2426 0.1766 0.9539
vn -0.6308 -0.7309 0.2606
vn -0.8954 0.3386 0.2892
vn -0.1673 -0.7382 0.6535
vn -0.8863 -0.1266 0.4456
vn -0.0540 0.0580 -0.9969
vn 0.7041 -0.6059 0.3704
vn -0.6449 -0.5607 0.5193
vn -0.7730 -0.4666 0.4297
vn -0.4702 -0.7565 0.4545
vn -0.8014 -0.5399 -0.2575
vn -0.6051 -0.7961 0.0120
vn -0.8219 -0.3934 -0.4120
vn -0.8262 -0.5613 0.0491
vn 0.2365 -0.3624 0.9015
vn 0.1474 -0.5974 0.7882
vn -0.7085 -0.6917 0.1398
vn -0.4528 -0.6869 0.5685
vn 0.0245 -0.3861 0.9221
vn -0.4552 -0.6006 0.6573
vn -0.4525 -0.5017 0.7373
vn -0.8684 -0.4921 -0.0612
vn -0.9216 -0.3880 0.0071
vn -0.9123 -0.3870 0.1341
vn -0.4114 -0.2607 0.8734
vn -0.9802 -0.1933 0.0439
vn -0.8991 -0.3235 0.2948
vn -0.9719 -0.1978 -0.1277
vn -0.9968 -0.0472 0.0639
vn -0.9900 0.0419 -0.1350
vn -0.9886 -0.1064 0.1065
vn -0.7053 -0.2042 0.6789
vn -0.9978 -0.0438 0.0492
vn -0.4379 -0.3203 0.8400
vn 0.2376 -0.2855 0.9285
vn -0.5367 -0.0184 0.8436
vn -0.9701 0.1291 0.2053
vn 0.5432 -0.2997 0.7843
vn 0.8216 -0.0829 0.5641
vn 0.9537 -0.2398 0.1813
vn 0.9615 -0.1614 0.2226
vn 0.9420 -0.3353 -0.0160
vn 0.2443 -0.1114 0.9633
vn 0.2568 -0.0793 0.9632
vn 0.1717 -0.1723 0.9700
vn 0.0124 -0.1471 0.9890
vn 0.7132 -0.3047 0.6312
vn 0.7490 -0.4533 0.4832
vn 0.8203 -0.0772 -0.5667
vn 0.9632 0.0813 -0.2560
vn 0.5592 -0.7721 0.3017
vn 0.5599 -0.6234 0.5458
vn 0.0222 -0.1976 0.9800
vn 0.2624 -0.6566 0.7071
vn 0.4541 -0.4086 0.7917
vn 0.5551 -0.2481 0.7940
vn 0.3183 -0.5053 0.8021
vn 0.0514 -0.2290 0.9721
vn 0.7087 -0.1049 -0.6977
vn 0.6354 0.1446 -0.7585
vn 0.7864 0.2200 -0.5772
vn 0.6108 0.1313 -0.7808
vn 0.4537 0.0112 -0.8911
vn 0.3178 -0.0219 -0.9479
vn 0.2530 -0.1720 -0.9520
vn 0.6905 -0.1506 -0.7074
vn 0.6750 -0.0763 -0.7339
vn 0.9160 0.0563 -0.3972
vn 0.5960 -0.1083 0.7956
vn 0.7316 -0.6470 0.2148
vn 0.8836 -0.4044 0.2361
vn 0.9512 -0.1800 0.2505
vn 0.9120 -0.1671 -0.3746
vn 0.5844 -0.3271 0.7427
vn 0.2085 -0.2618 0.9423
vn 0.5877 -0.2699 0.7628
vn 0.9052 -0.2405 0.3503
vn 0.1924 -0.0158 0.9812
vn 0.9207 -0.3275 0.2123
vn 0.8686 -0.3525 -0.3483
vn 0.8664 -0.4931 -0.0786
vn 0.8055 -0.4240 -0.4140
vn 0.9550 -0.2963 -0.0115
vn 0.9757 -0.0734 0.2063
vn 0.9457 -0.3249 -0.0141
vn 0.6508 -0.0954 0.7532
vn 0.9148 -0.3442 0.2116
vn 0.4188 -0.0249 0.9077
vn 0.5993 -0.6628 0.4489
vn 0.5774 -0.2058 0.7901
vn 0.8269 -0.4449 -0.3438
vn 0.7215 -0.5720 -0.3902
vn 0.7969 -0.4859 -0.3591
vn 0.7497 -0.5735 -0.3302
vn 0.6365 -0.5927 0.4935
vn 0.5790 -0.7726 -0.2604
vn 0.5072 -0.8456 0.1662
vn 0.4269 -0.7098 0.5603
vn 0.3349 -0.5288 0.7799
vn 0.2298 -0.4913 0.8401
vn 0.5528 -0.7679 0.3235
vn 0.9234 -0.3789 -0.0610
vn 0.6814 -0.2919 -0.6712
vn 0.9927 -0.1167 -0.0290
vn 0.4629 -0.8780 0.1220
vn 0.0981 0.0593 0.9934
vn 0.8489 -0.3432 0.4020
vn 0.6853 -0.1657 0.7092
vn 0.0524 0.2860 0.9568
vn 0.4713 -0.4442 0.7620
vn 0.8935 -0.0426 0.4470
vn 0.5630 -0.7719 0.2954
vn 0.4926 0.2834 0.8228
vn 0.2915 0.2933 0.9105
vn 0.1698 0.1558 0.9731
vn 0.0256 0.3693 0.9290
vn 0.2451 0.3456 0.9058
vn -0.1182 0.2700 0.9556
vn 0.0128 0.2170 0.9761
vn 0.0898 -0.6267 0.7740
vn 0.1336 -0.9723 0.1920
vn -0.2956 -0.7113 0.6377
vn 0.6027 -0.7833 -0.1525
vn 0.1126 -0.1681 -0.9793
vn 0.2078 -0.5137 0.8324
vn 0.3028 -0.9376 0.1709
vn -0.7794 -0.5243 0.3430
vn 0.8913 -0.3595 0.2762
vn 0.6426 0.6313 0.4342
vn 0.5021 0.6958 0.5137
vn 0.3684 0.8397 0.3989
vn 0.5741 0.7370 0.3566
vn -0.0995 0.9600 0.2618
vn -0.2510 0.9509 0.1809
vn -0.7492 0.0709 0.6585
vn -0.7098 0.1289 0.6925
vn -0.9286 0.0598 0.3661
vn -0.2560 0.8055 0.5344
vn -0.2930 0.8358 0.4644
vn -0.3450 0.7310 0.5887
vn -0.2059 0.5704 0.7952
vn 0.6979 0.6516 0.2972
vn 0.7199 0.6863 0.1041
vn 0.7954 0.5758 0.1892
vn 0.7191 0.4587 -0.5220
vn 0.4248 0.7075 0.5647
vn -0.1430 0.7432 0.6536
vn 0.4411 0.5748 0.6892
vn 0.0084 0.9901 0.1403
vn 0.1768 0.0461 0.9832
vn 0.4690 0.3102 0.8269
vn 0.1230 0.1639 0.9788
vn -0.0022 -0.1082 0.9941
vn 0.0781 -0.0746 0.9942
vn -0.0157 -0.3231 0.9462
vn -0.6279 -0.5761 0.5233
vn 0.1055 -0.0807 0.9911
vn -0.0045 -0.9830 0.1836
vn 0.0695 0.1221 0.9901
vn 0.0834 0.1963 0.9770
vn 0.0114 0.2376 0.9713
vn 0.3352 0.4811 0.8101
vn 0.8486 0.2721 0.4536
vn 0.8698 0.4793 -0.1167
vn 0.7044 0.5544 0.4432
vn 0.8279 0.5485 -0.1177
vn 0.9465 0.2023 0.2516
vn 0.9260 0.3341 -0.1759
vn 0.5293 0.1351 0.8376
vn 0.1707 0.5840 0.7936
vn -0.1763 0.5863 0.7907
vn 0.0131 0.6047 0.7964
vn -0.2413 0.8795 0.4102
vn 0.2508 0.8795 0.4045
vn 0.0302 0.9368 0.3485
vn -0.2214 0.6781 0.7008
vn -0.4425 0.6487 0.6192
vn -0.3823 0.0531 0.9225
vn -0.2955 0.0277 0.9550
vn -0.0841 0.0016 0.9965
vn -0.0469 0.6092 0.7917
vn -0.4336 0.0482 0.8998
vn -0.5824 0.6552 0.4812
vn 0.0796 -0.0106 0.9968
vn 0.9441 -0.2253 -0.2406
vn 0.8092 -0.1722 -0.5618
vn 0.8279 0.3103 -0.4673
vn 0.9156 0.2736 0.2947
vn 0.9380 0.1833 0.2942
vn 0.9036 0.2908 0.3145
vn 0.6962 -0.0425 0.7166
vn 0.7460 0.6649 0.0366
vn 0.7686 0.3943 0.5037
vn 0.5037 0.0081 0.8639
vn 0.6098 -0.0659 0.7898
vn 0.8257 0.0524 0.5617
vn 0.9962 -0.0635 0.0602
vn 0.8005 -0.4404 -0.4065
vn 0.9267 -0.2249 0.3011
vn 0.9362 -0.2420 0.2548
vn 0.7988 0.0127 0.6015
vn 0.6527 0.0154 0.7574
vn 0.9732 -0.0024 0.2301
vn 0.7917 0.0537 0.6085
vn 0.9756 0.0229 0.2184
vn 0.9022 0.0737 0.4250
vn 0.9761 0.1030 0.1916
vn 0.7862 0.5084 -0.3513
vn 0.4874 0.0178 0.8730
vn 0.9166 0.0893 0.3897
vn 0.9769 0.1793 0.1160
vn 0.8096 0.0702 0.5828
vn 0.5160 0.0252 0.8562
vn 0.9647 0.0496 0.2586
vn 0.3818 0.4869 0.7856
vn 0.3308 0.5804 0.7441
vn 0.2755 0.6023 0.7493
vn 0.4803 0.7440 0.4645
vn 0.6319 0.4352 0.6413
vn 0.0942 0.0160 0.9954
vn 0.0902 -0.0182 0.9958
vn 0.5782 0.0571 0.8139
vn 0.1493 0.5837 0.7982
vn -0.2661 0.9557 0.1260
vn -0.3734 0.9270 -0.0348
vn -0.5734 0.6773 0.4610
vn -0.4011 0.0742 0.9130
vn -0.1402 0.0242 0.9898
vn 0.8708 0.2686 -0.4118
vn 0.9835 0.1778 -0.0339
vn 0.9952 0.0898 0.0379
vn 0.9288 0.1169 0.3517
vn 0.9806 0.1084 0.1632
vn 0.9334 -0.0462 0.3559
vn 0.9964 -0.0816 0.0245
vn 0.9817 -0.1301 0.1388
vn 0.9800 0.1417 0.1397
vn 0.9163 0.1573 -0.3684
vn 0.9401 0.1464 -0.3080
vn 0.9445 0.1527 -0.2909
vn 0.7260 0.2255 -0.6497
vn 0.9366 0.1090 -0.3330
vn 0.8165 0.2673 -0.5118
vn 0.8886 0.3065 -0.3413
vn 0.9542 0.1258 0.2715
vn 0.9677 0.1608 0.1941
vn 0.7110 0.5603 -0.4249
vn 0.7546 0.4706 -0.4572
vn 0.0132 0.6921 -0.7217
vn 0.7147 0.6517 -0.2540
vn 0.6703 0.7411 -0.0372
vn 0.6523 0.7352 -0.1845
vn -0.0277 0.9521 -0.3044
vn 0.1440 0.9275 -0.3450
vn 0.1641 0.8767 -0.4522
vn 0.2821 0.9026 -0.3252
vn 0.3423 0.8572 -0.3848
vn 0.2129 0.9075 -0.3620
vn 0.6752 0.6845 -0.2748
vn 0.7200 0.6719 -0.1740
vn 0.2723 0.8156 -0.5105
vn 0.2861 0.7821 -0.5536
vn 0.2697 0.8497 -0.4532
vn 0.1626 0.8169 -0.5534
vn 0.1011 0.8064 -0.5827
vn 0.2039 0.7811 -0.5902
vn 0.0521 0.7123 -0.6999
vn 0.0539 0.6291 -0.7754
vn 0.1317 0.5713 -0.8101
vn 0.2116 0.6715 -0.7102
vn 0.2624 0.7981 -0.5423
vn 0.3140 0.7908 -0.5254
vn 0.3704 0.7671 -0.5239
vn 0.3094 0.6987 -0.6450
vn 0.2755 0.4455 -0.8518
vn 0.1930 0.5960 -0.7795
vn 0.2460 0.4714 -0.8469
vn 0.3049 0.7872 -0.5361
vn 0.7805 0.3783 -0.4976
vn 0.1548 0.5408 -0.8268
vn 0.3800 0.6432 -0.6647
vn 0.4379 -0.6536 0.6173
vn 0.9069 -0.3646 -0.2110
vn 0.3969 0.4694 -0.7887
vn 0.6605 -0.2215 -0.7174
vn 0.6569 -0.6175 -0.4326
vn 0.1784 -0.4667 -0.8663
vn 0.1157 0.2880 -0.9506
vn 0.5534 -0.1135 -0.8252
vn 0.1746 0.4003 -0.8996
vn 0.1433 0.1792 -0.9733
vn 0.1390 0.5167 -0.8448
vn 0.0729 0.5014 -0.8621
vn 0.0307 0.5131 -0.8578
vn 0.0265 0.7301 -0.6828
vn 0.9748 0.1188 0.1887
vn 0.9068 0.1510 0.3935
vn 0.8416 0.1401 0.5216
vn 0.9001 0.1784 0.3975
vn 0.9194 -0.1232 0.3735
vn 0.8872 -0.2529 0.3858
vn 0.9493 -0.1980 0.2441
vn 0.7993 -0.4374 0.4120
vn 0.5156 -0.1152 0.8491
vn -0.2025 -0.0834 0.9757
vn -0.4923 -0.1829 0.8510
vn -0.2400 0.0013 0.9708
vn -0.3311 -0.0110 0.9435
vn 0.9551 -0.1218 0.2701
vn 0.3953 -0.3316 0.8566
vn 0.5095 -0.4757 0.7170
vn 0.7115 -0.3351 0.6176
vn -0.0630 -0.3271 0.9429
vn -0.1093 0.0048 0.9940
vn -0.0449 -0.0254 0.9987
vn -0.0800 -0.7556 0.6501
vn 0.0402 -0.0303 0.9987
vn 0.1206 -0.7746 0.6209
vn -0.0567 -0.9744 -0.2176
vn 0.1453 -0.4714 0.8699
vn -0.0959 -0.0201 0.9952
vn 0.0402 -0.0446 0.9982
vn -0.2252 0.0038 0.9743
vn -0.1804 -0.0112 0.9835
vn -0.3768 -0.0000 0.9263
vn -0.4897 -0.0057 0.8718
vn 0.2979 -0.2296 0.9266
vn 0.9477 -0.2266 0.2249
vn 0.4673 0.0228 0.8838
vn 0.1992 -0.3950 0.8968
vn 0.9345 -0.2756 0.2251
vn 0.2451 -0.5176 0.8198
vn 0.4305 -0.3286 0.8407
vn 0.8822 -0.4058 0.2388
vn 0.2426 -0.1807 0.9531
vn 0.2041 -0.6390 0.7416
vn -0.5825 0.0307 0.8122
vn 0.0416 -0.3418 0.9388
vn -0.4902 0.0994 0.8659
vn -0.5062 0.0063 0.8624
vn 0.7430 -0.4614 0.4849
vn 0.7868 -0.5215 0.3300
vn 0.6835 -0.5725 0.4528
vn 0.6756 -0.5743 0.4623
vn 0.5718 -0.6939 0.4377
vn 0.6911 -0.4879 0.5331
vn -0.0322 -0.3377 0.9407
vn 0.0583 -0.3868 0.9203
vn -0.0049 -0.4307 0.9025
vn -0.6627 0.6011 0.4466
vn -0.7506 -0.0977 0.6534
vn -0.5907 0.6059 0.5329
vn -0.4955 0.6651 0.5587
vn -0.5606 0.6312 0.5360
vn -0.3638 0.9285 -0.0745
vn -0.3522 0.7541 0.5544
vn -0.1752 0.2010 0.9638
vn -0.1967 -0.0013 0.9805
vn -0.7884 0.2706 0.5525
vn -0.5932 0.5858 0.5521
vn -0.4908 0.8682 0.0736
vn -0.8754 0.3295 0.3536
vn -0.9034 0.1751 0.3914
vn -0.8293 -0.1138 0.5472
vn -0.8087 0.5739 0.1292
vn 0.1868 0.9745 0.1239
vn 0.1317 -0.1005 0.9862
vn 0.3521 -0.7646 0.5398
vn 0.6544 -0.7468 0.1185
vn 0.3212 -0.4810 0.8157
vn -0.8307 0.3975 0.3898
vn -0.7258 0.4444 0.5252
vn -0.4071 -0.5150 0.7543
vn 0.4210 -0.6878 0.5913
vn -0.4196 -0.2262 0.8791
vn -0.5028 -0.0148 0.8643
vn -0.4959 0.8406 0.2181
vn -0.4005 0.9142 -0.0628
vn -0.4514 0.8923 0.0033
vn -0.6260 0.3024 0.7189
vn 0.1658 0.3648 0.9162
vn 0.2079 0.6529 0.7283
vn 0.3036 -0.3730 0.8768
vn -0.2752 0.7400 0.6137
vn -0.1239 0.6529 0.7472
vn -0.1144 0.8863 0.4488
vn -0.2077 0.8426 0.4969
vn 0.3463 0.5962 0.7243
vn 0.0713 0.9107 0.4069
vn 0.1157 0.2778 0.9536
vn -0.0525 0.1018 0.9934
vn -0.0577 0.6105 0.7899
vn -0.0538 0.6896 0.7222
vn -0.0761 0.1447 0.9865
vn 0.0233 0.1974 0.9800
vn 0.0228 0.0877 0.9959
vn 0.0317 0.0318 0.9990
vn -0.0222 -0.0146 0.9996
vn 0.0557 0.0273 0.9981
vn 0.1018 0.1372 0.9853
vn 0.1158 0.2731 0.9550
vn 0.2622 0.4248 0.8665
vn 0.1547 0.0226 0.9877
vn 0.0950 0.4141 0.9053
vn 0.1970 0.3084 0.9306
vn 0.1795 0.4656 0.8666
vn 0.1158 -0.0162 0.9931
vn 0.1575 -0.0220 0.9873
vn 0.2359 -0.7311 0.6402
vn 0.1963 -0.0194 0.9804
vn 0.1892 0.2668 0.9450
vn 0.4489 -0.6548 0.6081
vn 0.3198 -0.0368 0.9468
vn 0.3845 -0.0220 0.9228
vn 0.4814 -0.4420 0.7569
vn 0.0801 -0.9651 -0.2494
vn -0.0252 -0.9818 -0.1880
vn -0.0370 -0.9673 -0.2508
vn -0.1437 -0.9726 -0.1827
vn 0.3701 0.1055 0.9230
vn 0.5354 -0.5765 0.6173
vn 0.2099 -0.9323 -0.2944
vn 0.4848 -0.8649 -0.1301
vn 0.4328 -0.8800 0.1958
vn 0.0713 0.7767 0.6259
vn -0.0671 0.0160 0.9976
vn 0.3156 0.9045 0.2867
vn 0.0114 0.9666 0.2560
vn 0.1969 0.9417 0.2729
vn 0.1304 0.8217 0.5548
vn -0.0459 0.0021 0.9989
vn 0.2602 0.7275 0.6349
vn 0.4590 -0.0763 0.8852
vn 0.0182 0.0025 0.9998
vn -0.5081 0.0875 0.8569
vn 0.5088 -0.0659 0.8584
vn -0.5547 0.0952 0.8266
vn -0.8706 0.1573 0.4662
vn -0.8469 0.1413 0.5127
vn -0.9876 0.1557 -0.0208
vn 0.9453 -0.1389 0.2952
vn 0.8257 -0.1152 0.5522
vn 0.7376 0.6751 -0.0108
vn 0.8344 -0.1486 0.5308
vn 0.3572 0.7724 0.5252
vn 0.9909 -0.1330 -0.0218
vn 0.8670 -0.0849 0.4910
vn 0.9969 -0.0669 -0.0410
vn 0.8994 -0.1149 0.4217
vn 0.5430 -0.0639 0.8373
vn 0.0467 0.0069 0.9989
vn 0.0216 0.9922 -0.1231
vn 0.5999 0.7503 0.2778
vn 0.5352 0.8434 -0.0467
vn 0.4226 0.8856 0.1926
vn 0.7243 -0.1021 0.6819
vn 0.4862 0.0279 0.8734
vn 0.0988 -0.9171 0.3861
vn 0.8681 -0.1137 0.4831
vn 0.2873 -0.9310 0.2252
vn 0.3606 -0.9327 -0.0028
vn 0.9174 0.3025 0.2585
vn 0.9908 -0.1356 -0.0030
vn 0.0089 -0.8898 0.4562
vn 0.1432 -0.8471 0.5118
vn -0.1301 -0.7065 0.6957
vn 0.4380 -0.8424 0.3140
vn 0.4605 -0.8874 0.0218
vn -0.9901 0.1367 0.0309
vn -0.9902 0.1301 0.0510
vn -0.8401 0.1225 0.5284
vn -0.4964 0.0727 0.8651
vn -0.4897 0.0745 0.8687
vn 0.9851 -0.1315 -0.1107
vn -0.1267 -0.8619 0.4911
vn -0.5269 0.1073 0.8431
vn -0.2563 -0.8473 0.4652
vn -0.4910 -0.6060 0.6259
vn 0.0195 0.0056 0.9998
vn 0.4630 -0.1734 0.8693
vn 0.2294 0.0618 0.9714
vn 0.4882 0.0835 0.8687
vn 0.4311 0.2197 0.8751
vn 0.8597 0.0878 0.5032
vn 0.3191 0.4803 0.8170
vn 0.5586 0.7172 0.4168
vn 0.4844 -0.0522 0.8733
vn 0.8473 -0.1161 0.5183
vn 0.9855 -0.1688 -0.0172
vn 0.9992 0.0388 0.0004
vn 0.9373 0.2813 0.2055
vn 0.7765 0.3336 0.5346
vn 0.9062 0.4208 0.0415
vn 0.6763 0.6684 -0.3096
vn 0.3619 0.9317 -0.0303
vn 0.1537 0.9393 0.3068
vn 0.2456 0.8064 0.5379
vn 0.1835 0.6187 0.7639
vn 0.0481 0.7687 0.6378
vn 0.0256 0.9588 0.2830
vn 0.0262 0.9992 -0.0304
vn 0.0238 0.3928 0.9193
vn 0.0955 0.3977 0.9125
vn -0.0836 -0.3907 0.9167
vn -0.0217 -0.4229 0.9059
vn 0.0140 0.0646 0.9978
vn -0.0531 -0.8125 0.5805
vn -0.0849 -0.9643 0.2510
vn -0.0008 -0.9741 0.2262
vn 0.0104 -0.8811 0.4728
vn 0.0071 -0.6993 0.7148
vn 0.0321 0.0585 0.9978
vn 0.0556 0.4566 0.8879
vn 0.0307 0.9622 0.2704
vn 0.0429 0.9989 -0.0196
vn 0.0471 0.7784 0.6260
vn -0.0365 0.1890 0.9813
vn -0.0447 -0.0590 0.9973
vn 0.0052 0.4276 0.9040
vn -0.0000 0.1972 0.9804
vn 0.0453 -0.3719 0.9272
vn 0.0432 -0.7993 0.5994
vn -0.0315 -0.9965 0.0775
vn 0.0119 -0.9971 0.0746
vn 0.0429 -0.9632 0.2654
vn 0.1087 -0.7608 0.6399
vn 0.1275 -0.3329 0.9343
vn 0.2972 -0.2990 0.9068
vn 0.2023 -0.7191 0.6648
vn 0.7129 0.1235 0.6903
vn 0.2857 0.1099 0.9520
vn 0.2719 0.5470 0.7918
vn 0.1316 0.0766 0.9883
vn 0.1197 0.4728 0.8730
vn 0.1141 0.7935 0.5978
vn 0.2349 0.7764 0.5848
vn 0.5364 0.6768 0.5042
vn 0.2568 0.9138 0.3147
vn 0.1012 0.9557 0.2765
vn 0.0528 0.0377 0.9979
vn -0.0239 0.9687 0.2470
vn -0.8789 0.1700 0.4456
vn -0.1528 0.9802 0.1257
vn -0.2164 0.9758 -0.0307
vn 0.2755 0.9610 -0.0238
vn -0.2112 0.8436 0.4936
vn -0.0608 0.7927 0.6066
vn -0.3575 0.9013 0.2445
vn 0.0945 0.9955 -0.0110
vn -0.5843 0.7396 0.3341
vn -0.8811 0.4726 -0.0190
vn 0.0730 0.9920 -0.1030
vn -0.9887 0.1498 -0.0011
vn -0.9535 0.2907 -0.0792
vn -0.5698 -0.8025 0.1769
vn -0.5689 -0.7752 0.2746
vn -0.3795 -0.8250 0.4188
vn -0.6609 -0.7503 -0.0140
vn -0.8151 -0.5776 -0.0439
vn -0.8042 -0.5204 0.2872
vn -0.7015 -0.5942 0.3935
vn -0.4495 0.1106 0.8864
vn 0.1483 0.2413 0.9590
vn -0.0720 0.1450 0.9868
vn -0.1783 -0.0995 0.9789
vn -0.1321 0.1125 0.9848
vn -0.4904 0.0814 0.8677
vn -0.0064 -0.0158 0.9999
vn 0.0389 0.1978 0.9795
vn -0.9901 0.1398 -0.0117
vn -0.8445 0.0977 0.5266
vn -0.2215 0.0927 0.9707
vn -0.4860 0.0462 0.8727
vn -0.4145 0.0287 0.9096
vn -0.6023 0.0907 0.7931
vn -0.4802 0.1250 0.8682
vn -0.6118 0.0911 0.7858
vn -0.5968 0.1252 0.7925
vn -0.6876 0.3190 0.6522
vn -0.3848 0.1252 0.9145
vn -0.3816 0.5226 0.7624
vn -0.3505 0.7449 0.5677
vn -0.4920 0.8177 0.2989
vn -0.3523 0.8777 0.3248
vn -0.8051 0.5119 0.2996
vn -0.7656 0.5553 0.3247
vn -0.3167 0.9481 0.0284
vn -0.4828 0.8747 0.0431
vn -0.3004 0.9538 0.0035
vn -0.4152 0.8598 0.2972
vn -0.2238 0.9745 0.0145
vn -0.8140 0.5264 0.2458
vn -0.6562 0.7520 0.0628
vn -0.3697 0.9132 -0.1715
vn -0.9658 0.1296 -0.2246
vn -0.6867 0.5551 -0.4694
vn -0.9425 -0.0267 -0.3331
vn -0.7742 0.2278 -0.5906
vn -0.9262 0.0123 -0.3767
vn -0.7227 0.2977 -0.6238
vn -0.9354 0.3288 0.1300
vn -0.6575 0.3574 -0.6632
vn -0.9596 -0.0336 -0.2792
vn 0.8464 0.1114 0.5208
vn 0.6045 0.1419 0.7839
vn 0.9328 0.1885 0.3071
vn -0.4313 0.5007 0.7505
vn -0.4154 0.1213 0.9015
vn -0.7149 0.3474 0.6068
vn -0.6165 0.7333 0.2867
vn -0.8426 0.4771 0.2498
vn -0.6209 0.7783 0.0935
vn -0.8528 0.5189 0.0600
vn -0.5884 0.8083 -0.0197
vn -0.8576 0.5129 0.0374
vn -0.4477 0.8942 -0.0029
vn -0.4592 0.8879 0.0293
vn -0.8558 0.5116 -0.0765
vn -0.4638 0.8848 -0.0450
vn -0.4784 0.8193 -0.3160
vn -0.3181 0.9478 -0.0236
vn -0.2984 0.9544 -0.0024
vn -0.7630 0.5130 0.3932
vn -0.8991 0.1752 0.4011
vn -0.9637 0.1486 0.2218
vn -0.5049 0.1189 0.8550
vn -0.9809 -0.0056 0.1945
vn -0.9954 -0.0099 0.0958
vn -0.5587 0.2644 0.7861
vn -0.5881 0.1289 0.7984
vn -0.8526 0.5041 0.1373
vn -0.5890 0.4787 -0.6511
vn -0.2659 0.2672 -0.9262
vn -0.2726 0.4574 -0.8464
vn -0.2263 0.9266 -0.3004
vn -0.3902 0.6415 -0.6605
vn -0.2561 0.9662 0.0313
vn 0.0793 0.4173 -0.9053
vn -0.7570 0.6329 0.1623
vn -0.5279 0.6226 -0.5777
vn 0.1002 0.5843 -0.8054
vn -0.5205 0.8422 0.1409
vn -0.3435 0.9366 0.0692
vn -0.3273 0.8546 -0.4031
vn -0.3019 0.8259 0.4762
vn -0.1484 0.9883 0.0350
vn -0.4454 0.5570 0.7010
vn 0.0272 0.7943 0.6070
vn 0.0582 0.9626 0.2645
vn 0.3687 0.7731 0.5161
vn 0.0513 0.9986 0.0154
vn 0.0132 0.9853 -0.1701
vn 0.0622 0.8722 -0.4852
vn 0.3297 0.9423 0.0576
vn 0.4834 0.8066 -0.3400
vn 0.6617 0.5509 -0.5086
vn 0.7126 0.3787 -0.5906
vn 0.7083 0.5345 -0.4612
vn 0.4182 0.5852 -0.6947
vn 0.0551 0.5845 -0.8095
vn -0.2112 0.9775 -0.0018
vn -0.2189 0.9756 -0.0185
vn 0.1754 0.9842 -0.0239
vn 0.1351 0.9863 -0.0951
vn -0.3346 0.9412 -0.0457
vn 0.1255 0.9881 0.0893
vn 0.1864 0.9808 0.0571
vn 0.0867 0.9913 -0.0994
vn -0.2443 0.9185 -0.3109
vn 0.0731 0.0663 0.9951
vn -0.0023 0.1288 0.9917
vn 0.5926 0.2296 0.7721
vn -0.0348 0.1770 0.9836
vn -0.5145 0.3878 0.7648
vn -0.0039 0.3623 0.9321
vn 0.0090 0.5226 0.8525
vn -0.0369 0.2569 0.9657
vn 0.6490 0.7511 0.1214
vn 0.5519 0.2926 0.7809
vn 0.9164 0.2816 0.2844
vn 0.9132 0.3850 0.1337
vn 0.5299 0.3875 0.7544
vn 0.9164 0.3465 0.2005
vn 0.5019 0.5287 0.6846
vn 0.8172 0.5271 0.2331
vn -0.0366 0.0148 0.9992
vn -0.0150 -0.1638 0.9864
vn 0.0304 0.0292 0.9991
vn -0.0625 -0.4364 0.8976
vn 0.0011 -0.1168 0.9932
vn -0.0607 -0.3922 0.9179
vn 0.0631 -0.0594 0.9962
vn 0.0457 0.0588 0.9972
vn 0.0544 -0.2326 0.9711
vn 0.1999 -0.2104 0.9570
vn 0.1336 -0.0486 0.9898
vn 0.0921 0.0452 0.9947
vn 0.1583 0.0496 0.9861
vn -0.0790 -0.2037 0.9758
vn -0.0748 -0.5033 0.8609
vn -0.1299 -0.5230 0.8424
vn -0.2593 -0.4920 0.8311
vn -0.1919 -0.7459 0.6379
vn -0.1374 -0.7373 0.6615
vn -0.1220 -0.6962 0.7074
vn -0.1663 -0.7727 0.6127
vn -0.6129 -0.5841 0.5321
vn -0.4520 -0.6352 0.6263
vn -0.1865 -0.6927 0.6967
vn -0.5794 -0.3323 0.7442
vn -0.1839 -0.5359 0.8240
vn -0.2680 -0.2317 0.9351
vn 0.0525 -0.2840 0.9574
vn -0.1105 -0.3515 0.9296
vn 0.2907 -0.2957 0.9100
vn 0.2434 -0.2353 0.9409
vn 0.3827 -0.3373 0.8601
vn 0.2748 -0.0878 0.9575
vn 0.0140 -0.1204 0.9926
vn -0.1763 -0.9109 0.3730
vn -0.2416 -0.9017 0.3584
vn -0.0247 -0.2849 0.9582
vn -0.1059 -0.4574 0.8829
vn 0.3278 -0.3398 0.8815
vn 0.1974 -0.0843 0.9767
vn 0.3533 -0.5026 0.7890
vn 0.4863 -0.3740 0.7897
vn 0.4400 -0.3655 0.8202
vn 0.6951 -0.0449 0.7175
vn 0.7450 0.6368 0.1984
vn 0.6639 0.6818 0.3072
vn 0.6304 -0.2773 0.7251
vn 0.4046 -0.1949 0.8935
vn 0.3942 -0.1006 0.9135
vn 0.3734 0.0299 0.9272
vn 0.2085 0.0433 0.9771
vn 0.2053 0.3976 0.8943
vn 0.3892 0.1911 0.9011
vn 0.5743 0.2208 0.7883
vn 0.6939 0.3834 0.6096
vn 0.4677 0.2321 0.8528
vn 0.5312 0.0908 0.8424
vn 0.5188 0.5991 0.6098
vn 0.3262 0.9083 0.2620
vn 0.7093 0.4212 0.5652
vn 0.5169 -0.0780 0.8525
vn 0.2704 -0.0962 0.9579
vn -0.2112 -0.1973 0.9573
vn -0.4433 -0.2568 0.8588
vn -0.4870 -0.0271 0.8730
vn -0.5724 -0.4887 0.6584
vn -0.3406 -0.6976 0.6304
vn -0.7403 -0.1339 0.6587
vn -0.6527 -0.6441 0.3989
vn -0.3674 -0.8596 0.3550
vn -0.2409 -0.9622 0.1272
vn -0.1727 -0.9777 0.1198
vn -0.0765 -0.9967 0.0276
vn -0.1218 -0.9848 0.1238
vn -0.1575 -0.9866 0.0428
vn -0.1473 -0.9891 -0.0016
vn -0.0889 -0.9960 -0.0100
vn -0.2211 -0.9727 0.0703
vn -0.2112 -0.9768 0.0346
vn -0.0463 -0.9989 -0.0060
vn -0.8937 -0.2481 0.3738
vn -0.9349 -0.3261 0.1402
vn -0.7985 -0.2670 0.5396
vn -0.9426 -0.0326 0.3323
vn -0.9859 -0.0385 0.1626
vn -0.6566 -0.7408 0.1413
vn -0.9379 -0.3414 0.0622
vn -0.9586 -0.2475 0.1411
vn -0.6252 -0.7758 0.0850
vn -0.4074 -0.8783 0.2503
vn -0.5313 -0.8385 0.1212
vn -0.2184 -0.9298 0.2962
vn -0.3432 -0.8607 0.3760
vn 0.0694 -0.9568 0.2824
vn 0.3609 -0.9043 0.2280
vn 0.3871 -0.9093 0.1524
vn 0.2072 -0.9344 0.2897
vn -0.5225 -0.8031 0.2863
vn -0.5293 -0.8038 0.2716
vn 0.1198 -0.9435 0.3091
vn -0.0131 -0.9688 0.2476
vn 0.1485 -0.9579 0.2456
vn 0.2462 -0.9574 0.1512
vn -0.5257 -0.8462 0.0868
vn 0.1828 -0.9801 0.0778
vn 0.0126 -0.9817 0.1901
vn 0.0730 -0.9965 0.0406
vn -0.0203 -0.9998 -0.0080
vn 0.3600 -0.9327 0.0230
vn -0.5123 -0.8577 -0.0426
vn -0.9381 -0.3464 -0.0026
vn -0.6205 -0.7805 0.0759
vn -0.6274 -0.7787 -0.0051
vn -0.3120 -0.9500 -0.0160
vn -0.3091 -0.9500 0.0443
vn -0.2109 -0.9775 -0.0086
vn -0.3346 -0.9326 0.1349
vn -0.1943 -0.4531 0.8700
vn -0.1620 -0.7995 0.5784
vn -0.3555 -0.7810 0.5135
vn -0.4705 -0.4334 0.7686
vn -0.4877 -0.1081 0.8663
vn -0.6090 -0.7175 0.3381
vn -0.7801 -0.3959 0.4844
vn 0.1170 0.9930 -0.0171
vn 0.2782 0.9599 -0.0350
vn 0.6995 0.7147 0.0011
vn 0.9994 0.0217 -0.0269
vn 0.5850 -0.5091 0.6314
vn 0.4330 -0.8984 0.0730
vn 0.8120 -0.5827 0.0342
vn 0.2788 -0.9212 0.2713
vn 0.2335 -0.9710 0.0511
vn 0.2055 -0.9016 0.3806
vn 0.0360 -0.9973 0.0639
vn -0.0917 -0.9942 0.0554
vn -0.0406 -0.9934 -0.1071
vn -0.1735 -0.9819 -0.0762
vn -0.2215 -0.9729 0.0659
vn -0.4111 -0.9017 -0.1341
vn -0.3641 -0.9116 0.1910
vn -0.6173 -0.7851 0.0509
vn -0.1748 -0.9534 0.2461
vn -0.8671 -0.4981 0.0052
vn -0.9920 -0.1262 -0.0003
vn -0.8361 -0.0949 0.5403
vn -0.9916 0.1260 -0.0278
vn -0.2806 -0.7677 0.5762
vn 0.0274 -0.9509 0.3082
vn -0.1406 -0.9377 0.3176
vn -0.0212 -0.9535 0.3007
vn -0.3059 -0.9124 0.2720
vn -0.4177 -0.8856 0.2032
vn -0.1495 -0.9773 0.1504
vn -0.2485 -0.9579 0.1439
vn -0.1904 -0.9704 0.1482
vn -0.2517 -0.9623 0.1035
vn -0.2846 -0.9553 0.0800
vn -0.5349 -0.8414 0.0766
vn -0.5500 -0.8351 -0.0133
vn -0.3145 -0.9483 0.0422
vn -0.7587 0.1030 0.6432
vn -0.7694 0.0275 0.6382
vn -0.9719 -0.0011 0.2356
vn -0.9948 0.0225 0.0991
vn -0.9640 0.2502 0.0901
vn -0.2544 0.7069 0.6599
vn -0.9284 0.2585 0.2668
vn -0.7279 0.6486 0.2223
vn 0.6930 0.7110 0.1195
vn 0.3737 0.9003 0.2233
vn 0.5601 0.8262 0.0601
vn -0.4598 0.8834 0.0905
vn -0.9378 0.0374 0.3452
vn -0.7902 0.0830 0.6072
vn -0.4691 0.7429 0.4775
vn -0.0879 0.6900 0.7185
vn -0.1617 0.9171 0.3644
vn 0.6834 0.7062 0.1852
vn 0.2464 0.8235 0.5111
vn -0.6843 0.5849 0.4354
vn 0.7618 0.6147 0.2046
vn 0.6623 0.7224 0.1985
vn -0.1118 0.8963 0.4292
vn -0.6994 0.5455 0.4618
vn -0.3023 0.9040 0.3024
vn -0.9903 0.0255 0.1363
vn -0.9712 0.0836 0.2229
vn -0.8390 0.5435 -0.0259
vn -0.9948 0.1011 0.0124
vn -0.9937 0.1074 -0.0316
vn -0.9989 0.0037 -0.0468
vn -0.9999 -0.0164 0.0029
vn -0.9928 0.0979 0.0694
vn -0.5946 0.8011 0.0691
vn -0.1660 0.9701 0.1772
vn -0.6926 0.6892 0.2130
vn 0.4288 0.8858 0.1775
vn 0.5021 0.8559 0.1241
vn 0.6383 0.7584 0.1321
vn 0.6275 0.7578 0.1787
vn 0.4469 0.8669 0.2207
vn 0.7071 0.7058 0.0442
vn 0.5625 0.8186 0.1161
vn 0.3422 0.9217 0.1825
vn 0.3188 0.9039 0.2853
vn 0.4219 0.8183 0.3904
vn 0.1337 0.9593 0.2488
vn 0.0294 0.9637 0.2653
vn 0.2193 0.9455 0.2405
vn 0.0282 0.9987 0.0435
vn 0.4137 0.9066 0.0834
vn 0.4387 0.8958 0.0712
vn 0.2515 0.9618 0.1078
vn 0.2869 0.9571 0.0400
vn 0.4873 0.8732 0.0088
vn -0.9512 0.0942 0.2937
vn -0.3394 0.9398 0.0392
vn -0.3638 0.9314 -0.0100
vn -0.0677 0.9973 -0.0280
vn -0.1491 0.9885 -0.0256
vn -0.1457 0.9889 0.0287
vn 0.1340 0.9910 -0.0059
vn -0.1280 0.9896 0.0653
vn 0.1358 0.9884 -0.0676
vn 0.3171 0.9482 -0.0193
vn 0.5284 0.8488 0.0178
vn -0.0832 0.9899 0.1145
vn -0.0735 0.9868 0.1444
vn 0.0456 0.9917 0.1203
vn 0.1341 0.9869 0.0894
vn 0.1488 0.9881 0.0392
vn -0.9996 -0.0071 0.0255
vn -0.3933 0.9194 -0.0096
vn -0.4632 0.8734 -0.1504
vn 0.5063 0.8614 -0.0420
vn 0.5029 0.0284 0.8639
vn 0.2738 0.0409 0.9609
vn 0.1781 -0.4094 0.8948
vn -0.2125 -0.3843 0.8984
vn -0.4045 -0.5233 0.7500
vn -0.4704 0.0547 0.8807
vn 0.0521 -0.0029 0.9986
vn 0.0728 0.0279 0.9970
vn 0.5538 -0.0296 0.8321
vn 0.9236 -0.0262 0.3824
vn 0.9888 -0.0699 -0.1318
vn 0.1797 -0.4231 0.8881
vn 0.5332 -0.4280 0.7298
vn 0.8317 -0.1270 -0.5405
vn 0.8192 -0.0698 -0.5692
vn 0.7959 -0.4790 0.3702
vn 0.7587 -0.4215 -0.4968
vn 0.8932 -0.4456 -0.0605
vn 0.7756 -0.4854 -0.4035
vn 0.8737 -0.4737 -0.1109
vn 0.8661 -0.1719 0.4694
vn 0.5975 -0.3926 0.6992
vn 0.5958 0.0184 0.8029
vn 0.9336 -0.0765 0.3500
vn 0.8760 -0.4547 0.1610
vn 0.8507 -0.2427 0.4663
vn 0.5068 0.0140 0.8620
vn 0.4404 0.0150 0.8977
vn -0.1410 0.0272 0.9896
vn 0.9093 -0.1255 -0.3967
vn 0.9906 -0.0296 -0.1333
vn 0.8549 -0.0141 -0.5186
vn 0.8415 -0.5335 0.0857
vn 0.9838 -0.1746 -0.0415
vn 0.4261 -0.4745 -0.7702
vn 0.4234 -0.4728 -0.7728
vn 0.6801 -0.1433 -0.7190
vn 0.0441 -0.4823 -0.8749
vn 0.0442 -0.4462 -0.8939
vn 0.1048 -0.0330 -0.9939
vn 0.4652 -0.0382 -0.8844
vn 0.9534 -0.1610 -0.2553
vn 0.4687 -0.0351 -0.8827
vn 0.3314 0.0469 -0.9423
vn 0.0266 -0.7367 -0.6757
vn 0.5018 -0.5688 -0.6517
vn 0.3238 -0.7106 -0.6247
vn 0.5219 -0.1483 -0.8400
vn 0.2930 -0.8581 -0.4216
vn 0.5906 -0.7135 -0.3769
vn 0.3564 -0.6128 -0.7053
vn -0.5316 -0.0155 0.8469
vn -0.6327 -0.4405 0.6369
vn -0.0991 -0.9901 0.0997
vn -0.1278 -0.9915 -0.0250
vn -0.1204 -0.9226 0.3666
vn -0.5157 -0.8356 0.1893
vn -0.6670 -0.7451 -0.0048
vn 0.3711 -0.8662 -0.3347
vn 0.0842 -0.9549 -0.2849
vn -0.1356 -0.9895 0.0496
vn 0.4548 -0.8722 -0.1803
vn 0.2896 -0.9497 -0.1190
vn -0.2203 -0.9734 0.0634
vn -0.5445 -0.8380 0.0357
vn -0.1256 -0.9882 -0.0873
vn -0.8996 -0.4365 0.0096
vn -0.9904 -0.1378 -0.0135
vn -0.9308 -0.0517 0.3619
vn -0.9126 -0.0567 -0.4050
vn -0.6922 -0.4149 -0.5905
vn -0.8368 -0.1136 -0.5356
vn -0.9912 -0.1064 -0.0792
vn -0.7195 -0.0926 -0.6882
vn -0.4391 -0.7435 -0.5044
vn -0.8507 -0.0658 0.5214
vn -0.8640 -0.0347 0.5023
vn -0.6561 -0.7547 -0.0034
vn -0.6478 -0.6638 -0.3738
vn -0.2435 -0.9425 0.2288
vn -0.2783 -0.0491 -0.9592
vn -0.3152 -0.4214 -0.8503
vn -0.0298 -0.9972 -0.0685
vn -0.1557 -0.8802 -0.4483
vn -0.0440 -0.9781 -0.2034
vn -0.4996 -0.2991 -0.8130
vn -0.1144 -0.7247 -0.6795
vn -0.2560 -0.7213 -0.6436
vn 0.4420 -0.8970 -0.0012
vn -0.5689 -0.7819 0.2548
vn -0.6553 -0.7289 -0.1981
vn -0.7406 -0.4682 0.4819
vn -0.7452 -0.0881 0.6610
vn 0.0320 -0.9219 -0.3861
vn -0.6710 -0.6883 0.2757
vn -0.8307 0.0334 0.5557
vn -0.9959 0.0386 0.0814
vn -0.9878 -0.0909 0.1265
vn -0.9170 -0.1856 -0.3530
vn -0.8906 0.0205 -0.4544
vn -0.7842 -0.0865 -0.6144
vn -0.3585 -0.5961 -0.7184
vn -0.6832 -0.6567 -0.3193
vn -0.0944 -0.9627 0.2534
vn -0.1715 -0.4437 -0.8796
vn -0.5278 -0.0203 -0.8491
vn 0.0710 -0.0407 -0.9966
vn -0.5067 0.0089 -0.8621
vn -0.8870 0.0695 -0.4566
vn 0.0511 -0.0569 -0.9971
vn 0.5266 -0.0503 -0.8486
vn 0.5116 -0.0928 -0.8542
vn 0.4865 -0.6807 0.5476
vn -0.1381 -0.9757 0.1699
vn -0.2956 -0.9539 -0.0524
vn -0.6837 -0.7298 -0.0038
vn -0.5758 -0.8152 0.0624
vn -0.2178 -0.9606 0.1727
vn 0.4712 -0.8083 0.3530
vn 0.5583 -0.8128 0.1662
vn 0.2228 -0.9746 0.0219
vn 0.9708 -0.1116 0.2122
vn 0.9719 0.0296 0.2335
vn 0.7683 0.0207 0.6398
vn 0.9199 0.0200 0.3916
vn 0.9794 0.0068 0.2016
vn 0.9679 0.0133 0.2509
vn 0.6348 -0.4621 0.6193
vn 0.9888 0.0362 0.1450
vn 0.8265 -0.4393 0.3521
vn 0.8814 -0.4489 0.1473
vn 0.9238 -0.3772 0.0652
vn 0.9949 -0.0436 0.0915
vn 0.7482 -0.5050 0.4304
vn 0.7594 -0.5014 0.4146
vn 0.8277 -0.5180 0.2157
vn 0.3640 -0.3780 0.8512
vn -0.8167 -0.3458 0.4619
vn 0.5165 -0.1144 0.8486
vn 0.5888 -0.1490 0.7944
vn 0.6386 0.1311 0.7583
vn 0.9736 0.0779 0.2144
vn 0.9710 -0.2381 -0.0228
vn 0.6300 0.7192 -0.2929
vn 0.4043 -0.8876 0.2205
vn 0.4557 -0.7445 0.4879
vn 0.4386 0.7300 0.5241
vn 0.7964 0.5815 0.1662
vn -0.3310 -0.9436 0.0005
vn 0.2951 -0.9553 -0.0162
vn 0.3886 -0.9207 -0.0362
vn -0.0004 -1.0000 -0.0020
vn 0.6878 -0.5207 0.5058
vn 0.7810 -0.4471 0.4361
vn 0.4536 -0.8898 0.0497
vn 0.8127 -0.5064 0.2883
vn 0.6922 -0.7041 0.1585
vn 0.9119 -0.1314 0.3888
vn 0.9658 -0.1517 0.2104
vn 0.7597 0.6367 0.1318
vn 0.7349 0.6607 0.1530
vn 0.2863 0.9371 0.1999
vn 0.9807 -0.1167 0.1571
vn 0.9278 -0.3154 0.1993
vn 0.7229 -0.6850 0.0905
vn 0.6862 -0.7088 0.1638
vn 0.2654 -0.9620 -0.0640
vn 0.2123 -0.9767 0.0322
vn 0.3237 -0.9455 0.0344
vn 0.1978 -0.9793 0.0426
vn 0.0820 -0.9963 0.0240
vn 0.1002 -0.9949 0.0079
vn 0.0332 -0.9994 0.0033
vn -0.1323 -0.9579 -0.2549
vn 0.0357 -0.9994 0.0005
vn 0.1043 -0.9945 -0.0061
vn 0.2205 -0.9754 -0.0046
vn 0.9614 0.1353 0.2394
vn 0.9642 0.1627 0.2092
vn 0.9682 0.1998 0.1508
vn 0.8291 0.5577 0.0394
vn 0.9697 0.1793 0.1660
vn 0.8298 0.2975 0.4721
vn 0.7592 0.3727 0.5335
vn 0.9174 0.2603 0.3011
vn 0.8107 0.2652 0.5219
vn 0.9689 0.2072 0.1354
vn 0.8736 0.3095 0.3755
vn 0.6535 0.5475 0.5227
vn 0.7972 0.4275 0.4262
vn 0.7596 0.5356 0.3690
vn 0.8042 0.3327 0.4925
vn 0.6322 0.6853 0.3615
vn 0.4815 0.0451 0.8753
vn 0.8639 0.2975 0.4064
vn -0.2000 0.7481 0.6327
vn -0.1670 0.7974 0.5798
vn 0.3094 0.9080 0.2825
vn 0.1978 0.9204 -0.3372
vn 0.8424 0.5388 -0.0055
vn 0.7607 0.3420 -0.5517
vn 0.8698 0.3873 0.3055
vn 0.9658 0.2208 0.1361
vn 0.9700 0.2028 0.1340
vn 0.8637 0.5032 -0.0299
vn 0.6091 0.7915 -0.0505
vn 0.5237 0.8004 -0.2918
vn 0.9715 0.1857 0.1471
vn 0.8944 0.3507 0.2776
vn 0.9631 0.2470 0.1065
vn 0.9635 0.2515 0.0915
vn 0.9603 0.2776 0.0279
vn 0.9499 0.2991 0.0902
vn 0.9761 -0.2172 -0.0104
vn 0.9386 0.3188 0.1321
vn 0.8476 0.5252 0.0763
vn 0.9759 0.2161 0.0308
vn 0.7353 0.6776 -0.0103
vn 0.7412 0.6620 0.1114
vn 0.1813 0.9832 -0.0229
vn 0.4265 0.9013 0.0761
vn 0.7226 0.6756 0.1462
vn 0.9461 0.2839 0.1560
vn 0.7895 0.5321 0.3058
vn 0.5871 0.7223 0.3655
vn 0.8064 0.5743 0.1411
vn 0.8725 0.2543 -0.4173
vn 0.9515 0.3068 -0.0243
vn 0.9506 0.3080 0.0394
vn 0.9617 0.2732 0.0245
vn 0.9611 0.2712 -0.0524
vn 0.9494 0.3008 -0.0906
vn 0.9563 0.2455 -0.1590
vn 0.9457 0.2768 -0.1703
vn 0.8127 0.5778 -0.0756
vn 0.8104 0.5604 -0.1706
vn 0.8176 0.5507 -0.1682
vn 0.4371 0.8777 -0.1965
vn 0.3625 0.8832 -0.2975
vn 0.9549 0.2615 0.1405
vn 0.6243 0.7720 0.1194
vn 0.9099 0.3633 0.2001
vn 0.9043 0.4208 0.0720
vn 0.8087 0.5780 0.1089
vn 0.9525 0.2940 0.0799
vn 0.8171 0.5739 0.0546
vn 0.8150 0.5794 -0.0095
vn 0.8270 0.5597 0.0521
vn 0.8187 0.5610 -0.1223
vn 0.8398 0.5311 -0.1127
vn 0.9445 0.3214 -0.0675
vn 0.6311 0.7276 -0.2689
vn 0.8769 0.4134 -0.2450
vn 0.6591 0.6330 -0.4062
vn 0.9073 0.3361 -0.2526
vn 0.9544 0.2773 -0.1102
vn 0.9419 0.3298 -0.0635
vn 0.7343 0.6698 -0.1103
vn 0.7277 0.6669 -0.1600
vn 0.9339 0.3172 -0.1651
vn 0.9600 0.2600 -0.1041
vn 0.8493 0.5228 -0.0732
vn 0.9717 0.0274 -0.2346
vn 0.9948 0.0655 0.0784
vn 0.9513 0.2450 0.1873
vn 0.9740 0.2118 0.0799
vn 0.9541 0.2836 0.0959
vn 0.8471 0.5207 0.1064
vn 0.7504 0.6585 -0.0572
vn 0.6727 0.7326 0.1042
vn 0.9807 0.1938 0.0273
vn 0.9677 0.2440 -0.0635
vn 0.4318 0.8968 -0.0963
vn 0.9953 0.0712 0.0663
vn 0.4749 0.8742 0.1014
vn 0.9478 0.2571 -0.1888
vn 0.3700 -0.9203 0.1271
vn 0.4702 -0.8767 0.1013
vn 0.2682 -0.9059 0.3277
vn 0.2263 0.3293 0.9167
vn 0.9802 0.1948 -0.0359
vn 0.5494 -0.8326 0.0695
vn 0.6973 -0.7117 0.0848
vn 0.7158 -0.5606 0.4164
vn 0.4457 0.4556 0.7706
vn 0.7442 0.2184 0.6312
vn 0.6708 0.6945 0.2604
vn 0.9361 0.3516 0.0131
vn 0.9327 -0.0330 0.3591
vn 0.9880 -0.1227 0.0935
vn 0.7030 -0.7031 0.1070
vn 0.8448 -0.5173 0.1365
vn 0.9758 -0.0750 0.2056
vn 0.7114 -0.6256 0.3201
vn 0.7618 0.6443 0.0671
vn 0.4177 0.9076 0.0419
vn 0.7420 0.6403 0.1985
vn 0.6452 0.7141 0.2716
vn 0.7441 0.6412 0.1878
vn 0.9874 -0.0901 0.1300
vn 0.9928 -0.0825 0.0869
vn 0.7097 0.6940 0.1216
vn 0.6652 0.7428 -0.0758
vn 0.8363 0.4869 0.2520
vn 0.9836 -0.1143 0.1393
vn 0.9982 0.0303 0.0521
vn 0.8194 0.5726 -0.0253
vn 0.5084 0.6392 0.5770
vn 0.8244 0.5600 0.0823
vn 0.7309 0.6809 -0.0477
vn 0.9971 0.0751 -0.0086
vn 0.9970 -0.0779 0.0034
vn 0.6786 0.5249 0.5137
vn 0.7022 0.0940 0.7058
vn 0.8265 -0.5030 0.2527
vn 0.7332 -0.6800 0.0020
vn 0.3032 -0.9152 -0.2656
vn 0.0449 -0.9870 -0.1544
vn 0.1035 -0.9807 -0.1660
vn 0.1916 -0.7991 -0.5699
vn 0.0914 -0.8091 -0.5806
vn 0.0275 -0.8437 -0.5361
vn 0.0999 -0.3814 -0.9190
vn 0.0009 -0.9934 -0.1145
vn 0.0113 -0.4535 -0.8912
vn 0.1288 0.0200 -0.9915
vn 0.0386 0.4113 -0.9107
vn 0.1139 0.3972 -0.9106
vn 0.0523 0.0103 -0.9986
vn 0.0381 0.7491 -0.6613
vn 0.1075 0.7368 -0.6675
vn 0.3131 -0.3745 -0.8728
vn 0.3128 0.0384 -0.9490
vn 0.2725 0.4293 -0.8610
vn 0.7526 0.0732 -0.6543
vn 0.6163 -0.5280 -0.5843
vn 0.4532 -0.7969 -0.3994
vn 0.5635 0.6252 -0.5400
vn 0.3594 0.8387 -0.4091
vn 0.2496 0.8961 -0.3670
vn 0.0770 0.9381 -0.3376
vn 0.2135 0.7245 -0.6554
vn 0.0168 0.9407 -0.3387
vn 0.9207 0.2851 -0.2664
vn 0.0478 0.9423 -0.3314
vn 0.2350 0.8853 -0.4012
vn 0.0303 0.7293 -0.6835
vn -0.0040 -0.4560 -0.8899
vn 0.0200 0.0165 -0.9997
vn 0.0236 0.4004 -0.9161
vn -0.0032 0.0391 -0.9992
vn 0.0132 0.3554 -0.9346
vn 0.1162 0.6818 -0.7222
vn 0.0642 0.2808 -0.9576
vn -0.0436 -0.4530 -0.8905
vn -0.0152 -0.8288 -0.5594
vn -0.0469 -0.9677 -0.2475
vn -0.1744 -0.8307 -0.5288
vn -0.1349 -0.9603 -0.2442
vn -0.2716 -0.9179 -0.2893
vn -0.1880 -0.4969 -0.8472
vn -0.3874 -0.7742 -0.5006
vn -0.4233 -0.5149 -0.7454
vn -0.6055 -0.7417 -0.2884
vn -0.1667 -0.1243 -0.9782
vn -0.4699 -0.1988 -0.8601
vn -0.1071 0.0664 -0.9920
vn 0.1001 0.1846 -0.9777
vn -0.0743 -0.8829 -0.4636
vn 0.1070 0.8421 -0.5287
vn 0.3578 0.6047 -0.7116
vn 0.5996 0.5618 -0.5700
vn 0.2927 0.4904 -0.8209
vn 0.3599 0.1861 -0.9142
vn 0.0031 0.0175 -0.9998
vn -0.4647 0.0128 -0.8854
vn 0.4743 -0.1078 -0.8737
vn 0.6326 0.2716 -0.7253
vn 0.8659 -0.0128 -0.5000
vn 0.8395 0.1601 -0.5192
vn 0.8218 -0.3130 -0.4761
vn 0.1390 -0.7984 -0.5859
vn 0.0075 -0.7365 -0.6764
vn 0.0328 -0.1020 -0.9942
vn -0.1249 -0.7360 -0.6654
vn -0.1400 -0.8690 -0.4746
vn 0.1459 -0.9062 -0.3968
vn 0.2317 0.0351 -0.9722
vn 0.4990 -0.0327 -0.8660
vn -0.0265 0.0063 -0.9996
vn 0.2116 0.9177 -0.3362
vn 0.2876 0.6516 -0.7020
vn 0.3198 0.8855 -0.3369
vn 0.1129 0.9089 -0.4014
vn -0.5487 0.0349 -0.8353
vn 0.0345 0.9575 -0.2863
vn -0.0941 0.9406 -0.3261
vn -0.7741 0.0893 -0.6268
vn -0.3479 -0.8603 -0.3727
vn 0.9398 -0.2710 -0.2083
vn 0.8563 -0.1700 -0.4877
vn 0.4389 -0.8323 -0.3385
vn 0.3008 -0.9240 -0.2362
vn 0.8283 -0.1235 -0.5465
vn 0.6570 -0.0798 -0.7496
vn 0.4140 0.8830 -0.2210
vn 0.4047 0.7378 -0.5403
vn 0.5214 0.7560 -0.3957
vn 0.1564 0.9876 -0.0155
vn 0.5081 0.8178 -0.2703
vn -0.4820 0.0805 -0.8725
vn -0.0510 0.7530 -0.6561
vn -0.2257 0.8128 -0.5371
vn -0.8543 0.1207 -0.5056
vn -0.3865 0.8501 -0.3577
vn -0.5221 0.7913 -0.3184
vn 0.0251 -0.0111 -0.9996
vn 0.1836 0.7629 -0.6198
vn -0.1918 0.9641 -0.1839
vn -0.8958 0.1988 -0.3974
vn -0.6079 -0.7604 -0.2285
vn -0.4001 -0.7050 -0.5856
vn -0.4322 0.0051 -0.9018
vn -0.6413 -0.5690 -0.5148
vn -0.7908 -0.5038 -0.3475
vn -0.4692 -0.8401 -0.2720
vn 0.8421 -0.1370 -0.5216
vn -0.7658 -0.4713 -0.4374
vn -0.8493 -0.1409 -0.5087
vn -0.8373 0.0592 -0.5436
vn -0.8315 0.1090 -0.5447
vn -0.8484 -0.4463 -0.2847
vn 0.8430 -0.1148 -0.5255
vn 0.4910 -0.0705 -0.8683
vn 0.0087 -0.0320 -0.9995
vn 0.8431 -0.1438 -0.5182
vn 0.0167 -0.0215 -0.9996
vn 0.4828 -0.0913 -0.8709
vn -0.8590 0.1102 -0.4999
vn -0.8511 0.1259 -0.5097
vn -0.4672 0.0658 -0.8817
vn -0.5106 0.0525 -0.8582
vn 0.8099 -0.1288 0.5723
vn 0.9140 -0.1947 0.3559
vn 0.6529 -0.3171 0.6879
vn 0.8230 0.0257 0.5675
vn 0.4579 -0.6910 0.5593
vn 0.8102 -0.2013 0.5506
vn 0.5279 -0.5273 0.6658
vn 0.2344 -0.6159 0.7522
vn -0.0632 -0.6757 0.7345
vn -0.0286 -0.6331 0.7735
vn -0.0715 -0.6321 0.7716
vn -0.0384 -0.6968 0.7162
vn 0.8355 -0.5296 0.1463
vn 0.1080 -0.8962 0.4303
vn 0.8256 0.1638 0.5399
vn 0.9223 0.0274 0.3856
vn 0.5498 -0.4692 0.6910
vn 0.2456 -0.5949 0.7654
vn 0.9338 0.0126 0.3576
vn 0.9389 -0.0790 0.3350
vn 0.7609 -0.3178 0.5657
vn 0.4473 -0.6254 0.6393
vn 0.7263 -0.4652 0.5061
vn 0.2788 -0.6423 0.7139
vn -0.0824 -0.6416 0.7626
vn -0.7572 -0.6290 0.1760
vn -0.1417 -0.7335 0.6647
vn 0.0571 -0.6500 0.7578
vn -0.8447 0.5352 -0.0011
vn 0.9815 0.0282 0.1895
vn 0.9930 0.0459 0.1085
vn 0.9827 0.1486 0.1104
vn 0.9763 0.1934 0.0974
vn 0.6275 0.7783 0.0224
vn 0.1018 0.9785 -0.1792
vn 0.2591 0.9506 -0.1709
vn -0.0192 0.9959 -0.0887
vn 0.7228 0.6905 0.0273
vn 0.1836 0.9567 -0.2258
vn -0.0152 0.9834 -0.1806
vn 0.2822 0.9431 -0.1761
vn 0.4958 0.3319 0.8025
vn 0.0308 0.9925 -0.1181
vn 0.4112 -0.9075 0.0857
vn 0.8956 0.2907 0.3367
vn 0.1039 0.9842 -0.1435
vn -0.0031 0.9992 -0.0409
vn 0.2789 0.9584 -0.0599
vn 0.1145 0.9929 -0.0320
vn 0.5739 0.8121 0.1055
vn 0.2542 0.9664 0.0386
vn 0.6359 0.7713 -0.0292
vn 0.6640 0.7460 0.0502
vn 0.9819 0.1814 0.0550
vn 0.9906 0.1359 -0.0146
vn 0.9862 0.1572 0.0520
vn 0.9982 0.0591 0.0020
vn 0.9642 0.0112 0.2650
vn 0.9864 0.0143 0.1639
vn 0.0066 0.9999 0.0111
vn 0.0036 0.9996 0.0265
vn 0.1071 0.9942 -0.0027
vn 0.9591 0.2203 -0.1778
vn 0.3440 0.9389 -0.0141
vn 0.9543 0.2846 -0.0913
vn 0.9081 0.2396 -0.3435
vn 0.2979 0.9546 0.0062
vn 0.8823 0.4692 0.0376
vn 0.6571 0.6908 0.3017
vn 0.6262 -0.7601 0.1738
vn 0.9872 0.0128 0.1591
vn 0.9999 0.0110 -0.0015
vn 0.9968 0.0601 0.0528
vn 0.5680 -0.0708 0.8199
vn 0.7573 -0.4696 0.4539
vn 0.5353 0.1055 0.8380
vn -0.3109 0.4035 0.8605
vn -0.0818 0.2004 0.9763
vn 0.7340 0.0427 0.6778
vn 0.6575 -0.7486 0.0851
vn 0.1552 -0.5737 0.8042
vn 0.8439 -0.4578 0.2800
vn 0.5893 -0.5090 0.6275
vn 0.9941 -0.1082 0.0079
vn 0.6500 -0.5521 -0.5222
vn 0.9494 -0.3065 -0.0681
vn 0.8797 -0.3001 -0.3688
vn 0.6731 -0.1838 0.7163
vn 0.2534 -0.3042 0.9183
vn 0.0206 -0.0593 0.9980
vn -0.1014 -0.1724 0.9798
vn 0.3555 0.1462 0.9232
vn 0.7319 0.0712 0.6777
vn 0.5055 0.5469 0.6674
vn 0.7824 0.2781 0.5572
vn 0.0775 0.5530 0.8295
vn 0.8274 0.5511 0.1083
vn 0.6812 0.7150 -0.1576
vn 0.3684 0.7442 -0.5572
vn 0.8564 0.3985 -0.3283
vn 0.9853 0.1654 0.0424
vn 0.5597 -0.3422 -0.7547
vn 0.5726 -0.3685 -0.7324
vn 0.6023 -0.4420 -0.6648
vn 0.9864 0.0520 -0.1560
vn 0.5510 0.0736 -0.8313
vn 0.5653 0.0014 -0.8249
vn 0.9548 0.2433 0.1709
vn 0.3813 0.4060 -0.8305
vn 0.9350 -0.0175 0.3543
vn 0.9493 0.1303 0.2862
vn 0.9249 -0.1293 0.3574
vn 0.9876 -0.0571 0.1464
vn 0.9911 -0.1298 0.0308
vn 0.9602 0.2530 0.1183
vn 0.9824 -0.1863 0.0139
vn 0.9615 -0.2202 0.1643
vn 0.9458 -0.2822 0.1608
vn 0.9045 -0.1943 0.3797
vn 0.8721 -0.3965 0.2868
vn 0.9303 -0.2748 0.2428
vn 0.9581 0.1995 0.2053
vn 0.9982 -0.0318 -0.0504
vn 0.9982 -0.0543 0.0266
vn 0.9974 -0.0553 -0.0456
vn 0.9946 -0.0400 0.0962
vn 0.9881 0.1470 -0.0447
vn 0.9715 -0.1888 -0.1431
vn 0.9249 -0.3635 -0.1114
vn 0.9813 -0.1917 0.0196
vn 0.9526 -0.2429 -0.1834
vn 0.9864 -0.0366 -0.1605
vn 0.9525 0.1198 -0.2800
vn 0.9217 -0.1211 -0.3684
vn 0.9918 -0.1197 -0.0455
vn 0.9534 0.2345 -0.1896
vn 0.9368 -0.1452 0.3182
vn 0.9363 -0.2687 0.2261
vn 0.9199 -0.3762 0.1109
vn 0.9267 -0.3650 0.0890
vn 0.6775 -0.6514 0.3416
vn 0.7187 -0.5321 0.4476
vn 0.9264 -0.3766 -0.0026
vn 0.9215 -0.3885 0.0031
vn 0.9736 0.1966 0.1159
vn 0.9675 -0.2527 -0.0023
vn 0.9999 -0.0121 -0.0081
vn -0.4081 0.9129 0.0081
vn 0.9149 -0.3093 -0.2595
vn 0.9265 -0.3602 -0.1092
vn 0.8726 -0.4884 0.0074
vn 0.6950 -0.6675 0.2673
vn 0.6639 -0.7223 0.1936
vn 0.6289 -0.7759 -0.0486
vn 0.3544 -0.9223 0.1540
vn 0.3427 -0.9046 0.2536
vn 0.2674 -0.9547 0.1307
vn 0.2499 -0.9665 0.0584
vn 0.2975 -0.9536 0.0452
vn 0.1425 -0.9579 0.2494
vn -0.3868 -0.9025 0.1894
vn 0.3207 -0.9199 0.2258
vn 0.1316 -0.8315 0.5398
vn -0.0844 -0.9319 0.3527
vn 0.3164 -0.7921 0.5220
vn 0.1173 -0.8382 0.5326
vn -0.0105 -0.7674 0.6411
vn -0.3060 -0.8213 0.4814
vn -0.7401 -0.6723 0.0164
vn -0.1657 -0.9823 -0.0875
vn -0.6154 -0.7726 0.1560
vn 0.2160 -0.9721 0.0911
vn 0.5437 -0.8378 0.0493
vn 0.2686 -0.9631 -0.0183
vn 0.2909 -0.9567 -0.0125
vn 0.7262 -0.6633 -0.1807
vn 0.2376 -0.9699 -0.0538
vn 0.4765 -0.8788 0.0257
vn 0.5880 -0.8063 -0.0641
vn 0.9672 0.0056 0.2539
vn 0.9964 -0.0130 -0.0834
vn 0.9860 0.0287 -0.1642
vn 0.9999 -0.0069 0.0086
vn 0.9956 0.0066 0.0937
vn 0.9845 0.0087 0.1752
vn 0.9981 -0.0145 -0.0600
vn -0.9742 -0.2259 0.0002
vn -0.7915 -0.6001 -0.1162
vn -0.9103 -0.3942 -0.1266
vn -0.8473 -0.4576 -0.2695
vn -0.7208 -0.6539 -0.2298
vn -0.5245 -0.8477 -0.0799
vn -0.2876 -0.9220 -0.2594
vn -0.4188 -0.7716 -0.4788
vn -0.1185 -0.9414 -0.3158
vn 0.2194 -0.8582 -0.4641
vn 0.1240 -0.8665 -0.4836
vn 0.2606 -0.7216 -0.6414
vn 0.2678 -0.5333 -0.8024
vn 0.1486 -0.7285 -0.6687
vn 0.1803 -0.5400 -0.8221
vn -0.0826 -0.7165 -0.6927
vn 0.0246 -0.3372 -0.9411
vn -0.0403 -0.5395 -0.8410
vn 0.3827 -0.3294 -0.8631
vn 0.2624 -0.3326 -0.9058
vn 0.3215 -0.1696 -0.9316
vn 0.4384 -0.1659 -0.8834
vn 0.3492 -0.0019 -0.9371
vn 0.0677 -0.1777 -0.9817
vn -0.4465 -0.1597 -0.8804
vn 0.0784 0.0260 -0.9966
vn -0.6783 -0.2558 -0.6888
vn -0.4363 -0.3152 -0.8428
vn -0.4533 -0.4837 -0.7487
vn -0.8044 -0.2281 -0.5485
vn -0.7768 -0.3871 -0.4967
vn -0.4597 -0.6454 -0.6100
vn -0.1152 -0.8440 -0.5238
vn -0.6157 -0.7076 -0.3468
vn -0.9606 -0.2434 -0.1340
vn -0.9820 -0.1226 -0.1437
vn -0.9892 -0.0411 -0.1404
vn -0.4762 -0.8656 -0.1550
vn 0.0650 -0.8600 -0.5061
vn -0.7275 -0.5338 -0.4310
vn -0.8134 -0.0993 -0.5732
vn -0.9043 -0.3046 -0.2993
vn -0.9393 -0.1523 -0.3076
vn -0.9899 0.0289 -0.1388
vn -0.7307 0.6826 0.0113
vn -0.7222 0.6878 -0.0732
vn -0.7642 -0.6445 -0.0236
vn -0.5462 -0.8363 -0.0477
vn -0.9540 -0.2971 -0.0394
vn -0.9973 -0.0676 -0.0290
vn -0.8148 -0.5745 -0.0782
vn -0.6941 0.7019 -0.1596
vn -0.6533 0.7571 -0.0026
vn -0.9250 0.3541 -0.1378
vn -0.5496 -0.8348 -0.0318
vn -0.8771 -0.4363 -0.2006
vn -0.7274 -0.6717 -0.1403
vn -0.8980 -0.4378 0.0432
vn -0.9389 -0.3421 -0.0381
vn -0.9580 -0.2612 -0.1183
vn -0.8013 0.5819 -0.1391
vn -0.7686 0.6389 0.0310
vn -0.7740 0.6301 -0.0623
vn -0.8045 0.5878 -0.0854
vn -0.7170 0.6910 -0.0921
vn -0.8462 0.4197 -0.3283
vn -0.9453 0.0379 -0.3240
vn -0.4978 0.8611 -0.1035
vn -0.7606 0.5958 -0.2579
vn -0.7610 0.6473 -0.0434
vn -0.9096 0.3811 -0.1656
vn -0.9624 -0.0251 -0.2704
vn -0.9862 0.0038 -0.1657
vn -0.9209 -0.3648 -0.1372
vn -0.7919 -0.6077 -0.0606
vn -0.6027 -0.7959 -0.0573
vn -0.7328 0.5785 -0.3582
vn -0.7118 0.6927 -0.1160
vn -0.6530 0.7093 -0.2655
vn -0.7294 0.6838 -0.0206
vn -0.9683 -0.1034 -0.2273
vn -0.8244 -0.5509 -0.1295
vn -0.7558 -0.6119 -0.2332
vn -0.9060 -0.2816 -0.3160
vn -0.6236 -0.7552 -0.2021
vn -0.1701 -0.9845 -0.0427
vn -0.7846 -0.5607 -0.2647
vn -0.9618 0.2378 -0.1354
vn -0.8569 0.4165 -0.3037
vn -0.8303 0.5459 -0.1118
vn -0.9072 0.2753 -0.3181
vn -0.7650 0.5825 -0.2747
vn -0.5810 0.7903 -0.1945
vn -0.6033 -0.7941 -0.0729
vn -0.7728 -0.6117 -0.1688
vn -0.7491 -0.5117 -0.4207
vn -0.7219 -0.6302 -0.2859
vn -0.9772 -0.0512 -0.2062
vn -0.7185 0.6583 -0.2245
vn -0.7146 -0.6433 -0.2747
vn -0.6864 -0.7206 -0.0977
vn -0.9704 -0.0008 -0.2414
vn -0.7618 -0.5514 -0.3399
vn -0.6903 0.6786 -0.2509
vn -0.7893 -0.4704 -0.3946
vn -0.7132 0.6467 -0.2705
vn -0.8680 0.0879 -0.4887
vn -0.7140 0.6257 -0.3141
vn -0.7627 0.6396 -0.0959
vn -0.6357 0.7666 -0.0903
vn -0.8201 -0.5396 -0.1902
vn -0.3435 0.9378 -0.0510
vn -0.6005 0.6617 -0.4490
vn -0.4349 0.8417 -0.3198
vn 0.9866 0.0147 -0.1624
vn 0.9915 0.0556 -0.1175
vn 0.9965 0.0613 -0.0575
vn 0.9665 0.0090 -0.2564
vn 0.9824 0.0356 -0.1835
vn 0.9717 0.1340 -0.1947
vn 0.9684 0.0040 -0.2494
vn 0.9498 0.1378 -0.2808
vn 0.9874 0.1443 -0.0655
vn 0.9835 0.1753 -0.0447
vn 0.6842 0.7217 -0.1048
vn 0.6681 0.7424 -0.0494
vn 0.0526 0.9948 0.0870
vn 0.9756 0.1611 -0.1494
vn 0.1558 0.9765 0.1489
vn 0.1961 0.9776 0.0761
vn 0.2897 0.9520 0.0991
vn 0.2973 0.9438 0.1447
vn 0.2051 0.9136 0.3512
vn 0.2531 0.9283 0.2723
vn 0.7330 0.6757 -0.0788
vn 0.0203 0.9546 0.2972
vn 0.6883 0.7232 0.0571
vn 0.0492 0.8977 0.4379
vn 0.7221 0.6799 0.1274
vn 0.6978 0.6601 0.2781
vn 0.1629 0.8081 0.5661
vn 0.6022 0.6415 0.4753
vn 0.1313 0.7100 0.6918
vn 0.1701 0.6921 0.7015
vn 0.1942 0.7474 0.6353
vn 0.1567 0.6913 0.7054
vn 0.3304 0.7806 0.5306
vn 0.2512 0.8134 0.5247
vn 0.1782 0.7678 0.6154
vn 0.1412 0.8451 0.5156
vn 0.5678 0.5144 0.6426
vn 0.9945 0.0277 0.1015
vn 0.2251 0.8079 0.5447
vn 0.2513 0.7846 0.5668
vn -0.4105 0.8309 0.3756
vn 0.1889 0.8748 0.4462
vn 0.4790 0.8258 0.2977
vn 0.4159 0.7701 0.4837
vn 0.7075 0.6506 0.2760
vn 0.1510 0.8692 0.4708
vn 0.2318 0.9621 0.1434
vn 0.3379 0.8662 -0.3680
vn 0.7446 0.1514 0.6502
vn 0.9893 0.1427 0.0290
vn -0.8905 0.3637 0.2733
vn 0.1777 0.9833 0.0399
vn 0.2034 0.9782 0.0418
vn 0.6928 0.7070 -0.1425
vn 0.1867 0.9806 0.0606
vn 0.4399 0.8809 -0.1746
vn 0.6432 0.4213 -0.6393
vn 0.8819 -0.1625 -0.4425
vn 0.4931 -0.7067 -0.5074
vn 0.6645 -0.7400 -0.1040
vn 0.0596 -0.9811 -0.1839
vn 0.2753 -0.9589 -0.0684
vn 0.3593 -0.9149 -0.1840
vn 0.4529 -0.8861 -0.0985
vn 0.9817 0.1450 -0.1231
vn 0.9739 0.0178 -0.2265
vn 0.9612 0.0639 -0.2683
vn 0.9809 0.0076 -0.1946
vn 0.7825 0.0654 -0.6192
vn 0.7940 0.0124 -0.6078
vn 0.7973 0.0501 -0.6015
vn 0.7726 0.5782 0.2624
vn -0.3036 -0.9503 -0.0689
vn -0.2685 -0.9570 -0.1099
vn -0.2429 -0.9598 -0.1409
vn -0.1986 -0.9667 -0.1613
vn 0.0506 -0.9927 -0.1096
vn 0.1638 -0.9839 -0.0720
vn -0.4953 -0.8685 0.0190
vn -0.4980 -0.8597 -0.1139
vn 0.2078 -0.9692 -0.1319
vn -0.9353 -0.3399 -0.0981
vn -0.9380 -0.3439 -0.0437
vn -0.6221 -0.7812 -0.0519
vn -0.6211 -0.7761 -0.1090
vn -0.7375 -0.6729 -0.0565
vn 0.3316 -0.9419 -0.0534
vn 0.3972 -0.9117 -0.1050
vn 0.2447 -0.9521 -0.1836
vn 0.3040 -0.9279 -0.2158
vn 0.0041 -0.9863 -0.1651
vn 0.4440 -0.8785 -0.1765
vn 0.4562 -0.8805 -0.1285
vn -0.5422 -0.7925 -0.2793
vn 0.3604 -0.8965 -0.2578
vn 0.1874 -0.9432 -0.2744
vn 0.0333 -0.9667 -0.2539
vn -0.4430 -0.8257 -0.3492
vn -0.3528 -0.8860 -0.3009
vn -0.9940 -0.0774 -0.0775
vn -0.5847 -0.8076 -0.0763
vn -0.9324 -0.3277 -0.1526
vn -0.5639 -0.7544 -0.3359
vn 0.1832 -0.9322 -0.3120
vn 0.3359 -0.8439 -0.4184
vn 0.3684 -0.8400 -0.3984
vn 0.2717 -0.8563 -0.4393
vn -0.3570 -0.6047 -0.7119
vn -0.9398 -0.0258 -0.3407
vn -0.8846 -0.2608 -0.3867
vn -0.7408 -0.3234 -0.5887
vn 0.1719 -0.6823 -0.7106
vn 0.0713 -0.9500 -0.3041
vn -0.0034 -0.9509 -0.3094
vn -0.3984 -0.8945 -0.2029
vn -0.1438 -0.9745 -0.1723
vn -0.7257 -0.1290 -0.6758
vn -0.8540 -0.0073 -0.5203
vn -0.8341 0.2092 -0.5105
vn -0.6346 0.6460 -0.4242
vn -0.4868 0.5872 -0.6467
vn -0.4861 -0.0466 -0.8727
vn -0.5492 -0.4827 -0.6822
vn -0.6296 -0.6739 -0.3866
vn -0.6296 -0.7609 -0.1569
vn -0.3162 -0.9471 -0.0547
vn -0.3411 -0.9290 -0.1437
vn -0.2110 -0.9752 -0.0664
vn -0.2363 -0.9629 -0.1307
vn -0.3802 -0.8458 -0.3742
vn -0.4084 -0.2436 -0.8797
vn -0.1876 0.0128 -0.9822
vn -0.3091 -0.7018 -0.6419
vn -0.2441 -0.9002 -0.3607
vn -0.1476 -0.9878 -0.0487
vn -0.0816 -0.9959 -0.0401
vn -0.9467 -0.0614 -0.3163
vn -0.8077 0.0466 -0.5877
vn 0.0833 -0.9962 -0.0237
vn 0.2234 -0.9740 -0.0380
vn 0.3091 -0.9498 -0.0493
vn 0.7248 -0.6837 -0.0847
vn 0.7206 -0.6826 -0.1214
vn 0.9887 -0.0807 -0.1262
vn 0.9940 -0.0724 -0.0815
vn 0.9795 -0.1221 -0.1602
vn 0.7116 0.6828 -0.1653
vn 0.7128 0.6844 -0.1536
vn 0.6929 0.7173 -0.0725
vn 0.2127 -0.9762 -0.0417
vn 0.0062 -0.7564 0.6540
vn 0.0440 -0.9990 -0.0063
vn -0.0221 -0.9997 -0.0133
vn -0.3840 -0.8132 0.4372
vn -0.1261 -0.9844 -0.1230
vn -0.1810 -0.9761 -0.1205
vn -0.6254 -0.7362 0.2588
vn -0.2743 -0.7589 0.5906
vn -0.3916 -0.3128 0.8654
vn -0.1685 -0.7479 0.6420
vn -0.1972 -0.0461 0.9793
vn 0.0257 -0.0063 0.9997
vn 0.1982 -0.9318 0.3039
vn 0.2803 -0.4393 0.8535
vn -0.6657 -0.7437 -0.0607
vn 0.3132 -0.9471 -0.0701
vn 0.2604 -0.9636 0.0612
vn 0.3359 -0.6811 0.6507
vn 0.3150 -0.8053 0.5022
vn 0.1490 -0.7890 0.5960
vn 0.1008 -0.0380 0.9942
vn -0.2379 -0.0522 0.9699
vn -0.9917 -0.0819 0.0995
vn -0.8326 -0.1280 0.5389
vn -0.5193 -0.1206 0.8461
vn -0.5191 -0.1206 0.8462
vn -0.5192 -0.1206 0.8461
vn 0.3099 0.9389 -0.1496
vn 0.7825 0.6051 -0.1467
vn 0.9977 -0.0031 -0.0677
vn 0.9990 -0.0098 -0.0436
vn 0.9921 -0.0656 -0.1066
vn 0.9849 0.0130 -0.1729
vn 0.9555 -0.2336 -0.1805
vn 0.9845 0.0178 -0.1747
vn 0.9832 -0.1374 -0.1199
vn 0.7817 -0.6177 -0.0856
vn 0.9659 -0.2345 -0.1103
vn 0.8046 -0.5926 -0.0383
vn 0.8627 -0.4899 -0.1256
vn 0.7729 -0.6032 -0.1970
vn 0.7881 -0.6099 -0.0836
vn 0.8880 0.4387 -0.1378
vn 0.1746 0.9076 -0.3818
vn 0.7623 0.6227 -0.1764
vn 0.7276 0.6494 -0.2210
vn 0.9627 -0.1544 -0.2220
vn 0.7054 -0.6959 -0.1346
vn 0.7461 0.6443 -0.1680
vn 0.9103 -0.1444 -0.3879
vn 0.7537 0.6244 -0.2049
vn 0.6543 0.6746 -0.3416
vn 0.8820 0.4001 -0.2489
vn 0.8963 -0.1783 -0.4061
vn 0.9300 -0.3514 -0.1079
vn 0.5149 0.8492 -0.1171
vn 0.6974 0.7143 -0.0581
vn 0.7475 -0.3226 -0.5807
vn 0.2932 -0.9477 -0.1262
vn 0.4095 -0.9073 -0.0960
vn 0.7927 -0.5070 -0.3385
vn 0.4762 -0.8775 -0.0564
vn 0.9055 -0.3837 -0.1813
vn 0.7011 -0.6062 -0.3755
vn 0.3528 -0.9133 -0.2035
vn 0.8493 0.3440 -0.4004
vn 0.4163 -0.8488 -0.3260
vn 0.9544 0.0965 -0.2824
vn 0.6784 0.6787 -0.2814
vn 0.6896 0.6330 -0.3517
vn 0.7660 -0.4415 -0.4673
vn 0.5981 -0.7037 -0.3836
vn 0.9774 0.0820 -0.1950
vn 0.8160 0.2282 -0.5311
vn 0.6441 -0.4140 -0.6433
vn 0.9517 -0.0378 -0.3048
vn 0.6913 -0.2233 -0.6872
vn 0.4564 -0.1233 -0.8812
vn 0.7153 0.0508 -0.6970
vn 0.8454 0.4741 -0.2463
vn 0.8294 0.3034 -0.4691
vn 0.6979 -0.0516 -0.7144
vn 0.3589 0.9323 0.0454
vn 0.9135 0.1022 -0.3939
vn 0.6364 0.6924 -0.3399
vn 0.9781 -0.1302 -0.1624
vn 0.6221 0.6537 -0.4309
vn 0.8842 -0.4029 -0.2361
vn 0.7295 -0.1708 -0.6624
vn 0.7045 -0.6295 -0.3278
vn 0.6822 0.6143 -0.3966
vn 0.8827 -0.2212 -0.4147
vn 0.2780 -0.9591 0.0524
vn 0.5113 -0.5760 0.6379
vn 0.6649 -0.7227 0.1889
vn 0.5586 -0.8272 -0.0606
vn 0.9069 -0.4122 -0.0872
vn 0.8855 -0.4127 -0.2135
vn 0.6670 -0.5198 -0.5339
vn 0.7944 -0.3363 -0.5057
vn 0.7781 -0.4414 -0.4470
vn 0.8132 -0.5124 -0.2759
vn 0.6912 -0.7009 -0.1761
vn 0.6159 -0.2630 -0.7427
vn 0.4574 -0.5040 -0.7326
vn 0.6014 0.0069 -0.7989
vn 0.9352 -0.0762 -0.3459
vn 0.9189 -0.0609 0.3897
vn 0.5443 0.0101 0.8388
vn 0.9138 -0.1313 0.3843
vn 0.4528 -0.0477 0.8903
vn 0.6842 -0.1563 0.7123
vn 0.4370 -0.4956 0.7506
vn 0.0343 -0.4421 0.8963
vn -0.3479 -0.4319 0.8321
vn -0.7850 -0.0961 0.6120
vn -0.6986 -0.4540 0.5530
vn -0.9826 -0.0962 -0.1588
vn 0.4881 0.7252 -0.4856
vn 0.6225 0.2309 -0.7478
vn 0.5868 -0.6925 -0.4197
vn 0.8033 -0.1472 -0.5772
vn 0.9197 -0.2638 -0.2909
vn 0.9833 -0.1726 0.0579
vn 0.8447 -0.5171 -0.1382
vn 0.9206 -0.2275 0.3175
vn 0.7980 -0.0432 -0.6011
vn 0.7384 -0.4954 -0.4575
vn 0.8541 -0.5196 0.0245
vn 0.7680 -0.4505 -0.4553
vn 0.4236 -0.3980 -0.8137
vn 0.5693 0.0720 -0.8190
vn 0.9136 -0.0536 -0.4031
vn 0.9100 -0.1395 -0.3903
vn 0.9923 -0.0559 0.1107
vn 0.7958 -0.4941 0.3500
vn 0.7384 -0.5359 0.4093
vn 0.3812 -0.8900 0.2504
vn 0.8261 -0.0785 0.5581
vn 0.3445 -0.5778 0.7399
vn 0.3024 -0.8267 0.4745
vn -0.1411 -0.9774 0.1573
vn -0.0723 -0.9499 0.3040
vn 0.0320 -0.9480 0.3165
vn 0.1225 -0.8833 0.4526
vn 0.2418 -0.9396 0.2424
vn -0.1737 -0.6875 0.7051
vn -0.1242 -0.6143 0.7792
vn 0.0367 -0.0396 0.9985
vn -0.3815 -0.8454 0.3738
vn -0.4954 -0.0076 0.8686
vn 0.4985 -0.0517 0.8654
vn 0.9710 0.0368 -0.2361
vn 0.9988 -0.0173 -0.0459
vn 0.8957 -0.4405 -0.0609
vn 0.6775 -0.0090 0.7355
vn 0.9308 -0.3601 0.0634
vn 0.9362 -0.2500 0.2472
vn 0.9679 0.0022 -0.2512
vn 0.8122 -0.0905 -0.5763
vn 0.3992 -0.0134 -0.9167
vn 0.7771 0.0093 -0.6294
vn 0.4789 -0.0115 -0.8778
vn 0.3163 -0.0240 -0.9484
vn 0.3433 0.0039 -0.9392
vn 0.1727 0.0175 -0.9848
vn 0.1697 -0.0033 -0.9855
vn 0.3720 0.0027 -0.9282
vn 0.9315 0.0348 -0.3621
vn -0.1133 0.9913 -0.0670
vn -0.0630 0.9922 -0.1071
vn 0.0141 0.9876 -0.1566
vn -0.1162 0.9572 -0.2652
vn 0.0399 0.9595 -0.2788
vn -0.1368 0.9335 -0.3315
vn -0.3332 0.9088 -0.2512
vn 0.1110 0.9881 -0.1066
vn 0.1125 0.9559 -0.2714
vn -0.2597 0.9491 -0.1783
vn -0.3005 0.9478 -0.1069
vn -0.2103 0.8778 -0.4304
vn -0.2839 0.7391 -0.6108
vn 0.0634 0.7671 -0.6384
vn 0.0404 0.8913 -0.4516
vn 0.2023 0.8810 -0.4277
vn 0.2332 0.7621 -0.6040
vn 0.3136 0.7327 -0.6039
vn 0.3389 0.8520 -0.3990
vn 0.4157 0.7166 -0.5601
vn 0.5285 0.6845 -0.5022
vn 0.5578 0.7314 -0.3924
vn 0.4504 0.8280 -0.3341
vn 0.7013 0.6472 -0.2988
vn 0.6517 0.7293 -0.2084
vn 0.8231 0.5457 -0.1572
vn -0.2123 0.8726 -0.4399
vn 0.3293 0.8127 -0.4808
vn 0.3843 0.8864 -0.2582
vn -0.2938 0.8994 -0.3237
vn 0.7531 0.6555 0.0554
vn 0.6856 0.7077 -0.1706
vn -0.6125 0.6433 -0.4594
vn 0.1065 0.8275 -0.5513
vn -0.9439 -0.0084 -0.3300
vn -0.4518 0.8147 -0.3635
vn -0.0237 0.8115 -0.5839
vn 0.6479 0.7380 -0.1889
vn -0.5421 0.7063 -0.4553
vn 0.7809 0.6141 -0.1141
vn -0.9694 -0.0066 -0.2455
vn -0.2136 0.9074 -0.3618
vn -0.3862 0.8655 -0.3190
vn 0.6601 0.7399 -0.1297
vn 0.4802 0.8508 -0.2132
vn 0.4449 0.8824 -0.1534
vn 0.1957 0.9482 -0.2501
vn -0.9940 -0.0154 -0.1087
vn -0.4809 0.8353 -0.2664
vn 0.6322 0.7731 -0.0514
vn 0.6713 0.7383 -0.0654
vn 0.2298 0.9696 -0.0846
vn -0.8520 -0.0326 -0.5225
vn -0.3831 0.8474 -0.3677
vn -0.9680 0.0036 -0.2508
vn -0.3599 0.8571 -0.3686
vn -0.0036 0.9441 -0.3295
vn 0.5550 0.8284 -0.0762
vn 0.4675 0.8822 -0.0556
vn 0.2612 0.9591 -0.1089
vn 0.3078 0.9196 -0.2441
vn 0.6712 0.7324 -0.1144
vn -0.2197 0.9022 -0.3710
vn 0.5919 0.7867 -0.1752
vn -0.6459 0.4452 -0.6201
vn -0.9700 0.0894 -0.2259
vn -0.7540 0.1062 -0.6483
vn -0.3752 0.0519 -0.9255
vn -0.4576 0.0462 -0.8879
vn -0.3126 0.6395 -0.7023
vn -0.4249 0.0409 -0.9043
vn -0.9915 0.1048 -0.0777
vn -0.9414 0.0335 -0.3355
vn -0.8081 0.2229 -0.5452
vn -0.9408 0.1490 -0.3044
vn -0.2697 0.5261 -0.8065
vn -0.8834 0.1807 -0.4323
vn -0.7428 0.0838 -0.6642
vn -0.3981 0.0703 -0.9147
vn -0.7709 0.0163 -0.6367
vn -0.4180 0.0616 -0.9064
vn -0.8277 0.4981 -0.2586
vn -0.6951 0.3587 -0.6231
vn -0.4190 0.1305 -0.8985
vn 0.5129 -0.5291 -0.6760
vn 0.4184 -0.7379 -0.5295
vn 0.4119 -0.6967 -0.5874
vn 0.2071 -0.7412 -0.6385
vn 0.1024 -0.0209 -0.9945
vn 0.1338 0.0171 -0.9909
vn 0.0901 0.0170 -0.9958
vn 0.7160 -0.4536 -0.5307
vn 0.5473 -0.8244 -0.1443
vn 0.5008 -0.8556 0.1312
vn 0.7139 -0.6675 0.2116
vn 0.8814 -0.3835 -0.2757
vn 0.7404 -0.6421 -0.1986
vn 0.4463 -0.4015 -0.7998
vn 0.8523 -0.3746 0.3651
vn 0.8748 -0.3092 -0.3730
vn 0.8981 -0.1261 -0.4213
vn 0.9199 -0.2748 0.2798
vn 0.9467 -0.1588 -0.2804
vn 0.5263 -0.2243 -0.8202
vn 0.5823 -0.1032 -0.8064
vn 0.9211 -0.1661 0.3520
vn 0.4955 -0.8194 0.2881
vn 0.5034 -0.8306 -0.2382
vn 0.2810 -0.9188 0.2773
vn 0.3365 -0.5217 -0.7840
vn 0.1591 -0.1617 -0.9739
vn 0.2440 -0.9427 -0.2274
vn 0.2171 -0.0929 -0.9717
vn 0.2401 -0.0605 -0.9689
vn 0.7194 -0.6741 -0.1674
vn 0.9390 -0.2623 -0.2224
vn 0.7099 -0.6345 -0.3057
vn 0.9375 -0.1372 -0.3198
vn 0.7196 -0.4730 -0.5084
vn 0.3790 -0.7733 -0.5083
vn 0.3874 -0.8458 -0.3667
vn 0.3957 -0.8887 -0.2316
vn 0.1211 -0.9700 -0.2107
vn 0.1535 -0.9263 -0.3441
vn 0.1126 -0.8655 -0.4881
vn -0.2301 -0.9394 -0.2542
vn -0.5235 -0.8172 -0.2413
vn -0.1530 -0.9603 -0.2332
vn -0.4299 -0.7722 -0.4679
vn 0.4449 -0.6828 -0.5796
vn 0.1035 -0.8427 -0.5284
vn -0.3358 -0.7941 -0.5066
vn 0.0957 -0.8236 -0.5590
vn 0.9013 -0.2007 -0.3840
vn 0.9196 -0.1702 -0.3540
vn 0.9349 -0.0179 -0.3544
vn 0.9862 -0.1280 0.1049
vn 0.7953 -0.2152 -0.5667
vn 0.9326 0.0155 -0.3606
vn 0.9406 -0.0693 -0.3323
vn 0.7791 -0.3081 -0.5459
vn 0.9079 -0.3968 -0.1352
vn 0.8731 -0.3905 -0.2920
vn 0.9269 0.0717 -0.3685
vn 0.9222 0.0934 -0.3754
vn 0.7506 0.6089 -0.2567
vn -0.1325 -0.9912 0.0026
vn -0.2795 -0.7465 0.6039
vn -0.6643 -0.7433 0.0786
vn -0.6475 -0.7409 0.1785
vn -0.0983 -0.9935 0.0565
vn -0.8867 -0.4600 -0.0469
vn -0.2558 -0.9654 -0.0507
vn -0.1764 -0.9805 0.0866
vn 0.3501 -0.9365 -0.0207
vn 0.3687 -0.9219 -0.1192
vn -0.2284 -0.9734 0.0163
vn -0.3406 -0.9379 -0.0660
vn 0.4844 -0.8488 0.2118
vn -0.2111 -0.9753 0.0646
vn 0.2688 -0.8189 -0.5070
vn -0.3499 -0.9357 0.0451
vn -0.7478 -0.1187 0.6532
vn -0.9094 -0.0930 0.4054
vn -0.2773 -0.9522 0.1284
vn -0.9962 -0.0469 -0.0738
vn -0.3841 0.1357 -0.9133
vn -0.4279 0.4969 -0.7550
vn -0.3855 0.5185 -0.7632
vn -0.4908 0.1188 -0.8631
vn -0.5843 0.1285 -0.8013
vn -0.6964 0.2951 -0.6542
vn -0.6061 0.0886 -0.7904
vn -0.3702 0.7359 -0.5669
vn -0.8016 0.5283 -0.2800
vn -0.8360 0.5097 -0.2030
vn -0.3672 0.8791 -0.3037
vn -0.8063 0.5568 -0.1997
vn -0.9479 0.1815 -0.2618
vn -0.5039 0.1368 -0.8528
vn -0.9794 0.0475 -0.1963
vn -0.9976 0.0337 -0.0604
vn -0.9442 -0.0235 0.3285
vn -0.9215 0.0460 0.3856
vn -0.3979 0.8714 -0.2870
vn -0.4290 0.7177 -0.5485
vn -0.8154 0.5647 -0.1273
vn -0.4790 0.8580 0.1856
vn -0.6654 0.5778 0.4727
vn -0.9411 0.0089 0.3379
vn -0.7244 0.2741 0.6326
vn -0.9659 0.0963 0.2403
vn -0.6586 0.3176 0.6821
vn -0.9355 0.3319 -0.1216
vn -0.5699 0.1109 -0.8142
vn -0.5719 0.2742 -0.7731
vn -0.5163 0.4096 -0.7521
vn -0.8687 0.4825 -0.1119
vn -0.4635 0.5701 -0.6783
vn -0.7726 0.6242 -0.1160
vn -0.5731 0.8098 -0.1256
vn -0.3174 0.8155 -0.4839
vn -0.3206 0.8626 0.3914
vn -0.5483 0.6070 0.5752
vn 0.0142 0.7660 -0.6427
vn -0.0084 0.5389 -0.8424
vn -0.1096 0.9589 -0.2618
vn -0.3716 0.9262 -0.0630
vn -0.6044 0.4523 0.6558
vn 0.0160 0.1059 -0.9942
vn -0.0501 0.1850 -0.9815
vn -0.0329 0.2674 -0.9630
vn -0.0162 0.3605 -0.9326
vn 0.5305 0.3701 -0.7626
vn -0.2145 0.0752 -0.9738
vn 0.0793 0.0642 -0.9948
vn 0.5431 0.2889 -0.7884
vn 0.5971 0.2235 -0.7704
vn 0.6101 0.1356 -0.7807
vn 0.9330 0.1781 -0.3129
vn 0.9045 0.3124 -0.2904
vn 0.8992 0.3851 -0.2076
vn 0.6207 0.7659 -0.1678
vn 0.8442 0.5175 -0.1399
vn 0.4716 0.5376 -0.6990
vn 0.3308 0.7812 -0.5294
vn 0.4351 0.9003 -0.0144
vn 0.9099 0.3897 -0.1421
vn 0.0135 0.9996 -0.0239
vn 0.0530 0.8645 0.4999
vn 0.4968 0.7899 0.3594
vn 0.0572 0.9443 -0.3239
vn -0.6206 0.0176 -0.7839
vn 0.6787 0.2597 0.6870
vn 0.6036 -0.1949 0.7731
vn 0.8515 -0.3566 0.3844
vn 0.9877 -0.1472 -0.0536
vn 0.6949 -0.7183 0.0350
vn 0.6135 -0.5178 0.5962
vn 0.4733 -0.4930 0.7300
vn 0.7686 0.1274 0.6269
vn 0.8696 -0.2707 0.4130
vn 0.5410 -0.6674 0.5117
vn 0.3381 -0.8472 -0.4098
vn 0.5761 -0.4458 -0.6851
vn 0.5368 -0.3333 -0.7751
vn 0.7293 0.1230 -0.6731
vn 0.9685 0.2402 -0.0664
vn 0.5815 0.6638 0.4702
vn 0.7870 0.6094 -0.0962
vn 0.2764 0.4395 0.8547
vn 0.2964 0.7588 0.5799
vn 0.1177 0.9890 -0.0895
vn 0.3245 0.8050 -0.4967
vn 0.7331 0.4560 -0.5046
vn -0.0757 0.7012 -0.7090
vn 0.2719 0.3494 -0.8967
vn 0.0908 0.2493 -0.9642
vn 0.2162 0.1253 -0.9683
vn 0.7393 -0.1289 -0.6610
vn 0.3138 -0.3353 -0.8883
vn 0.0656 -0.0271 -0.9975
vn 0.3693 -0.0599 -0.9274
vn 0.8938 0.2168 -0.3927
vn 0.8032 0.2807 -0.5254
vn 0.7681 0.3208 -0.5542
vn 0.5991 0.4659 -0.6512
vn 0.8311 0.2558 -0.4937
vn 0.7200 0.2198 -0.6582
vn 0.8354 0.1537 -0.5278
vn 0.7933 0.1256 -0.5957
vn 0.9482 0.1072 -0.2989
vn 0.9734 0.1229 -0.1933
vn 0.9915 0.0880 -0.0960
vn 0.9749 0.1312 -0.1799
vn 0.8355 0.0346 -0.5484
vn 0.9595 0.0590 -0.2755
vn 0.9507 0.0309 -0.3085
vn 0.9139 0.0732 -0.3992
vn 0.9877 0.1563 0.0069
vn 0.8227 0.0087 -0.5684
vn 0.0032 -0.2451 -0.9695
vn 0.0625 -0.6576 -0.7508
vn 0.7126 -0.0862 -0.6963
vn 0.0610 -0.5569 -0.8284
vn 0.9287 0.0995 -0.3571
vn 0.9783 0.1408 -0.1519
vn 0.0984 -0.0000 -0.9951
vn 0.5819 0.0444 -0.8121
vn 0.5228 0.0152 -0.8523
vn 0.0921 -0.0187 -0.9956
vn -0.0937 -0.0105 -0.9955
vn -0.4149 0.0378 -0.9091
vn -0.2881 0.0143 -0.9575
vn -0.1540 0.0126 -0.9880
vn -0.4543 0.0299 -0.8904
vn 0.8242 0.5662 -0.0068
vn 0.9743 0.1989 -0.1053
vn 0.8607 0.3250 -0.3918
vn 0.9709 0.1932 -0.1419
vn 0.9023 0.4008 -0.1589
vn 0.9689 0.1722 -0.1775
vn 0.9728 0.0933 -0.2120
vn 0.7538 0.5262 -0.3936
vn 0.8564 0.4671 -0.2200
vn 0.9332 0.2283 -0.2774
vn 0.9781 0.1041 -0.1800
vn 0.8315 0.2444 -0.4988
vn 0.6506 0.5877 -0.4810
vn 0.9767 0.1080 -0.1854
vn 0.9870 0.0777 -0.1409
vn 0.9787 0.1268 -0.1612
vn 0.8799 -0.0730 -0.4696
vn 0.7618 -0.6118 0.2132
vn 0.7813 0.6201 -0.0709
vn 0.5844 -0.0127 0.8113
vn 0.9754 0.1164 -0.1870
vn 0.8547 0.3794 -0.3542
vn 0.5573 0.5995 -0.5744
vn 0.6100 0.6622 -0.4352
vn 0.9860 0.0891 -0.1412
vn 0.8045 0.4097 -0.4301
vn 0.7979 0.5297 -0.2876
vn 0.5792 0.7164 -0.3891
vn 0.9320 0.2523 -0.2603
vn 0.2467 0.7926 -0.5576
vn 0.9372 0.2695 -0.2213
vn 0.4802 0.8094 0.3379
vn 0.7091 0.5049 0.4922
vn 0.0321 0.7938 0.6073
vn 0.5173 0.1408 0.8441
vn 0.8071 0.2417 0.5386
vn 0.1575 0.3923 0.9063
vn 0.2561 0.2787 0.9256
vn 0.1496 0.5076 0.8485
vn 0.9657 0.2036 -0.1609
vn 0.8297 0.5538 -0.0692
vn 0.9154 0.2561 -0.3107
vn -0.1916 0.9524 0.2370
vn -0.3000 0.5957 0.7450
vn -0.1414 0.5875 0.7968
vn 0.0515 0.3209 0.9457
vn 0.0676 0.5483 0.8336
vn 0.6649 0.5207 0.5356
vn 0.7126 0.3823 0.5882
vn 0.0482 0.3912 0.9190
vn 0.1318 0.9821 0.1343
vn 0.1981 0.6824 0.7036
vn 0.4112 0.5273 0.7435
vn 0.3549 0.8046 0.4760
vn 0.4365 0.8623 0.2566
vn 0.4363 0.5188 0.7352
vn 0.4751 0.8254 0.3049
vn 0.6861 0.5448 0.4822
vn 0.5809 0.8130 0.0403
vn 0.1909 0.0162 0.9815
vn -0.2391 0.0560 0.9694
vn -0.1035 -0.9023 0.4186
vn 0.2997 -0.0266 0.9537
vn 0.1254 -0.9111 0.3926
vn -0.3754 -0.8510 0.3674
vn -0.2378 0.0762 0.9683
vn -0.5249 0.1237 0.8421
vn -0.6121 -0.7576 0.2267
vn -0.4574 -0.8560 0.2410
vn -0.4393 -0.7068 0.5545
vn -0.2632 -0.6833 0.6810
vn -0.0783 -0.7834 0.6165
vn 0.5195 -0.0806 0.8507
vn 0.2932 0.6718 0.6802
vn 0.0934 0.7466 0.6586
vn 0.1181 0.9301 0.3479
vn -0.0585 0.9569 0.2846
vn 0.1801 0.9728 -0.1456
vn 0.1440 0.7934 0.5914
vn -0.0969 0.8272 0.5535
vn -0.1529 0.8772 0.4552
vn -0.0862 0.9793 0.1831
vn -0.3629 0.9120 0.1910
vn -0.4072 0.8910 0.2007
vn -0.1858 0.9727 0.1393
vn -0.8713 0.1426 0.4696
vn -0.9709 0.2307 -0.0647
vn -0.6648 -0.7469 -0.0094
vn -0.1833 0.9830 -0.0040
vn -0.8358 -0.5439 -0.0746
vn -0.7429 -0.6038 0.2889
vn -0.4266 -0.0181 0.9043
vn -0.9864 0.1633 -0.0205
vn -0.8346 0.0976 0.5422
vn -0.9945 0.1040 -0.0153
vn 0.3277 0.8925 0.3100
vn 0.3712 0.8997 0.2298
vn 0.6939 -0.1342 0.7075
vn 0.8595 -0.1170 0.4975
vn 0.4181 0.8914 0.1751
vn -0.0439 0.9990 0.0054
vn 0.4995 0.8657 0.0322
vn 0.9927 -0.1203 0.0122
vn 0.6999 0.7070 -0.1011
vn 0.6033 0.7284 0.3248
vn 0.9542 -0.0942 -0.2838
vn 0.3623 -0.9321 -0.0046
vn 0.2660 -0.9361 -0.2300
vn 0.5386 -0.8423 0.0215
vn 0.3927 0.9185 0.0469
vn 0.8369 0.5469 0.0227
vn 0.7954 0.5167 0.3168
vn 0.8436 0.0746 0.5317
vn 0.9999 0.0156 -0.0028
vn 0.9900 -0.1407 -0.0102
vn 0.4367 0.0380 0.8988
vn 0.8688 -0.1446 0.4735
vn 0.4576 -0.8147 0.3563
vn 0.6226 -0.1974 0.7572
vn 0.4762 -0.1131 0.8720
vn 0.1947 -0.7492 0.6330
vn 0.2885 -0.9204 0.2640
vn 0.6256 0.1906 0.7565
vn 0.6102 0.4607 0.6445
vn 0.3719 0.5820 0.7231
vn 0.2418 0.8950 0.3748
vn 0.0449 0.9398 0.3387
vn 0.1031 0.9945 0.0181
vn 0.1013 0.9943 0.0323
vn 0.0155 0.9996 0.0221
vn 0.0894 0.9321 0.3510
vn 0.2595 0.8879 0.3799
vn 0.1091 0.7240 0.6811
vn 0.0294 0.7373 0.6749
vn 0.1087 -0.4096 0.9058
vn 0.1330 0.0037 0.9911
vn 0.0537 -0.0100 0.9985
vn 0.0182 -0.4390 0.8983
vn 0.0478 0.3892 0.9199
vn 0.1340 0.3817 0.9145
vn 0.3002 -0.4016 0.8652
vn 0.3130 0.0079 0.9497
vn 0.0644 -0.8004 0.5961
vn 0.0069 -0.8184 0.5747
vn 0.0042 0.0114 0.9999
vn -0.0242 -0.4301 0.9025
vn 0.0483 -0.9788 0.1989
vn -0.0065 -0.8484 0.5292
vn -0.0106 -0.9994 -0.0339
vn -0.0153 -0.9899 0.1410
vn 0.0378 -0.9992 -0.0151
vn 0.0041 0.3906 0.9205
vn 0.0087 0.7362 0.6767
vn 0.0323 0.9457 0.3235
vn 0.4236 0.7618 0.4901
vn 0.0021 -0.0071 1.0000
vn 0.4875 -0.1152 0.8655
vn -0.8742 0.4847 0.0291
vn -0.1667 0.9851 -0.0434
vn 0.8585 -0.1677 0.4846
vn 0.8604 -0.1221 0.4948
vn 0.0311 -0.0855 0.9959
vn 0.0177 -0.0025 0.9998
vn 0.3369 0.2349 0.9117
vn -0.0384 0.0575 0.9976
vn -0.4572 0.0508 0.8879
vn -0.1066 -0.0048 0.9943
vn 0.1106 0.1605 0.9808
vn -0.1374 -0.1747 0.9750
vn -0.4935 0.0060 0.8697
vn -0.4949 -0.1964 0.8464
vn -0.1468 -0.4823 0.8636
vn -0.3848 -0.7410 0.5503
vn -0.4651 -0.4763 0.7462
vn -0.1315 -0.7703 0.6239
vn -0.1701 -0.8765 0.4503
vn -0.3651 -0.8649 0.3443
vn -0.2151 -0.9622 0.1672
vn -0.3576 -0.9290 0.0948
vn -0.0736 -0.9814 0.1772
vn -0.1034 -0.9946 -0.0108
vn -0.0400 -0.9982 -0.0439
vn -0.0242 -0.9391 0.3429
vn -0.0295 -0.7925 0.6092
vn 0.0333 0.1380 0.9899
vn -0.0082 -0.0713 0.9974
vn -0.0278 -0.4429 0.8961
vn 0.0570 0.3278 0.9430
vn -0.8417 0.0655 0.5360
vn -0.9908 -0.1341 -0.0159
vn -0.8312 -0.1258 0.5416
vn -0.8512 -0.5240 -0.0293
vn -0.7602 -0.4636 0.4553
vn -0.5422 -0.7932 0.2773
vn -0.5663 -0.8237 -0.0273
vn 0.0961 0.3207 0.9423
vn 0.2873 0.4739 0.8324
vn 0.1197 0.6630 0.7390
vn 0.0809 0.8738 0.4795
vn -0.9879 0.1529 0.0279
vn -0.4726 0.0696 0.8785
vn 0.4804 -0.5512 -0.6821
vn 0.5601 -0.4734 -0.6798
vn 0.0557 -0.7266 -0.6848
vn 0.1379 -0.6243 -0.7689
vn -0.4097 -0.7133 -0.5686
vn -0.1492 -0.6764 -0.7213
vn 0.0174 -0.5808 -0.8139
vn -0.0770 -0.6678 -0.7404
vn 0.3363 -0.8669 -0.3679
vn 0.1295 -0.6301 -0.7657
vn 0.5125 -0.8539 -0.0910
vn 0.3870 -0.0806 0.9186
vn 0.3558 0.3881 0.8502
vn 0.0610 0.5743 0.8164
vn 0.1946 0.5544 0.8092
vn 0.1722 0.6394 0.7493
vn 0.1817 0.5676 0.8030
vn 0.1238 0.6103 0.7824
vn 0.4039 -0.5461 -0.7339
vn 0.6773 -0.1266 -0.7247
vn 0.6312 -0.3272 -0.7032
vn 0.4270 -0.6487 -0.6299
vn 0.8177 -0.2462 -0.5204
vn 0.0151 -0.6276 -0.7784
vn 0.8814 -0.0023 -0.4724
vn 0.8244 -0.0073 -0.5660
vn 0.9600 0.1859 0.2096
vn 0.9818 0.1784 -0.0645
vn 0.5849 0.2156 0.7819
vn 0.9013 0.2219 0.3720
vn 0.8908 0.2354 0.3887
vn 0.9911 0.1327 -0.0075
vn 0.9797 0.1061 -0.1700
vn 0.9870 0.1538 -0.0456
vn 0.9747 0.1780 0.1352
vn 0.9028 0.1452 0.4049
vn 0.9764 0.2133 0.0345
vn 0.9121 0.0588 -0.4058
vn 0.9874 0.0183 -0.1572
vn 0.2488 -0.8894 0.3836
vn -0.1779 -0.9511 -0.2524
vn 0.0866 0.2221 0.9712
vn 0.7003 0.0007 0.7138
vn 0.1198 0.3201 0.9398
vn 0.6120 -0.6716 0.4177
vn 0.1650 0.4977 0.8515
vn 0.2715 0.5512 0.7890
vn 0.8131 0.4628 0.3532
vn 0.9408 0.1552 -0.3014
vn 0.9963 0.0320 0.0795
vn 0.9474 0.2852 0.1453
vn 0.8561 -0.0869 -0.5094
vn 0.8993 0.0649 -0.4324
vn 0.7983 0.4089 0.4422
vn 0.3935 0.4364 0.8091
vn 0.1805 0.4748 0.8614
vn -0.5016 0.0235 0.8648
vn -0.8898 0.0335 0.4551
vn -0.9914 0.1221 -0.0463
vn -0.9969 0.0481 -0.0620
vn -0.9022 0.0071 -0.4313
vn 0.2776 -0.9599 0.0384
vn 0.0924 -0.9728 0.2123
vn 0.8273 -0.5612 -0.0244
vn 0.2672 -0.9008 0.3424
vn 0.6068 -0.5556 0.5684
vn 0.1801 -0.7673 0.6155
vn 0.7228 0.0845 0.6858
vn 0.5327 0.6549 0.5361
vn 0.2733 0.4685 0.8401
vn 0.2129 0.7292 0.6504
vn 0.2534 0.9672 0.0161
vn 0.7322 0.6806 0.0268
vn 0.9978 0.0634 0.0218
vn 0.5067 -0.0904 0.8574
vn 0.8360 -0.1141 0.5367
vn 0.9876 -0.1388 0.0731
vn 0.0256 -0.0269 0.9993
vn 0.4931 -0.0691 0.8672
vn 0.8470 -0.0852 0.5246
vn 0.9898 -0.1396 -0.0282
vn 0.4780 -0.0890 0.8739
vn 0.9895 -0.1360 -0.0483
vn -0.4681 0.0596 0.8817
vn 0.0142 -0.0149 0.9998
vn -0.8356 0.1167 0.5367
vn -0.8623 0.0973 0.4969
vn -0.9776 0.1190 0.1737
vn -0.4816 0.0515 0.8749
vn -0.8847 0.0856 0.4582
vn -0.1708 -0.9051 -0.3893
vn -0.1441 -0.9723 -0.1838
vn -0.7181 -0.6564 -0.2311
vn -0.2019 -0.9082 -0.3666
vn -0.1712 -0.7412 -0.6490
vn -0.2527 -0.4828 -0.8385
vn -0.1227 -0.7313 -0.6710
vn -0.0690 -0.4785 -0.8754
vn -0.1445 -0.5270 -0.8375
vn -0.5992 -0.5624 -0.5697
vn -0.1541 -0.7623 -0.6286
vn -0.8500 -0.0606 -0.5233
vn -0.4648 -0.4654 -0.7533
vn -0.2169 -0.5330 -0.8179
vn -0.2711 -0.2177 -0.9376
vn -0.4869 -0.3260 -0.8104
vn -0.1349 -0.6804 -0.7203
vn -0.0805 -0.1930 -0.9779
vn -0.1801 -0.1735 -0.9682
vn -0.0333 0.0275 -0.9991
vn -0.1919 0.1878 -0.9633
vn 0.0103 0.0265 -0.9996
vn 0.0052 -0.1440 -0.9896
vn -0.0258 -0.2349 -0.9717
vn 0.0284 0.0462 -0.9985
vn 0.0685 -0.2125 -0.9748
vn -0.0468 -0.3063 -0.9508
vn 0.0240 -0.0500 -0.9985
vn 0.1999 -0.2007 -0.9590
vn 0.0590 -0.2745 -0.9598
vn -0.0663 -0.3797 -0.9227
vn -0.0706 -0.4204 -0.9046
vn -0.0282 0.2906 -0.9564
vn 0.0194 0.5565 -0.8306
vn 0.0271 0.0295 -0.9992
vn 0.0807 0.0592 -0.9950
vn 0.0366 0.0256 -0.9990
vn 0.1586 0.0374 -0.9866
vn 0.1969 -0.0906 -0.9762
vn 0.1265 -0.0523 -0.9906
vn 0.2910 -0.2900 -0.9117
vn 0.2946 -0.0868 -0.9517
vn 0.2135 0.0460 -0.9759
vn 0.3973 -0.3688 -0.8403
vn 0.4353 -0.2682 -0.8594
vn -0.5282 -0.0217 -0.8488
vn -0.1001 -0.3515 -0.9308
vn 0.0219 -0.1073 -0.9940
vn -0.1386 0.0167 -0.9902
vn 0.2858 -0.0669 -0.9560
vn 0.2481 -0.2138 -0.9448
vn 0.2770 0.0252 -0.9605
vn 0.5123 -0.0754 -0.8555
vn 0.3816 -0.0061 -0.9243
vn 0.4661 -0.3379 -0.8177
vn 0.3904 -0.1191 -0.9129
vn 0.3746 0.0100 -0.9271
vn 0.4108 -0.1998 -0.8896
vn -0.6855 0.5251 -0.5043
vn -0.7492 0.3500 -0.5624
vn -0.7742 0.2532 -0.5801
vn -0.8114 -0.5208 -0.2654
vn -0.7450 -0.4859 -0.4570
vn -0.7459 -0.5097 -0.4288
vn -0.5710 -0.4565 -0.6824
vn -0.5993 -0.4677 -0.6497
vn -0.2133 -0.3744 -0.9024
vn -0.1287 -0.9785 -0.1611
vn -0.0791 -0.9930 -0.0880
vn 0.6743 -0.4841 0.5577
vn -0.9406 -0.2570 -0.2220
vn -0.4571 -0.8894 -0.0091
vn 0.1400 -0.8033 0.5789
vn -0.0422 -0.9943 -0.0977
vn -0.7698 -0.4349 -0.4672
vn -0.8373 0.0478 -0.5447
vn -0.8520 0.0883 -0.5160
vn -0.4816 0.0697 -0.8736
vn -0.5151 -0.7292 -0.4506
vn -0.1684 -0.8687 -0.4659
vn -0.2272 -0.4416 -0.8680
vn -0.4345 0.0313 -0.9001
vn -0.0438 -0.6492 -0.7593
vn 0.2191 -0.3218 -0.9211
vn 0.0634 0.0280 -0.9976
vn 0.0984 -0.3251 -0.9405
vn 0.5546 0.0094 -0.8321
vn 0.0322 -0.0066 -0.9995
vn 0.5367 -0.0919 -0.8388
vn 0.6000 -0.3972 -0.6944
vn -0.1136 0.5649 -0.8173
vn 0.0444 0.6872 -0.7251
vn -0.3158 0.7827 -0.5364
vn 0.1523 0.5041 -0.8501
vn -0.5479 0.0766 -0.8330
vn -0.4020 0.0814 -0.9120
vn -0.4486 0.1830 -0.8748
vn 0.3171 0.3762 -0.8706
vn -0.6286 0.3530 -0.6930
vn -0.6963 0.6964 0.1739
vn -0.8435 0.4739 0.2527
vn -0.8333 0.3649 -0.4153
vn -0.8985 0.4319 0.0785
vn -0.8300 0.3915 -0.3972
vn 0.3271 0.3414 -0.8812
vn -0.5939 0.6587 -0.4619
vn -0.5513 0.6579 -0.5131
vn -0.3744 0.9272 -0.0034
vn -0.5152 0.8570 0.0081
vn -0.4444 0.6779 -0.5856
vn -0.2426 0.9683 -0.0588
vn -0.2059 0.8847 -0.4183
vn -0.4821 0.7403 -0.4685
vn -0.2143 0.6660 -0.7145
vn 0.0159 0.6068 -0.7947
vn -0.1616 0.5667 -0.8080
vn -0.3156 0.4563 -0.8320
vn -0.4325 0.3194 -0.8432
vn -0.6975 0.5501 -0.4592
vn -0.1587 0.0753 -0.9844
vn -0.1757 -0.0289 -0.9840
vn -0.5195 0.1393 -0.8430
vn 0.8154 0.4937 -0.3023
vn 0.6873 0.6076 -0.3981
vn 0.6449 0.5069 -0.5720
vn 0.7970 0.4246 -0.4295
vn 0.8896 0.3510 -0.2922
vn 0.8462 0.4401 -0.3005
vn 0.3753 0.2964 -0.8782
vn 0.5035 0.3629 -0.7841
vn -0.2108 -0.9775 0.0078
vn -0.3719 -0.9230 -0.0989
vn -0.1827 -0.9770 -0.1100
vn -0.1034 -0.9670 -0.2331
vn -0.2571 -0.9421 -0.2154
vn -0.0200 -0.9791 -0.2024
vn -0.0600 -0.8382 -0.5420
vn -0.2906 -0.8589 -0.4216
vn -0.4606 -0.8349 -0.3014
vn -0.1482 -0.8133 -0.5626
vn -0.0388 -0.4476 -0.8934
vn 0.0141 -0.8501 -0.5265
vn 0.0007 -0.4176 -0.9086
vn -0.0516 -0.0288 -0.9983
vn -0.0016 0.0787 -0.9969
vn 0.0254 -0.4233 -0.9056
vn 0.0401 0.4333 -0.9004
vn 0.0074 0.2531 -0.9674
vn -0.1645 0.1103 -0.9802
vn -0.1895 -0.0941 -0.9774
vn -0.1815 -0.4877 -0.8540
vn -0.3930 -0.6904 -0.6074
vn -0.4638 -0.4100 -0.7854
vn 0.0129 0.1849 -0.9827
vn 0.0687 0.2909 -0.9543
vn -0.4874 0.0792 -0.8696
vn -0.4958 -0.1129 -0.8610
vn -0.7446 -0.4561 -0.4874
vn -0.0577 0.1197 -0.9911
vn -0.4489 0.1032 -0.8876
vn -0.8270 0.1508 -0.5416
vn -0.8297 -0.1389 -0.5406
vn -0.8413 0.0929 -0.5325
vn -0.5730 -0.7444 -0.3429
vn -0.4515 0.0678 -0.8897
vn 0.0241 -0.0139 -0.9996
vn 0.2018 0.0407 -0.9786
vn 0.4861 0.1006 -0.8681
vn 0.1604 0.2122 -0.9640
vn 0.3639 0.4455 -0.8180
vn 0.2143 0.5866 -0.7810
vn 0.0862 0.4111 -0.9075
vn 0.0863 0.7385 -0.6687
vn 0.0060 0.7796 -0.6262
vn 0.0629 0.4697 -0.8806
vn 0.0343 0.0900 -0.9954
vn 0.0149 -0.9809 -0.1938
vn 0.0812 -0.3976 -0.9139
vn 0.0719 0.1146 -0.9908
vn 0.0389 -0.8349 -0.5490
vn 0.0652 -0.9733 -0.2199
vn 0.2560 -0.9465 -0.1963
vn 0.2532 -0.8795 -0.4029
vn -0.2746 -0.6180 -0.7367
vn -0.0921 -0.6907 -0.7172
vn 0.1513 -0.7235 -0.6735
vn 0.4853 -0.1113 -0.8672
vn 0.8373 -0.2278 -0.4971
vn 0.8594 -0.1331 -0.4937
vn 0.2456 -0.8020 -0.5444
vn 0.3710 -0.8370 -0.4023
vn 0.7612 0.1353 -0.6342
vn 0.6798 0.4838 -0.5512
vn 0.3737 0.7024 -0.6058
vn 0.4059 0.8225 -0.3983
vn 0.9394 0.0784 -0.3338
vn 0.8426 0.4326 -0.3207
vn 0.0642 0.9567 -0.2838
vn 0.0997 0.9540 -0.2827
vn 0.0403 0.9552 -0.2933
vn 0.0419 0.7775 -0.6275
vn 0.1161 0.7820 -0.6124
vn 0.1242 0.4642 -0.8770
vn 0.1515 0.1100 -0.9823
vn 0.1262 -0.3385 -0.9325
vn 0.2833 0.5007 -0.8179
vn 0.2806 -0.3195 -0.9051
vn 0.3005 0.1134 -0.9470
vn 0.1796 -0.7412 -0.6468
vn 0.0651 -0.8014 -0.5946
vn -0.5137 -0.6175 -0.5956
vn -0.6728 -0.5066 -0.5391
vn -0.7256 -0.5742 -0.3794
vn -0.8322 -0.5308 -0.1604
vn 0.7106 0.1184 -0.6935
vn 0.6043 -0.5601 -0.5667
vn 0.5639 0.5402 -0.6247
vn 0.5582 0.7163 -0.4188
vn 0.3812 -0.3269 -0.8648
vn 0.2133 0.7902 -0.5745
vn 0.2590 0.9062 -0.3343
vn -0.7419 0.6693 0.0394
vn -0.2032 0.9790 0.0194
vn -0.7899 0.3863 -0.4763
vn 0.0002 0.9149 -0.4037
vn -0.0547 0.6323 -0.7728
vn -0.2437 -0.5175 -0.8203
vn -0.4027 0.7964 0.4513
vn -0.8763 0.2898 -0.3849
vn -0.3391 -0.1046 -0.9349
vn -0.5763 0.8168 -0.0270
vn -0.6965 0.5610 -0.4474
vn -0.6038 0.7376 -0.3023
vn 0.0303 0.2987 -0.9539
vn -0.0686 0.3688 -0.9270
vn -0.0839 -0.0053 -0.9965
vn -0.0826 0.0657 -0.9944
vn -0.0840 0.4955 -0.8645
vn -0.1528 -0.0113 -0.9882
vn -0.0996 -0.0010 -0.9950
vn -0.2117 0.0025 -0.9773
vn -0.0684 0.0086 -0.9976
vn -0.0380 -0.0062 -0.9993
vn -0.3306 0.8143 -0.4771
vn -0.1816 0.8281 -0.5303
vn -0.0749 0.8773 -0.4740
vn 0.2617 0.7026 -0.6617
vn 0.0687 0.8540 -0.5157
vn -0.2230 0.7539 -0.6180
vn -0.4775 0.7221 -0.5006
vn -0.3479 0.0827 -0.9339
vn -0.3313 0.0186 -0.9434
vn -0.5277 -0.0001 -0.8494
vn -0.5828 0.6302 -0.5130
vn 0.2530 -0.4777 -0.8413
vn -0.7134 0.4753 -0.5149
vn -0.5802 0.0180 -0.8143
vn -0.2551 -0.1925 -0.9476
vn 0.0536 -0.3184 -0.9464
vn 0.1867 -0.2291 -0.9553
vn -0.4737 0.0077 -0.8806
vn 0.2992 -0.2781 -0.9128
vn 0.3293 -0.3141 -0.8904
vn 0.9328 -0.2204 -0.2852
vn 0.9074 -0.2907 -0.3036
vn -0.0275 0.6039 -0.7966
vn 0.0292 -0.0071 -0.9995
vn -0.3372 0.9390 -0.0682
vn -0.8400 0.0196 -0.5422
vn 0.0273 -0.5121 -0.8585
vn 0.1899 -0.4133 -0.8906
vn -0.6845 0.5571 -0.4702
vn -0.6594 0.4278 -0.6182
vn -0.3978 0.8944 0.2043
vn -0.4113 0.9031 0.1237
vn -0.3253 0.9445 0.0467
vn 0.3323 0.3244 -0.8856
vn -0.6877 0.4844 -0.5408
vn -0.8846 0.3868 -0.2606
vn -0.8013 0.4588 -0.3839
vn -0.1309 -0.6714 -0.7294
vn -0.5757 -0.6003 -0.5551
vn -0.4355 0.2831 -0.8545
vn -0.3579 -0.3266 -0.8748
vn 0.4453 -0.6575 -0.6078
vn 0.7117 -0.5179 -0.4745
vn 0.6858 -0.5630 -0.4613
vn 0.6808 -0.5563 -0.4765
vn 0.5862 -0.6421 -0.4939
vn 0.4696 -0.7598 -0.4496
vn 0.7040 0.1403 -0.6962
vn 0.5038 -0.6833 -0.5285
vn 0.3889 -0.7164 -0.5792
vn 0.3361 -0.7123 -0.6161
vn 0.5010 -0.5191 -0.6925
vn 0.6451 -0.4812 -0.5935
vn 0.7871 -0.4216 -0.4502
vn 0.7425 -0.5259 -0.4148
vn 0.8779 -0.2425 -0.4129
vn 0.8688 -0.3800 -0.3176
vn 0.8541 -0.1592 -0.4952
vn 0.2084 0.1389 -0.9681
vn 0.2955 -0.2667 -0.9174
vn 0.3093 -0.0998 -0.9457
vn -0.3673 0.0056 -0.9301
vn 0.2238 0.0350 -0.9740
vn -0.3835 -0.0372 -0.9228
vn -0.2068 -0.0146 -0.9783
vn 0.4422 0.0501 -0.8955
vn 0.5826 -0.2201 -0.7824
vn 0.9313 -0.2451 -0.2696
vn 0.9318 -0.1188 -0.3430
vn 0.8331 -0.1382 -0.5356
vn 0.3850 -0.5324 -0.7539
vn 0.7673 -0.2799 -0.5769
vn 0.9072 -0.0319 -0.4196
vn 0.8451 -0.0460 -0.5326
vn 0.9346 -0.0336 -0.3540
vn 0.3401 -0.1529 -0.9279
vn 0.2033 -0.4898 -0.8478
vn 0.8864 0.0792 -0.4561
vn 0.7293 -0.0419 -0.6829
vn 0.8765 0.1107 -0.4685
vn 0.5183 0.5780 -0.6303
vn 0.6343 0.5544 -0.5389
vn 0.4566 0.7345 -0.5019
vn 0.8044 0.2690 -0.5297
vn 0.7345 0.4645 -0.4948
vn 0.5295 0.5249 -0.6665
vn 0.7664 0.2461 -0.5934
vn 0.6531 -0.0266 -0.7568
vn 0.2659 0.1066 -0.9581
vn 0.9143 0.1029 -0.3917
vn 0.3412 0.2721 -0.8998
vn 0.2535 -0.1480 -0.9559
vn 0.0974 -0.2122 -0.9724
vn -0.6432 -0.1816 -0.7438
vn -0.6971 -0.3456 -0.6282
vn -0.5808 -0.1397 -0.8020
vn -0.5642 -0.3349 -0.7547
vn -0.2136 -0.2816 -0.9355
vn -0.5505 0.0496 -0.8333
vn 0.5394 0.5574 -0.6312
vn -0.7205 -0.3760 -0.5827
vn -0.3580 0.1569 -0.9205
vn 0.1414 -0.3448 -0.9280
vn 0.6624 0.1009 -0.7424
vn 0.1275 0.0937 -0.9874
vn 0.9174 0.1929 -0.3480
vn 0.8317 0.3050 -0.4640
vn 0.8333 -0.0722 -0.5480
vn 0.6523 -0.2960 -0.6978
vn 0.8557 -0.0035 -0.5175
vn 0.5740 -0.4904 -0.6557
vn 0.5853 0.0798 -0.8069
vn 0.4978 -0.3240 -0.8045
vn 0.6228 -0.3111 -0.7179
vn 0.5612 -0.1653 -0.8110
vn 0.6905 -0.1581 -0.7058
vn 0.5890 -0.0228 -0.8078
vn -0.3940 -0.6455 -0.6543
vn -0.5363 -0.5629 -0.6289
vn -0.7015 -0.4227 -0.5738
vn 0.4000 -0.0624 -0.9144
vn 0.1012 -0.7876 -0.6079
vn -0.8679 -0.4731 0.1517
vn -0.7993 -0.5145 -0.3106
vn 0.0675 -0.4284 -0.9011
vn -0.8353 -0.5402 -0.1023
vn -0.1778 -0.7522 -0.6345
vn -0.5495 -0.3989 -0.7341
vn -0.0600 -0.2440 -0.9679
vn -0.7468 -0.3369 -0.5734
vn -0.6984 -0.6592 -0.2787
vn -0.5419 -0.2569 -0.8002
vn -0.5205 -0.8187 -0.2427
vn -0.4442 -0.4043 -0.7995
vn -0.2182 -0.1041 -0.9703
vn -0.1689 -0.1658 -0.9716
vn -0.3452 -0.5259 -0.7774
vn -0.1067 -0.2188 -0.9699
vn -0.1505 -0.5951 -0.7894
vn -0.8506 0.1129 -0.5136
vn -0.4743 0.0579 -0.8785
vn -0.9495 0.1390 -0.2814
vn 0.0345 0.0040 -0.9994
vn 0.5334 -0.0734 -0.8427
vn 0.8859 -0.0814 -0.4566
vn 0.8424 -0.1090 -0.5278
vn 0.4922 -0.0650 -0.8681
vn 0.8327 -0.1394 -0.5359
vn 0.0162 0.9989 0.0448
vn 0.2980 0.8041 -0.5145
vn 0.8132 -0.1288 -0.5676
vn 0.4736 -0.0823 -0.8769
vn 0.0280 -0.0067 -0.9996
vn -0.5217 0.0704 -0.8502
vn -0.8709 0.1151 -0.4777
vn -0.8782 0.1244 -0.4618
vn -0.5415 0.0687 -0.8379
vn 0.0998 -0.1055 -0.9894
vn 0.2978 -0.0380 -0.9539
vn 0.0502 -0.0190 -0.9986
vn -0.0000 1.0000 -0.0000
vn 0.1481 0.6919 -0.7066
vn -0.0079 -0.0079 -0.9999
vn -0.3332 0.8933 -0.3017
vn -0.8361 0.1536 -0.5266
vn -0.6048 -0.7820 -0.1504
vn -0.5570 -0.7880 -0.2623
vn -0.1488 0.9756 -0.1614
vn -0.0279 0.9597 -0.2797
vn -0.4684 0.1228 -0.8749
vn -0.3671 -0.8150 -0.4483
vn -0.5034 -0.7912 -0.3471
vn 0.0843 0.7455 -0.6612
vn 0.4339 0.7573 -0.4881
vn -0.2431 0.8393 -0.4864
vn -0.1003 0.8015 -0.5896
vn 0.2534 0.9591 -0.1261
vn 0.1265 0.9823 0.1384
vn 0.2221 0.9279 -0.2996
vn 0.3241 0.9306 -0.1703
vn 0.3819 0.9147 -0.1319
vn 0.1249 0.9085 -0.3988
vn 0.4117 0.7694 -0.4884
vn 0.8526 -0.0549 -0.5197
vn 0.5402 -0.1313 -0.8312
vn 0.2176 -0.0380 -0.9753
vn 0.1076 -0.0025 -0.9942
vn -0.1106 -0.8550 -0.5067
vn 0.1277 -0.8926 -0.4325
vn 0.3142 0.1923 -0.9297
vn -0.6690 0.6544 -0.3525
vn -0.8394 -0.3869 -0.3817
vn -0.4755 -0.8788 -0.0407
vn -0.8412 -0.3587 -0.4047
vn -0.6506 0.6713 -0.3551
vn -0.6556 0.6460 -0.3911
vn -0.7640 -0.5140 -0.3901
vn -0.7726 -0.4479 -0.4499
vn -0.4255 -0.6146 -0.6642
vn -0.7636 0.3777 -0.5238
vn -0.5807 0.6808 -0.4463
vn -0.2470 0.9444 -0.2172
vn -0.8171 0.1383 -0.5597
vn -0.3977 0.7085 -0.5830
vn -0.4522 0.6805 -0.5766
vn -0.6443 -0.5175 -0.5630
vn -0.3943 -0.5327 -0.7489
vn -0.2964 0.6303 -0.7175
vn -0.4185 0.0351 -0.9075
vn -0.1032 0.6775 -0.7283
vn 0.1560 0.6945 -0.7023
vn 0.3451 0.6558 -0.6715
vn 0.4300 0.6018 -0.6730
vn 0.4718 -0.0234 -0.8814
vn 0.5750 -0.0604 -0.8159
vn 0.2765 0.0815 -0.9575
vn 0.9408 0.1067 -0.3216
vn 0.6764 -0.0329 -0.7358
vn 0.9149 0.2563 -0.3118
vn 0.9409 0.2747 0.1983
vn 0.8699 0.4838 0.0957
vn 0.7468 0.0351 -0.6641
vn 0.4847 -0.0219 -0.8744
vn 0.3810 0.4891 -0.7846
vn 0.6234 0.4140 -0.6633
vn 0.8066 0.3666 -0.4637
vn 0.9267 0.2030 -0.3163
vn 0.1794 -0.0050 -0.9838
vn 0.2830 0.5828 -0.7617
vn 0.1130 0.5899 -0.7995
vn 0.4938 0.7343 -0.4658
vn 0.2337 0.8675 -0.4392
vn 0.3340 0.4578 -0.8239
vn 0.7111 0.5329 -0.4587
vn 0.4657 0.3182 -0.8258
vn 0.7921 0.6083 0.0504
vn 0.8539 0.2453 -0.4590
vn 0.9473 -0.2257 0.2273
vn 0.9430 0.3041 -0.1348
vn 0.8905 -0.2692 -0.3669
vn 0.5354 0.1288 -0.8347
vn 0.1792 0.0531 -0.9824
vn 0.9103 -0.3539 -0.2148
vn 0.5332 -0.3076 -0.7881
vn 0.1677 0.5703 -0.8042
vn 0.1379 0.1407 -0.9804
vn 0.0588 -0.0514 -0.9969
vn -0.0378 -0.4399 -0.8973
vn -0.4379 -0.4812 -0.7594
vn -0.1730 -0.2596 -0.9501
vn -0.2003 -0.5505 -0.8105
vn -0.1365 -0.3260 -0.9355
vn 0.2041 -0.0018 -0.9789
vn -0.4986 -0.3663 -0.7857
vn -0.4272 -0.2124 -0.8788
vn -0.9346 -0.2844 -0.2137
vn -0.6102 -0.6629 -0.4338
vn -0.8574 -0.5139 -0.0279
vn -0.7336 -0.6746 0.0821
vn -0.7455 -0.4394 0.5011
vn -0.9392 -0.3424 -0.0251
vn -0.7259 -0.3913 0.5657
vn -0.8308 -0.4187 0.3667
vn -0.8671 -0.4203 -0.2676
vn -0.7753 -0.3048 -0.5531
vn 0.5756 -0.8070 0.1319
vn -0.5828 -0.6535 0.4830
vn -0.2467 0.8326 0.4959
vn 0.9005 0.4266 -0.0843
vn 0.0592 -0.9076 -0.4156
vn -0.8142 0.1501 -0.5608
vn 0.0739 -0.5439 -0.8359
vn -0.6356 -0.6551 -0.4086
vn -0.0050 -0.6133 -0.7898
vn -0.5619 -0.8075 -0.1792
vn -0.4673 -0.7823 -0.4118
vn -0.6749 -0.5906 -0.4424
vn -0.3493 -0.9130 -0.2105
vn 0.1405 -0.4325 -0.8906
vn 0.3498 -0.1375 -0.9267
vn 0.0755 -0.6158 -0.7843
vn -0.0320 -0.0408 -0.9987
vn 0.0040 0.1536 -0.9881
vn 0.0551 0.2172 -0.9746
vn -0.0696 0.1975 -0.9778
vn -0.1096 0.1321 -0.9852
vn 0.1103 -0.5064 -0.8552
vn -0.4312 0.1932 -0.8813
vn -0.1421 -0.2103 -0.9673
vn -0.0767 0.0750 -0.9942
vn -0.1535 0.2383 -0.9590
vn 0.9665 -0.1346 -0.2183
vn 0.8461 -0.5256 0.0888
vn 0.9694 -0.1324 -0.2068
vn 0.9286 -0.2420 -0.2813
vn 0.8861 -0.3899 0.2505
vn 0.9718 -0.1332 0.1946
vn 0.5623 -0.3506 -0.7490
vn 0.2089 -0.2932 -0.9329
vn -0.5865 0.0990 -0.8039
vn -0.6339 -0.0684 -0.7704
vn -0.9601 0.0995 0.2614
vn 0.1936 -0.2711 -0.9429
vn -0.5790 -0.2514 -0.7756
vn 0.9647 0.1163 -0.2363
vn 0.8234 -0.5670 0.0230
vn 0.9391 -0.3314 0.0909
vn 0.8070 -0.1657 0.5668
vn 0.9664 0.1346 -0.2189
vn -0.9626 0.0069 -0.2710
vn -0.8205 -0.0102 -0.5716
vn -0.0055 0.2004 -0.9797
vn 0.3553 0.4043 -0.8428
vn -0.8262 0.4682 -0.3133
vn -0.6254 0.7673 0.1418
vn -0.0817 0.8434 -0.5310
vn 0.4091 0.8833 -0.2288
vn 0.7786 0.5307 -0.3350
vn 0.0996 0.7333 -0.6725
vn -0.9343 0.3416 -0.1023
vn -0.7821 0.2608 -0.5660
vn -0.9346 0.2575 -0.2455
vn -0.8658 0.1231 -0.4850
vn 0.2892 0.0105 -0.9572
vn 0.8980 0.2898 -0.3310
vn 0.6961 0.3367 -0.6341
vn 0.5007 0.5574 -0.6622
vn 0.3893 0.5886 -0.7086
vn 0.0796 0.6243 -0.7771
vn -0.3757 0.4350 -0.8183
vn -0.3545 0.6123 -0.7067
vn 0.1267 0.4665 -0.8754
vn 0.3666 0.4379 -0.8209
vn 0.2877 0.6219 -0.7284
vn 0.4618 0.4243 -0.7789
vn 0.5711 0.3792 -0.7281
vn 0.0168 0.8037 -0.5948
vn 0.0905 0.4215 -0.9023
vn 0.2341 -0.3820 -0.8940
vn 0.6217 -0.3334 -0.7087
vn 0.4881 -0.3177 -0.8129
vn 0.0825 -0.4183 -0.9045
vn -0.1030 -0.3283 -0.9389
vn -0.3616 -0.3329 -0.8709
vn 0.3785 -0.3625 -0.8516
vn 0.2720 -0.3613 -0.8919
vn -0.5363 -0.5045 -0.6767
vn -0.0932 -0.4062 -0.9090
vn -0.0343 -0.5345 -0.8445
vn -0.0815 -0.5017 -0.8612
vn -0.2115 -0.5357 -0.8175
vn 0.0118 -0.5099 -0.8602
vn 0.1017 -0.5352 -0.8386
vn -0.1261 0.2279 -0.9655
vn 0.1674 0.1010 -0.9807
vn 0.1808 0.7505 -0.6356
vn -0.1134 0.7205 -0.6841
vn -0.1590 0.0656 -0.9851
vn -0.1670 -0.5979 -0.7840
vn -0.1503 0.6846 -0.7132
vn -0.2192 0.7808 -0.5851
vn -0.2130 0.1282 -0.9686
vn -0.5481 -0.4918 -0.6765
vn -0.5561 -0.6217 -0.5516
vn -0.4766 0.6885 -0.5467
vn -0.5979 0.0678 -0.7987
vn -0.2710 -0.4859 -0.8309
vn -0.2678 0.7813 -0.5637
vn -0.1795 -0.5910 -0.7865
vn 0.3554 -0.4945 -0.7932
vn 0.4096 0.5845 -0.7004
vn 0.4029 0.7806 -0.4777
vn 0.3577 0.0173 -0.9337
vn 0.2766 -0.2956 -0.9144
vn 0.4754 0.2679 -0.8380
vn 0.4079 -0.0349 -0.9124
vn 0.3665 -0.5025 -0.7831
vn 0.2869 -0.5830 -0.7601
vn 0.0677 -0.7354 -0.6742
vn 0.5423 -0.5269 -0.6545
vn 0.5346 -0.3429 -0.7724
vn 0.4168 0.7162 -0.5598
vn 0.6297 0.4109 -0.6592
vn 0.6052 -0.1279 -0.7858
vn 0.3853 -0.3436 -0.8564
vn 0.3871 -0.4570 -0.8009
vn 0.2360 -0.6942 -0.6799
vn 0.1661 -0.8483 -0.5029
vn 0.2033 -0.7158 -0.6680
vn 0.4522 -0.3462 -0.8220
vn 0.5705 0.1026 -0.8148
vn -0.4155 -0.5877 -0.6943
vn 0.5460 0.2283 -0.8061
vn -0.0602 -0.0871 -0.9944
vn -0.2438 -0.0511 -0.9685
vn 0.6205 0.1226 -0.7746
vn 0.6686 -0.1275 -0.7326
vn -0.5439 -0.2472 -0.8019
vn -0.2006 -0.2756 -0.9401
vn -0.0149 -0.2713 -0.9624
vn 0.7995 0.1258 -0.5873
vn 0.9675 0.2441 -0.0657
vn 0.7832 0.2766 0.5569
vn 0.8673 0.4800 -0.1320
vn 0.7017 0.1762 -0.6903
vn 0.8263 0.5391 0.1629
vn 0.6113 0.5056 -0.6088
vn 0.1068 -0.9935 -0.0389
vn 0.5442 -0.0776 0.8354
vn 0.2689 0.1462 -0.9520
vn 0.8912 -0.0261 -0.4529
vn 0.2817 -0.4820 0.8297
vn 0.3153 -0.1236 -0.9409
vn 0.9017 -0.2915 -0.3192
vn 0.3179 0.7881 -0.5270
vn -0.3857 0.9219 0.0360
vn 0.5914 -0.2610 -0.7630
vn 0.5683 -0.2439 -0.7859
vn 0.1485 -0.5394 -0.8289
vn 0.0729 -0.9804 0.1829
vn 0.0502 -0.7297 -0.6819
vn 0.0900 -0.9769 0.1937
vn 0.0117 -0.8253 -0.5646
vn -0.0381 -0.8554 -0.5165
vn -0.0576 -0.9834 0.1721
vn -0.0427 -0.9628 -0.2667
vn 0.0743 -0.9456 -0.3166
vn -0.0218 -0.5588 -0.8290
vn -0.0499 -0.2414 -0.9691
vn 0.0544 -0.5131 -0.8566
vn 0.0544 -0.2252 -0.9728
vn 0.0339 -0.9728 -0.2292
vn 0.1466 0.1678 -0.9749
vn -0.6616 -0.7291 0.1754
vn 0.2231 -0.9648 -0.1395
vn -0.4027 -0.2720 0.8740
vn -0.0584 -0.2494 0.9666
vn 0.1258 -0.7752 0.6191
vn -0.3952 -0.2596 0.8811
vn -0.3783 -0.3091 0.8725
vn -0.8410 -0.4384 -0.3170
vn -0.7177 -0.2511 0.6494
vn 0.0931 0.1295 -0.9872
vn -0.7342 -0.2623 -0.6262
vn -0.6649 -0.3541 0.6577
vn -0.8012 -0.2497 0.5438
vn -0.6263 -0.3551 0.6940
vn -0.7291 -0.6342 -0.2573
vn -0.7797 -0.2944 0.5526
vn -0.8655 -0.1685 0.4717
vn -0.9776 -0.2101 0.0135
vn -0.7036 -0.5725 0.4209
vn -0.2980 -0.6684 0.6815
vn 0.0907 -0.3708 0.9243
vn 0.0998 -0.2648 0.9591
vn 0.6919 -0.4621 0.5547
vn 0.6196 -0.4635 -0.6335
vn 0.0074 -0.3417 -0.9398
vn 0.1269 -0.2610 -0.9570
vn 0.1149 -0.2358 -0.9650
vn -0.2822 -0.5654 -0.7750
vn -0.3049 -0.9374 0.1685
vn -0.3529 -0.5733 -0.7395
vn -0.3720 -0.9149 0.1564
vn -0.4269 -0.8629 -0.2705
vn -0.2276 -0.9433 -0.2415
vn -0.2623 -0.9540 0.1451
vn 0.0395 -0.0937 -0.9948
vn -0.7590 0.0392 -0.6499
vn -0.5272 -0.2662 0.8070
vn -0.8310 -0.4638 -0.3071
vn -0.6161 -0.7876 0.0131
vn -0.7486 -0.5838 0.3143
vn -0.9516 0.0015 0.3072
vn -0.9983 0.0134 0.0572
vn -0.9947 0.0288 0.0983
vn -0.9013 -0.4219 -0.0984
vn -0.8876 0.2197 -0.4049
vn -0.8668 0.2356 -0.4395
vn -0.7695 -0.1865 -0.6109
vn -0.8622 -0.4956 -0.1053
vn -0.8875 -0.3183 -0.3333
vn -0.9747 0.2231 -0.0128
vn -0.6603 -0.6541 -0.3689
vn 0.0106 -0.2832 -0.9590
vn 0.2381 0.3190 -0.9174
vn 0.0476 -0.0954 -0.9943
vn -0.8029 0.1221 -0.5835
vn 0.4836 0.8730 0.0634
vn 0.6402 0.7580 0.1245
vn 0.4971 0.5427 -0.6771
vn 0.7693 0.6277 -0.1186
vn 0.3328 0.2311 -0.9143
vn 0.4798 0.2898 -0.8281
vn -0.9859 -0.1525 -0.0692
vn -0.9553 0.0122 -0.2953
vn -0.8889 0.0718 -0.4525
vn -0.9394 0.0379 -0.3406
vn -0.9903 -0.1391 0.0039
vn -0.8387 0.1470 -0.5244
vn -0.8511 0.0874 -0.5177
vn -0.9886 -0.1505 -0.0056
vn -0.9080 -0.3645 0.2065
vn -0.9870 -0.1600 -0.0145
vn -0.8981 -0.4335 -0.0744
vn -0.9652 -0.2614 0.0089
vn -0.8843 -0.3487 -0.3105
vn -0.8140 -0.1618 -0.5579
vn -0.8635 0.0595 -0.5008
vn -0.5858 -0.1995 -0.7855
vn -0.4844 0.2535 -0.8373
vn -0.3917 -0.0931 -0.9154
vn -0.5793 -0.1958 -0.7912
vn -0.4119 -0.1727 -0.8947
vn -0.5000 0.3715 -0.7823
vn 0.0101 -0.0054 -0.9999
vn -0.0169 -0.0106 -0.9998
vn 0.0089 0.3263 -0.9452
vn -0.9025 0.0068 -0.4306
vn -0.9320 -0.0107 -0.3624
vn 0.6778 0.7056 -0.2067
vn -0.8058 -0.2151 -0.5517
vn -0.8577 -0.0352 -0.5129
vn -0.6667 -0.7158 -0.2075
vn -0.6547 -0.4128 -0.6332
vn 0.0925 -0.9928 0.0768
vn 0.5481 -0.7667 0.3344
vn 0.7354 -0.5894 0.3344
vn 0.6157 -0.7871 0.0375
vn 0.8724 -0.4343 0.2242
vn 0.7748 -0.6319 0.0196
vn 0.9438 -0.3224 0.0734
vn 0.9117 -0.4107 0.0136
vn 0.8790 -0.4613 -0.1205
vn 0.5243 -0.2768 -0.8053
vn -0.0298 -0.0648 -0.9975
vn 0.7632 -0.6292 -0.1474
vn 0.4299 -0.4451 -0.7855
vn 0.0210 -0.6162 -0.7873
vn 0.3613 -0.5931 -0.7196
vn -0.1468 -0.5577 -0.8170
vn -0.7244 0.0785 -0.6849
vn -0.4498 0.2810 -0.8478
vn -0.1743 -0.4598 -0.8707
vn -0.2184 -0.3964 -0.8917
vn 0.9293 0.1492 -0.3379
vn 0.5274 0.3010 -0.7945
vn 0.9378 0.1324 -0.3211
vn 0.2543 0.2282 -0.9398
vn 0.4831 -0.3675 -0.7947
vn 0.0100 0.3538 -0.9353
vn 0.9304 0.0269 -0.3655
vn 0.5193 0.3036 -0.7988
vn -0.5923 0.2441 -0.7678
vn -0.6808 -0.0896 0.7269
vn 0.9552 -0.1102 0.2746
vn 0.9962 0.0050 -0.0871
vn 0.0117 -0.1796 -0.9837
vn 0.1209 -0.1609 -0.9795
vn 0.7933 -0.3982 -0.4605
vn 0.7572 -0.4000 -0.5163
vn -0.1486 -0.3839 -0.9113
vn 0.3728 -0.9077 -0.1926
vn 0.7314 -0.2421 0.6375
vn 0.6525 -0.7006 -0.2887
vn 0.6945 -0.5816 -0.4235
vn 0.5304 -0.0761 0.8443
vn 0.6604 -0.1518 0.7354
vn 0.7731 -0.3914 0.4991
vn 0.6965 -0.0773 0.7134
vn 0.9139 -0.1112 0.3904
vn 0.7250 -0.3737 -0.5786
vn 0.2732 -0.1735 -0.9462
vn -0.1530 0.0837 -0.9847
vn 0.7431 -0.2438 -0.6232
vn 0.7713 -0.5043 -0.3884
vn 0.7378 -0.6422 -0.2077
vn 0.9553 -0.2645 0.1322
vn 0.9893 -0.1406 -0.0382
vn 0.9998 0.0217 -0.0037
vn 0.9748 -0.2009 -0.0970
vn 0.4585 0.0780 -0.8853
vn 0.9566 -0.1358 -0.2577
vn 0.8364 -0.2136 -0.5049
vn 0.9979 0.0524 0.0368
vn 0.9072 0.4128 -0.0814
vn 0.3349 0.5503 -0.7648
vn 0.7008 0.3982 -0.5919
vn 0.6566 0.6434 -0.3935
vn 0.5565 0.3477 -0.7546
vn -0.4326 0.7424 -0.5115
vn -0.6970 0.6004 -0.3921
vn -0.3867 0.3257 -0.8628
vn -0.8830 0.4543 -0.1182
vn -0.8231 0.1421 0.5498
vn -0.6073 0.0310 -0.7939
vn 0.4804 -0.0330 -0.8765
vn 0.7202 -0.0452 -0.6923
vn 0.8293 -0.1543 -0.5370
vn 0.4289 -0.0173 -0.9032
vn 0.8878 0.4028 -0.2227
vn 0.9007 -0.0343 0.4331
vn 0.9267 0.3750 0.0243
vn 0.9324 0.0496 0.3579
vn 0.7907 0.0447 0.6106
vn 0.7663 0.0128 0.6423
vn 0.9081 0.3994 0.1258
vn 0.4696 -0.1922 0.8617
vn 0.5104 -0.2602 0.8196
vn 0.8441 -0.3704 0.3878
vn 0.4228 -0.5869 0.6905
vn 0.8123 -0.3901 0.4335
vn 0.4552 -0.6376 0.6215
vn 0.9778 -0.1890 -0.0901
vn 0.7963 0.0106 -0.6047
vn 0.9849 -0.1394 -0.1031
vn 0.4627 -0.2781 0.8418
vn 0.0927 -0.6973 0.7107
vn 0.0692 -0.6178 0.7833
vn 0.0501 -0.3704 0.9275
vn 0.0457 -0.2753 0.9603
vn 0.4405 -0.2077 0.8734
vn 0.9825 0.1814 0.0433
vn 0.8168 -0.0479 0.5750
vn 0.9950 0.0984 0.0143
vn 0.7976 0.2596 -0.5445
vn 0.8105 0.1958 -0.5520
vn 0.4230 0.2424 -0.8731
vn 0.3671 0.3250 -0.8716
vn 0.4534 0.2143 -0.8652
vn -0.0373 0.2122 -0.9765
vn 0.8556 0.1584 -0.4928
vn 0.5091 0.1792 -0.8418
vn 0.9955 0.0914 -0.0260
vn 0.9940 0.1061 -0.0268
vn 0.4748 -0.0822 0.8762
vn 0.8737 -0.0015 0.4865
vn 0.8228 -0.0173 0.5681
vn 0.0198 -0.1427 0.9896
vn 0.0206 -0.1689 0.9854
vn 0.4461 -0.1369 0.8844
vn 0.0142 -0.2065 0.9783
vn 0.9562 0.0363 0.2905
vn 0.8069 0.2589 -0.5309
vn 0.7162 0.4473 -0.5357
vn 0.7759 0.4441 -0.4481
vn 0.8063 -0.0092 -0.5914
vn 0.7823 0.3237 -0.5322
vn 0.3478 0.0188 -0.9374
vn 0.3686 0.0129 -0.9295
vn 0.3664 0.3729 -0.8525
vn -0.0564 0.2603 -0.9639
vn -0.0528 0.0270 -0.9982
vn -0.0580 -0.0764 -0.9954
vn -0.0895 0.4854 -0.8697
vn 0.3723 0.5910 -0.7156
vn 0.3754 0.5488 -0.7469
vn -0.3914 -0.0800 -0.9167
vn -0.4603 -0.0962 -0.8825
vn -0.4850 0.1568 -0.8603
vn -0.7615 -0.2408 -0.6017
vn -0.8279 -0.0027 -0.5609
vn -0.5790 -0.0991 -0.8093
vn -0.5164 0.1976 -0.8333
vn -0.8266 -0.0430 -0.5612
vn -0.8158 -0.4121 -0.4058
vn -0.9817 -0.1855 -0.0428
vn -0.9632 -0.2682 -0.0173
vn -0.7458 -0.3880 0.5416
vn -0.8108 -0.2666 0.5210
vn -0.9894 -0.1351 -0.0542
vn -0.4907 0.1062 -0.8649
vn -0.0448 0.4926 -0.8691
vn -0.5030 0.3233 -0.8015
vn -0.7381 -0.3384 -0.5837
vn -0.8431 -0.0076 -0.5377
vn -0.8352 -0.2274 0.5007
vn -0.4166 -0.2629 0.8703
vn -0.8824 -0.1980 0.4269
vn -0.9929 -0.1132 -0.0359
vn -0.5017 -0.2085 0.8396
vn -0.3752 -0.2926 0.8795
vn -0.8658 -0.0319 -0.4994
vn -0.0011 0.1600 -0.9871
vn -0.3020 -0.7588 0.5771
vn -0.6502 -0.6652 0.3672
vn -0.8485 -0.5080 -0.1486
vn -0.5136 -0.5589 0.6510
vn -0.3409 -0.4261 0.8380
vn 0.5091 -0.0671 0.8581
vn -0.5284 -0.1876 0.8280
vn 0.0036 -0.1445 0.9895
vn -0.8979 -0.1761 0.4035
vn -0.8591 -0.4137 0.3012
vn -0.9748 -0.1446 0.1700
vn -0.5883 -0.1874 0.7866
vn -0.5212 -0.2070 0.8279
vn -0.9440 -0.3300 0.0015
vn -0.8478 -0.2627 0.4607
vn -0.4922 -0.3296 0.8057
vn -0.7754 -0.6313 -0.0144
vn -0.8163 -0.4023 -0.4145
vn -0.5491 -0.7665 -0.3330
vn -0.2532 -0.9549 0.1554
vn -0.3424 -0.7428 0.5753
vn -0.5988 -0.5815 0.5508
vn -0.2890 -0.9568 0.0316
vn -0.0570 -0.9983 0.0098
vn -0.0046 -0.9947 0.1027
vn 0.1809 -0.9824 0.0472
vn 0.3917 -0.9063 -0.1587
vn -0.1511 -0.9850 0.0834
vn 0.0623 -0.9928 -0.1019
vn 0.5273 -0.8443 0.0953
vn 0.2991 -0.9423 -0.1502
vn 0.4660 -0.6766 -0.5701
vn 0.7316 -0.6568 -0.1827
vn 0.6853 -0.5707 -0.4523
vn 0.7408 -0.2428 -0.6264
vn 0.9273 -0.3276 -0.1810
vn 0.9721 -0.0598 -0.2269
vn 0.7646 0.0158 -0.6443
vn 0.8545 -0.3284 -0.4024
vn 0.9289 -0.3678 0.0422
vn 0.8115 -0.0021 -0.5843
vn 0.9114 -0.1727 -0.3736
vn 0.8296 -0.4037 -0.3856
vn 0.9110 -0.3580 -0.2048
vn 0.9189 -0.3529 -0.1764
vn 0.9978 -0.0620 -0.0223
vn 0.9449 -0.3131 -0.0956
vn 0.8890 -0.1520 0.4319
vn 0.9329 -0.1625 0.3215
vn 0.9294 -0.3611 0.0761
vn 0.7144 -0.6481 0.2638
vn 0.7671 -0.3207 0.5557
vn 0.7279 -0.6358 0.2568
vn 0.9379 -0.2927 0.1862
vn 0.9925 -0.0633 0.1048
vn 0.9982 -0.0594 0.0060
vn 0.9047 -0.3829 0.1869
vn 0.8351 -0.5229 0.1711
vn 0.9894 -0.0269 0.1424
vn 0.9344 -0.3430 -0.0958
vn 0.9427 -0.1657 0.2897
vn 0.9149 -0.2028 0.3491
vn 0.8228 -0.4388 -0.3613
vn 0.9202 -0.3454 0.1844
vn 0.7298 -0.6624 0.1690
vn 0.6670 -0.6304 -0.3970
vn 0.4026 -0.9022 -0.1549
vn 0.5272 -0.6191 0.5821
vn 0.5549 -0.3120 0.7712
vn 0.9451 -0.1058 0.3093
vn 0.0701 -0.5524 0.8306
vn -0.0223 -0.2071 0.9781
vn 0.5734 -0.0939 0.8138
vn 0.5553 -0.0227 0.8314
vn 0.0133 -0.0705 0.9974
vn 0.5971 -0.0200 0.8019
vn 0.0355 -0.0959 0.9948
vn -0.2740 -0.2149 0.9374
vn -0.2004 -0.6963 0.6892
vn 0.0076 -0.9737 0.2278
vn 0.2767 -0.9365 0.2153
vn 0.0970 -0.8712 0.4812
vn 0.9140 0.0196 0.4053
vn 0.5576 -0.0412 0.8291
vn 0.9951 0.0790 -0.0602
vn 0.9958 0.0918 0.0042
vn -0.5072 -0.1571 0.8474
vn -0.9119 -0.1303 0.3891
vn -0.8734 -0.3503 0.3382
vn 0.0806 -0.0758 0.9939
vn 0.0511 -0.0947 0.9942
vn -0.5029 -0.1488 0.8514
vn 0.9349 0.0259 0.3540
vn 0.9411 -0.3372 0.0236
vn 0.9978 0.0514 -0.0422
vn 0.8928 0.1313 -0.4310
vn 0.9175 0.0741 -0.3908
vn 0.8695 0.1487 -0.4710
vn 0.9150 -0.2257 -0.3344
vn 0.3036 -0.9100 0.2822
vn -0.9887 -0.1270 -0.0797
vn -0.9895 -0.1160 -0.0858
vn -0.8802 -0.0506 -0.4719
vn -0.5438 0.0641 -0.8368
vn -0.5575 0.0308 -0.8296
vn -0.9771 -0.1903 -0.0952
vn -0.8194 -0.5640 -0.1020
vn -0.9067 -0.3301 -0.2624
vn -0.8412 -0.2932 -0.4544
vn -0.5061 0.0782 -0.8589
vn -0.0087 0.1421 -0.9898
vn 0.5769 0.0997 -0.8107
vn 0.5613 0.1734 -0.8092
vn -0.0006 -0.0247 -0.9997
vn -0.5753 -0.1259 -0.8082
vn -0.3161 -0.0223 -0.9484
vn -0.6288 -0.1191 -0.7684
vn -0.8067 -0.2919 -0.5138
vn -0.6941 -0.6680 -0.2682
vn -0.8257 -0.5340 -0.1819
vn -0.7680 -0.6320 0.1036
vn -0.7217 -0.6277 -0.2917
vn -0.9462 -0.3081 -0.0992
vn -0.8205 -0.1423 -0.5537
vn -0.7449 -0.5252 -0.4114
vn -0.9421 -0.3291 -0.0650
vn -0.9884 -0.1363 -0.0666
vn -0.8610 -0.5062 -0.0484
vn -0.8010 -0.2297 -0.5528
vn -0.9649 -0.2548 -0.0643
vn -0.9011 -0.0985 -0.4222
vn -0.9796 -0.1959 -0.0452
vn -0.8861 -0.4492 -0.1142
vn -0.7849 -0.5515 0.2825
vn -0.8771 -0.4794 0.0291
vn -0.8944 -0.4474 0.0011
vn -0.9295 -0.2241 0.2929
vn -0.9179 -0.3949 0.0400
vn -0.8847 -0.2375 0.4012
vn -0.5647 -0.1283 -0.8153
vn -0.6671 -0.3372 -0.6643
vn -0.4273 -0.7658 -0.4806
vn -0.4254 -0.5121 -0.7462
vn -0.4847 -0.8747 0.0012
vn -0.6705 -0.7392 -0.0627
vn -0.2891 -0.9533 0.0878
vn -0.4749 -0.7970 -0.3731
vn -0.7127 -0.4640 -0.5261
vn -0.1200 -0.9700 -0.2114
vn -0.7867 -0.5002 -0.3618
vn -0.8146 -0.5515 0.1800
vn -0.5120 -0.8455 0.1514
vn -0.5678 -0.6258 0.5347
vn -0.5616 -0.8256 0.0546
vn 0.6286 0.0267 -0.7772
vn 0.8855 -0.1457 -0.4412
vn 0.9885 -0.1508 0.0104
vn 0.9147 -0.4037 -0.0201
vn 0.4125 -0.9095 0.0520
vn 0.1578 -0.9474 -0.2783
vn -0.1218 -0.9817 -0.1464
vn -0.4525 -0.8475 -0.2775
vn -0.0320 -0.8891 -0.4567
vn -0.0869 -0.6254 -0.7755
vn -0.2680 -0.2498 -0.9305
vn 0.0296 -0.0516 -0.9982
vn 0.0195 -0.0317 -0.9993
vn 0.0266 -0.3077 -0.9511
vn 0.2497 -0.3031 -0.9197
vn 0.2053 -0.6557 -0.7266
vn 0.4314 -0.7461 -0.5072
vn 0.5871 -0.4802 -0.6517
vn 0.7644 -0.6447 0.0034
vn 0.5084 -0.1263 -0.8518
vn 0.7452 -0.0102 -0.6668
vt 0.658899 0.040769
vt 0.162065 0.146539
vt 0.368678 0.629003
vt 0.665526 0.652834
vt 0.741201 0.910991
vt 0.146828 0.729878
vt 0.101459 0.108523
vt 0.458969 0.833654
vt 0.128185 0.122984
vt 0.135236 0.733406
vt 0.056049 0.744660
vt 0.110319 0.890434
vt 0.715045 0.923833
vt 0.442463 0.496978
vt 0.759572 0.880093
vt 0.104051 0.883988
vt 0.762201 0.896205
vt 0.592722 0.738053
vt 0.014023 0.106086
vt 0.680576 0.697681
vt 0.916572 0.915627
vt 0.639809 0.708079
vt 0.603506 0.005370
vt 0.832143 0.596229
vt 0.107981 0.299972
vt 0.702108 0.181103
vt 0.326568 0.797809
vt 0.113386 0.920836
vt 0.026913 0.097253
vt 0.693853 0.172058
vt 0.322454 0.778912
vt 0.604902 0.741153
vt 0.600518 0.732704
vt 0.426607 0.167973
vt 0.604954 0.665793
vt 0.038086 0.749214
vt 0.036915 0.738715
vt 0.738867 0.673242
vt 0.423928 0.480694
vt 0.371994 0.644556
vt 0.720578 0.674885
vt 0.276123 0.162842
vt 0.764997 0.613127
vt 0.097589 0.903325
vt 0.706538 0.936654
vt 0.432258 0.500318
vt 0.409733 0.464693
vt 0.375222 0.631236
vt 0.735955 0.673272
vt 0.751633 0.907934
vt 0.618086 0.729775
vt 0.652319 0.700002
vt 0.904573 0.924280
vt 0.736926 0.673872
vt 0.597516 0.032419
vt 0.100292 0.289130
vt 0.417858 0.150302
vt 0.582215 0.661399
vt 0.518655 0.841183
vt 0.517330 0.839945
vt 0.795197 0.587157
vt 0.629090 0.709613
vt 0.626696 0.025847
vt 0.086763 0.283941
vt 0.103668 0.862485
vt 0.412306 0.177191
vt 0.717409 0.932577
vt 0.312745 0.180340
vt 0.770141 0.878108
vt 0.533478 0.910807
vt 0.773214 0.886633
vt 0.097336 0.879921
vt 0.427402 0.490772
vt 0.702026 0.944811
vt 0.341733 0.158828
vt 0.117364 0.896967
vt 0.895237 0.094244
vt 0.041166 0.086453
vt 0.101380 0.877473
vt 0.280040 0.154242
vt 0.740647 0.626316
vt 0.755938 0.589487
vt 0.634482 0.059414
vt 0.084542 0.869368
vt 0.673485 0.021850
vt 0.129352 0.740977
vt 0.277583 0.178081
vt 0.732399 0.597869
vt 0.772411 0.896208
vt 0.360036 0.160990
vt 0.731816 0.922243
vt 0.071842 0.753420
vt 0.530024 0.896956
vt 0.601831 0.737192
vt 0.699200 0.952021
vt 0.410675 0.495841
vt 0.360849 0.649526
vt 0.081999 0.737028
vt 0.523127 0.859242
vt 0.677259 0.056300
vt 0.086122 0.748459
vt 0.064681 0.753647
vt 0.653526 0.052883
vt 0.170405 0.153104
vt 0.513590 0.839072
vt 0.654392 0.098469
vt 0.193841 0.175682
vt 0.678186 0.706375
vt 0.653733 0.080840
vt 0.177983 0.162824
vt 0.363799 0.182424
vt 0.315048 0.789669
vt 0.095340 0.750848
vt 0.679245 0.032620
vt 0.076827 0.737896
vt 0.756326 0.917180
vt 0.774924 0.883008
vt 0.659081 0.031123
vt 0.155157 0.142047
vt 0.120084 0.117795
vt 0.144854 0.738642
vt 0.677960 0.682846
vt 0.914025 0.905540
vt 0.762296 0.906925
vt 0.713381 0.943709
vt 0.776264 0.879296
vt 0.537574 0.907227
vt 0.525302 0.836188
vt 0.664938 0.099123
vt 0.392969 0.188355
vt 0.642928 0.701465
vt 0.897412 0.923486
vt 0.721330 0.927373
vt 0.598733 0.734392
vt 0.659138 0.699222
vt 0.910874 0.922591
vt 0.312263 0.778271
vt 0.100203 0.737201
vt 0.675160 0.043294
vt 0.529303 0.837463
vt 0.705955 0.952749
vt 0.349028 0.655301
vt 0.661263 0.696212
vt 0.908954 0.918370
vt 0.608095 0.724314
vt 0.026353 0.106261
vt 0.729667 0.922690
vt 0.622722 0.709536
vt 0.902173 0.917951
vt 0.111350 0.877727
vt 0.904138 0.914766
vt 0.787292 0.891722
vt 0.552512 0.902714
vt 0.096492 0.008792
vt 0.721954 0.423309
vt 0.636481 0.420241
vt 0.437021 0.642097
vt 0.358460 0.627371
vt 0.694144 0.075167
vt 0.069320 0.725030
vt 0.696458 0.029865
vt 0.132423 0.748853
vt 0.350890 0.631702
vt 0.772073 0.906820
vt 0.797152 0.568617
vt 0.333474 0.189932
vt 0.742858 0.919428
vt 0.781088 0.885091
vt 0.732842 0.925220
vt 0.886678 0.915246
vt 0.632350 0.703681
vt 0.445929 0.638155
vt 0.734004 0.665539
vt 0.789075 0.576229
vt 0.595780 0.731001
vt 0.604016 0.722961
vt 0.419836 0.190827
vt 0.589887 0.734487
vt 0.007324 0.109375
vt 0.010986 0.108154
vt 0.741188 0.922424
vt 0.766894 0.915049
vt 0.645101 0.433149
vt 0.626787 0.417054
vt 0.433325 0.630682
vt 0.105187 0.010558
vt 0.729979 0.422837
vt 0.722670 0.931374
vt 0.551009 0.898738
vt 0.722035 0.931349
vt 0.763896 0.568052
vt 0.475487 0.154316
vt 0.646038 0.671160
vt 0.052541 0.104903
vt 0.345516 0.795441
vt 0.360163 0.799208
vt 0.436172 0.181981
vt 0.015388 0.113132
vt 0.723216 0.414561
vt 0.614453 0.716069
vt 0.039327 0.723723
vt 0.727638 0.647201
vt 0.145516 0.005364
vt 0.855951 0.719718
vt 0.634790 0.429568
vt 0.644788 0.423385
vt 0.442196 0.650597
vt 0.140123 0.005662
vt 0.847411 0.720299
vt 0.083111 0.008895
vt 0.713730 0.418161
vt 0.018459 0.109324
vt 0.699951 0.026611
vt 0.140459 0.757670
vt 0.693597 0.420644
vt 0.448320 0.695003
vt 0.722743 0.932328
vt 0.536446 0.856852
vt 0.128593 0.886292
vt 0.895963 0.107657
vt 0.090418 0.721781
vt 0.685871 0.419996
vt 0.446559 0.688800
vt 0.693170 0.035206
vt 0.749057 0.921122
vt 0.784696 0.901117
vt 0.719347 0.935446
vt 0.143094 0.014408
vt 0.605469 0.720215
vt 0.720062 0.936497
vt 0.846111 0.712842
vt 0.095438 0.017794
vt 0.139053 0.015240
vt 0.150762 0.007467
vt 0.862502 0.716532
vt 0.093739 0.731077
vt 0.716216 0.945400
vt 0.450474 0.646037
vt 0.696426 0.429014
vt 0.022927 0.108405
vt 0.730687 0.420226
vt 0.686321 0.429087
vt 0.761639 0.916747
vt 0.699790 0.424023
vt 0.452491 0.700101
vt 0.642890 0.433895
vt 0.638565 0.700511
vt 0.890573 0.909896
vt 0.086194 0.726804
vt 0.611867 0.713794
vt 0.017334 0.114502
vt 0.754096 0.919948
vt 0.851259 0.712808
vt 0.447225 0.637838
vt 0.577637 0.729980
vt 0.983441 0.567318
vt 0.018198 0.126484
vt 0.886991 0.099601
vt 0.037238 0.098145
vt 0.720629 0.942638
vt 0.715988 0.942608
vt 0.147846 0.014745
vt 0.018798 0.113876
vt 0.019565 0.124512
vt 0.346884 0.640893
vt 0.717033 0.939086
vt 0.456237 0.685856
vt 0.856928 0.711532
vt 0.018506 0.120732
vt 0.019206 0.121612
vt 0.979595 0.565902
vt 0.020326 0.128499
vt 0.691324 0.428314
vt 0.613811 0.713525
vt 0.731643 0.414578
vt 0.906960 0.909148
vt 0.103876 0.018874
vt 0.019530 0.116208
vt 0.114971 0.871459
vt 0.023265 0.111339
vt 0.781271 0.569137
vt 0.456708 0.690218
vt 0.726413 0.945567
vt 0.724854 0.942627
vt 0.722350 0.943607
vt 0.723228 0.944684
vt 0.616851 0.712746
vt 0.353487 0.627419
vt 0.073755 0.720673
vt 0.758756 0.919546
vt 0.715146 0.410346
vt 0.546445 0.882568
vt 0.704506 0.428520
vt 0.456667 0.703643
vt 0.726857 0.946725
vt 0.977802 0.565537
vt 0.021563 0.128546
vt 0.977707 0.562102
vt 0.727772 0.944058
vt 0.577148 0.737061
vt 0.018066 0.117676
vt 0.736661 0.948569
vt 0.681217 0.672387
vt 0.917937 0.893418
vt 0.324385 0.205374
vt 0.456024 0.665566
vt 0.020111 0.118148
vt 0.660095 0.424797
vt 0.446904 0.665408
vt 0.860822 0.709569
vt 0.359709 0.626196
vt 0.119355 0.010741
vt 0.825316 0.717661
vt 0.019775 0.117188
vt 0.022361 0.113713
vt 0.119825 0.020498
vt 0.026635 0.109297
vt 0.973989 0.556701
vt 0.702029 0.431573
vt 0.744526 0.944178
vt 0.078265 0.727485
vt 0.021194 0.115599
vt 0.458797 0.694439
vt 0.021208 0.120761
vt 0.720516 0.944924
vt 0.975022 0.564913
vt 0.024069 0.129673
vt 0.621425 0.707482
vt 0.738625 0.945586
vt 0.877272 0.103628
vt 0.035393 0.110903
vt 0.116519 0.872989
vt 0.467408 0.680456
vt 0.441038 0.627438
vt 0.648598 0.429549
vt 0.613271 0.711303
vt 0.461358 0.698007
vt 0.722805 0.945895
vt 0.968587 0.546922
vt 0.467096 0.686574
vt 0.138329 0.026244
vt 0.619594 0.708909
vt 0.109610 0.010865
vt 0.817382 0.718750
vt 0.734367 0.421391
vt 0.753654 0.938986
vt 0.761757 0.918004
vt 0.021902 0.116872
vt 0.155717 0.011847
vt 0.866652 0.712124
vt 0.616053 0.710175
vt 0.690338 0.439095
vt 0.152109 0.016860
vt 0.724471 0.402529
vt 0.648712 0.424965
vt 0.444377 0.654062
vt 0.762090 0.919338
vt 0.721989 0.946285
vt 0.845728 0.703920
vt 0.023301 0.115461
vt 0.142626 0.025098
vt 0.718667 0.946575
vt 0.146127 0.024801
vt 0.642412 0.442849
vt 0.614311 0.709364
vt 0.757127 0.940264
vt 0.092404 0.027478
vt 0.731907 0.409810
vt 0.409660 0.197325
vt 0.027570 0.113945
vt 0.905856 0.908680
vt 0.960976 0.557566
vt 0.024940 0.115519
vt 0.749892 0.931386
vt 0.718479 0.956253
vt 0.617709 0.709655
vt 0.967019 0.566151
vt 0.028291 0.125457
vt 0.104474 0.021109
vt 0.350491 0.615231
vt 0.703818 0.061726
vt 0.850228 0.704437
vt 0.765724 0.917624
vt 0.718399 0.949209
vt 0.786600 0.885047
vt 0.550620 0.900796
vt 0.546739 0.901018
vt 0.766575 0.916870
vt 0.733278 0.954876
vt 0.448665 0.652829
vt 0.827663 0.710262
vt 0.962510 0.540908
vt 0.761927 0.934788
vt 0.721782 0.948681
vt 0.764213 0.919641
vt 0.470096 0.160933
vt 0.955646 0.547245
vt 0.690986 0.045956
vt 0.834050 0.582568
vt 0.098621 0.319811
vt 0.648202 0.434920
vt 0.606111 0.710968
vt 0.971700 0.536071
vt 0.625378 0.426319
vt 0.466419 0.665044
vt 0.599365 0.716553
vt 0.975691 0.545755
vt 0.141063 0.755536
vt 0.674597 0.442467
vt 0.717765 0.951164
vt 0.816904 0.715592
vt 0.734854 0.418645
vt 0.754932 0.950954
vt 0.353202 0.624669
vt 0.029923 0.110213
vt 0.083642 0.016163
vt 0.454207 0.646710
vt 0.434465 0.182528
vt 0.816926 0.711595
vt 0.735590 0.413752
vt 0.468166 0.691012
vt 0.862348 0.708208
vt 0.959740 0.535506
vt 0.695956 0.438548
vt 0.940173 0.453767
vt 0.108587 0.020951
vt 0.828863 0.575521
vt 0.106684 0.322534
vt 0.763516 0.930363
vt 0.899453 0.908599
vt 0.748302 0.570334
vt 0.027145 0.115478
vt 0.962249 0.532141
vt 0.881709 0.908721
vt 0.630802 0.701484
vt 0.731656 0.658804
vt 0.453245 0.650953
vt 0.122528 0.878802
vt 0.617184 0.708238
vt 0.953801 0.451599
vt 0.721423 0.950415
vt 0.619856 0.707606
vt 0.459925 0.641896
vt 0.767861 0.919195
vt 0.771413 0.926569
vt 0.937450 0.446644
vt 0.702062 0.439711
vt 0.758448 0.568841
vt 0.029745 0.113389
vt 0.080853 0.019439
vt 0.632558 0.439203
vt 0.793502 0.569087
vt 0.781774 0.909402
vt 0.834868 0.702264
vt 0.620413 0.417035
vt 0.430329 0.622018
vt 0.721271 0.951454
vt 0.713299 0.432271
vt 0.465075 0.701838
vt 0.770122 0.918993
vt 0.723089 0.953196
vt 0.705855 0.434944
vt 0.866693 0.707249
vt 0.715747 0.400241
vt 0.953878 0.536278
vt 0.643631 0.010197
vt 0.643653 0.008701
vt 0.118324 0.870257
vt 0.958295 0.533263
vt 0.771088 0.918689
vt 0.615967 0.707520
vt 0.771875 0.927876
vt 0.468730 0.695017
vt 0.155917 0.019959
vt 0.872192 0.707598
vt 0.769814 0.925863
vt 0.741278 0.965333
vt 0.044367 0.198833
vt 0.149967 0.024956
vt 0.636445 0.003335
vt 0.079966 0.309869
vt 0.854913 0.704084
vt 0.620916 0.706530
vt 0.768614 0.922019
vt 0.758987 0.926687
vt 0.718681 0.953845
vt 0.720947 0.952393
vt 0.858270 0.703756
vt 0.931589 0.449146
vt 0.618409 0.706560
vt 0.822955 0.702798
vt 0.769464 0.550291
vt 0.870677 0.921126
vt 0.957333 0.532014
vt 0.720483 0.959517
vt 0.342041 0.658691
vt 0.772436 0.937093
vt 0.423465 0.209743
vt 0.435607 0.184241
vt 0.949461 0.540131
vt 0.623152 0.435172
vt 0.032497 0.112221
vt 0.773471 0.925017
vt 0.791290 0.564230
vt 0.886087 0.109802
vt 0.151546 0.739455
vt 0.451661 0.831977
vt 0.710938 0.960449
vt 0.341246 0.652955
vt 0.077802 0.716164
vt 0.428491 0.196159
vt 0.865277 0.702954
vt 0.323124 0.762349
vt 0.272515 0.194975
vt 0.737146 0.580605
vt 0.705274 0.048094
vt 0.779472 0.556738
vt 0.755835 0.959941
vt 0.044582 0.212048
vt 0.129444 0.029016
vt 0.396873 0.203192
vt 0.772378 0.920324
vt 0.874023 0.916504
vt 0.872328 0.918192
vt 0.620501 0.705286
vt 0.960724 0.527968
vt 0.540344 0.833595
vt 0.691506 0.110686
vt 0.107668 0.030498
vt 0.879100 0.911785
vt 0.626027 0.701857
vt 0.613770 0.706543
vt 0.966676 0.529655
vt 0.620186 0.705930
vt 0.960567 0.529323
vt 0.955887 0.458863
vt 0.151556 0.023996
vt 0.770006 0.920637
vt 0.870002 0.918345
vt 0.949966 0.443554
vt 0.421817 0.217361
vt 0.933895 0.441548
vt 0.768799 0.920654
vt 0.868553 0.922019
vt 0.953051 0.533657
vt 0.722222 0.954916
vt 0.427498 0.200859
vt 0.454636 0.632618
vt 0.621689 0.704052
vt 0.943049 0.460767
vt 0.817014 0.707720
vt 0.736591 0.409231
vt 0.099488 0.724716
vt 0.616361 0.705641
vt 0.964694 0.528345
vt 0.762703 0.543886
vt 0.733134 0.402059
vt 0.776072 0.919189
vt 0.310795 0.772707
vt 0.102782 0.732010
vt 0.774528 0.924962
vt 0.311473 0.771561
vt 0.036270 0.119859
vt 0.018615 0.630570
vt 0.721085 0.955528
vt 0.712624 0.438327
vt 0.771482 0.920401
vt 0.904201 0.902536
vt 0.124400 0.868618
vt 0.911263 0.130496
vt 0.137147 0.038812
vt 0.904868 0.903194
vt 0.873667 0.915941
vt 0.864538 0.924247
vt 0.947480 0.536817
vt 0.898407 0.894426
vt 0.942590 0.543086
vt 0.952708 0.563698
vt 0.038422 0.132781
vt 0.035185 0.629548
vt 0.859752 0.910119
vt 0.362960 0.208218
vt 0.102393 0.030226
vt 0.052873 0.090661
vt 0.452528 0.856817
vt 0.362467 0.795474
vt 0.096402 0.720585
vt 0.872302 0.703226
vt 0.935112 0.440863
vt 0.774955 0.919991
vt 0.150055 0.741564
vt 0.449600 0.622521
vt 0.773183 0.558219
vt 0.777866 0.923813
vt 0.755492 0.556191
vt 0.809651 0.557246
vt 0.120707 0.341624
vt 0.781522 0.926284
vt 0.418471 0.202022
vt 0.769287 0.921143
vt 0.452048 0.185814
vt 0.928866 0.457855
vt 0.945204 0.437033
vt 0.725970 0.961594
vt 0.043446 0.188638
vt 0.445868 0.205390
vt 0.773454 0.941119
vt 0.746464 0.553145
vt 0.920487 0.334049
vt 0.117665 0.031182
vt 0.933420 0.464558
vt 0.458883 0.648752
vt 0.274778 0.199139
vt 0.724521 0.580310
vt 0.936402 0.298181
vt 0.420874 0.226422
vt 0.857704 0.909033
vt 0.438068 0.221168
vt 0.554842 0.900163
vt 0.179102 0.764753
vt 0.471494 0.697680
vt 0.721436 0.957031
vt 0.407919 0.210821
vt 0.849842 0.694537
vt 0.704291 0.028326
vt 0.710938 0.028809
vt 0.139559 0.758842
vt 0.817109 0.704138
vt 0.737580 0.404340
vt 0.775154 0.935364
vt 0.145149 0.758553
vt 0.163082 0.745262
vt 0.858264 0.909522
vt 0.861512 0.702747
vt 0.058658 0.715712
vt 0.870489 0.909716
vt 0.145001 0.036753
vt 0.684518 0.440221
vt 0.643922 0.004932
vt 0.064626 0.303476
vt 0.124886 0.854928
vt 0.945626 0.538243
vt 0.836543 0.693763
vt 0.940048 0.438575
vt 0.962650 0.459462
vt 0.793504 0.929725
vt 0.860206 0.908885
vt 0.317939 0.760947
vt 0.933631 0.438837
vt 0.807441 0.243862
vt 0.851438 0.914096
vt 0.280913 0.753644
vt 0.137805 0.710119
vt 0.926533 0.451313
vt 0.647487 0.443785
vt 0.035717 0.112462
vt 0.407713 0.203133
vt 0.794083 0.542411
vt 0.924998 0.445289
vt 0.864584 0.906153
vt 0.440514 0.213885
vt 0.067719 0.015769
vt 0.180859 0.992236
vt 0.790410 0.927668
vt 0.613977 0.424103
vt 0.943205 0.465848
vt 0.949224 0.464105
vt 0.615248 0.417022
vt 0.756937 0.537295
vt 0.151186 0.032474
vt 0.090735 0.032787
vt 0.141621 0.756064
vt 0.836499 0.901415
vt 0.802094 0.931262
vt 0.758761 0.563162
vt 0.716309 0.963880
vt 0.040527 0.181641
vt 0.330224 0.660842
vt 0.793080 0.937589
vt 0.448741 0.833030
vt 0.087281 0.713509
vt 0.790826 0.928983
vt 0.783903 0.920844
vt 0.407096 0.206877
vt 0.615523 0.415530
vt 0.429399 0.616888
vt 0.708461 0.037560
vt 0.346949 0.588170
vt 0.500318 0.141241
vt 0.937015 0.436755
vt 0.874458 0.914848
vt 0.620850 0.704102
vt 0.853079 0.914966
vt 0.934832 0.526646
vt 0.807790 0.242064
vt 0.755526 0.560279
vt 0.295193 0.758228
vt 0.868724 0.701886
vt 0.272457 0.753651
vt 0.142553 0.707332
vt 0.155272 0.026920
vt 0.875382 0.703629
vt 0.479068 0.692222
vt 0.895445 0.894314
vt 0.859198 0.903494
vt 0.707737 0.441109
vt 0.131873 0.040113
vt 0.962663 0.440277
vt 0.721131 0.960959
vt 0.042933 0.184765
vt 0.181436 0.767632
vt 0.791317 0.922965
vt 0.875488 0.105713
vt 0.036836 0.114151
vt 0.718487 0.439765
vt 0.474845 0.701626
vt 0.945639 0.464704
vt 0.875244 0.913818
vt 0.620626 0.703380
vt 0.080852 0.026080
vt 0.934494 0.434463
vt 0.939563 0.541391
vt 0.817615 0.231767
vt 0.966450 0.449975
vt 0.175836 0.766916
vt 0.924789 0.442599
vt 0.809209 0.262815
vt 0.832344 0.907782
vt 0.794568 0.924500
vt 0.876433 0.105191
vt 0.036865 0.112061
vt 0.068147 0.010031
vt 0.705609 0.411000
vt 0.135304 0.707950
vt 0.095957 0.719199
vt 0.788245 0.267810
vt 0.631577 0.446735
vt 0.795993 0.924420
vt 0.931233 0.436604
vt 0.812694 0.934497
vt 0.402942 0.202543
vt 0.777780 0.918655
vt 0.776154 0.945261
vt 0.043963 0.235393
vt 0.944074 0.436239
vt 0.874628 0.910380
vt 0.183471 0.766972
vt 0.941772 0.434223
vt 0.780409 0.919018
vt 0.437106 0.613219
vt 0.797556 0.897822
vt 0.561710 0.900363
vt 0.865655 0.905202
vt 0.706569 0.404654
vt 0.140724 0.037282
vt 0.706289 0.033856
vt 0.343151 0.623173
vt 0.784285 0.916164
vt 0.557971 0.878937
vt 0.403639 0.211266
vt 0.750970 0.566851
vt 0.476816 0.155904
vt 0.956890 0.432669
vt 0.920278 0.463820
vt 0.882589 0.268813
vt 0.479254 0.668705
vt 0.875000 0.912842
vt 0.098359 0.040310
vt 0.932669 0.435381
vt 0.812988 0.933350
vt 0.331458 0.636322
vt 0.096458 0.326106
vt 0.748757 0.558396
vt 0.920629 0.329411
vt 0.789520 0.936646
vt 0.405377 0.217286
vt 0.826328 0.694011
vt 0.875484 0.912149
vt 0.620850 0.702881
vt 0.810670 0.933745
vt 0.614746 0.415771
vt 0.428830 0.616092
vt 0.943580 0.434648
vt 0.835222 0.900980
vt 0.874332 0.109076
vt 0.038664 0.113684
vt 0.010540 0.625226
vt 0.608451 0.415214
vt 0.427279 0.610142
vt 0.092003 0.952177
vt 0.354264 0.586417
vt 0.495195 0.133886
vt 0.664412 0.661506
vt 0.067690 0.010094
vt 0.705135 0.410910
vt 0.402229 0.210554
vt 0.430488 0.615682
vt 0.742722 0.541828
vt 0.923670 0.344032
vt 0.809023 0.265110
vt 0.831126 0.906746
vt 0.929249 0.437669
vt 0.812759 0.935795
vt 0.614364 0.417589
vt 0.784483 0.538255
vt 0.404980 0.215277
vt 0.033653 0.188158
vt 0.714568 0.029901
vt 0.140116 0.763174
vt 0.841126 0.896016
vt 0.039491 0.183637
vt 0.327881 0.662354
vt 0.094976 0.717759
vt 0.445912 0.609756
vt 0.478708 0.696820
vt 0.421123 0.235350
vt 0.463211 0.647107
vt 0.241805 0.743156
vt 0.174511 0.695575
vt 0.902285 0.893965
vt 0.398833 0.206287
vt 0.682966 0.452338
vt 0.860248 0.695892
vt 0.784373 0.277680
vt 0.641680 0.451293
vt 0.957372 0.464421
vt 0.134719 0.870397
vt 0.903571 0.129982
vt 0.397290 0.206889
vt 0.946560 0.468262
vt 0.938729 0.468641
vt 0.724526 0.388663
vt 0.478537 0.681621
vt 0.781611 0.917279
vt 0.943985 0.468126
vt 0.068032 0.017506
vt 0.804855 0.268571
vt 0.832298 0.902869
vt 0.395418 0.209873
vt 0.713532 0.046436
vt 0.658575 0.454799
vt 0.825529 0.566022
vt 0.105497 0.331584
vt 0.940463 0.544481
vt 0.015139 0.620481
vt 0.924144 0.441566
vt 0.813437 0.940800
vt 0.117518 0.042062
vt 0.695485 0.449429
vt 0.059539 0.305345
vt 0.129292 0.851302
vt 0.923635 0.139490
vt 0.935352 0.433066
vt 0.813232 0.931101
vt 0.747342 0.561052
vt 0.922725 0.326678
vt 0.803235 0.273000
vt 0.832284 0.900177
vt 0.696656 0.402557
vt 0.953973 0.467660
vt 0.486223 0.151196
vt 0.875518 0.910081
vt 0.622314 0.701660
vt 0.854724 0.695080
vt 0.088596 0.036367
vt 0.794441 0.915647
vt 0.407949 0.228032
vt 0.208002 0.779069
vt 0.939503 0.430982
vt 0.812625 0.927981
vt 0.783934 0.917231
vt 0.199735 0.763558
vt 0.811223 0.927491
vt 0.557969 0.896676
vt 0.815925 0.242949
vt 0.793889 0.907624
vt 0.796831 0.916957
vt 0.776972 0.532739
vt 0.774308 0.947180
vt 0.044585 0.232085
vt 0.947048 0.433627
vt 0.948139 0.430754
vt 0.048392 0.012238
vt 0.195183 0.997778
vt 0.673126 0.405410
vt 0.745819 0.566153
vt 0.925097 0.322856
vt 0.708194 0.450163
vt 0.674383 0.454217
vt 0.874114 0.904356
vt 0.085984 0.319296
vt 0.706888 0.397365
vt 0.451473 0.620748
vt 0.689086 0.450790
vt 0.159111 0.035230
vt 0.873338 0.696849
vt 0.478391 0.159091
vt 0.093777 0.713846
vt 0.865811 0.696030
vt 0.067504 0.699520
vt 0.053392 0.691682
vt 0.552775 0.852631
vt 0.875180 0.110067
vt 0.008301 0.622559
vt 0.950341 0.432835
vt 0.680251 0.660465
vt 0.920153 0.882644
vt 0.815299 0.263210
vt 0.921570 0.447344
vt 0.761930 0.520307
vt 0.809251 0.266710
vt 0.829364 0.906262
vt 0.476725 0.654281
vt 0.435461 0.604611
vt 0.090376 0.958891
vt 0.888435 0.307226
vt 0.790035 0.944427
vt 0.045270 0.249881
vt 0.106976 0.035761
vt 0.149178 0.035823
vt 0.803827 0.278569
vt 0.830603 0.896143
vt 0.398873 0.209250
vt 0.140008 0.694380
vt 0.395620 0.212144
vt 0.160142 0.730293
vt 0.449502 0.832497
vt 0.612568 0.431842
vt 0.875932 0.904577
vt 0.875478 0.904630
vt 0.939644 0.563011
vt 0.036332 0.619077
vt 0.826422 0.210690
vt 0.940001 0.473216
vt 0.838873 0.895318
vt 0.192434 0.753245
vt 0.561223 0.898783
vt 0.478480 0.676976
vt 0.751850 0.529153
vt 0.788119 0.258301
vt 0.621922 0.440541
vt 0.929322 0.528725
vt 0.816235 0.240760
vt 0.810773 0.276915
vt 0.333066 0.626103
vt 0.561191 0.895401
vt 0.435172 0.230524
vt 0.949434 0.472601
vt 0.817006 0.699957
vt 0.738614 0.398237
vt 0.212843 0.781061
vt 0.329329 0.648417
vt 0.647748 0.449078
vt 0.140689 0.878435
vt 0.894517 0.122527
vt 0.943145 0.428170
vt 0.812576 0.924351
vt 0.472615 0.643037
vt 0.874992 0.901422
vt 0.611890 0.433682
vt 0.790051 0.226234
vt 0.599252 0.419955
vt 0.933558 0.329231
vt 0.883300 0.117686
vt 0.845556 0.694205
vt 0.715300 0.446659
vt 0.155386 0.035656
vt 0.876912 0.698736
vt 0.788353 0.914539
vt 0.797262 0.278885
vt 0.834954 0.894399
vt 0.478853 0.686988
vt 0.701442 0.449251
vt 0.795897 0.210141
vt 0.592285 0.415509
vt 0.103859 0.952149
vt 0.410669 0.236849
vt 0.277632 0.745007
vt 0.234147 0.738671
vt 0.181545 0.689226
vt 0.957307 0.467227
vt 0.925413 0.470440
vt 0.397256 0.217019
vt 0.960771 0.463631
vt 0.865371 0.895483
vt 0.967894 0.458392
vt 0.769366 0.525954
vt 0.868816 0.897799
vt 0.935539 0.470382
vt 0.968014 0.449379
vt 0.805746 0.307608
vt 0.886221 0.896232
vt 0.838614 0.892201
vt 0.127034 0.041597
vt 0.961865 0.466236
vt 0.844224 0.890328
vt 0.938095 0.323555
vt 0.815992 0.257104
vt 0.958121 0.470527
vt 0.873079 0.899321
vt 0.734153 0.390684
vt 0.887218 0.304377
vt 0.793253 0.944896
vt 0.790332 0.913808
vt 0.194716 0.991676
vt 0.034492 0.213093
vt 0.931954 0.544487
vt 0.825656 0.224036
vt 0.716238 0.388677
vt 0.875249 0.889562
vt 0.841604 0.889783
vt 0.816239 0.545216
vt 0.121964 0.355350
vt 0.874987 0.898133
vt 0.809123 0.921042
vt 0.066857 0.027423
vt 0.170416 0.685276
vt 0.742020 0.533336
vt 0.926650 0.351269
vt 0.247566 0.735378
vt 0.788586 0.914798
vt 0.101876 0.958725
vt 0.673607 0.399284
vt 0.782131 0.283206
vt 0.647679 0.453389
vt 0.797912 0.291672
vt 0.822200 0.889797
vt 0.917707 0.456340
vt 0.882655 0.275811
vt 0.931852 0.472923
vt 0.800504 0.917837
vt 0.749457 0.523103
vt 0.954084 0.481723
vt 0.488624 0.683753
vt 0.966485 0.462537
vt 0.824188 0.243055
vt 0.789307 0.914344
vt 0.214768 0.768824
vt 0.160947 0.729071
vt 0.448516 0.832764
vt 0.841384 0.691245
vt 0.901143 0.889681
vt 0.057664 0.026052
vt 0.179570 0.987479
vt 0.932879 0.548735
vt 0.825234 0.220277
vt 0.955054 0.430978
vt 0.337698 0.588514
vt 0.501243 0.148222
vt 0.454765 0.229961
vt 0.937074 0.880365
vt 0.790283 0.914307
vt 0.786779 0.229588
vt 0.603655 0.427664
vt 0.954756 0.429692
vt 0.817591 0.266027
vt 0.394703 0.227684
vt 0.939634 0.474912
vt 0.786264 0.211972
vt 0.240042 0.731007
vt 0.091829 0.706352
vt 0.072783 0.034079
vt 0.432371 0.239847
vt 0.132952 0.044445
vt 0.318994 0.758838
vt 0.720871 0.032683
vt 0.139034 0.768794
vt 0.033964 0.182990
vt 0.325327 0.660899
vt 0.832819 0.689084
vt 0.691504 0.394733
vt 0.236137 0.736752
vt 0.753935 0.516120
vt 0.215391 0.783625
vt 0.966406 0.463496
vt 0.176416 0.784958
vt 0.817532 0.263239
vt 0.164038 0.725475
vt 0.444276 0.833454
vt 0.962127 0.469117
vt 0.333196 0.621108
vt 0.567359 0.893923
vt 0.946568 0.424766
vt 0.813135 0.922392
vt 0.719727 0.455078
vt 0.721286 0.448823
vt 0.491221 0.697331
vt 0.486177 0.671008
vt 0.088388 0.335887
vt 0.421063 0.242659
vt 0.053159 0.311323
vt 0.924009 0.153098
vt 0.442234 0.593632
vt 0.088554 0.966660
vt 0.757375 0.860260
vt 0.275134 0.220158
vt 0.955327 0.305260
vt 0.488256 0.693955
vt 0.205283 0.789855
vt 0.458549 0.222222
vt 0.937945 0.872325
vt 0.940621 0.476372
vt 0.344042 0.571475
vt 0.486253 0.164558
vt 0.449334 0.608179
vt 0.818099 0.271752
vt 0.916286 0.445316
vt 0.884827 0.286274
vt 0.813386 0.948665
vt 0.469169 0.636376
vt 0.436787 0.886917
vt 0.366433 0.781980
vt 0.214405 0.787614
vt 0.872429 0.116084
vt 0.008521 0.619948
vt 0.978416 0.457302
vt 0.792592 0.913335
vt 0.793003 0.913064
vt 0.838481 0.888780
vt 0.152155 0.047844
vt 0.947420 0.425332
vt 0.934994 0.476841
vt 0.645388 0.397554
vt 0.661644 0.394061
vt 0.464296 0.626488
vt 0.961760 0.477716
vt 0.952794 0.426654
vt 0.793946 0.288673
vt 0.825467 0.885670
vt 0.673590 0.460092
vt 0.805237 0.524381
vt 0.220581 0.992656
vt 0.707416 0.392451
vt 0.917739 0.449499
vt 0.883550 0.281679
vt 0.669047 0.458944
vt 0.933105 0.473759
vt 0.229950 0.997802
vt 0.635789 0.401976
vt 0.110258 0.965599
vt 0.840772 0.686705
vt 0.221000 0.773909
vt 0.694109 0.461361
vt 0.967540 0.490709
vt 0.902319 0.606876
vt 0.743250 0.524106
vt 0.930054 0.358454
vt 0.794536 0.905478
vt 0.553169 0.830260
vt 0.708184 0.116923
vt 0.805421 0.901664
vt 0.572252 0.898887
vt 0.124656 0.053660
vt 0.180646 0.686114
vt 0.817134 0.696221
vt 0.739343 0.392430
vt 0.105841 0.041979
vt 0.281783 0.733509
vt 0.420643 0.245542
vt 0.791370 0.199532
vt 0.807226 0.330706
vt 0.619071 0.903123
vt 0.083923 0.705558
vt 0.259447 0.263704
vt 0.960837 0.495726
vt 0.888116 0.613739
vt 0.918522 0.994808
vt 0.037262 0.235950
vt 0.270318 0.210833
vt 0.951356 0.323343
vt 0.796368 0.169061
vt 0.142687 0.952531
vt 0.814000 0.323791
vt 0.872406 0.888743
vt 0.799117 0.315094
vt 0.974966 0.458576
vt 0.124671 0.958897
vt 0.895969 0.305617
vt 0.908012 0.993194
vt 0.040206 0.250093
vt 0.437483 0.844123
vt 0.895622 0.303106
vt 0.892648 0.888210
vt 0.569557 0.897147
vt 0.192324 0.985523
vt 0.820895 0.321580
vt 0.620104 0.884751
vt 0.896738 0.882212
vt 0.824274 0.240077
vt 0.486291 0.652391
vt 0.077837 0.037848
vt 0.792064 0.308322
vt 0.782877 0.249074
vt 0.617937 0.438663
vt 0.608395 0.432126
vt 0.322127 0.751336
vt 0.066507 0.034041
vt 0.687665 0.463037
vt 0.945732 0.486081
vt 0.315900 0.635204
vt 0.748595 0.520999
vt 0.413262 0.244817
vt 0.460277 0.617037
vt 0.132784 0.866379
vt 0.906254 0.133597
vt 0.476586 0.199953
vt 0.217895 0.779272
vt 0.878708 0.127381
vt 0.721892 0.044801
vt 0.129041 0.054235
vt 0.463691 0.215150
vt 0.940239 0.863668
vt 0.778540 0.512124
vt 0.887901 0.134244
vt 0.967098 0.467411
vt 0.079339 0.707155
vt 0.017518 0.609164
vt 0.849134 0.684991
vt 0.860660 0.686953
vt 0.794977 0.912694
vt 0.867153 0.684754
vt 0.116192 0.053237
vt 0.938676 0.491217
vt 0.160276 0.043511
vt 0.873604 0.688393
vt 0.717910 0.051710
vt 0.959463 0.428138
vt 0.920602 0.996904
vt 0.036637 0.232892
vt 0.396933 0.238683
vt 0.873889 0.257324
vt 0.855313 0.885278
vt 0.958471 0.421170
vt 0.948566 0.280682
vt 0.011288 0.614517
vt 0.026170 0.188655
vt 0.316650 0.664307
vt 0.233696 0.737001
vt 0.183107 0.687865
vt 0.678316 0.466088
vt 0.869756 0.117703
vt 0.009779 0.617061
vt 0.682104 0.462006
vt 0.029711 0.185585
vt 0.319650 0.663205
vt 0.968916 0.473464
vt 0.320142 0.660006
vt 0.836921 0.687472
vt 0.136152 0.050806
vt 0.970077 0.462934
vt 0.236673 0.733895
vt 0.088226 0.038074
vt 0.825102 0.265345
vt 0.222677 0.761653
vt 0.814228 0.920616
vt 0.894254 0.294127
vt 0.031301 0.703341
vt 0.723818 0.634596
vt 0.177063 0.679677
vt 0.726295 0.067338
vt 0.224011 0.985501
vt 0.924106 0.470192
vt 0.883339 0.263375
vt 0.801711 0.908034
vt 0.428127 0.246948
vt 0.096052 0.050142
vt 0.872813 0.267948
vt 0.843181 0.883327
vt 0.862277 0.484216
vt 0.204906 0.800185
vt 0.233533 0.293209
vt 0.887159 0.649689
vt 0.799361 0.334750
vt 0.943876 0.020807
vt 0.626464 0.905950
vt 0.949190 0.423087
vt 0.814822 0.921339
vt 0.802072 0.909060
vt 0.084014 0.037954
vt 0.813717 0.337243
vt 0.625092 0.893352
vt 0.787515 0.260578
vt 0.624198 0.443178
vt 0.883086 0.886173
vt 0.315342 0.624622
vt 0.873508 0.265498
vt 0.846239 0.883613
vt 0.967611 0.468809
vt 0.796056 0.152030
vt 0.255949 0.802929
vt 0.159264 0.949896
vt 0.782162 0.241727
vt 0.604009 0.429947
vt 0.257513 0.794149
vt 0.158880 0.957130
vt 0.057856 0.036055
vt 0.184511 0.979381
vt 0.825022 0.263127
vt 0.974041 0.483551
vt 0.915317 0.602960
vt 0.822729 0.529895
vt 0.113364 0.370279
vt 0.250539 0.255598
vt 0.956040 0.499748
vt 0.928947 0.475262
vt 0.219606 0.783065
vt 0.229492 0.736328
vt 0.181784 0.684300
vt 0.211189 0.716448
vt 0.250661 0.998637
vt 0.201384 0.664365
vt 0.612555 0.399895
vt 0.962902 0.424095
vt 0.670952 0.466730
vt 0.711505 0.387898
vt 0.833501 0.240378
vt 0.667515 0.466132
vt 0.844359 0.684688
vt 0.419174 0.250873
vt 0.784175 0.257952
vt 0.944185 0.328570
vt 0.737856 0.039240
vt 0.840545 0.548187
vt 0.140580 0.786555
vt 0.461941 0.189873
vt 0.490279 0.689268
vt 0.476612 0.641552
vt 0.139715 0.050160
vt 0.651801 0.462333
vt 0.939126 0.994229
vt 0.023814 0.212142
vt 0.242864 0.725448
vt 0.942108 0.996563
vt 0.022853 0.195996
vt 0.872426 0.281000
vt 0.785878 0.297451
vt 0.827235 0.880781
vt 0.715945 0.461536
vt 0.496354 0.702652
vt 0.081456 0.351837
vt 0.930618 0.476558
vt 0.834822 0.220447
vt 0.179007 0.681885
vt 0.868002 0.887353
vt 0.873898 0.244954
vt 0.825757 0.271891
vt 0.453261 0.599454
vt 0.085087 0.975459
vt 0.797618 0.911523
vt 0.317389 0.647165
vt 0.943295 0.341845
vt 0.945256 0.333165
vt 0.317900 0.744533
vt 0.854337 0.685204
vt 0.229068 0.731819
vt 0.185473 0.681287
vt 0.899493 0.679603
vt 0.768141 0.508037
vt 0.643528 0.899296
vt 0.700990 0.463503
vt 0.798340 0.911655
vt 0.149298 0.046441
vt 0.202367 0.741801
vt 0.137448 0.682213
vt 0.875185 0.888903
vt 0.707332 0.388991
vt 0.667677 0.385868
vt 0.456548 0.605303
vt 0.171144 0.441162
vt 0.893082 0.874404
vt 0.065643 0.036932
vt 0.213100 0.792355
vt 0.570755 0.894532
vt 0.776998 0.277045
vt 0.834552 0.224578
vt 0.251465 0.812744
vt 0.783773 0.163577
vt 0.217253 0.788373
vt 0.222483 0.776716
vt 0.758775 0.506589
vt 0.250016 0.992094
vt 0.931533 0.477280
vt 0.673679 0.466899
vt 0.724453 0.384592
vt 0.750878 0.510415
vt 0.390207 0.230241
vt 0.773053 0.748468
vt 0.132781 0.053170
vt 0.086861 0.046031
vt 0.748339 0.510028
vt 0.894363 0.142041
vt 0.251609 0.726209
vt 0.730945 0.056402
vt 0.227965 0.733435
vt 0.182947 0.678773
vt 0.235269 0.727471
vt 0.836152 0.682941
vt 0.941790 0.350452
vt 0.144832 0.048263
vt 0.923598 0.475380
vt 0.825133 0.686039
vt 0.828105 0.308758
vt 0.322762 0.750728
vt 0.772774 0.283057
vt 0.649228 0.461263
vt 0.113487 0.444068
vt 0.686946 0.643991
vt 0.917522 0.872120
vt 0.900460 0.879247
vt 0.796539 0.521512
vt 0.787816 0.517420
vt 0.792691 0.334846
vt 0.937225 0.016336
vt 0.790095 0.150579
vt 0.252076 0.809818
vt 0.953857 0.418701
vt 0.815686 0.918084
vt 0.087616 0.041255
vt 0.327095 0.554115
vt 0.499257 0.173925
vt 0.778433 0.206337
vt 0.899655 0.879702
vt 0.953365 0.419438
vt 0.816161 0.918460
vt 0.963600 0.425484
vt 0.952881 0.264160
vt 0.891434 0.266014
vt 0.802336 0.912534
vt 0.868120 0.120049
vt 0.009521 0.614502
vt 0.866984 0.122155
vt 0.008789 0.612061
vt 0.201824 0.662409
vt 0.613507 0.393716
vt 0.225401 0.775835
vt 0.960353 0.421598
vt 0.949458 0.277846
vt 0.932527 0.480213
vt 0.213779 0.321046
vt 0.886047 0.678600
vt 0.799470 0.911260
vt 0.024731 0.188441
vt 0.313892 0.662953
vt 0.215995 0.792251
vt 0.167571 0.674595
vt 0.922851 0.987314
vt 0.029592 0.221560
vt 0.478252 0.632396
vt 0.832635 0.683555
vt 0.897588 0.145807
vt 0.874974 0.887690
vt 0.872876 0.242040
vt 0.492041 0.670280
vt 0.336746 0.759669
vt 0.448761 0.240256
vt 0.937988 0.891117
vt 0.196071 0.979045
vt 0.491104 0.663912
vt 0.221625 0.784616
vt 0.219791 0.787505
vt 0.838032 0.680964
vt 0.225853 0.769265
vt 0.875977 0.887207
vt 0.088602 0.693320
vt 0.977410 0.471585
vt 0.939742 0.223695
vt 0.930066 0.595752
vt 0.470128 0.624002
vt 0.833191 0.262907
vt 0.224363 0.771869
vt 0.919169 0.477733
vt 0.891886 0.258564
vt 0.708319 0.385627
vt 0.237266 0.725961
vt 0.573621 0.893802
vt 0.223389 0.781000
vt 0.872724 0.272327
vt 0.838189 0.882749
vt 0.220046 0.720708
vt 0.192060 0.669306
vt 0.222417 0.784755
vt 0.973318 0.436137
vt 0.954171 0.257868
vt 0.875488 0.886475
vt 0.955091 0.417668
vt 0.816487 0.917498
vt 0.938025 0.033289
vt 0.225127 0.717843
vt 0.260978 0.992683
vt 0.923491 0.481106
vt 0.893512 0.252017
vt 0.979240 0.448049
vt 0.954590 0.242182
vt 0.233414 0.790642
vt 0.668937 0.890703
vt 0.223999 0.780639
vt 0.225150 0.777068
vt 0.866943 0.120605
vt 0.010569 0.612789
vt 0.202045 0.310751
vt 0.633386 0.388950
vt 0.227598 0.728272
vt 0.186035 0.677002
vt 0.875231 0.885283
vt 0.871344 0.238093
vt 0.149744 0.964641
vt 0.816552 0.690789
vt 0.739854 0.383006
vt 0.414393 0.253724
vt 0.219353 0.710983
vt 0.247853 0.985215
vt 0.867371 0.246479
vt 0.176611 0.676719
vt 0.954904 0.419209
vt 0.238181 0.724344
vt 0.244140 0.723130
vt 0.104435 0.051382
vt 0.387584 0.227830
vt 0.207600 0.327825
vt 0.886936 0.686239
vt 0.561182 0.829004
vt 0.841538 0.680265
vt 0.235917 0.726714
vt 0.904534 0.303916
vt 0.908305 0.985847
vt 0.233360 0.724674
vt 0.220028 0.789204
vt 0.465315 0.615852
vt 0.569067 0.877210
vt 0.720254 0.082259
vt 0.229683 0.256921
vt 0.861304 0.674861
vt 0.801192 0.911438
vt 0.919927 0.985932
vt 0.716493 0.379736
vt 0.315566 0.612098
vt 0.772922 0.780793
vt 0.359744 0.229335
vt 0.242789 0.241039
vt 0.950576 0.505589
vt 0.226841 0.777633
vt 0.977209 0.462261
vt 0.946399 0.231649
vt 0.182731 0.677341
vt 0.875977 0.885254
vt 0.871582 0.237793
vt 0.221924 0.725342
vt 0.180300 0.673924
vt 0.010156 0.611228
vt 0.833746 0.272598
vt 0.480704 0.639554
vt 0.801447 0.910910
vt 0.312011 0.661833
vt 0.891990 0.284770
vt 0.832463 0.247706
vt 0.675669 0.897988
vt 0.227317 0.799234
vt 0.870515 0.236855
vt 0.218926 0.791377
vt 0.210548 0.340608
vt 0.900823 0.685272
vt 0.253486 0.782772
vt 0.165003 0.965562
vt 0.036635 0.609081
vt 0.836402 0.208638
vt 0.174740 0.674926
vt 0.675921 0.469258
vt 0.178089 0.676098
vt 0.236872 0.780361
vt 0.170444 0.718259
vt 0.435049 0.834722
vt 0.873230 0.302989
vt 0.785750 0.307703
vt 0.226570 0.773952
vt 0.125585 0.059147
vt 0.235691 0.723768
vt 0.773086 0.231464
vt 0.943766 0.047861
vt 0.656604 0.905338
vt 0.914829 0.650384
vt 0.950471 0.326043
vt 0.492973 0.664389
vt 0.130372 0.055808
vt 0.777247 0.248842
vt 0.202406 0.331611
vt 0.403210 0.246426
vt 0.867223 0.256850
vt 0.866722 0.264989
vt 0.411115 0.253288
vt 0.426009 0.256608
vt 0.646620 0.885015
vt 0.051729 0.441522
vt 0.027816 0.690939
vt 0.721177 0.627692
vt 0.892673 0.278348
vt 0.891292 0.272685
vt 0.228653 0.775559
vt 0.752684 0.506881
vt 0.419974 0.255488
vt 0.227535 0.768811
vt 0.441748 0.248355
vt 0.939720 0.900261
vt 0.833558 0.242932
vt 0.627616 0.885158
vt 0.830169 0.677005
vt 0.179446 0.675914
vt 0.209777 0.343074
vt 0.193123 0.338894
vt 0.219425 0.792301
vt 0.075003 0.695573
vt 0.432899 0.253893
vt 0.941752 0.907295
vt 0.708041 0.381042
vt 0.868443 0.234665
vt 0.203435 0.347786
vt 0.494585 0.661583
vt 0.105566 0.972548
vt 0.199536 0.661650
vt 0.609268 0.387826
vt 0.977457 0.460158
vt 0.947126 0.234880
vt 0.497752 0.653833
vt 0.823541 0.680613
vt 0.904297 0.956543
vt 0.804226 0.910200
vt 0.878117 0.881901
vt 0.872720 0.234671
vt 0.188243 0.668498
vt 0.783734 0.149653
vt 0.870168 0.449039
vt 0.246098 0.814088
vt 0.194636 0.316790
vt 0.212107 0.798462
vt 0.926141 0.480388
vt 0.883181 0.878945
vt 0.865415 0.270263
vt 0.022349 0.190027
vt 0.309570 0.665283
vt 0.863683 0.123435
vt 0.010637 0.609422
vt 0.786531 0.324421
vt 0.873176 0.315098
vt 0.933059 0.010461
vt 0.927046 0.487573
vt 0.892904 0.243581
vt 0.943810 0.071938
vt 0.681820 0.904476
vt 0.815857 0.688893
vt 0.739893 0.380641
vt 0.659230 0.464639
vt 0.185498 0.322687
vt 0.667104 0.474717
vt 0.904199 0.302154
vt 0.227571 0.772710
vt 0.383849 0.231317
vt 0.775246 0.754878
vt 0.064273 0.046364
vt 0.835853 0.679844
vt 0.495839 0.661430
vt 0.178229 0.675041
vt 0.819178 0.683388
vt 0.057527 0.044350
vt 0.182750 0.972028
vt 0.948107 0.329095
vt 0.217794 0.797044
vt 0.849502 0.515014
vt 0.175091 0.796774
vt 0.868142 0.234109
vt 0.215823 0.799350
vt 0.217074 0.796439
vt 0.832956 0.265213
vt 0.842871 0.675409
vt 0.464295 0.602233
vt 0.086054 0.980389
vt 0.743380 0.512554
vt 0.940953 0.359982
vt 0.867314 0.234354
vt 0.148794 0.067078
vt 0.864346 0.125318
vt 0.865863 0.267040
vt 0.962496 0.420871
vt 0.949707 0.277100
vt 0.867581 0.239472
vt 0.865145 0.124268
vt 0.008057 0.610107
vt 0.157097 0.446725
vt 0.900645 0.872964
vt 0.177177 0.674703
vt 0.847753 0.675457
vt 0.889025 0.958086
vt 0.812676 0.913575
vt 0.499437 0.669773
vt 0.227154 0.766776
vt 0.865972 0.231450
vt 0.122001 0.063364
vt 0.864725 0.278173
vt 0.103752 0.056532
vt 0.240967 0.226318
vt 0.931991 0.495901
vt 0.891692 0.233961
vt 0.113205 0.061152
vt 0.488869 0.638366
vt 0.843063 0.229143
vt 0.702921 0.897576
vt 0.314900 0.619883
vt 0.230964 0.715146
vt 0.660219 0.471311
vt 0.759899 0.498655
vt 0.188780 0.299389
vt 0.208260 0.354623
vt 0.309570 0.663086
vt 0.212755 0.351400
vt 0.908151 0.685182
vt 0.084993 0.048897
vt 0.127906 0.060372
vt 0.859616 0.123827
vt 0.011382 0.605565
vt 0.862287 0.123897
vt 0.010785 0.607709
vt 0.901843 0.282577
vt 0.865666 0.230751
vt 0.324601 0.745727
vt 0.104548 0.980702
vt 0.228691 0.770233
vt 0.773896 0.248863
vt 0.229494 0.769045
vt 0.725094 0.375638
vt 0.775172 0.258520
vt 0.688747 0.478856
vt 0.665039 0.385498
vt 0.808808 0.902386
vt 0.577131 0.898772
vt 0.694591 0.478487
vt 0.193468 0.971206
vt 0.872018 0.133339
vt 0.976729 0.465111
vt 0.943059 0.229731
vt 0.735001 0.378682
vt 0.664307 0.385254
vt 0.664307 0.385254
vt 0.664307 0.385254
vt 0.664307 0.385254
vt 0.663818 0.385254
vt 0.214291 0.801644
vt 0.240131 0.721820
vt 0.864054 0.229099
vt 0.166173 0.442933
vt 0.896237 0.873190
vt 0.900750 0.956670
vt 0.805656 0.910824
vt 0.306001 0.661625
vt 0.641167 0.383337
vt 0.804912 0.908562
vt 0.582900 0.903249
vt 0.080593 0.694312
vt 0.925439 0.484166
vt 0.893094 0.247436
vt 0.831939 0.675472
vt 0.073713 0.053428
vt 0.968343 0.425027
vt 0.950159 0.271663
vt 0.903373 0.956869
vt 0.805122 0.910460
vt 0.018930 0.189735
vt 0.307068 0.666526
vt 0.192174 0.355484
vt 0.841298 0.220912
vt 0.471480 0.622123
vt 0.957647 0.415783
vt 0.945341 0.283004
vt 0.818309 0.916212
vt 0.882133 0.957881
vt 0.500240 0.664654
vt 0.492623 0.676291
vt 0.965724 0.422063
vt 0.950439 0.274403
vt 0.020016 0.189244
vt 0.308350 0.666260
vt 0.770531 0.206437
vt 0.817178 0.915664
vt 0.883545 0.957249
vt 0.173657 0.670214
vt 0.670335 0.476682
vt 0.862305 0.125112
vt 0.322682 0.744498
vt 0.147744 0.971960
vt 0.936970 0.057457
vt 0.857192 0.124088
vt 0.012046 0.603763
vt 0.181464 0.345442
vt 0.044063 0.599449
vt 0.845370 0.219624
vt 0.863529 0.231187
vt 0.306885 0.665527
vt 0.746624 0.500987
vt 0.951304 0.361978
vt 0.562707 0.827774
vt 0.724029 0.122590
vt 0.305246 0.649977
vt 0.656927 0.376021
vt 0.494077 0.647711
vt 0.410782 0.260185
vt 0.962847 0.913517
vt 0.230256 0.766436
vt 0.832304 0.674560
vt 0.951130 0.899758
vt 0.671716 0.475827
vt 0.131519 0.061550
vt 0.419261 0.262001
vt 0.752377 0.497959
vt 0.955811 0.367676
vt 0.861328 0.125244
vt 0.829247 0.339921
vt 0.625891 0.877839
vt 0.212400 0.801222
vt 0.946239 0.993472
vt 0.968994 0.995361
vt 0.015133 0.190911
vt 0.499503 0.656813
vt 0.980848 0.456508
vt 0.948548 0.238348
vt 0.682099 0.475267
vt 0.942933 0.094488
vt 0.705043 0.904215
vt 0.071920 0.684653
vt 0.861734 0.126743
vt 0.899077 0.277892
vt 0.922830 0.567608
vt 0.171683 0.716790
vt 0.433177 0.835019
vt 0.873274 0.331837
vt 0.928805 0.013330
vt 0.239877 0.772477
vt 0.952543 0.331382
vt 0.686487 0.883828
vt 0.187427 0.663584
vt 0.598288 0.385130
vt 0.952039 0.890383
vt 0.428357 0.856509
vt 0.678761 0.379097
vt 0.137127 0.061180
vt 0.838770 0.673988
vt 0.500902 0.657533
vt 0.709291 0.474950
vt 0.708241 0.373554
vt 0.930591 0.036372
vt 0.241198 0.721195
vt 0.861281 0.228014
vt 0.861450 0.227347
vt 0.930598 0.213251
vt 0.930800 0.617369
vt 0.905714 0.956354
vt 0.805483 0.909912
vt 0.193598 0.655204
vt 0.617536 0.381240
vt 0.306783 0.663852
vt 0.305479 0.666046
vt 0.869720 0.230240
vt 0.705542 0.889096
vt 0.705210 0.891655
vt 0.668664 0.475623
vt 0.125240 0.064213
vt 0.918356 0.526819
vt 0.209185 0.734650
vt 0.844584 0.224769
vt 0.502408 0.661736
vt 0.709140 0.373523
vt 0.881110 0.876289
vt 0.874000 0.229001
vt 0.707972 0.897653
vt 0.937861 0.077971
vt 0.017334 0.190188
vt 0.305420 0.667969
vt 0.213867 0.800049
vt 0.842027 0.263157
vt 0.860405 0.126512
vt 0.914228 0.680257
vt 0.814856 0.685512
vt 0.739981 0.371361
vt 0.075586 0.047350
vt 0.469633 0.613143
vt 0.906738 0.956787
vt 0.717816 0.376795
vt 0.775780 0.749723
vt 0.772485 0.277177
vt 0.102222 0.059142
vt 0.733891 0.050307
vt 0.237212 0.978693
vt 0.764709 0.244791
vt 0.327887 0.738075
vt 0.926898 0.656436
vt 0.386290 0.230947
vt 0.774860 0.752571
vt 0.867235 0.490169
vt 0.201591 0.802276
vt 0.867067 0.471102
vt 0.224758 0.807167
vt 0.951734 0.329476
vt 0.710481 0.896697
vt 0.923639 0.481922
vt 0.893907 0.250776
vt 0.469576 0.599559
vt 0.241868 0.719270
vt 0.945377 0.274618
vt 0.427732 0.262120
vt 0.950408 0.906976
vt 0.947688 0.276643
vt 0.300181 0.638115
vt 0.165361 0.065542
vt 0.873818 0.666975
vt 0.064138 0.688581
vt 0.874620 0.450155
vt 0.775542 0.155257
vt 0.801641 0.502695
vt 0.502313 0.658307
vt 0.706649 0.889838
vt 0.921387 0.981080
vt 0.172105 0.669315
vt 0.939964 0.983435
vt 0.017678 0.203542
vt 0.578148 0.893645
vt 0.165162 0.663885
vt 0.861457 0.242824
vt 0.828738 0.676697
vt 0.285241 0.723560
vt 0.176146 0.330317
vt 0.945603 0.277836
vt 0.860386 0.236553
vt 0.133706 0.978467
vt 0.487843 0.636121
vt 0.969971 0.995850
vt 0.015841 0.190185
vt 0.304426 0.669650
vt 0.159313 0.061009
vt 0.841648 0.240065
vt 0.764021 0.248554
vt 0.841444 0.270949
vt 0.907542 0.957058
vt 0.807617 0.908936
vt 0.907215 0.957578
vt 0.710426 0.898164
vt 0.213837 0.358157
vt 0.915535 0.685116
vt 0.245493 0.720054
vt 0.830617 0.674793
vt 0.860266 0.240977
vt 0.468748 0.597672
vt 0.083748 0.984454
vt 0.859774 0.225647
vt 0.904878 0.959482
vt 0.659523 0.475859
vt 0.498431 0.644562
vt 0.017008 0.598858
vt 0.212027 0.359727
vt 0.938369 0.095331
vt 0.667366 0.477510
vt 0.124658 0.065275
vt 0.709913 0.902952
vt 0.674001 0.877058
vt 0.859852 0.127594
vt 0.854742 0.125940
vt 0.677535 0.372920
vt 0.296382 0.628125
vt 0.473264 0.621723
vt 0.774228 0.266969
vt 0.970074 0.992944
vt 0.302750 0.666739
vt 0.941272 0.097511
vt 0.708920 0.904315
vt 0.710118 0.894715
vt 0.111734 0.066767
vt 0.820279 0.677356
vt 0.835589 0.305492
vt 0.951081 0.248325
vt 0.931670 0.227674
vt 0.941788 0.595964
vt 0.117469 0.068759
vt 0.824339 0.674604
vt 0.043531 0.328451
vt 0.925050 0.163869
vt 0.725377 0.375365
vt 0.857040 0.128433
vt 0.121463 0.070475
vt 0.826904 0.672291
vt 0.925458 0.978513
vt 0.502569 0.654662
vt 0.403771 0.258810
vt 0.969145 0.909669
vt 0.856708 0.229121
vt 0.769023 0.252854
vt 0.492929 0.640233
vt 0.856108 0.124414
vt 0.011510 0.601367
vt 0.974932 0.435011
vt 0.946214 0.262443
vt 0.180651 0.305623
vt 0.897623 0.252286
vt 0.232073 0.709088
vt 0.262177 0.978577
vt 0.582098 0.898786
vt 0.960711 0.347906
vt 0.858749 0.264703
vt 0.130290 0.066534
vt 0.084847 0.680275
vt 0.863898 0.481691
vt 0.213432 0.802510
vt 0.168090 0.336644
vt 0.397876 0.255468
vt 0.975038 0.904964
vt 0.177597 0.354710
vt 0.665187 0.479879
vt 0.503340 0.651219
vt 0.667177 0.480795
vt 0.504696 0.652720
vt 0.259972 0.778429
vt 0.164335 0.971435
vt 0.854578 0.673623
vt 0.126887 0.066865
vt 0.895602 0.148385
vt 0.703120 0.480346
vt 0.908203 0.952637
vt 0.807949 0.907930
vt 0.584049 0.903147
vt 0.909811 0.958910
vt 0.327732 0.737548
vt 0.937812 0.231598
vt 0.227632 0.233605
vt 0.888785 0.213941
vt 0.390037 0.238925
vt 0.777033 0.747495
vt 0.910459 0.958551
vt 0.063134 0.052668
vt 0.100857 0.064863
vt 0.812772 0.682353
vt 0.740956 0.363036
vt 0.133762 0.670826
vt 0.712605 0.896527
vt 0.968141 0.995225
vt 0.014105 0.191099
vt 0.183797 0.303643
vt 0.914177 0.962015
vt 0.859856 0.224761
vt 0.199214 0.368181
vt 0.718763 0.896206
vt 0.857817 0.237375
vt 0.854125 0.122400
vt 0.010667 0.599059
vt 0.842739 0.240191
vt 0.172013 0.347685
vt 0.940968 0.099382
vt 0.710694 0.904297
vt 0.858473 0.266945
vt 0.865272 0.129343
vt 0.123111 0.071607
vt 0.827906 0.670993
vt 0.707942 0.888428
vt 0.715445 0.895680
vt 0.232363 0.763611
vt 0.485195 0.630042
vt 0.882080 0.871582
vt 0.871137 0.225510
vt 0.045036 0.044083
vt 0.193874 0.964185
vt 0.033941 0.597494
vt 0.709099 0.889756
vt 0.968472 0.992272
vt 0.848798 0.225091
vt 0.865934 0.305301
vt 0.668510 0.482474
vt 0.506800 0.654133
vt 0.939637 0.107448
vt 0.718821 0.903914
vt 0.842317 0.279954
vt 0.710182 0.891331
vt 0.856437 0.224909
vt 0.762019 0.281694
vt 0.650826 0.467000
vt 0.857702 0.222848
vt 0.707509 0.886891
vt 0.671663 0.478503
vt 0.905800 0.963763
vt 0.226645 0.972018
vt 0.705823 0.884589
vt 0.968708 0.990688
vt 0.298360 0.668290
vt 0.310544 0.620223
vt 0.947490 0.993307
vt 0.011744 0.199477
vt 0.929496 0.674817
vt 0.711554 0.893639
vt 0.101875 0.987352
vt 0.853274 0.121894
vt 0.853027 0.121094
vt 0.009541 0.597412
vt 0.858194 0.242147
vt 0.883261 0.152897
vt 0.967256 0.994961
vt 0.012979 0.191378
vt 0.878432 0.143342
vt 0.915076 0.962489
vt 0.866997 0.325608
vt 0.923255 0.019876
vt 0.667703 0.481817
vt 0.505730 0.653836
vt 0.712000 0.900868
vt 0.346215 0.752143
vt 0.842339 0.244200
vt 0.967029 0.994378
vt 0.011475 0.190918
vt 0.795654 0.000732
vt 0.780180 0.750852
vt 0.938614 0.106669
vt 0.318420 0.580281
vt 0.957003 0.328023
vt 0.913011 0.302772
vt 0.908143 0.978638
vt 0.095060 0.058317
vt 0.732119 0.086975
vt 0.845096 0.221616
vt 0.959733 0.334022
vt 0.717877 0.887542
vt 0.184175 0.359753
vt 0.719148 0.897309
vt 0.205178 0.257726
vt 0.160580 0.445799
vt 0.901373 0.868652
vt 0.704963 0.374113
vt 0.242858 0.717072
vt 0.943017 0.283309
vt 0.883226 0.959194
vt 0.094616 0.065578
vt 0.735156 0.368370
vt 0.244141 0.767426
vt 0.938431 0.110017
vt 0.719815 0.902461
vt 0.713455 0.899751
vt 0.853192 0.225289
vt 0.679193 0.483048
vt 0.841576 0.266059
vt 0.903888 0.963811
vt 0.914991 0.957839
vt 0.853172 0.234493
vt 0.721461 0.896241
vt 0.715848 0.373351
vt 0.966089 0.997596
vt 0.010740 0.191177
vt 0.793945 0.000732
vt 0.938225 0.097451
vt 0.897948 0.251506
vt 0.887353 0.964482
vt 0.055486 0.050817
vt 0.180270 0.964670
vt 0.919576 0.965518
vt 0.186023 0.656910
vt 0.930207 0.681716
vt 0.858505 0.222671
vt 0.721468 0.895118
vt 0.915010 0.963362
vt 0.851690 0.240457
vt 0.719692 0.892927
vt 0.720544 0.887464
vt 0.852028 0.222715
vt 0.029785 0.584961
vt 0.898604 0.247692
vt 0.841797 0.120361
vt 0.019051 0.588225
vt 0.953364 0.997733
vt 0.011422 0.197568
vt 0.471247 0.598600
vt 0.566058 0.827537
vt 0.936867 0.237412
vt 0.707942 0.883892
vt 0.719294 0.899956
vt 0.851175 0.124334
vt 0.037821 0.580584
vt 0.857423 0.207746
vt 0.856927 0.220267
vt 0.965203 0.996576
vt 0.794189 0.000244
vt 0.937301 0.106752
vt 0.566538 0.829087
vt 0.937784 0.109449
vt 0.784406 0.497791
vt 0.851271 0.243378
vt 0.918157 0.498507
vt 0.229741 0.755886
vt 0.874732 0.469845
vt 0.159939 0.351109
vt 0.246707 0.714963
vt 0.738552 0.072176
vt 0.477360 0.620547
vt 0.041797 0.593940
vt 0.855248 0.215609
vt 0.856934 0.209655
vt 0.157877 0.347395
vt 0.012283 0.470413
vt 0.965601 0.988987
vt 0.754716 0.281180
vt 0.651352 0.471368
vt 0.492641 0.634278
vt 0.172694 0.351884
vt 0.932016 0.068683
vt 0.965337 0.994530
vt 0.958514 0.993154
vt 0.835580 0.338838
vt 0.630399 0.869723
vt 0.857880 0.291002
vt 0.856674 0.212847
vt 0.912706 0.300786
vt 0.956101 0.355460
vt 0.711493 0.891318
vt 0.170827 0.314379
vt 0.870109 0.485326
vt 0.037558 0.588377
vt 0.857285 0.204793
vt 0.856021 0.216205
vt 0.856191 0.213837
vt 0.856442 0.210147
vt 0.719045 0.883986
vt 0.755706 0.248285
vt 0.473981 0.596788
vt 0.084572 0.994406
vt 0.164081 0.354816
vt 0.856269 0.214844
vt 0.920747 0.965981
vt 0.954829 0.991551
vt 0.921938 0.978457
vt 0.724114 0.895617
vt 0.722733 0.897285
vt 0.507344 0.664621
vt 0.937167 0.108410
vt 0.897185 0.250218
vt 0.936843 0.112050
vt 0.722916 0.901329
vt 0.724126 0.893281
vt 0.716669 0.883295
vt 0.768533 0.266260
vt 0.721853 0.892455
vt 0.720145 0.890822
vt 0.723297 0.886785
vt 0.856934 0.212646
vt 0.172763 0.355284
vt 0.856689 0.213867
vt 0.850166 0.128947
vt 0.933129 0.282327
vt 0.883411 0.964446
vt 0.944131 0.987258
vt 0.763258 0.213315
vt 0.843542 0.309482
vt 0.569930 0.825804
vt 0.735659 0.125636
vt 0.922289 0.966902
vt 0.722600 0.884714
vt 0.160467 0.353453
vt 0.966395 0.987994
vt 0.296826 0.668113
vt 0.182127 0.365013
vt 0.898157 0.245358
vt 0.919870 0.967380
vt 0.061538 0.058181
vt 0.179930 0.957637
vt 0.708006 0.366819
vt 0.253880 0.717596
vt 0.716548 0.367723
vt 0.157072 0.349652
vt 0.014861 0.471622
vt 0.744028 0.061028
vt 0.419161 0.263627
vt 0.957252 0.908776
vt 0.208129 0.381343
vt 0.244330 0.713340
vt 0.589257 0.895171
vt 0.857076 0.215509
vt 0.761472 0.276061
vt 0.850586 0.123291
vt 0.944668 0.273114
vt 0.963975 0.989518
vt 0.161363 0.338912
vt 0.006288 0.468318
vt 0.066858 0.371784
vt 0.188912 0.369338
vt 0.244128 0.714148
vt 0.723840 0.890823
vt 0.839395 0.324853
vt 0.963063 0.990736
vt 0.850369 0.266562
vt 0.853672 0.130380
vt 0.706061 0.880691
vt 0.589448 0.895776
vt 0.582515 0.886138
vt 0.945165 0.981642
vt 0.912483 0.287205
vt 0.170208 0.662837
vt 0.494238 0.209490
vt 0.967011 0.845927
vt 0.857675 0.210891
vt 0.857178 0.210693
vt 0.134322 0.069831
vt 0.935897 0.110005
vt 0.902881 0.277436
vt 0.922229 0.974377
vt 0.848239 0.125075
vt 0.704705 0.877034
vt 0.771828 0.496066
vt 0.510220 0.687246
vt 0.170512 0.355029
vt 0.923245 0.965554
vt 0.935376 0.111408
vt 0.213505 0.377008
vt 0.754736 0.495781
vt 0.957903 0.368018
vt 0.963623 0.992188
vt 0.908689 0.563895
vt 0.419752 0.830565
vt 0.508601 0.659762
vt 0.158936 0.339844
vt 0.020291 0.539225
vt 0.010913 0.471211
vt 0.857471 0.213496
vt 0.720824 0.882978
vt 0.674401 0.485573
vt 0.961906 0.985375
vt 0.722979 0.890246
vt 0.939601 0.976528
vt 0.923839 0.967167
vt 0.723187 0.899125
vt 0.725011 0.364889
vt 0.203085 0.441676
vt 0.865956 0.218482
vt 0.923490 0.969461
vt 0.920497 0.961057
vt 0.940117 0.278242
vt 0.906599 0.966726
vt 0.857670 0.210201
vt 0.318139 0.540198
vt 0.514328 0.183659
vt 0.913305 0.947974
vt 0.586916 0.904006
vt 0.915097 0.969839
vt 0.922860 0.043537
vt 0.164472 0.358149
vt 0.849277 0.131499
vt 0.954462 0.879469
vt 0.766454 0.819733
vt 0.317748 0.226022
vt 0.849703 0.271427
vt 0.754157 0.045233
vt 0.850732 0.559858
vt 0.900386 0.233139
vt 0.303505 0.620144
vt 0.933144 0.233707
vt 0.850901 0.263701
vt 0.263257 0.773406
vt 0.158224 0.977737
vt 0.858582 0.208252
vt 0.859007 0.519068
vt 0.427556 0.888644
vt 0.373500 0.768877
vt 0.065267 0.061504
vt 0.711345 0.366225
vt 0.755090 0.251052
vt 0.751329 0.258133
vt 0.480510 0.605681
vt 0.961686 0.984418
vt 0.289384 0.668579
vt 0.813191 0.504953
vt 0.190455 0.649468
vt 0.615848 0.375196
vt 0.961328 0.986778
vt 0.743883 0.091304
vt 0.719765 0.882342
vt 0.924771 0.119545
vt 0.726038 0.894467
vt 0.171137 0.454106
vt 0.216628 0.375965
vt 0.922363 0.685547
vt 0.930190 0.684584
vt 0.709844 0.877793
vt 0.933181 0.976873
vt 0.942382 0.978271
vt 0.845933 0.126472
vt 0.845253 0.128616
vt 0.666550 0.869463
vt 0.478359 0.606730
vt 0.765203 0.488605
vt 0.965470 0.364227
vt 0.124280 0.073156
vt 0.828461 0.669059
vt 0.178213 0.285541
vt 0.759488 0.213528
vt 0.161216 0.323068
vt 0.941341 0.977131
vt 0.725238 0.888966
vt 0.186097 0.442549
vt 0.886272 0.866949
vt 0.875804 0.222317
vt 0.912617 0.281723
vt 0.860782 0.139865
vt 0.825621 0.129115
vt 0.859149 0.206307
vt 0.174713 0.288984
vt 0.291665 0.656970
vt 0.156685 0.355195
vt 0.021297 0.473412
vt 0.927084 0.967667
vt 0.128444 0.069771
vt 0.670948 0.488733
vt 0.512969 0.656493
vt 0.018901 0.474437
vt 0.959425 0.987123
vt 0.159341 0.358038
vt 0.025593 0.471897
vt 0.844605 0.131334
vt 0.476482 0.609232
vt 0.147846 0.988132
vt 0.648642 0.371999
vt 0.171873 0.358405
vt 0.926375 0.973533
vt 0.199090 0.384421
vt 0.914760 0.303227
vt 0.908716 0.975740
vt 0.823620 0.131366
vt 0.859475 0.207831
vt 0.845595 0.126013
vt 0.724751 0.884912
vt 0.225632 0.213394
vt 0.896094 0.214039
vt 0.721745 0.880726
vt 0.930857 0.116553
vt 0.725877 0.899025
vt 0.083189 0.057862
vt 0.171663 0.362322
vt 0.942608 0.274854
vt 0.899946 0.964530
vt 0.020363 0.533786
vt 0.016860 0.474344
vt 0.940163 0.975813
vt 0.726471 0.888891
vt 0.825570 0.128912
vt 0.034424 0.577148
vt 0.859619 0.203857
vt 0.570005 0.826819
vt 0.946074 0.978441
vt 0.159556 0.330757
vt 0.022693 0.553638
vt 0.938159 0.238078
vt 0.842497 0.127588
vt 0.762033 0.257656
vt 0.251009 0.972046
vt 0.176001 0.447760
vt 0.888184 0.865479
vt 0.860682 0.311922
vt 0.908797 0.498251
vt 0.902757 0.272217
vt 0.026046 0.489089
vt 0.915473 0.492673
vt 0.234402 0.760960
vt 0.959833 0.983737
vt 0.420715 0.846052
vt 0.717246 0.877984
vt 0.179210 0.369262
vt 0.872061 0.480366
vt 0.930817 0.092935
vt 0.956607 0.984594
vt 0.865525 0.150953
vt 0.932597 0.109842
vt 0.945397 0.979518
vt 0.021989 0.523375
vt 0.024032 0.490117
vt 0.958014 0.984772
vt 0.930123 0.081770
vt 0.154723 0.070591
vt 0.920502 0.300248
vt 0.904390 0.971100
vt 0.836028 0.129024
vt 0.633564 0.375852
vt 0.839552 0.662191
vt 0.145685 0.081483
vt 0.078602 0.682102
vt 0.049962 0.680931
vt 0.841622 0.335419
vt 0.900797 0.019488
vt 0.625092 0.862566
vt 0.834871 0.132312
vt 0.833848 0.669181
vt 0.847414 0.643189
vt 0.855809 0.656750
vt 0.027534 0.485224
vt 0.756486 0.214445
vt 0.104905 0.994358
vt 0.933443 0.106651
vt 0.250916 0.708867
vt 0.919946 0.303152
vt 0.907714 0.970770
vt 0.931335 0.098052
vt 0.967572 0.328720
vt 0.793391 0.750810
vt 0.951419 0.981569
vt 0.954698 0.981643
vt 0.844639 0.132491
vt 0.952682 0.981344
vt 0.084460 0.054549
vt 0.838031 0.132976
vt 0.924299 0.960381
vt 0.764720 0.187166
vt 0.217326 0.442918
vt 0.817914 0.136330
vt 0.863218 0.211789
vt 0.723767 0.881601
vt 0.165282 0.361010
vt 0.161724 0.359906
vt 0.026991 0.471320
vt 0.907439 0.277061
vt 0.951519 0.979286
vt 0.218521 0.964661
vt 0.902647 0.259245
vt 0.901896 0.245819
vt 0.917269 0.117768
vt 0.727264 0.884681
vt 0.947200 0.977821
vt 0.954186 0.980131
vt 0.955244 0.984562
vt 0.932258 0.111786
vt 0.949775 0.981912
vt 0.751920 0.275278
vt 0.490249 0.627496
vt 0.023590 0.538565
vt 0.022812 0.535512
vt 0.749633 0.053577
vt 0.051993 0.456146
vt 0.023238 0.677813
vt 0.943346 0.651548
vt 0.926758 0.213623
vt 0.943637 0.615758
vt 0.029399 0.483149
vt 0.701578 0.484025
vt 0.170464 0.362543
vt 0.168591 0.458181
vt 0.764808 0.866652
vt 0.967768 0.308951
vt 0.769121 0.154341
vt 0.881540 0.459702
vt 0.196315 0.957714
vt 0.673057 0.366396
vt 0.928172 0.116204
vt 0.297774 0.572737
vt 0.799637 0.785601
vt 0.777870 0.484295
vt 0.972597 0.359675
vt 0.720100 0.878738
vt 0.964951 0.894195
vt 0.181856 0.371740
vt 0.146877 0.075415
vt 0.351419 0.733490
vt 0.960717 0.902333
vt 0.903275 0.252148
vt 0.154667 0.466251
vt 0.944254 0.241041
vt 0.232836 0.702560
vt 0.263271 0.972213
vt 0.248995 0.763444
vt 0.248346 0.711842
vt 0.926323 0.117965
vt 0.728234 0.895322
vt 0.908076 0.492309
vt 0.240605 0.758990
vt 0.510011 0.670027
vt 0.947705 0.249474
vt 0.760753 0.265681
vt 0.914833 0.937520
vt 0.589163 0.899683
vt 0.024392 0.517830
vt 0.023031 0.491177
vt 0.157591 0.329597
vt 0.007812 0.302246
vt 0.024185 0.553642
vt 0.922422 0.229560
vt 0.954108 0.597746
vt 0.161693 0.361816
vt 0.029497 0.470186
vt 0.093845 0.064407
vt 0.851386 0.316036
vt 0.912475 0.014278
vt 0.030409 0.488646
vt 0.759029 0.066176
vt 0.783228 0.867231
vt 0.810059 0.086914
vt 0.982712 0.295198
vt 0.025001 0.514889
vt 0.026297 0.493363
vt 0.157385 0.327492
vt 0.009283 0.300549
vt 0.029053 0.490838
vt 0.790943 0.774650
vt 0.330888 0.728476
vt 0.850799 0.294937
vt 0.884521 0.964600
vt 0.026182 0.535297
vt 0.330149 0.731302
vt 0.870127 0.644804
vt 0.902424 0.265634
vt 0.903123 0.247975
vt 0.044379 0.357669
vt 0.923039 0.182056
vt 0.026973 0.518250
vt 0.536115 0.694116
vt 0.204424 0.236646
vt 0.921155 0.296052
vt 0.899554 0.970598
vt 0.930759 0.107115
vt 0.073268 0.056285
vt 0.968695 0.336451
vt 0.931136 0.237176
vt 0.071453 0.062001
vt 0.716355 0.362280
vt 0.877814 0.489280
vt 0.194922 0.245245
vt 0.481299 0.217896
vt 0.960076 0.863524
vt 0.928878 0.282539
vt 0.883937 0.966339
vt 0.925945 0.236725
vt 0.926094 0.112384
vt 0.250212 0.965675
vt 0.032188 0.491489
vt 0.924019 0.116310
vt 0.227662 0.444460
vt 0.819072 0.140865
vt 0.761555 0.151234
vt 0.887379 0.454039
vt 0.933472 0.960798
vt 0.030455 0.493549
vt 0.032418 0.483758
vt 0.008563 0.299545
vt 0.026341 0.553465
vt 0.026547 0.515110
vt 0.897887 0.222731
vt 0.480958 0.618435
vt 0.026562 0.538484
vt 0.164553 0.364945
vt 0.930484 0.109149
vt 0.922461 0.068370
vt 0.161827 0.364014
vt 0.032103 0.469789
vt 0.873620 0.503169
vt 0.856061 0.323462
vt 0.246593 0.705941
vt 0.294854 0.621434
vt 0.903738 0.234586
vt 0.101740 0.388020
vt 0.830328 0.509251
vt 0.033451 0.488132
vt 0.028242 0.520318
vt 0.724957 0.877076
vt 0.906919 0.526139
vt 0.246582 0.682373
vt 0.242432 0.682617
vt 0.168520 0.656191
vt 0.184359 0.377166
vt 0.699348 0.869822
vt 0.880914 0.474896
vt 0.249755 0.682644
vt 0.167212 0.656063
vt 0.914287 0.117586
vt 0.727905 0.877062
vt 0.160196 0.302545
vt 0.708241 0.870831
vt 0.169915 0.295577
vt 0.911238 0.247057
vt 0.391838 0.251530
vt 0.982625 0.896720
vt 0.789816 0.743704
vt 0.800811 0.483683
vt 0.875794 0.075508
vt 0.984523 0.350463
vt 0.184937 0.650938
vt 0.595179 0.373998
vt 0.902676 0.053953
vt 0.661027 0.862387
vt 0.069042 0.674351
vt 0.028321 0.512404
vt 0.028029 0.496051
vt 0.575338 0.825468
vt 0.742789 0.128995
vt 0.917292 0.115100
vt 0.028969 0.515885
vt 0.094355 0.673356
vt 0.722530 0.875896
vt 0.720795 0.873959
vt 0.028821 0.530238
vt 0.934720 0.278619
vt 0.028355 0.550083
vt 0.930116 0.110698
vt 0.081217 0.064395
vt 0.008380 0.296447
vt 0.029517 0.552883
vt 0.934676 0.239726
vt 0.631251 0.368707
vt 0.922647 0.284809
vt 0.886712 0.969316
vt 0.935885 0.274151
vt 0.909180 0.252289
vt 0.899614 0.226477
vt 0.217062 0.957998
vt 0.651271 0.364658
vt 0.908400 0.251460
vt 0.028898 0.538262
vt 0.169594 0.368716
vt 0.859884 0.333641
vt 0.916710 0.027994
vt 0.935246 0.275794
vt 0.035702 0.486955
vt 0.862910 0.530691
vt 0.905254 0.165275
vt 0.298101 0.686952
vt 0.283691 0.684814
vt 0.131494 0.659507
vt 0.927789 0.278678
vt 0.030309 0.535569
vt 0.061218 0.678870
vt 0.185444 0.255506
vt 0.923581 0.948259
vt 0.032342 0.510644
vt 0.031967 0.496037
vt 0.919089 0.213052
vt 0.958621 0.611322
vt 0.169189 0.367676
vt 0.035132 0.490850
vt 0.036209 0.471386
vt 0.908372 0.235335
vt 0.041016 0.510986
vt 0.035072 0.492979
vt 0.900632 0.459195
vt 0.267876 0.769568
vt 0.163840 0.984318
vt 0.161205 0.367443
vt 0.036615 0.468709
vt 0.750472 0.077319
vt 0.174045 0.378203
vt 0.152434 0.323821
vt 0.012058 0.296037
vt 0.218405 0.401944
vt 0.946034 0.681290
vt 0.945665 0.677906
vt 0.850712 0.336510
vt 0.908469 0.018184
vt 0.912535 0.276631
vt 0.903413 0.028471
vt 0.640116 0.862342
vt 0.248056 0.707539
vt 0.918170 0.934578
vt 0.592171 0.898707
vt 0.725066 0.873614
vt 0.921550 0.114557
vt 0.220251 0.220915
vt 0.164590 0.367193
vt 0.913822 0.116554
vt 0.728202 0.874165
vt 0.910238 0.242903
vt 0.031598 0.542460
vt 0.923375 0.113400
vt 0.030411 0.517180
vt 0.929679 0.240691
vt 0.592853 0.896004
vt 0.922728 0.238840
vt 0.032717 0.550194
vt 0.167819 0.370151
vt 0.032123 0.532565
vt 0.030951 0.520965
vt 0.899063 0.220783
vt 0.923270 0.281743
vt 0.883545 0.969247
vt 0.031363 0.513136
vt 0.763326 0.083137
vt 0.287306 0.713563
vt 0.916427 0.232077
vt 0.755757 0.096819
vt 0.924292 0.279679
vt 0.868052 0.160770
vt 0.033842 0.539837
vt 0.149881 0.318659
vt 0.164551 0.377441
vt 0.006277 0.290715
vt 0.035524 0.552365
vt 0.918949 0.240067
vt 0.918089 0.230653
vt 0.931700 0.242678
vt 0.030936 0.538770
vt 0.162598 0.653202
vt 0.924932 0.097165
vt 0.905402 0.232172
vt 0.163758 0.369292
vt 0.042375 0.540453
vt 0.038330 0.467285
vt 0.365356 0.740594
vt 0.168437 0.371222
vt 0.916648 0.226267
vt 0.598176 0.893300
vt 0.033310 0.535448
vt 0.594381 0.896710
vt 0.919812 0.111592
vt 0.913548 0.567221
vt 0.418446 0.832693
vt 0.848495 0.142868
vt 0.927092 0.105149
vt 0.749820 0.265001
vt 0.486512 0.615447
vt 0.932201 0.276518
vt 0.910944 0.036171
vt 0.927128 0.107388
vt 0.913521 0.234086
vt 0.690430 0.487549
vt 0.690430 0.487549
vt 0.911599 0.113106
vt 0.725046 0.870407
vt 0.904407 0.226554
vt 0.719567 0.872181
vt 0.914002 0.264170
vt 0.961230 0.972992
vt 0.273453 0.668833
vt 0.921800 0.112107
vt 0.756185 0.176778
vt 0.138838 0.992531
vt 0.014013 0.290532
vt 0.041054 0.536445
vt 0.038304 0.469349
vt 0.919067 0.277009
vt 0.723659 0.873574
vt 0.721631 0.872750
vt 0.080900 0.066115
vt 0.724477 0.363215
vt 0.010450 0.288865
vt 0.036894 0.550399
vt 0.279121 0.636361
vt 0.937737 0.265950
vt 0.042663 0.529504
vt 0.038580 0.475874
vt 0.757140 0.264502
vt 0.690430 0.488037
vt 0.926209 0.109722
vt 0.690430 0.488037
vt 0.763954 0.060573
vt 0.856485 0.566535
vt 0.919434 0.114502
vt 0.974192 0.869958
vt 0.808826 0.731236
vt 0.033296 0.514354
vt 0.037354 0.535881
vt 0.042662 0.515085
vt 0.039311 0.491513
vt 0.166243 0.371679
vt 0.041701 0.547077
vt 0.037841 0.512924
vt 0.194901 0.449652
vt 0.165771 0.375244
vt 0.039792 0.551537
vt 0.801815 0.767822
vt 0.038560 0.540697
vt 0.916511 0.070662
vt 0.165636 0.275655
vt 0.692740 0.495954
vt 0.256168 0.708597
vt 0.747765 0.127783
vt 0.226197 0.683181
vt 0.614128 0.367826
vt 0.167003 0.373561
vt 0.042115 0.551635
vt 0.221141 0.213613
vt 0.898203 0.215631
vt 0.923935 0.089541
vt 0.232841 0.696145
vt 0.264802 0.965043
vt 0.036442 0.530852
vt 0.761552 0.047940
vt 0.768555 0.054199
vt 0.858671 0.562730
vt 0.913262 0.251250
vt 0.904745 0.091857
vt 0.700671 0.864029
vt 0.248855 0.699742
vt 0.040244 0.531255
vt 0.038951 0.488301
vt 0.886215 0.159270
vt 0.152791 0.312060
vt 0.149038 0.313873
vt 0.861919 0.550132
vt 0.800586 0.739882
vt 0.925562 0.276631
vt 0.540326 0.676439
vt 0.515283 0.682510
vt 0.181612 0.467889
vt 0.914178 0.113210
vt 0.039178 0.483896
vt 0.181507 0.384546
vt 0.541893 0.668942
vt 0.723881 0.871341
vt 0.921997 0.244402
vt 0.081388 0.667412
vt 0.915003 0.226846
vt 0.920532 0.110241
vt 0.165937 0.376440
vt 0.004432 0.285653
vt 0.034994 0.516261
vt 0.911151 0.111572
vt 0.722412 0.869152
vt 0.909264 0.049639
vt 0.049968 0.466264
vt 0.023114 0.674269
vt 0.919054 0.109715
vt 0.924315 0.928712
vt 0.595242 0.896143
vt 0.924242 0.110675
vt 0.176224 0.468420
vt 0.914991 0.222236
vt 0.912787 0.246933
vt 0.913757 0.257549
vt 0.907130 0.102530
vt 0.712686 0.865978
vt 0.166770 0.376284
vt 0.002646 0.283367
vt 0.916614 0.112763
vt 0.915116 0.225276
vt 0.211914 0.198486
vt 0.207031 0.192627
vt 0.910032 0.229049
vt 0.909823 0.108902
vt 0.719998 0.868152
vt 0.877244 0.165986
vt 0.908221 0.102408
vt 0.971394 0.880475
vt 0.798804 0.730163
vt 0.147736 0.319216
vt 0.015554 0.292974
vt 0.250247 0.958879
vt 0.615320 0.362659
vt 0.900148 0.478749
vt 0.254110 0.760605
vt 0.209960 0.456023
vt 0.033691 0.519474
vt 0.717750 0.870682
vt 0.896927 0.567169
vt 0.415304 0.830281
vt 0.042093 0.516631
vt 0.040990 0.490157
vt 0.217098 0.392514
vt 0.946558 0.684083
vt 0.036876 0.521593
vt 0.721916 0.869878
vt 0.922944 0.106683
vt 0.941648 0.253970
vt 0.039922 0.522071
vt 0.918245 0.106759
vt 0.035306 0.521553
vt 0.187393 0.460814
vt 0.887322 0.476117
vt 0.719299 0.499395
vt 0.531999 0.701084
vt 0.917469 0.103862
vt 0.913538 0.272348
vt 0.910963 0.108130
vt 0.206855 0.228906
vt 0.042910 0.521561
vt 0.041040 0.485572
vt 0.945457 0.964996
vt 0.968056 0.979044
vt 0.281483 0.668087
vt 0.905381 0.098733
vt 0.708008 0.865448
vt 0.065792 0.663135
vt 0.170027 0.377087
vt 0.977633 0.328448
vt 0.916672 0.100586
vt 0.912374 0.110946
vt 0.921030 0.098148
vt 0.799490 0.751104
vt 0.038089 0.516879
vt 0.916623 0.110961
vt 0.708769 0.867392
vt 0.935569 0.247777
vt 0.754654 0.148357
vt 0.894847 0.458920
vt 0.166217 0.991519
vt 0.919803 0.096403
vt 0.719179 0.869093
vt 0.913293 0.217962
vt 0.923207 0.108527
vt 0.919114 0.098744
vt 0.921396 0.104497
vt 0.909999 0.100649
vt 0.926266 0.937896
vt 0.923478 0.247356
vt 0.913432 0.222096
vt 0.192070 0.398917
vt 0.052246 0.918945
vt 0.046752 0.909951
vt 0.905028 0.100231
vt 0.709407 0.866642
vt 0.145266 0.313241
vt 0.023415 0.291232
vt 0.005849 0.281083
vt 0.010837 0.285414
vt 0.783682 0.869082
vt 0.842341 0.081718
vt 0.980255 0.321325
vt 0.956735 0.971229
vt 0.692581 0.512915
vt 0.233267 0.689838
vt 0.265889 0.961846
vt 0.599128 0.361419
vt 0.332916 0.722910
vt 0.166604 0.385890
vt 0.014665 0.288036
vt 0.248231 0.698695
vt 0.046023 0.671460
vt 0.917100 0.088365
vt 0.900088 0.491605
vt 0.247034 0.757105
vt 0.160307 0.281861
vt 0.074307 0.968526
vt 0.148554 0.105087
vt 0.836017 0.638106
vt 0.073738 0.671132
vt 0.912996 0.213633
vt 0.966748 0.600637
vt 0.581855 0.824058
vt 0.749883 0.130405
vt 0.411748 0.850972
vt 0.910457 0.102404
vt 0.914004 0.099844
vt 0.914120 0.101419
vt 0.912053 0.218150
vt 0.914759 0.111124
vt 0.897983 0.568229
vt 0.410532 0.829442
vt 0.912890 0.109544
vt 0.914578 0.109270
vt 0.884877 0.491028
vt 0.207193 0.215683
vt 0.901950 0.212844
vt 0.967168 0.605191
vt 0.167039 0.378378
vt 0.958710 0.649829
vt 0.907493 0.098740
vt 0.912213 0.102016
vt 0.145448 0.317090
vt 0.018118 0.291292
vt 0.901736 0.509391
vt 0.938235 0.255362
vt 0.926437 0.253254
vt 0.165067 0.378905
vt 0.002436 0.280525
vt 0.813141 0.484889
vt 0.873204 0.065026
vt 0.233041 0.684341
vt 0.184601 0.647037
vt 0.594238 0.369648
vt 0.912409 0.099961
vt 0.885090 0.563724
vt 0.012325 0.278493
vt 0.335753 0.712445
vt 0.966009 0.614053
vt 0.936830 0.950172
vt 0.209992 0.397037
vt 0.863646 0.646213
vt 0.918421 0.256402
vt 0.927441 0.927372
vt 0.599677 0.897340
vt 0.793008 0.826863
vt 0.837155 0.143202
vt 0.700906 0.506879
vt 0.852151 0.077106
vt 0.980329 0.329759
vt 0.911139 0.089770
vt 0.410710 0.833905
vt 0.161377 0.385254
vt 0.008383 0.273838
vt 0.930321 0.269067
vt 0.967476 0.619352
vt 0.177981 0.469008
vt 0.195261 0.241289
vt 0.205747 0.192029
vt 0.911129 0.213843
vt 0.969599 0.599575
vt 0.913019 0.097874
vt 0.072440 0.669719
vt 0.186865 0.250178
vt 0.925686 0.270066
vt 0.802261 0.749720
vt 0.893307 0.477720
vt 0.165991 0.382614
vt 0.177136 0.470183
vt 0.203152 0.196904
vt 0.970267 0.603817
vt 0.250457 0.684233
vt 0.165039 0.650146
vt 0.942702 0.135436
vt 0.165457 0.851806
vt 0.376709 0.999023
vt 0.009944 0.273872
vt 0.319049 0.710118
vt 0.174221 0.390352
vt 0.178768 0.393853
vt 0.014666 0.278919
vt 0.269703 0.704709
vt 0.200978 0.208132
vt 0.767440 0.064002
vt 0.898601 0.498186
vt 0.851161 0.655904
vt 0.523766 0.677048
vt 0.270614 0.659569
vt 0.284934 0.645726
vt 0.506047 0.203968
vt 0.018149 0.282565
vt 0.707128 0.507827
vt 0.147762 0.097807
vt 0.016807 0.277113
vt 0.014773 0.275546
vt 0.940769 0.940140
vt 0.832214 0.141811
vt 0.249704 0.690937
vt 0.243183 0.551266
vt 0.166563 0.854418
vt 0.185837 0.238772
vt 0.968368 0.963268
vt 0.259032 0.672133
vt 0.891364 0.491529
vt 0.239973 0.551758
vt 0.164551 0.853027
vt 0.946279 0.853965
vt 0.962402 0.406982
vt 0.340796 0.990511
vt 0.168569 0.387682
vt 0.944606 0.847517
vt 0.337506 0.995642
vt 0.946723 0.133096
vt 0.379238 0.996619
vt 0.246094 0.549561
vt 0.940362 0.140844
vt 0.171143 0.856201
vt 0.248076 0.550261
vt 0.939177 0.142288
vt 0.246337 0.550781
vt 0.929414 0.929117
vt 0.195141 0.205844
vt 0.971004 0.615302
vt 0.281849 0.625059
vt 0.950774 0.954489
vt 0.183326 0.474856
vt 0.931261 0.928250
vt 0.261800 0.683850
vt 0.156080 0.652130
vt 0.770424 0.102316
vt 0.930381 0.927378
vt 0.536877 0.688592
vt 0.094755 0.402750
vt 0.865707 0.041231
vt 0.833654 0.490218
vt 0.218256 0.457255
vt 0.815746 0.150246
vt 0.870187 0.522188
vt 0.144668 0.308516
vt 0.029518 0.288223
vt 0.038086 0.971924
vt 0.770090 0.069834
vt 0.066025 0.485336
vt 0.337679 0.721159
vt 0.930554 0.259546
vt 0.967502 0.630448
vt 0.254654 0.683839
vt 0.162216 0.650640
vt 0.963306 0.961010
vt 0.510446 0.213575
vt 0.980461 0.849996
vt 0.828645 0.733115
vt 0.877326 0.493798
vt 0.257282 0.699445
vt 0.884200 0.495461
vt 0.243191 0.552360
vt 0.938894 0.923215
vt 0.607729 0.894768
vt 0.539707 0.811648
vt 0.894948 0.498919
vt 0.773753 0.062600
vt 0.860946 0.569187
vt 0.390890 0.803516
vt 0.229440 0.554566
vt 0.150728 0.846971
vt 0.158069 0.264746
vt 0.870952 0.567955
vt 0.393419 0.812692
vt 0.942958 0.843165
vt 0.334961 0.997803
vt 0.933284 0.927978
vt 0.937012 0.840576
vt 0.239909 0.553458
vt 0.965078 0.649964
vt 0.943643 0.140654
vt 0.340335 0.987548
vt 0.182469 0.219186
vt 0.971631 0.629933
vt 0.336706 0.993415
vt 0.339769 0.986842
vt 0.014259 0.268935
vt 0.248797 0.552561
vt 0.967827 0.642421
vt 0.174135 0.250875
vt 0.849198 0.154993
vt 0.149623 0.293512
vt 0.055304 0.969516
vt 0.185276 0.219903
vt 0.685331 0.516881
vt 0.286413 0.612276
vt 0.011424 0.268475
vt 0.281496 0.619890
vt 0.936767 0.839921
vt 0.169660 0.390196
vt 0.716350 0.519949
vt 0.165640 0.386013
vt 0.835538 0.154791
vt 0.175088 0.393565
vt 0.879387 0.169016
vt 0.887878 0.496765
vt 0.138020 0.834757
vt 0.166612 0.388618
vt 0.024316 0.275347
vt 0.024989 0.283111
vt 0.217995 0.409165
vt 0.080732 0.925606
vt 0.960171 0.679546
vt 0.934139 0.928700
vt 0.217370 0.408545
vt 0.077796 0.925517
vt 0.934749 0.930052
vt 0.162028 0.390161
vt 0.007890 0.266863
vt 0.006592 0.959961
vt 0.153531 0.268658
vt 0.934706 0.927747
vt 0.846119 0.046515
vt 0.289573 0.692975
vt 0.017415 0.269721
vt 0.922998 0.837070
vt 0.279361 0.625883
vt 0.135061 0.838557
vt 0.926041 0.836688
vt 0.214355 0.556152
vt 0.136230 0.839355
vt 0.930059 0.837448
vt 0.239617 0.555197
vt 0.773637 0.089143
vt 0.193148 0.480427
vt 0.339358 0.983647
vt 0.933528 0.838194
vt 0.937813 0.839297
vt 0.334816 0.987214
vt 0.231687 0.556158
vt 0.262450 0.652430
vt 0.870208 0.169067
vt 0.221893 0.557834
vt 0.042461 0.660278
vt 0.020604 0.269074
vt 0.827869 0.749275
vt 0.218067 0.556723
vt 0.843865 0.640420
vt 0.937551 0.928314
vt 0.940986 0.840398
vt 0.926288 0.261746
vt 0.941315 0.146560
vt 0.152531 0.269565
vt 0.074298 0.954999
vt 0.135276 0.834601
vt 0.027769 0.281723
vt 0.873965 0.168617
vt 0.785889 0.869385
vt 0.795397 0.868435
vt 0.814087 0.072804
vt 0.289517 0.702031
vt 0.179502 0.397929
vt 0.044434 0.909180
vt 0.166710 0.390157
vt 0.204078 0.468944
vt 0.408589 0.872795
vt 0.169364 0.398646
vt 0.056968 0.668030
vt 0.251221 0.552734
vt 0.940430 0.145996
vt 0.295934 0.554128
vt 0.590092 0.843245
vt 0.588567 0.831660
vt 0.439624 0.815577
vt 0.895020 0.715332
vt 0.181613 0.397654
vt 0.045225 0.910362
vt 0.174981 0.228641
vt 0.973150 0.640886
vt 0.256166 0.690149
vt 0.827130 0.773243
vt 0.012914 0.266463
vt 0.897535 0.503925
vt 0.277866 0.628029
vt 0.059328 0.388855
vt 0.890118 0.568115
vt 0.403999 0.826645
vt 0.251961 0.552940
vt 0.940085 0.146848
vt 0.165417 0.237445
vt 0.972329 0.652455
vt 0.266270 0.700088
vt 0.882652 0.524466
vt 0.822715 0.782635
vt 0.010870 0.265992
vt 0.901814 0.183923
vt 0.944072 0.841245
vt 0.333526 0.995092
vt 0.163834 0.392221
vt 0.168169 0.398468
vt 0.265867 0.697669
vt 0.871953 0.170425
vt 0.162365 0.391958
vt 0.008813 0.957061
vt 0.274821 0.627389
vt 0.955373 0.136356
vt 0.390512 0.990172
vt 0.166107 0.398696
vt 0.157841 0.095169
vt 0.944564 0.150144
vt 0.950298 0.145874
vt 0.015132 0.264398
vt 0.025053 0.269944
vt 0.587388 0.825642
vt 0.761564 0.133529
vt 0.889556 0.712432
vt 0.762644 0.130653
vt 0.941450 0.836664
vt 0.211721 0.410611
vt 0.067667 0.925147
vt 0.918768 0.834213
vt 0.830184 0.153812
vt 0.133757 0.835784
vt 0.338137 0.983893
vt 0.017444 0.266092
vt 0.198494 0.478211
vt 0.807306 0.169718
vt 0.935449 0.834358
vt 0.228592 0.561300
vt 0.338684 0.980460
vt 0.216767 0.558547
vt 0.133525 0.839673
vt 0.887521 0.568275
vt 0.401774 0.826151
vt 0.238774 0.557627
vt 0.173344 0.400601
vt 0.892011 0.509808
vt 0.236206 0.557773
vt 0.007812 0.265381
vt 0.007971 0.959676
vt 0.057250 0.659706
vt 0.279344 0.566546
vt 0.385521 0.988301
vt 0.846515 0.759618
vt 0.944723 0.928897
vt 0.164269 0.396277
vt 0.871963 0.178265
vt 0.913244 0.834178
vt 0.345960 0.983986
vt 0.349314 0.989627
vt 0.145789 0.301952
vt 0.040926 0.971291
vt 0.775695 0.082792
vt 0.052441 0.659760
vt 0.012081 0.260766
vt 0.170932 0.400160
vt 0.133468 0.829748
vt 0.775387 0.071596
vt 0.388145 0.802519
vt 0.022128 0.951948
vt 0.839018 0.639286
vt 0.540743 0.680226
vt 0.179120 0.100502
vt 0.877005 0.634207
vt 0.338236 0.979046
vt 0.844082 0.032258
vt 0.058816 0.415746
vt 0.385466 0.985643
vt 0.046278 0.916336
vt 0.817226 0.791968
vt 0.133887 0.822851
vt 0.160984 0.093036
vt 0.165221 0.091947
vt 0.251360 0.554897
vt 0.237013 0.560209
vt 0.255818 0.557296
vt 0.943427 0.152286
vt 0.265379 0.631881
vt 0.942432 0.931908
vt 0.014771 0.252006
vt 0.189312 0.487412
vt 0.240077 0.561616
vt 0.023695 0.952875
vt 0.930755 0.831554
vt 0.241591 0.561766
vt 0.020508 0.953125
vt 0.180054 0.402298
vt 0.044346 0.913109
vt 0.008435 0.262516
vt 0.007324 0.962158
vt 0.009689 0.261670
vt 0.027765 0.272268
vt 0.005323 0.260812
vt 0.011028 0.960778
vt 0.201647 0.484617
vt 0.022492 0.266470
vt 0.017643 0.258673
vt 0.165075 0.397109
vt 0.146333 0.255959
vt 0.079346 0.939453
vt 0.969453 0.678556
vt 0.013208 0.959718
vt 0.162842 0.394822
vt 0.012339 0.952065
vt 0.859982 0.178484
vt 0.151719 0.264625
vt 0.046476 0.957115
vt 0.024260 0.949984
vt 0.035316 0.286830
vt 0.036717 0.968289
vt 0.025836 0.954326
vt 0.949788 0.930322
vt 0.334609 0.979365
vt 0.332541 0.705563
vt 0.814559 0.800062
vt 0.803132 0.857174
vt 0.022150 0.955596
vt 0.857368 0.642904
vt 0.944251 0.836644
vt 0.330018 0.992235
vt 0.542392 0.672723
vt 0.273449 0.631127
vt 0.336998 0.977009
vt 0.009525 0.250972
vt 0.149268 0.263406
vt 0.944390 0.152602
vt 0.223235 0.564724
vt 0.020383 0.257075
vt 0.967262 0.706461
vt 0.887220 0.567478
vt 0.893655 0.526353
vt 0.803224 0.861951
vt 0.809240 0.084897
vt 0.689291 0.516753
vt 0.294727 0.527231
vt 0.529521 0.194880
vt 0.861927 0.733726
vt 0.018436 0.953928
vt 0.346520 0.686423
vt 0.066590 0.660114
vt 0.050190 0.485794
vt 0.020835 0.661271
vt 0.144349 0.258312
vt 0.075472 0.940287
vt 0.012375 0.251587
vt 0.018066 0.950195
vt 0.910187 0.829172
vt 0.925229 0.830051
vt 0.245104 0.561877
vt 0.832743 0.033156
vt 0.065660 0.419272
vt 0.917435 0.829090
vt 0.255497 0.558635
vt 0.016453 0.252648
vt 0.963628 0.715009
vt 0.906972 0.831952
vt 0.933105 0.369141
vt 0.216141 0.563526
vt 0.127881 0.837693
vt 0.266355 0.620110
vt 0.952158 0.141028
vt 0.949578 0.929492
vt 0.551585 0.810584
vt 0.049164 0.406623
vt 0.955321 0.944620
vt 0.162643 0.396863
vt 0.014493 0.950407
vt 0.061144 0.940890
vt 0.808437 0.820712
vt 0.262754 0.640831
vt 0.803350 0.846824
vt 0.762891 0.132048
vt 0.891357 0.710693
vt 0.037914 0.964236
vt 0.013662 0.956370
vt 0.207373 0.485579
vt 0.808573 0.172652
vt 0.213779 0.468175
vt 0.812767 0.160488
vt 0.354284 0.679685
vt 0.055718 0.651685
vt 0.060095 0.653234
vt 0.206992 0.486426
vt 0.809091 0.173845
vt 0.296909 0.975288
vt 0.887228 0.189729
vt 0.955631 0.930639
vt 0.020268 0.947965
vt 0.165376 0.402541
vt 0.169738 0.403592
vt 0.168598 0.404028
vt 0.167498 0.402517
vt 0.332080 0.983804
vt 0.338174 0.975470
vt 0.039551 0.262695
vt 0.040771 0.262939
vt 0.959377 0.139512
vt 0.395242 0.988882
vt 0.353654 0.989799
vt 0.016846 0.948486
vt 0.042725 0.261297
vt 0.338571 0.693333
vt 0.074601 0.659557
vt 0.088967 0.660846
vt 0.042126 0.260707
vt 0.047723 0.953716
vt 0.017248 0.955151
vt 0.163818 0.397705
vt 0.015869 0.946777
vt 0.408325 0.891197
vt 0.379398 0.748719
vt 0.031941 0.947981
vt 0.039219 0.263642
vt 0.011943 0.972656
vt 0.174496 0.404788
vt 0.033757 0.912703
vt 0.818351 0.052569
vt 0.152937 0.487593
vt 0.034889 0.960492
vt 0.015115 0.955125
vt 0.164062 0.398438
vt 0.270593 0.589623
vt 0.937598 0.829720
vt 0.038526 0.261677
vt 0.007324 0.976143
vt 0.026778 0.267461
vt 0.966477 0.698299
vt 0.037143 0.263621
vt 0.127477 0.828903
vt 0.028951 0.957109
vt 0.337156 0.705580
vt 0.258872 0.635300
vt 0.958665 0.931703
vt 0.065186 0.996338
vt 0.566317 0.809569
vt 0.162842 0.398438
vt 0.162354 0.400391
vt 0.017085 0.946027
vt 0.014404 0.249268
vt 0.960086 0.715338
vt 0.813375 0.175135
vt 0.198975 0.409180
vt 0.048196 0.922292
vt 0.858000 0.755588
vt 0.019287 0.253418
vt 0.964664 0.711762
vt 0.038939 0.392103
vt 0.170726 0.406412
vt 0.045429 0.919124
vt 0.034435 0.270616
vt 0.026591 0.971936
vt 0.012141 0.248383
vt 0.955484 0.716617
vt 0.032905 0.952772
vt 0.107252 0.495977
vt 0.351077 0.983655
vt 0.229403 0.568168
vt 0.335359 0.975382
vt 0.033881 0.944535
vt 0.968700 0.957831
vt 0.250747 0.666500
vt 0.030616 0.269986
vt 0.342814 0.977702
vt 0.045166 0.260254
vt 0.008789 0.975586
vt 0.395061 0.987597
vt 0.211811 0.477269
vt 0.813437 0.170037
vt 0.129631 0.818370
vt 0.818765 0.043813
vt 0.163203 0.402043
vt 0.016113 0.941895
vt 0.165731 0.405954
vt 0.328361 0.987157
vt 0.682867 0.521115
vt 0.545607 0.666416
vt 0.820767 0.177835
vt 0.061223 0.994444
vt 0.053892 0.995919
vt 0.578651 0.808361
vt 0.005552 0.252916
vt 0.006668 0.249851
vt 0.946533 0.714111
vt 0.166460 0.407367
vt 0.035652 0.915825
vt 0.902670 0.828126
vt 0.043945 0.262939
vt 0.010254 0.973633
vt 0.364582 0.715446
vt 0.017786 0.958376
vt 0.030233 0.265952
vt 0.009201 0.248047
vt 0.950415 0.715515
vt 0.942206 0.832492
vt 0.032471 0.954834
vt 0.804991 0.829302
vt 0.047231 0.929451
vt 0.856200 0.172677
vt 0.237237 0.565365
vt 0.385804 0.839864
vt 0.260140 0.628933
vt 0.028660 0.264327
vt 0.040283 0.259766
vt 0.007080 0.976807
vt 0.849597 0.165365
vt 0.828572 0.028663
vt 0.062478 0.421066
vt 0.872457 0.563579
vt 0.019992 0.942544
vt 0.044482 0.922849
vt 0.964479 0.700943
vt 0.050455 0.409988
vt 0.829102 0.029297
vt 0.829102 0.029297
vt 0.829102 0.029297
vt 0.829102 0.029297
vt 0.828857 0.029785
vt 0.236060 0.656250
vt 0.062089 0.987016
vt 0.037109 0.264893
vt 0.013428 0.971680
vt 0.034223 0.957308
vt 0.792186 0.106321
vt 0.360654 0.813978
vt 0.035645 0.264160
vt 0.840265 0.766443
vt 0.965245 0.706161
vt 0.040404 0.955298
vt 0.958534 0.713380
vt 0.809442 0.061550
vt 0.392620 0.812508
vt 0.835891 0.770745
vt 0.252735 0.639804
vt 0.861721 0.182765
vt 0.850073 0.182302
vt 0.016224 0.961451
vt 0.828546 0.181408
vt 0.277957 0.524736
vt 0.865340 0.752327
vt 0.940226 0.201251
vt 0.031546 0.267796
vt 0.824951 0.022949
vt 0.057373 0.418701
vt 0.823677 0.021609
vt 0.055369 0.417787
vt 0.339772 0.693195
vt 0.824570 0.030293
vt 0.163275 0.404372
vt 0.962362 0.711848
vt 0.037010 0.953081
vt 0.954002 0.714789
vt 0.276899 0.528621
vt 0.940171 0.197045
vt 0.834913 0.165848
vt 0.349703 0.709806
vt 0.043797 0.401316
vt 0.953568 0.148681
vt 0.824097 0.028018
vt 0.060139 0.422890
vt 0.044719 0.403668
vt 0.824177 0.781118
vt 0.938935 0.395690
vt 0.367676 1.000000
vt 0.772201 0.132812
vt 0.899642 0.710452
vt 0.802934 0.866122
vt 0.799576 0.070044
vt 0.045759 0.935800
vt 0.030502 0.959777
vt 0.274672 0.542096
vt 0.939954 0.180971
vt 0.850147 0.761341
vt 0.035373 0.947800
vt 0.028819 0.962770
vt 0.337786 0.704388
vt 0.130376 0.810912
vt 0.249806 0.562261
vt 0.020025 0.962729
vt 0.418660 0.799931
vt 0.912077 0.715827
vt 0.037964 0.919084
vt 0.819515 0.038509
vt 0.034880 0.266140
vt 0.015625 0.970215
vt 0.937988 0.402832
vt 0.363281 0.994629
vt 0.378545 0.729603
vt 0.395218 0.984450
vt 0.039267 0.943262
vt 0.328905 0.976394
vt 0.339467 0.696553
vt 0.883694 0.567643
vt 0.398655 0.823912
vt 0.333233 0.974691
vt 0.236221 0.657576
vt 0.062953 0.986094
vt 0.241824 0.564727
vt 0.032715 0.264893
vt 0.028733 0.916966
vt 0.172171 0.411147
vt 0.840898 0.767243
vt 0.355724 0.986688
vt 0.973532 0.944111
vt 0.237727 0.662532
vt 0.070584 0.988020
vt 0.581525 0.812375
vt 0.010362 0.973263
vt 0.956123 0.144241
vt 0.040287 0.397775
vt 0.504496 0.792172
vt 0.947133 0.155760
vt 0.013623 0.969761
vt 0.885033 0.567778
vt 0.399414 0.825216
vt 0.258671 0.560429
vt 0.945730 0.156328
vt 0.821285 0.785878
vt 0.958937 0.936495
vt 0.570809 0.813169
vt 0.336088 0.974365
vt 0.035212 0.268080
vt 0.801389 0.066618
vt 0.963513 0.708653
vt 0.036852 0.396373
vt 0.168089 0.409836
vt 0.031280 0.263678
vt 0.008789 0.973874
vt 0.815250 0.045537
vt 0.163957 0.405682
vt 0.023470 0.963429
vt 0.239679 0.651902
vt 0.002035 0.257242
vt 0.013428 0.964844
vt 0.162109 0.403748
vt 0.017372 0.939494
vt 0.008545 0.974609
vt 0.254497 0.644419
vt 0.035132 0.393222
vt 0.001311 0.249744
vt 0.941997 0.701625
vt 0.003287 0.255030
vt 0.830068 0.776646
vt 0.050264 0.411724
vt 0.812446 0.047626
vt 0.274725 0.547550
vt 0.033203 0.263428
vt 0.009521 0.973389
vt 0.835050 0.184706
vt 0.831114 0.182736
vt 0.247025 0.644652
vt 0.274095 0.539615
vt 0.940695 0.184114
vt 0.818059 0.039175
vt 0.165922 0.411900
vt 0.041652 0.925989
vt 0.828901 0.175177
vt 0.030431 0.261154
vt 0.961878 0.694955
vt 0.849494 0.175173
vt 0.828586 0.779934
vt 0.809038 0.054672
vt 0.804113 0.059060
vt 0.009521 0.973877
vt 0.039020 0.399139
vt 0.347421 0.947445
vt 0.811952 0.808405
vt 0.010498 0.972656
vt 0.816712 0.796203
vt 0.037540 0.269316
vt 0.022154 0.969786
vt 0.050761 0.420822
vt 0.821937 0.023269
vt 0.338119 0.705568
vt 0.838563 0.770457
vt 0.825882 0.784456
vt 0.772167 0.131701
vt 0.900391 0.709717
vt 0.604562 0.885442
vt 0.502890 0.812420
vt 0.903651 0.825059
vt 0.020267 0.938153
vt 0.151637 0.097837
vt 0.026457 0.388914
vt 0.338417 0.949222
vt 0.845643 0.183479
vt 0.040502 0.268002
vt 0.022279 0.966320
vt 0.038086 0.266509
vt 0.015246 0.967715
vt 0.016430 0.964819
vt 0.823377 0.788252
vt 0.816165 0.039340
vt 0.822524 0.791022
vt 0.805298 0.835886
vt 0.337194 0.954068
vt 0.813681 0.044593
vt 0.827995 0.782270
vt 0.800372 0.062333
vt 0.365542 0.671007
vt 0.038531 0.647716
vt 0.271696 0.548021
vt 0.940546 0.175633
vt 0.955328 0.712366
vt 0.221157 0.568338
vt 0.269884 0.550555
vt 0.941399 0.172384
vt 0.336176 0.961185
vt 0.028628 0.381982
vt 0.028184 0.386976
vt 0.334204 0.953536
vt 0.336680 0.959189
vt 0.832805 0.776671
vt 0.820801 0.789307
vt 0.935349 0.390043
vt 0.963032 0.703913
vt 0.968953 0.951846
vt 0.246341 0.670408
vt 0.807668 0.053739
vt 0.961015 0.710012
vt 0.384757 0.854025
vt 0.806152 0.869141
vt 0.797828 0.065189
vt 0.336229 0.954701
vt 0.899190 0.711672
vt 0.925721 0.824796
vt 0.168053 0.413590
vt 0.852311 0.641870
vt 0.216548 0.568230
vt 0.121422 0.836801
vt 0.824463 0.788748
vt 0.933372 0.392001
vt 0.272705 0.546387
vt 0.940465 0.177703
vt 0.820557 0.795297
vt 0.382638 0.655139
vt 0.019118 0.651222
vt 0.267107 0.554247
vt 0.942377 0.167438
vt 0.935388 0.404914
vt 0.361320 0.989351
vt 0.950354 0.711908
vt 0.897461 0.826172
vt 0.935138 0.400965
vt 0.388939 0.968054
vt 0.256370 0.563354
vt 0.397329 0.826195
vt 0.036528 0.427375
vt 0.806891 0.013385
vt 0.336915 0.957031
vt 0.269244 0.551082
vt 0.941895 0.171559
vt 0.012812 0.966967
vt 0.335145 0.965028
vt 0.822265 0.792850
vt 0.011963 0.969971
vt 0.394197 0.979244
vt 0.808873 0.827168
vt 0.000928 0.254002
vt 0.943115 0.697266
vt 0.945557 0.696045
vt 0.010278 0.968123
vt 0.814009 0.812566
vt 0.929492 0.375635
vt 0.242354 0.649103
vt 0.788590 0.084026
vt 0.377509 0.808078
vt 0.838588 0.184421
vt 0.258279 0.561567
vt 0.336455 0.962146
vt 0.337402 0.955322
vt 0.806351 0.864151
vt 0.840615 0.186364
vt 0.336199 0.972668
vt 0.944281 0.832186
vt 0.325148 0.990069
vt 0.807709 0.847284
vt 0.806885 0.867920
vt 0.795410 0.066650
vt 0.806926 0.856827
vt 0.358724 0.988606
vt 0.815978 0.805172
vt 0.334234 0.968371
vt 0.827757 0.786417
vt 0.931471 0.825327
vt 0.263428 0.557373
vt 0.944044 0.162749
vt 0.334871 0.969585
vt 0.335205 0.962891
vt 0.003365 0.245483
vt 0.946855 0.710207
vt 0.012449 0.968706
vt 0.818359 0.800293
vt 0.035892 0.937797
vt 0.828782 0.168688
vt 0.335205 0.972168
vt 0.035996 0.921851
vt 0.327128 0.982915
vt 0.806902 0.860723
vt 0.010254 0.971680
vt 0.811454 0.824287
vt 0.002126 0.247588
vt 0.943385 0.705433
vt 0.828771 0.164606
vt 0.335490 0.967283
vt 0.242485 0.647975
vt 0.798340 0.063965
vt 0.809368 0.834363
vt 0.943708 0.166802
vt 0.265191 0.556776
vt 0.943115 0.164551
vt 0.335460 0.970715
vt 0.262008 0.559410
vt 0.944626 0.160456
vt 0.820318 0.798269
vt 0.945760 0.158806
vt 0.259857 0.560700
vt 0.945282 0.157348
vt 0.334339 0.955405
vt 0.035414 0.369365
vt 0.320892 0.957263
vt 0.915989 0.194706
vt 0.815755 0.809078
vt 0.938985 0.826788
vt 0.032296 0.939405
vt 0.802402 0.056736
vt 0.271719 0.553995
vt 0.971432 0.949022
vt 0.242288 0.667541
vt 0.818646 0.803132
vt 0.807274 0.866314
vt 0.038634 0.934171
vt 0.268987 0.557632
vt 0.154677 0.096518
vt 0.334765 0.957775
vt 0.807399 0.869840
vt 0.796176 0.063637
vt 0.961842 0.699087
vt 0.933416 0.388253
vt 0.024096 0.937104
vt 0.384627 0.653957
vt 0.050576 0.493378
vt 0.054644 0.509005
vt 0.015736 0.646291
vt 0.269106 0.554657
vt 0.850239 0.782860
vt 0.835428 0.176331
vt 0.909547 0.823337
vt 0.326646 0.968143
vt 0.350411 0.981241
vt 0.960837 0.706199
vt 0.035509 0.926540
vt 0.333006 0.957992
vt 0.957036 0.707956
vt 0.381350 0.657043
vt 0.019973 0.647462
vt 0.029836 0.919280
vt 0.170370 0.415064
vt 0.124460 0.819917
vt 0.166804 0.414402
vt 0.123950 0.816485
vt 0.333119 0.972236
vt 0.127744 0.808052
vt 0.256171 0.646561
vt 0.035156 0.260986
vt 0.951416 0.693604
vt 0.009274 0.971626
vt 0.961620 0.138899
vt 0.396631 0.987767
vt 0.247898 0.569050
vt 0.951391 0.708783
vt 0.130370 0.805179
vt 0.380615 0.932617
vt 0.920587 0.823785
vt 0.122793 0.830215
vt 0.850117 0.170427
vt 0.892692 0.824355
vt 0.229307 0.653847
vt 0.051850 0.987631
vt 0.568466 0.789569
vt 0.832863 0.806915
vt 0.032759 0.259124
vt 0.957979 0.695106
vt 0.381836 0.940918
vt 0.251630 0.565687
vt 0.162455 0.420672
vt 0.927618 0.377258
vt 0.237422 0.568508
vt 0.339227 0.953633
vt 0.810493 0.829485
vt 0.339608 0.969185
vt 0.332910 0.962109
vt 0.160077 0.416381
vt 0.835578 0.181764
vt 0.263940 0.575984
vt 0.161840 0.419765
vt 0.159842 0.409110
vt 0.017542 0.934241
vt 0.255682 0.620449
vt 0.943887 0.700293
vt 0.267459 0.558352
vt 0.264753 0.560329
vt 0.901929 0.710923
vt 0.029162 0.922167
vt 0.776836 0.131275
vt 0.332399 0.966258
vt 0.146550 0.510377
vt 0.020883 0.933675
vt 0.960177 0.702519
vt 0.243448 0.658379
vt 0.958325 0.705778
vt 0.954862 0.152072
vt 0.840638 0.792631
vt 0.029378 0.932417
vt 0.242090 0.655092
vt 0.825448 0.833451
vt 0.831830 0.169187
vt 0.129889 0.796657
vt 0.381808 0.923299
vt 0.383800 0.946588
vt 0.160319 0.418723
vt 0.897903 0.834616
vt 0.925269 0.370332
vt 0.928003 0.406303
vt 0.363722 0.985435
vt 0.129150 0.804443
vt 0.381910 0.931884
vt 0.932291 0.388995
vt 0.359883 0.983302
vt 0.382356 0.936170
vt 0.891848 0.824237
vt 0.244587 0.570530
vt 0.128662 0.804688
vt 0.131112 0.788492
vt 0.381825 0.914735
vt 0.027983 0.924670
vt 0.892422 0.823472
vt 0.160807 0.420146
vt 0.891242 0.823121
vt 0.391249 0.972885
vt 0.387203 0.963337
vt 0.386171 0.954997
vt 0.128831 0.801530
vt 0.382177 0.928144
vt 0.948242 0.705410
vt 0.945410 0.705329
vt 0.924787 0.822074
vt 0.131592 0.785652
vt 0.382003 0.911703
vt 0.887243 0.822510
vt 0.952726 0.705345
vt 0.948891 0.697033
vt 0.006348 0.974121
vt 0.351509 0.972863
vt 0.329760 0.972917
vt 0.024272 0.931024
vt 0.026050 0.928042
vt 0.383696 0.919521
vt 0.259784 0.565045
vt 0.383448 0.911598
vt 0.887278 0.823436
vt 0.890563 0.823485
vt 0.974663 0.789783
vt 0.274972 0.986591
vt 0.866032 0.187569
vt 0.383116 0.929303
vt 0.159354 0.414756
vt 0.012695 0.929688
vt 0.418698 0.802978
vt 0.902693 0.712713
vt 0.946196 0.700822
vt 0.952121 0.696017
vt 0.163866 0.419644
vt 0.957157 0.699045
vt 0.864447 0.772654
vt 0.950338 0.205221
vt 0.478752 0.995399
vt 0.131348 0.785156
vt 0.887773 0.821778
vt 0.127885 0.801528
vt 0.950880 0.159587
vt 0.777437 0.132923
vt 0.904939 0.709242
vt 0.971292 0.142184
vt 0.404948 0.982909
vt 0.358469 0.703382
vt 0.386442 0.943586
vt 0.956011 0.704325
vt 0.253524 0.569124
vt 0.902248 0.820924
vt 0.697475 0.513908
vt 0.930913 0.396391
vt 0.388009 0.875663
vt 0.950374 0.705164
vt 0.016519 0.920195
vt 0.164486 0.422580
vt 0.907586 0.819255
vt 0.286832 0.985314
vt 0.971571 0.161122
vt 0.970503 0.151421
vt 0.419603 0.983954
vt 0.164671 0.419467
vt 0.243228 0.574377
vt 0.944672 0.826962
vt 0.319454 0.987049
vt 0.955957 0.701967
vt 0.934324 0.819928
vt 0.010562 0.909557
vt 0.165269 0.424825
vt 0.231373 0.578496
vt 0.953881 0.699677
vt 0.953672 0.806492
vt 0.322223 0.982594
vt 0.326252 0.977921
vt 0.162581 0.422483
vt 0.892801 0.835344
vt 0.158447 0.414940
vt 0.012436 0.926891
vt 0.387714 0.911570
vt 0.890512 0.826661
vt 0.541470 0.684078
vt 0.910871 0.710792
vt 0.951703 0.702982
vt 0.559105 0.697853
vt 0.385995 0.931298
vt 0.249148 0.572081
vt 0.128146 0.789844
vt 0.887451 0.819954
vt 0.393618 0.958049
vt 0.974286 0.784303
vt 0.858077 0.188880
vt 0.855060 0.779236
vt 0.477026 0.986238
vt 0.408934 0.973517
vt 0.028574 0.415615
vt 0.160279 0.422362
vt 0.160708 0.422996
vt 0.163459 0.423427
vt 0.963691 0.152456
vt 0.352318 0.689620
vt 0.956576 0.195287
vt 0.469737 0.995227
vt 0.249938 0.627151
vt 0.822892 0.851077
vt 0.381043 0.818045
vt 0.976301 0.737639
vt 0.193839 0.510066
vt 0.807831 0.188964
vt 0.354965 0.699445
vt 0.388280 0.917919
vt 0.886165 0.828561
vt 0.724303 0.526142
vt 0.558413 0.703220
vt 0.887696 0.839536
vt 0.915023 0.374517
vt 0.158777 0.423597
vt 0.964079 0.159874
vt 0.922577 0.809779
vt 0.158782 0.421194
vt 0.397437 0.949060
vt 0.162140 0.425292
vt 0.924572 0.390269
vt 0.124187 0.783515
vt 0.894544 0.813977
vt 0.954988 0.179146
vt 0.118336 0.813799
vt 0.012117 0.912930
vt 0.789443 0.045202
vt 0.799545 0.029673
vt 0.009281 0.921497
vt 0.403657 0.961866
vt 0.159651 0.425360
vt 0.157362 0.418951
vt 0.008538 0.923332
vt 0.011821 0.918838
vt 0.712902 0.528634
vt 0.383753 0.832213
vt 0.170501 0.108780
vt 0.230508 0.616183
vt 0.070413 0.854345
vt 0.707725 0.530378
vt 0.158840 0.113692
vt 0.233916 0.608359
vt 0.076037 0.855336
vt 0.784766 0.133655
vt 0.911164 0.706532
vt 0.008545 0.907227
vt 0.163264 0.426400
vt 0.921291 0.406860
vt 0.367639 0.981623
vt 0.010100 0.915207
vt 0.106209 0.830501
vt 0.915498 0.709680
vt 0.782986 0.133949
vt 0.910382 0.707887
vt 0.232965 0.580880
vt 0.094248 0.837950
vt 0.156566 0.422163
vt 0.006253 0.919937
vt 0.559080 0.688200
vt 0.692055 0.536168
vt 0.385252 0.656003
vt 0.383572 0.655594
vt 0.391379 0.943529
vt 0.160120 0.429021
vt 0.507084 0.768229
vt 0.021552 0.406110
vt 0.351194 0.950312
vt 0.383211 0.655488
vt 0.156575 0.424766
vt 0.923945 0.708311
vt 0.157071 0.426671
vt 0.942175 0.815869
vt 0.942105 0.821852
vt 0.313100 0.994341
vt 0.221310 0.578505
vt 0.216618 0.571820
vt 0.112073 0.834979
vt 0.917918 0.414308
vt 0.360066 0.974397
vt 0.162684 0.428959
vt 0.007229 0.909090
vt 0.977269 0.144866
vt 0.411875 0.978316
vt 0.382568 0.656250
vt 0.121302 0.788685
vt 0.888294 0.812456
vt 0.115051 0.806160
vt 0.385507 0.656115
vt 0.008598 0.911105
vt 0.383896 0.656738
vt 0.793568 0.135445
vt 0.919835 0.702995
vt 0.924131 0.707424
vt 0.386330 0.657142
vt 0.146469 0.542231
vt 0.927223 0.706786
vt 0.694672 0.534749
vt 0.157798 0.430247
vt 0.006618 0.913343
vt 0.859467 0.627705
vt 0.822186 0.860070
vt 0.779214 0.044316
vt 0.908452 0.422026
vt 0.354104 0.968195
vt 0.008301 0.916921
vt 0.916345 0.382273
vt 0.928467 0.707369
vt 0.337644 0.820558
vt 0.397248 0.941994
vt 0.154911 0.425938
vt 0.005937 0.916192
vt 0.928556 0.706258
vt 0.337907 0.820551
vt 0.457208 0.780180
vt 0.134249 0.515732
vt 0.424172 0.788577
vt 0.920346 0.713910
vt 0.382739 0.657887
vt 0.387244 0.654542
vt 0.387286 0.657431
vt 0.829859 0.816365
vt 0.337891 0.821045
vt 0.383482 0.658470
vt 0.938184 0.816725
vt 0.384227 0.658867
vt 0.388426 0.657847
vt 0.955449 0.787673
vt 0.964286 0.178374
vt 0.455941 0.982826
vt 0.364612 0.821815
vt 0.918539 0.390700
vt 0.954763 0.794834
vt 0.286575 0.998837
vt 0.397499 0.916300
vt 0.883928 0.832802
vt 0.390145 0.654385
vt 0.059790 0.520144
vt 0.390151 0.656449
vt 0.888889 0.431191
vt 0.020168 0.424108
vt 0.359987 0.946859
vt 0.214101 0.643405
vt 0.564444 0.765867
vt 0.036529 0.846996
vt 0.337687 0.821845
vt 0.338441 0.821832
vt 0.024985 0.438608
vt 0.032272 0.433364
vt 0.789730 0.010332
vt 0.797725 0.135300
vt 0.927328 0.699271
vt 0.343846 0.821976
vt 0.391700 0.660491
vt 0.958048 0.743267
vt 0.198925 0.533495
vt 0.020156 0.437314
vt 0.865687 0.792517
vt 0.865198 0.776785
vt 0.470972 0.981085
vt 0.559950 0.677151
vt 0.885362 0.838281
vt 0.911377 0.373291
vt 0.167150 0.110185
vt 0.856965 0.826130
vt 0.477807 0.939729
vt 0.786535 0.016021
vt 0.419252 0.781306
vt 0.926684 0.715608
vt 0.333496 0.821777
vt 0.338585 0.826250
vt 0.368309 0.679395
vt 0.392552 0.657987
vt 0.386956 0.661596
vt 0.338032 0.830397
vt 0.931108 0.712857
vt 0.335876 0.823627
vt 0.857348 0.804150
vt 0.479004 0.963135
vt 0.477716 0.949422
vt 0.392529 0.662086
vt 0.545272 0.735028
vt 0.036513 0.824861
vt 0.596431 0.776160
vt 0.393799 0.663007
vt 0.392933 0.724076
vt 0.850077 0.860223
vt 0.772695 0.035182
vt 0.846629 0.623529
vt 0.174998 0.100734
vt 0.703036 0.532039
vt 0.842207 0.624057
vt 0.402047 0.950815
vt 0.927003 0.811693
vt 0.871574 0.628299
vt 0.938529 0.751715
vt 0.194740 0.574505
vt 0.156351 0.115856
vt 0.837935 0.622181
vt 0.902519 0.415509
vt 0.360376 0.966185
vt 0.337406 0.830825
vt 0.906720 0.806885
vt 0.560434 0.684741
vt 0.893318 0.421646
vt 0.370220 0.952993
vt 0.952008 0.734489
vt 0.155867 0.575352
vt 0.857297 0.817146
vt 0.477957 0.944504
vt 0.394305 0.662860
vt 0.393818 0.663361
vt 0.215119 0.578381
vt 0.104490 0.834229
vt 0.109116 0.834428
vt 0.334895 0.829998
vt 0.395776 0.655613
vt 0.053833 0.534279
vt 0.396240 0.664551
vt 0.337810 0.833412
vt 0.338427 0.832827
vt 0.394569 0.656339
vt 0.927560 0.786909
vt 0.337646 0.836183
vt 0.422752 0.969926
vt 0.474808 0.983127
vt 0.469082 0.979907
vt 0.396312 0.665119
vt 0.174659 0.108560
vt 0.474520 0.911978
vt 0.852790 0.845353
vt 0.561155 0.674197
vt 0.421019 0.772509
vt 0.332772 0.823073
vt 0.396981 0.664564
vt 0.975724 0.168101
vt 0.432844 0.974626
vt 0.865032 0.626005
vt 0.977592 0.175510
vt 0.451420 0.975800
vt 0.560029 0.680770
vt 0.107999 0.812845
vt 0.866456 0.788085
vt 0.478442 0.983255
vt 0.854813 0.626269
vt 0.913620 0.380653
vt 0.337582 0.837035
vt 0.112241 0.786105
vt 0.885798 0.795699
vt 0.888131 0.804863
vt 0.336665 0.842740
vt 0.395327 0.661499
vt 0.400391 0.667235
vt 0.400253 0.916415
vt 0.882899 0.834827
vt 0.401486 0.908506
vt 0.884503 0.840408
vt 0.910506 0.374526
vt 0.906888 0.390149
vt 0.913475 0.804860
vt 0.461548 0.752221
vt 0.697875 0.789753
vt 0.864482 0.795422
vt 0.371607 0.710627
vt 0.905426 0.405561
vt 0.850088 0.867852
vt 0.770853 0.026937
vt 0.927748 0.795160
vt 0.785630 0.012267
vt 0.109357 0.802044
vt 0.222654 0.599101
vt 0.089418 0.831714
vt 0.401186 0.667237
vt 0.466607 0.977062
vt 0.400409 0.667762
vt 0.336762 0.843606
vt 0.023627 0.440131
vt 0.787093 0.010270
vt 0.419352 0.760608
vt 0.333296 0.825508
vt 0.400790 0.942422
vt 0.782562 0.014062
vt 0.866943 0.790527
vt 0.478516 0.982666
vt 0.399102 0.662634
vt 0.405012 0.670051
vt 0.334360 0.838090
vt 0.386336 0.663686
vt 0.343552 0.829465
vt 0.389013 0.667285
vt 0.402805 0.917134
vt 0.903255 0.372323
vt 0.343217 0.837414
vt 0.886059 0.428251
vt 0.011269 0.433383
vt 0.017829 0.436083
vt 0.397647 0.659345
vt 0.383140 0.716943
vt 0.778630 0.016354
vt 0.337158 0.847168
vt 0.477595 0.981990
vt 0.415527 0.936005
vt 0.866569 0.796894
vt 0.480197 0.969396
vt 0.778797 0.013765
vt 0.559733 0.692983
vt 0.698861 0.533545
vt 0.104551 0.815087
vt 0.364358 0.838629
vt 0.867187 0.799914
vt 0.476604 0.968131
vt 0.376145 0.851940
vt 0.013223 0.437291
vt 0.081141 0.829750
vt 0.016161 0.436768
vt 0.469812 0.979378
vt 0.508434 0.734028
vt 0.649015 0.778612
vt 0.038423 0.813865
vt 0.597624 0.785483
vt 0.778818 0.012366
vt 0.465401 0.975065
vt 0.895712 0.805377
vt 0.336906 0.847995
vt 0.404868 0.670709
vt 0.381415 0.871582
vt 0.405571 0.670212
vt 0.337638 0.848008
vt 0.776611 0.012207
vt 0.393716 0.669854
vt 0.634379 0.788317
vt 0.407445 0.672337
vt 0.022077 0.444964
vt 0.783269 0.010148
vt 0.774185 0.010543
vt 0.415589 0.952909
vt 0.868164 0.791748
vt 0.481269 0.980957
vt 0.420355 0.750922
vt 0.332821 0.835881
vt 0.172231 0.589325
vt 0.887736 0.399923
vt 0.408689 0.666047
vt 0.054629 0.578755
vt 0.016846 0.437988
vt 0.337018 0.853520
vt 0.475581 0.981222
vt 0.892704 0.802489
vt 0.161629 0.112889
vt 0.335965 0.851471
vt 0.883545 0.426270
vt 0.011082 0.438919
vt 0.407975 0.672358
vt 0.107390 0.797262
vt 0.467314 0.976142
vt 0.017969 0.441032
vt 0.906642 0.786883
vt 0.014648 0.438232
vt 0.006348 0.445557
vt 0.769517 0.005869
vt 0.018895 0.442497
vt 0.925563 0.745455
vt 0.201838 0.589049
vt 0.882813 0.424123
vt 0.009702 0.440974
vt 0.472128 0.956584
vt 0.469867 0.967763
vt 0.777344 0.011475
vt 0.411990 0.674745
vt 0.335784 0.861463
vt 0.464855 0.971349
vt 0.398507 0.672559
vt 0.867188 0.794678
vt 0.482910 0.972656
vt 0.403412 0.662983
vt 0.057517 0.560256
vt 0.342878 0.851420
vt 0.019858 0.447462
vt 0.780528 0.010360
vt 0.336197 0.862045
vt 0.479155 0.980555
vt 0.907176 0.794064
vt 0.420426 0.904274
vt 0.897174 0.377416
vt 0.411884 0.675384
vt 0.468275 0.967524
vt 0.868254 0.793431
vt 0.482736 0.976939
vt 0.094576 0.810831
vt 0.007944 0.443313
vt 0.768021 0.004592
vt 0.020521 0.445607
vt 0.781738 0.009521
vt 0.020307 0.444023
vt 0.375744 0.686703
vt 0.877506 0.419254
vt 0.008299 0.442389
vt 0.766566 0.003867
vt 0.471349 0.979104
vt 0.467529 0.968750
vt 0.417864 0.673309
vt 0.057168 0.604129
vt 0.775146 0.010010
vt 0.038011 0.801660
vt 0.620960 0.811289
vt 0.019287 0.449219
vt 0.779053 0.010986
vt 0.466057 0.969222
vt 0.415947 0.917440
vt 0.427582 0.729609
vt 0.333207 0.850134
vt 0.730054 0.787764
vt 0.864276 0.865351
vt 0.469356 0.898589
vt 0.759792 0.013136
vt 0.892912 0.791704
vt 0.421875 0.674072
vt 0.140143 0.611751
vt 0.688989 0.537799
vt 0.562207 0.671171
vt 0.015496 0.441038
vt 0.910933 0.734781
vt 0.193475 0.607821
vt 0.470171 0.977316
vt 0.096921 0.796893
vt 0.462006 0.963951
vt 0.479771 0.978816
vt 0.335188 0.861994
vt 0.412597 0.674799
vt 0.475209 0.980374
vt 0.019151 0.446237
vt 0.410872 0.670120
vt 0.413091 0.676758
vt 0.363063 0.856486
vt 0.012005 0.440653
vt 0.336101 0.865459
vt 0.018425 0.448077
vt 0.387045 0.691498
vt 0.464272 0.723751
vt 0.330168 0.875362
vt 0.741857 0.813243
vt 0.481746 0.974155
vt 0.412956 0.676350
vt 0.478760 0.970947
vt 0.017334 0.452148
vt 0.776367 0.009766
vt 0.017888 0.450346
vt 0.777289 0.009521
vt 0.480068 0.971968
vt 0.007812 0.445312
vt 0.013411 0.441699
vt 0.773663 0.008143
vt 0.336410 0.866157
vt 0.099438 0.783585
vt 0.884491 0.789088
vt 0.885036 0.792780
vt 0.164971 0.112671
vt 0.412404 0.669053
vt 0.053014 0.585509
vt 0.007084 0.447762
vt 0.769778 0.005129
vt 0.447559 0.955417
vt 0.332767 0.869709
vt 0.736542 0.804146
vt 0.432693 0.940881
vt 0.403013 0.674991
vt 0.334091 0.863278
vt 0.086650 0.806164
vt 0.459401 0.948798
vt 0.471053 0.976863
vt 0.469240 0.975411
vt 0.016812 0.444496
vt 0.414200 0.673615
vt 0.475390 0.978252
vt 0.477624 0.978286
vt 0.414091 0.675952
vt 0.333126 0.866130
vt 0.014752 0.442683
vt 0.480147 0.975658
vt 0.338646 0.864295
vt 0.466531 0.895134
vt 0.872209 0.408970
vt 0.754296 0.005545
vt 0.478829 0.972734
vt 0.416469 0.679825
vt 0.469482 0.969971
vt 0.012620 0.451847
vt 0.774902 0.008057
vt 0.772949 0.006592
vt 0.468437 0.973294
vt 0.009521 0.443848
vt 0.893238 0.777227
vt 0.008789 0.445068
vt 0.416710 0.677778
vt 0.468809 0.970742
vt 0.011060 0.442711
vt 0.475685 0.971108
vt 0.415955 0.675117
vt 0.662785 0.809775
vt 0.435394 0.900155
vt 0.886598 0.389909
vt 0.336541 0.869754
vt 0.850207 0.625534
vt 0.471205 0.970256
vt 0.381531 0.893596
vt 0.401319 0.729272
vt 0.077666 0.789329
vt 0.880333 0.766736
vt 0.457121 0.938937
vt 0.722959 0.546737
vt 0.083762 0.781992
vt 0.884104 0.768577
vt 0.008810 0.447091
vt 0.398600 0.699607
vt 0.335201 0.870439
vt 0.609316 0.851635
vt 0.896706 0.735238
vt 0.195423 0.631061
vt 0.413433 0.679402
vt 0.470703 0.971210
vt 0.015355 0.448315
vt 0.418174 0.676092
vt 0.056249 0.608183
vt 0.476218 0.974305
vt 0.471787 0.973474
vt 0.338349 0.867237
vt 0.419306 0.678720
vt 0.054845 0.616797
vt 0.011726 0.445499
vt 0.698304 0.551746
vt 0.038328 0.782573
vt 0.606160 0.823631
vt 0.441198 0.947515
vt 0.336298 0.876180
vt 0.431311 0.931579
vt 0.664796 0.826617
vt 0.336914 0.871582
vt 0.645532 0.851516
vt 0.138321 0.629000
vt 0.426296 0.684754
vt 0.430208 0.917401
vt 0.869896 0.859161
vt 0.467654 0.907777
vt 0.426133 0.680917
vt 0.055121 0.629135
vt 0.168485 0.127104
vt 0.051408 0.781779
vt 0.605492 0.843151
vt 0.885460 0.732827
vt 0.334220 0.885448
vt 0.739485 0.836374
vt 0.407415 0.705506
vt 0.361731 0.871473
vt 0.870088 0.611892
vt 0.335289 0.884818
vt 0.869258 0.835596
vt 0.464997 0.925371
vt 0.873732 0.611036
vt 0.884897 0.408674
vt 0.697427 0.849894
vt 0.132667 0.630131
vt 0.577152 0.679173
vt 0.576148 0.684305
vt 0.338040 0.869132
vt 0.333751 0.892713
vt 0.723987 0.841319
vt 0.431178 0.686719
vt 0.065320 0.636976
vt 0.423206 0.685406
vt 0.336325 0.890792
vt 0.430556 0.689150
vt 0.360507 0.882819
vt 0.426376 0.685370
vt 0.335146 0.892213
vt 0.431152 0.687988
vt 0.665278 0.841779
vt 0.133406 0.635318
vt 0.136230 0.630615
vt 0.136230 0.630615
vt 0.136230 0.630615
vt 0.136230 0.630615
vt 0.135742 0.631836
vt 0.432304 0.905886
vt 0.889638 0.381002
vt 0.453288 0.898346
vt 0.877588 0.400972
vt 0.190510 0.122981
vt 0.877838 0.610674
vt 0.867784 0.613588
vt 0.450928 0.897461
vt 0.882511 0.398975
vt 0.183746 0.116065
vt 0.717568 0.545124
vt 0.699729 0.547776
vt 0.574530 0.681177
vt 0.449289 0.901530
vt 0.877930 0.396484
vt 0.878906 0.395264
vt 0.360340 0.894175
vt 0.415472 0.709311
vt 0.444132 0.943807
vt 0.438267 0.936541
vt 0.446138 0.936718
vt 0.727734 0.548234
vt 0.580046 0.706153
vt 0.440084 0.936282
vt 0.708281 0.549073
vt 0.443805 0.899609
vt 0.881651 0.391521
vt 0.880127 0.394287
vt 0.881329 0.395143
vt 0.441850 0.906174
vt 0.438665 0.930344
vt 0.443881 0.902641
vt 0.441783 0.911269
vt 0.440867 0.929292
vt 0.442294 0.934321
vt 0.441428 0.900944
vt 0.883057 0.389893
vt 0.703413 0.549521
vt 0.168966 0.123466
vt 0.695545 0.554789
vt 0.579404 0.676224
vt 0.438767 0.911120
vt 0.443848 0.937474
vt 0.437988 0.922119
vt 0.437988 0.922119
vt 0.437988 0.922607
vt 0.437988 0.922607
vt 0.447216 0.911400
vt 0.573297 0.700794
vt 0.446758 0.926342
vt 0.575966 0.692126
vt 0.862306 0.612594
vt 0.852053 0.611085
vt 0.181924 0.119862
vt 0.179528 0.122728
vt 0.713088 0.547577
vt 0.576817 0.688059
vt 0.857065 0.611402
vt 0.176032 0.124257
vt 0.172440 0.125355
vt 0.166536 0.129958
vt 0.842252 0.607571
vt 0.848718 0.611212
vt 0.845916 0.609838
vt 0.574619 0.696253
vt 0.725299 0.548626
vt 0.187201 0.123329
vt 0.583883 0.682270
vt 0.711517 0.561501
vt 0.186841 0.131246
vt 0.579856 0.701030
vt 0.866259 0.603917
vt 0.719079 0.557556
vt 0.704469 0.560726
vt 0.850728 0.601512
vt 0.864376 0.606338
vt 0.181669 0.134981
vt 0.587039 0.684150
vt 0.586796 0.696297
vt 0.589258 0.690025
vt 0.858383 0.600752
vt 0.194522 0.135009
vt 0.873886 0.599410
vt 0.728710 0.553775
vt 0.584687 0.706255
vt 0.584539 0.698291
vt 0.175280 0.134350
vt 0.852151 0.601587
vt 0.701681 0.566699
vt 0.591427 0.681079
vt 0.174053 0.139595
vt 0.846544 0.597309
vt 0.727969 0.561764
vt 0.592404 0.704574
vt 0.182524 0.143075
vt 0.857055 0.594006
vt 0.710642 0.569990
vt 0.597072 0.689174
vt 0.107207 0.909149
vt 0.029278 0.086433
vt 0.658611 0.703443
vt 0.461488 0.142117
vt 0.613478 0.665309
vt 0.051165 0.117830
vt 0.739112 0.170874
vt 0.337670 0.797956
vt 0.410234 0.477665
vt 0.367389 0.640393
vt 0.668045 0.020081
vt 0.143372 0.139221
vt 0.121740 0.735092
vt 0.409169 0.472037
vt 0.370615 0.634164
vt 0.758257 0.877146
vt 0.526653 0.918313
vt 0.515766 0.840976
vt 0.108971 0.928852
vt 0.593893 0.744878
vt 0.014339 0.095999
vt 0.624566 0.719270
vt 0.083043 0.889502
vt 0.759568 0.885611
vt 0.726648 0.687361
vt 0.608419 0.738270
vt 0.652277 0.197271
vt 0.317720 0.804333
vt 0.088500 0.766735
vt 0.521810 0.897466
vt 0.723694 0.917195
vt 0.450101 0.497559
vt 0.728094 0.915701
vt 0.453617 0.499225
vt 0.508803 0.837337
vt 0.187422 0.178942
vt 0.796156 0.608185
vt 0.085466 0.127110
vt 0.759500 0.884233
vt 0.414794 0.458347
vt 0.388383 0.634053
vt 0.509536 0.842473
vt 0.654574 0.714350
vt 0.513672 0.840332
vt 0.476975 0.511684
vt 0.749052 0.898039
vt 0.647447 0.710555
vt 0.739414 0.682437
vt 0.685817 0.193804
vt 0.323423 0.800549
vt 0.319822 0.802305
vt 0.095472 0.140404
vt 0.050060 0.128881
vt 0.740996 0.182839
vt 0.512860 0.839620
vt 0.634437 0.722590
vt 0.077605 0.754812
vt 0.318609 0.157594
vt 0.515013 0.863075
vt 0.629021 0.734429
vt 0.418493 0.470964
vt 0.378004 0.641979
vt 0.390614 0.627409
vt 0.665058 0.628154
vt 0.444125 0.484198
vt 0.080878 0.879463
vt 0.505725 0.840395
vt 0.055002 0.754200
vt 0.749825 0.681133
vt 0.740928 0.682289
vt 0.734320 0.908953
vt 0.470808 0.504312
vt 0.739781 0.902887
vt 0.658816 0.713658
vt 0.062553 0.142330
vt 0.525331 0.914924
vt 0.038184 0.753487
vt 0.742508 0.681412
vt 0.608900 0.746483
vt 0.049186 0.132069
vt 0.049294 0.143127
vt 0.739649 0.197112
vt 0.520513 0.910194
vt 0.752441 0.877149
vt 0.523715 0.922417
vt 0.753631 0.886591
vt 0.523744 0.921245
vt 0.741897 0.682616
vt 0.090343 0.896512
vt 0.643423 0.722058
vt 0.651688 0.719714
vt 0.687593 0.707648
vt 0.650450 0.719917
vt 0.670246 0.716477
vt 0.741942 0.687174
vt 0.732966 0.691729
vt 0.486757 0.520903
vt 0.750480 0.878837
vt 0.743505 0.686821
vt 0.515108 0.889590
vt 0.521768 0.922515
vt 0.502995 0.843332
vt 0.457577 0.489325
vt 0.083685 0.889747
vt 0.123779 0.142218
vt 0.640242 0.725613
vt 0.649971 0.044997
vt 0.161654 0.151321
vt 0.412936 0.452440
vt 0.391154 0.632266
vt 0.652403 0.721179
vt 0.417877 0.459048
vt 0.389410 0.160934
vt 0.486278 0.517321
vt 0.747606 0.886950
vt 0.068801 0.761355
vt 0.486816 0.526611
vt 0.749311 0.876516
vt 0.522044 0.924836
vt 0.614544 0.743929
vt 0.079740 0.894653
vt 0.486984 0.515849
vt 0.747005 0.889210
vt 0.648983 0.722840
vt 0.481901 0.506064
vt 0.500502 0.832514
vt 0.171714 0.168900
vt 0.488342 0.526789
vt 0.748831 0.875540
vt 0.521293 0.925450
vt 0.683258 0.712616
vt 0.082943 0.909562
vt 0.863313 0.362418
vt 0.632848 0.736885
vt 0.654972 0.720771
vt 0.078800 0.894231
vt 0.866124 0.358070
vt 0.099676 0.923047
vt 0.595210 0.751618
vt 0.648075 0.723642
vt 0.487133 0.522999
vt 0.747803 0.878683
vt 0.089207 0.914124
vt 0.867903 0.365896
vt 0.593877 0.753633
vt 0.600527 0.066209
vt 0.082275 0.866699
vt 0.519430 0.914040
vt 0.487399 0.524754
vt 0.747803 0.876953
vt 0.501182 0.839105
vt 0.182373 0.184570
vt 0.455464 0.485565
vt 0.647410 0.724388
vt 0.487781 0.525516
vt 0.748291 0.875977
vt 0.166899 0.157755
vt 0.687436 0.713118
vt 0.062887 0.760839
vt 0.646264 0.725938
vt 0.516614 0.900408
vt 0.682322 0.714139
vt 0.630658 0.618124
vt 0.657385 0.728574
vt 0.536996 0.005876
vt 0.798550 0.627515
vt 0.515712 0.900791
vt 0.507439 0.873368
vt 0.426404 0.461660
vt 0.703655 0.706502
vt 0.597161 0.229979
vt 0.054205 0.761668
vt 0.757080 0.684326
vt 0.566019 0.006134
vt 0.828582 0.616071
vt 0.113536 0.286138
vt 0.643799 0.729079
vt 0.439207 0.135191
vt 0.610366 0.659102
vt 0.388333 0.156010
vt 0.487543 0.518078
vt 0.866385 0.367905
vt 0.595693 0.752703
vt 0.515878 0.899919
vt 0.624289 0.082250
vt 0.074476 0.869977
vt 0.512471 0.903355
vt 0.636187 0.198652
vt 0.080130 0.766273
vt 0.681890 0.722343
vt 0.412371 0.433071
vt 0.410543 0.627771
vt 0.665439 0.598109
vt 0.484801 0.511656
vt 0.630703 0.738613
vt 0.498286 0.523781
vt 0.512898 0.922856
vt 0.645605 0.728595
vt 0.501192 0.840092
vt 0.440693 0.476480
vt 0.152800 0.150668
vt 0.373238 0.146957
vt 0.470975 0.495383
vt 0.065912 0.888291
vt 0.644421 0.729903
vt 0.477986 0.502019
vt 0.502880 0.860901
vt 0.487795 0.515596
vt 0.360640 0.140203
vt 0.525521 0.619881
vt 0.868705 0.381806
vt 0.615810 0.745109
vt 0.445884 0.473746
vt 0.073968 0.898767
vt 0.867393 0.354343
vt 0.639920 0.732706
vt 0.707339 0.710435
vt 0.511379 0.889791
vt 0.505509 0.877670
vt 0.499067 0.843535
vt 0.745298 0.692496
vt 0.635651 0.735577
vt 0.743763 0.692701
vt 0.507661 0.905916
vt 0.746750 0.688574
vt 0.510835 0.888880
vt 0.699451 0.711038
vt 0.460582 0.476216
vt 0.659537 0.742987
vt 0.867060 0.383025
vt 0.613763 0.747067
vt 0.506243 0.888410
vt 0.699054 0.711458
vt 0.635498 0.736320
vt 0.627253 0.740454
vt 0.508361 0.881874
vt 0.633217 0.737484
vt 0.038334 0.760809
vt 0.748141 0.687277
vt 0.463874 0.489305
vt 0.477127 0.500520
vt 0.732583 0.704453
vt 0.625627 0.205439
vt 0.073488 0.766194
vt 0.501502 0.016770
vt 0.515078 0.010488
vt 0.778991 0.639147
vt 0.423974 0.444732
vt 0.603856 0.221743
vt 0.062176 0.767835
vt 0.076014 0.901589
vt 0.862121 0.359968
vt 0.432228 0.465523
vt 0.518188 0.522237
vt 0.315847 0.254171
vt 0.496739 0.911024
vt 0.485106 0.499038
vt 0.461747 0.485383
vt 0.162297 0.162315
vt 0.627410 0.740839
vt 0.626384 0.741028
vt 0.473957 0.498096
vt 0.618606 0.745390
vt 0.637381 0.750374
vt 0.865661 0.355763
vt 0.431956 0.463363
vt 0.503485 0.883071
vt 0.707020 0.715820
vt 0.480458 0.497567
vt 0.617189 0.746095
vt 0.869863 0.383792
vt 0.749515 0.691046
vt 0.498457 0.839897
vt 0.442018 0.467765
vt 0.065921 0.886207
vt 0.426080 0.448863
vt 0.865344 0.393239
vt 0.628907 0.748673
vt 0.713009 0.708932
vt 0.151901 0.161022
vt 0.713114 0.709464
vt 0.501732 0.876750
vt 0.864909 0.356274
vt 0.618418 0.745656
vt 0.870841 0.385389
vt 0.863798 0.354060
vt 0.382535 0.136164
vt 0.546922 0.643144
vt 0.717959 0.708617
vt 0.505306 0.877070
vt 0.464195 0.488823
vt 0.460681 0.477828
vt 0.864233 0.357471
vt 0.315613 0.135867
vt 0.496882 0.592579
vt 0.485464 0.580093
vt 0.481410 0.493547
vt 0.417380 0.433260
vt 0.400847 0.632032
vt 0.436474 0.463521
vt 0.461175 0.481387
vt 0.140419 0.151362
vt 0.514024 0.517325
vt 0.615617 0.215533
vt 0.071792 0.770550
vt 0.065856 0.770994
vt 0.432298 0.462011
vt 0.493518 0.843421
vt 0.708309 0.725752
vt 0.497797 0.886812
vt 0.434326 0.462891
vt 0.864019 0.357436
vt 0.500572 0.868109
vt 0.685269 0.745147
vt 0.502272 0.871122
vt 0.863620 0.380969
vt 0.603340 0.750184
vt 0.867848 0.388159
vt 0.866590 0.390896
vt 0.624241 0.745623
vt 0.439561 0.463251
vt 0.484072 0.494691
vt 0.413104 0.137980
vt 0.401658 0.137590
vt 0.568345 0.656731
vt 0.493598 0.497075
vt 0.435091 0.462413
vt 0.493737 0.838706
vt 0.169994 0.189512
vt 0.498920 0.864093
vt 0.601076 0.232324
vt 0.054739 0.767084
vt 0.165064 0.175267
vt 0.597134 0.638088
vt 0.862533 0.359142
vt 0.496428 0.859876
vt 0.632806 0.751764
vt 0.446751 0.469437
vt 0.461624 0.477231
vt 0.496106 0.839653
vt 0.069603 0.896317
vt 0.066474 0.895255
vt 0.862764 0.351690
vt 0.862802 0.368407
vt 0.438110 0.462725
vt 0.726649 0.707561
vt 0.490728 0.493470
vt 0.726442 0.710889
vt 0.862237 0.372256
vt 0.749210 0.698294
vt 0.429444 0.456431
vt 0.492761 0.865339
vt 0.861824 0.365169
vt 0.442743 0.462918
vt 0.631160 0.751445
vt 0.443409 0.456573
vt 0.859871 0.363605
vt 0.624294 0.753161
vt 0.856760 0.384437
vt 0.634321 0.752895
vt 0.489359 0.490967
vt 0.455473 0.469673
vt 0.445550 0.467092
vt 0.338154 0.136681
vt 0.510303 0.602288
vt 0.635856 0.754239
vt 0.661418 0.749643
vt 0.630819 0.205097
vt 0.054577 0.895840
vt 0.856480 0.360287
vt 0.735694 0.706897
vt 0.629741 0.752734
vt 0.731056 0.707068
vt 0.488017 0.488850
vt 0.860416 0.373484
vt 0.489469 0.867270
vt 0.496974 0.862154
vt 0.859655 0.367640
vt 0.522082 0.511551
vt 0.337216 0.254499
vt 0.449093 0.465571
vt 0.497695 0.493534
vt 0.426733 0.449437
vt 0.120118 0.152841
vt 0.653634 0.206581
vt 0.493841 0.491540
vt 0.731203 0.709942
vt 0.595617 0.250654
vt 0.754240 0.694304
vt 0.631592 0.753099
vt 0.752831 0.695004
vt 0.628550 0.756864
vt 0.858657 0.405613
vt 0.855495 0.367234
vt 0.491304 0.490104
vt 0.468053 0.473609
vt 0.318496 0.259132
vt 0.491195 0.853654
vt 0.306436 0.262786
vt 0.301964 0.265486
vt 0.487665 0.893250
vt 0.065378 0.877978
vt 0.655629 0.217632
vt 0.421501 0.434145
vt 0.633106 0.755071
vt 0.860963 0.410400
vt 0.636342 0.759268
vt 0.630847 0.755400
vt 0.860142 0.407825
vt 0.494987 0.484309
vt 0.494351 0.858704
vt 0.424536 0.443534
vt 0.497464 0.490780
vt 0.062696 0.157133
vt 0.744428 0.215448
vt 0.495031 0.489186
vt 0.496254 0.486799
vt 0.751601 0.700387
vt 0.631836 0.756053
vt 0.859347 0.409612
vt 0.534966 0.503710
vt 0.352163 0.264001
vt 0.449578 0.453593
vt 0.504090 0.489286
vt 0.423577 0.431351
vt 0.710111 0.740218
vt 0.049714 0.895096
vt 0.848153 0.363495
vt 0.633738 0.758447
vt 0.859401 0.411364
vt 0.065091 0.885651
vt 0.631571 0.215048
vt 0.262601 0.301371
vt 0.249820 0.311559
vt 0.480279 0.872421
vt 0.473604 0.469118
vt 0.059863 0.889673
vt 0.855635 0.355177
vt 0.050224 0.161907
vt 0.738272 0.216359
vt 0.662692 0.756981
vt 0.416765 0.430921
vt 0.410081 0.631627
vt 0.752724 0.701636
vt 0.744665 0.706971
vt 0.698110 0.212786
vt 0.746987 0.705915
vt 0.487950 0.857434
vt 0.430548 0.434112
vt 0.064328 0.881201
vt 0.489438 0.851143
vt 0.488891 0.842846
vt 0.732151 0.721396
vt 0.491086 0.854165
vt 0.856023 0.406876
vt 0.602426 0.252846
vt 0.756834 0.697392
vt 0.152945 0.178222
vt 0.484977 0.838196
vt 0.165820 0.195464
vt 0.686870 0.753667
vt 0.750485 0.706051
vt 0.412494 0.427306
vt 0.413199 0.627999
vt 0.662117 0.591135
vt 0.033262 0.867049
vt 0.118868 0.161901
vt 0.289823 0.131067
vt 0.471460 0.558912
vt 0.490230 0.549542
vt 0.471349 0.033181
vt 0.753217 0.653592
vt 0.753991 0.700967
vt 0.754107 0.702345
vt 0.063453 0.879143
vt 0.059962 0.881752
vt 0.759193 0.700624
vt 0.419676 0.429634
vt 0.044324 0.894308
vt 0.843287 0.365175
vt 0.850322 0.408661
vt 0.743613 0.716039
vt 0.486781 0.847876
vt 0.489330 0.851461
vt 0.052210 0.882538
vt 0.856016 0.412239
vt 0.269808 0.294982
vt 0.482943 0.881077
vt 0.511259 0.485033
vt 0.754845 0.703185
vt 0.501983 0.484857
vt 0.416883 0.425312
vt 0.502254 0.486542
vt 0.061395 0.875865
vt 0.751640 0.706442
vt 0.856972 0.409650
vt 0.627122 0.097590
vt 0.058715 0.872557
vt 0.101437 0.163806
vt 0.550557 0.026574
vt 0.813240 0.623807
vt 0.855916 0.409552
vt 0.748997 0.706604
vt 0.652299 0.766424
vt 0.852601 0.417839
vt 0.485857 0.846056
vt 0.628419 0.094692
vt 0.060247 0.874206
vt 0.851690 0.387313
vt 0.615564 0.588256
vt 0.756416 0.704502
vt 0.611835 0.094869
vt 0.485347 0.842345
vt 0.566173 0.082512
vt 0.415067 0.422631
vt 0.485358 0.862885
vt 0.757336 0.703455
vt 0.060163 0.874715
vt 0.296993 0.284244
vt 0.483961 0.893809
vt 0.485747 0.841638
vt 0.854797 0.409876
vt 0.417006 0.423771
vt 0.500586 0.484179
vt 0.751428 0.707289
vt 0.637227 0.103806
vt 0.058773 0.877008
vt 0.139605 0.178693
vt 0.756057 0.705728
vt 0.734662 0.733620
vt 0.527697 0.047923
vt 0.845136 0.389989
vt 0.058872 0.873062
vt 0.139571 0.161131
vt 0.757795 0.705316
vt 0.413887 0.421272
vt 0.037988 0.869331
vt 0.483876 0.841812
vt 0.648641 0.576506
vt 0.037598 0.861328
vt 0.485215 0.845654
vt 0.748502 0.716094
vt 0.835823 0.368158
vt 0.432406 0.429308
vt 0.412264 0.419816
vt 0.041225 0.865321
vt 0.756619 0.707174
vt 0.624859 0.098584
vt 0.452721 0.450024
vt 0.711884 0.748667
vt 0.624200 0.098186
vt 0.414083 0.420415
vt 0.625586 0.103849
vt 0.057814 0.874436
vt 0.502751 0.482294
vt 0.328771 0.270326
vt 0.508989 0.481109
vt 0.610751 0.258434
vt 0.605713 0.256592
vt 0.763950 0.703321
vt 0.850385 0.414712
vt 0.662241 0.580270
vt 0.041261 0.859374
vt 0.759277 0.705566
vt 0.066202 0.164595
vt 0.743652 0.225342
vt 0.483162 0.841542
vt 0.619742 0.100204
vt 0.758694 0.706400
vt 0.414571 0.417905
vt 0.666146 0.577295
vt 0.045627 0.863053
vt 0.760281 0.705159
vt 0.419383 0.419552
vt 0.669846 0.576479
vt 0.483810 0.844226
vt 0.483154 0.842285
vt 0.689276 0.762968
vt 0.578376 0.615509
vt 0.630916 0.235753
vt 0.411865 0.418945
vt 0.042184 0.861661
vt 0.481980 0.850906
vt 0.754332 0.710203
vt 0.761232 0.706615
vt 0.760543 0.706388
vt 0.617462 0.100872
vt 0.482422 0.841700
vt 0.663013 0.580005
vt 0.041821 0.860107
vt 0.507288 0.481171
vt 0.850524 0.411381
vt 0.614807 0.235359
vt 0.063232 0.770508
vt 0.505580 0.480439
vt 0.481009 0.463340
vt 0.460485 0.444697
vt 0.559443 0.592318
vt 0.628953 0.106591
vt 0.057373 0.876465
vt 0.118409 0.179454
vt 0.610980 0.103220
vt 0.500503 0.479271
vt 0.481722 0.840138
vt 0.617175 0.101564
vt 0.661910 0.579340
vt 0.043457 0.860352
vt 0.721454 0.224719
vt 0.763581 0.705639
vt 0.683275 0.220597
vt 0.598454 0.100885
vt 0.657164 0.577226
vt 0.664607 0.766328
vt 0.858828 0.446245
vt 0.761878 0.706707
vt 0.481445 0.841309
vt 0.493260 0.583278
vt 0.755990 0.713998
vt 0.480566 0.840671
vt 0.482834 0.837075
vt 0.159764 0.197959
vt 0.480571 0.841946
vt 0.482024 0.838010
vt 0.481877 0.843075
vt 0.479632 0.846228
vt 0.607642 0.104995
vt 0.651258 0.114656
vt 0.046475 0.883421
vt 0.850213 0.413121
vt 0.761937 0.707810
vt 0.655123 0.575507
vt 0.654672 0.237670
vt 0.504488 0.068115
vt 0.336417 0.279545
vt 0.610163 0.104632
vt 0.656654 0.576223
vt 0.604126 0.105926
vt 0.634452 0.111235
vt 0.052811 0.878804
vt 0.758980 0.711962
vt 0.050537 0.165502
vt 0.738706 0.225628
vt 0.519145 0.476738
vt 0.660493 0.120070
vt 0.041045 0.883596
vt 0.834779 0.363906
vt 0.661125 0.575165
vt 0.651881 0.573661
vt 0.762451 0.702881
vt 0.536603 0.567093
vt 0.479519 0.840421
vt 0.602051 0.106811
vt 0.507525 0.471678
vt 0.645973 0.570191
vt 0.603632 0.106880
vt 0.600643 0.107365
vt 0.756615 0.721825
vt 0.649324 0.571886
vt 0.481551 0.837197
vt 0.597121 0.108743
vt 0.268968 0.304819
vt 0.509139 0.476829
vt 0.439295 0.424456
vt 0.848097 0.412865
vt 0.478617 0.839942
vt 0.477767 0.835075
vt 0.475757 0.836717
vt 0.475098 0.838135
vt 0.150113 0.202440
vt 0.478098 0.839303
vt 0.305407 0.292848
vt 0.587099 0.104239
vt 0.614086 0.113338
vt 0.478061 0.840621
vt 0.511072 0.476738
vt 0.714351 0.757549
vt 0.542978 0.496292
vt 0.359713 0.274012
vt 0.736785 0.742030
vt 0.846845 0.410972
vt 0.479363 0.837546
vt 0.658119 0.570698
vt 0.763867 0.709345
vt 0.592515 0.110701
vt 0.433385 0.035129
vt 0.691736 0.771849
vt 0.855529 0.459793
vt 0.844048 0.410766
vt 0.596034 0.110074
vt 0.512993 0.477802
vt 0.642167 0.567045
vt 0.478228 0.837156
vt 0.765772 0.707831
vt 0.646006 0.569427
vt 0.618145 0.261087
vt 0.768512 0.709473
vt 0.519426 0.547016
vt 0.500338 0.091574
vt 0.487003 0.066517
vt 0.652398 0.567906
vt 0.488179 0.456793
vt 0.588611 0.112368
vt 0.604245 0.114109
vt 0.587556 0.112577
vt 0.640811 0.565939
vt 0.629933 0.562397
vt 0.596889 0.566054
vt 0.846383 0.412758
vt 0.845156 0.416790
vt 0.845682 0.420324
vt 0.765529 0.709942
vt 0.844712 0.415775
vt 0.637401 0.562536
vt 0.628331 0.257562
vt 0.580968 0.115956
vt 0.587905 0.113390
vt 0.641299 0.565571
vt 0.419709 0.411624
vt 0.665351 0.570133
vt 0.476809 0.839155
vt 0.634544 0.560792
vt 0.221208 0.332776
vt 0.475853 0.838668
vt 0.622091 0.262386
vt 0.770996 0.710938
vt 0.771240 0.709717
vt 0.837414 0.392232
vt 0.853193 0.446938
vt 0.628666 0.555431
vt 0.552379 0.121791
vt 0.574667 0.118896
vt 0.590397 0.116739
vt 0.619618 0.548571
vt 0.615453 0.544748
vt 0.629449 0.555395
vt 0.246627 0.329222
vt 0.060113 0.180603
vt 0.738406 0.241105
vt 0.237431 0.324507
vt 0.475441 0.853957
vt 0.665767 0.567565
vt 0.635123 0.559936
vt 0.226990 0.332320
vt 0.475415 0.843671
vt 0.149658 0.209229
vt 0.768356 0.710464
vt 0.565051 0.123440
vt 0.467860 0.438570
vt 0.516492 0.474406
vt 0.569193 0.121953
vt 0.220459 0.333496
vt 0.474438 0.837960
vt 0.148579 0.202909
vt 0.624661 0.551896
vt 0.842717 0.414060
vt 0.843074 0.415144
vt 0.839422 0.412000
vt 0.143593 0.202111
vt 0.637976 0.554641
vt 0.425325 0.406338
vt 0.671347 0.564679
vt 0.561807 0.125676
vt 0.620592 0.548571
vt 0.644818 0.562656
vt 0.083870 0.179819
vt 0.829374 0.370256
vt 0.561225 0.125274
vt 0.619221 0.118296
vt 0.624531 0.550536
vt 0.142437 0.199984
vt 0.623695 0.263693
vt 0.770359 0.710976
vt 0.447721 0.418725
vt 0.548596 0.132365
vt 0.513686 0.471925
vt 0.619894 0.547682
vt 0.580504 0.520329
vt 0.524902 0.143555
vt 0.131570 0.195507
vt 0.421693 0.059432
vt 0.716026 0.765498
vt 0.512289 0.467687
vt 0.627243 0.262657
vt 0.612695 0.542622
vt 0.649338 0.560894
vt 0.758536 0.728767
vt 0.573449 0.512411
vt 0.531160 0.133238
vt 0.595052 0.532316
vt 0.581285 0.122795
vt 0.342076 0.287325
vt 0.593534 0.119418
vt 0.687947 0.241353
vt 0.718212 0.243303
vt 0.138925 0.201624
vt 0.564755 0.127589
vt 0.738924 0.750455
vt 0.596576 0.525821
vt 0.142899 0.202487
vt 0.222233 0.335136
vt 0.142394 0.205445
vt 0.582239 0.509786
vt 0.534359 0.140117
vt 0.277983 0.312269
vt 0.651703 0.261725
vt 0.548797 0.133681
vt 0.262645 0.316035
vt 0.616294 0.540847
vt 0.523458 0.472970
vt 0.761104 0.735321
vt 0.839846 0.416618
vt 0.840446 0.415036
vt 0.572328 0.129457
vt 0.122561 0.200105
vt 0.625219 0.121897
vt 0.663653 0.125715
vt 0.826917 0.364279
vt 0.108215 0.198659
vt 0.580873 0.128775
vt 0.639446 0.552719
vt 0.521107 0.469446
vt 0.591360 0.514943
vt 0.528537 0.152105
vt 0.665081 0.256297
vt 0.516913 0.468883
vt 0.607108 0.528923
vt 0.098138 0.197971
vt 0.420166 0.018555
vt 0.842799 0.448915
vt 0.839494 0.415081
vt 0.583607 0.506663
vt 0.548478 0.139196
vt 0.624726 0.269679
vt 0.773343 0.715155
vt 0.494608 0.451202
vt 0.627249 0.265821
vt 0.115004 0.199469
vt 0.625726 0.541899
vt 0.650197 0.554815
vt 0.659388 0.261559
vt 0.675320 0.261081
vt 0.835379 0.412957
vt 0.082307 0.197087
vt 0.108354 0.198984
vt 0.670442 0.261253
vt 0.641920 0.550384
vt 0.698549 0.261347
vt 0.101148 0.198521
vt 0.713008 0.262081
vt 0.685040 0.261094
vt 0.836850 0.414782
vt 0.074732 0.196956
vt 0.564910 0.134750
vt 0.590154 0.131146
vt 0.550097 0.488556
vt 0.368079 0.281488
vt 0.516456 0.462554
vt 0.833916 0.425489
vt 0.064891 0.195686
vt 0.740517 0.253943
vt 0.737892 0.263573
vt 0.666036 0.132408
vt 0.811267 0.361816
vt 0.816704 0.363537
vt 0.521077 0.466328
vt 0.729817 0.261910
vt 0.672973 0.267627
vt 0.829919 0.394791
vt 0.655355 0.266857
vt 0.520486 0.463284
vt 0.833602 0.419836
vt 0.698793 0.262019
vt 0.621270 0.275390
vt 0.777766 0.722158
vt 0.836901 0.416188
vt 0.111718 0.204822
vt 0.405658 0.084089
vt 0.738153 0.758510
vt 0.563879 0.474594
vt 0.348479 0.297955
vt 0.821157 0.373337
vt 0.683819 0.265154
vt 0.230088 0.342604
vt 0.145918 0.213555
vt 0.426204 0.394802
vt 0.676178 0.561178
vt 0.529114 0.466241
vt 0.094665 0.204752
vt 0.649983 0.548315
vt 0.389681 0.108973
vt 0.763429 0.740194
vt 0.630356 0.130565
vt 0.312861 0.300132
vt 0.592145 0.496816
vt 0.587949 0.501784
vt 0.540046 0.153207
vt 0.619843 0.528284
vt 0.474465 0.432936
vt 0.454963 0.413619
vt 0.831187 0.417543
vt 0.282481 0.316265
vt 0.821022 0.397195
vt 0.825611 0.415783
vt 0.628313 0.536764
vt 0.115291 0.211205
vt 0.522574 0.453978
vt 0.425125 0.029524
vt 0.846141 0.464449
vt 0.063489 0.206442
vt 0.738144 0.268222
vt 0.602072 0.499436
vt 0.566410 0.140067
vt 0.675535 0.271500
vt 0.501522 0.442422
vt 0.690620 0.271843
vt 0.827116 0.425288
vt 0.593920 0.135228
vt 0.430865 0.390542
vt 0.677173 0.555349
vt 0.556482 0.478790
vt 0.376184 0.292250
vt 0.659144 0.275050
vt 0.055462 0.206036
vt 0.721824 0.272982
vt 0.253210 0.333552
vt 0.566031 0.149727
vt 0.288718 0.322071
vt 0.814066 0.376130
vt 0.628450 0.529037
vt 0.480909 0.427074
vt 0.089667 0.211654
vt 0.529928 0.456243
vt 0.528209 0.455476
vt 0.526737 0.454828
vt 0.595656 0.141861
vt 0.235558 0.351963
vt 0.148070 0.220994
vt 0.653186 0.543101
vt 0.595179 0.493563
vt 0.544996 0.159259
vt 0.534415 0.458248
vt 0.650630 0.276642
vt 0.415995 0.024268
vt 0.837991 0.467798
vt 0.460905 0.407949
vt 0.689015 0.276261
vt 0.106385 0.212297
vt 0.669852 0.141944
vt 0.808633 0.362095
vt 0.802734 0.359619
vt 0.415441 0.054748
vt 0.825962 0.421992
vt 0.702358 0.275611
vt 0.374382 0.124821
vt 0.618508 0.282140
vt 0.777174 0.723575
vt 0.610431 0.508829
vt 0.633701 0.525856
vt 0.400951 0.079055
vt 0.055838 0.209462
vt 0.733510 0.279925
vt 0.079794 0.210502
vt 0.318853 0.308477
vt 0.825680 0.419675
vt 0.259294 0.339014
vt 0.825495 0.418321
vt 0.688947 0.280682
vt 0.387122 0.103423
vt 0.525526 0.453921
vt 0.634272 0.143734
vt 0.435710 0.384928
vt 0.673471 0.545777
vt 0.406680 0.013483
vt 0.832574 0.450534
vt 0.695849 0.279338
vt 0.647648 0.286347
vt 0.121384 0.219396
vt 0.324171 0.316500
vt 0.560908 0.469233
vt 0.381803 0.302315
vt 0.714011 0.279201
vt 0.089710 0.214181
vt 0.658805 0.537340
vt 0.407909 0.049943
vt 0.597924 0.148742
vt 0.637062 0.514506
vt 0.354692 0.307161
vt 0.569607 0.164862
vt 0.820490 0.418028
vt 0.530149 0.447006
vt 0.066914 0.212624
vt 0.739878 0.280397
vt 0.365957 0.117178
vt 0.617898 0.294331
vt 0.659111 0.283161
vt 0.574723 0.154216
vt 0.821911 0.425935
vt 0.820361 0.419892
vt 0.818491 0.421822
vt 0.792478 0.403317
vt 0.531930 0.448500
vt 0.536306 0.442883
vt 0.107185 0.219420
vt 0.054856 0.228111
vt 0.734553 0.283169
vt 0.529698 0.442520
vt 0.378468 0.093637
vt 0.395326 0.073889
vt 0.238037 0.359375
vt 0.240282 0.363632
vt 0.149112 0.229331
vt 0.445861 0.366228
vt 0.676270 0.542236
vt 0.123475 0.224674
vt 0.369836 0.122014
vt 0.616509 0.287255
vt 0.092731 0.224122
vt 0.816868 0.418310
vt 0.683832 0.295601
vt 0.092645 0.227681
vt 0.429381 0.354140
vt 0.662470 0.524688
vt 0.295558 0.331258
vt 0.544520 0.435652
vt 0.602820 0.490387
vt 0.535792 0.172624
vt 0.634785 0.166066
vt 0.817407 0.420855
vt 0.533348 0.444822
vt 0.538867 0.423704
vt 0.657986 0.167792
vt 0.586481 0.918128
vt 0.783851 0.361043
vt 0.646435 0.514000
vt 0.815188 0.421278
vt 0.645819 0.291581
vt 0.683419 0.291700
vt 0.631659 0.499961
vt 0.538621 0.441028
vt 0.788125 0.382203
vt 0.364558 0.339112
vt 0.533576 0.443153
vt 0.269988 0.350985
vt 0.123461 0.230064
vt 0.597773 0.164077
vt 0.081726 0.237576
vt 0.553095 0.178460
vt 0.806668 0.425764
vt 0.359328 0.111511
vt 0.623534 0.304053
vt 0.499762 0.398192
vt 0.372742 0.063113
vt 0.304823 0.359715
vt 0.535311 0.436311
vt 0.807937 0.423580
vt 0.797458 0.421672
vt 0.247024 0.372468
vt 0.142877 0.237718
vt 0.344727 0.115234
vt 0.645337 0.301979
vt 0.538033 0.435791
vt 0.621983 0.166696
vt 0.804263 0.455185
vt 0.124274 0.234730
vt 0.687254 0.303066
vt 0.089955 0.233502
vt 0.802449 0.421161
vt 0.806849 0.422902
vt 0.473588 0.385467
vt 0.622143 0.490224
vt 0.536248 0.431587
vt 0.573829 0.436805
vt 0.395433 0.344717
vt 0.546356 0.426274
vt 0.267575 0.382194
vt 0.539393 0.431373
vt 0.574241 0.188081
vt 0.518023 0.413802
vt 0.693989 0.309554
vt 0.588713 0.178517
vt 0.610837 0.479659
vt 0.541026 0.190938
vt 0.344170 0.104249
vt 0.626076 0.310647
vt 0.059986 0.244330
vt 0.741665 0.319186
vt 0.800497 0.427655
vt 0.254331 0.392360
vt 0.132724 0.250259
vt 0.800125 0.425004
vt 0.335192 0.347647
vt 0.798868 0.424473
vt 0.544596 0.425540
vt 0.541338 0.426347
vt 0.117814 0.245940
vt 0.605821 0.183346
vt 0.717431 0.317172
vt 0.429445 0.334531
vt 0.659707 0.509569
vt 0.447152 0.344020
vt 0.638384 0.483194
vt 0.624406 0.469922
vt 0.196495 0.917106
vt 0.545482 0.214231
vt 0.054616 0.234025
vt 0.735203 0.319382
vt 0.382964 0.039690
vt 0.541873 0.424466
vt 0.359241 0.084548
vt 0.803344 0.430192
vt 0.502953 0.365494
vt 0.335201 0.112681
vt 0.650307 0.315064
vt 0.548080 0.427347
vt 0.424585 0.314833
vt 0.651013 0.497793
vt 0.797973 0.428038
vt 0.278712 0.376013
vt 0.541928 0.411401
vt 0.106327 0.254112
vt 0.197089 0.892597
vt 0.557120 0.198712
vt 0.798693 0.431788
vt 0.542638 0.422220
vt 0.796401 0.423107
vt 0.543979 0.415651
vt 0.388000 0.015522
vt 0.806337 0.470017
vt 0.795449 0.425453
vt 0.795117 0.424813
vt 0.071425 0.240662
vt 0.550849 0.415635
vt 0.621722 0.921062
vt 0.761480 0.381297
vt 0.547298 0.415833
vt 0.199942 0.845014
vt 0.621805 0.188032
vt 0.576335 0.927905
vt 0.551628 0.414145
vt 0.444767 0.321670
vt 0.664349 0.325806
vt 0.255654 0.419492
vt 0.115823 0.259316
vt 0.549176 0.411862
vt 0.281036 0.119632
vt 0.683012 0.333871
vt 0.437118 0.292962
vt 0.643817 0.481793
vt 0.209987 0.926765
vt 0.202465 0.926829
vt 0.271221 0.121193
vt 0.709053 0.339302
vt 0.370425 0.036197
vt 0.478849 0.355271
vt 0.785867 0.429276
vt 0.782188 0.425692
vt 0.069912 0.263307
vt 0.229313 0.130278
vt 0.239185 0.446404
vt 0.091248 0.260201
vt 0.549202 0.408884
vt 0.582236 0.391865
vt 0.398739 0.383057
vt 0.548183 0.401558
vt 0.476410 0.326040
vt 0.209281 0.834402
vt 0.594623 0.929102
vt 0.764894 0.361326
vt 0.206717 0.887030
vt 0.581617 0.203759
vt 0.547630 0.380984
vt 0.550960 0.404946
vt 0.203590 0.861182
vt 0.611880 0.194931
vt 0.280608 0.410116
vt 0.337754 0.390391
vt 0.777708 0.429758
vt 0.545997 0.392682
vt 0.332705 0.082735
vt 0.782227 0.423003
vt 0.550322 0.402577
vt 0.526549 0.374214
vt 0.646957 0.917233
vt 0.762594 0.402569
vt 0.301055 0.105166
vt 0.674695 0.337161
vt 0.349395 0.038815
vt 0.775327 0.425706
vt 0.778219 0.423591
vt 0.208992 0.916174
vt 0.551457 0.213607
vt 0.352526 0.013451
vt 0.780273 0.471924
vt 0.785763 0.471520
vt 0.306455 0.398482
vt 0.549812 0.390674
vt 0.551484 0.394366
vt 0.552926 0.391909
vt 0.556245 0.392479
vt 0.053821 0.262521
vt 0.054831 0.258671
vt 0.266256 0.121326
vt 0.734805 0.341627
vt 0.323779 0.102713
vt 0.654201 0.332059
vt 0.366874 0.384705
vt 0.670902 0.917350
vt 0.763076 0.423445
vt 0.664827 0.916947
vt 0.763103 0.418629
vt 0.502114 0.331170
vt 0.550724 0.388180
vt 0.763481 0.427217
vt 0.763180 0.426098
vt 0.764007 0.429562
vt 0.774226 0.432849
vt 0.252171 0.446704
vt 0.091732 0.266969
vt 0.764514 0.430208
vt 0.549805 0.387451
vt 0.308029 0.084014
vt 0.244992 0.482135
vt 0.071999 0.268600
vt 0.227610 0.126622
vt 0.551171 0.382209
vt 0.547345 0.384939
vt 0.242845 0.834650
vt 0.616684 0.956490
vt 0.764802 0.433016
vt 0.338437 0.001892
vt 0.768677 0.457238
vt 0.554091 0.382587
vt 0.246141 0.500058
vt 0.055945 0.268687
vt 0.242629 0.116868
vt 0.277046 0.441397
vt 0.550932 0.379239
vt 0.224719 0.845899
vt 0.596166 0.963204
vt 0.552010 0.371502
vt 0.553770 0.377478
vt 0.756060 0.428129
vt 0.467473 0.287914
vt 0.223316 0.927722
vt 0.548988 0.375327
vt 0.668924 0.923704
vt 0.757626 0.426116
vt 0.754597 0.431149
vt 0.557832 0.383838
vt 0.556497 0.366745
vt 0.313699 0.064409
vt 0.341998 0.061814
vt 0.752900 0.433824
vt 0.553324 0.360288
vt 0.554521 0.367365
vt 0.308201 0.815062
vt 0.737118 0.457416
vt 0.303125 0.434597
vt 0.750592 0.429956
vt 0.552519 0.360454
vt 0.229148 0.878627
vt 0.271752 0.110155
vt 0.334501 0.430127
vt 0.457531 0.263474
vt 0.231945 0.915544
vt 0.748989 0.430840
vt 0.556692 0.360620
vt 0.666764 0.931587
vt 0.751473 0.428157
vt 0.549285 0.359751
vt 0.554137 0.356439
vt 0.317328 0.038869
vt 0.745008 0.432082
vt 0.552800 0.356215
vt 0.743664 0.434437
vt 0.283447 0.819336
vt 0.736565 0.435967
vt 0.277594 0.821485
vt 0.662777 0.950053
vt 0.734190 0.433923
vt 0.526919 0.337764
vt 0.556490 0.353026
vt 0.259035 0.826481
vt 0.639332 0.952590
vt 0.560621 0.344063
vt 0.743694 0.432202
vt 0.556948 0.350415
vt 0.553494 0.350521
vt 0.269264 0.483393
vt 0.549368 0.343058
vt 0.281789 0.819824
vt 0.737621 0.434401
vt 0.663988 0.943641
vt 0.742011 0.431309
vt 0.286950 0.818527
vt 0.736256 0.438904
vt 0.494723 0.287471
vt 0.284655 0.820442
vt 0.736100 0.437008
vt 0.557157 0.343983
vt 0.553055 0.341060
vt 0.555106 0.342308
vt 0.319876 0.016027
vt 0.318020 0.814382
vt 0.738417 0.466618
vt 0.249905 0.501418
vt 0.263661 0.505206
vt 0.236833 0.098541
vt 0.583642 0.333008
vt 0.584054 0.341910
vt 0.395562 0.426569
vt 0.280956 0.822568
vt 0.733216 0.435819
vt 0.551955 0.338736
vt 0.282382 0.823649
vt 0.549257 0.333822
vt 0.485545 0.259787
vt 0.251368 0.914364
vt 0.247923 0.872495
vt 0.556264 0.332869
vt 0.280874 0.827505
vt 0.284993 0.824866
vt 0.553051 0.330917
vt 0.557334 0.333407
vt 0.287257 0.823423
vt 0.551946 0.330704
vt 0.280973 0.830367
vt 0.556432 0.325690
vt 0.285256 0.833576
vt 0.282921 0.835116
vt 0.553388 0.323786
vt 0.559328 0.323949
vt 0.281996 0.835619
vt 0.551470 0.316679
vt 0.288359 0.834963
vt 0.287829 0.833299
vt 0.524585 0.306889
vt 0.548293 0.319794
vt 0.273334 0.090380
vt 0.554755 0.315045
vt 0.286096 0.839215
vt 0.282739 0.841022
vt 0.280332 0.838163
vt 0.519985 0.287474
vt 0.552627 0.315366
vt 0.286375 0.844337
vt 0.283739 0.842915
vt 0.275191 0.070078
vt 0.555282 0.308394
vt 0.551574 0.310091
vt 0.550293 0.314843
vt 0.282491 0.843557
vt 0.283886 0.848038
vt 0.550745 0.310085
vt 0.547938 0.307978
vt 0.286199 0.849921
vt 0.364216 0.426089
vt 0.558789 0.307555
vt 0.552313 0.306737
vt 0.295287 0.482881
vt 0.216553 0.092529
vt 0.214798 0.082819
vt 0.288312 0.836068
vt 0.283827 0.850062
vt 0.550537 0.306396
vt 0.576050 0.291467
vt 0.388733 0.483863
vt 0.549980 0.302289
vt 0.266012 0.866064
vt 0.285140 0.854918
vt 0.286385 0.855551
vt 0.551990 0.299240
vt 0.550537 0.300049
vt 0.287947 0.853997
vt 0.288659 0.863052
vt 0.285421 0.859003
vt 0.284373 0.855618
vt 0.282344 0.852904
vt 0.549092 0.299215
vt 0.551296 0.292780
vt 0.548712 0.295322
vt 0.546584 0.300269
vt 0.283303 0.863763
vt 0.510667 0.253023
vt 0.269386 0.912605
vt 0.275117 0.045800
vt 0.549081 0.291126
vt 0.287126 0.863773
vt 0.290383 0.851727
vt 0.552407 0.289357
vt 0.285511 0.863632
vt 0.547835 0.292126
vt 0.556342 0.290352
vt 0.289369 0.870774
vt 0.286584 0.871256
vt 0.548125 0.281088
vt 0.551486 0.281403
vt 0.274741 0.022021
vt 0.285144 0.870851
vt 0.545083 0.281261
vt 0.325181 0.483021
vt 0.213963 0.066372
vt 0.291287 0.860840
vt 0.544942 0.290566
vt 0.546982 0.279985
vt 0.286592 0.884922
vt 0.542603 0.253251
vt 0.292228 0.926945
vt 0.549347 0.269403
vt 0.288115 0.892352
vt 0.232550 0.079298
vt 0.256353 0.003179
vt 0.286006 0.001997
vt 0.313125 0.859241
vt 0.291290 0.891109
vt 0.541780 0.261344
vt 0.546476 0.255407
vt 0.293812 0.926891
vt 0.313244 0.519278
vt 0.228056 0.054996
vt 0.541051 0.253334
vt 0.290226 0.926386
vt 0.291616 0.867553
vt 0.551777 0.267512
vt 0.296153 0.925259
vt 0.291016 0.910991
vt 0.293152 0.885331
vt 0.543118 0.276860
vt 0.291786 0.893542
vt 0.293312 0.913285
vt 0.286055 0.889215
vt 0.540174 0.264945
vt 0.288086 0.926147
vt 0.281982 0.927734
vt 0.288510 0.908039
vt 0.539886 0.256502
vt 0.289062 0.927490
vt 0.288992 0.918391
vt 0.286788 0.912474
vt 0.356579 0.482497
vt 0.208496 0.042725
vt 0.343450 0.522688
vt 0.224644 0.031676
vt 0.285500 0.891570
vt 0.295435 0.910798
vt 0.287676 0.914745
vt 0.287089 0.903778
vt 0.577454 0.267428
vt 0.381897 0.521435
vt 0.220827 0.010950
vt 0.316825 0.909686
s 1
usemtl tripo_mat_7f1e4fb0-eaef-44b9-8e95-b62172951617
f 2326/2998/1 2238/2885/2 2158/2781/3
f 2448/3161/4 2237/2884/5 2238/2885/2
f 2448/3161/4 2238/2885/2 2326/2998/1
f 2448/3161/4 2611/3367/6 2237/2884/5
f 2482/3208/7 2340/3018/8 2070/2666/9
f 2237/2884/5 2482/3208/7 2070/2666/9
f 2482/3208/7 2237/2884/5 2611/3367/6
f 2238/2885/2 2237/2884/5 1856/2391/10
f 1856/2391/10 2237/2884/5 2070/2666/9
f 2070/2666/9 2340/3018/8 2072/2668/11
f 1863/2401/12 2340/3018/8 2220/2860/13
f 2340/3018/8 1863/2401/12 2072/2668/11
f 1863/2401/12 2220/2860/13 1854/2389/14
f 2072/2668/11 1863/2401/12 1319/1709/15
f 1319/1709/15 1542/1996/16 2072/2668/11
f 1542/1996/16 1319/1709/15 1573/2040/17
f 2070/2666/9 2072/2668/11 1542/1996/16
f 1542/1996/16 1711/2212/18 2070/2666/9
f 1856/2391/10 2070/2666/9 1711/2212/18
f 2158/2781/3 1856/2391/10 2010/2591/19
f 2158/2781/3 2010/2591/19 2124/2740/20
f 2158/2781/3 2124/2740/20 2275/2932/21
f 1856/2391/10 2158/2781/3 2238/2885/2
f 2326/2998/1 2158/2781/3 2275/2932/21
f 2326/2998/1 2275/2932/21 2361/3045/22
f 2010/2591/19 1856/2391/10 1896/2444/23
f 1896/2444/23 1856/2391/10 1551/2007/24
f 1488/1926/25 1856/2391/10 1711/2212/18
f 1551/2007/24 1856/2391/10 1488/1926/25
f 1272/1651/26 1488/1926/25 1711/2212/18
f 1272/1651/26 1542/1996/16 1260/1632/27
f 1243/1608/28 1488/1926/25 1272/1651/26
f 1381/1790/29 1551/2007/24 1488/1926/25
f 2001/2574/30 2010/2591/19 1896/2444/23
f 1766/2278/31 1896/2444/23 1551/2007/24
f 1896/2444/23 1766/2278/31 1800/2316/32
f 1551/2007/24 1698/2195/33 1766/2278/31
f 1698/2195/33 1692/2188/34 1755/2265/35
f 1755/2265/35 1692/2188/34 1865/2403/36
f 1692/2188/34 1747/2254/37 1865/2403/36
f 1871/2411/38 1865/2403/36 1747/2254/37
f 1871/2411/38 1820/2341/39 1952/2511/40
f 1871/2411/38 1747/2254/37 1719/2223/41
f 1871/2411/38 1719/2223/41 1820/2341/39
f 1719/2223/41 1747/2254/37 1692/2188/34
f 1581/2049/42 1719/2223/41 1692/2188/34
f 1692/2188/34 1698/2195/33 1581/2049/42
f 1581/2049/42 1698/2195/33 1551/2007/24
f 1581/2049/42 1551/2007/24 1381/1790/29
f 1553/2010/43 1581/2049/42 1381/1790/29
f 1581/2049/42 1701/2201/44 1719/2223/41
f 1701/2201/44 1581/2049/42 1553/2010/43
f 1719/2223/41 1701/2201/44 1792/2306/45
f 1792/2306/45 1701/2201/44 1737/2242/46
f 1701/2201/44 1553/2010/43 1737/2242/46
f 1737/2242/46 1553/2010/43 1749/2257/47
f 1737/2242/46 1749/2257/47 1910/2461/48
f 1984/2552/49 1910/2461/48 1749/2257/47
f 1749/2257/47 1768/2281/50 1984/2552/49
f 1749/2257/47 1638/2122/51 1768/2281/50
f 1638/2122/51 1749/2257/47 1553/2010/43
f 1638/2122/51 1553/2010/43 1364/1766/52
f 1638/2122/51 1576/2043/53 1768/2281/50
f 1984/2552/49 1768/2281/50 1576/2043/53
f 2247/2894/54 2065/2659/55 1878/2419/56
f 2247/2894/54 2123/2739/57 2065/2659/55
f 2065/2659/55 2123/2739/57 1984/2552/49
f 1984/2552/49 2123/2739/57 1910/2461/48
f 1910/2461/48 2123/2739/57 1887/2432/58
f 1910/2461/48 1887/2432/58 1737/2242/46
f 1887/2432/58 1876/2417/59 1737/2242/46
f 1792/2306/45 1737/2242/46 1876/2417/59
f 1876/2417/59 1887/2432/58 1973/2537/60
f 1951/2510/61 1876/2417/59 1973/2537/60
f 1792/2306/45 1876/2417/59 1820/2341/39
f 1820/2341/39 1876/2417/59 1951/2510/61
f 1719/2223/41 1792/2306/45 1820/2341/39
f 1952/2511/40 1820/2341/39 1951/2510/61
f 1952/2511/40 1951/2510/61 2003/2579/62
f 2003/2579/62 1951/2510/61 2053/2643/63
f 2053/2643/63 2050/2640/64 2121/2736/65
f 2121/2736/65 2050/2640/64 2135/2756/66
f 2050/2640/64 2053/2643/63 1951/2510/61
f 2121/2736/65 2135/2756/66 2167/2792/67
f 2213/2851/68 2167/2792/67 2145/2767/69
f 2213/2851/68 2145/2767/69 2225/2866/70
f 2167/2792/67 2135/2756/66 2145/2767/69
f 2225/2866/70 2145/2767/69 2169/2796/71
f 2115/2727/72 2145/2767/69 2135/2756/66
f 2169/2796/71 2145/2767/69 2115/2727/72
f 2135/2756/66 2050/2640/64 1973/2537/60
f 2135/2756/66 1973/2537/60 2115/2727/72
f 2050/2640/64 1951/2510/61 1973/2537/60
f 2115/2727/72 1973/2537/60 2101/2708/73
f 2115/2727/72 2101/2708/73 2169/2796/71
f 1973/2537/60 1887/2432/58 2101/2708/73
f 1887/2432/58 2123/2739/57 2101/2708/73
f 2169/2796/71 2101/2708/73 2123/2739/57
f 2169/2796/71 2123/2739/57 2303/2970/74
f 2169/2796/71 2303/2970/74 2225/2866/70
f 2225/2866/70 2267/2919/75 2254/2901/76
f 2225/2866/70 2254/2901/76 2216/2855/77
f 2216/2855/77 2254/2901/76 2159/2782/78
f 2267/2919/75 2225/2866/70 2357/3041/79
f 2267/2919/75 2357/3041/79 2365/3050/80
f 2357/3041/79 2225/2866/70 2303/2970/74
f 2303/2970/74 2334/3011/81 2357/3041/79
f 2357/3041/79 2396/3090/82 2365/3050/80
f 2357/3041/79 2334/3011/81 2396/3090/82
f 2396/3090/82 2334/3011/81 2491/3218/83
f 2504/3234/84 2396/3090/82 2491/3218/83
f 2384/3075/85 2365/3050/80 2504/3234/84
f 2365/3050/80 2396/3090/82 2504/3234/84
f 2504/3234/84 2491/3218/83 2568/3315/86
f 2504/3234/84 2568/3315/86 2572/3319/87
f 2572/3319/87 2568/3315/86 2653/3419/88
f 2568/3315/86 2491/3218/83 2334/3011/81
f 2568/3315/86 2334/3011/81 2497/3224/89
f 2653/3419/88 2568/3315/86 2606/3362/90
f 2701/3482/91 2653/3419/88 2606/3362/90
f 2701/3482/91 2606/3362/90 2732/3524/92
f 2497/3224/89 2334/3011/81 2429/3132/93
f 2543/3280/94 2497/3224/89 2429/3132/93
f 2429/3132/93 2334/3011/81 2303/2970/74
f 2429/3132/93 2489/3216/95 2543/3280/94
f 2489/3216/95 2575/3324/96 2543/3280/94
f 2543/3280/94 2575/3324/96 2650/3414/97
f 2569/3316/98 2575/3324/96 2489/3216/95
f 2543/3280/94 2606/3362/90 2497/3224/89
f 2497/3224/89 2606/3362/90 2568/3315/86
f 2606/3362/90 2543/3280/94 2650/3414/97
f 2732/3524/92 2606/3362/90 2741/3537/99
f 2741/3537/99 2606/3362/90 2650/3414/97
f 2732/3524/92 2741/3537/99 2752/3552/100
f 2741/3537/99 2650/3414/97 2575/3324/96
f 2546/3283/101 2569/3316/98 2489/3216/95
f 2489/3216/95 2493/3220/102 2546/3283/101
f 2546/3283/101 2493/3220/102 2615/3372/103
f 2546/3283/101 2615/3372/103 2717/3506/104
f 2569/3316/98 2546/3283/101 2718/3507/105
f 2718/3507/105 2546/3283/101 2717/3506/104
f 2569/3316/98 2718/3507/105 2719/3508/106
f 2569/3316/98 2719/3508/106 2716/3505/107
f 2569/3316/98 2716/3505/107 2575/3324/96
f 2716/3505/107 2719/3508/106 2778/3589/108
f 2778/3589/108 2719/3508/106 2718/3507/105
f 2716/3505/107 2778/3589/108 2900/3745/109
f 2716/3505/107 2900/3745/109 2838/3664/110
f 2716/3505/107 2838/3664/110 2575/3324/96
f 2741/3537/99 2575/3324/96 2777/3587/111
f 2741/3537/99 2777/3587/111 2752/3553/100
f 2777/3587/111 2575/3324/96 2838/3664/110
f 2904/3750/112 2777/3587/111 2838/3664/110
f 3111/4012/113 2904/3750/112 3168/4082/114
f 3168/4082/114 2904/3750/112 3107/4008/115
f 2904/3750/112 2838/3664/110 3107/4008/115
f 2838/3664/110 2900/3745/109 3107/4008/115
f 3206/4132/116 3168/4082/114 3250/4188/117
f 3250/4188/117 3168/4082/114 3107/4008/115
f 3250/4188/117 3107/4008/115 3237/4174/118
f 3267/4213/119 3250/4188/117 3237/4174/118
f 3267/4213/119 3277/4225/120 3306/4266/121
f 3277/4225/120 3267/4213/119 3234/4171/122
f 3234/4171/122 3267/4213/119 3237/4174/118
f 3277/4225/120 3279/4227/123 3306/4266/121
f 3306/4266/121 3279/4227/123 3298/4254/124
f 3279/4227/123 3273/4220/125 3298/4254/124
f 3298/4254/124 3273/4220/125 3284/4236/126
f 3284/4236/126 3273/4220/125 3260/4203/127
f 3260/4203/127 3273/4220/125 3239/4176/128
f 3239/4176/128 3273/4220/125 3249/4187/129
f 3249/4187/129 3273/4220/125 3279/4227/123
f 3260/4203/127 3239/4176/128 3222/4153/130
f 3249/4187/129 3279/4227/123 3234/4171/122
f 3234/4171/122 3279/4227/123 3277/4225/120
f 3221/4152/131 3249/4187/129 3234/4171/122
f 3234/4171/122 3220/4151/132 3221/4152/131
f 3234/4171/122 3237/4174/118 3146/4053/133
f 3234/4171/122 3146/4053/133 3220/4151/132
f 3237/4174/118 3133/4036/134 3146/4053/133
f 3133/4036/134 3237/4174/118 3107/4008/115
f 3133/4036/134 3107/4008/115 2900/3745/109
f 3133/4036/134 2900/3745/109 3146/4053/133
f 3146/4053/133 2900/3745/109 2778/3589/108
f 3146/4053/133 2778/3589/108 3110/4011/135
f 3110/4011/135 2778/3589/108 2785/3600/136
f 3100/4001/137 3110/4011/135 2785/3600/136
f 3100/4001/137 2785/3600/136 2920/3770/138
f 2920/3770/138 2785/3600/136 2718/3507/105
f 2785/3600/136 2778/3589/108 2718/3507/105
f 2920/3770/138 2718/3507/105 2897/3741/139
f 2759/3564/140 2718/3507/105 2717/3506/104
f 2897/3741/139 2718/3507/105 2759/3564/140
f 2920/3770/138 2897/3741/139 3081/3975/141
f 2759/3564/140 2717/3506/104 2597/3352/142
f 2597/3352/142 2717/3506/104 2615/3372/103
f 2759/3564/140 2597/3352/142 2736/3531/143
f 2642/3403/144 2736/3531/143 2597/3352/142
f 2736/3531/143 2878/3716/145 2759/3564/140
f 2976/3842/146 2759/3564/140 2878/3716/145
f 2759/3564/140 2976/3842/146 2897/3741/139
f 2897/3741/139 2976/3842/146 3081/3975/141
f 2976/3842/146 2878/3716/145 3190/4111/147
f 3190/4111/147 2878/3716/145 3199/4124/148
f 3081/3975/141 2976/3842/146 3190/4111/147
f 3194/4117/149 3081/3975/141 3190/4111/147
f 3172/4088/150 3081/3975/141 3194/4117/149
f 2920/3770/138 3081/3975/141 3172/4088/150
f 2920/3770/138 3172/4088/150 3100/4001/137
f 3194/4117/149 3222/4153/130 3172/4088/150
f 3204/4130/151 3100/4001/137 3172/4088/150
f 3204/4130/151 3172/4088/150 3222/4153/130
f 3204/4130/151 3222/4153/130 3239/4176/128
f 3221/4152/131 3239/4176/128 3249/4187/129
f 3239/4176/128 3221/4152/131 3204/4130/151
f 3221/4152/131 3100/4001/137 3204/4130/151
f 3100/4001/137 3221/4152/131 3110/4011/135
f 3110/4011/135 3221/4152/131 3146/4053/133
f 3146/4053/133 3221/4152/131 3220/4151/132
f 1272/1651/26 1711/2212/18 1542/1996/16
f 1260/1632/27 1542/1996/16 1573/2040/17
f 1155/1500/152 1260/1632/27 1573/2040/17
f 1319/1709/15 1155/1500/152 1573/2040/17
f 1553/2010/43 1381/1790/29 1364/1766/52
f 1381/1790/29 1243/1608/28 1364/1766/52
f 1364/1766/52 1243/1608/28 1249/1615/153
f 1243/1608/28 1381/1790/29 1488/1926/25
f 1576/2043/53 1638/2122/51 1364/1766/52
f 1364/1766/52 1249/1615/153 1320/1710/154
f 1320/1710/154 1576/2043/53 1364/1766/52
f 1984/2552/49 1576/2043/53 1878/2419/56
f 2065/2659/55 1984/2552/49 1878/2419/56
f 2247/2894/54 1878/2419/56 2324/2993/155
f 2404/3102/156 2247/2894/54 2324/2993/155
f 2551/3292/157 2404/3102/156 2324/2993/155
f 2324/2993/155 2374/3063/158 2584/3335/159
f 2324/2993/155 2584/3335/159 2755/3558/160
f 2502/3231/161 2125/2742/162 2500/3227/163
f 2125/2742/162 2502/3231/161 2283/2945/164
f 1844/2375/165 2283/2945/164 1795/2309/166
f 1501/1942/167 1844/2375/165 1795/2309/166
f 1795/2309/166 1758/2270/168 1510/1954/169
f 1501/1942/167 1795/2309/166 1510/1954/169
f 1501/1942/167 1510/1954/169 1322/1712/170
f 1242/1607/171 1322/1712/170 1510/1954/169
f 1242/1607/171 1510/1954/169 1320/1710/154
f 1204/1560/172 1322/1712/170 1242/1607/171
f 1320/1710/154 1249/1615/153 1242/1607/171
f 1204/1560/172 1242/1607/171 1170/1519/173
f 1223/1585/174 1170/1519/173 1242/1607/171
f 1260/1632/27 1170/1519/173 1223/1585/174
f 1155/1500/152 988/1271/175 1110/1439/176
f 1260/1632/27 1223/1585/174 1272/1651/26
f 1223/1585/174 1243/1608/28 1272/1651/26
f 1249/1615/153 1223/1585/174 1242/1607/171
f 1249/1615/153 1243/1608/28 1223/1585/174
f 1878/2419/56 1758/2270/168 2324/2993/155
f 2374/3063/158 2324/2993/155 1758/2270/168
f 2283/2945/164 2502/3231/161 2584/3335/159
f 2584/3335/159 2374/3063/158 2283/2945/164
f 1795/2309/166 2283/2945/164 2374/3063/158
f 1758/2270/168 1795/2309/166 2374/3063/158
f 1758/2270/168 1878/2419/56 1576/2043/53
f 1758/2270/168 1576/2043/53 1510/1954/169
f 1510/1954/169 1576/2043/53 1320/1710/154
f 1319/1709/15 1863/2401/12 1854/2389/14
f 2505/3237/177 2340/3018/8 2536/3269/178
f 2340/3018/8 2505/3237/177 2220/2860/13
f 2505/3237/177 2536/3269/178 2655/3422/179
f 2536/3269/178 2672/3441/180 2655/3422/179
f 2672/3441/180 2536/3269/178 2684/3459/181
f 2672/3441/180 2684/3459/181 2651/3415/182
f 2655/3422/179 2672/3441/180 2651/3415/182
f 2465/3188/183 2651/3415/182 2561/3306/184
f 2480/3206/185 2465/3188/183 2561/3306/184
f 2561/3306/184 2424/3123/186 2480/3206/185
f 2552/3294/187 2424/3123/186 2561/3306/184
f 2424/3123/186 2552/3294/187 2483/3210/188
f 2483/3210/188 2552/3294/187 2474/3199/189
f 2483/3210/188 2407/3105/190 2424/3123/186
f 2483/3210/188 2474/3199/189 2436/3144/191
f 2436/3144/191 2407/3105/190 2483/3210/188
f 2436/3144/191 2398/3092/192 2407/3105/190
f 2297/2961/193 2355/3038/194 2226/2868/195
f 2297/2961/193 2226/2868/195 2134/2755/196
f 1883/2426/197 2134/2755/196 2226/2868/195
f 2134/2755/196 1883/2426/197 1565/2027/198
f 2355/3038/194 2407/3105/190 2270/2923/199
f 2407/3105/190 2398/3092/192 2389/3081/200
f 2407/3105/190 2389/3081/200 2270/2924/199
f 1170/1519/173 1260/1632/27 1155/1500/152
f 1110/1439/176 1170/1519/173 1155/1500/152
f 988/1271/175 1155/1500/152 1006/1303/201
f 1006/1303/201 1155/1500/152 1180/1531/202
f 1155/1500/152 1319/1709/15 1180/1531/202
f 1854/2389/14 1180/1531/202 1319/1709/15
f 1640/2124/203 1180/1531/202 1854/2389/14
f 1854/2389/14 2111/2721/204 1640/2124/203
f 1565/2027/198 1640/2124/203 2032/2617/205
f 1565/2027/198 2032/2617/205 2024/2607/206
f 1180/1531/202 1640/2124/203 1565/2027/198
f 1180/1531/202 1565/2027/198 1187/1539/207
f 1180/1531/202 1187/1539/207 1006/1303/201
f 2220/2860/13 2111/2721/204 1854/2389/14
f 1310/1698/208 1187/1539/207 1565/2027/198
f 2134/2755/196 1565/2027/198 2024/2607/206
f 2134/2755/196 2024/2607/206 2297/2961/193
f 988/1271/175 1006/1303/201 905/1164/209
f 2388/3080/210 2024/2607/206 2032/2617/205
f 2024/2607/206 2388/3080/210 2297/2961/193
f 2297/2961/193 2388/3080/210 2424/3123/186
f 2424/3123/186 2388/3080/210 2392/3086/211
f 2392/3086/211 2388/3080/210 2032/2617/205
f 2032/2617/205 1640/2124/203 2111/2721/204
f 2032/2617/205 2111/2721/204 2392/3086/211
f 2480/3206/185 2392/3086/211 2111/2721/204
f 2220/2860/13 2480/3206/185 2111/2721/204
f 2480/3206/185 2220/2860/13 2465/3188/183
f 2465/3188/183 2220/2860/13 2505/3237/177
f 2480/3206/185 2424/3123/186 2392/3086/211
f 2424/3123/186 2355/3038/194 2297/2961/193
f 2355/3038/194 2424/3123/186 2407/3105/190
f 2651/3415/182 2465/3188/183 2655/3422/179
f 2655/3422/179 2465/3188/183 2505/3237/177
f 2615/3372/103 2493/3220/102 2597/3352/142
f 2493/3220/102 2542/3278/212 2597/3352/142
f 2642/3403/144 2597/3352/142 2542/3278/212
f 2551/3292/157 2542/3278/212 2404/3102/156
f 2404/3102/156 2542/3278/212 2493/3220/102
f 2404/3102/156 2493/3220/102 2403/3101/213
f 2404/3102/156 2403/3101/213 2247/2894/54
f 2403/3101/213 2493/3220/102 2489/3216/95
f 2247/2894/54 2403/3101/213 2123/2739/57
f 2403/3101/213 2489/3216/95 2429/3132/93
f 2403/3101/213 2429/3132/93 2303/2970/74
f 2403/3101/213 2303/2970/74 2123/2739/57
f 2645/3408/214 2538/3272/215 2499/3226/216
f 2645/3408/214 2499/3226/216 2498/3225/217
f 2418/3116/218 2498/3225/217 2415/3113/219
f 2415/3113/219 2498/3225/217 2499/3226/216
f 2415/3113/219 2499/3226/216 2361/3046/22
f 2361/3046/22 2499/3226/216 2326/2999/1
f 2405/3103/220 2418/3116/218 2415/3113/219
f 2405/3103/220 2335/3012/221 2328/3001/222
f 2370/3059/223 2405/3103/220 2328/3001/222
f 2405/3103/220 2415/3113/219 2335/3012/221
f 2415/3113/219 2361/3046/22 2335/3012/221
f 2335/3012/221 2361/3046/22 2192/2824/224
f 2192/2824/224 2361/3046/22 2275/2933/21
f 2326/2999/1 2499/3226/216 2448/3162/4
f 2448/3162/4 2499/3226/216 2538/3272/215
f 2658/3425/225 2448/3162/4 2538/3272/215
f 2761/3566/226 2658/3425/225 2538/3272/215
f 2538/3272/215 2770/3578/227 2761/3566/226
f 2538/3272/215 2645/3408/214 2770/3578/227
f 2761/3566/226 2770/3578/227 2833/3657/228
f 2933/3785/229 2761/3566/226 2893/3737/230
f 2761/3566/226 2833/3657/228 2893/3737/230
f 2945/3802/231 2933/3785/229 2946/3804/232
f 2946/3804/232 2933/3785/229 2893/3737/230
f 2946/3804/232 2893/3737/230 2866/3699/233
f 2866/3699/233 2893/3737/230 2833/3657/228
f 2866/3699/233 2833/3657/228 2791/3607/234
f 2866/3699/233 2791/3607/234 2877/3714/235
f 2877/3714/235 2791/3607/234 2898/3742/236
f 2866/3699/233 2877/3714/235 2819/3641/237
f 2866/3699/233 2819/3641/237 2816/3636/238
f 2819/3641/237 2877/3714/235 2914/3762/239
f 2914/3762/239 2877/3714/235 2898/3742/236
f 2819/3641/237 2914/3762/239 2744/3540/240
f 2816/3636/238 2819/3641/237 2746/3544/241
f 2746/3544/241 2819/3641/237 2744/3540/240
f 2722/3511/242 2746/3544/241 2744/3540/240
f 2816/3636/238 2746/3544/241 2735/3529/243
f 2735/3529/243 2746/3544/241 2722/3511/242
f 2723/3512/244 2735/3529/243 2722/3511/242
f 2735/3529/243 2723/3512/244 2788/3603/245
f 2788/3603/245 2723/3512/244 2727/3517/246
f 2727/3517/246 2723/3512/244 2722/3511/242
f 2788/3603/245 2727/3517/246 2772/3580/247
f 2727/3517/246 2722/3511/242 2729/3521/248
f 2729/3521/248 2722/3511/242 2744/3540/240
f 2772/3580/247 2727/3517/246 2729/3521/248
f 2772/3580/247 2729/3521/248 2802/3619/249
f 2729/3521/248 2744/3540/240 2802/3619/249
f 2580/3329/250 2498/3225/217 2418/3116/218
f 2645/3408/214 2498/3225/217 2580/3329/250
f 2580/3329/250 2418/3116/218 2528/3261/251
f 2580/3329/250 2745/3542/252 2645/3408/214
f 2645/3408/214 2745/3542/252 2770/3578/227
f 2833/3657/228 2770/3578/227 2791/3607/234
f 2770/3578/227 2745/3542/252 2791/3607/234
f 2801/3618/253 2791/3607/234 2745/3542/252
f 2791/3607/234 2801/3618/253 2898/3742/236
f 2898/3742/236 2801/3618/253 2923/3773/254
f 3086/3980/255 2898/3742/236 3097/3997/256
f 2923/3773/254 2801/3618/253 2745/3542/252
f 2898/3742/236 2923/3773/254 3097/3997/256
f 2648/3412/257 2745/3542/252 2580/3329/250
f 2648/3412/257 2580/3329/250 2528/3261/251
f 2745/3542/252 2648/3412/257 2675/3444/258
f 2648/3412/257 2528/3261/251 2589/3341/259
f 2648/3412/257 2589/3341/259 2675/3444/258
f 2589/3341/259 2528/3261/251 2509/3241/260
f 2757/3561/261 2675/3444/258 2693/3470/262
f 2693/3470/262 2675/3444/258 2649/3413/263
f 2693/3470/262 2635/3396/264 2753/3555/265
f 2753/3555/265 2635/3396/264 2762/3568/266
f 2762/3568/266 2635/3396/264 2685/3461/267
f 2792/3608/268 2762/3568/266 2671/3440/269
f 2762/3568/266 2685/3461/267 2671/3440/269
f 2792/3608/268 2671/3440/269 2784/3598/270
f 2671/3440/269 2644/3407/271 2784/3598/270
f 2671/3440/269 2685/3461/267 2579/3328/272
f 2671/3440/269 2579/3328/272 2614/3371/273
f 2644/3407/271 2671/3440/269 2614/3371/273
f 2635/3396/264 2579/3328/272 2685/3461/267
f 2635/3396/264 2693/3470/262 2649/3413/263
f 2635/3396/264 2649/3413/263 2579/3328/272
f 2649/3413/263 2589/3341/259 2579/3328/272
f 2649/3413/263 2675/3444/258 2589/3341/259
f 2579/3328/272 2589/3341/259 2477/3203/274
f 2477/3203/274 2589/3341/259 2509/3241/260
f 2555/3298/275 2579/3328/272 2477/3203/274
f 2579/3328/272 2555/3298/275 2614/3371/273
f 2614/3371/273 2555/3298/275 2565/3311/276
f 2614/3371/273 2565/3311/276 2644/3407/271
f 2644/3407/271 2565/3311/276 2643/3405/277
f 2643/3405/277 2565/3311/276 2600/3355/278
f 2600/3355/278 2565/3311/276 2504/3235/84
f 2504/3235/84 2565/3311/276 2486/3213/279
f 2486/3213/279 2565/3311/276 2555/3298/275
f 2486/3213/279 2555/3298/275 2477/3203/274
f 2504/3235/84 2486/3213/279 2384/3076/85
f 2401/3099/280 2486/3213/279 2477/3203/274
f 2486/3213/279 2401/3099/280 2384/3076/85
f 2365/3051/80 2384/3076/85 2267/2920/75
f 2327/3000/281 2384/3076/85 2401/3099/280
f 2384/3076/85 2327/3000/281 2267/2920/75
f 2327/3000/281 2401/3099/280 2370/3059/223
f 2267/2920/75 2327/3000/281 2254/2902/76
f 2254/2902/76 2327/3000/281 2328/3001/222
f 2419/3117/282 2401/3099/280 2477/3203/274
f 2328/3001/222 2327/3000/281 2370/3059/223
f 2419/3117/282 2370/3059/223 2401/3099/280
f 2405/3103/220 2370/3059/223 2419/3117/282
f 2405/3103/220 2419/3117/282 2418/3116/218
f 2418/3116/218 2419/3117/282 2528/3261/251
f 2509/3241/260 2419/3117/282 2477/3203/274
f 2419/3117/282 2509/3241/260 2528/3261/251
f 2335/3012/221 2192/2824/224 2198/2832/283
f 2335/3012/221 2198/2832/283 2328/3001/222
f 2124/2741/20 2192/2824/224 2275/2933/21
f 2328/3001/222 2198/2832/283 2254/2902/76
f 2198/2832/283 2159/2783/78 2254/2902/76
f 2159/2783/78 2198/2832/283 2091/2695/284
f 2091/2695/284 2198/2832/283 2192/2824/224
f 2091/2695/284 2192/2824/224 2124/2741/20
f 2091/2695/284 2124/2741/20 2045/2634/285
f 2010/2592/19 2045/2634/285 2124/2741/20
f 2045/2634/285 2010/2592/19 2001/2575/30
f 2783/3597/286 2784/3598/270 2644/3407/271
f 2784/3598/270 2783/3597/286 3036/3917/287
f 2783/3597/286 2644/3407/271 2643/3405/277
f 2783/3597/286 2908/3755/288 3036/3917/287
f 2908/3755/288 2783/3597/286 2643/3405/277
f 2784/3598/270 3036/3917/287 3025/3905/289
f 2646/3409/290 2903/3748/291 2909/3757/292
f 2909/3757/292 2903/3748/291 3001/3874/293
f 2643/3405/277 2646/3409/290 2909/3757/292
f 2643/3405/277 2909/3757/292 2908/3755/288
f 2909/3757/292 3001/3874/293 2908/3755/288
f 2895/3739/294 2967/3831/295 2821/3643/296
f 2895/3739/294 2821/3643/296 2757/3562/261
f 2895/3739/294 2757/3562/261 2839/3665/297
f 2895/3739/294 2839/3665/297 2970/3835/298
f 2895/3739/294 2970/3835/298 3074/3966/299
f 2895/3739/294 3074/3966/299 2967/3831/295
f 2970/3835/298 2839/3665/297 2823/3645/300
f 2839/3665/297 2757/3562/261 2753/3556/265
f 2757/3562/261 2821/3643/296 2675/3445/258
f 2757/3562/261 2693/3471/262 2753/3556/265
f 2675/3445/258 2821/3643/296 2808/3627/301
f 2675/3445/258 2808/3627/301 2745/3543/252
f 2745/3543/252 2808/3627/301 2923/3774/254
f 2808/3627/301 2821/3643/296 2967/3831/295
f 2923/3774/254 2808/3627/301 3064/3953/302
f 3064/3953/302 2808/3627/301 2967/3831/295
f 2923/3774/254 3064/3953/302 3097/3998/256
f 3097/3998/256 3173/4089/303 3171/4087/304
f 3086/3981/255 3097/3998/256 3171/4087/304
f 3086/3981/255 3171/4087/304 3157/4067/305
f 3171/4087/304 3173/4089/303 3201/4126/306
f 3173/4089/303 3097/3998/256 3064/3953/302
f 3173/4089/303 3064/3953/302 3122/4024/307
f 3122/4024/307 3064/3953/302 2967/3831/295
f 3122/4024/307 2967/3831/295 3074/3966/299
f 3182/4103/308 3122/4024/307 3074/3966/299
f 3173/4089/303 3122/4024/307 3197/4121/309
f 3124/4026/310 3074/3966/299 2970/3835/298
f 3173/4089/303 3197/4121/309 3201/4126/306
f 3182/4103/308 3197/4121/309 3122/4024/307
f 3201/4126/306 3197/4121/309 3210/4138/311
f 3124/4026/310 3182/4103/308 3074/3966/299
f 3197/4121/309 3182/4103/308 3156/4066/312
f 3197/4121/309 3156/4066/312 3210/4138/311
f 3182/4103/308 3124/4026/310 3077/3969/313
f 3077/3969/313 3124/4026/310 2970/3835/298
f 3156/4066/312 3182/4103/308 3077/3969/313
f 3077/3969/313 2970/3835/298 2823/3645/300
f 3077/3969/313 2823/3645/300 2958/3819/314
f 3156/4066/312 3077/3969/313 2958/3819/314
f 3089/3986/315 3156/4066/312 2958/3819/314
f 3089/3986/315 2958/3819/314 2986/3857/316
f 2958/3819/314 2823/3645/300 2841/3667/317
f 2958/3819/314 2841/3667/317 2986/3857/316
f 2841/3667/317 2823/3645/300 2762/3569/266
f 2841/3667/317 2792/3609/268 2986/3857/316
f 2841/3667/317 2762/3569/266 2792/3609/268
f 2753/3556/265 2762/3569/266 2823/3645/300
f 2839/3665/297 2753/3556/265 2823/3645/300
f 2792/3609/268 2784/3599/270 3025/3906/289
f 2986/3857/316 2792/3609/268 3025/3906/289
f 3152/4060/318 2986/3857/316 3025/3906/289
f 2986/3857/316 3152/4060/318 3089/3986/315
f 3152/4060/318 3025/3906/289 3153/4061/319
f 3089/3986/315 3152/4060/318 3188/4109/320
f 3089/3986/315 3188/4109/320 3156/4066/312
f 3153/4061/319 3025/3906/289 3036/3918/287
f 3152/4060/318 3153/4061/319 3170/4086/321
f 3153/4061/319 3036/3918/287 3113/4015/322
f 3113/4015/322 3036/3918/287 2908/3756/288
f 3170/4086/321 3153/4061/319 3113/4015/322
f 3113/4015/322 2908/3756/288 3001/3875/293
f 3113/4015/322 3001/3876/293 3157/4067/305
f 3170/4086/321 3113/4015/322 3157/4067/305
f 3157/4067/305 3171/4087/304 3201/4126/306
f 3157/4067/305 3201/4126/306 3210/4138/311
f 3157/4067/305 3210/4138/311 3170/4086/321
f 3152/4060/318 3170/4086/321 3210/4138/311
f 3210/4138/311 3156/4066/312 3188/4109/320
f 3152/4060/318 3210/4138/311 3188/4109/320
f 2536/3270/178 2482/3209/7 2656/3423/323
f 2482/3209/7 2536/3270/178 2340/3019/8
f 2656/3423/323 2482/3209/7 2707/3490/324
f 2656/3423/323 2707/3490/324 2822/3644/325
f 2656/3423/323 2822/3644/325 2730/3522/326
f 2656/3423/323 2730/3522/326 2536/3270/178
f 2684/3460/181 2536/3270/178 2702/3484/327
f 2684/3460/181 2500/3228/163 2651/3416/182
f 2500/3228/163 2684/3460/181 2502/3232/161
f 2502/3232/161 2702/3484/327 2584/3336/159
f 2702/3484/327 2502/3232/161 2684/3460/181
f 2584/3336/159 2853/3684/328 2796/3613/329
f 2324/2994/155 2755/3559/160 2625/3385/330
f 2755/3559/160 2760/3565/331 2625/3385/330
f 2642/3404/144 2625/3385/330 2760/3565/331
f 2324/2995/155 2625/3385/330 2551/3293/157
f 2551/3293/157 2625/3385/330 2642/3404/144
f 2542/3279/212 2551/3293/157 2642/3404/144
f 2736/3532/143 2642/3404/144 2786/3601/332
f 2786/3601/332 2642/3404/144 2864/3697/333
f 2864/3697/333 2642/3404/144 2760/3565/331
f 2736/3532/143 2786/3601/332 2878/3715/145
f 2786/3601/332 2864/3697/333 2878/3715/145
f 2878/3715/145 2864/3697/333 3079/3972/334
f 3079/3972/334 3031/3912/335 3117/4019/336
f 3189/4110/337 3117/4019/336 3144/4051/338
f 3161/4072/339 3189/4110/337 3144/4051/338
f 3144/4051/338 3117/4019/336 3031/3912/335
f 3144/4051/338 3031/3912/335 3075/3967/340
f 3031/3912/335 3079/3972/334 2864/3697/333
f 2921/3771/341 3075/3967/340 3031/3912/335
f 2921/3771/341 3031/3912/335 2807/3626/342
f 2807/3626/342 3031/3912/335 2864/3697/333
f 3075/3967/340 3059/3947/343 3127/4029/344
f 3075/3967/340 3127/4029/344 3144/4051/338
f 3144/4051/338 3127/4029/344 3161/4072/339
f 3161/4072/339 3127/4029/344 3160/4071/345
f 3066/3955/346 3160/4071/345 3127/4029/344
f 3160/4071/345 3066/3955/346 3121/4023/347
f 3028/3909/348 3127/4029/344 3059/3947/343
f 3053/3940/349 3127/4029/344 3028/3909/348
f 3053/3940/349 3028/3909/348 2870/3705/350
f 3127/4029/344 3053/3940/349 3066/3955/346
f 3053/3940/349 2941/3797/351 3066/3955/346
f 3053/3940/349 2768/3575/352 2941/3797/351
f 3066/3955/346 2941/3797/351 3121/4023/347
f 2806/3625/353 2941/3797/351 2768/3575/352
f 3121/4023/347 2941/3797/351 3111/4013/113
f 2904/3751/112 2806/3625/353 2777/3588/111
f 2777/3588/111 2806/3625/353 2752/3554/100
f 2904/3751/112 2941/3797/351 2806/3625/353
f 2941/3797/351 2904/3751/112 3111/4013/113
f 3111/4013/113 3206/4133/116 3121/4023/347
f 3206/4133/116 3111/4013/113 3168/4083/114
f 3121/4023/347 3206/4133/116 3160/4071/345
f 3206/4133/116 3247/4185/354 3160/4071/345
f 3206/4133/116 3250/4189/117 3247/4185/354
f 3247/4185/354 3250/4189/117 3267/4214/119
f 3267/4214/119 3306/4267/121 3247/4185/354
f 3247/4185/354 3306/4267/121 3302/4261/355
f 3302/4261/355 3306/4267/121 3298/4255/124
f 3251/4190/356 3247/4185/354 3302/4261/355
f 3298/4255/124 3284/4237/126 3290/4245/357
f 3247/4185/354 3251/4190/356 3160/4071/345
f 3290/4245/357 3284/4237/126 3260/4202/127
f 3290/4245/357 3260/4202/127 3199/4123/148
f 3290/4245/357 3199/4123/148 3244/4182/358
f 3244/4182/358 3199/4123/148 3079/3972/334
f 3298/4255/124 3290/4245/357 3262/4206/359
f 3298/4255/124 3262/4206/359 3302/4261/355
f 3290/4245/357 3244/4182/358 3262/4206/359
f 3302/4261/355 3262/4206/359 3251/4190/356
f 3262/4206/359 3189/4110/337 3251/4190/356
f 3262/4206/359 3244/4182/358 3117/4019/336
f 3262/4206/359 3117/4019/336 3189/4110/337
f 3244/4182/358 3079/3972/334 3117/4019/336
f 3189/4110/337 3161/4072/339 3251/4190/356
f 3251/4190/356 3161/4072/339 3160/4071/345
f 2921/3771/341 2796/3613/329 2853/3684/328
f 2921/3771/341 2807/3626/342 2796/3613/329
f 2807/3626/342 2864/3697/333 2760/3565/331
f 2807/3626/342 2760/3565/331 2755/3559/160
f 2807/3626/342 2755/3559/160 2796/3613/329
f 2796/3613/329 2755/3559/160 2584/3336/159
f 2853/3684/328 2584/3336/159 2702/3484/327
f 2536/3270/178 2730/3522/326 2702/3484/327
f 2702/3484/327 2730/3522/326 2853/3684/328
f 2853/3684/328 2730/3522/326 2870/3705/350
f 2853/3684/328 3059/3947/343 3075/3967/340
f 2921/3771/341 2853/3684/328 3075/3967/340
f 3028/3909/348 3059/3947/343 2853/3684/328
f 3028/3909/348 2853/3684/328 2870/3705/350
f 2870/3705/350 2768/3575/352 3053/3940/349
f 2734/3528/360 2768/3575/352 2857/3689/361
f 2806/3625/353 2768/3575/352 2657/3424/362
f 2715/3504/363 2806/3625/353 2657/3424/362
f 2806/3625/353 2715/3504/363 2752/3554/100
f 2752/3554/100 2715/3504/363 2726/3516/364
f 2752/3554/100 2726/3516/364 2732/3525/92
f 2732/3525/92 2726/3516/364 2701/3483/91
f 2701/3483/91 2726/3516/364 2740/3536/365
f 2715/3504/363 2657/3424/362 2618/3376/366
f 2726/3516/364 2715/3504/363 2686/3462/367
f 2686/3462/367 2715/3504/363 2618/3376/366
f 2726/3516/364 2686/3462/367 2731/3523/368
f 2726/3516/364 2731/3523/368 2740/3536/365
f 2701/3483/91 2740/3536/365 2708/3491/369
f 2701/3483/91 2708/3491/369 2653/3420/88
f 2572/3320/87 2653/3420/88 2652/3418/370
f 2600/3356/278 2572/3320/87 2652/3418/370
f 2572/3320/87 2600/3356/278 2504/3236/84
f 2600/3356/278 2646/3410/290 2643/3406/277
f 2646/3410/290 2600/3356/278 2652/3418/370
f 2708/3491/369 2652/3418/370 2653/3420/88
f 2646/3410/290 2652/3418/370 2830/3652/371
f 2646/3410/290 2830/3652/371 2903/3749/291
f 2652/3418/370 2708/3491/369 2790/3606/372
f 2708/3491/369 2740/3536/365 2790/3606/372
f 2740/3536/365 2731/3523/368 2790/3606/372
f 2830/3652/371 2652/3418/370 2790/3606/372
f 2830/3652/371 2790/3606/372 2862/3694/373
f 2947/3806/374 2830/3652/371 2862/3694/373
f 2862/3694/373 2790/3606/372 2901/3746/375
f 2901/3746/375 2790/3606/372 2748/3546/376
f 2790/3606/372 2731/3523/368 2665/3433/377
f 2901/3746/375 2748/3546/376 2854/3685/378
f 2748/3546/376 2790/3606/372 2665/3433/377
f 2665/3433/377 2731/3523/368 2681/3454/379
f 2681/3454/379 2731/3523/368 2686/3462/367
f 2681/3454/379 2686/3462/367 2641/3402/380
f 2641/3402/380 2686/3462/367 2618/3376/366
f 2665/3433/377 2681/3454/379 2641/3402/380
f 2665/3433/377 2641/3402/380 2638/3399/381
f 2748/3546/376 2665/3433/377 2659/3427/382
f 2659/3427/382 2665/3433/377 2638/3399/381
f 2854/3685/378 2748/3546/376 2794/3611/383
f 2901/3746/375 2854/3685/378 2858/3690/384
f 2858/3690/384 2854/3685/378 2817/3638/385
f 2817/3638/385 2854/3685/378 2794/3611/383
f 2862/3694/373 2901/3746/375 2947/3806/374
f 2945/3803/231 2901/3746/375 2858/3690/384
f 2947/3806/374 2901/3746/375 2945/3803/231
f 2947/3806/374 2945/3803/231 2946/3805/232
f 2830/3652/371 2947/3806/374 2903/3749/291
f 2946/3805/232 2866/3700/233 2887/3728/386
f 2887/3728/386 2866/3700/233 2816/3637/238
f 2887/3728/386 2816/3637/238 2735/3530/243
f 2946/3805/232 3026/3907/387 2947/3806/374
f 3026/3907/387 2946/3805/232 2887/3728/386
f 2995/3868/388 2903/3749/291 2947/3806/374
f 2995/3868/388 2947/3806/374 3026/3907/387
f 2903/3749/291 2995/3868/388 3001/3877/293
f 2887/3728/386 2735/3530/243 2882/3723/389
f 2882/3723/389 2735/3530/243 2788/3604/245
f 2882/3723/389 2788/3604/245 2772/3581/247
f 2882/3723/389 2772/3581/247 2928/3779/390
f 2928/3779/390 2772/3581/247 2802/3620/249
f 2995/3868/388 3026/3907/387 3086/3982/255
f 2995/3868/388 3086/3982/255 3001/3877/293
f 2998/3871/391 3026/3907/387 2887/3728/386
f 3026/3907/387 2998/3871/391 3034/3915/392
f 3034/3915/392 2998/3871/391 2887/3728/386
f 3026/3907/387 3034/3915/392 3086/3982/255
f 2887/3728/386 2882/3723/389 2931/3783/393
f 2887/3728/386 2931/3783/393 3034/3915/392
f 2931/3783/393 2882/3723/389 2928/3779/390
f 3034/3915/392 2931/3783/393 2914/3763/239
f 3034/3915/392 2914/3763/239 2898/3743/236
f 3034/3915/392 2898/3743/236 3086/3982/255
f 2931/3783/393 2928/3779/390 2905/3752/394
f 2931/3783/393 2905/3752/394 2914/3763/239
f 2905/3752/394 2928/3779/390 2802/3620/249
f 2914/3763/239 2905/3752/394 2744/3541/240
f 2905/3752/394 2802/3620/249 2744/3541/240
f 3086/3982/255 3157/4068/305 3001/3877/293
f 2870/3705/350 2857/3689/361 2768/3575/352
f 2870/3705/350 2730/3522/326 2822/3644/325
f 2870/3705/350 2822/3644/325 2857/3689/361
f 2857/3689/361 2822/3644/325 2840/3666/395
f 2840/3666/395 2822/3644/325 2817/3638/385
f 2817/3638/385 2822/3644/325 2739/3535/396
f 2739/3535/396 2822/3644/325 2707/3490/324
f 2707/3490/324 2482/3209/7 2611/3368/6
f 2707/3490/324 2611/3368/6 2658/3426/225
f 2739/3535/396 2707/3490/324 2658/3426/225
f 2611/3368/6 2448/3163/4 2658/3426/225
f 2933/3786/229 2945/3803/231 2761/3567/226
f 2761/3567/226 2858/3690/384 2658/3426/225
f 2858/3690/384 2761/3567/226 2945/3803/231
f 2658/3426/225 2858/3690/384 2739/3535/396
f 2739/3535/396 2858/3690/384 2817/3638/385
f 2763/3570/397 2840/3666/395 2817/3638/385
f 2840/3666/395 2763/3570/397 2857/3689/361
f 2857/3689/361 2763/3570/397 2734/3528/360
f 2763/3570/397 2817/3638/385 2794/3611/383
f 2763/3570/397 2794/3611/383 2748/3546/376
f 2763/3570/397 2748/3546/376 2659/3427/382
f 2763/3570/397 2659/3427/382 2638/3399/381
f 2763/3570/397 2638/3399/381 2734/3528/360
f 2768/3575/352 2734/3528/360 2657/3424/362
f 2734/3528/360 2638/3399/381 2657/3424/362
f 2657/3424/362 2638/3399/381 2618/3376/366
f 2618/3376/366 2638/3399/381 2641/3402/380
f 2140/2762/398 2147/2769/399 2061/2653/400
f 2140/2762/398 2061/2653/400 2082/2686/401
f 2082/2686/401 2061/2653/400 2022/2605/402
f 2140/2762/398 2255/2903/403 2279/2939/404
f 2140/2762/398 2279/2939/404 2147/2769/399
f 2255/2903/403 2140/2762/398 2210/2847/405
f 2210/2847/405 2140/2762/398 2082/2686/401
f 2210/2847/405 2082/2686/401 2150/2773/406
f 2082/2686/401 2079/2681/407 2150/2773/406
f 2255/2903/403 2210/2847/405 2309/2976/408
f 2309/2976/408 2210/2847/405 2214/2853/409
f 2290/2953/410 2255/2903/403 2309/2976/408
f 2290/2953/410 2309/2976/408 2284/2947/411
f 2309/2976/408 2214/2853/409 2282/2943/412
f 2214/2853/409 2210/2847/405 2150/2773/406
f 2214/2853/409 2150/2773/406 2113/2723/413
f 2214/2853/409 2113/2723/413 2119/2731/414
f 2214/2853/409 2119/2731/414 2212/2849/415
f 2282/2943/412 2214/2853/409 2212/2849/415
f 2282/2943/412 2298/2962/416 2309/2976/408
f 2309/2976/408 2298/2962/416 2288/2951/417
f 2309/2976/408 2288/2951/417 2284/2947/411
f 2298/2962/416 2202/2836/418 2234/2881/419
f 2288/2951/417 2298/2962/416 2234/2881/419
f 2255/2903/403 2290/2953/410 2279/2939/404
f 2147/2769/399 2279/2939/404 2290/2953/410
f 2146/2768/420 2290/2953/410 2284/2947/411
f 2146/2768/420 2147/2769/399 2290/2953/410
f 2147/2769/399 2086/2690/421 2061/2653/400
f 2146/2768/420 2284/2947/411 2229/2873/422
f 2284/2947/411 2288/2951/417 2229/2873/422
f 2229/2873/422 2288/2951/417 2234/2881/419
f 2234/2881/419 2202/2836/418 2193/2825/423
f 2234/2881/419 2193/2825/423 2229/2873/422
f 2229/2873/422 2193/2825/423 2211/2848/424
f 2211/2848/424 2193/2825/423 2218/2858/425
f 2211/2848/424 2218/2858/425 2157/2780/426
f 2172/2799/427 2211/2848/424 2157/2780/426
f 2229/2873/422 2211/2848/424 2172/2799/427
f 2229/2873/422 2172/2799/427 2146/2768/420
f 2146/2768/420 2172/2799/427 2109/2719/428
f 2172/2799/427 2163/2788/429 2109/2719/428
f 2163/2788/429 2172/2799/427 2157/2780/426
f 2163/2788/429 2157/2780/426 2138/2760/430
f 2157/2780/426 2218/2858/425 2199/2833/431
f 2199/2833/431 2218/2858/425 2216/2856/77
f 2213/2852/68 2218/2858/425 2167/2793/67
f 2216/2856/77 2218/2858/425 2213/2852/68
f 2167/2793/67 2218/2858/425 2193/2825/423
f 2216/2856/77 2213/2852/68 2225/2867/70
f 2216/2856/77 2159/2784/78 2199/2833/431
f 2199/2833/431 2159/2784/78 2144/2766/432
f 2157/2780/426 2199/2833/431 2144/2766/432
f 2159/2784/78 2091/2696/284 2144/2766/432
f 2144/2766/432 2138/2760/430 2157/2780/426
f 2144/2766/432 2091/2696/284 2088/2692/433
f 2144/2766/432 2088/2692/433 2138/2760/430
f 2138/2760/430 2088/2692/433 2163/2788/429
f 2163/2788/429 2088/2692/433 2100/2707/434
f 2049/2639/435 2100/2707/434 2088/2692/433
f 2163/2788/429 2100/2707/434 2109/2719/428
f 2109/2719/428 2100/2707/434 2016/2598/436
f 2100/2707/434 2049/2639/435 2016/2598/436
f 2016/2598/436 2049/2639/435 1965/2527/437
f 1965/2527/437 2049/2639/435 2001/2576/30
f 2088/2692/433 2045/2635/285 2049/2639/435
f 2088/2692/433 2091/2696/284 2045/2635/285
f 2045/2635/285 2001/2576/30 2049/2639/435
f 2001/2576/30 1896/2445/23 1965/2527/437
f 1896/2445/23 1800/2317/32 1965/2527/437
f 1965/2527/437 1800/2317/32 1966/2528/438
f 1965/2527/437 1966/2528/438 2016/2598/436
f 1800/2317/32 1890/2435/439 1966/2528/438
f 1966/2528/438 1890/2435/439 2022/2605/402
f 1890/2435/439 1917/2468/440 2000/2572/441
f 2022/2605/402 1890/2435/439 2000/2572/441
f 2022/2605/402 2000/2572/441 2046/2636/442
f 2022/2605/402 2046/2636/442 2082/2686/401
f 2046/2636/442 2000/2572/441 2009/2589/443
f 2046/2636/442 2009/2589/443 2079/2681/407
f 2082/2686/401 2046/2636/442 2079/2681/407
f 2150/2773/406 2079/2681/407 2113/2723/413
f 1966/2528/438 2022/2605/402 2061/2653/400
f 1966/2528/438 2061/2653/400 2016/2598/436
f 2109/2719/428 2016/2598/436 2086/2690/421
f 2086/2690/421 2016/2598/436 2061/2653/400
f 2109/2719/428 2086/2690/421 2146/2768/420
f 2147/2769/399 2146/2768/420 2086/2690/421
f 1800/2318/32 1755/2266/35 1890/2436/439
f 1800/2318/32 1698/2196/33 1755/2266/35
f 1698/2196/33 1800/2318/32 1766/2279/31
f 1869/2409/444 1755/2266/35 1865/2404/36
f 1890/2436/439 1755/2266/35 1869/2409/444
f 1890/2436/439 1869/2409/444 1917/2469/440
f 1869/2409/444 1865/2404/36 1905/2455/445
f 1869/2409/444 1905/2455/445 1917/2469/440
f 1865/2404/36 1871/2412/38 1933/2488/446
f 2117/2729/447 2053/2644/63 2121/2737/65
f 2053/2644/63 2117/2729/447 2104/2712/448
f 2053/2644/63 2104/2712/448 2044/2633/449
f 2053/2644/63 2044/2633/449 2003/2580/62
f 1952/2512/40 2003/2580/62 1971/2535/450
f 1952/2512/40 1971/2535/450 1871/2412/38
f 1971/2535/450 2003/2580/62 2044/2633/449
f 1865/2404/36 1933/2488/446 1905/2455/445
f 1933/2488/446 1871/2412/38 1971/2535/450
f 2000/2573/441 1917/2469/440 2009/2590/443
f 2009/2590/443 1917/2469/440 1905/2455/445
f 2079/2682/407 2009/2590/443 2043/2632/451
f 2079/2682/407 2043/2632/451 2113/2724/413
f 2011/2593/452 2009/2590/443 1905/2455/445
f 2043/2632/451 2009/2590/443 2011/2593/452
f 2043/2632/451 2011/2593/452 2038/2625/453
f 2038/2625/453 2011/2593/452 2006/2584/454
f 2038/2625/453 2119/2732/414 2043/2632/451
f 2038/2625/453 2116/2728/455 2119/2732/414
f 2043/2632/451 2119/2732/414 2113/2724/413
f 2212/2850/415 2119/2732/414 2116/2728/455
f 2212/2850/415 2116/2728/455 2104/2712/448
f 2235/2882/456 2212/2850/415 2104/2712/448
f 2212/2850/415 2235/2882/456 2282/2944/412
f 2298/2963/416 2282/2944/412 2235/2882/456
f 2298/2963/416 2235/2882/456 2246/2893/457
f 2235/2882/456 2104/2712/448 2246/2893/457
f 2298/2963/416 2246/2893/457 2202/2837/418
f 2246/2893/457 2104/2712/448 2117/2729/447
f 2202/2837/418 2246/2893/457 2117/2729/447
f 2202/2837/418 2117/2729/447 2193/2826/423
f 2193/2826/423 2117/2729/447 2121/2737/65
f 2193/2826/423 2121/2737/65 2167/2794/67
f 2038/2625/453 2060/2652/458 2116/2728/455
f 2060/2652/458 2038/2625/453 2006/2584/454
f 2006/2584/454 2011/2593/452 1933/2488/446
f 1933/2488/446 2011/2593/452 1905/2455/445
f 1933/2488/446 1971/2535/450 2006/2584/454
f 2006/2584/454 1971/2535/450 2060/2652/458
f 2060/2652/458 1971/2535/450 2044/2633/449
f 2116/2728/455 2060/2652/458 2104/2712/448
f 2104/2712/448 2060/2652/458 2044/2633/449
f 1006/1304/201 1187/1540/207 930/1199/459
f 805/1033/460 1006/1304/201 930/1199/459
f 905/1165/209 1006/1304/201 805/1033/460
f 891/1144/461 905/1165/209 805/1033/460
f 876/1126/462 891/1144/461 805/1033/460
f 967/1246/463 876/1126/462 998/1288/464
f 876/1126/462 967/1246/463 1004/1299/465
f 891/1144/461 876/1126/462 1004/1299/465
f 1131/1465/466 1004/1299/465 967/1246/463
f 998/1288/464 876/1126/462 778/999/467
f 778/999/467 843/1080/468 998/1288/464
f 998/1288/464 843/1080/468 944/1215/469
f 1131/1465/466 967/1246/463 998/1288/464
f 1342/1736/470 1131/1465/466 944/1215/469
f 944/1215/469 1131/1465/466 998/1288/464
f 944/1215/469 839/1075/471 971/1250/472
f 971/1250/472 1189/1542/473 944/1215/469
f 944/1215/469 1189/1542/473 1342/1736/470
f 912/1176/474 1253/1620/475 1189/1542/473
f 912/1176/474 1189/1542/473 971/1250/472
f 912/1176/474 866/1116/476 1253/1620/475
f 1253/1620/475 866/1116/476 1403/1820/477
f 1149/1492/478 1403/1820/477 866/1116/476
f 769/990/479 1149/1492/478 866/1116/476
f 1149/1492/478 769/990/479 1143/1482/480
f 1101/1425/481 1541/1994/482 1143/1482/480
f 555/708/483 1143/1482/480 769/990/479
f 1143/1482/480 555/708/483 955/1227/484
f 1101/1425/481 1143/1482/480 955/1227/484
f 1361/1760/485 1101/1425/481 1370/1775/486
f 1370/1775/486 1101/1425/481 1011/1313/487
f 1011/1313/487 1297/1681/488 1370/1775/486
f 1011/1313/487 1108/1436/489 1297/1681/488
f 1367/1769/490 959/1233/491 1165/1514/492
f 1367/1769/490 1165/1514/492 1145/1485/493
f 1145/1485/493 1165/1514/492 1095/1416/494
f 1095/1416/494 1165/1514/492 1100/1423/495
f 1165/1514/492 959/1233/491 1100/1423/495
f 1100/1423/495 959/1233/491 990/1276/496
f 990/1276/496 959/1233/491 871/1121/497
f 871/1121/497 959/1233/491 877/1127/498
f 990/1276/496 871/1121/497 846/1083/499
f 846/1083/499 871/1121/497 742/956/500
f 742/956/500 871/1121/497 877/1127/498
f 821/1055/501 877/1127/498 1011/1313/487
f 1011/1313/487 877/1127/498 1108/1436/489
f 1108/1436/489 877/1127/498 959/1233/491
f 1011/1313/487 1101/1425/481 955/1227/484
f 1011/1313/487 955/1227/484 821/1055/501
f 598/763/502 955/1227/484 555/708/483
f 598/763/502 816/1047/503 955/1227/484
f 598/763/502 555/708/483 420/540/504
f 816/1047/503 598/763/502 704/905/505
f 821/1055/501 955/1227/484 816/1047/503
f 877/1127/498 821/1055/501 686/882/506
f 877/1127/498 686/882/506 742/956/500
f 821/1055/501 816/1047/503 704/905/505
f 821/1055/501 704/905/505 686/882/506
f 471/603/507 704/905/505 598/763/502
f 704/905/505 471/603/507 685/881/508
f 704/905/505 685/881/508 686/882/506
f 613/783/509 686/882/506 685/881/508
f 584/748/510 686/882/506 613/783/509
f 675/869/511 742/956/500 686/882/506
f 675/869/511 686/882/506 584/748/510
f 613/783/509 581/745/512 584/748/510
f 581/745/512 613/783/509 685/881/508
f 581/745/512 685/881/508 471/603/507
f 471/603/507 503/644/513 581/745/512
f 584/748/510 581/745/512 542/690/514
f 542/690/514 581/745/512 503/644/513
f 675/869/511 584/748/510 542/690/514
f 564/721/515 675/869/511 542/690/514
f 675/869/511 564/721/515 663/853/516
f 663/853/516 564/721/515 603/769/517
f 603/769/517 564/721/515 508/649/518
f 577/739/519 603/769/517 508/649/518
f 508/649/518 564/721/515 542/690/514
f 422/542/520 508/649/518 458/589/521
f 458/589/521 508/649/518 542/690/514
f 542/690/514 503/644/513 458/589/521
f 346/446/522 503/644/513 471/603/507
f 458/589/521 503/644/513 346/446/522
f 516/659/523 422/542/520 382/489/524
f 508/649/518 422/542/520 568/726/525
f 577/739/519 508/649/518 623/802/526
f 508/649/518 568/726/525 623/802/526
f 623/802/526 568/726/525 659/846/527
f 516/659/523 568/726/525 422/542/520
f 516/659/523 382/489/524 511/654/528
f 346/446/522 422/542/520 458/589/521
f 346/446/522 382/489/524 422/542/520
f 420/540/504 471/603/507 598/763/502
f 420/540/504 346/446/522 471/603/507
f 346/446/522 420/540/504 340/440/529
f 327/425/530 346/446/522 340/440/529
f 346/446/522 327/425/530 382/489/524
f 568/726/525 516/659/523 707/909/531
f 707/909/531 516/659/523 511/654/528
f 659/846/527 707/909/531 861/1107/532
f 861/1107/532 707/909/531 883/1134/533
f 883/1134/533 707/909/531 801/1028/534
f 707/909/531 511/654/528 801/1028/534
f 801/1028/534 511/654/528 599/764/535
f 761/982/536 982/1262/537 599/764/535
f 599/764/535 511/654/528 470/602/538
f 511/654/528 382/489/524 470/602/538
f 761/982/536 477/611/539 802/1030/540
f 761/982/536 802/1030/540 1007/1305/541
f 1007/1305/541 1084/1400/542 761/982/536
f 1084/1400/542 1007/1305/541 1148/1490/543
f 761/982/536 1084/1400/542 982/1262/537
f 1135/1471/544 982/1262/537 1084/1400/542
f 1148/1490/543 1135/1471/544 1084/1400/542
f 1148/1490/543 1007/1305/541 1467/1900/545
f 1007/1305/541 1032/1341/546 1467/1900/545
f 1467/1900/545 1032/1341/546 1068/1382/547
f 1467/1900/545 1068/1382/547 1262/1634/548
f 1109/1438/549 1068/1382/547 872/1122/550
f 1068/1382/547 1032/1341/546 872/1122/550
f 872/1122/550 1032/1341/546 885/1137/551
f 857/1102/552 1109/1438/549 872/1122/550
f 1068/1382/547 1109/1438/549 1358/1756/553
f 1068/1382/547 1358/1756/553 1262/1634/548
f 1467/1900/545 1262/1634/548 1358/1756/553
f 1358/1756/553 1109/1438/549 1268/1644/554
f 1310/1699/208 952/1223/555 1187/1540/207
f 952/1223/555 1310/1699/208 1268/1644/554
f 952/1223/555 1268/1644/554 1109/1438/549
f 857/1102/552 952/1223/555 1109/1438/549
f 857/1102/552 930/1199/459 952/1223/555
f 952/1223/555 930/1199/459 1187/1540/207
f 778/999/467 876/1126/462 805/1033/460
f 930/1199/459 857/1102/552 805/1033/460
f 805/1033/460 857/1102/552 736/948/556
f 645/830/557 736/948/556 724/934/558
f 724/934/558 736/948/556 857/1102/552
f 724/934/558 857/1102/552 824/1058/559
f 824/1058/559 857/1102/552 872/1122/550
f 824/1058/559 872/1122/550 724/934/558
f 885/1137/551 1032/1341/546 1007/1305/541
f 885/1137/551 1007/1305/541 802/1030/540
f 768/989/560 885/1137/551 802/1030/540
f 872/1122/550 885/1137/551 768/989/560
f 768/989/560 724/934/558 872/1122/550
f 724/934/558 650/835/561 645/830/557
f 650/835/561 724/934/558 646/831/562
f 650/835/561 646/831/562 522/666/563
f 522/666/563 646/831/562 477/611/539
f 522/666/563 477/611/539 429/550/564
f 522/666/563 429/550/564 561/717/565
f 523/667/566 561/717/565 429/550/564
f 523/667/566 429/550/564 416/536/567
f 522/666/563 561/717/565 650/835/561
f 645/830/557 650/835/561 561/717/565
f 805/1033/460 736/948/556 778/999/467
f 667/860/568 778/999/467 736/948/556
f 736/948/556 645/830/557 667/860/568
f 778/999/467 667/860/568 760/981/569
f 642/826/570 760/981/569 667/860/568
f 642/826/570 667/860/568 523/667/566
f 642/826/570 523/667/566 416/536/567
f 416/536/567 763/984/571 642/826/570
f 504/645/572 763/984/571 416/536/567
f 504/645/572 807/1035/573 763/984/571
f 807/1035/573 504/645/572 765/986/574
f 807/1035/573 839/1075/471 763/984/571
f 763/984/571 839/1075/471 774/995/575
f 642/826/570 763/984/571 774/995/575
f 760/981/569 642/826/570 774/995/575
f 760/981/569 843/1080/468 778/999/467
f 843/1080/468 760/981/569 774/995/575
f 843/1080/468 774/995/575 944/1215/469
f 774/995/575 839/1075/471 944/1215/469
f 971/1250/472 839/1075/471 807/1035/573
f 971/1250/472 807/1035/573 912/1176/474
f 807/1035/573 765/986/574 912/1176/474
f 912/1176/474 765/986/574 866/1116/476
f 866/1116/476 765/986/574 566/724/576
f 769/990/479 866/1116/476 566/724/576
f 566/724/576 555/708/483 769/990/479
f 566/724/576 765/986/574 504/645/572
f 504/645/572 416/536/567 340/440/529
f 504/645/572 340/440/529 566/724/576
f 566/724/576 340/440/529 555/708/483
f 555/708/483 340/440/529 420/540/504
f 416/536/567 429/550/564 340/440/529
f 429/550/564 327/425/530 340/440/529
f 327/425/530 429/550/564 477/611/539
f 327/425/530 477/611/539 470/602/538
f 327/425/530 470/602/538 382/489/524
f 470/602/538 477/611/539 599/764/535
f 599/764/535 477/611/539 761/982/536
f 802/1030/540 477/611/539 768/989/560
f 724/934/558 768/989/560 646/831/562
f 646/831/562 768/989/560 477/611/539
f 707/909/531 659/846/527 568/726/525
f 2226/2869/195 2355/3039/194 2186/2816/577
f 1883/2427/197 1310/1700/208 1565/2028/198
f 2148/2770/578 2047/2637/579 1883/2427/197
f 2148/2770/578 1883/2427/197 2226/2869/195
f 2148/2770/578 2226/2869/195 2186/2816/577
f 2270/2925/199 2323/2992/580 2252/2899/581
f 2148/2770/578 2186/2816/577 2097/2703/582
f 2047/2637/579 2148/2770/578 2097/2703/582
f 1826/2349/583 2047/2637/579 2097/2703/582
f 2047/2637/579 1826/2349/583 1310/1700/208
f 2047/2637/579 1310/1700/208 1883/2427/197
f 1826/2349/583 1750/2258/584 1310/1700/208
f 1310/1700/208 1750/2258/584 1268/1645/554
f 1673/2164/585 1268/1645/554 1750/2258/584
f 1358/1757/553 1268/1645/554 1673/2164/585
f 1358/1757/553 1673/2164/585 1467/1901/545
f 1467/1901/545 1659/2149/586 1148/1491/543
f 1659/2149/586 1467/1901/545 1728/2232/587
f 1467/1901/545 1673/2164/585 1728/2232/587
f 1673/2164/585 1750/2258/584 1957/2517/588
f 1728/2232/587 1673/2164/585 1659/2149/586
f 1659/2149/586 1543/1997/589 1148/1491/543
f 1135/1472/544 1148/1491/543 1543/1997/589
f 1135/1472/544 1956/2516/590 1102/1427/591
f 1956/2516/590 1135/1472/544 1543/1997/589
f 1988/2556/592 1659/2149/586 1673/2164/585
f 1543/1997/589 1659/2149/586 1988/2556/592
f 1543/1997/589 1988/2556/592 1956/2516/590
f 1988/2556/592 1673/2164/585 2020/2602/593
f 2020/2602/593 1673/2164/585 1957/2517/588
f 1750/2258/584 1826/2349/583 1957/2517/588
f 1957/2517/588 1826/2349/583 2058/2649/594
f 2186/2816/577 1826/2349/583 2097/2703/582
f 1826/2349/583 2186/2816/577 2166/2791/595
f 2166/2791/595 2186/2816/577 2270/2925/199
f 2166/2791/595 2270/2925/199 2118/2730/596
f 2270/2925/199 2182/2811/597 2118/2730/596
f 2182/2811/597 2153/2776/598 2137/2759/599
f 2182/2811/597 2270/2925/199 2153/2776/598
f 2252/2899/581 2153/2776/598 2270/2925/199
f 2252/2899/581 2269/2922/600 2170/2797/601
f 2269/2922/600 2252/2899/581 2323/2992/580
f 2252/2899/581 2170/2797/601 2153/2776/598
f 2269/2922/600 2323/2992/580 2263/2914/602
f 2263/2914/602 2323/2992/580 2316/2985/603
f 2316/2985/603 2323/2992/580 2349/3031/604
f 2349/3031/604 2323/2992/580 2270/2925/199
f 2316/2985/603 2349/3031/604 2389/3082/200
f 2349/3031/604 2270/2925/199 2389/3082/200
f 2270/2925/199 2186/2816/577 2355/3039/194
f 2316/2985/603 2389/3082/200 2343/3023/605
f 2316/2985/603 2343/3023/605 2114/2725/606
f 2263/2914/602 2316/2985/603 2114/2725/606
f 2170/2797/601 2263/2914/602 2114/2725/606
f 2170/2797/601 2114/2725/606 2002/2577/607
f 2002/2577/607 1970/2533/608 1528/1975/609
f 1528/1975/609 1427/1850/610 1131/1466/466
f 2143/2765/611 2002/2577/607 2035/2622/612
f 2141/2763/613 2143/2765/611 2035/2622/612
f 2250/2897/614 2143/2765/611 2141/2763/613
f 2141/2763/613 2162/2787/615 2250/2897/614
f 2092/2697/616 2162/2787/615 2141/2763/613
f 2092/2697/616 2141/2763/613 2029/2613/617
f 2029/2613/617 2141/2763/613 2035/2622/612
f 2029/2613/617 2035/2622/612 1828/2351/618
f 2035/2622/612 2002/2577/607 1828/2351/618
f 2029/2613/617 1828/2351/618 1678/2171/619
f 2029/2613/617 1678/2171/619 2092/2697/616
f 1564/2026/620 1678/2171/619 1828/2351/618
f 1528/1975/609 1828/2351/618 2002/2577/607
f 1828/2351/618 1528/1975/609 1564/2026/620
f 1678/2171/619 1897/2446/621 2092/2697/616
f 1897/2446/621 1990/2558/622 2092/2697/616
f 1990/2558/622 2312/2979/623 2092/2697/616
f 2092/2697/616 2312/2979/623 2162/2787/615
f 2363/3048/624 2312/2979/623 2287/2950/625
f 1997/2568/626 2287/2950/625 2312/2979/623
f 1997/2568/626 2312/2979/623 1990/2558/622
f 2363/3048/624 2287/2950/625 2201/2835/627
f 2363/3048/624 2201/2835/627 2452/3167/628
f 1541/1995/482 2201/2835/627 2287/2950/625
f 1997/2568/626 1403/1821/477 1527/1974/629
f 1997/2568/626 1541/1995/482 2287/2950/625
f 1541/1995/482 1997/2568/626 1143/1483/480
f 1997/2568/626 1527/1974/629 1143/1483/480
f 1403/1821/477 1997/2568/626 1990/2558/622
f 1149/1493/478 1527/1974/629 1403/1821/477
f 1990/2558/622 1897/2446/621 1403/1821/477
f 1253/1621/475 1403/1821/477 1897/2446/621
f 1897/2446/621 1678/2171/619 1253/1621/475
f 1253/1621/475 1678/2171/619 1189/1543/473
f 1678/2171/619 1564/2026/620 1189/1543/473
f 1342/1737/470 1189/1543/473 1564/2026/620
f 1131/1466/466 1342/1737/470 1528/1975/609
f 1528/1975/609 1342/1737/470 1564/2026/620
f 2058/2649/594 1826/2349/583 2166/2791/595
f 2058/2649/594 2166/2791/595 2118/2730/596
f 2058/2649/594 2118/2730/596 1957/2517/588
f 2020/2602/593 1957/2517/588 2073/2669/630
f 2020/2602/593 2099/2706/631 1988/2556/592
f 1988/2556/592 2099/2706/631 2096/2702/632
f 2020/2602/593 2073/2669/630 2099/2706/631
f 2096/2702/632 2099/2706/631 2231/2877/633
f 2099/2706/631 2073/2669/630 2231/2877/633
f 2231/2877/633 2073/2669/630 2264/2915/634
f 2073/2669/630 1957/2517/588 2137/2759/599
f 2073/2669/630 2137/2759/599 2264/2915/634
f 1957/2517/588 2118/2730/596 2137/2759/599
f 2137/2759/599 2118/2730/596 2182/2811/597
f 2137/2759/599 2153/2776/598 2160/2785/635
f 2143/2765/611 2160/2785/635 2153/2776/598
f 2160/2785/635 2143/2765/611 2250/2897/614
f 2143/2765/611 2153/2776/598 2002/2577/607
f 2161/2786/636 2153/2776/598 2170/2797/601
f 2161/2786/636 2170/2797/601 2002/2577/607
f 2161/2786/636 2002/2577/607 2153/2776/598
f 2170/2797/601 2269/2922/600 2263/2914/602
f 1956/2516/590 2019/2601/637 1102/1427/591
f 1102/1427/591 1904/2454/638 1232/1596/639
f 1904/2454/638 1102/1427/591 2019/2601/637
f 1232/1596/639 1904/2454/638 1786/2300/640
f 2019/2601/637 1956/2516/590 2188/2818/641
f 2188/2818/641 1956/2516/590 2265/2916/642
f 2019/2601/637 2188/2818/641 1904/2454/638
f 1408/1827/643 1786/2300/640 1327/1720/644
f 1786/2300/640 1953/2513/645 1327/1720/644
f 1327/1720/644 1953/2513/645 1860/2397/646
f 1953/2513/645 2128/2747/647 1860/2397/646
f 1860/2397/646 2128/2747/647 2194/2827/648
f 2149/2771/649 1860/2397/646 2194/2827/648
f 2149/2771/649 2194/2827/648 2155/2778/650
f 2155/2778/650 2194/2827/648 2241/2888/651
f 2034/2620/652 2149/2771/649 2155/2778/650
f 2108/2718/653 2034/2620/652 2155/2778/650
f 2034/2620/652 2108/2718/653 1740/2245/654
f 1644/2129/655 1740/2245/654 1813/2332/656
f 959/1234/491 1367/1770/490 1644/2129/655
f 1489/1927/657 959/1234/491 1644/2129/655
f 959/1234/491 1489/1927/657 1108/1437/489
f 1108/1437/489 1489/1927/657 1297/1682/488
f 1489/1927/657 1644/2129/655 1813/2332/656
f 1489/1927/657 1472/1907/658 1297/1682/488
f 1472/1907/658 1489/1927/657 1470/1904/659
f 1472/1907/658 1470/1904/659 1297/1682/488
f 1297/1682/488 1470/1904/659 1370/1776/486
f 1370/1776/486 1470/1904/659 1764/2276/660
f 1101/1426/481 1361/1761/485 1541/1995/482
f 1361/1761/485 1370/1776/486 1764/2276/660
f 1888/2433/661 1470/1904/659 1489/1927/657
f 1470/1904/659 1888/2433/661 1764/2276/660
f 1888/2433/661 1489/1927/657 1813/2332/656
f 2087/2691/662 1813/2332/656 1740/2245/654
f 1813/2332/656 2087/2691/662 2103/2711/663
f 1888/2433/661 1813/2332/656 2103/2711/663
f 1764/2276/660 1888/2433/661 2103/2711/663
f 2103/2711/663 2095/2701/664 1764/2276/660
f 1764/2276/660 2095/2701/664 1541/1995/482
f 2201/2835/627 1541/1995/482 2095/2701/664
f 2095/2701/664 2103/2711/663 2179/2808/665
f 2095/2701/664 2385/3077/666 2201/2835/627
f 2095/2701/664 2179/2808/665 2385/3077/666
f 2241/2888/651 2108/2718/653 2155/2778/650
f 1740/2245/654 2108/2718/653 2087/2691/662
f 2087/2691/662 2108/2718/653 2241/2888/651
f 2087/2691/662 2241/2888/651 2179/2808/665
f 2087/2691/662 2179/2808/665 2103/2711/663
f 982/1263/537 1135/1472/544 1102/1427/591
f 1102/1427/591 1232/1596/639 801/1029/534
f 1102/1427/591 599/765/535 982/1263/537
f 1231/1595/667 883/1135/533 801/1029/534
f 883/1135/533 1198/1554/668 861/1108/532
f 977/1256/669 1198/1554/668 1327/1720/644
f 1408/1827/643 1198/1554/668 1231/1595/667
f 1198/1554/668 883/1135/533 1231/1595/667
f 599/765/535 1102/1427/591 801/1029/534
f 801/1029/534 1232/1596/639 1231/1595/667
f 1408/1827/643 1232/1596/639 1786/2300/640
f 1408/1827/643 1231/1595/667 1232/1596/639
f 2188/2818/641 2295/2959/670 1904/2454/638
f 1904/2454/638 1953/2513/645 1786/2300/640
f 1953/2513/645 1904/2454/638 2295/2959/670
f 2128/2747/647 1953/2513/645 2295/2959/670
f 2128/2747/647 2295/2959/670 2194/2827/648
f 2393/3087/671 2241/2888/651 2194/2827/648
f 2393/3087/671 2194/2827/648 2295/2959/670
f 2188/2818/641 2393/3087/671 2295/2959/670
f 2265/2916/642 2376/3065/672 2188/2818/641
f 2231/2877/633 2376/3065/672 2265/2916/642
f 2376/3065/672 2231/2877/633 2322/2991/673
f 2364/3049/674 2376/3065/672 2322/2991/673
f 2312/2979/623 2364/3049/674 2322/2991/673
f 2312/2979/623 2322/2991/673 2162/2787/615
f 2162/2787/615 2322/2991/673 2250/2897/614
f 2137/2759/599 2160/2785/635 2264/2915/634
f 2264/2915/634 2160/2785/635 2250/2897/614
f 2264/2915/634 2250/2897/614 2322/2991/673
f 2264/2915/634 2322/2991/673 2231/2877/633
f 2231/2877/633 2265/2916/642 2096/2702/632
f 2096/2702/632 2265/2916/642 1956/2516/590
f 2096/2702/632 1956/2516/590 1988/2556/592
f 1143/1483/480 1527/1974/629 1149/1493/478
f 1541/1995/482 1361/1761/485 1764/2276/660
f 2385/3077/666 2452/3167/628 2201/2835/627
f 2241/2888/651 2385/3077/666 2179/2808/665
f 2241/2888/651 2393/3087/671 2385/3077/666
f 2385/3077/666 2393/3087/671 2452/3167/628
f 2363/3048/624 2452/3167/628 2312/2979/623
f 2364/3049/674 2312/2979/623 2452/3167/628
f 2452/3167/628 2393/3087/671 2534/3267/675
f 2364/3049/674 2452/3167/628 2534/3267/675
f 2376/3065/672 2364/3049/674 2534/3267/675
f 2393/3087/671 2188/2818/641 2534/3267/675
f 2534/3267/675 2188/2818/641 2376/3065/672
f 1408/1827/643 1327/1720/644 1198/1554/668
f 977/1256/669 861/1108/532 1198/1554/668
f 861/1108/532 977/1256/669 781/1002/676
f 781/1002/676 916/1182/677 712/916/678
f 712/916/678 916/1182/677 914/1178/679
f 914/1178/679 916/1182/677 1174/1524/680
f 1274/1653/681 1174/1524/680 916/1182/677
f 1708/2209/682 1174/1524/680 1274/1653/681
f 1174/1524/680 1708/2209/682 1632/2115/683
f 1632/2115/683 1708/2209/682 1879/2420/684
f 1879/2420/684 1708/2209/682 1921/2473/685
f 1879/2420/684 1921/2473/685 1937/2493/686
f 2025/2608/687 1921/2473/685 1708/2209/682
f 1708/2209/682 1274/1653/681 1779/2292/688
f 1779/2292/688 1274/1653/681 1327/1720/644
f 1779/2292/688 1327/1720/644 1860/2397/646
f 2025/2608/687 1708/2209/682 1779/2292/688
f 2025/2608/687 1779/2292/688 2094/2699/689
f 1860/2397/646 2094/2699/689 1779/2292/688
f 2094/2699/689 1860/2397/646 2149/2771/649
f 977/1256/669 1327/1720/644 1274/1653/681
f 977/1256/669 1274/1653/681 916/1182/677
f 977/1256/669 916/1182/677 781/1002/676
f 645/830/557 561/717/565 667/860/568
f 667/860/568 561/717/565 523/667/566
f 2878/3716/145 3079/3973/334 3199/4124/148
f 3194/4117/149 3190/4111/147 3222/4153/130
f 3190/4111/147 3199/4124/148 3260/4203/127
f 3190/4111/147 3260/4203/127 3222/4153/130
f 1170/1520/173 1110/1440/176 1204/1561/172
f 1110/1440/176 1045/1357/690 1204/1561/172
f 1322/1713/170 1204/1561/172 1448/1877/691
f 1322/1713/170 1448/1877/691 1501/1943/167
f 1045/1357/690 1448/1877/691 1204/1561/172
f 1045/1357/690 1218/1580/692 1448/1877/691
f 1612/2089/693 1448/1877/691 1461/1891/694
f 1448/1877/691 1218/1580/692 1461/1891/694
f 1448/1877/691 1612/2089/693 1664/2155/695
f 1501/1943/167 1448/1877/691 1664/2155/695
f 1501/1943/167 1664/2155/695 1844/2376/165
f 1844/2377/165 1664/2155/695 2125/2743/162
f 2125/2743/162 1664/2155/695 2126/2744/696
f 1612/2089/693 2126/2744/696 1664/2155/695
f 988/1272/175 1045/1357/690 1110/1440/176
f 1461/1891/694 1218/1580/692 1427/1851/610
f 1218/1580/692 1004/1300/465 1427/1851/610
f 891/1145/461 1004/1300/465 1218/1580/692
f 891/1145/461 1218/1580/692 1045/1357/690
f 1427/1851/610 1528/1976/609 1970/2534/608
f 2356/3040/697 2114/2726/606 2343/3024/605
f 2002/2578/607 2114/2726/606 1970/2534/608
f 1970/2534/608 1969/2532/698 1427/1851/610
f 1969/2532/698 1461/1891/694 1427/1851/610
f 1612/2089/693 1461/1891/694 1969/2532/698
f 2358/3042/699 1969/2532/698 1970/2534/608
f 2471/3196/700 2479/3205/701 2561/3307/184
f 2561/3307/184 2479/3205/701 2552/3295/187
f 2561/3307/184 2651/3417/182 2471/3196/700
f 2500/3229/163 2125/2743/162 2126/2744/696
f 2125/2743/162 2283/2946/164 1844/2377/165
f 2126/2744/696 2358/3042/699 2500/3229/163
f 1969/2532/698 2358/3042/699 2126/2744/696
f 905/1166/209 1045/1357/690 988/1272/175
f 1045/1357/690 905/1166/209 891/1145/461
f 1427/1851/610 1004/1300/465 1131/1467/466
f 2500/3229/163 2471/3196/700 2651/3417/182
f 2471/3196/700 2500/3229/163 2358/3042/699
f 2126/2744/696 1612/2089/693 1969/2532/698
f 2343/3024/605 2389/3083/200 2398/3093/192
f 2343/3024/605 2398/3093/192 2356/3040/697
f 2114/2726/606 2356/3040/697 2372/3061/702
f 2356/3040/697 2398/3093/192 2436/3145/191
f 2356/3040/697 2436/3145/191 2372/3061/702
f 2436/3145/191 2386/3078/703 2372/3061/702
f 2386/3078/703 2114/2726/606 2372/3061/702
f 2114/2726/606 2386/3078/703 2358/3042/699
f 2358/3042/699 1970/2534/608 2114/2726/606
f 2453/3168/704 2358/3042/699 2386/3078/703
f 2471/3196/700 2358/3042/699 2453/3168/704
f 2471/3196/700 2453/3168/704 2479/3205/701
f 2453/3168/704 2552/3295/187 2479/3205/701
f 2474/3200/189 2552/3295/187 2453/3168/704
f 2453/3168/704 2386/3078/703 2474/3200/189
f 2474/3200/189 2386/3078/703 2436/3145/191
f 659/847/527 861/1109/532 781/1003/676
f 474/607/705 580/743/706 684/879/707
f 406/518/708 474/607/705 684/879/707
f 316/413/709 474/607/705 406/518/708
f 316/413/709 388/497/710 474/607/705
f 491/630/711 580/743/706 474/607/705
f 474/607/705 388/497/710 491/630/711
f 388/497/710 276/366/712 368/472/713
f 437/561/714 368/472/713 394/503/715
f 368/472/713 345/445/716 394/503/715
f 409/522/717 345/445/716 371/476/718
f 345/445/716 409/522/717 394/503/715
f 394/503/715 409/522/717 459/590/719
f 371/476/718 345/445/716 300/393/720
f 371/476/718 300/393/720 330/429/721
f 371/476/718 330/429/721 377/484/722
f 276/366/712 345/445/716 368/472/713
f 345/445/716 276/366/712 300/393/720
f 276/366/712 388/497/710 316/413/709
f 300/393/720 276/366/712 258/346/723
f 300/393/720 258/346/723 330/429/721
f 409/522/717 371/476/718 442/567/724
f 442/567/724 371/476/718 377/484/722
f 377/484/722 468/600/725 418/538/726
f 377/484/722 418/538/726 442/567/724
f 377/484/722 330/429/721 378/485/727
f 284/374/728 378/485/727 330/429/721
f 284/374/728 330/429/721 258/346/723
f 284/374/728 258/346/723 236/320/729
f 236/320/729 258/346/723 296/389/730
f 296/389/730 258/346/723 316/413/709
f 236/320/729 216/295/731 221/302/732
f 316/413/709 258/346/723 276/366/712
f 316/413/709 372/477/733 296/389/730
f 236/320/729 296/389/730 216/295/731
f 216/295/731 296/389/730 268/358/734
f 252/338/735 216/295/731 268/358/734
f 208/286/736 216/295/731 252/338/735
f 216/295/731 208/286/736 205/283/737
f 207/285/738 208/286/736 252/338/735
f 268/358/734 296/389/730 301/394/739
f 252/338/735 268/358/734 183/260/740
f 252/338/735 183/260/740 207/285/738
f 268/358/734 301/394/739 241/325/741
f 241/325/741 183/260/740 268/358/734
f 241/325/741 189/266/742 183/260/740
f 272/362/743 241/325/741 301/394/739
f 241/325/741 272/362/743 189/266/742
f 183/260/740 189/266/742 156/227/744
f 156/227/744 189/266/742 42/67/745
f 42/67/745 189/266/742 184/261/746
f 165/237/747 42/67/745 184/261/746
f 184/261/746 189/266/742 272/362/743
f 184/261/746 272/362/743 293/384/748
f 165/237/747 184/261/746 293/384/748
f 165/237/747 82/125/749 42/67/745
f 27/45/750 82/125/749 93/141/751
f 93/141/751 82/125/749 285/375/752
f 82/125/749 165/237/747 314/410/753
f 82/125/749 314/410/753 379/486/754
f 82/125/749 379/486/754 285/375/752
f 398/508/755 387/495/756 532/676/757
f 285/375/752 387/495/756 93/141/751
f 47/74/758 93/141/751 62/95/759
f 611/780/760 623/803/526 530/674/761
f 577/740/519 623/803/526 611/780/760
f 603/770/517 577/740/519 611/780/760
f 603/770/517 611/780/760 663/854/516
f 611/780/760 530/674/761 678/873/762
f 678/873/762 530/674/761 576/738/763
f 678/873/762 576/738/763 791/1015/764
f 678/873/762 791/1015/764 742/957/500
f 678/873/762 742/957/500 675/870/511
f 678/873/762 675/870/511 663/854/516
f 611/780/760 678/873/762 663/854/516
f 580/743/706 491/630/711 712/917/678
f 491/630/711 607/775/765 712/917/678
f 533/679/766 712/917/678 607/775/765
f 607/775/765 536/682/767 533/679/766
f 536/682/767 607/775/765 520/664/768
f 520/664/768 607/775/765 491/630/711
f 712/917/678 533/679/766 781/1003/676
f 659/847/527 781/1003/676 533/679/766
f 659/847/527 533/679/766 623/803/526
f 533/679/766 530/674/761 623/803/526
f 530/674/761 505/646/769 576/738/763
f 791/1015/764 576/738/763 803/1031/770
f 803/1031/770 576/738/763 682/877/771
f 682/877/771 672/866/772 1049/1361/773
f 1111/1441/774 682/877/771 1049/1361/773
f 791/1015/764 803/1031/770 1103/1428/775
f 1103/1428/775 803/1031/770 682/877/771
f 1103/1428/775 1303/1691/776 1145/1486/493
f 1373/1780/777 1367/1771/490 1145/1486/493
f 1303/1691/776 1373/1780/777 1145/1486/493
f 1095/1417/494 791/1015/764 1145/1486/493
f 1095/1417/494 1100/1424/495 976/1255/778
f 976/1255/778 1100/1424/495 990/1277/496
f 1095/1417/494 976/1255/778 791/1015/764
f 976/1255/778 990/1277/496 846/1084/499
f 976/1255/778 846/1084/499 791/1015/764
f 1145/1486/493 791/1015/764 1103/1428/775
f 791/1015/764 846/1084/499 742/957/500
f 533/679/766 536/682/767 505/646/769
f 533/679/766 505/646/769 530/674/761
f 570/729/779 576/738/763 505/646/769
f 672/866/772 682/877/771 576/738/763
f 576/738/763 558/712/780 672/866/772
f 796/1021/781 672/866/772 593/758/782
f 672/866/772 796/1021/781 819/1052/783
f 867/1117/784 672/866/772 819/1052/783
f 782/1004/785 867/1117/784 819/1052/783
f 868/1118/786 867/1117/784 782/1004/785
f 672/866/772 867/1117/784 949/1220/787
f 949/1220/787 867/1117/784 868/1118/786
f 868/1118/786 782/1004/785 681/876/788
f 672/866/772 949/1220/787 1049/1361/773
f 681/876/788 991/1278/789 1038/1349/790
f 681/876/788 1038/1349/790 868/1118/786
f 681/876/788 155/226/791 893/1148/792
f 353/453/793 681/876/788 782/1004/785
f 752/969/794 353/453/793 782/1004/785
f 593/758/782 353/453/793 752/969/794
f 155/226/791 353/453/793 110/164/795
f 11/17/796 110/164/795 81/124/797
f 30/50/798 11/17/796 81/124/797
f 11/17/796 30/50/798 3762/4881/799
f 11/17/796 56/89/800 110/164/795
f 110/164/795 56/89/800 155/226/791
f 681/876/788 353/453/793 155/226/791
f 155/226/791 102/152/801 587/751/802
f 155/226/791 56/89/800 45/71/803
f 102/152/801 155/226/791 45/71/803
f 56/89/800 11/17/796 45/71/803
f 45/71/803 11/17/796 3747/4859/804
f 102/152/801 45/71/803 114/168/805
f 114/168/805 45/71/803 77/117/806
f 77/117/806 83/126/807 114/168/805
f 44/69/808 83/126/807 77/117/806
f 44/69/808 9/15/809 3742/4851/810
f 9/15/809 44/69/808 77/117/806
f 3757/4874/811 9/15/809 45/71/803
f 9/15/809 3757/4874/811 3789/4919/812
f 9/15/809 3789/4919/812 3742/4851/810
f 3747/4859/804 3757/4874/811 45/71/803
f 45/71/803 9/15/809 77/117/806
f 570/729/779 505/646/769 520/664/768
f 576/738/763 570/729/779 558/712/780
f 570/729/779 520/664/768 558/712/780
f 520/664/768 505/646/769 536/682/767
f 520/664/768 466/598/813 558/712/780
f 558/712/780 537/683/814 672/866/772
f 672/866/772 537/683/814 593/758/782
f 593/758/782 537/683/814 676/871/815
f 537/683/814 585/749/816 676/871/815
f 558/712/780 466/598/813 537/683/814
f 585/749/816 537/683/814 435/558/817
f 435/558/817 537/683/814 463/594/818
f 463/594/818 537/683/814 466/598/813
f 437/561/714 466/598/813 520/664/768
f 437/561/714 520/664/768 491/630/711
f 437/561/714 491/630/711 368/472/713
f 388/497/710 368/472/713 491/630/711
f 463/594/818 466/598/813 437/561/714
f 437/561/714 394/503/715 459/590/719
f 437/561/714 459/590/719 463/594/818
f 463/594/818 459/590/719 435/558/817
f 435/558/817 459/590/719 409/522/717
f 409/522/717 366/470/819 435/558/817
f 409/522/717 442/567/724 366/470/819
f 366/470/819 442/567/724 358/460/820
f 358/460/820 442/567/724 418/538/726
f 435/558/817 366/470/819 125/182/821
f 435/558/817 125/182/821 110/164/795
f 579/742/822 435/558/817 353/453/793
f 579/742/822 353/453/793 649/834/823
f 353/453/793 435/558/817 110/164/795
f 649/834/823 353/453/793 593/758/782
f 585/749/816 579/742/822 649/834/823
f 579/742/822 585/749/816 435/558/817
f 676/871/815 585/749/816 649/834/823
f 676/871/815 649/834/823 593/758/782
f 796/1021/781 593/758/782 752/969/794
f 796/1021/781 809/1037/824 819/1052/783
f 796/1021/781 752/969/794 809/1037/824
f 809/1037/824 752/969/794 782/1004/785
f 809/1037/824 782/1004/785 819/1052/783
f 406/518/708 372/477/733 316/413/709
f 296/389/730 372/477/733 341/441/825
f 372/477/733 359/461/826 341/441/825
f 296/389/730 341/441/825 301/394/739
f 272/362/743 301/394/739 341/441/825
f 293/384/748 272/362/743 341/441/825
f 165/237/747 293/384/748 314/410/753
f 293/384/748 380/487/827 314/410/753
f 380/487/827 293/384/748 356/457/828
f 356/457/828 293/384/748 341/441/825
f 379/486/754 314/410/753 380/487/827
f 380/487/827 356/457/828 359/461/826
f 359/461/826 356/457/828 341/441/825
f 425/546/829 380/487/827 359/461/826
f 380/487/827 425/546/829 379/486/754
f 425/546/829 359/461/826 472/604/830
f 472/604/830 359/461/826 372/477/733
f 425/546/829 486/622/831 440/565/832
f 425/546/829 440/565/832 379/486/754
f 379/486/754 440/565/832 486/622/831
f 379/486/754 486/622/831 285/375/752
f 486/622/831 425/546/829 387/495/756
f 285/375/752 486/622/831 387/495/756
f 556/709/833 387/495/756 472/604/830
f 472/604/830 387/495/756 425/546/829
f 387/495/756 556/709/833 532/676/757
f 377/484/722 378/485/727 302/395/834
f 377/484/722 302/395/834 423/543/835
f 377/484/722 423/543/835 468/600/725
f 468/600/725 423/543/835 418/538/726
f 418/538/726 423/543/835 344/444/836
f 418/538/726 344/444/836 358/460/820
f 302/395/834 344/444/836 423/543/835
f 358/460/820 344/444/836 292/383/837
f 344/444/836 302/395/834 259/347/838
f 344/444/836 259/347/838 292/383/837
f 295/388/839 358/460/820 292/383/837
f 358/460/820 295/388/839 366/470/819
f 267/357/840 259/347/838 302/395/834
f 267/357/840 212/290/841 259/347/838
f 267/357/840 302/395/834 378/485/727
f 212/290/841 267/357/840 378/485/727
f 178/252/842 212/290/841 378/485/727
f 76/116/843 259/347/838 212/290/841
f 171/243/844 259/347/838 76/116/843
f 259/347/838 171/243/844 292/383/837
f 292/383/837 171/243/844 295/388/839
f 212/290/841 178/252/842 76/116/843
f 125/182/821 171/243/844 76/116/843
f 178/252/842 154/225/845 76/116/843
f 154/225/845 178/252/842 378/485/727
f 154/225/845 378/485/727 284/374/728
f 113/167/846 3/5/847 76/116/843
f 76/116/843 3/5/847 30/50/798
f 3/5/847 3753/4868/848 3781/4906/849
f 3753/4868/848 3/5/847 58/91/850
f 113/167/846 58/91/850 3/5/847
f 58/91/850 113/167/846 124/181/851
f 124/181/851 115/169/852 58/91/850
f 115/169/852 129/188/853 97/147/854
f 115/169/852 97/147/854 58/91/850
f 58/91/850 97/147/854 3752/4866/855
f 3753/4868/848 58/91/850 3752/4866/855
f 27/45/750 8/13/856 82/125/749
f 82/125/749 8/13/856 42/67/745
f 87/133/857 42/67/745 8/13/856
f 8/13/856 97/147/854 87/133/857
f 8/13/856 3752/4866/855 97/147/854
f 236/320/729 244/329/858 284/374/728
f 244/329/858 236/320/729 221/302/732
f 284/374/728 244/329/858 219/299/859
f 219/299/859 244/329/858 221/302/732
f 219/299/859 221/302/732 205/283/737
f 205/283/737 221/302/732 216/295/731
f 284/374/728 219/299/859 154/225/845
f 205/283/737 206/284/860 219/299/859
f 219/299/859 206/284/860 154/225/845
f 206/284/860 205/283/737 207/285/738
f 207/285/738 205/283/737 208/286/736
f 207/285/738 183/260/740 159/230/861
f 207/285/738 159/230/861 206/284/860
f 159/230/861 183/260/740 156/227/744
f 159/230/861 148/217/862 206/284/860
f 148/217/862 159/230/861 156/227/744
f 156/227/744 42/67/745 131/190/863
f 131/190/863 148/217/862 156/227/744
f 87/133/857 131/190/863 42/67/745
f 131/190/863 87/133/857 97/147/854
f 131/190/863 97/147/854 129/188/853
f 148/217/862 129/188/853 115/169/852
f 129/188/853 148/217/862 131/190/863
f 206/284/860 148/217/862 115/169/852
f 206/284/860 115/169/852 124/181/851
f 206/284/860 124/181/851 154/225/845
f 154/225/845 113/167/846 76/116/843
f 154/225/845 124/181/851 113/167/846
f 4502/5814/864 4423/5714/865 4455/5755/866
f 4502/5814/864 4455/5755/866 4472/5776/867
f 4538/5859/868 4502/5814/864 4472/5776/867
f 4472/5776/867 4465/5767/869 4538/5859/868
f 4538/5859/868 4465/5767/869 4550/5874/870
f 4550/5874/870 4465/5767/869 4522/5837/871
f 4522/5837/871 4521/5836/872 4542/5864/873
f 4542/5864/873 4521/5836/872 4512/5825/874
f 4512/5825/874 4553/5877/875 4542/5864/873
f 4553/5877/875 4512/5825/874 4525/5841/876
f 4542/5864/873 4553/5877/875 4564/5889/877
f 4564/5889/877 4553/5877/875 4525/5841/876
f 4542/5864/873 4564/5889/877 4569/5896/878
f 4542/5864/873 4569/5896/878 4522/5837/871
f 4543/5865/879 4525/5841/876 4450/5749/880
f 4525/5841/876 4543/5865/879 4579/5906/881
f 4564/5889/877 4525/5841/876 4579/5906/881
f 4564/5889/877 4579/5906/881 4583/5911/882
f 4564/5889/877 4583/5911/882 4569/5896/878
f 4583/5911/882 4579/5906/881 4597/5929/883
f 4543/5865/879 4450/5749/880 4585/5913/884
f 4450/5749/880 4525/5841/876 4444/5741/885
f 4543/5865/879 4585/5913/884 4616/5954/886
f 4579/5906/881 4543/5865/879 4597/5929/883
f 4543/5865/879 4607/5943/887 4597/5929/883
f 4607/5943/887 4543/5865/879 4620/5959/888
f 4620/5959/888 4543/5865/879 4622/5961/889
f 4622/5961/889 4543/5865/879 4616/5954/886
f 4622/5961/889 4629/5970/890 4620/5959/888
f 4620/5959/888 4629/5970/890 4596/5928/891
f 4596/5928/891 4629/5970/890 4581/5909/892
f 4620/5959/888 4596/5928/891 4607/5943/887
f 4597/5929/883 4607/5943/887 4583/5911/882
f 4583/5911/882 4607/5943/887 4596/5928/891
f 4583/5911/882 4596/5928/891 4550/5874/870
f 4550/5874/870 4596/5928/891 4581/5909/892
f 4550/5874/870 4569/5896/878 4583/5911/882
f 4550/5874/870 4581/5909/892 4538/5859/868
f 4538/5859/868 4581/5909/892 4612/5949/893
f 4627/5967/894 4612/5949/893 4581/5909/892
f 4612/5949/893 4627/5967/894 4631/5974/895
f 4612/5949/893 4631/5974/895 4580/5907/896
f 4538/5859/868 4612/5949/893 4580/5907/896
f 4580/5907/896 4502/5814/864 4538/5859/868
f 4256/5512/897 4365/5644/898 4406/5690/899
f 4365/5644/898 4256/5512/897 4227/5478/900
f 4227/5478/900 4256/5512/897 4051/5256/901
f 4365/5644/898 4376/5656/902 4428/5722/903
f 4428/5722/903 4455/5755/866 4365/5644/898
f 4455/5755/866 4428/5722/903 4472/5776/867
f 4406/5690/899 4365/5644/898 4455/5755/866
f 4550/5874/870 4522/5837/871 4569/5896/878
f 4635/5979/904 4627/5967/894 4581/5909/892
f 4635/5979/904 4581/5909/892 4629/5970/890
f 4635/5979/904 4631/5974/895 4627/5967/894
f 4635/5979/904 4645/5996/905 4631/5974/895
f 4635/5979/904 4629/5970/890 4645/5996/905
f 4645/5996/905 4629/5970/890 4622/5961/889
f 4645/5996/905 4622/5961/889 4647/5999/906
f 4622/5961/889 4616/5954/886 4647/5999/906
f 4647/5999/906 4616/5954/886 4657/6013/907
f 4585/5913/884 4651/6006/908 4616/5954/886
f 4651/6006/908 4585/5913/884 4661/6017/909
f 4661/6017/909 4585/5913/884 4561/5886/910
f 4661/6017/909 4561/5886/910 4610/5946/911
f 4631/5974/895 4646/5997/912 4580/5907/896
f 4701/6076/913 4707/6084/914 4695/6067/915
f 4701/6076/913 4695/6067/915 4690/6060/916
f 4690/6060/916 4698/6072/917 4701/6076/913
f 4700/6075/918 4701/6076/913 4698/6072/917
f 4701/6076/913 4700/6075/918 4713/6090/919
f 4708/6085/920 4701/6076/913 4713/6090/919
f 4713/6090/919 4700/6075/918 4712/6089/921
f 4708/6085/920 4713/6090/919 4723/6102/922
f 4717/6095/923 4712/6089/921 4700/6075/918
f 4717/6095/923 4700/6075/918 4704/6080/924
f 4717/6095/923 4704/6080/924 4725/6105/925
f 4713/6090/919 4712/6089/921 4726/6106/926
f 4723/6102/922 4713/6090/919 4726/6106/926
f 4729/6109/927 4726/6106/926 4712/6089/921
f 4729/6109/927 4712/6089/921 4717/6095/923
f 4729/6109/927 4717/6095/923 4725/6105/925
f 4726/6106/926 4734/6117/928 4723/6102/922
f 4723/6102/922 4734/6117/928 4738/6122/929
f 4739/6123/930 4734/6117/928 4726/6106/926
f 4739/6123/930 4726/6106/926 4729/6109/927
f 4739/6123/930 4729/6109/927 4741/6125/931
f 4741/6125/931 4729/6109/927 4725/6105/925
f 4651/6006/908 4661/6017/909 4704/6080/924
f 4651/6006/908 4704/6080/924 4698/6072/917
f 4698/6072/917 4690/6060/916 4651/6006/908
f 4695/6067/915 4672/6033/932 4690/6060/916
f 4651/6006/908 4690/6060/916 4691/6061/933
f 4657/6013/907 4651/6006/908 4691/6061/933
f 4616/5954/886 4651/6006/908 4657/6013/907
f 4657/6013/907 4670/6031/934 4647/5999/906
f 4645/5996/905 4647/5999/906 4660/6016/935
f 4645/5996/905 4660/6016/935 4652/6007/936
f 4645/5996/905 4652/6007/936 4631/5974/895
f 4631/5974/895 4652/6007/936 4673/6034/937
f 4660/6016/935 4672/6033/932 4652/6007/936
f 4660/6016/935 4647/5999/906 4671/6032/938
f 4660/6016/935 4671/6032/938 4672/6033/932
f 4647/5999/906 4670/6031/934 4671/6032/938
f 4671/6032/938 4670/6031/934 4680/6047/939
f 4672/6033/932 4671/6032/938 4680/6047/939
f 4670/6031/934 4657/6013/907 4687/6055/940
f 4687/6055/940 4657/6013/907 4691/6061/933
f 4691/6061/933 4690/6060/916 4687/6055/940
f 4670/6031/934 4687/6055/940 4680/6047/939
f 4687/6055/940 4690/6060/916 4680/6047/939
f 4672/6033/932 4680/6047/939 4690/6060/916
f 4672/6033/932 4695/6067/915 4707/6084/914
f 4673/6034/937 4672/6033/932 4707/6084/914
f 4672/6033/932 4673/6034/937 4652/6007/936
f 4707/6084/914 4646/5997/912 4631/5974/895
f 4673/6034/937 4707/6084/914 4631/5974/895
f 4736/6120/941 4752/6145/942 4646/5997/912
f 4803/6201/943 4752/6144/942 4771/6167/944
f 4803/6201/943 4797/6193/945 4828/6228/946
f 4707/6084/914 4736/6120/941 4646/5997/912
f 4708/6085/920 4707/6084/914 4701/6076/913
f 4707/6084/914 4708/6085/920 4723/6102/922
f 4736/6120/941 4707/6084/914 4723/6102/922
f 4723/6102/922 4738/6122/929 4736/6120/941
f 4738/6122/929 4734/6117/928 4739/6123/930
f 4738/6122/929 4739/6123/930 4747/6135/947
f 4747/6135/947 4739/6123/930 4749/6137/948
f 4749/6137/948 4739/6123/930 4748/6136/949
f 4748/6136/949 4739/6123/930 4741/6125/931
f 4754/6149/950 4748/6136/949 4741/6125/931
f 4756/6151/951 4754/6149/950 4741/6125/931
f 4733/6116/952 4741/6125/931 4725/6105/925
f 4725/6105/925 4661/6017/909 4733/6116/952
f 4661/6017/909 4725/6105/925 4704/6080/924
f 4733/6116/952 4661/6017/909 4610/5946/911
f 4679/6046/953 4733/6116/952 4610/5946/911
f 4610/5946/911 4561/5886/910 4577/5904/954
f 4577/5904/954 4561/5886/910 4475/5780/955
f 4561/5886/910 4463/5765/956 4475/5780/955
f 4463/5765/956 4561/5886/910 4450/5749/880
f 4450/5749/880 4561/5886/910 4585/5913/884
f 4640/5989/957 4610/5946/911 4577/5904/954
f 4454/5753/958 4475/5780/955 4437/5734/959
f 4437/5734/959 4475/5780/955 4463/5765/956
f 4334/5608/960 4427/5720/961 4437/5734/959
f 4529/5847/962 4475/5780/955 4496/5806/963
f 4679/6046/953 4610/5946/911 4640/5989/957
f 4577/5904/954 4475/5780/955 4529/5847/962
f 4797/6193/945 4803/6201/943 4771/6167/944
f 4752/6145/942 4736/6120/941 4771/6167/944
f 4736/6120/941 4738/6122/929 4747/6135/947
f 4763/6159/964 4771/6167/944 4747/6135/947
f 4747/6135/947 4771/6167/944 4736/6120/941
f 4759/6155/965 4747/6135/947 4749/6137/948
f 4759/6155/965 4749/6137/948 4748/6136/949
f 4747/6135/947 4759/6155/965 4763/6159/964
f 4748/6136/949 4754/6149/950 4762/6158/966
f 4748/6136/949 4762/6158/966 4759/6155/965
f 4763/6159/964 4759/6155/965 4767/6163/967
f 4771/6167/944 4763/6159/964 4767/6163/967
f 4828/6228/946 4797/6193/945 4788/6184/968
f 4825/6225/969 4828/6228/946 4788/6184/968
f 4808/6207/970 4788/6184/968 4798/6194/971
f 4808/6207/970 4798/6194/971 4804/6203/972
f 4809/6208/973 4808/6207/970 4804/6203/972
f 4808/6207/970 4809/6208/973 4815/6214/974
f 4815/6214/974 4809/6208/973 4804/6203/972
f 4788/6184/968 4808/6207/970 4816/6215/975
f 4808/6207/970 4815/6214/974 4817/6216/976
f 4808/6207/970 4817/6216/976 4816/6215/975
f 4788/6184/968 4816/6215/975 4825/6225/969
f 4816/6215/975 4817/6216/976 4822/6222/977
f 4822/6222/977 4817/6216/976 4827/6227/978
f 4838/6239/979 4817/6216/976 4818/6217/980
f 4827/6227/978 4817/6216/976 4838/6239/979
f 4817/6216/976 4815/6214/974 4818/6217/980
f 4818/6217/980 4815/6214/974 4804/6203/972
f 4777/6173/981 4794/6190/982 4790/6186/983
f 4793/6189/984 4790/6186/983 4794/6190/982
f 4777/6173/981 4790/6186/983 4773/6169/985
f 4794/6190/982 4777/6173/981 4776/6172/986
f 4794/6190/982 4776/6172/986 4818/6217/980
f 4816/6215/975 4822/6222/977 4825/6225/969
f 4827/6227/978 4838/6239/979 4835/6235/987
f 4827/6227/978 4835/6235/987 4822/6222/977
f 4825/6225/969 4822/6222/977 4831/6231/988
f 4831/6231/988 4822/6222/977 4835/6235/987
f 4832/6232/989 4825/6225/969 4831/6231/988
f 4828/6228/946 4825/6225/969 4832/6232/989
f 4839/6240/990 4831/6231/988 4835/6235/987
f 4855/6263/991 4835/6235/987 4838/6239/979
f 4838/6239/979 4818/6217/980 4776/6172/986
f 4838/6239/979 4783/6179/992 4859/6267/993
f 4835/6235/987 4855/6263/991 4847/6251/994
f 4838/6239/979 4859/6267/993 4855/6263/991
f 4831/6231/988 4839/6240/990 4841/6242/995
f 4832/6232/989 4831/6231/988 4842/6244/996
f 4842/6244/996 4831/6231/988 4841/6242/995
f 4832/6232/989 4842/6244/996 4852/6259/997
f 4832/6232/989 4852/6259/997 4828/6228/946
f 4828/6228/946 4852/6259/997 4803/6201/943
f 4870/6283/998 4803/6201/943 4852/6259/997
f 4839/6240/990 4835/6235/987 4847/6251/994
f 4841/6242/995 4839/6240/990 4847/6251/994
f 4859/6267/993 4847/6251/994 4855/6263/991
f 4852/6259/997 4842/6244/996 4848/6252/999
f 4848/6252/999 4842/6244/996 4841/6242/995
f 4861/6271/1000 4847/6251/994 4859/6267/993
f 4847/6251/994 4861/6271/1000 4850/6256/1001
f 4847/6251/994 4850/6256/1001 4841/6242/995
f 4472/5776/867 4428/5722/903 4465/5767/869
f 4465/5767/869 4428/5722/903 4376/5656/902
f 4416/5705/1002 4411/5700/1003 4379/5660/1004
f 4379/5660/1004 4411/5700/1003 4376/5656/902
f 4376/5656/902 4411/5700/1003 4465/5767/869
f 4465/5767/869 4411/5700/1003 4466/5768/1005
f 4466/5768/1005 4411/5700/1003 4467/5769/1006
f 4521/5836/872 4522/5837/871 4465/5767/869
f 4521/5836/872 4465/5767/869 4466/5768/1005
f 4467/5769/1006 4521/5836/872 4466/5768/1005
f 4521/5836/872 4467/5769/1006 4512/5825/874
f 4512/5825/874 4467/5769/1006 4494/5804/1007
f 4512/5825/874 4494/5804/1007 4444/5741/885
f 4512/5825/874 4444/5741/885 4525/5841/876
f 4494/5804/1007 4467/5769/1006 4444/5741/885
f 4407/5692/1008 4444/5741/885 4467/5769/1006
f 4416/5705/1002 4407/5692/1008 4467/5769/1006
f 4416/5705/1002 4467/5769/1006 4411/5700/1003
f 4407/5692/1008 4416/5705/1002 4341/5617/1009
f 4341/5617/1009 4416/5705/1002 4379/5660/1004
f 4379/5660/1004 4376/5656/902 4314/5584/1010
f 4376/5656/902 4365/5644/898 4227/5478/900
f 4376/5656/902 4227/5478/900 4314/5584/1010
f 4314/5584/1010 4336/5610/1011 4379/5660/1004
f 4379/5660/1004 4336/5610/1011 4341/5617/1009
f 4254/5510/1012 4336/5610/1011 4314/5584/1010
f 4341/5617/1009 4336/5610/1011 4235/5488/1013
f 4386/5670/1014 4407/5692/1008 4341/5617/1009
f 4386/5670/1014 4444/5741/885 4407/5692/1008
f 4450/5749/880 4444/5741/885 4386/5670/1014
f 4235/5488/1013 4386/5670/1014 4341/5617/1009
f 4274/5536/1015 4235/5488/1013 4187/5431/1016
f 4193/5438/1017 4187/5431/1016 4235/5488/1013
f 4244/5497/1018 4235/5488/1013 4336/5610/1011
f 4244/5497/1018 4336/5610/1011 4254/5510/1012
f 4314/5584/1010 4266/5525/1019 4254/5510/1012
f 4266/5525/1019 4314/5584/1010 4227/5478/900
f 4266/5525/1019 4227/5478/900 4100/5324/1020
f 4266/5525/1019 4100/5324/1020 4158/5392/1021
f 4266/5525/1019 4158/5392/1021 4254/5510/1012
f 4254/5510/1012 4158/5392/1021 4183/5426/1022
f 4186/5430/1023 4254/5510/1012 4183/5426/1022
f 4244/5497/1018 4254/5510/1012 4186/5430/1023
f 4235/5488/1013 4244/5497/1018 4193/5438/1017
f 4186/5430/1023 4193/5438/1017 4244/5497/1018
f 4193/5438/1017 4186/5430/1023 4156/5390/1024
f 4100/5324/1020 4104/5328/1025 4158/5392/1021
f 4104/5328/1025 4100/5324/1020 4053/5259/1026
f 4104/5328/1025 4053/5259/1026 4045/5248/1027
f 4020/5217/1028 4045/5248/1027 4053/5259/1026
f 4100/5324/1020 4051/5256/901 4053/5259/1026
f 4227/5478/900 4051/5256/901 4100/5324/1020
f 4051/5256/901 4020/5217/1028 4053/5259/1026
f 4018/5214/1029 4020/5217/1028 4051/5256/901
f 3956/5138/1030 4018/5214/1029 3916/5089/1031
f 3956/5138/1030 3869/5031/1032 3972/5161/1033
f 3972/5161/1033 3869/5031/1032 3880/5043/1034
f 4020/5217/1028 3972/5161/1033 4024/5221/1035
f 4024/5221/1035 3972/5161/1033 3989/5182/1036
f 4045/5248/1027 4020/5217/1028 4024/5221/1035
f 4047/5251/1037 4045/5248/1027 4024/5221/1035
f 4024/5221/1035 3989/5182/1036 4031/5230/1038
f 4047/5251/1037 4024/5221/1035 4031/5230/1038
f 4048/5252/1039 4047/5251/1037 4031/5230/1038
f 4045/5248/1027 4047/5251/1037 4104/5328/1025
f 4102/5326/1040 4104/5328/1025 4047/5251/1037
f 4102/5326/1040 4047/5251/1037 4048/5252/1039
f 4042/5245/1041 4048/5252/1039 4031/5230/1038
f 4061/5271/1042 4042/5245/1041 4013/5209/1043
f 4048/5252/1039 4042/5245/1041 4130/5359/1044
f 4048/5252/1039 4130/5359/1044 4102/5326/1040
f 4042/5245/1041 4193/5438/1017 4130/5359/1044
f 4156/5390/1024 4130/5359/1044 4193/5438/1017
f 4158/5392/1021 4104/5328/1025 4183/5426/1022
f 4104/5328/1025 4102/5326/1040 4183/5426/1022
f 4183/5426/1022 4102/5326/1040 4130/5359/1044
f 4186/5430/1023 4183/5426/1022 4130/5359/1044
f 4186/5430/1023 4130/5359/1044 4156/5390/1024
f 4042/5245/1041 4061/5271/1042 4193/5438/1017
f 4018/5214/1029 3956/5138/1030 3972/5161/1033
f 3869/5031/1032 3956/5138/1030 3916/5089/1031
f 4018/5214/1029 3972/5161/1033 4020/5217/1028
f 3880/5043/1034 3869/5031/1032 3859/5016/1045
f 3869/5031/1032 3824/4963/1046 3859/5016/1045
f 3859/5016/1045 3824/4963/1046 3840/4990/1047
f 3836/4984/1048 3840/4990/1047 3817/4952/1049
f 3840/4990/1047 3836/4984/1048 3832/4976/1050
f 3840/4990/1047 3832/4976/1050 3859/5016/1045
f 3801/4932/1051 3815/4949/1052 3832/4976/1050
f 3859/5016/1045 3832/4976/1050 3815/4949/1052
f 3815/4949/1052 3820/4957/1053 3859/5016/1045
f 3820/4957/1053 3762/4880/799 3822/4960/1054
f 3820/4957/1053 3822/4960/1054 3867/5029/1055
f 3822/4960/1054 3762/4880/799 3781/4907/849
f 3820/4957/1053 3867/5029/1055 3880/5043/1034
f 3880/5043/1034 3859/5016/1045 3820/4957/1053
f 3972/5161/1033 3880/5043/1034 3822/4960/1054
f 3972/5161/1033 3917/5092/1056 3929/5104/1057
f 3972/5161/1033 3929/5104/1057 3989/5182/1036
f 3989/5182/1036 3929/5104/1057 3970/5157/1058
f 3989/5182/1036 3970/5157/1058 4002/5196/1059
f 4002/5196/1059 3970/5157/1058 3951/5132/1060
f 4002/5196/1059 3951/5132/1060 4013/5209/1043
f 4002/5196/1059 4031/5230/1038 3989/5182/1036
f 4013/5209/1043 4031/5230/1038 4002/5196/1059
f 4031/5230/1038 4013/5209/1043 4042/5245/1041
f 4061/5271/1042 4187/5431/1016 4193/5438/1017
f 4032/5231/1061 4061/5271/1042 4013/5209/1043
f 4151/5384/1062 4187/5431/1016 4061/5271/1042
f 4003/5197/1063 4032/5231/1061 3897/5063/1064
f 3897/5063/1064 4032/5231/1061 3983/5174/1065
f 4061/5271/1042 4032/5231/1061 4052/5258/1066
f 4151/5384/1062 4061/5271/1042 4052/5258/1066
f 4187/5431/1016 4151/5384/1062 4188/5432/1067
f 4188/5432/1067 4274/5536/1015 4187/5431/1016
f 4235/5488/1013 4274/5536/1015 4386/5670/1014
f 4436/5733/1068 4386/5670/1014 4274/5536/1015
f 4436/5733/1068 4274/5536/1015 4313/5583/1069
f 4450/5749/880 4386/5670/1014 4436/5733/1068
f 4450/5749/880 4436/5733/1068 4463/5765/956
f 4437/5734/959 4463/5765/956 4436/5733/1068
f 4052/5258/1066 4032/5231/1061 4003/5197/1063
f 4052/5258/1066 4003/5197/1063 4019/5216/1070
f 4003/5197/1063 3897/5063/1064 3883/5048/1071
f 3998/5191/1072 4052/5258/1066 4019/5216/1070
f 4274/5536/1015 4188/5432/1067 4313/5583/1069
f 3998/5191/1072 4019/5216/1070 3996/5189/1073
f 3933/5109/1074 3996/5189/1073 4004/5198/1075
f 3996/5189/1073 3969/5156/1076 3987/5180/1077
f 3996/5189/1073 3987/5180/1077 3998/5191/1072
f 3973/5162/1078 3998/5191/1072 3987/5180/1077
f 3998/5191/1072 3973/5162/1078 3993/5186/1079
f 3813/4947/1080 3935/5111/1081 3852/5004/1082
f 3993/5186/1079 4021/5218/1083 3998/5191/1072
f 3998/5191/1072 4071/5284/1084 4052/5258/1066
f 4054/5260/1085 4071/5284/1084 3998/5191/1072
f 4054/5260/1085 3998/5191/1072 4021/5218/1083
f 4021/5218/1083 3993/5186/1079 3935/5111/1081
f 3912/5083/1086 3935/5111/1081 3813/4947/1080
f 3912/5083/1086 3813/4947/1080 3811/4944/1087
f 3912/5083/1086 3952/5133/1088 4038/5239/1089
f 3912/5083/1086 3811/4944/1087 3952/5133/1088
f 3852/5004/1082 3935/5111/1081 3993/5186/1079
f 3813/4947/1080 3852/5004/1082 3915/5088/1090
f 3915/5088/1090 3852/5004/1082 3926/5101/1091
f 3926/5101/1091 3852/5004/1082 3993/5186/1079
f 3926/5101/1091 3993/5186/1079 3958/5142/1092
f 3958/5142/1092 3993/5186/1079 3973/5162/1078
f 3915/5088/1090 3926/5101/1091 3953/5135/1093
f 3969/5156/1076 3915/5088/1090 3953/5135/1093
f 3969/5156/1076 3953/5135/1093 3987/5180/1077
f 3969/5156/1076 3996/5189/1073 3933/5109/1074
f 3969/5156/1076 3933/5109/1074 3915/5088/1090
f 3813/4947/1080 3915/5088/1090 3774/4896/1094
f 3813/4947/1080 3758/4875/1095 3811/4944/1087
f 3774/4896/1094 3741/4849/1096 28/47/1097
f 23/39/1098 3739/4844/1099 3774/4896/1094
f 23/39/1098 47/73/758 62/96/759
f 3758/4875/1095 3774/4896/1094 28/47/1097
f 3758/4875/1095 3813/4947/1080 3774/4896/1094
f 23/39/1098 3774/4896/1094 3872/5035/1100
f 3774/4896/1094 3933/5109/1074 3872/5035/1100
f 23/39/1098 3872/5035/1100 47/73/758
f 47/73/758 3872/5035/1100 3776/4900/1101
f 3872/5035/1100 3883/5048/1071 3776/4900/1101
f 3776/4900/1101 3883/5048/1071 3897/5063/1064
f 3776/4900/1101 3897/5063/1064 3838/4988/1102
f 3838/4988/1102 8/14/856 3776/4900/1101
f 3806/4938/1103 3838/4988/1102 3897/5063/1064
f 3806/4938/1103 3897/5063/1064 3948/5127/1104
f 3806/4938/1103 3948/5127/1104 3954/5136/1105
f 3897/5063/1064 3983/5174/1065 3948/5127/1104
f 3983/5174/1065 3954/5136/1105 3948/5127/1104
f 3918/5093/1106 3954/5136/1105 3983/5174/1065
f 4013/5209/1043 3983/5174/1065 4032/5231/1061
f 3875/5038/1107 4013/5209/1043 3951/5132/1060
f 3875/5038/1107 3947/5126/1108 4013/5209/1043
f 3983/5174/1065 4013/5209/1043 3947/5126/1108
f 3983/5174/1065 3947/5126/1108 3918/5093/1106
f 3875/5038/1107 3806/4938/1103 3907/5075/1109
f 3875/5038/1107 3907/5075/1109 3947/5126/1108
f 3781/4907/849 3875/5038/1107 3878/5041/1110
f 3878/5041/1110 3875/5038/1107 3908/5076/1111
f 3908/5076/1111 3875/5038/1107 3922/5097/1112
f 3908/5076/1111 3922/5097/1112 3929/5104/1057
f 3908/5076/1111 3929/5104/1057 3917/5092/1056
f 3908/5076/1111 3917/5092/1056 3878/5041/1110
f 3970/5157/1058 3929/5104/1057 3922/5097/1112
f 3970/5157/1058 3922/5097/1112 3951/5132/1060
f 3951/5132/1060 3922/5097/1112 3875/5038/1107
f 3875/5038/1107 3781/4907/849 3806/4938/1103
f 3806/4938/1103 3954/5136/1105 3918/5093/1106
f 3806/4938/1103 3918/5093/1106 3907/5075/1109
f 3918/5093/1106 3947/5126/1108 3907/5075/1109
f 3880/5043/1034 3867/5029/1055 3822/4960/1054
f 3917/5092/1056 3972/5161/1033 3878/5041/1110
f 3878/5041/1110 3972/5161/1033 3822/4960/1054
f 3878/5041/1110 3822/4960/1054 3781/4907/849
f 3806/4938/1103 3781/4907/849 3753/4869/848
f 3838/4988/1102 3806/4938/1103 3752/4867/855
f 3838/4988/1102 3752/4867/855 8/14/856
f 3752/4867/855 3806/4938/1103 3753/4869/848
f 3776/4900/1101 27/46/750 47/73/758
f 3982/5173/1113 3883/5048/1071 3872/5035/1100
f 3872/5035/1100 3933/5109/1074 3982/5173/1113
f 3982/5173/1113 3933/5109/1074 4004/5198/1075
f 4004/5198/1075 3996/5189/1073 4019/5216/1070
f 4004/5198/1075 4019/5216/1070 3982/5173/1113
f 3982/5173/1113 4019/5216/1070 4003/5197/1063
f 4003/5197/1063 3883/5048/1071 3982/5173/1113
f 4700/6075/918 4698/6072/917 4704/6080/924
f 4577/5904/954 4602/5935/1114 4640/5989/957
f 4640/5989/957 4648/6000/1115 4679/6046/953
f 4648/6000/1115 4640/5989/957 4602/5935/1114
f 4602/5935/1114 4632/5975/1116 4648/6000/1115
f 4632/5975/1116 4613/5950/1117 4637/5982/1118
f 4632/5975/1116 4703/6078/1119 4648/6000/1115
f 4632/5975/1116 4637/5982/1118 4703/6078/1119
f 4703/6078/1119 4745/6132/1120 4648/6000/1115
f 4679/6046/953 4648/6000/1115 4745/6132/1120
f 4679/6046/953 4745/6132/1120 4776/6172/986
f 4820/6219/1121 4783/6179/992 4757/6152/1122
f 4820/6219/1121 4859/6267/993 4783/6179/992
f 4745/6132/1120 4703/6078/1119 4757/6152/1122
f 4733/6116/952 4776/6172/986 4756/6151/951
f 4733/6116/952 4679/6046/953 4776/6172/986
f 4783/6179/992 4776/6172/986 4745/6132/1120
f 4783/6179/992 4838/6239/979 4776/6172/986
f 4509/5822/1123 4502/5815/864 4580/5908/896
f 4509/5822/1123 4580/5908/896 4552/5876/1124
f 4676/6041/1125 4552/5876/1124 4646/5998/912
f 4580/5908/896 4646/5998/912 4552/5876/1124
f 4552/5876/1124 4594/5926/1126 4501/5813/1127
f 4509/5822/1123 4552/5876/1124 4501/5813/1127
f 4509/5822/1123 4488/5798/1128 4423/5715/865
f 4509/5822/1123 4501/5813/1127 4488/5798/1128
f 4488/5798/1128 4433/5728/1129 4423/5715/865
f 4360/5639/1130 4250/5506/1131 4433/5728/1129
f 4433/5728/1129 4250/5506/1131 4349/5626/1132
f 4349/5626/1132 4250/5506/1131 4220/5469/1133
f 4220/5469/1133 4250/5506/1131 4157/5391/1134
f 4126/5354/1135 4157/5391/1134 4250/5506/1131
f 4126/5354/1135 4250/5506/1131 4360/5639/1130
f 4360/5639/1130 4433/5728/1129 4439/5736/1136
f 4439/5736/1136 4433/5728/1129 4460/5762/1137
f 4460/5762/1137 4433/5728/1129 4488/5798/1128
f 4488/5798/1128 4501/5813/1127 4460/5762/1137
f 4360/5639/1130 4243/5496/1138 4126/5354/1135
f 4423/5715/865 4502/5815/864 4509/5822/1123
f 4433/5728/1129 4349/5626/1132 4423/5715/865
f 4676/6041/1125 4594/5926/1126 4552/5876/1124
f 4796/6192/1139 4752/6146/942 4803/6202/943
f 4803/6202/943 4864/6275/1140 4796/6192/1139
f 4594/5926/1126 4676/6041/1125 4655/6011/1141
f 4563/5888/1142 4537/5858/1143 4594/5926/1126
f 4501/5813/1127 4537/5858/1143 4460/5762/1137
f 4360/5639/1130 4439/5736/1136 4458/5760/1144
f 4460/5762/1137 4490/5800/1145 4439/5736/1136
f 4537/5858/1143 4490/5800/1145 4460/5762/1137
f 4554/5878/1146 4537/5858/1143 4563/5888/1142
f 4537/5858/1143 4554/5878/1146 4490/5800/1145
f 4363/5642/1147 4360/5639/1130 4458/5760/1144
f 4126/5354/1135 4243/5496/1138 4099/5322/1148
f 4060/5268/1149 4099/5322/1148 4243/5496/1138
f 4060/5269/1149 4243/5496/1138 4305/5571/1150
f 4060/5269/1149 4305/5571/1150 4307/5574/1151
f 4310/5578/1152 4358/5635/1153 4294/5557/1154
f 4358/5635/1153 4316/5586/1155 4294/5557/1154
f 4469/5771/1156 4426/5718/1157 4305/5571/1150
f 4469/5771/1156 4458/5760/1144 4490/5800/1145
f 4528/5844/1158 4469/5771/1156 4490/5800/1145
f 4458/5760/1144 4469/5771/1156 4305/5571/1150
f 4307/5574/1151 4305/5571/1150 4426/5718/1157
f 4426/5718/1157 4310/5578/1152 4307/5574/1151
f 4305/5571/1150 4243/5496/1138 4363/5642/1147
f 4243/5496/1138 4360/5639/1130 4363/5642/1147
f 4563/5888/1142 4594/5926/1126 4655/6011/1141
f 4720/6098/1159 4669/6030/1160 4655/6011/1141
f 4720/6098/1159 4715/6093/1161 4669/6030/1160
f 4669/6030/1160 4715/6093/1161 4654/6010/1162
f 4676/6041/1125 4796/6192/1139 4655/6011/1141
f 4796/6192/1139 4720/6098/1159 4655/6011/1141
f 4676/6041/1125 4646/5998/912 4796/6192/1139
f 4646/5998/912 4752/6146/942 4796/6192/1139
f 4870/6284/998 4864/6275/1140 4803/6202/943
f 4864/6275/1140 4870/6284/998 4865/6277/1163
f 4423/5715/865 4349/5626/1132 4406/5691/899
f 4594/5926/1126 4537/5858/1143 4501/5813/1127
f 4836/6236/1164 4720/6098/1159 4796/6192/1139
f 4836/6236/1164 4799/6195/1165 4720/6098/1159
f 4720/6098/1159 4799/6195/1165 4715/6093/1161
f 4697/6071/1166 4654/6010/1162 4715/6093/1161
f 4697/6071/1166 4634/5977/1167 4654/6010/1162
f 4654/6010/1162 4634/5977/1167 4592/5923/1168
f 4669/6030/1160 4654/6010/1162 4615/5953/1169
f 4655/6011/1141 4669/6030/1160 4563/5888/1142
f 4669/6030/1160 4615/5953/1169 4563/5888/1142
f 4305/5571/1150 4363/5642/1147 4458/5760/1144
f 4490/5800/1145 4458/5760/1144 4439/5736/1136
f 4563/5888/1142 4615/5953/1169 4554/5878/1146
f 4685/6052/1170 4634/5977/1167 4697/6071/1166
f 4567/5892/1171 4528/5845/1158 4554/5878/1146
f 4554/5878/1146 4582/5910/1172 4567/5892/1171
f 4582/5910/1172 4592/5923/1168 4567/5892/1171
f 4615/5953/1169 4654/6010/1162 4582/5910/1172
f 4582/5910/1172 4654/6010/1162 4592/5923/1168
f 4615/5953/1169 4582/5910/1172 4554/5878/1146
f 4644/5994/1173 4634/5977/1167 4685/6052/1170
f 4696/6068/1174 4689/6057/1175 4751/6141/1176
f 4751/6142/1176 4689/6057/1175 4740/6124/1177
f 4715/6093/1161 4799/6195/1165 4740/6124/1177
f 4740/6124/1177 4697/6071/1166 4715/6093/1161
f 4836/6236/1164 4864/6275/1140 4849/6254/1178
f 4751/6142/1176 4740/6124/1177 4799/6195/1165
f 4740/6124/1177 4685/6052/1170 4697/6071/1166
f 4740/6124/1177 4689/6057/1175 4685/6052/1170
f 4423/5715/865 4406/5691/899 4455/5756/866
f 4256/5513/897 4349/5626/1132 4220/5469/1133
f 4349/5626/1132 4256/5513/897 4406/5691/899
f 4220/5469/1133 4051/5257/901 4256/5513/897
f 4018/5215/1029 4051/5257/901 4157/5391/1134
f 4018/5215/1029 4033/5232/1179 3916/5090/1031
f 4157/5391/1134 4033/5232/1179 4018/5215/1029
f 3916/5090/1031 4033/5232/1179 4035/5234/1180
f 4157/5391/1134 4051/5257/901 4220/5469/1133
f 4033/5232/1179 4157/5391/1134 4126/5354/1135
f 4033/5232/1179 4126/5354/1135 4035/5235/1180
f 4765/6161/1181 4762/6158/966 4754/6149/950
f 4765/6161/1181 4754/6149/950 4756/6151/951
f 4756/6151/951 4777/6173/981 4765/6161/1181
f 4759/6155/965 4762/6158/966 4770/6166/1182
f 4759/6155/965 4770/6166/1182 4767/6163/967
f 4762/6158/966 4765/6161/1181 4770/6166/1182
f 4770/6166/1182 4765/6161/1181 4773/6169/985
f 4765/6161/1181 4777/6173/981 4773/6169/985
f 4773/6169/985 4790/6186/983 4784/6180/1183
f 4773/6169/985 4784/6180/1183 4770/6166/1182
f 4779/6175/1184 4770/6166/1182 4784/6180/1183
f 4779/6175/1184 4767/6163/967 4770/6166/1182
f 4767/6163/967 4779/6175/1184 4788/6184/968
f 4789/6185/1185 4779/6175/1184 4784/6180/1183
f 4789/6185/1185 4784/6180/1183 4790/6186/983
f 4789/6185/1185 4790/6186/983 4793/6189/984
f 4779/6175/1184 4789/6185/1185 4798/6194/971
f 4779/6175/1184 4798/6194/971 4788/6184/968
f 4789/6185/1185 4793/6189/984 4802/6200/1186
f 4789/6185/1185 4802/6200/1186 4798/6194/971
f 4802/6200/1186 4793/6189/984 4794/6190/982
f 4804/6203/972 4798/6194/971 4802/6200/1186
f 4804/6203/972 4802/6200/1186 4794/6190/982
f 4804/6203/972 4794/6190/982 4818/6217/980
f 4741/6125/931 4733/6116/952 4756/6151/951
f 4777/6173/981 4756/6151/951 4776/6172/986
f 4788/6184/968 4797/6193/945 4771/6167/944
f 4767/6163/967 4788/6184/968 4771/6167/944
f 906/1167/1187 914/1179/679 1174/1525/680
f 1183/1534/1188 906/1167/1187 1174/1525/680
f 906/1167/1187 1183/1534/1188 1115/1446/1189
f 906/1167/1187 1115/1446/1189 956/1228/1190
f 1480/1917/1191 1115/1446/1189 1183/1534/1188
f 1534/1985/1192 1115/1446/1189 1480/1917/1191
f 1115/1446/1189 1534/1985/1192 1026/1330/1193
f 1482/1919/1194 1028/1333/1195 1026/1330/1193
f 1026/1330/1193 1534/1985/1192 1482/1919/1194
f 1401/1816/1196 1482/1919/1194 1611/2087/1197
f 1675/2167/1198 1611/2087/1197 1741/2247/1199
f 1611/2087/1197 1482/1919/1194 1741/2247/1199
f 1741/2247/1199 1482/1919/1194 1806/2324/1200
f 1806/2324/1200 1482/1919/1194 1846/2379/1201
f 1482/1919/1194 1534/1985/1192 1846/2379/1201
f 1806/2324/1200 1857/2392/1202 1778/2291/1203
f 1857/2392/1202 1806/2324/1200 1891/2437/1204
f 1857/2392/1202 1847/2380/1205 1778/2291/1203
f 1847/2380/1205 1857/2392/1202 1916/2467/1206
f 1741/2247/1199 1806/2324/1200 1778/2291/1203
f 1741/2247/1199 1778/2291/1203 1722/2226/1207
f 1963/2524/1208 1722/2226/1207 1778/2291/1203
f 1704/2204/1209 1722/2226/1207 1963/2524/1208
f 1741/2247/1199 1722/2226/1207 1704/2204/1209
f 1741/2247/1199 1704/2204/1209 1675/2167/1198
f 1675/2167/1198 1704/2204/1209 1657/2145/1210
f 1657/2145/1210 1704/2204/1209 1797/2312/1211
f 1797/2312/1211 1704/2204/1209 1870/2410/1212
f 1684/2178/1213 1657/2145/1210 1797/2312/1211
f 1684/2178/1213 1703/2203/1214 1627/2108/1215
f 1703/2203/1214 1684/2178/1213 1797/2312/1211
f 1703/2203/1214 1797/2312/1211 1772/2285/1216
f 1627/2108/1215 1703/2203/1214 1699/2197/1217
f 1619/2097/1218 1627/2108/1215 1572/2038/1219
f 1594/2066/1220 1627/2108/1215 1699/2197/1217
f 1572/2038/1219 1627/2108/1215 1594/2066/1220
f 1401/1817/1196 1572/2038/1219 1522/1966/1221
f 1401/1817/1196 1522/1966/1221 1493/1931/1222
f 1522/1966/1221 1572/2038/1219 1594/2066/1220
f 1594/2066/1220 1609/2084/1223 1522/1966/1221
f 1594/2066/1220 1699/2197/1217 1609/2084/1223
f 1609/2084/1223 1699/2197/1217 1748/2255/1224
f 1765/2277/1225 1699/2197/1217 1703/2203/1214
f 1765/2277/1225 1703/2203/1214 1772/2285/1216
f 1765/2277/1225 1772/2285/1216 1839/2369/1226
f 1772/2285/1216 1797/2312/1211 1870/2410/1212
f 1765/2277/1225 1839/2369/1226 1699/2197/1217
f 1699/2197/1217 1804/2322/1227 1748/2255/1224
f 1748/2255/1224 1804/2322/1227 1836/2364/1228
f 1839/2369/1226 1804/2322/1227 1699/2197/1217
f 1870/2410/1212 1839/2369/1226 1772/2285/1216
f 1918/2470/1229 1839/2369/1226 1870/2410/1212
f 1839/2369/1226 1918/2470/1229 1804/2322/1227
f 1961/2522/1230 1870/2410/1212 1704/2204/1209
f 1918/2470/1229 1870/2410/1212 1913/2464/1231
f 1913/2464/1231 1870/2410/1212 1961/2522/1230
f 1918/2470/1229 1913/2464/1231 1944/2501/1232
f 1944/2501/1232 1913/2464/1231 1941/2498/1233
f 1941/2498/1233 1913/2464/1231 1961/2522/1230
f 1963/2524/1208 1961/2522/1230 1704/2204/1209
f 1941/2498/1233 1961/2522/1230 1963/2524/1208
f 1942/2499/1234 1944/2501/1232 1954/2514/1235
f 1944/2501/1232 1942/2499/1234 1918/2470/1229
f 1907/2458/1236 1942/2499/1234 1960/2521/1237
f 1918/2470/1229 1942/2499/1234 1907/2458/1236
f 1960/2521/1237 1942/2499/1234 1954/2514/1235
f 1960/2521/1237 1954/2514/1235 2330/3005/1238
f 2330/3005/1238 1954/2514/1235 1959/2520/1239
f 1954/2514/1235 1944/2501/1232 1959/2520/1239
f 1959/2520/1239 1944/2501/1232 1895/2443/1240
f 1944/2501/1232 1941/2498/1233 1916/2467/1206
f 1944/2501/1232 1916/2467/1206 1895/2443/1240
f 1916/2467/1206 1941/2498/1233 1963/2524/1208
f 1916/2467/1206 1963/2524/1208 1778/2291/1203
f 1916/2467/1206 1778/2291/1203 1847/2380/1205
f 1895/2443/1240 1916/2467/1206 1857/2392/1202
f 1895/2443/1240 1891/2437/1204 1959/2520/1239
f 1895/2443/1240 1857/2392/1202 1891/2437/1204
f 1806/2324/1200 1866/2405/1241 1891/2437/1204
f 1723/2227/1242 1534/1985/1192 1480/1917/1191
f 1534/1985/1192 1877/2418/1243 1846/2379/1201
f 1806/2324/1200 1846/2379/1201 1877/2418/1243
f 1806/2324/1200 1877/2418/1243 1866/2405/1241
f 1787/2301/1244 1877/2418/1243 1534/1985/1192
f 1787/2301/1244 1534/1985/1192 1723/2227/1242
f 1877/2418/1243 1787/2301/1244 1811/2330/1245
f 1877/2418/1243 1811/2330/1245 1866/2405/1241
f 1866/2405/1241 2042/2631/1246 1891/2437/1204
f 2299/2964/1247 1891/2437/1204 2042/2631/1246
f 1891/2437/1204 2299/2964/1247 2330/3005/1238
f 1947/2504/1248 2042/2631/1246 1866/2405/1241
f 1793/2307/1249 1866/2405/1241 1807/2325/1250
f 1807/2325/1250 1866/2405/1241 1811/2330/1245
f 1807/2325/1250 1811/2330/1245 1745/2252/1251
f 1807/2325/1250 1745/2252/1251 1793/2307/1249
f 1751/2259/1252 1745/2252/1251 1811/2330/1245
f 1632/2116/683 1723/2227/1242 1480/1917/1191
f 1632/2116/683 1480/1917/1191 1183/1534/1188
f 1632/2116/683 1183/1534/1188 1174/1525/680
f 1787/2301/1244 1723/2227/1242 1632/2116/683
f 1811/2330/1245 1787/2301/1244 1818/2339/1253
f 1751/2259/1252 1811/2330/1245 1818/2339/1253
f 1745/2252/1251 1751/2259/1252 1721/2225/1254
f 1721/2225/1254 1751/2259/1252 1662/2153/1255
f 1745/2252/1251 1721/2225/1254 1793/2307/1249
f 1721/2225/1254 1812/2331/1256 1793/2307/1249
f 1621/2100/1257 1721/2225/1254 1662/2153/1255
f 1721/2225/1254 1621/2100/1257 1812/2331/1256
f 1866/2405/1241 1793/2307/1249 1812/2331/1256
f 1866/2405/1241 1812/2331/1256 1947/2504/1248
f 1947/2504/1248 2112/2722/1258 2042/2631/1246
f 2373/3062/1259 2042/2631/1246 2112/2722/1258
f 1817/2337/1260 2112/2722/1258 1947/2504/1248
f 1653/2141/1261 1817/2337/1260 1947/2504/1248
f 1653/2141/1261 1812/2331/1256 1621/2100/1257
f 1812/2331/1256 1653/2141/1261 1947/2504/1248
f 1667/2158/1262 1662/2153/1255 1751/2259/1252
f 1621/2100/1257 1662/2153/1255 1667/2158/1262
f 1751/2259/1252 1606/2081/1263 1667/2158/1262
f 1818/2339/1253 1787/2301/1244 1937/2494/686
f 1787/2301/1244 1879/2421/684 1937/2494/686
f 1879/2421/684 1787/2301/1244 1632/2116/683
f 1814/2333/1264 1818/2339/1253 1937/2494/686
f 1937/2494/686 1921/2474/685 1814/2333/1264
f 1814/2333/1264 1921/2474/685 1652/2140/1265
f 1818/2339/1253 1814/2333/1264 1751/2259/1252
f 1751/2259/1252 1814/2333/1264 1606/2081/1263
f 1606/2081/1263 1814/2333/1264 1652/2140/1265
f 1606/2081/1263 1652/2140/1265 1507/1950/1266
f 1362/1762/1267 1507/1950/1266 1652/2140/1265
f 1652/2140/1265 1353/1749/1268 1362/1762/1267
f 1660/2150/1269 1353/1749/1268 1889/2434/1270
f 1889/2434/1270 1353/1749/1268 1652/2140/1265
f 1889/2434/1270 1652/2140/1265 1921/2474/685
f 1660/2150/1269 1889/2434/1270 2025/2609/687
f 1353/1749/1268 1660/2150/1269 1303/1690/776
f 1367/1772/490 1373/1781/777 1644/2130/655
f 1644/2130/655 1373/1781/777 1303/1690/776
f 1303/1690/776 1660/2150/1269 1740/2246/654
f 1644/2130/655 1303/1690/776 1740/2246/654
f 2094/2700/689 1660/2150/1269 2025/2609/687
f 2034/2621/652 1660/2150/1269 2094/2700/689
f 1660/2150/1269 2034/2621/652 2015/2597/1271
f 2015/2597/1271 2034/2621/652 1740/2246/654
f 1740/2246/654 1660/2150/1269 2015/2597/1271
f 2034/2621/652 2094/2700/689 2149/2772/649
f 2025/2609/687 1889/2434/1270 1921/2474/685
f 2299/2964/1247 2042/2631/1246 2438/3147/1272
f 2438/3147/1272 2042/2631/1246 2373/3062/1259
f 2373/3062/1259 2112/2722/1258 2321/2990/1273
f 2420/3118/1274 2373/3062/1259 2321/2990/1273
f 2373/3062/1259 2420/3118/1274 2438/3147/1272
f 2700/3481/1275 2438/3147/1272 2420/3118/1274
f 2420/3118/1274 2891/3734/1276 2700/3481/1275
f 2438/3147/1272 2700/3481/1275 2455/3171/1277
f 2299/2964/1247 2438/3147/1272 2330/3005/1238
f 2438/3147/1272 2455/3171/1277 2330/3005/1238
f 1959/2520/1239 1891/2437/1204 2330/3005/1238
f 2189/2819/1278 2330/3005/1238 2425/3124/1279
f 2425/3124/1279 2330/3005/1238 2455/3171/1277
f 2425/3124/1279 2455/3171/1277 2769/3576/1280
f 2189/2819/1278 2300/2965/1281 1836/2364/1228
f 1960/2521/1237 2330/3005/1238 2189/2819/1278
f 1960/2521/1237 2189/2819/1278 1836/2364/1228
f 1960/2521/1237 1836/2364/1228 1907/2458/1236
f 1907/2458/1236 1836/2364/1228 1804/2322/1227
f 1907/2458/1236 1804/2322/1227 1918/2470/1229
f 2700/3481/1275 2968/3832/1282 2455/3171/1277
f 2881/3719/1283 2968/3832/1282 2891/3734/1276
f 2968/3832/1282 2881/3719/1283 3056/3943/1284
f 2455/3171/1277 2968/3832/1282 2769/3576/1280
f 2891/3734/1276 2968/3832/1282 2700/3481/1275
f 2891/3734/1276 2420/3118/1274 2634/3395/1285
f 2634/3395/1285 2714/3503/1286 2751/3549/1287
f 2634/3395/1285 2751/3549/1287 2891/3734/1276
f 2714/3503/1286 2634/3395/1285 2660/3428/1288
f 2751/3549/1287 2714/3503/1286 2698/3478/1289
f 2714/3503/1286 2660/3428/1288 2698/3478/1289
f 2698/3478/1289 2660/3428/1288 2605/3361/1290
f 2698/3478/1289 2605/3361/1290 2461/3179/1291
f 2468/3193/1292 2506/3238/1293 2501/3230/1294
f 2440/3149/1295 2468/3193/1292 2501/3230/1294
f 2440/3149/1295 2501/3230/1294 2503/3233/1296
f 2440/3149/1295 2503/3233/1296 2435/3143/1297
f 2420/3118/1274 2503/3233/1296 2634/3395/1285
f 2503/3233/1296 2420/3118/1274 2321/2990/1273
f 2435/3143/1297 2503/3233/1296 2321/2990/1273
f 2435/3143/1297 2321/2990/1273 2377/3066/1298
f 2377/3066/1298 2321/2990/1273 2131/2751/1299
f 2131/2751/1299 2321/2990/1273 1999/2570/1300
f 2377/3066/1298 2131/2751/1299 2260/2910/1301
f 1999/2570/1300 2321/2990/1273 1817/2337/1260
f 1817/2337/1260 2321/2990/1273 2112/2722/1258
f 1817/2337/1260 1653/2141/1261 1498/1938/1302
f 1817/2337/1260 1498/1938/1302 1561/2021/1303
f 1428/1852/1304 1498/1938/1302 1452/1882/1305
f 1452/1882/1305 1498/1938/1302 1499/1940/1306
f 1498/1938/1302 1562/2024/1307 1499/1940/1306
f 1507/1950/1266 1428/1852/1304 1452/1882/1305
f 1507/1950/1266 1452/1882/1305 1499/1940/1306
f 1428/1852/1304 1507/1950/1266 1256/1624/1308
f 1256/1624/1308 1507/1950/1266 1362/1762/1267
f 1567/2031/1309 1562/2024/1307 1498/1938/1302
f 1567/2031/1309 1498/1938/1302 1653/2141/1261
f 1567/2031/1309 1653/2141/1261 1574/2041/1310
f 1562/2024/1307 1567/2031/1309 1574/2041/1310
f 1574/2041/1310 1653/2141/1261 1621/2100/1257
f 1574/2041/1310 1621/2100/1257 1667/2158/1262
f 1562/2024/1307 1574/2041/1310 1667/2158/1262
f 1562/2024/1307 1667/2158/1262 1606/2081/1263
f 1507/1950/1266 1562/2024/1307 1606/2081/1263
f 1562/2024/1307 1507/1950/1266 1499/1940/1306
f 2440/3149/1295 2435/3143/1297 2377/3066/1298
f 2440/3149/1295 2377/3066/1298 2443/3153/1311
f 2377/3066/1298 2461/3179/1291 2443/3153/1311
f 2440/3149/1295 2443/3153/1311 2468/3193/1292
f 2468/3193/1292 2443/3153/1311 2506/3238/1293
f 2443/3153/1311 2461/3179/1291 2506/3238/1293
f 712/918/678 914/1180/679 580/744/706
f 914/1180/679 906/1168/1187 580/744/706
f 906/1168/1187 956/1229/1190 580/744/706
f 684/880/707 580/744/706 956/1229/1190
f 406/519/708 684/880/707 784/1006/1312
f 372/478/733 406/519/708 784/1006/1312
f 1026/1331/1193 784/1006/1312 1115/1447/1189
f 956/1229/1190 1115/1447/1189 784/1006/1312
f 956/1229/1190 784/1006/1312 684/880/707
f 784/1006/1312 1026/1331/1193 1028/1334/1195
f 1482/1920/1194 1401/1818/1196 1028/1334/1195
f 1611/2088/1197 1572/2039/1219 1401/1818/1196
f 1611/2088/1197 1675/2168/1198 1572/2039/1219
f 1675/2168/1198 1657/2146/1210 1619/2098/1218
f 1675/2168/1198 1619/2098/1218 1572/2039/1219
f 1619/2098/1218 1657/2146/1210 1627/2109/1215
f 1401/1818/1196 1493/1932/1222 1444/1872/1313
f 1444/1872/1313 1371/1777/1314 1401/1818/1196
f 1444/1872/1313 1363/1764/1315 1371/1777/1314
f 1401/1818/1196 1371/1777/1314 1028/1334/1195
f 1028/1334/1195 1371/1777/1314 1265/1637/1316
f 1028/1334/1195 1265/1637/1316 961/1236/1317
f 1265/1637/1316 1112/1442/1318 961/1236/1317
f 627/807/1319 961/1236/1317 966/1244/1320
f 1028/1334/1195 961/1236/1317 627/807/1319
f 372/478/733 627/807/1319 472/605/830
f 556/710/833 472/605/830 627/807/1319
f 630/811/1321 556/710/833 627/807/1319
f 556/710/833 630/811/1321 532/677/757
f 833/1068/1322 630/811/1321 627/807/1319
f 627/807/1319 372/478/733 784/1006/1312
f 1028/1334/1195 627/807/1319 784/1006/1312
f 627/807/1319 966/1244/1320 833/1068/1322
f 125/182/821 295/388/839 171/243/844
f 366/470/819 295/388/839 125/182/821
f 110/164/795 125/182/821 81/124/797
f 76/116/843 81/124/797 125/182/821
f 30/50/798 81/124/797 76/116/843
f 30/50/798 3/5/847 3762/4881/799
f 3781/4908/849 3762/4881/799 3/5/847
f 27/45/750 93/141/751 47/74/758
f 155/226/791 587/751/802 893/1148/792
f 681/876/788 893/1148/792 983/1264/1323
f 681/876/788 983/1264/1323 991/1278/789
f 893/1148/792 895/1151/1324 983/1264/1323
f 895/1151/1324 893/1148/792 587/751/802
f 294/385/1325 102/152/801 114/168/805
f 294/385/1325 114/168/805 83/126/807
f 1111/1441/774 991/1278/789 1196/1552/1326
f 991/1278/789 1111/1441/774 1038/1349/790
f 1038/1349/790 1111/1441/774 1049/1361/773
f 868/1118/786 1038/1349/790 949/1220/787
f 949/1220/787 1038/1349/790 1049/1361/773
f 682/877/771 1111/1441/774 1103/1428/775
f 1303/1691/776 1103/1428/775 1353/1750/1268
f 1353/1750/1268 1103/1428/775 1182/1533/1327
f 1353/1750/1268 1182/1533/1327 1362/1763/1267
f 1362/1763/1267 1182/1533/1327 1256/1625/1308
f 1196/1552/1326 1256/1625/1308 1182/1533/1327
f 1428/1853/1304 1256/1625/1308 1356/1753/1328
f 1498/1939/1302 1428/1853/1304 1561/2022/1303
f 1356/1753/1328 1561/2022/1303 1428/1853/1304
f 1356/1753/1328 1256/1625/1308 991/1278/789
f 983/1264/1323 1356/1753/1328 991/1278/789
f 991/1278/789 1256/1625/1308 1196/1552/1326
f 1356/1753/1328 983/1264/1323 1338/1731/1329
f 1196/1552/1326 1182/1533/1327 1111/1441/774
f 1182/1533/1327 1103/1428/775 1111/1441/774
f 1338/1731/1329 983/1264/1323 895/1151/1324
f 3747/4859/804 11/17/796 3762/4881/799
f 3789/4919/812 3757/4874/811 3790/4921/1330
f 3790/4921/1330 3757/4874/811 3747/4859/804
f 3790/4921/1330 3747/4859/804 3762/4881/799
f 3762/4881/799 3820/4958/1053 3790/4921/1330
f 3790/4921/1330 3820/4958/1053 3815/4950/1052
f 3789/4919/812 3815/4950/1052 3801/4933/1051
f 3815/4950/1052 3789/4919/812 3790/4921/1330
f 3801/4933/1051 3817/4953/1049 3789/4919/812
f 3801/4933/1051 3832/4977/1050 3836/4985/1048
f 3801/4933/1051 3836/4985/1048 3817/4953/1049
f 3824/4964/1046 3817/4953/1049 3840/4991/1047
f 4528/5845/1158 4490/5800/1145 4554/5878/1146
f 2503/3233/1296 2501/3230/1294 2532/3265/1331
f 2501/3230/1294 2506/3238/1293 2532/3265/1331
f 2532/3265/1331 2634/3395/1285 2503/3233/1296
f 2660/3428/1288 2634/3395/1285 2605/3361/1290
f 2605/3361/1290 2634/3395/1285 2532/3265/1331
f 2605/3361/1290 2532/3265/1331 2461/3179/1291
f 2461/3179/1291 2532/3265/1331 2506/3238/1293
f 4436/5733/1068 4313/5583/1069 4437/5734/959
f 4437/5734/959 4313/5583/1069 4334/5608/960
f 4188/5432/1067 4334/5608/960 4313/5583/1069
f 4147/5379/1332 4052/5258/1066 4071/5284/1084
f 4052/5258/1066 4147/5379/1332 4151/5384/1062
f 4151/5384/1062 4245/5498/1333 4188/5432/1067
f 4334/5608/960 4188/5432/1067 4245/5498/1333
f 4437/5734/959 4427/5720/961 4454/5753/958
f 4496/5806/963 4475/5780/955 4454/5753/958
f 4245/5498/1333 4427/5720/961 4334/5608/960
f 4427/5720/961 4245/5498/1333 4323/5595/1334
f 4291/5553/1335 4323/5595/1334 4245/5498/1333
f 4245/5498/1333 4147/5379/1332 4291/5553/1335
f 4147/5379/1332 4245/5498/1333 4151/5384/1062
f 4602/5935/1114 4577/5904/954 4529/5847/962
f 4536/5856/1336 4601/5933/1337 4602/5935/1114
f 4602/5935/1114 4601/5933/1337 4632/5975/1116
f 4601/5933/1337 4613/5950/1117 4632/5975/1116
f 4602/5935/1114 4529/5847/962 4536/5856/1336
f 4757/6152/1122 4783/6179/992 4745/6132/1120
f 3776/4900/1101 8/14/856 27/46/750
f 3933/5109/1074 3774/4896/1094 3915/5088/1090
f 3952/5133/1088 3866/5026/1338 4065/5277/1339
f 4065/5277/1339 4083/5298/1340 4103/5327/1341
f 4083/5298/1340 4141/5371/1342 4122/5350/1343
f 4083/5298/1340 4122/5350/1343 4103/5327/1341
f 4103/5327/1341 4091/5313/1344 4065/5277/1339
f 3952/5133/1088 4065/5277/1339 4038/5239/1089
f 4065/5277/1339 4091/5313/1344 4038/5239/1089
f 4038/5239/1089 4091/5313/1344 4054/5260/1085
f 4054/5260/1085 4091/5313/1344 4169/5409/1345
f 4169/5409/1345 4091/5313/1344 4103/5327/1341
f 4169/5409/1345 4103/5327/1341 4129/5358/1346
f 4147/5379/1332 4071/5284/1084 4054/5260/1085
f 4147/5379/1332 4054/5260/1085 4169/5409/1345
f 4291/5553/1335 4147/5379/1332 4169/5409/1345
f 4167/5405/1347 4169/5409/1345 4122/5350/1343
f 4122/5350/1343 4169/5409/1345 4129/5358/1346
f 4154/5387/1348 4167/5405/1347 4141/5371/1342
f 4141/5371/1342 4167/5405/1347 4122/5350/1343
f 4167/5405/1347 4154/5387/1348 4175/5416/1349
f 4175/5416/1349 4154/5387/1348 4148/5380/1350
f 4154/5387/1348 4141/5371/1342 4148/5380/1350
f 4103/5327/1341 4122/5350/1343 4129/5358/1346
f 3912/5083/1086 4038/5239/1089 4044/5247/1351
f 4054/5260/1085 4021/5218/1083 4044/5247/1351
f 4044/5247/1351 4021/5218/1083 3935/5111/1081
f 3935/5111/1081 3912/5083/1086 4044/5247/1351
f 4044/5247/1351 4038/5239/1089 4054/5260/1085
f 3973/5162/1078 3987/5180/1077 3953/5135/1093
f 3973/5162/1078 3953/5135/1093 3962/5146/1352
f 3962/5146/1352 3953/5135/1093 3926/5101/1091
f 3973/5162/1078 3962/5146/1352 3958/5142/1092
f 3962/5146/1352 3926/5101/1091 3958/5142/1092
f 1864/2402/1353 2413/3111/1354 1387/1799/1355
f 1354/1751/1356 1748/2256/1224 1864/2402/1353
f 1864/2402/1353 1387/1799/1355 1354/1751/1356
f 1354/1751/1356 1387/1799/1355 1197/1553/1357
f 1609/2085/1223 1748/2256/1224 1354/1751/1356
f 1609/2085/1223 1354/1751/1356 1430/1856/1358
f 1522/1967/1221 1609/2085/1223 1430/1856/1358
f 1431/1857/1359 1522/1967/1221 1430/1856/1358
f 1354/1751/1356 1321/1711/1360 1430/1856/1358
f 1430/1856/1358 1321/1711/1360 1265/1638/1316
f 1430/1856/1358 1265/1638/1316 1384/1794/1361
f 1430/1856/1358 1384/1794/1361 1431/1857/1359
f 1265/1638/1316 1321/1711/1360 1112/1443/1318
f 1384/1794/1361 1265/1638/1316 1371/1778/1314
f 1197/1553/1357 1321/1711/1360 1354/1751/1356
f 1321/1711/1360 1197/1553/1357 1112/1443/1318
f 961/1237/1317 1112/1443/1318 966/1245/1320
f 968/1247/1362 1112/1443/1318 1197/1553/1357
f 966/1245/1320 1112/1443/1318 968/1247/1362
f 966/1245/1320 968/1247/1362 833/1069/1322
f 630/812/1321 833/1069/1322 532/678/757
f 833/1069/1322 1039/1350/1363 739/952/1364
f 1039/1350/1363 833/1069/1322 968/1247/1362
f 1039/1350/1363 968/1247/1362 1197/1553/1357
f 1197/1553/1357 1387/1799/1355 1039/1350/1363
f 1473/1908/1365 1387/1799/1355 2413/3111/1354
f 2524/3257/1366 2704/3486/1367 2200/2834/1368
f 2200/2834/1368 2704/3486/1367 2669/3438/1369
f 2669/3438/1369 2704/3486/1367 2633/3394/1370
f 2524/3257/1366 2769/3577/1280 3085/3979/1371
f 2412/3110/1372 2769/3577/1280 2524/3257/1366
f 2524/3257/1366 2413/3111/1354 2412/3110/1372
f 2425/3125/1279 2412/3110/1372 2189/2820/1278
f 2189/2820/1278 2412/3110/1372 2300/2966/1281
f 2412/3110/1372 1864/2402/1353 2300/2966/1281
f 1864/2402/1353 2412/3110/1372 2413/3111/1354
f 2413/3111/1354 2524/3257/1366 2200/2834/1368
f 1473/1908/1365 1039/1350/1363 1387/1799/1355
f 931/1200/1373 1039/1350/1363 1473/1908/1365
f 1039/1350/1363 931/1200/1373 739/952/1364
f 532/678/757 833/1069/1322 739/952/1364
f 398/509/755 532/678/757 739/952/1364
f 387/496/756 398/509/755 93/142/751
f 93/142/751 398/509/755 188/265/1374
f 188/265/1374 398/509/755 604/771/1375
f 188/265/1374 62/97/759 93/142/751
f 188/265/1374 604/771/1375 109/163/1376
f 931/1200/1373 604/771/1375 739/952/1364
f 398/509/755 739/952/1364 604/771/1375
f 931/1200/1373 996/1285/1377 604/771/1375
f 733/945/1378 109/163/1376 604/771/1375
f 733/945/1378 592/757/1379 109/163/1376
f 109/163/1376 592/757/1379 317/414/1380
f 289/380/1381 592/757/1379 541/688/1382
f 817/1048/1383 592/757/1379 844/1081/1384
f 289/380/1381 617/791/1385 228/311/1386
f 541/688/1382 592/757/1379 817/1048/1383
f 817/1048/1383 844/1081/1384 1185/1536/1387
f 1864/2402/1353 1836/2365/1228 2300/2966/1281
f 1864/2402/1353 1748/2256/1224 1836/2365/1228
f 2425/3125/1279 2769/3577/1280 2412/3110/1372
f 2769/3577/1280 3123/4025/1388 3085/3979/1371
f 3123/4025/1388 2769/3577/1280 3056/3944/1284
f 3056/3944/1284 2769/3577/1280 2968/3833/1282
f 3123/4025/1388 3056/3944/1284 2881/3720/1283
f 3128/4030/1389 3123/4025/1388 2881/3720/1283
f 3128/4030/1389 2906/3753/1390 3123/4025/1388
f 3085/3979/1371 3123/4025/1388 2906/3753/1390
f 2524/3257/1366 3085/3979/1371 2704/3486/1367
f 3085/3979/1371 2906/3753/1390 2704/3486/1367
f 2704/3486/1367 2906/3753/1390 2750/3548/1391
f 2750/3548/1391 2906/3753/1390 2827/3649/1392
f 2750/3548/1391 2633/3394/1370 2704/3486/1367
f 2573/3321/1393 2633/3394/1370 2696/3476/1394
f 2633/3394/1370 2573/3321/1393 2669/3438/1369
f 2669/3438/1369 2573/3321/1393 2557/3300/1395
f 2200/2834/1368 2669/3438/1369 2557/3300/1395
f 2511/3243/1396 2557/3300/1395 2573/3321/1393
f 2511/3243/1396 2573/3321/1393 2487/3214/1397
f 2487/3214/1397 2573/3321/1393 2696/3476/1394
f 2633/3394/1370 2800/3617/1398 2696/3476/1394
f 2800/3617/1398 3112/4014/1399 2696/3476/1394
f 2800/3617/1398 2633/3394/1370 2750/3548/1391
f 2800/3617/1398 2750/3548/1391 2827/3649/1392
f 3004/3880/1400 2906/3753/1390 3128/4030/1389
f 2875/3711/1401 3128/4030/1389 2881/3720/1283
f 3128/4030/1389 2902/3747/1402 3004/3880/1400
f 2902/3747/1402 3128/4030/1389 2875/3711/1401
f 2902/3747/1402 2875/3711/1401 2815/3634/1403
f 2902/3747/1402 2815/3634/1403 3095/3993/1404
f 3039/3921/1405 2902/3747/1402 3095/3993/1404
f 3004/3880/1400 2902/3747/1402 3039/3921/1405
f 2906/3753/1390 3004/3880/1400 2917/3766/1406
f 3004/3880/1400 3039/3921/1405 2917/3766/1406
f 2827/3649/1392 2906/3753/1390 2917/3766/1406
f 2917/3766/1406 3039/3921/1405 3226/4158/1407
f 3226/4158/1407 3039/3921/1405 3095/3993/1404
f 3226/4158/1407 3095/3993/1404 3329/4298/1408
f 2917/3766/1406 3226/4158/1407 2827/3649/1392
f 2800/3617/1398 2827/3649/1392 3112/4014/1399
f 3112/4014/1399 2742/3538/1409 2696/3476/1394
f 2742/3538/1409 3112/4014/1399 3109/4010/1410
f 3109/4010/1410 3112/4014/1399 3213/4141/1411
f 2742/3538/1409 2487/3214/1397 2696/3476/1394
f 2485/3212/1412 2487/3214/1397 2742/3538/1409
f 2742/3538/1409 2602/3358/1413 2485/3212/1412
f 2602/3358/1413 2742/3538/1409 3109/4010/1410
f 3060/3948/1414 2602/3358/1413 3109/4010/1410
f 2602/3358/1413 2549/3287/1415 1979/2546/1416
f 3329/4298/1408 3255/4194/1417 3226/4158/1407
f 2487/3214/1397 2485/3212/1412 2057/2648/1418
f 1827/2350/1419 2057/2648/1418 2485/3212/1412
f 1827/2350/1419 2485/3212/1412 1185/1536/1387
f 2485/3212/1412 2602/3358/1413 1979/2546/1416
f 1827/2350/1419 1185/1536/1387 1610/2086/1420
f 2057/2648/1418 1827/2350/1419 1519/1963/1421
f 2200/2834/1368 2437/3146/1422 2057/2648/1418
f 2437/3146/1422 2200/2834/1368 2557/3300/1395
f 2437/3146/1422 2557/3300/1395 2511/3243/1396
f 1473/1908/1365 2413/3111/1354 2200/2834/1368
f 1519/1963/1421 1473/1908/1365 2200/2834/1368
f 1519/1963/1421 2200/2834/1368 2057/2648/1418
f 1979/2546/1416 1185/1536/1387 2485/3212/1412
f 1097/1419/1423 817/1048/1383 1630/2113/1424
f 1816/2335/1425 1630/2113/1424 1979/2546/1416
f 1979/2546/1416 2549/3287/1415 1816/2335/1425
f 592/757/1379 733/945/1378 844/1081/1384
f 733/945/1378 604/771/1375 996/1285/1377
f 733/945/1378 996/1285/1377 844/1081/1384
f 844/1081/1384 996/1285/1377 1315/1705/1426
f 844/1081/1384 1315/1705/1426 1185/1536/1387
f 996/1285/1377 931/1200/1373 1519/1963/1421
f 1473/1908/1365 1519/1963/1421 931/1200/1373
f 1519/1963/1421 1827/2350/1419 1610/2086/1420
f 996/1285/1377 1610/2086/1420 1315/1705/1426
f 1519/1963/1421 1610/2086/1420 996/1285/1377
f 2487/3214/1397 2057/2648/1418 2437/3146/1422
f 2487/3214/1397 2437/3146/1422 2511/3243/1396
f 210/288/1427 109/163/1376 317/414/1380
f 105/158/1428 109/163/1376 210/288/1427
f 105/158/1428 228/311/1386 2/3/1429
f 317/414/1380 228/311/1386 105/158/1428
f 2/3/1429 3741/4850/1096 105/158/1428
f 188/265/1374 109/163/1376 3739/4845/1099
f 62/97/759 188/265/1374 3739/4845/1099
f 23/40/1098 62/97/759 3739/4845/1099
f 3774/4897/1094 3739/4845/1099 3741/4850/1096
f 3739/4845/1099 109/163/1376 105/158/1428
f 3739/4845/1099 105/158/1428 3741/4850/1096
f 28/48/1097 3741/4850/1096 2/3/1429
f 3758/4876/1095 28/48/1097 3811/4945/1087
f 3952/5134/1088 3811/4945/1087 3775/4898/1430
f 4065/5278/1339 3866/5027/1338 4083/5299/1340
f 317/414/1380 289/380/1381 228/311/1386
f 317/414/1380 105/158/1428 210/288/1427
f 2/3/1429 228/311/1386 617/791/1385
f 617/791/1385 289/380/1381 541/688/1382
f 28/48/1097 2/3/1429 3775/4898/1430
f 28/48/1097 3775/4898/1430 3811/4945/1087
f 289/380/1381 317/414/1380 592/757/1379
f 3952/5134/1088 3775/4898/1430 3866/5027/1338
f 817/1048/1383 1185/1536/1387 1630/2113/1424
f 1979/2546/1416 1630/2113/1424 1185/1536/1387
f 1185/1536/1387 1315/1705/1426 1610/2086/1420
f 1816/2335/1425 1097/1419/1423 1630/2113/1424
f 541/688/1382 817/1048/1383 858/1103/1431
f 3060/3948/1414 3109/4010/1410 3115/4017/1432
f 3055/3942/1433 2602/3358/1413 3060/3948/1414
f 2913/3761/1434 2602/3358/1413 3055/3942/1433
f 2602/3358/1413 2913/3761/1434 2680/3451/1435
f 2602/3358/1413 2680/3451/1435 2549/3287/1415
f 2855/3686/1436 2913/3761/1434 2981/3848/1437
f 2981/3848/1437 2913/3761/1434 2957/3817/1438
f 2913/3761/1434 3055/3942/1433 2957/3817/1438
f 2957/3817/1438 3055/3942/1433 2960/3821/1439
f 2994/3866/1440 2960/3821/1439 3055/3942/1433
f 2994/3866/1440 3055/3942/1433 3068/3960/1441
f 2994/3866/1440 3068/3960/1441 2984/3853/1442
f 3068/3960/1441 3055/3942/1433 3060/3948/1414
f 3068/3960/1441 3060/3948/1414 3114/4016/1443
f 3068/3960/1441 3114/4016/1443 2984/3853/1442
f 2984/3853/1442 3114/4016/1443 3043/3925/1444
f 3043/3925/1444 3114/4016/1443 3115/4017/1432
f 3022/3901/1445 3043/3925/1444 3115/4017/1432
f 3022/3901/1445 3115/4017/1432 3045/3928/1446
f 3045/3928/1446 3115/4017/1432 3163/4074/1447
f 3115/4017/1432 3114/4016/1443 3060/3948/1414
f 3112/4014/1399 3258/4198/1448 3213/4141/1411
f 3213/4141/1411 3266/4211/1449 3195/4118/1450
f 3109/4010/1410 3213/4141/1411 3183/4104/1451
f 3109/4010/1410 3183/4104/1451 3163/4074/1447
f 3163/4074/1447 3115/4017/1432 3109/4010/1410
f 3213/4141/1411 3195/4118/1450 3141/4047/1452
f 3200/4125/1453 3195/4118/1450 3266/4211/1449
f 3375/4368/1454 3281/4231/1455 3266/4211/1449
f 3375/4368/1454 3282/4232/1456 3281/4231/1455
f 3281/4231/1455 3282/4232/1456 2978/3844/1457
f 2959/3820/1458 2978/3844/1457 2695/3474/1459
f 2530/3263/1460 2594/3347/1461 2514/3246/1462
f 2530/3263/1460 2514/3246/1462 2464/3186/1463
f 2526/3259/1464 2594/3347/1461 2530/3263/1460
f 2526/3259/1464 2530/3263/1460 2464/3186/1463
f 2526/3259/1464 2592/3345/1465 2674/3443/1466
f 2526/3259/1464 2674/3443/1466 2594/3347/1461
f 2594/3347/1461 2674/3443/1466 2695/3474/1459
f 2959/3820/1458 2695/3474/1459 2674/3443/1466
f 2959/3820/1458 2674/3443/1466 2766/3573/1467
f 2766/3573/1467 2674/3443/1466 2592/3345/1465
f 2592/3345/1465 2526/3259/1464 2523/3256/1468
f 2523/3256/1468 2526/3259/1464 2464/3186/1463
f 2766/3573/1467 2592/3345/1465 2798/3615/1469
f 2959/3820/1458 2766/3573/1467 3200/4125/1453
f 2959/3820/1458 3200/4125/1453 3281/4231/1455
f 3200/4125/1453 3266/4211/1449 3281/4231/1455
f 2959/3820/1458 3281/4231/1455 2978/3844/1457
f 3213/4141/1411 3258/4198/1448 3266/4211/1449
f 3258/4198/1448 3112/4014/1399 3255/4194/1417
f 3141/4047/1452 2876/3713/1470 3088/3985/1471
f 2876/3713/1470 2689/3465/1472 3088/3985/1471
f 2876/3713/1470 2640/3401/1473 2689/3465/1472
f 2637/3398/1474 2631/3391/1475 2596/3351/1476
f 2640/3401/1473 2637/3398/1474 2516/3249/1477
f 2640/3401/1473 2516/3249/1477 2689/3465/1472
f 2689/3465/1472 2516/3249/1477 2630/3390/1478
f 2470/3195/1479 2478/3204/1480 2516/3249/1477
f 2516/3249/1477 2637/3398/1474 2596/3351/1476
f 2516/3249/1477 2596/3351/1476 2599/3354/1481
f 2599/3354/1481 2596/3351/1476 2631/3391/1475
f 2470/3195/1479 2516/3249/1477 2464/3186/1463
f 2427/3127/1482 2470/3195/1479 2464/3186/1463
f 2470/3195/1479 2427/3127/1482 2460/3178/1483
f 2460/3178/1483 2427/3127/1482 2423/3121/1484
f 2470/3195/1479 2460/3178/1483 2478/3204/1480
f 2423/3121/1484 2432/3137/1485 2433/3140/1486
f 2423/3121/1484 2433/3140/1486 2434/3142/1487
f 2460/3178/1483 2423/3121/1484 2434/3142/1487
f 2460/3178/1483 2434/3142/1487 2478/3204/1480
f 2478/3204/1480 2434/3142/1487 2433/3140/1486
f 2478/3204/1480 2433/3140/1486 2548/3285/1488
f 2630/3390/1478 2478/3204/1480 2548/3285/1488
f 2548/3285/1488 2560/3304/1489 2630/3390/1478
f 2560/3304/1489 2632/3392/1490 2692/3469/1491
f 2560/3304/1489 2692/3469/1491 2630/3390/1478
f 2692/3469/1491 2632/3392/1490 2889/3731/1492
f 3007/3884/1493 2692/3469/1491 2889/3731/1492
f 3007/3884/1493 2889/3731/1492 3048/3932/1494
f 3007/3884/1493 3048/3932/1494 3045/3928/1446
f 3007/3884/1493 3045/3928/1446 3163/4074/1447
f 3007/3884/1493 3163/4074/1447 2990/3861/1495
f 3163/4074/1447 3183/4104/1451 2990/3861/1495
f 2692/3469/1491 3007/3884/1493 2990/3861/1495
f 2990/3861/1495 3099/4000/1496 2861/3693/1497
f 3099/4000/1496 2990/3861/1495 3183/4104/1451
f 3099/4000/1496 3183/4104/1451 3088/3985/1471
f 3088/3985/1471 3183/4104/1451 3213/4141/1411
f 3141/4047/1452 3088/3985/1471 3213/4141/1411
f 3088/3985/1471 2689/3465/1472 3099/4000/1496
f 3099/4000/1496 2689/3465/1472 2861/3693/1497
f 2689/3465/1472 2692/3469/1491 2861/3693/1497
f 2516/3249/1477 2478/3204/1480 2630/3390/1478
f 2689/3465/1472 2630/3390/1478 2692/3469/1491
f 2861/3693/1497 2692/3469/1491 2990/3861/1495
f 3102/4003/1498 3195/4118/1450 3200/4125/1453
f 3200/4125/1453 2766/3573/1467 3102/4003/1498
f 3102/4003/1498 2766/3573/1467 2798/3615/1469
f 3195/4118/1450 3102/4003/1498 3141/4047/1452
f 3141/4047/1452 3102/4003/1498 2876/3713/1470
f 3102/4003/1498 2798/3615/1469 2876/3713/1470
f 2637/3398/1474 2876/3713/1470 2798/3615/1469
f 2876/3713/1470 2637/3398/1474 2640/3401/1473
f 2798/3615/1469 2631/3391/1475 2637/3398/1474
f 2599/3354/1481 2523/3256/1468 2516/3249/1477
f 2516/3249/1477 2523/3256/1468 2464/3186/1463
f 2523/3256/1468 2599/3354/1481 2631/3391/1475
f 2523/3256/1468 2631/3391/1475 2592/3345/1465
f 2631/3391/1475 2798/3615/1469 2592/3345/1465
f 3226/4158/1407 3255/4194/1417 3112/4014/1399
f 3112/4014/1399 2827/3649/1392 3226/4158/1407
f 3418/4426/1499 3266/4211/1449 3258/4198/1448
f 2842/3668/1500 2680/3451/1435 2855/3686/1436
f 2918/3767/1501 2842/3668/1500 2855/3686/1436
f 2913/3761/1434 2855/3686/1436 2680/3451/1435
f 2680/3451/1435 2842/3668/1500 2832/3654/1502
f 1493/1933/1222 1522/1967/1221 1431/1857/1359
f 1444/1873/1313 1493/1933/1222 1431/1857/1359
f 1444/1873/1313 1431/1857/1359 1363/1765/1315
f 1431/1857/1359 1384/1794/1361 1363/1765/1315
f 1371/1778/1314 1363/1765/1315 1384/1794/1361
f 3916/5091/1031 4035/5236/1180 3893/5059/1503
f 3961/5145/1504 3893/5059/1503 4035/5236/1180
f 3900/5067/1505 3893/5059/1503 3961/5145/1504
f 3961/5145/1504 4035/5236/1180 4099/5323/1148
f 4035/5236/1180 4126/5355/1135 4099/5323/1148
f 4060/5270/1149 3961/5145/1504 4099/5323/1148
f 4060/5270/1149 4015/5211/1506 3961/5145/1504
f 3916/5091/1031 3893/5059/1503 3869/5032/1032
f 3824/4965/1046 3869/5032/1032 3835/4983/1507
f 3817/4954/1049 3824/4965/1046 3804/4936/1508
f 3817/4954/1049 3804/4936/1508 3791/4922/1509
f 3817/4954/1049 3791/4922/1509 3789/4920/812
f 3789/4920/812 3791/4922/1509 3742/4852/810
f 3804/4936/1508 3824/4965/1046 3835/4983/1507
f 3791/4922/1509 3804/4936/1508 3784/4911/1510
f 3804/4936/1508 3788/4918/1511 3784/4911/1510
f 3804/4936/1508 3835/4983/1507 3788/4918/1511
f 3835/4983/1507 3869/5032/1032 3893/5059/1503
f 3863/5022/1512 3893/5059/1503 3900/5067/1505
f 3893/5059/1503 3863/5022/1512 3835/4983/1507
f 3863/5022/1512 3900/5067/1505 3861/5019/1513
f 3861/5019/1513 3900/5067/1505 3887/5053/1514
f 3835/4983/1507 3863/5022/1512 3850/5002/1515
f 3835/4983/1507 3850/5002/1515 3845/4996/1516
f 3835/4983/1507 3845/4996/1516 3788/4918/1511
f 3784/4911/1510 44/70/808 3742/4852/810
f 60/93/1517 214/292/1518 130/189/1519
f 214/292/1518 594/759/1520 130/189/1519
f 594/759/1520 734/946/1521 130/189/1519
f 679/874/1522 130/189/1519 734/946/1521
f 845/1082/1523 734/946/1521 594/759/1520
f 60/93/1517 64/99/1524 214/292/1518
f 594/759/1520 214/292/1518 702/902/1525
f 64/99/1524 60/93/1517 3751/4865/1526
f 64/99/1524 3751/4865/1526 3772/4894/1527
f 3772/4894/1527 3751/4865/1526 3803/4935/1528
f 3851/5003/1529 3887/5053/1514 3895/5061/1530
f 3851/5003/1529 3803/4935/1528 3887/5053/1514
f 3803/4935/1528 3861/5019/1513 3887/5053/1514
f 3845/4996/1516 3861/5019/1513 3803/4935/1528
f 3850/5002/1515 3861/5019/1513 3845/4996/1516
f 3850/5002/1515 3863/5022/1512 3861/5019/1513
f 3803/4935/1528 3788/4918/1511 3845/4996/1516
f 3788/4918/1511 3803/4935/1528 3751/4865/1526
f 3784/4911/1510 3788/4918/1511 3751/4865/1526
f 44/70/808 3784/4911/1510 3751/4865/1526
f 3751/4865/1526 60/93/1517 44/70/808
f 3927/5102/1531 3900/5067/1505 3961/5145/1504
f 3851/5003/1529 3904/5071/1532 3888/5054/1533
f 3904/5071/1532 3851/5003/1529 3895/5061/1530
f 3904/5071/1532 3895/5061/1530 3900/5067/1505
f 3927/5102/1531 3904/5071/1532 3900/5067/1505
f 3900/5067/1505 3895/5061/1530 3887/5053/1514
f 3904/5071/1532 3940/5117/1534 3888/5054/1533
f 3940/5117/1534 3904/5071/1532 3927/5102/1531
f 3940/5117/1534 3927/5102/1531 3961/5145/1504
f 3940/5117/1534 3961/5145/1504 4015/5211/1506
f 3940/5117/1534 3946/5125/1535 3888/5054/1533
f 3940/5117/1534 3966/5150/1536 3946/5125/1535
f 3851/5003/1529 3888/5054/1533 3946/5125/1535
f 3940/5117/1534 4015/5211/1506 3994/5187/1537
f 4016/5212/1538 4043/5246/1539 3980/5171/1540
f 3980/5171/1540 4043/5246/1539 4034/5233/1541
f 3980/5171/1540 3975/5165/1542 4016/5212/1538
f 3879/5042/1543 3975/5165/1542 3980/5171/1540
f 4043/5246/1539 4076/5289/1544 4034/5233/1541
f 4043/5246/1539 4016/5212/1538 4070/5283/1545
f 4070/5283/1545 4016/5212/1538 3994/5187/1537
f 3994/5187/1537 4015/5211/1506 4070/5283/1545
f 4015/5211/1506 4123/5351/1546 4070/5283/1545
f 4060/5270/1149 4307/5575/1151 4123/5351/1546
f 4176/5418/1547 4123/5351/1546 4307/5575/1151
f 4310/5579/1152 4212/5460/1548 4307/5575/1151
f 4307/5575/1151 4212/5460/1548 4176/5418/1547
f 4123/5351/1546 4176/5418/1547 4070/5283/1545
f 4096/5319/1549 4070/5283/1545 4176/5418/1547
f 4070/5283/1545 4096/5319/1549 4076/5289/1544
f 4043/5246/1539 4070/5283/1545 4076/5289/1544
f 4034/5233/1541 4076/5289/1544 4096/5319/1549
f 4034/5233/1541 4096/5319/1549 4073/5286/1550
f 4176/5418/1547 4095/5318/1551 4096/5319/1549
f 4144/5376/1552 4176/5418/1547 4212/5460/1548
f 4176/5418/1547 4144/5376/1552 4095/5318/1551
f 4096/5319/1549 4095/5318/1551 4073/5286/1550
f 4074/5287/1553 4073/5286/1550 4095/5318/1551
f 4114/5341/1554 4095/5318/1551 4144/5376/1552
f 4095/5318/1551 4114/5341/1554 4074/5287/1553
f 4034/5233/1541 4073/5286/1550 4074/5287/1553
f 3980/5171/1540 4034/5233/1541 4074/5287/1553
f 4074/5287/1553 3959/5143/1555 3980/5171/1540
f 3889/5055/1556 3980/5171/1540 3959/5143/1555
f 3889/5055/1556 3959/5143/1555 3974/5163/1557
f 3889/5055/1556 3974/5163/1557 3984/5175/1558
f 3889/5055/1556 3984/5175/1558 3932/5108/1559
f 3984/5175/1558 3974/5163/1557 3932/5108/1559
f 3932/5108/1559 3974/5163/1557 3837/4986/1560
f 3837/4986/1560 3974/5163/1557 3823/4961/1561
f 4208/5455/1562 4080/5294/1563 4210/5458/1564
f 4241/5494/1565 4208/5455/1562 4210/5458/1564
f 4268/5527/1566 4208/5455/1562 4241/5494/1565
f 4208/5455/1562 4268/5527/1566 4248/5501/1567
f 4241/5494/1565 4259/5516/1568 4268/5527/1566
f 4259/5516/1568 4241/5494/1565 4210/5458/1564
f 4249/5505/1569 4259/5516/1568 4210/5458/1564
f 4268/5527/1566 4259/5516/1568 4249/5505/1569
f 4268/5527/1566 4294/5558/1154 4248/5502/1567
f 4294/5558/1154 4268/5527/1566 4292/5555/1570
f 4292/5555/1570 4268/5527/1566 4249/5505/1569
f 4248/5503/1567 4294/5558/1154 4316/5587/1155
f 4310/5579/1152 4294/5558/1154 4292/5555/1570
f 4212/5460/1548 4310/5579/1152 4292/5555/1570
f 4209/5457/1571 4292/5555/1570 4253/5509/1572
f 4212/5460/1548 4292/5555/1570 4209/5457/1571
f 4144/5376/1552 4212/5460/1548 4170/5411/1573
f 4114/5341/1554 4120/5348/1574 4074/5287/1553
f 4144/5376/1552 4170/5411/1573 4142/5373/1575
f 4144/5376/1552 4142/5373/1575 4114/5341/1554
f 4170/5411/1573 4171/5412/1576 4142/5373/1575
f 4170/5411/1573 4212/5460/1548 4211/5459/1577
f 4211/5459/1577 4212/5460/1548 4209/5457/1571
f 4170/5411/1573 4211/5459/1577 4171/5412/1576
f 4211/5459/1577 4209/5457/1571 4181/5423/1578
f 4211/5459/1577 4181/5423/1578 4171/5412/1576
f 4181/5423/1578 4209/5457/1571 4204/5451/1579
f 4171/5412/1576 4181/5423/1578 4164/5402/1580
f 4164/5402/1580 4181/5423/1578 4194/5439/1581
f 4194/5439/1581 4181/5423/1578 4204/5451/1579
f 4171/5412/1576 4164/5402/1580 4142/5373/1575
f 4164/5402/1580 4194/5439/1581 4210/5458/1564
f 4142/5373/1575 4120/5348/1574 4114/5341/1554
f 4127/5356/1582 4120/5348/1574 4142/5373/1575
f 4074/5287/1553 4120/5348/1574 4127/5356/1582
f 4127/5356/1582 4142/5373/1575 4164/5402/1580
f 4210/5458/1564 4127/5356/1582 4164/5402/1580
f 4127/5356/1582 4210/5458/1564 4080/5294/1563
f 4194/5439/1581 4204/5451/1579 4207/5454/1583
f 4210/5458/1564 4194/5439/1581 4233/5486/1584
f 4233/5486/1584 4194/5439/1581 4207/5454/1583
f 4210/5458/1564 4233/5486/1584 4249/5505/1569
f 4207/5454/1583 4204/5451/1579 4209/5457/1571
f 4233/5486/1584 4207/5454/1583 4209/5457/1571
f 4233/5486/1584 4209/5457/1571 4253/5509/1572
f 4249/5505/1569 4253/5509/1572 4292/5555/1570
f 4247/5500/1585 4249/5505/1569 4233/5486/1584
f 4253/5509/1572 4249/5505/1569 4247/5500/1585
f 4233/5486/1584 4253/5509/1572 4247/5500/1585
f 4060/5270/1149 4123/5351/1546 4015/5211/1506
f 3940/5117/1534 3994/5187/1537 3966/5150/1536
f 3964/5148/1586 3966/5150/1536 3994/5187/1537
f 3946/5125/1535 3966/5150/1536 3851/5003/1529
f 3851/5003/1529 3966/5150/1536 3964/5148/1586
f 3964/5148/1586 3879/5042/1543 3851/5003/1529
f 3879/5042/1543 3980/5171/1540 3889/5055/1556
f 3805/4937/1587 3889/5055/1556 3932/5108/1559
f 3889/5055/1556 3805/4937/1587 3879/5042/1543
f 3805/4937/1587 3759/4877/1588 3772/4894/1527
f 3805/4937/1587 3778/4902/1589 3759/4877/1588
f 3778/4902/1589 3805/4937/1587 3871/5034/1590
f 3759/4877/1588 3778/4902/1589 3768/4890/1591
f 3759/4877/1588 3768/4890/1591 3761/4879/1592
f 3768/4890/1591 69/105/1593 3761/4879/1592
f 69/105/1593 3768/4890/1591 3754/4870/1594
f 3761/4879/1592 69/105/1593 37/60/1595
f 3761/4879/1592 37/60/1595 3743/4853/1596
f 3761/4879/1592 3743/4853/1596 3759/4877/1588
f 3759/4877/1588 3743/4853/1596 36/59/1597
f 36/59/1597 3743/4853/1596 37/60/1595
f 37/60/1595 69/105/1593 84/128/1598
f 37/60/1595 84/128/1598 36/59/1597
f 92/140/1599 36/59/1597 84/128/1598
f 36/59/1597 92/140/1599 64/99/1524
f 36/59/1597 64/99/1524 3772/4894/1527
f 36/59/1597 3772/4894/1527 3759/4877/1588
f 3964/5148/1586 3994/5187/1537 4016/5212/1538
f 3964/5148/1586 4016/5212/1538 3975/5165/1542
f 3975/5165/1542 3879/5042/1543 3964/5148/1586
f 4127/5356/1582 4080/5294/1563 4074/5287/1553
f 4074/5287/1553 4080/5294/1563 3959/5143/1555
f 3974/5163/1557 3959/5143/1555 4080/5294/1563
f 3932/5108/1559 3837/4986/1560 3871/5034/1590
f 3778/4902/1589 3871/5034/1590 3768/4890/1591
f 3768/4890/1591 3871/5034/1590 3837/4986/1560
f 3837/4986/1560 3754/4870/1594 3768/4890/1591
f 92/140/1599 84/128/1598 411/527/1600
f 92/140/1599 411/527/1600 149/218/1601
f 64/99/1524 92/140/1599 149/218/1601
f 411/527/1600 702/902/1525 149/218/1601
f 702/902/1525 411/527/1600 894/1149/1602
f 1171/1521/1603 702/902/1525 894/1149/1602
f 1171/1521/1603 894/1149/1602 1386/1797/1604
f 1171/1521/1603 1386/1797/1604 1677/2170/1605
f 1686/2181/1606 1171/1521/1603 1677/2170/1605
f 1686/2181/1606 1894/2442/1607 2080/2683/1608
f 1894/2442/1607 1686/2181/1606 1677/2170/1605
f 1744/2250/1609 1894/2442/1607 1677/2170/1605
f 1744/2250/1609 1677/2170/1605 1386/1797/1604
f 3772/4894/1527 3803/4935/1528 3805/4937/1587
f 3803/4935/1528 3851/5003/1529 3805/4937/1587
f 3805/4937/1587 3851/5003/1529 3879/5042/1543
f 64/99/1524 149/218/1601 214/292/1518
f 149/218/1601 702/902/1525 214/292/1518
f 1171/1521/1603 1178/1529/1610 702/902/1525
f 594/759/1520 702/902/1525 1178/1529/1610
f 1178/1529/1610 1777/2290/1611 1138/1475/1612
f 1178/1529/1610 1171/1521/1603 1777/2290/1611
f 2171/2798/1613 1777/2290/1611 2344/3025/1614
f 1171/1521/1603 1686/2181/1606 1777/2290/1611
f 1138/1475/1612 1777/2290/1611 1483/1921/1615
f 2550/3288/1616 2939/3794/1617 2171/2798/1613
f 2550/3288/1616 2171/2798/1613 2344/3025/1614
f 2344/3025/1614 1777/2290/1611 1686/2181/1606
f 1777/2290/1611 1760/2272/1618 1483/1921/1615
f 1178/1529/1610 1138/1475/1612 845/1082/1523
f 845/1082/1523 594/759/1520 1178/1529/1610
f 1338/1732/1329 1138/1475/1612 1483/1921/1615
f 918/1184/1619 1138/1475/1612 1338/1732/1329
f 1338/1732/1329 895/1152/1324 918/1184/1619
f 1138/1475/1612 918/1184/1619 1060/1373/1620
f 1138/1475/1612 1060/1373/1620 845/1082/1523
f 734/946/1521 1060/1373/1620 918/1184/1619
f 734/946/1521 845/1082/1523 1060/1373/1620
f 734/946/1521 918/1184/1619 727/937/1621
f 918/1184/1619 895/1152/1324 587/752/802
f 918/1184/1619 587/752/802 727/937/1621
f 734/946/1521 727/937/1621 679/874/1522
f 483/619/1622 727/937/1621 587/752/802
f 727/937/1621 483/619/1622 679/874/1522
f 483/619/1622 587/752/802 102/153/801
f 102/153/801 294/386/1325 483/619/1622
f 294/386/1325 130/189/1519 483/619/1622
f 294/387/1325 60/93/1517 130/189/1519
f 60/93/1517 294/387/1325 83/127/807
f 83/127/807 44/70/808 60/93/1517
f 130/189/1519 679/874/1522 483/619/1622
f 3871/5034/1590 3805/4937/1587 3932/5108/1559
f 2080/2683/1608 1894/2442/1607 1744/2250/1609
f 2344/3025/1614 2581/3330/1623 2550/3289/1616
f 2080/2683/1608 2344/3025/1614 1686/2181/1606
f 2461/3180/1291 2377/3067/1298 2171/2798/1613
f 2939/3794/1617 2461/3180/1291 2171/2798/1613
f 3784/4911/1510 3742/4852/810 3791/4922/1509
f 1777/2290/1611 2171/2798/1613 1760/2272/1618
f 1760/2272/1618 2171/2798/1613 2142/2764/1624
f 2171/2798/1613 2260/2911/1301 2142/2764/1624
f 2171/2798/1613 2377/3067/1298 2260/2911/1301
f 2260/2911/1301 2173/2800/1625 2142/2764/1624
f 2173/2800/1625 2260/2911/1301 2131/2752/1299
f 2142/2764/1624 2173/2800/1625 2131/2752/1299
f 2142/2764/1624 2131/2752/1299 1776/2289/1626
f 1776/2289/1626 1760/2272/1618 2142/2764/1624
f 1776/2289/1626 2131/2752/1299 1999/2571/1300
f 1776/2289/1626 1999/2571/1300 1545/2000/1627
f 1545/2000/1627 1999/2571/1300 1817/2338/1260
f 1817/2338/1260 1561/2023/1303 1545/2000/1627
f 1545/2000/1627 1356/1754/1328 1338/1732/1329
f 1356/1754/1328 1545/2000/1627 1561/2023/1303
f 1545/2000/1627 1338/1732/1329 1483/1921/1615
f 1776/2289/1626 1545/2000/1627 1483/1921/1615
f 1776/2289/1626 1483/1921/1615 1760/2272/1618
f 1627/2110/1215 1657/2147/1210 1684/2179/1213
f 4796/6192/1139 4864/6275/1140 4836/6236/1164
f 994/1282/1628 575/736/1629 1335/1728/1630
f 730/940/1631 994/1282/1628 1018/1320/1632
f 730/940/1631 1018/1320/1632 926/1193/1633
f 1000/1292/1634 926/1193/1633 1222/1584/1635
f 1000/1292/1634 1222/1584/1635 1216/1577/1636
f 1000/1292/1634 1098/1421/1637 825/1059/1638
f 1000/1292/1634 1216/1577/1636 1098/1421/1637
f 1098/1421/1637 1216/1577/1636 1372/1779/1639
f 820/1053/1640 1000/1292/1634 825/1059/1638
f 746/961/1641 820/1053/1640 825/1059/1638
f 825/1059/1638 902/1160/1642 746/961/1641
f 756/974/1643 746/961/1641 902/1160/1642
f 1855/2390/1644 1742/2248/1645 1718/2220/1646
f 1459/1889/1647 1742/2248/1645 1216/1577/1636
f 1459/1889/1647 1216/1577/1636 1332/1725/1648
f 1742/2248/1645 1459/1889/1647 1718/2220/1646
f 1855/2390/1644 1718/2220/1646 1934/2489/1649
f 1855/2390/1644 1934/2489/1649 1948/2505/1650
f 1948/2505/1650 1934/2489/1649 2191/2822/1651
f 1948/2505/1650 2191/2822/1651 2041/2629/1652
f 1976/2541/1653 1948/2505/1650 2041/2629/1652
f 1476/1913/1654 1372/1779/1639 1976/2541/1653
f 1948/2505/1650 1976/2541/1653 1372/1779/1639
f 1098/1421/1637 1372/1779/1639 1476/1913/1654
f 1018/1320/1632 1335/1728/1630 1222/1584/1635
f 1222/1584/1635 1335/1728/1630 1332/1725/1648
f 1335/1728/1630 1538/1990/1655 1332/1725/1648
f 1332/1725/1648 1538/1990/1655 1496/1936/1656
f 1018/1320/1632 1222/1584/1635 926/1193/1633
f 1222/1584/1635 1332/1725/1648 1216/1577/1636
f 1459/1889/1647 1332/1725/1648 1496/1936/1656
f 1459/1889/1647 1496/1936/1656 1718/2220/1646
f 1835/2361/1657 1718/2220/1646 1899/2448/1658
f 1718/2220/1646 1496/1936/1656 1899/2448/1658
f 1538/1990/1655 1899/2448/1658 1496/1936/1656
f 1538/1990/1655 1335/1728/1630 1899/2448/1658
f 1732/2237/1659 1335/1728/1630 1521/1965/1660
f 1335/1728/1630 1732/2237/1659 1899/2448/1658
f 1521/1965/1660 1455/1885/1661 1732/2237/1659
f 1521/1965/1660 575/736/1629 1455/1885/1661
f 1998/2569/1662 1732/2237/1659 1455/1885/1661
f 1455/1885/1661 1762/2274/1663 1998/2569/1662
f 1998/2569/1662 1762/2274/1663 1964/2525/1664
f 2203/2838/1665 2178/2806/1666 1835/2362/1657
f 1899/2448/1658 2203/2838/1665 1835/2362/1657
f 2203/2838/1665 1899/2448/1658 1998/2569/1662
f 1998/2569/1662 1899/2448/1658 1732/2237/1659
f 1335/1728/1630 1018/1320/1632 994/1282/1628
f 1521/1965/1660 1335/1728/1630 575/736/1629
f 1455/1885/1661 575/736/1629 1061/1374/1667
f 1455/1885/1661 1061/1374/1667 1088/1404/1668
f 799/1024/1669 1088/1404/1668 1061/1374/1667
f 1088/1404/1668 1602/2076/1670 1455/1885/1661
f 1762/2274/1663 1455/1885/1661 1602/2076/1670
f 1700/2198/1671 1964/2525/1664 1602/2076/1670
f 1964/2525/1664 1762/2274/1663 1602/2076/1670
f 908/1171/1672 756/974/1643 902/1160/1642
f 999/1289/1673 908/1171/1672 902/1160/1642
f 1094/1414/1674 999/1289/1673 902/1160/1642
f 902/1160/1642 1063/1377/1675 1094/1414/1674
f 902/1160/1642 825/1059/1638 1063/1377/1675
f 1063/1377/1675 1476/1913/1654 1259/1629/1676
f 2313/2980/1677 2041/2629/1652 2191/2822/1651
f 1948/2505/1650 1372/1779/1639 1742/2248/1645
f 1855/2390/1644 1948/2505/1650 1742/2248/1645
f 2178/2806/1666 2203/2838/1665 1998/2569/1662
f 2178/2806/1666 1998/2569/1662 1964/2525/1664
f 1061/1374/1667 641/824/1678 799/1024/1669
f 1061/1374/1667 575/736/1629 641/824/1678
f 994/1283/1628 730/941/1631 351/451/1679
f 994/1283/1628 351/451/1679 575/737/1629
f 575/737/1629 351/451/1679 641/825/1678
f 799/1025/1669 641/825/1678 740/953/1680
f 740/953/1680 512/655/1681 799/1025/1669
f 655/841/1682 799/1025/1669 512/655/1681
f 1025/1329/1683 1088/1405/1668 799/1025/1669
f 1025/1329/1683 799/1025/1669 655/841/1682
f 655/841/1682 884/1136/1684 1015/1317/1685
f 1012/1314/1686 1015/1317/1685 884/1136/1684
f 1015/1317/1685 1012/1314/1686 1273/1652/1687
f 1069/1383/1688 1375/1783/1689 1012/1314/1686
f 1271/1650/1690 1015/1317/1685 1273/1652/1687
f 1015/1317/1685 1271/1650/1690 655/841/1682
f 1025/1329/1683 655/841/1682 1271/1650/1690
f 1025/1329/1683 1602/2077/1670 1088/1405/1668
f 1602/2077/1670 1025/1329/1683 1271/1650/1690
f 1602/2077/1670 1271/1650/1690 1317/1707/1691
f 1317/1707/1691 1508/1951/1692 1602/2077/1670
f 1700/2199/1671 1602/2077/1670 1508/1951/1692
f 1317/1707/1691 1271/1650/1690 1273/1652/1687
f 1317/1707/1691 1273/1652/1687 1508/1951/1692
f 1554/2011/1693 1508/1951/1692 1273/1652/1687
f 1512/1956/1694 1273/1652/1687 1435/1861/1695
f 1554/2011/1693 1273/1652/1687 1512/1956/1694
f 1554/2011/1693 1512/1956/1694 1555/2013/1696
f 1623/2103/1697 1555/2013/1696 1597/2069/1698
f 1597/2069/1698 1555/2013/1696 1375/1783/1689
f 1375/1783/1689 1555/2013/1696 1512/1956/1694
f 1375/1783/1689 1512/1956/1694 1435/1861/1695
f 1597/2069/1698 1375/1783/1689 1605/2080/1699
f 1273/1652/1687 1012/1314/1686 1435/1861/1695
f 1375/1783/1689 1435/1861/1695 1012/1314/1686
f 1394/1807/1700 1375/1783/1689 1069/1383/1688
f 1394/1807/1700 1069/1383/1688 1208/1567/1701
f 1394/1807/1700 1650/2138/1702 1605/2080/1699
f 1394/1807/1700 1208/1567/1701 1650/2138/1702
f 1394/1807/1700 1605/2080/1699 1375/1783/1689
f 1605/2080/1699 1803/2321/1703 1597/2069/1698
f 1803/2321/1703 1605/2080/1699 1650/2138/1702
f 1868/2407/1704 1597/2069/1698 1803/2321/1703
f 1404/1822/1705 1650/2138/1702 1208/1567/1701
f 1208/1567/1701 963/1240/1706 1404/1822/1705
f 890/1143/1707 1339/1733/1708 1336/1729/1709
f 1048/1360/1710 1339/1733/1708 890/1143/1707
f 1048/1360/1710 689/888/1711 1421/1844/1712
f 1560/2020/1713 1048/1360/1710 1421/1844/1712
f 1339/1733/1708 1048/1360/1710 1972/2536/1714
f 1972/2536/1714 1048/1360/1710 1560/2020/1713
f 1404/1822/1705 1336/1729/1709 2221/2861/1715
f 1650/2138/1702 1404/1822/1705 2331/3006/1716
f 1650/2138/1702 2484/3211/1717 1803/2321/1703
f 1868/2407/1704 1803/2321/1703 2484/3211/1717
f 1868/2407/1704 2484/3211/1717 2780/3591/1718
f 1650/2138/1702 2679/3450/1719 2484/3211/1717
f 1404/1822/1705 2221/2861/1715 2331/3006/1716
f 1339/1733/1708 2221/2861/1715 2206/2841/1720
f 1339/1733/1708 2206/2841/1720 2183/2812/1721
f 1339/1733/1708 2183/2812/1721 1336/1729/1709
f 2206/2841/1720 2221/2861/1715 2204/2839/1722
f 2206/2841/1720 2204/2839/1722 2183/2812/1721
f 2204/2839/1722 2221/2861/1715 1336/1729/1709
f 2183/2812/1721 2204/2839/1722 2184/2813/1723
f 2184/2813/1723 2204/2839/1722 1336/1729/1709
f 2184/2813/1723 1336/1729/1709 2183/2812/1721
f 2221/2861/1715 1339/1733/1708 2380/3070/1724
f 1972/2536/1714 2380/3070/1724 1339/1733/1708
f 1972/2536/1714 2416/3114/1725 2380/3070/1724
f 2416/3114/1725 1972/2536/1714 1560/2020/1713
f 689/888/1711 1030/1338/1726 1421/1844/1712
f 1421/1844/1712 1030/1338/1726 2293/2956/1727
f 2293/2956/1727 2490/3217/1728 1421/1844/1712
f 3252/4191/1729 2380/3070/1724 2416/3114/1725
f 2380/3070/1724 3252/4191/1729 3256/4196/1730
f 2490/3217/1728 3252/4191/1729 2416/3114/1725
f 3256/4196/1730 3252/4191/1729 3700/4793/1731
f 3700/4793/1731 3252/4191/1729 3663/4748/1732
f 3712/4806/1733 3673/4762/1734 3700/4793/1731
f 3673/4762/1734 3712/4806/1733 3683/4775/1735
f 3256/4196/1730 3700/4793/1731 3673/4762/1734
f 3256/4196/1730 3673/4762/1734 3359/4346/1736
f 3673/4762/1734 3447/4462/1737 3359/4346/1736
f 3297/4253/1738 3447/4462/1737 3664/4749/1739
f 3664/4749/1739 3447/4462/1737 3683/4775/1735
f 3683/4775/1735 3447/4462/1737 3673/4762/1734
f 3683/4775/1735 3712/4806/1733 3717/4811/1740
f 3664/4749/1739 3619/4685/1741 3297/4253/1738
f 3269/4216/1742 2484/3211/1717 2679/3450/1719
f 3269/4216/1742 2679/3450/1719 3297/4253/1738
f 2679/3450/1719 2331/3006/1716 3297/4253/1738
f 2679/3450/1719 1650/2138/1702 2331/3006/1716
f 2331/3006/1716 3359/4346/1736 3447/4462/1737
f 2331/3006/1716 3447/4462/1737 3297/4253/1738
f 3185/4106/1743 3359/4346/1736 2331/3006/1716
f 3256/4196/1730 3359/4346/1736 3185/4106/1743
f 3256/4196/1730 3185/4106/1743 2380/3070/1724
f 2221/2861/1715 2380/3070/1724 3185/4106/1743
f 2221/2861/1715 3185/4106/1743 2331/3006/1716
f 392/501/1744 141/205/1745 351/451/1679
f 392/501/1744 351/451/1679 730/941/1631
f 141/205/1745 392/501/1744 309/404/1746
f 127/184/1747 141/205/1745 309/404/1746
f 127/184/1747 309/404/1746 355/455/1748
f 309/404/1746 392/501/1744 720/928/1749
f 745/960/1750 720/928/1749 392/501/1744
f 392/501/1744 730/941/1631 745/960/1750
f 745/960/1750 730/941/1631 926/1194/1633
f 521/665/1751 309/404/1746 720/928/1749
f 524/668/1752 521/665/1751 624/804/1753
f 521/665/1751 524/668/1752 355/455/1748
f 524/668/1752 624/804/1753 612/781/1754
f 524/668/1752 612/781/1754 539/685/1755
f 612/781/1754 624/804/1753 616/788/1756
f 756/975/1643 616/788/1756 746/962/1641
f 820/1054/1640 746/962/1641 521/665/1751
f 521/665/1751 746/962/1641 616/788/1756
f 521/665/1751 616/788/1756 624/804/1753
f 309/404/1746 521/665/1751 355/455/1748
f 355/455/1748 524/668/1752 539/685/1755
f 141/205/1745 127/184/1747 104/156/1757
f 141/205/1745 104/156/1757 126/183/1758
f 141/205/1745 126/183/1758 173/246/1759
f 351/451/1679 141/205/1745 274/364/1760
f 521/665/1751 720/928/1749 820/1054/1640
f 820/1054/1640 720/928/1749 745/960/1750
f 926/1195/1633 1000/1293/1634 745/960/1750
f 745/960/1750 1000/1293/1634 820/1054/1640
f 126/183/1758 104/156/1757 142/206/1761
f 142/206/1761 266/355/1762 249/335/1763
f 126/183/1758 142/206/1761 249/335/1763
f 173/246/1759 126/183/1758 307/401/1764
f 126/183/1758 249/335/1763 307/401/1764
f 307/401/1764 512/655/1681 173/246/1759
f 173/246/1759 512/655/1681 274/364/1760
f 173/246/1759 274/364/1760 141/205/1745
f 641/825/1678 351/451/1679 274/364/1760
f 641/825/1678 274/364/1760 512/655/1681
f 641/825/1678 512/655/1681 740/953/1680
f 313/409/1765 512/655/1681 307/401/1764
f 655/841/1682 512/655/1681 313/409/1765
f 884/1136/1684 879/1130/1766 1012/1314/1686
f 1069/1383/1688 1012/1314/1686 879/1130/1766
f 1069/1383/1688 879/1130/1766 1208/1567/1701
f 1208/1567/1701 879/1130/1766 963/1240/1706
f 690/889/1767 879/1130/1766 884/1136/1684
f 963/1240/1706 879/1130/1766 690/889/1767
f 695/894/1768 639/822/1769 499/638/1770
f 695/894/1768 929/1198/1771 639/822/1769
f 965/1243/1772 639/822/1769 929/1198/1771
f 690/889/1767 639/822/1769 965/1243/1772
f 965/1243/1772 963/1240/1706 690/889/1767
f 266/355/1762 226/308/1773 249/335/1763
f 249/335/1763 226/308/1773 307/401/1764
f 170/242/1774 313/409/1765 307/401/1764
f 307/401/1764 226/308/1773 170/242/1774
f 1097/1420/1423 1021/1325/1775 858/1104/1431
f 858/1104/1431 817/1049/1383 1097/1420/1423
f 697/897/1776 668/861/1777 858/1104/1431
f 668/861/1777 697/897/1776 597/762/1778
f 597/762/1778 133/192/1779 668/861/1777
f 668/861/1777 133/192/1779 617/792/1385
f 697/897/1776 858/1104/1431 1021/1325/1775
f 697/897/1776 469/601/1780 303/396/1781
f 697/897/1776 1021/1325/1775 469/601/1780
f 469/601/1780 135/197/1782 303/396/1781
f 303/396/1781 135/197/1782 3737/4839/1783
f 303/396/1781 133/192/1779 597/762/1778
f 303/396/1781 597/762/1778 697/897/1776
f 3737/4839/1783 133/192/1779 303/396/1781
f 21/34/1784 3737/4839/1783 135/197/1782
f 21/34/1784 135/197/1782 41/66/1785
f 3814/4948/1786 41/66/1785 85/130/1787
f 85/130/1787 41/66/1785 122/177/1788
f 85/130/1787 122/177/1788 279/369/1789
f 3814/4948/1786 85/130/1787 72/111/1790
f 57/90/1791 72/111/1790 112/166/1792
f 408/521/1793 453/582/1794 85/130/1787
f 408/521/1793 85/130/1787 279/369/1789
f 279/369/1789 578/741/1795 408/521/1793
f 578/741/1795 638/821/1796 408/521/1793
f 644/829/1797 408/521/1793 638/821/1796
f 638/821/1796 578/741/1795 514/657/1798
f 638/821/1796 514/657/1798 619/796/1799
f 538/684/1800 619/796/1799 514/657/1798
f 619/796/1799 538/684/1800 595/760/1801
f 538/684/1800 487/623/1802 595/760/1801
f 595/760/1801 487/623/1802 626/806/1803
f 626/806/1803 487/623/1802 421/541/1804
f 608/776/1805 626/806/1803 421/541/1804
f 467/599/1806 538/684/1800 514/657/1798
f 514/657/1798 578/741/1795 279/369/1789
f 514/657/1798 279/369/1789 122/177/1788
f 2414/3112/1807 1781/2294/1808 1816/2336/1425
f 1781/2294/1808 2414/3112/1807 2456/3172/1809
f 2680/3452/1435 2456/3172/1809 2414/3112/1807
f 617/792/1385 541/689/1382 668/861/1777
f 668/861/1777 541/689/1382 858/1104/1431
f 21/34/1784 35/57/1810 3857/5013/1811
f 3971/5158/1812 35/57/1810 3858/5015/1813
f 3944/5122/1814 3874/5037/1815 3881/5044/1816
f 3950/5129/1817 4005/5199/1818 3771/4893/1819
f 48/75/1820 3771/4893/1819 4005/5199/1818
f 3950/5129/1817 3771/4893/1819 4085/5303/1821
f 4085/5303/1821 3771/4893/1819 51/80/1822
f 25/42/1823 51/80/1822 55/87/1824
f 43/68/1825 3771/4893/1819 48/75/1820
f 21/34/1784 41/66/1785 35/57/1810
f 3858/5015/1813 3944/5122/1814 3971/5159/1812
f 3874/5037/1815 3944/5122/1814 3858/5015/1813
f 3814/4948/1786 3874/5037/1815 3858/5015/1813
f 35/57/1810 41/66/1785 3814/4948/1786
f 3858/5015/1813 35/57/1810 3814/4948/1786
f 135/197/1782 321/418/1826 41/66/1785
f 135/197/1782 390/499/1827 321/418/1826
f 390/499/1827 400/511/1828 321/418/1826
f 400/511/1828 390/499/1827 473/606/1829
f 41/66/1785 321/418/1826 122/177/1788
f 400/511/1828 122/177/1788 321/418/1826
f 400/511/1828 426/547/1830 467/599/1806
f 400/511/1828 467/599/1806 122/177/1788
f 122/177/1788 467/599/1806 514/657/1798
f 467/599/1806 487/623/1802 538/684/1800
f 421/541/1804 487/623/1802 389/498/1831
f 487/623/1802 467/599/1806 389/498/1831
f 389/498/1831 467/599/1806 426/547/1830
f 421/541/1804 389/498/1831 482/618/1832
f 389/498/1831 518/661/1833 482/618/1832
f 426/547/1830 518/661/1833 389/498/1831
f 518/661/1833 426/547/1830 473/606/1829
f 421/541/1804 482/618/1832 480/616/1834
f 421/541/1804 480/616/1834 608/776/1805
f 480/616/1834 673/867/1835 608/776/1805
f 608/776/1805 823/1057/1836 762/983/1837
f 608/776/1805 762/983/1837 626/806/1803
f 595/760/1801 626/806/1803 762/983/1837
f 595/760/1801 762/983/1837 619/796/1799
f 619/796/1799 762/983/1837 718/925/1838
f 619/796/1799 718/925/1838 716/923/1839
f 638/821/1796 619/796/1799 716/923/1839
f 638/821/1796 716/923/1839 644/829/1797
f 716/923/1839 718/925/1838 644/829/1797
f 644/829/1797 718/925/1838 653/839/1840
f 408/521/1793 644/829/1797 653/839/1840
f 823/1057/1836 608/776/1805 673/867/1835
f 823/1057/1836 673/867/1835 957/1230/1841
f 480/616/1834 634/816/1842 757/977/1843
f 480/616/1834 757/977/1843 673/867/1835
f 1224/1586/1844 673/867/1835 757/977/1843
f 757/977/1843 634/816/1842 850/1090/1845
f 850/1090/1845 901/1159/1846 933/1202/1847
f 901/1159/1846 850/1090/1845 984/1265/1848
f 1017/1319/1849 901/1159/1846 984/1265/1848
f 984/1265/1848 850/1090/1845 634/816/1842
f 634/816/1842 829/1063/1850 984/1265/1848
f 1246/1611/1851 984/1265/1848 829/1063/1850
f 1228/1590/1852 984/1265/1848 1246/1611/1851
f 1228/1590/1852 1246/1611/1851 1471/1905/1853
f 1228/1590/1852 1235/1599/1854 984/1265/1848
f 1017/1319/1849 984/1265/1848 1235/1599/1854
f 1235/1599/1854 1161/1509/1855 1017/1319/1849
f 1161/1509/1855 1235/1599/1854 1227/1589/1856
f 1235/1599/1854 1396/1809/1857 1227/1589/1856
f 1396/1809/1857 1235/1599/1854 1228/1590/1852
f 1227/1589/1856 933/1202/1847 1161/1509/1855
f 1017/1319/1849 1161/1509/1855 933/1202/1847
f 901/1159/1846 1017/1319/1849 933/1202/1847
f 1224/1586/1844 933/1202/1847 1227/1589/1856
f 757/977/1843 933/1202/1847 1224/1586/1844
f 1224/1586/1844 1227/1589/1856 1390/1802/1858
f 1224/1586/1844 1536/1987/1859 1552/2008/1860
f 1552/2008/1860 2074/2670/1861 1566/2029/1862
f 1224/1586/1844 1390/1802/1858 1536/1987/1859
f 957/1230/1841 1224/1586/1844 1552/2008/1860
f 1552/2008/1860 1566/2029/1862 957/1230/1841
f 1224/1586/1844 957/1230/1841 673/867/1835
f 1072/1386/1863 957/1230/1841 1566/2029/1862
f 223/305/1864 112/166/1792 72/111/1790
f 223/305/1864 72/111/1790 453/582/1794
f 72/111/1790 85/130/1787 453/582/1794
f 43/68/1825 48/75/1820 112/166/1792
f 43/68/1825 112/166/1792 223/305/1864
f 43/68/1825 223/305/1864 55/87/1824
f 55/87/1824 223/305/1864 479/613/1865
f 853/1096/1866 907/1169/1867 479/613/1865
f 479/613/1865 403/514/1868 55/87/1824
f 72/111/1790 57/90/1791 3814/4948/1786
f 3814/4948/1786 57/90/1791 3874/5037/1815
f 3881/5044/1816 3874/5037/1815 57/90/1791
f 3881/5044/1816 57/90/1791 48/75/1820
f 57/90/1791 112/166/1792 48/75/1820
f 48/75/1820 4005/5199/1818 3881/5044/1816
f 3771/4893/1819 43/68/1825 51/80/1822
f 55/87/1824 51/80/1822 43/68/1825
f 223/305/1864 453/582/1794 1276/1655/1869
f 223/305/1864 1276/1655/1869 1186/1538/1870
f 1462/1892/1871 1276/1655/1869 1169/1518/1872
f 1462/1892/1871 1169/1518/1872 1072/1386/1863
f 957/1230/1841 1072/1386/1863 823/1057/1836
f 1169/1518/1872 718/925/1838 762/983/1837
f 1169/1518/1872 762/983/1837 1072/1386/1863
f 1072/1386/1863 762/983/1837 823/1057/1836
f 1276/1655/1869 718/925/1838 1169/1518/1872
f 453/582/1794 653/839/1840 718/925/1838
f 653/839/1840 453/582/1794 408/521/1793
f 453/582/1794 718/925/1838 1276/1655/1869
f 1021/1325/1775 1097/1420/1423 936/1206/1873
f 936/1206/1873 1097/1420/1423 1816/2336/1425
f 1781/2294/1808 936/1206/1873 1816/2336/1425
f 941/1211/1874 936/1206/1873 1781/2294/1808
f 941/1211/1874 1781/2294/1808 2033/2618/1875
f 1021/1325/1775 936/1206/1873 473/606/1829
f 936/1206/1873 941/1211/1874 473/606/1829
f 941/1211/1874 856/1100/1876 518/661/1833
f 941/1211/1874 518/661/1833 473/606/1829
f 1021/1325/1775 473/606/1829 469/601/1780
f 135/197/1782 469/601/1780 390/499/1827
f 400/511/1828 473/606/1829 426/547/1830
f 482/618/1832 735/947/1877 480/616/1834
f 480/616/1834 829/1063/1850 634/816/1842
f 480/616/1834 735/947/1877 829/1063/1850
f 735/947/1877 1122/1455/1878 829/1063/1850
f 829/1063/1850 1237/1601/1879 1246/1611/1851
f 1237/1601/1879 829/1063/1850 1122/1455/1878
f 518/661/1833 856/1100/1876 482/618/1832
f 482/618/1832 856/1100/1876 818/1050/1880
f 482/618/1832 818/1050/1880 735/947/1877
f 735/947/1877 818/1050/1880 1122/1455/1878
f 390/499/1827 469/601/1780 473/606/1829
f 2680/3451/1435 1816/2335/1425 2549/3287/1415
f 2414/3112/1807 1816/2336/1425 2680/3452/1435
f 1396/1809/1857 1471/1905/1853 1757/2268/1881
f 1471/1905/1853 1396/1809/1857 1228/1590/1852
f 1396/1809/1857 1757/2268/1881 1390/1802/1858
f 1390/1802/1858 1227/1589/1856 1396/1809/1857
f 933/1202/1847 757/977/1843 850/1090/1845
f 856/1101/1876 941/1212/1874 2033/2619/1875
f 856/1101/1876 2033/2619/1875 1822/2343/1882
f 2033/2619/1875 2209/2845/1883 1822/2343/1882
f 1822/2343/1882 1983/2551/1884 1415/1838/1885
f 1781/2295/1808 2456/3173/1809 2033/2619/1875
f 2274/2930/1886 1822/2343/1882 2209/2845/1883
f 2456/3173/1809 2209/2845/1883 2033/2619/1875
f 856/1101/1876 1822/2343/1882 818/1051/1880
f 818/1051/1880 1415/1838/1885 1122/1456/1878
f 1122/1456/1878 1415/1838/1885 1393/1806/1887
f 1122/1456/1878 1393/1806/1887 1237/1602/1879
f 1415/1838/1885 1983/2551/1884 1393/1806/1887
f 1393/1806/1887 1246/1612/1851 1237/1602/1879
f 1471/1906/1853 1246/1612/1851 1393/1806/1887
f 1757/2269/1881 1471/1906/1853 1393/1806/1887
f 1390/1803/1858 1757/2269/1881 1536/1988/1859
f 1757/2269/1881 1987/2555/1888 1536/1988/1859
f 1536/1988/1859 1987/2555/1888 1983/2551/1884
f 1552/2009/1860 1536/1988/1859 1983/2551/1884
f 1552/2009/1860 1983/2551/1884 2074/2671/1861
f 1983/2551/1884 2274/2930/1886 2074/2671/1861
f 1822/2343/1882 2274/2930/1886 1983/2551/1884
f 1983/2551/1884 1987/2555/1888 1393/1806/1887
f 1987/2555/1888 1757/2269/1881 1393/1806/1887
f 1822/2343/1882 1415/1838/1885 818/1051/1880
f 71/109/1889 65/100/1890 106/159/1891
f 305/398/1892 290/381/1893 65/100/1890
f 290/381/1893 305/398/1892 404/516/1894
f 106/159/1891 84/129/1598 71/109/1889
f 106/159/1891 411/528/1600 84/129/1598
f 980/1260/1895 1179/1530/1896 106/159/1891
f 106/159/1891 1179/1530/1896 411/528/1600
f 1179/1530/1896 1386/1798/1604 894/1150/1602
f 1078/1393/1897 1756/2267/1898 980/1260/1895
f 980/1260/1895 1756/2267/1898 1694/2190/1899
f 980/1260/1895 1694/2190/1899 1179/1530/1896
f 1179/1530/1896 1694/2190/1899 1634/2118/1900
f 1634/2118/1900 1694/2190/1899 1840/2370/1901
f 1634/2118/1900 1840/2370/1901 1386/1798/1604
f 1386/1798/1604 1179/1530/1896 1634/2118/1900
f 65/100/1890 71/109/1889 68/103/1902
f 68/103/1902 91/139/1903 65/100/1890
f 91/139/1903 68/103/1902 1/1/1904
f 68/103/1902 3810/4942/1905 1/1/1904
f 1/1/1904 78/118/1906 91/139/1903
f 91/139/1903 74/114/1907 305/398/1892
f 153/224/1908 305/398/1892 74/114/1907
f 305/398/1892 153/224/1908 404/516/1894
f 108/161/1909 146/213/1910 489/625/1911
f 108/161/1909 489/625/1911 591/756/1912
f 591/756/1912 489/626/1911 628/808/1913
f 591/756/1912 628/808/1913 540/687/1914
f 628/808/1913 832/1066/1915 540/687/1914
f 591/756/1912 540/687/1914 153/224/1908
f 591/756/1912 153/224/1908 108/161/1909
f 153/224/1908 540/687/1914 404/516/1894
f 980/1260/1895 290/381/1893 1078/1393/1897
f 1457/1887/1916 1078/1393/1897 939/1209/1917
f 1756/2267/1898 1078/1393/1897 1457/1887/1916
f 1694/2190/1899 1756/2267/1898 2007/2585/1918
f 1967/2529/1919 1756/2267/1898 1457/1887/1916
f 2007/2585/1918 1756/2267/1898 2207/2842/1920
f 1756/2267/1898 1967/2529/1919 2207/2842/1920
f 1825/2347/1921 1967/2529/1919 1457/1887/1916
f 1020/1322/1922 939/1209/1917 832/1066/1915
f 74/114/1907 91/139/1903 78/118/1906
f 74/114/1907 78/118/1906 54/85/1923
f 3740/4846/1924 54/85/1923 78/118/1906
f 74/114/1907 108/161/1909 153/224/1908
f 74/114/1907 54/85/1923 108/161/1909
f 954/1226/1925 404/516/1894 654/840/1926
f 404/516/1894 954/1226/1925 290/381/1893
f 1078/1393/1897 290/381/1893 954/1226/1925
f 954/1226/1925 939/1209/1917 1078/1393/1897
f 654/840/1926 939/1209/1917 954/1226/1925
f 540/687/1914 939/1209/1917 654/840/1926
f 654/840/1926 404/516/1894 540/687/1914
f 939/1209/1917 540/687/1914 832/1066/1915
f 1020/1322/1922 1825/2347/1921 1457/1887/1916
f 1457/1887/1916 939/1209/1917 1020/1322/1922
f 106/159/1891 65/100/1890 290/381/1893
f 91/139/1903 305/398/1892 65/100/1890
f 2449/3164/1927 2122/2738/1928 2007/2585/1918
f 2007/2585/1918 2408/3106/1929 2449/3164/1927
f 2408/3106/1929 2463/3183/1930 2617/3374/1931
f 2449/3164/1927 2408/3106/1929 2617/3374/1931
f 2818/3639/1932 3333/4306/1933 3292/4247/1934
f 3005/3881/1935 2612/3369/1936 2617/3374/1931
f 2612/3369/1936 3005/3881/1935 2517/3250/1937
f 3005/3881/1935 2818/3639/1932 2517/3250/1937
f 2517/3250/1937 2818/3639/1932 2442/3152/1938
f 2442/3152/1938 2154/2777/1939 2517/3250/1937
f 2154/2777/1939 2442/3152/1938 2223/2863/1940
f 2223/2863/1940 2582/3333/1941 2344/3026/1614
f 2344/3026/1614 2582/3333/1941 2581/3331/1623
f 2581/3331/1623 2582/3333/1941 2706/3488/1942
f 2706/3488/1942 2582/3333/1941 2851/3680/1943
f 2938/3792/1944 2851/3680/1943 2582/3333/1941
f 3118/4020/1945 2938/3792/1944 2582/3333/1941
f 3178/4097/1946 2938/3792/1944 3118/4020/1945
f 3265/4209/1947 3178/4097/1946 3259/4200/1948
f 2818/3639/1932 3292/4247/1934 3259/4200/1948
f 2007/2585/1918 2207/2842/1920 2408/3106/1929
f 2230/2874/1949 1967/2529/1919 1825/2347/1921
f 2207/2842/1920 1967/2529/1919 2230/2875/1949
f 2207/2842/1920 2463/3183/1930 2408/3106/1929
f 2151/2774/1950 2517/3250/1937 2154/2777/1939
f 2151/2774/1950 2154/2777/1939 1840/2370/1901
f 1840/2370/1901 2154/2777/1939 2223/2863/1940
f 2151/2774/1950 1840/2370/1901 2122/2738/1928
f 1840/2370/1901 1694/2190/1899 2122/2738/1928
f 2122/2738/1928 1694/2190/1899 2007/2585/1918
f 2122/2738/1928 2449/3164/1927 2151/2774/1950
f 2151/2774/1950 2449/3164/1927 2617/3374/1931
f 2151/2774/1950 2617/3374/1931 2612/3369/1936
f 2151/2774/1950 2612/3369/1936 2517/3250/1937
f 3118/4020/1945 2582/3333/1941 2818/3639/1932
f 3118/4020/1945 2818/3639/1932 3178/4097/1946
f 3259/4200/1948 3178/4097/1946 2818/3639/1932
f 2442/3152/1938 2818/3639/1932 2582/3333/1941
f 2223/2863/1940 2442/3152/1938 2582/3333/1941
f 2223/2863/1940 2344/3026/1614 2080/2684/1608
f 2223/2863/1940 1744/2251/1609 1840/2370/1901
f 1840/2370/1901 1744/2251/1609 1386/1798/1604
f 2080/2684/1608 1744/2251/1609 2223/2863/1940
f 71/109/1889 84/129/1598 69/106/1593
f 411/528/1600 1179/1530/1896 894/1150/1602
f 290/381/1893 980/1260/1895 106/159/1891
f 68/104/1902 71/110/1889 3823/4962/1561
f 3823/4962/1561 3841/4992/1951 68/104/1902
f 68/104/1902 3841/4992/1951 3810/4943/1905
f 3810/4943/1905 3841/4992/1951 3919/5094/1952
f 3919/5094/1952 3841/4992/1951 3977/5168/1953
f 3977/5168/1953 3841/4992/1951 3823/4962/1561
f 3810/4943/1905 3919/5094/1952 3938/5115/1954
f 3810/4943/1905 78/119/1906 1/2/1904
f 3810/4943/1905 3873/5036/1955 78/119/1906
f 3938/5115/1954 3873/5036/1955 3810/4943/1905
f 3919/5094/1952 4079/5293/1956 3938/5115/1954
f 4139/5369/1957 3955/5137/1958 3938/5115/1954
f 3955/5137/1958 3873/5036/1955 3938/5115/1954
f 3955/5137/1958 3740/4847/1924 3873/5036/1955
f 3740/4847/1924 78/119/1906 3873/5036/1955
f 3740/4847/1924 3808/4940/1959 5/9/1960
f 4/7/1961 79/120/1962 3756/4873/1963
f 4/7/1961 3756/4873/1963 3767/4888/1964
f 4/7/1961 3767/4888/1964 3738/4841/1965
f 3756/4873/1963 3766/4887/1966 3783/4910/1967
f 3767/4888/1964 3756/4873/1963 3783/4910/1967
f 4/7/1961 3738/4841/1965 134/194/1968
f 4079/5293/1956 3919/5094/1952 3977/5168/1953
f 4079/5293/1956 3977/5168/1953 3974/5164/1557
f 3974/5164/1557 3977/5168/1953 3823/4962/1561
f 4208/5456/1562 4079/5293/1956 3974/5164/1557
f 4133/5363/1969 3938/5115/1954 4079/5293/1956
f 3938/5115/1954 4133/5363/1969 4139/5369/1957
f 4139/5369/1957 4133/5363/1969 4191/5436/1970
f 4080/5295/1563 4208/5456/1562 3974/5164/1557
f 4321/5593/1971 4248/5504/1567 4316/5588/1155
f 4208/5456/1562 4248/5504/1567 4079/5293/1956
f 4133/5363/1969 4079/5293/1956 4332/5605/1972
f 4079/5293/1956 4248/5504/1567 4332/5605/1972
f 4332/5605/1972 4248/5504/1567 4321/5593/1971
f 4339/5614/1973 4133/5363/1969 4332/5605/1972
f 3955/5137/1958 4139/5369/1957 4084/5302/1974
f 4139/5369/1957 4191/5436/1970 4084/5302/1974
f 4339/5614/1973 4191/5436/1970 4133/5363/1969
f 4327/5600/1975 4191/5436/1970 4373/5653/1976
f 4109/5334/1977 4084/5302/1974 4191/5436/1970
f 4191/5436/1970 4327/5600/1975 4109/5334/1977
f 4373/5653/1976 4381/5662/1978 4394/5678/1979
f 4327/5600/1975 4373/5653/1976 4394/5678/1979
f 4381/5662/1978 4373/5653/1976 4399/5683/1980
f 4395/5679/1981 4373/5653/1976 4388/5672/1982
f 4373/5653/1976 4395/5679/1981 4399/5683/1980
f 4421/5711/1983 4399/5683/1980 4395/5679/1981
f 4399/5683/1980 4421/5711/1983 4429/5723/1984
f 4395/5679/1981 4388/5672/1982 4421/5711/1983
f 4443/5740/1985 4421/5711/1983 4358/5636/1153
f 4358/5636/1153 4421/5711/1983 4370/5649/1986
f 4443/5740/1985 4358/5636/1153 4426/5719/1157
f 4421/5711/1983 4388/5672/1982 4370/5649/1986
f 4370/5649/1986 4388/5672/1982 4373/5653/1976
f 4370/5649/1986 4373/5653/1976 4191/5436/1970
f 4358/5636/1153 4370/5649/1986 4353/5630/1987
f 4500/5812/1988 4443/5740/1985 4426/5719/1157
f 4500/5812/1988 4523/5838/1989 4477/5782/1990
f 4500/5812/1988 4477/5782/1990 4443/5740/1985
f 4421/5711/1983 4443/5740/1985 4477/5782/1990
f 4464/5766/1991 4421/5711/1983 4477/5782/1990
f 4421/5711/1983 4464/5766/1991 4429/5723/1984
f 4394/5678/1979 4381/5662/1978 4429/5723/1984
f 4394/5678/1979 4429/5723/1984 4403/5687/1992
f 4429/5723/1984 4381/5662/1978 4399/5683/1980
f 4464/5766/1991 4487/5797/1993 4429/5723/1984
f 4403/5687/1992 4429/5723/1984 4487/5797/1993
f 4504/5817/1994 4487/5797/1993 4464/5766/1991
f 4487/5797/1993 4504/5817/1994 4513/5826/1995
f 4504/5817/1994 4524/5839/1996 4513/5826/1995
f 4446/5744/1997 4403/5687/1992 4487/5797/1993
f 4403/5687/1992 4446/5744/1997 4409/5694/1998
f 4446/5744/1997 4487/5797/1993 4513/5826/1995
f 4409/5694/1998 4306/5572/1999 4403/5687/1992
f 4163/5400/2000 4306/5572/1999 4226/5476/2001
f 4327/5600/1975 4306/5572/1999 4163/5400/2000
f 4163/5400/2000 4063/5274/2002 4046/5249/2003
f 3767/4888/1964 3783/4910/1967 3787/4915/2004
f 4046/5249/2003 3787/4916/2004 3783/4910/1967
f 3756/4873/1963 79/120/1962 5/9/1960
f 3783/4910/1967 3766/4887/1966 4046/5249/2003
f 4163/5400/2000 4022/5219/2005 4109/5334/1977
f 3766/4887/1966 4022/5219/2005 4046/5249/2003
f 4327/5600/1975 4163/5400/2000 4109/5334/1977
f 4046/5249/2003 4022/5219/2005 4163/5400/2000
f 3837/4987/1560 3823/4962/1561 3754/4871/1594
f 3754/4871/1594 3823/4962/1561 71/110/1889
f 69/107/1593 3754/4871/1594 71/110/1889
f 929/1198/1771 1336/1729/1709 1404/1822/1705
f 1336/1729/1709 929/1198/1771 890/1143/1707
f 1404/1822/1705 963/1240/1706 965/1243/1772
f 1404/1822/1705 965/1243/1772 929/1198/1771
f 929/1198/1771 695/894/1768 890/1143/1707
f 695/894/1768 661/849/2006 890/1143/1707
f 890/1143/1707 661/849/2006 1048/1360/1710
f 661/849/2006 755/973/2007 1048/1360/1710
f 1048/1360/1710 755/973/2007 689/888/1711
f 755/973/2007 661/849/2006 347/447/2008
f 326/424/2009 347/447/2008 661/849/2006
f 263/352/2010 326/424/2009 661/849/2006
f 661/849/2006 695/894/1768 263/352/2010
f 313/409/1765 499/638/1770 639/822/1769
f 695/894/1768 499/638/1770 263/352/2010
f 347/447/2008 326/424/2009 235/319/2011
f 235/319/2011 326/424/2009 167/239/2012
f 326/424/2009 263/352/2010 167/239/2012
f 499/638/1770 170/242/1774 263/352/2010
f 499/638/1770 313/409/1765 170/242/1774
f 655/841/1682 313/409/1765 690/889/1767
f 655/841/1682 690/889/1767 884/1136/1684
f 313/409/1765 639/822/1769 690/889/1767
f 2416/3114/1725 1560/2020/1713 2490/3217/1728
f 2490/3217/1728 1560/2020/1713 1421/1844/1712
f 2484/3211/1717 3269/4216/1742 2780/3591/1718
f 3531/4574/2013 2780/3591/1718 3269/4216/1742
f 3619/4685/1741 3531/4574/2013 3269/4216/1742
f 3531/4574/2013 3619/4685/1741 3685/4777/2014
f 3730/4826/2015 3685/4777/2014 3619/4685/1741
f 3734/4834/2016 3730/4826/2015 3717/4811/1740
f 3716/4810/2017 3726/4821/2018 3732/4830/2019
f 3709/4803/2020 3726/4821/2018 3716/4810/2017
f 3671/4759/2021 3726/4821/2018 3709/4803/2020
f 3709/4803/2020 3716/4810/2017 3604/4665/2022
f 3709/4803/2020 3604/4665/2022 3671/4759/2021
f 3232/4167/2023 3671/4759/2021 3604/4665/2022
f 2293/2956/1727 3232/4167/2023 2490/3217/1728
f 3232/4167/2023 3604/4665/2022 2490/3217/1728
f 2490/3217/1728 3604/4665/2022 3252/4191/1729
f 3252/4191/1729 3604/4665/2022 3663/4748/1732
f 3716/4810/2017 3663/4748/1732 3604/4665/2022
f 1030/1338/1726 689/888/1711 750/966/2024
f 847/1085/2025 1030/1338/1726 750/966/2024
f 847/1086/2025 750/966/2024 560/715/2026
f 560/715/2026 750/966/2024 441/566/2027
f 560/715/2026 441/566/2027 357/458/2028
f 360/462/2029 357/458/2028 441/566/2027
f 215/293/2030 357/458/2028 360/462/2029
f 441/566/2027 553/706/2031 360/462/2029
f 235/319/2011 360/462/2029 347/447/2008
f 553/706/2031 347/447/2008 360/462/2029
f 553/706/2031 689/888/1711 347/447/2008
f 755/973/2007 347/447/2008 689/888/1711
f 750/966/2024 689/888/1711 553/706/2031
f 553/706/2031 441/566/2027 750/966/2024
f 360/462/2029 235/319/2011 215/293/2030
f 215/293/2030 235/319/2011 172/244/2032
f 235/319/2011 167/239/2012 172/244/2032
f 147/215/2033 172/244/2032 167/239/2012
f 195/273/2034 167/239/2012 263/352/2010
f 263/352/2010 170/242/1774 195/273/2034
f 226/308/1773 152/222/2035 170/242/1774
f 167/239/2012 195/273/2034 147/215/2033
f 152/222/2035 147/215/2033 170/242/1774
f 170/242/1774 147/215/2033 195/273/2034
f 3756/4873/1963 5/9/1960 3766/4887/1966
f 5/9/1960 3808/4940/1959 3766/4887/1966
f 4357/5634/2036 4321/5593/1971 4316/5588/1155
f 4357/5634/2036 4316/5588/1155 4358/5636/1153
f 4426/5719/1157 4358/5636/1153 4310/5580/1152
f 4426/5719/1157 4469/5772/1156 4500/5812/1988
f 4530/5849/2037 4500/5812/1988 4469/5772/1156
f 4572/5899/2038 4555/5879/2039 4567/5893/1171
f 4567/5893/1171 4555/5879/2039 4528/5846/1158
f 4528/5846/1158 4555/5879/2039 4530/5849/2037
f 4530/5849/2037 4469/5772/1156 4528/5846/1158
f 4321/5593/1971 4357/5634/2036 4332/5605/1972
f 4332/5605/1972 4357/5634/2036 4353/5630/1987
f 4332/5605/1972 4353/5630/1987 4339/5614/1973
f 4353/5630/1987 4357/5634/2036 4358/5636/1153
f 4598/5930/2040 4572/5899/2038 4567/5893/1171
f 4592/5924/1168 4598/5930/2040 4567/5893/1171
f 4592/5924/1168 4634/5978/1167 4598/5930/2040
f 4634/5978/1167 4617/5955/2041 4598/5930/2040
f 4500/5812/1988 4530/5849/2037 4523/5838/1989
f 4523/5838/1989 4530/5849/2037 4532/5852/2042
f 4532/5852/2042 4530/5849/2037 4555/5879/2039
f 4572/5899/2038 4574/5901/2043 4535/5855/2044
f 4574/5901/2043 4572/5899/2038 4598/5930/2040
f 4617/5955/2041 4557/5881/2045 4598/5930/2040
f 4574/5901/2043 4598/5930/2040 4557/5881/2045
f 4557/5881/2045 4617/5955/2041 4626/5966/2046
f 4644/5995/1173 4626/5966/2046 4617/5955/2041
f 4643/5992/2047 4626/5966/2046 4644/5995/1173
f 4689/6058/1175 4643/5992/2047 4685/6053/1170
f 4696/6069/1174 4674/6035/2048 4643/5992/2047
f 4626/5966/2046 4643/5992/2047 4590/5920/2049
f 4557/5881/2045 4535/5855/2044 4574/5901/2043
f 4572/5899/2038 4535/5855/2044 4555/5879/2039
f 4477/5782/1990 4523/5838/1989 4504/5817/1994
f 4532/5852/2042 4504/5817/1994 4523/5838/1989
f 4477/5782/1990 4504/5817/1994 4464/5766/1991
f 4504/5817/1994 4532/5852/2042 4535/5855/2044
f 4339/5614/1973 4370/5649/1986 4191/5436/1970
f 4370/5649/1986 4339/5614/1973 4353/5630/1987
f 3766/4887/1966 3808/4940/1959 4022/5219/2005
f 3808/4940/1959 3740/4847/1924 3955/5137/1958
f 4022/5219/2005 3955/5137/1958 4084/5302/1974
f 3955/5137/1958 4022/5219/2005 3808/4940/1959
f 3619/4685/1741 3664/4749/1739 3683/4775/1735
f 3717/4811/1740 3619/4685/1741 3683/4775/1735
f 3730/4826/2015 3619/4685/1741 3717/4811/1740
f 3717/4811/1740 3712/4806/1733 3734/4834/2016
f 3712/4806/1733 3716/4810/2017 3732/4830/2019
f 3712/4806/1733 3732/4830/2019 3734/4834/2016
f 3619/4685/1741 3269/4216/1742 3297/4253/1738
f 3663/4748/1732 3716/4810/2017 3700/4793/1731
f 3700/4793/1731 3716/4810/2017 3712/4806/1733
f 617/793/1385 3737/4840/1783 2/4/1429
f 617/793/1385 133/193/1779 3737/4840/1783
f 3737/4840/1783 3775/4899/1430 2/4/1429
f 3978/5169/2050 3847/4998/2051 3857/5014/1811
f 3857/5014/1811 3847/4998/2051 3775/4899/1430
f 3857/5014/1811 3737/4840/1783 21/35/1784
f 35/58/1810 3978/5169/2050 3857/5014/1811
f 3775/4899/1430 3847/4998/2051 3866/5028/1338
f 3847/4998/2051 3978/5169/2050 4117/5345/2052
f 4117/5345/2052 4280/5542/2053 4303/5569/2054
f 4317/5589/2055 4302/5568/2056 4325/5598/2057
f 4317/5589/2055 4325/5598/2057 4331/5604/2058
f 4337/5611/2059 4325/5598/2057 4302/5568/2056
f 4331/5604/2058 4325/5598/2057 4337/5611/2059
f 4302/5568/2056 4303/5569/2054 4337/5611/2059
f 4337/5611/2059 4364/5643/2060 4331/5604/2058
f 4337/5611/2059 4303/5569/2054 4343/5619/2061
f 4337/5611/2059 4343/5619/2061 4364/5643/2060
f 4303/5569/2054 4280/5542/2053 4343/5619/2061
f 4083/5300/1340 4117/5345/2052 4143/5374/2062
f 4083/5300/1340 3866/5028/1338 4117/5345/2052
f 3847/4998/2051 4117/5345/2052 3866/5028/1338
f 4161/5397/2063 4143/5374/2062 4201/5447/2064
f 4217/5466/2065 4143/5374/2062 4230/5483/2066
f 4201/5447/2064 4143/5374/2062 4217/5466/2065
f 4201/5447/2064 4217/5466/2065 4222/5471/2067
f 4196/5441/2068 4161/5397/2063 4201/5447/2064
f 4196/5441/2068 4201/5447/2064 4222/5471/2067
f 4161/5397/2063 4196/5441/2068 4182/5424/2069
f 4167/5406/1347 4229/5482/2070 4169/5410/1345
f 4229/5482/2070 4167/5406/1347 4196/5441/2068
f 4229/5482/2070 4196/5441/2068 4222/5471/2067
f 4222/5471/2067 4217/5466/2065 4229/5482/2070
f 4229/5482/2070 4217/5466/2065 4260/5517/2071
f 4230/5483/2066 4143/5374/2062 4240/5493/2072
f 4240/5493/2072 4143/5374/2062 4236/5489/2073
f 4236/5489/2073 4143/5374/2062 4267/5526/2074
f 4267/5526/2074 4143/5374/2062 4117/5345/2052
f 4267/5526/2074 4117/5345/2052 4279/5541/2075
f 3775/4899/1430 3737/4840/1783 3857/5014/1811
f 3971/5160/1812 3978/5169/2050 35/58/1810
f 3978/5169/2050 3971/5160/1812 4173/5414/2076
f 4005/5200/1818 3950/5130/1817 4205/5452/2077
f 4205/5452/2077 4232/5485/2078 4005/5200/1818
f 4205/5452/2077 4272/5532/2079 4232/5485/2078
f 4085/5304/1821 4205/5452/2077 3950/5131/1817
f 4205/5452/2077 4085/5305/1821 4272/5532/2079
f 4272/5532/2079 4346/5622/2080 4338/5612/2081
f 4338/5612/2081 4232/5485/2078 4272/5532/2079
f 4189/5433/2082 3944/5123/1814 3881/5045/1816
f 4189/5433/2082 4173/5414/2076 3944/5123/1814
f 3944/5123/1814 4173/5414/2076 3971/5160/1812
f 4173/5414/2076 4189/5433/2082 4280/5542/2053
f 4280/5542/2053 4117/5345/2052 4173/5414/2076
f 4005/5200/1818 4189/5433/2082 3881/5045/1816
f 4005/5200/1818 4232/5485/2078 4189/5433/2082
f 4267/5526/2074 4279/5541/2075 4278/5540/2083
f 4278/5540/2083 4279/5541/2075 4286/5548/2084
f 4286/5548/2084 4279/5541/2075 4293/5556/2085
f 4279/5541/2075 4117/5345/2052 4303/5569/2054
f 4279/5541/2075 4303/5569/2054 4302/5568/2056
f 4236/5489/2073 4267/5526/2074 4270/5529/2086
f 4267/5526/2074 4278/5540/2083 4290/5552/2087
f 4267/5526/2074 4290/5552/2087 4326/5599/2088
f 4267/5526/2074 4326/5599/2088 4273/5535/2089
f 4267/5526/2074 4273/5535/2089 4270/5529/2086
f 4270/5529/2086 4273/5535/2089 4240/5493/2072
f 4273/5535/2089 4260/5517/2071 4240/5493/2072
f 4344/5620/2090 4273/5535/2089 4326/5599/2088
f 4286/5548/2084 4290/5552/2087 4278/5540/2083
f 4326/5599/2088 4290/5552/2087 4322/5594/2091
f 4322/5594/2091 4290/5552/2087 4286/5548/2084
f 4326/5599/2088 4322/5594/2091 4375/5655/2092
f 4326/5599/2088 4375/5655/2092 4344/5620/2090
f 4344/5620/2090 4397/5681/2093 4390/5674/2094
f 4344/5620/2090 4390/5674/2094 4308/5576/2095
f 4344/5620/2090 4308/5576/2095 4273/5535/2089
f 4470/5773/2096 4505/5818/2097 4496/5807/963
f 4536/5857/1336 4496/5807/963 4505/5818/2097
f 4496/5807/963 4536/5857/1336 4529/5848/962
f 4430/5724/2098 4470/5773/2096 4427/5721/961
f 4427/5721/961 4470/5773/2096 4454/5754/958
f 4454/5754/958 4470/5773/2096 4496/5807/963
f 4169/5410/1345 4229/5482/2070 4291/5554/1335
f 4323/5596/1334 4291/5554/1335 4308/5576/2095
f 4260/5517/2071 4291/5554/1335 4229/5482/2070
f 4260/5517/2071 4217/5466/2065 4230/5483/2066
f 4260/5517/2071 4230/5483/2066 4240/5493/2072
f 4273/5535/2089 4308/5576/2095 4260/5517/2071
f 4260/5517/2071 4308/5576/2095 4291/5554/1335
f 4323/5596/1334 4308/5576/2095 4390/5674/2094
f 4323/5596/1334 4390/5674/2094 4430/5724/2098
f 4323/5596/1334 4430/5724/2098 4427/5721/961
f 4236/5489/2073 4270/5529/2086 4240/5493/2072
f 4430/5724/2098 4390/5674/2094 4397/5681/2093
f 4397/5681/2093 4344/5620/2090 4375/5655/2092
f 4304/5570/2099 4322/5594/2091 4309/5577/2100
f 4322/5594/2091 4304/5570/2099 4331/5604/2058
f 4317/5589/2055 4331/5604/2058 4304/5570/2099
f 4375/5655/2092 4322/5594/2091 4331/5604/2058
f 4375/5655/2092 4331/5604/2058 4364/5643/2060
f 4397/5681/2093 4375/5655/2092 4389/5673/2101
f 4389/5673/2101 4375/5655/2092 4364/5643/2060
f 4442/5739/2102 4397/5681/2093 4389/5673/2101
f 4389/5673/2101 4435/5732/2103 4442/5739/2102
f 4389/5673/2101 4380/5661/2104 4435/5732/2103
f 4389/5673/2101 4364/5643/2060 4380/5661/2104
f 4298/5564/2105 4317/5589/2055 4304/5570/2099
f 4298/5564/2105 4279/5541/2075 4317/5589/2055
f 4317/5589/2055 4279/5541/2075 4302/5568/2056
f 4279/5541/2075 4298/5564/2105 4293/5556/2085
f 4293/5556/2085 4298/5564/2105 4304/5570/2099
f 4286/5548/2084 4293/5556/2085 4309/5577/2100
f 4309/5577/2100 4293/5556/2085 4304/5570/2099
f 4309/5577/2100 4322/5594/2091 4286/5548/2084
f 4637/5983/1118 4613/5951/1117 4603/5936/2106
f 4604/5937/2107 4637/5983/1118 4603/5936/2106
f 4539/5860/2108 4588/5916/2109 4578/5905/2110
f 4447/5746/2111 4578/5905/2110 4549/5873/2112
f 4539/5860/2108 4578/5905/2110 4447/5746/2111
f 4539/5860/2108 4447/5746/2111 4471/5774/2113
f 4471/5774/2113 4447/5746/2111 4434/5729/2114
f 4434/5730/2114 4447/5746/2111 4377/5657/2115
f 4377/5657/2115 4447/5746/2111 4380/5661/2104
f 4508/5821/2116 4447/5746/2111 4549/5873/2112
f 4508/5821/2116 4549/5873/2112 4545/5869/2117
f 4578/5905/2110 4588/5916/2109 4604/5937/2107
f 4604/5937/2107 4603/5936/2106 4578/5905/2110
f 4549/5873/2112 4578/5905/2110 4603/5936/2106
f 4549/5873/2112 4603/5936/2106 4613/5951/1117
f 4549/5873/2112 4613/5951/1117 4545/5869/2117
f 4613/5951/1117 4601/5934/1337 4545/5869/2117
f 4545/5869/2117 4601/5934/1337 4536/5857/1336
f 4545/5869/2117 4536/5857/1336 4484/5793/2118
f 4484/5793/2118 4536/5857/1336 4505/5818/2097
f 4442/5739/2102 4462/5764/2119 4470/5773/2096
f 4484/5793/2118 4470/5773/2096 4462/5764/2119
f 4484/5793/2118 4462/5764/2119 4508/5821/2116
f 4484/5793/2118 4508/5821/2116 4545/5869/2117
f 4483/5792/2120 4508/5821/2116 4462/5764/2119
f 4508/5821/2116 4483/5792/2120 4447/5746/2111
f 4447/5746/2111 4483/5792/2120 4435/5732/2103
f 4447/5746/2111 4435/5732/2103 4380/5661/2104
f 4380/5661/2104 4364/5643/2060 4343/5619/2061
f 4347/5624/2121 4343/5619/2061 4280/5542/2053
f 4347/5624/2121 4356/5633/2122 4343/5619/2061
f 4343/5619/2061 4356/5633/2122 4380/5661/2104
f 4377/5657/2115 4380/5661/2104 4356/5633/2122
f 4347/5624/2121 4338/5612/2081 4356/5633/2122
f 4356/5633/2122 4338/5612/2081 4359/5637/2123
f 4484/5793/2118 4505/5818/2097 4470/5773/2096
f 4442/5739/2102 4470/5773/2096 4430/5724/2098
f 4442/5739/2102 4430/5724/2098 4397/5681/2093
f 4462/5764/2119 4442/5739/2102 4435/5732/2103
f 4462/5764/2119 4435/5732/2103 4483/5792/2120
f 4189/5433/2082 4347/5624/2121 4280/5542/2053
f 4232/5485/2078 4347/5624/2121 4189/5433/2082
f 4356/5633/2122 4359/5637/2123 4377/5657/2115
f 4384/5666/2124 4377/5657/2115 4359/5637/2123
f 4347/5624/2121 4232/5485/2078 4338/5612/2081
f 3978/5169/2050 4173/5414/2076 4117/5345/2052
f 2054/2645/2125 1832/2356/2126 1463/1894/2127
f 1463/1894/2127 987/1269/2128 1550/2005/2129
f 1550/2005/2129 1464/1896/2130 1691/2187/2131
f 1550/2005/2129 1691/2187/2131 1911/2462/2132
f 1911/2462/2132 1691/2187/2131 2067/2661/2133
f 1691/2187/2131 1476/1912/1654 1976/2542/1653
f 1476/1912/1654 1691/2187/2131 1464/1896/2130
f 1976/2542/1653 2067/2661/2133 1691/2187/2131
f 1976/2542/1653 2041/2630/1652 2292/2955/2134
f 2313/2981/1677 2292/2955/2134 2041/2630/1652
f 2313/2981/1677 2395/3089/2135 2292/2955/2134
f 2067/2661/2133 1976/2542/1653 2292/2955/2134
f 1712/2213/2136 1550/2005/2129 1911/2462/2132
f 1712/2213/2136 1463/1894/2127 1550/2005/2129
f 2067/2661/2133 2292/2955/2134 2031/2616/2137
f 2120/2733/2138 2395/3089/2135 2313/2981/1677
f 2120/2733/2138 2277/2936/2139 2395/3089/2135
f 2031/2616/2137 2292/2955/2134 2354/3037/2140
f 2354/3037/2140 2292/2955/2134 2395/3089/2135
f 2277/2936/2139 2339/3016/2141 2395/3089/2135
f 2395/3089/2135 2339/3016/2141 2426/3126/2142
f 2426/3126/2142 2339/3016/2141 2409/3107/2143
f 2426/3126/2142 2409/3107/2143 2462/3182/2144
f 2354/3037/2140 2395/3089/2135 2426/3126/2142
f 2067/2661/2133 2031/2616/2137 1911/2462/2132
f 1911/2462/2132 2031/2616/2137 1712/2213/2136
f 1712/2213/2136 2031/2616/2137 1463/1894/2127
f 2459/3177/2145 2457/3175/2146 2354/3037/2140
f 2031/2616/2137 2354/3037/2140 2457/3175/2146
f 1463/1894/2127 2457/3175/2146 2054/2645/2125
f 2031/2616/2137 2457/3175/2146 1463/1894/2127
f 2447/3160/2147 2457/3175/2146 2563/3309/2148
f 2495/3222/2149 2354/3037/2140 2426/3126/2142
f 2457/3175/2146 2447/3160/2147 2054/2645/2125
f 2447/3160/2147 1832/2356/2126 2054/2645/2125
f 2447/3160/2147 2563/3309/2148 2466/3189/2150
f 2466/3189/2150 2239/2886/2151 2447/3160/2147
f 2447/3160/2147 2239/2886/2151 2105/2713/2152
f 1285/1666/2153 1463/1894/2127 1832/2356/2126
f 1832/2356/2126 1825/2348/1921 1020/1323/1922
f 1832/2356/2126 1020/1323/1922 1285/1666/2153
f 1825/2348/1921 1832/2356/2126 2105/2713/2152
f 2457/3175/2146 2495/3222/2149 2563/3309/2148
f 2677/3447/2154 2805/3624/2155 2563/3309/2148
f 2805/3624/2155 2677/3447/2154 2369/3058/2156
f 2105/2713/2152 2239/2886/2151 1825/2348/1921
f 2805/3624/2155 2873/3708/2157 2466/3189/2150
f 2466/3189/2150 2230/2876/1949 2239/2886/2151
f 2466/3189/2150 2463/3184/1930 2230/2876/1949
f 2230/2876/1949 2463/3184/1930 2207/2843/1920
f 2239/2886/2151 2230/2876/1949 1825/2348/1921
f 2495/3222/2149 2457/3175/2146 2459/3177/2145
f 2495/3222/2149 2459/3177/2145 2354/3037/2140
f 2598/3353/2158 2563/3309/2148 2495/3222/2149
f 2462/3182/2144 2598/3353/2158 2495/3222/2149
f 2495/3222/2149 2426/3126/2142 2462/3182/2144
f 2339/3016/2141 1995/2565/2159 2409/3107/2143
f 1995/2565/2159 1903/2453/2160 2409/3107/2143
f 2409/3107/2143 1903/2453/2160 2362/3047/2161
f 1995/2565/2159 1906/2456/2162 1903/2453/2160
f 1903/2453/2160 1906/2456/2162 1690/2185/2163
f 1690/2185/2163 1437/1863/2164 2063/2655/2165
f 1690/2185/2163 2063/2655/2165 1903/2453/2160
f 2556/3299/2166 2409/3107/2143 2362/3047/2161
f 2409/3107/2143 2556/3299/2166 2462/3182/2144
f 2556/3299/2166 2362/3047/2161 2677/3447/2154
f 2556/3299/2166 2598/3353/2158 2462/3182/2144
f 2556/3299/2166 2677/3447/2154 2598/3353/2158
f 2598/3353/2158 2677/3447/2154 2563/3309/2148
f 2369/3058/2156 2677/3447/2154 2063/2655/2165
f 2281/2941/2167 2369/3058/2156 1798/2313/2168
f 2063/2655/2165 1798/2313/2168 2369/3058/2156
f 1437/1863/2164 1798/2313/2168 2063/2655/2165
f 1437/1863/2164 1409/1828/2169 1798/2313/2168
f 2063/2655/2165 2677/3447/2154 2362/3047/2161
f 1903/2453/2160 2063/2655/2165 2362/3047/2161
f 2559/3302/2170 2281/2941/2167 2351/3033/2171
f 2559/3302/2170 2676/3446/2172 2281/2941/2167
f 2676/3446/2172 2559/3302/2170 2595/3349/2173
f 2676/3446/2172 2595/3349/2173 2888/3729/2174
f 2281/2941/2167 2676/3446/2172 2369/3058/2156
f 2369/3058/2156 2676/3446/2172 2888/3729/2174
f 2369/3058/2156 2888/3729/2174 2873/3708/2157
f 2369/3058/2156 2873/3708/2157 2805/3624/2155
f 1409/1828/2169 2175/2802/2175 1798/2313/2168
f 2805/3624/2155 2466/3189/2150 2563/3309/2148
f 1476/1912/1654 1464/1896/2130 1259/1630/1676
f 1832/2356/2126 2447/3160/2147 2105/2713/2152
f 987/1270/2128 1463/1895/2127 1285/1667/2153
f 840/1076/2176 987/1270/2128 1285/1667/2153
f 987/1270/2128 840/1076/2176 855/1099/2177
f 987/1270/2128 855/1099/2177 1059/1372/2178
f 1059/1372/2178 1261/1633/2179 987/1270/2128
f 987/1270/2128 1400/1815/2180 1550/2006/2129
f 987/1270/2128 1261/1633/2179 1400/1815/2180
f 1261/1633/2179 1059/1372/2178 1287/1669/2181
f 1287/1669/2181 1059/1372/2178 1288/1670/2182
f 1059/1372/2178 1113/1444/2183 1288/1670/2182
f 1113/1444/2183 1203/1559/2184 1288/1670/2182
f 1113/1444/2183 1059/1372/2178 864/1113/2185
f 1064/1378/2186 1113/1444/2183 864/1113/2185
f 1113/1444/2183 1064/1378/2186 1203/1559/2184
f 1126/1460/2187 1203/1559/2184 1064/1378/2186
f 864/1113/2185 1059/1372/2178 855/1099/2177
f 838/1074/2188 864/1113/2185 738/951/2189
f 838/1074/2188 738/951/2189 937/1207/2190
f 738/951/2189 864/1113/2185 855/1099/2177
f 674/868/2191 855/1099/2177 583/747/2192
f 583/747/2192 855/1099/2177 557/711/2193
f 674/868/2191 583/747/2192 677/872/2194
f 674/868/2191 810/1038/2195 738/951/2189
f 674/868/2191 738/951/2189 855/1099/2177
f 1285/1667/2153 1020/1324/1922 832/1067/1915
f 557/711/2193 855/1099/2177 840/1076/2176
f 493/632/2196 583/747/2192 484/620/2197
f 583/747/2192 493/632/2196 726/936/2198
f 726/936/2198 677/872/2194 583/747/2192
f 719/926/2199 726/936/2198 493/632/2196
f 567/725/2200 492/631/2201 484/620/2197
f 484/620/2197 460/591/2202 493/632/2196
f 493/632/2196 460/591/2202 397/506/2203
f 397/506/2203 460/591/2202 79/121/1962
f 79/121/1962 4/6/1961 397/506/2203
f 460/591/2202 312/408/2204 79/121/1962
f 79/121/1962 312/408/2204 54/86/1923
f 79/121/1962 54/86/1923 5/10/1960
f 54/86/1923 146/214/1910 108/162/1909
f 5/10/1960 54/86/1923 3740/4848/1924
f 840/1076/2176 567/725/2200 557/711/2193
f 567/725/2200 484/620/2197 557/711/2193
f 583/747/2192 557/711/2193 484/620/2197
f 567/725/2200 840/1076/2176 492/631/2201
f 840/1076/2176 628/809/1913 492/631/2201
f 492/631/2201 460/591/2202 484/620/2197
f 810/1038/2195 726/936/2198 1051/1363/2205
f 975/1254/2206 889/1142/2207 810/1038/2195
f 975/1254/2206 1305/1693/2208 1128/1462/2209
f 975/1254/2206 810/1038/2195 1051/1363/2205
f 1437/1864/2164 975/1254/2206 1051/1363/2205
f 1690/2186/2163 975/1254/2206 1437/1864/2164
f 719/926/2199 493/632/2196 397/506/2203
f 719/926/2199 811/1039/2210 726/936/2198
f 726/936/2198 811/1039/2210 1051/1363/2205
f 1051/1363/2205 811/1039/2210 1211/1570/2211
f 1409/1829/2169 1051/1363/2205 1211/1570/2211
f 1409/1829/2169 1437/1864/2164 1051/1363/2205
f 811/1039/2210 842/1078/2212 1211/1570/2211
f 726/936/2198 810/1038/2195 677/872/2194
f 674/868/2191 677/872/2194 810/1038/2195
f 937/1207/2190 738/951/2189 810/1038/2195
f 810/1038/2195 889/1142/2207 937/1207/2190
f 864/1113/2185 838/1074/2188 1008/1306/2213
f 838/1074/2188 937/1207/2190 1008/1306/2213
f 864/1113/2185 1008/1306/2213 1064/1378/2186
f 1064/1378/2186 1008/1306/2213 1126/1460/2187
f 1126/1460/2187 1176/1527/2214 1203/1559/2184
f 1176/1527/2214 1126/1460/2187 1125/1459/2215
f 1203/1559/2184 1176/1527/2214 1244/1609/2216
f 1203/1559/2184 1244/1609/2216 1288/1670/2182
f 1244/1609/2216 1284/1665/2217 1288/1670/2182
f 1288/1670/2182 1284/1665/2217 1287/1669/2181
f 1261/1633/2179 1287/1669/2181 1445/1874/2218
f 1261/1633/2179 1445/1874/2218 1400/1815/2180
f 1400/1815/2180 1445/1874/2218 1349/1744/2219
f 1349/1744/2219 1445/1874/2218 1287/1669/2181
f 1550/2006/2129 1400/1815/2180 1349/1744/2219
f 1550/2006/2129 1349/1744/2219 1464/1897/2130
f 1284/1665/2217 1349/1744/2219 1287/1669/2181
f 1349/1744/2219 1284/1665/2217 1201/1557/2220
f 1284/1665/2217 1244/1609/2216 1201/1557/2220
f 1349/1744/2219 1201/1557/2220 1464/1897/2130
f 1176/1527/2214 1150/1494/2221 1244/1609/2216
f 1244/1609/2216 1150/1494/2221 1201/1557/2220
f 1176/1527/2214 1142/1481/2222 1150/1494/2221
f 1176/1527/2214 1125/1459/2215 1142/1481/2222
f 999/1290/1673 1201/1557/2220 1150/1494/2221
f 1150/1494/2221 1188/1541/2223 1210/1569/2224
f 1210/1569/2224 1188/1541/2223 1233/1597/2225
f 1391/1804/2226 1210/1569/2224 1333/1726/2227
f 1305/1693/2208 1391/1804/2226 1236/1600/2228
f 1236/1600/2228 1391/1804/2226 1333/1726/2227
f 1305/1693/2208 1236/1600/2228 1128/1462/2209
f 1690/2186/2163 1305/1693/2208 975/1254/2206
f 1305/1693/2208 1690/2186/2163 1588/2058/2229
f 1305/1693/2208 1588/2058/2229 1391/1804/2226
f 1411/1833/2230 1391/1804/2226 1588/2058/2229
f 1646/2133/2231 1411/1833/2230 1588/2058/2229
f 1391/1804/2226 1411/1833/2230 1210/1569/2224
f 1205/1562/2232 1210/1569/2224 1411/1833/2230
f 1205/1562/2232 1001/1294/2233 1210/1569/2224
f 1150/1494/2221 1210/1569/2224 1001/1294/2233
f 999/1290/1673 1150/1494/2221 1001/1294/2233
f 1411/1833/2230 1646/2133/2231 1205/1562/2232
f 1646/2133/2231 1556/2015/2234 1205/1562/2232
f 1556/2015/2234 1646/2133/2231 1992/2561/2235
f 1830/2353/2236 1992/2561/2235 2120/2734/2138
f 1992/2561/2235 1830/2353/2236 1556/2015/2234
f 889/1142/2207 975/1254/2206 1128/1462/2209
f 889/1142/2207 1128/1462/2209 1134/1470/2237
f 1134/1470/2237 1128/1462/2209 1236/1600/2228
f 1134/1470/2237 1236/1600/2228 1213/1574/2238
f 1236/1600/2228 1275/1654/2239 1213/1574/2238
f 1275/1654/2239 1236/1600/2228 1331/1724/2240
f 1331/1724/2240 1236/1600/2228 1333/1726/2227
f 1333/1726/2227 1210/1569/2224 1331/1724/2240
f 1331/1724/2240 1210/1569/2224 1233/1597/2225
f 1275/1654/2239 1331/1724/2240 1233/1597/2225
f 1233/1597/2225 1188/1541/2223 1213/1574/2238
f 1152/1496/2241 1188/1541/2223 1142/1481/2222
f 1213/1574/2238 1188/1541/2223 1153/1497/2242
f 1153/1497/2242 1188/1541/2223 1152/1496/2241
f 1153/1497/2242 1107/1435/2243 1213/1574/2238
f 1233/1597/2225 1213/1574/2238 1275/1654/2239
f 1213/1574/2238 1107/1435/2243 1134/1470/2237
f 1134/1470/2237 1107/1435/2243 889/1142/2207
f 1107/1435/2243 1153/1497/2242 1065/1379/2244
f 889/1142/2207 1107/1435/2243 1065/1379/2244
f 1139/1476/2245 1065/1379/2244 1153/1497/2242
f 1008/1306/2213 1065/1379/2244 1139/1476/2245
f 889/1142/2207 1065/1379/2244 937/1207/2190
f 1065/1379/2244 1008/1306/2213 937/1207/2190
f 1008/1306/2213 1125/1459/2215 1126/1460/2187
f 1125/1459/2215 1008/1306/2213 1139/1476/2245
f 1142/1481/2222 1125/1459/2215 1139/1476/2245
f 1142/1481/2222 1139/1476/2245 1152/1496/2241
f 1153/1497/2242 1152/1496/2241 1139/1476/2245
f 1142/1481/2222 1188/1541/2223 1150/1494/2221
f 1063/1376/1675 1259/1631/1676 1094/1415/1674
f 1259/1631/1676 1464/1897/2130 1201/1557/2220
f 1259/1631/1676 1201/1557/2220 1094/1415/1674
f 1094/1415/1674 1201/1557/2220 999/1290/1673
f 1646/2133/2231 1588/2058/2229 1906/2457/2162
f 1906/2457/2162 1995/2566/2159 1646/2133/2231
f 1646/2133/2231 1995/2566/2159 1992/2561/2235
f 1995/2566/2159 2277/2937/2139 1992/2561/2235
f 1995/2566/2159 2339/3017/2141 2277/2937/2139
f 1992/2561/2235 2277/2937/2139 2120/2734/2138
f 2881/3721/1283 2751/3550/1287 2782/3594/2246
f 2881/3721/1283 2782/3594/2246 2815/3635/1403
f 2815/3635/1403 2782/3595/2246 3095/3994/1404
f 2815/3635/1403 2875/3712/1401 2881/3721/1283
f 2881/3722/1283 2891/3735/1276 2751/3551/1287
f 3095/3995/1404 3274/4221/2247 3329/4299/1408
f 3274/4221/2247 3095/3995/1404 2885/3726/2248
f 2885/3726/2248 3095/3995/1404 2751/3551/1287
f 3308/4270/2249 3274/4221/2247 2885/3726/2248
f 3456/4472/2250 3353/4337/2251 3329/4299/1408
f 3274/4221/2247 3456/4472/2250 3329/4299/1408
f 2461/3181/1291 2751/3551/1287 2698/3479/1289
f 2939/3795/1617 2885/3726/2248 2461/3181/1291
f 2885/3726/2248 2751/3551/1287 2461/3181/1291
f 3095/3995/1404 2782/3596/2246 2751/3551/1287
f 2939/3795/1617 2863/3695/2252 2885/3726/2248
f 2863/3695/2252 2939/3795/1617 2550/3290/1616
f 3456/4472/2250 3274/4221/2247 3410/4416/2253
f 3410/4416/2253 3274/4221/2247 3391/4388/2254
f 3274/4221/2247 3308/4270/2249 3391/4388/2254
f 3410/4416/2253 3391/4388/2254 3474/4494/2255
f 3527/4565/2256 3410/4416/2253 3474/4494/2255
f 3549/4594/2257 3456/4472/2250 3410/4416/2253
f 3310/4272/2258 3344/4323/2259 3308/4270/2249
f 2863/3695/2252 3310/4272/2258 2885/3726/2248
f 2885/3726/2248 3310/4272/2258 3308/4270/2249
f 3391/4388/2254 3308/4270/2249 3344/4323/2259
f 3474/4494/2255 3391/4388/2254 3424/4434/2260
f 2550/3290/1616 3169/4084/2261 2863/3695/2252
f 1285/1667/2153 832/1067/1915 840/1076/2176
f 840/1076/2176 832/1067/1915 628/809/1913
f 492/631/2201 628/809/1913 146/214/1910
f 146/214/1910 628/809/1913 489/627/1911
f 492/631/2201 146/214/1910 528/672/2262
f 528/672/2262 146/214/1910 312/408/2204
f 492/631/2201 528/672/2262 460/591/2202
f 312/408/2204 460/591/2202 528/672/2262
f 312/408/2204 146/214/1910 54/86/1923
f 1690/2186/2163 1906/2457/2162 1588/2058/2229
f 1216/1577/1636 1742/2248/1645 1372/1779/1639
f 825/1059/1638 1098/1421/1637 1063/1377/1675
f 1063/1377/1675 1098/1421/1637 1476/1913/1654
f 2851/3681/1943 2581/3332/1623 2706/3489/1942
f 2974/3840/2263 2581/3332/1623 2851/3681/1943
f 2581/3332/1623 2974/3840/2263 2550/3291/1616
f 2550/3291/1616 2974/3840/2263 3169/4085/2261
f 3169/4085/2261 2974/3840/2263 3116/4018/2264
f 2974/3840/2263 2851/3681/1943 3116/4018/2264
f 3116/4018/2264 2851/3681/1943 2938/3793/1944
f 3116/4018/2264 2938/3793/1944 3178/4098/1946
f 2863/3696/2252 3209/4137/2265 3264/4208/2266
f 2863/3696/2252 3264/4208/2266 3310/4273/2258
f 3264/4208/2266 3278/4226/2267 3310/4273/2258
f 3264/4208/2266 3209/4137/2265 3265/4210/1947
f 3265/4210/1947 3209/4137/2265 3178/4098/1946
f 3116/4018/2264 3178/4098/1946 3209/4137/2265
f 3116/4018/2264 3209/4137/2265 2863/3696/2252
f 3116/4018/2264 2863/3696/2252 3169/4085/2261
f 3292/4248/1934 3264/4208/2266 3265/4210/1947
f 3292/4248/1934 3265/4210/1947 3259/4201/1948
f 3292/4248/1934 3278/4226/2267 3264/4208/2266
f 3293/4249/2268 3278/4226/2267 3292/4248/1934
f 3350/4331/2269 3344/4324/2259 3304/4263/2270
f 3304/4263/2270 3344/4324/2259 3310/4273/2258
f 3304/4263/2270 3310/4273/2258 3278/4226/2267
f 3304/4263/2270 3278/4226/2267 3296/4252/2271
f 3304/4263/2270 3296/4252/2271 3307/4268/2272
f 3296/4252/2271 3278/4226/2267 3293/4249/2268
f 3307/4268/2272 3296/4252/2271 3293/4249/2268
f 3307/4268/2272 3293/4249/2268 3333/4307/1933
f 3333/4307/1933 3293/4249/2268 3292/4248/1934
f 4617/5955/2041 4634/5978/1167 4644/5995/1173
f 4644/5995/1173 4685/6053/1170 4643/5992/2047
f 4590/5920/2049 4643/5992/2047 4674/6036/2048
f 4555/5879/2039 4535/5855/2044 4532/5852/2042
f 4626/5966/2046 4524/5839/1996 4557/5881/2045
f 4626/5966/2046 4590/5920/2049 4524/5839/1996
f 4590/5920/2049 4605/5940/2273 4524/5839/1996
f 4504/5817/1994 4535/5855/2044 4524/5839/1996
f 4535/5855/2044 4557/5881/2045 4524/5839/1996
f 4403/5687/1992 4327/5600/1975 4394/5678/1979
f 4327/5600/1975 4403/5687/1992 4306/5572/1999
f 4446/5744/1997 4513/5826/1995 4486/5795/2274
f 4457/5758/2275 4446/5744/1997 4486/5795/2274
f 4109/5334/1977 4022/5219/2005 4084/5302/1974
f 134/194/1968 455/584/2276 4/7/1961
f 2463/3185/1930 2466/3190/2150 2617/3375/1931
f 2825/3647/2277 2617/3375/1931 2466/3190/2150
f 2825/3647/2277 2466/3190/2150 2873/3709/2157
f 3228/4160/2278 2617/3375/1931 2825/3647/2277
f 3228/4160/2278 2825/3647/2277 2991/3862/2279
f 2991/3862/2279 2825/3647/2277 2873/3709/2157
f 3253/4192/2280 2991/3862/2279 2799/3616/2281
f 3228/4160/2278 2991/3862/2279 3253/4192/2280
f 3322/4286/2282 3228/4160/2278 3253/4192/2280
f 3005/3882/1935 2617/3375/1931 3228/4160/2278
f 2818/3640/1932 3228/4160/2278 3322/4286/2282
f 3228/4160/2278 2818/3640/1932 3005/3882/1935
f 3333/4308/1933 2818/3640/1932 3322/4286/2282
f 3253/4192/2280 3449/4464/2283 3322/4286/2282
f 3449/4464/2283 3435/4448/2284 3432/4444/2285
f 3333/4308/1933 3449/4464/2283 3432/4444/2285
f 3331/4302/2286 3333/4308/1933 3432/4444/2285
f 3544/4589/2287 3435/4448/2284 3449/4464/2283
f 3451/4467/2288 3544/4589/2287 3449/4464/2283
f 3463/4481/2289 3544/4589/2287 3451/4467/2288
f 3463/4481/2289 3451/4467/2288 2971/3836/2290
f 3451/4467/2288 3253/4192/2280 2971/3836/2290
f 3253/4192/2280 2799/3616/2281 2971/3836/2290
f 2799/3616/2281 2991/3862/2279 2383/3074/2291
f 2971/3836/2290 2545/3282/2292 3187/4108/2293
f 2971/3836/2290 3187/4108/2293 3463/4481/2289
f 2383/3074/2291 2971/3836/2290 2799/3616/2281
f 2971/3836/2290 2383/3074/2291 2345/3027/2294
f 2345/3027/2294 2545/3282/2292 2971/3836/2290
f 2545/3282/2292 2345/3027/2294 1416/1839/2295
f 1416/1839/2295 2345/3027/2294 1908/2459/2296
f 1908/2459/2296 2345/3027/2294 2175/2803/2175
f 1409/1830/2169 1416/1839/2295 1908/2459/2296
f 2175/2803/2175 2345/3027/2294 2383/3074/2291
f 2383/3074/2291 2351/3034/2171 2175/2803/2175
f 2351/3034/2171 2281/2942/2167 2175/2803/2175
f 2175/2803/2175 1409/1830/2169 1908/2459/2296
f 1409/1830/2169 1211/1571/2211 915/1181/2297
f 1211/1571/2211 842/1079/2212 915/1181/2297
f 534/680/2298 842/1079/2212 811/1040/2210
f 534/680/2298 811/1040/2210 719/927/2199
f 397/507/2203 4/8/1961 719/927/2199
f 719/927/2199 4/8/1961 534/680/2298
f 842/1079/2212 534/680/2298 915/1181/2297
f 534/680/2298 4/8/1961 455/585/2276
f 2383/3074/2291 2991/3862/2279 2595/3350/2173
f 2383/3074/2291 2595/3350/2173 2351/3034/2171
f 2595/3350/2173 2991/3862/2279 2888/3730/2174
f 2873/3709/2157 2888/3730/2174 2991/3862/2279
f 2559/3303/2170 2351/3034/2171 2595/3350/2173
f 863/1111/2299 1833/2357/2300 1416/1839/2295
f 3187/4108/2293 2545/3282/2292 2733/3526/2301
f 2545/3282/2292 1833/2357/2300 2733/3526/2301
f 1833/2357/2300 2545/3282/2292 1416/1839/2295
f 1416/1839/2295 1409/1830/2169 915/1181/2297
f 455/585/2276 915/1181/2297 534/680/2298
f 915/1181/2297 455/585/2276 863/1111/2299
f 1416/1839/2295 915/1181/2297 863/1111/2299
f 2680/3453/1435 2756/3560/2302 2604/3360/2303
f 2604/3360/2303 2456/3174/1809 2680/3453/1435
f 2209/2846/1883 2456/3174/1809 2529/3262/2304
f 2456/3174/1809 2604/3360/2303 2529/3262/2304
f 2209/2846/1883 2529/3262/2304 2394/3088/2305
f 2529/3262/2304 2554/3297/2306 2394/3088/2305
f 2604/3360/2303 2756/3560/2302 2856/3688/2307
f 2756/3560/2302 2832/3655/1502 2856/3688/2307
f 2856/3688/2307 2879/3717/2308 2820/3642/2309
f 2856/3688/2307 2832/3655/1502 3174/4090/2310
f 2394/3088/2305 2554/3297/2306 2564/3310/2311
f 2604/3360/2303 2554/3297/2306 2529/3262/2304
f 2604/3360/2303 2820/3642/2309 2554/3297/2306
f 2604/3360/2303 2856/3688/2307 2820/3642/2309
f 2554/3297/2306 2820/3642/2309 2826/3648/2312
f 2936/3790/2313 2879/3717/2308 2856/3688/2307
f 2879/3717/2308 2936/3790/2313 2820/3642/2309
f 2820/3642/2309 2936/3790/2313 2826/3648/2312
f 2936/3790/2313 2856/3688/2307 3069/3961/2314
f 3069/3961/2314 2964/3828/2315 2936/3790/2313
f 2936/3790/2313 2964/3828/2315 2826/3648/2312
f 3069/3961/2314 2856/3688/2307 3217/4147/2316
f 3217/4147/2316 2856/3688/2307 3174/4090/2310
f 3069/3961/2314 3217/4147/2316 3337/4313/2317
f 3338/4314/2318 3217/4147/2316 3174/4090/2310
f 3217/4147/2316 3398/4398/2319 3337/4313/2317
f 3398/4398/2319 3427/4438/2320 3337/4313/2317
f 3337/4313/2317 3427/4438/2320 3473/4492/2321
f 3337/4313/2317 3473/4492/2321 3512/4542/2322
f 3337/4313/2317 3512/4542/2322 3502/4528/2323
f 3337/4313/2317 3502/4528/2323 3411/4418/2324
f 3411/4418/2324 3502/4528/2323 3444/4458/2325
f 2964/3828/2315 3069/3961/2314 2954/3813/2326
f 2925/3776/2327 2964/3828/2315 2954/3813/2326
f 2964/3828/2315 2925/3776/2327 2910/3758/2328
f 2964/3828/2315 2910/3758/2328 2826/3648/2312
f 2554/3297/2306 2826/3648/2312 2910/3758/2328
f 2209/2846/1883 2240/2887/2329 2274/2931/1886
f 2074/2672/1861 2274/2931/1886 2240/2887/2329
f 2074/2672/1861 2240/2887/2329 2308/2975/2330
f 2074/2672/1861 2308/2975/2330 1940/2497/2331
f 2394/3088/2305 2308/2975/2330 2240/2887/2329
f 2240/2887/2329 2209/2846/1883 2394/3088/2305
f 2554/3297/2306 2910/3758/2328 2849/3677/2332
f 2849/3677/2332 2910/3758/2328 2925/3776/2327
f 2554/3297/2306 2849/3677/2332 2564/3310/2311
f 2564/3310/2311 2849/3677/2332 2937/3791/2333
f 2890/3733/2334 2564/3310/2311 2937/3791/2333
f 2564/3310/2311 2890/3733/2334 2626/3386/2335
f 2703/3485/2336 2663/3431/2337 2930/3782/2338
f 2930/3782/2338 2663/3431/2337 3018/3897/2339
f 2930/3782/2338 3018/3897/2339 3051/3938/2340
f 2703/3485/2336 2795/3612/2341 2378/3068/2342
f 1980/2547/2343 2703/3485/2336 2378/3068/2342
f 2703/3485/2336 1980/2547/2343 2663/3431/2337
f 2378/3068/2342 1823/2344/2344 1980/2547/2343
f 1980/2547/2343 1823/2344/2344 1186/1537/1870
f 2012/2594/2345 2217/2857/2346 1980/2547/2343
f 1980/2547/2343 2217/2857/2346 2626/3386/2335
f 2832/3655/1502 2756/3560/2302 2680/3453/1435
f 3351/4333/2347 3337/4313/2317 3411/4418/2324
f 3337/4313/2317 3351/4333/2347 3126/4028/2348
f 3069/3961/2314 3337/4313/2317 3126/4028/2348
f 2925/3776/2327 2954/3813/2326 2849/3677/2332
f 2849/3677/2332 2954/3813/2326 2937/3791/2333
f 2954/3813/2326 3020/3899/2349 2937/3791/2333
f 3020/3899/2349 2954/3813/2326 3126/4028/2348
f 3126/4028/2348 2954/3813/2326 3069/3961/2314
f 3096/3996/2350 3126/4028/2348 3351/4333/2347
f 3351/4333/2347 3411/4418/2324 3450/4465/2351
f 3450/4465/2351 3411/4418/2324 3444/4458/2325
f 3389/4386/2352 3342/4320/2353 3638/4711/2354
f 3629/4697/2355 3356/4342/2356 3389/4386/2352
f 3629/4697/2355 3528/4568/2357 3356/4342/2356
f 3356/4342/2356 3528/4568/2357 3414/4421/2358
f 3389/4386/2352 3356/4342/2356 3227/4159/2359
f 3300/4257/2360 3227/4159/2359 3356/4342/2356
f 3227/4159/2359 3300/4257/2360 3016/3895/2361
f 2626/3386/2335 2663/3431/2337 1980/2547/2343
f 2564/3310/2311 2626/3386/2335 2217/2857/2346
f 1186/1537/1870 2012/2594/2345 1980/2547/2343
f 1276/1656/1869 2012/2594/2345 1186/1537/1870
f 1276/1656/1869 1940/2497/2331 2012/2594/2345
f 1276/1656/1869 1462/1893/1871 1628/2111/2362
f 1628/2111/2362 1462/1893/1871 1454/1884/2363
f 1462/1893/1871 1072/1387/1863 1454/1884/2363
f 1072/1387/1863 1566/2030/1862 1454/1884/2363
f 1628/2111/2362 1454/1884/2363 1566/2030/1862
f 1628/2111/2362 1566/2030/1862 2074/2672/1861
f 1628/2111/2362 2074/2672/1861 1940/2497/2331
f 1276/1656/1869 1628/2111/2362 1940/2497/2331
f 2217/2857/2346 2012/2594/2345 1940/2497/2331
f 2217/2857/2346 1940/2497/2331 2308/2975/2330
f 2308/2975/2330 2394/3088/2305 2217/2857/2346
f 2217/2857/2346 2394/3088/2305 2564/3310/2311
f 2948/3807/2364 2890/3733/2334 2937/3791/2333
f 2948/3807/2364 2937/3791/2333 3020/3899/2349
f 2979/3846/2365 2948/3807/2364 3020/3899/2349
f 3020/3899/2349 3126/4028/2348 3096/3996/2350
f 3020/3899/2349 2950/3809/2366 2979/3846/2365
f 3020/3899/2349 3096/3996/2350 2950/3809/2366
f 2950/3809/2366 3096/3996/2350 2997/3870/2367
f 3046/3930/2368 2997/3870/2367 3096/3996/2350
f 3372/4364/2369 3096/3996/2350 3351/4333/2347
f 3096/3996/2350 3372/4364/2369 3314/4277/2370
f 3372/4364/2369 3342/4320/2353 3314/4277/2370
f 3314/4277/2370 3342/4320/2353 3129/4031/2371
f 3314/4277/2370 3129/4031/2371 3002/3878/2372
f 3129/4031/2371 3342/4320/2353 3389/4386/2352
f 3041/3923/2373 3129/4031/2371 3227/4159/2359
f 3014/3892/2374 3041/3923/2373 3227/4159/2359
f 3014/3892/2374 3227/4159/2359 3016/3895/2361
f 3041/3923/2373 3014/3892/2374 2705/3487/2375
f 3014/3892/2374 3016/3895/2361 2705/3487/2375
f 3016/3895/2361 3063/3951/2376 3033/3914/2377
f 3033/3914/2377 3058/3946/2378 3010/3887/2379
f 3033/3914/2377 3010/3887/2379 2678/3448/2380
f 3033/3914/2377 2678/3448/2380 2664/3432/2381
f 3033/3914/2377 2664/3432/2381 3016/3895/2361
f 2705/3487/2375 3016/3895/2361 2664/3432/2381
f 2705/3487/2375 2664/3432/2381 2008/2586/2382
f 2664/3432/2381 2678/3448/2380 2008/2586/2382
f 2329/3002/2383 2008/2586/2382 2540/3274/2384
f 2678/3448/2380 2852/3682/2385 2540/3275/2384
f 2852/3682/2385 2678/3448/2380 3010/3887/2379
f 2852/3682/2385 3015/3893/2386 2972/3837/2387
f 2852/3682/2385 3010/3887/2379 3058/3946/2378
f 2852/3682/2385 3058/3946/2378 3015/3893/2386
f 3063/3951/2376 3015/3893/2386 3058/3946/2378
f 3063/3951/2376 3058/3946/2378 3033/3914/2377
f 3300/4257/2360 3063/3951/2376 3016/3895/2361
f 2948/3807/2364 2979/3846/2365 2950/3809/2366
f 2965/3829/2388 2890/3733/2334 2948/3807/2364
f 2965/3829/2388 2948/3807/2364 2950/3809/2366
f 2890/3733/2334 2965/3829/2388 2626/3386/2335
f 2997/3870/2367 2965/3829/2388 2950/3809/2366
f 2965/3829/2388 2997/3870/2367 2626/3386/2335
f 2982/3850/2389 2626/3386/2335 2997/3870/2367
f 2932/3784/2390 2626/3386/2335 2982/3850/2389
f 2626/3386/2335 2932/3784/2390 2663/3431/2337
f 2932/3784/2390 2982/3850/2389 3046/3930/2368
f 3027/3908/2391 2663/3431/2337 2932/3784/2390
f 3057/3945/2392 2663/3431/2337 3027/3908/2391
f 3018/3897/2339 2663/3431/2337 3057/3945/2392
f 3027/3908/2391 2932/3784/2390 3046/3930/2368
f 3057/3945/2392 3027/3908/2391 3046/3930/2368
f 3018/3897/2339 3057/3945/2392 3051/3938/2340
f 2930/3782/2338 3051/3938/2340 3002/3878/2372
f 3002/3878/2372 3104/4005/2393 3035/3916/2394
f 2930/3782/2338 3035/3916/2394 2703/3485/2336
f 3035/3916/2394 2930/3782/2338 3002/3878/2372
f 3000/3873/2395 2703/3485/2336 3035/3916/2394
f 3035/3916/2394 3104/4005/2393 3000/3873/2395
f 3129/4031/2371 3104/4005/2393 3002/3878/2372
f 3314/4277/2370 3002/3878/2372 3051/3938/2340
f 3314/4277/2370 3051/3938/2340 3096/3996/2350
f 3096/3996/2350 3051/3938/2340 3057/3945/2392
f 2997/3870/2367 3046/3930/2368 2982/3850/2389
f 3057/3945/2392 3046/3930/2368 3096/3996/2350
f 2703/3485/2336 3000/3873/2395 2795/3612/2341
f 3000/3873/2395 3104/4005/2393 3041/3923/2373
f 3104/4005/2393 3129/4031/2371 3041/3923/2373
f 3041/3923/2373 2951/3810/2396 3000/3873/2395
f 3000/3873/2395 2951/3810/2396 2795/3612/2341
f 3041/3923/2373 2705/3487/2375 2951/3810/2396
f 1823/2344/2344 2378/3068/2342 2008/2586/2382
f 2008/2586/2382 853/1095/1866 1823/2344/2344
f 2008/2586/2382 1975/2539/2397 853/1095/1866
f 2705/3487/2375 2378/3068/2342 2795/3612/2341
f 2705/3487/2375 2008/2586/2382 2378/3068/2342
f 2705/3487/2375 2795/3612/2341 2951/3810/2396
f 3322/4286/2282 3449/4464/2283 3333/4308/1933
f 3333/4308/1933 3331/4302/2286 3307/4269/2272
f 3345/4326/2398 3331/4302/2286 3432/4444/2285
f 3345/4326/2398 3432/4444/2285 3380/4376/2399
f 3349/4330/2400 3345/4326/2398 3380/4376/2399
f 3349/4330/2400 3367/4357/2401 3376/4371/2402
f 3345/4326/2398 3349/4330/2400 3376/4371/2402
f 3345/4326/2398 3376/4371/2402 3350/4332/2269
f 3376/4371/2402 3424/4435/2260 3350/4332/2269
f 3345/4326/2398 3350/4332/2269 3330/4301/2403
f 3345/4326/2398 3330/4301/2403 3331/4302/2286
f 3330/4301/2403 3350/4332/2269 3304/4264/2270
f 3330/4301/2403 3304/4264/2270 3315/4278/2404
f 3330/4301/2403 3315/4278/2404 3331/4302/2286
f 3331/4302/2286 3315/4278/2404 3307/4269/2272
f 3315/4278/2404 3304/4264/2270 3307/4269/2272
f 3344/4325/2259 3350/4332/2269 3391/4389/2254
f 3350/4332/2269 3424/4435/2260 3391/4389/2254
f 3401/4402/2405 3376/4371/2402 3367/4357/2401
f 3424/4435/2260 3376/4371/2402 3474/4495/2255
f 3527/4566/2256 3474/4495/2255 3430/4442/2406
f 3483/4505/2407 3527/4566/2256 3430/4442/2406
f 3483/4505/2407 3430/4442/2406 3461/4479/2408
f 3441/4455/2409 3461/4479/2408 3422/4431/2410
f 3461/4479/2408 3441/4455/2409 3465/4483/2411
f 3461/4479/2408 3465/4483/2411 3479/4501/2412
f 3461/4479/2408 3479/4501/2412 3483/4505/2407
f 3499/4525/2413 3483/4505/2407 3479/4501/2412
f 3483/4505/2407 3499/4525/2413 3527/4566/2256
f 3565/4618/2414 3527/4566/2256 3578/4632/2415
f 3578/4632/2415 3527/4566/2256 3568/4622/2416
f 3546/4591/2417 3568/4622/2416 3538/4583/2418
f 3578/4632/2415 3568/4622/2416 3546/4591/2417
f 3616/4681/2419 3559/4608/2420 3581/4635/2421
f 3581/4635/2421 3559/4608/2420 3506/4535/2422
f 3559/4608/2420 3546/4591/2417 3506/4535/2422
f 3506/4535/2422 3546/4591/2417 3538/4583/2418
f 3506/4535/2422 3538/4583/2418 3499/4525/2413
f 3538/4583/2418 3568/4622/2416 3527/4566/2256
f 3538/4583/2418 3527/4566/2256 3499/4525/2413
f 3499/4525/2413 3479/4501/2412 3506/4535/2422
f 3506/4535/2422 3479/4501/2412 3581/4635/2421
f 3616/4681/2419 3581/4635/2421 3504/4532/2423
f 3504/4532/2423 3635/4708/2424 3648/4727/2425
f 3504/4532/2423 3648/4727/2425 3616/4681/2419
f 3616/4681/2419 3648/4727/2425 3644/4719/2426
f 3644/4719/2426 3648/4727/2425 3647/4725/2427
f 3504/4532/2423 3544/4589/2287 3635/4708/2424
f 3479/4501/2412 3504/4532/2423 3581/4635/2421
f 3253/4192/2280 3451/4467/2288 3449/4464/2283
f 3598/4657/2428 3578/4632/2415 3546/4591/2417
f 3598/4657/2428 3546/4591/2417 3559/4608/2420
f 3608/4670/2429 3578/4632/2415 3598/4657/2428
f 3565/4618/2414 3578/4632/2415 3608/4670/2429
f 3549/4595/2257 3565/4618/2414 3633/4705/2430
f 3622/4689/2431 3608/4670/2429 3625/4692/2432
f 3622/4689/2431 3625/4692/2432 3644/4719/2426
f 3565/4618/2414 3608/4670/2429 3622/4689/2431
f 3622/4689/2431 3644/4719/2426 3647/4725/2427
f 3565/4618/2414 3622/4689/2431 3633/4705/2430
f 3633/4705/2430 3622/4689/2431 3637/4710/2433
f 3622/4689/2431 3647/4725/2427 3637/4710/2433
f 3650/4729/2434 3645/4720/2435 3633/4705/2430
f 3647/4725/2427 3650/4729/2434 3637/4710/2433
f 3637/4710/2433 3650/4729/2434 3633/4705/2430
f 3667/4754/2436 3647/4725/2427 3648/4727/2425
f 3608/4670/2429 3598/4657/2428 3625/4692/2432
f 3598/4657/2428 3559/4608/2420 3616/4681/2419
f 3598/4657/2428 3616/4681/2419 3644/4719/2426
f 3644/4719/2426 3625/4692/2432 3598/4657/2428
f 3544/4589/2287 3504/4532/2423 3435/4448/2284
f 3504/4532/2423 3479/4501/2412 3465/4483/2411
f 3504/4532/2423 3465/4483/2411 3435/4448/2284
f 3465/4483/2411 3441/4455/2409 3422/4431/2410
f 3465/4483/2411 3422/4431/2410 3435/4448/2284
f 3422/4431/2410 3461/4479/2408 3430/4442/2406
f 3401/4402/2405 3403/4406/2437 3422/4431/2410
f 3430/4442/2406 3474/4495/2255 3376/4371/2402
f 3430/4442/2406 3376/4371/2402 3401/4402/2405
f 3383/4379/2438 3401/4402/2405 3379/4375/2439
f 3383/4379/2438 3379/4375/2439 3380/4376/2399
f 3383/4379/2438 3380/4376/2399 3401/4402/2405
f 3435/4448/2284 3401/4402/2405 3380/4376/2399
f 3430/4442/2406 3401/4402/2405 3422/4431/2410
f 3403/4406/2437 3401/4402/2405 3435/4448/2284
f 3403/4406/2437 3435/4448/2284 3422/4431/2410
f 3435/4448/2284 3380/4376/2399 3432/4444/2285
f 3635/4708/2424 3601/4660/2440 3648/4727/2425
f 3667/4754/2436 3648/4727/2425 3601/4660/2440
f 3635/4708/2424 3463/4481/2289 3601/4660/2440
f 3187/4108/2293 2733/3526/2301 3601/4660/2440
f 3187/4108/2293 3601/4660/2440 3463/4481/2289
f 3463/4481/2289 3635/4708/2424 3544/4589/2287
f 3671/4760/2021 3714/4808/2441 3726/4822/2018
f 3671/4760/2021 3211/4139/2442 3693/4786/2443
f 3211/4139/2442 3671/4760/2021 3232/4168/2023
f 3708/4802/2444 3693/4786/2443 3446/4461/2445
f 3446/4461/2445 3693/4786/2443 3211/4139/2442
f 3446/4461/2445 2444/3154/2446 3268/4215/2447
f 2444/3154/2446 3446/4461/2445 3211/4139/2442
f 3232/4168/2023 2023/2606/2448 3211/4139/2442
f 2023/2606/2448 3232/4168/2023 2293/2957/1727
f 2023/2606/2448 2444/3154/2446 3211/4139/2442
f 3268/4215/2447 2444/3154/2446 3208/4136/2449
f 3369/4359/2450 3268/4215/2447 3208/4136/2449
f 3369/4359/2450 2242/2889/2451 3396/4396/2452
f 2620/3378/2453 3369/4359/2450 3208/4136/2449
f 3369/4359/2450 2620/3378/2453 2242/2889/2451
f 2668/3437/2454 3339/4316/2455 2242/2889/2451
f 3339/4316/2455 3396/4396/2452 2242/2889/2451
f 3695/4788/2456 3446/4461/2445 3268/4215/2447
f 3446/4461/2445 3695/4788/2456 3708/4802/2444
f 3695/4788/2456 3369/4359/2450 3701/4794/2457
f 3369/4359/2450 3695/4788/2456 3268/4215/2447
f 3369/4359/2450 3396/4396/2452 3701/4794/2457
f 3643/4718/2458 3701/4794/2457 3396/4396/2452
f 3339/4316/2455 3643/4718/2458 3396/4396/2452
f 3701/4794/2457 3643/4718/2458 3723/4817/2459
f 3722/4816/2460 3701/4794/2457 3723/4817/2459
f 3701/4794/2457 3722/4816/2460 3695/4788/2456
f 3695/4788/2456 3722/4816/2460 3708/4802/2444
f 3708/4802/2444 3722/4816/2460 3727/4823/2461
f 3727/4823/2461 3722/4816/2460 3732/4831/2019
f 3721/4815/2462 3723/4817/2459 3643/4718/2458
f 3732/4831/2019 3722/4816/2460 3723/4817/2459
f 3723/4817/2459 3734/4835/2016 3732/4831/2019
f 3734/4835/2016 3723/4817/2459 3730/4827/2015
f 3730/4827/2015 3723/4817/2459 3721/4815/2462
f 3685/4778/2014 3730/4827/2015 3711/4805/2463
f 3685/4778/2014 3711/4805/2463 3642/4717/2464
f 3685/4778/2014 3642/4717/2464 3531/4575/2013
f 3390/4387/2465 3642/4717/2464 3665/4750/2466
f 3390/4387/2465 3665/4750/2466 3339/4316/2455
f 3531/4575/2013 3390/4387/2465 2780/3592/1718
f 3390/4387/2465 3531/4575/2013 3642/4717/2464
f 2248/2895/2467 2780/3592/1718 3390/4387/2465
f 2780/3592/1718 2248/2895/2467 1868/2408/1704
f 1535/1986/2468 1555/2014/1696 1623/2104/1697
f 1799/2315/2469 1597/2070/1698 1868/2408/1704
f 1597/2070/1698 1799/2315/2469 1478/1915/2470
f 1597/2070/1698 1478/1915/2470 1623/2104/1697
f 1726/2230/2471 1799/2315/2469 2248/2895/2467
f 2248/2895/2467 1799/2315/2469 1868/2408/1704
f 1726/2230/2471 2668/3437/2454 2242/2889/2451
f 2668/3437/2454 1726/2230/2471 2248/2895/2467
f 3390/4387/2465 3339/4316/2455 2668/3437/2454
f 3390/4387/2465 2668/3437/2454 2248/2895/2467
f 3671/4760/2021 3693/4786/2443 3714/4808/2441
f 3714/4808/2441 3693/4786/2443 3708/4802/2444
f 3726/4822/2018 3714/4808/2441 3732/4831/2019
f 3732/4831/2019 3714/4808/2441 3727/4823/2461
f 3727/4823/2461 3714/4808/2441 3708/4802/2444
f 3730/4827/2015 3721/4815/2462 3711/4805/2463
f 3711/4805/2463 3721/4815/2462 3665/4750/2466
f 3711/4805/2463 3665/4750/2466 3642/4717/2464
f 3339/4316/2455 3665/4750/2466 3643/4718/2458
f 3643/4718/2458 3665/4750/2466 3721/4815/2462
f 2243/2890/2472 2620/3378/2453 3208/4136/2449
f 2242/2889/2451 2620/3378/2453 2411/3109/2473
f 1996/2567/2474 1726/2230/2471 2242/2889/2451
f 1996/2567/2474 2242/2889/2451 1369/1774/2475
f 1304/1692/2476 1726/2230/2471 1996/2567/2474
f 1368/1773/2477 1304/1692/2476 1120/1453/2478
f 1120/1453/2478 1304/1692/2476 1369/1774/2475
f 2243/2890/2472 806/1034/2479 1369/1774/2475
f 1022/1326/2480 854/1098/2481 550/703/2482
f 633/815/2483 854/1098/2481 847/1087/2025
f 633/815/2483 847/1087/2025 560/716/2026
f 633/815/2483 560/716/2026 485/621/2484
f 485/621/2484 560/716/2026 357/459/2028
f 633/815/2483 485/621/2484 550/703/2482
f 633/815/2483 550/703/2482 854/1098/2481
f 806/1034/2479 550/703/2482 754/972/2485
f 550/703/2482 485/621/2484 369/473/2486
f 369/473/2486 485/621/2484 357/459/2028
f 323/421/2487 369/473/2486 251/337/2488
f 369/473/2486 323/421/2487 550/703/2482
f 550/703/2482 323/421/2487 754/972/2485
f 754/972/2485 648/833/2489 806/1034/2479
f 648/833/2489 754/972/2485 254/340/2490
f 648/833/2489 728/938/2491 1369/1774/2475
f 550/703/2482 806/1034/2479 1022/1326/2480
f 1369/1774/2475 806/1034/2479 648/833/2489
f 1120/1453/2478 1369/1774/2475 848/1088/2492
f 1369/1774/2475 2242/2889/2451 2411/3109/2473
f 2243/2890/2472 2411/3109/2473 2620/3378/2453
f 2411/3109/2473 2243/2890/2472 1369/1774/2475
f 3208/4136/2449 2444/3154/2446 2243/2890/2472
f 1791/2305/2493 2444/3154/2446 2023/2606/2448
f 2243/2890/2472 2444/3154/2446 1791/2305/2493
f 2293/2957/1727 1030/1339/1726 2023/2606/2448
f 847/1087/2025 2023/2606/2448 1030/1339/1726
f 847/1087/2025 854/1098/2481 2023/2606/2448
f 1791/2305/2493 2023/2606/2448 854/1098/2481
f 1996/2567/2474 1369/1774/2475 1304/1692/2476
f 3349/4330/2400 3380/4376/2399 3379/4375/2439
f 3349/4330/2400 3379/4375/2439 3367/4357/2401
f 3367/4357/2401 3379/4375/2439 3401/4402/2405
f 1791/2305/2493 1022/1326/2480 2243/2890/2472
f 1022/1326/2480 1791/2305/2493 854/1098/2481
f 2243/2890/2472 1022/1326/2480 806/1034/2479
f 1478/1915/2470 1799/2315/2469 1726/2230/2471
f 1478/1915/2470 1726/2230/2471 1439/1866/2494
f 1478/1915/2470 1439/1866/2494 1279/1659/2495
f 1279/1659/2495 1439/1866/2494 1368/1773/2477
f 1420/1843/2496 1478/1915/2470 1279/1659/2495
f 1726/2230/2471 1368/1773/2477 1439/1866/2494
f 1368/1773/2477 1726/2230/2471 1304/1692/2476
f 1220/1582/2497 1368/1773/2477 1120/1453/2478
f 1279/1659/2495 1368/1773/2477 1220/1582/2497
f 1124/1458/2498 1220/1582/2497 1120/1453/2478
f 1124/1458/2498 1120/1453/2478 848/1088/2492
f 848/1088/2492 1369/1774/2475 728/938/2491
f 600/766/2499 848/1088/2492 728/938/2491
f 728/938/2491 648/833/2489 247/333/2500
f 247/333/2500 648/833/2489 254/340/2490
f 728/938/2491 247/333/2500 600/766/2499
f 848/1088/2492 600/766/2499 1124/1458/2498
f 1124/1458/2498 600/766/2499 923/1190/2501
f 1220/1582/2497 1124/1458/2498 1250/1616/2502
f 1220/1582/2497 1250/1616/2502 1279/1659/2495
f 1124/1458/2498 1254/1622/2503 1250/1616/2502
f 1254/1622/2503 1124/1458/2498 923/1190/2501
f 1420/1843/2496 1279/1659/2495 1402/1819/2504
f 1279/1659/2495 1250/1616/2502 1402/1819/2504
f 1250/1616/2502 1254/1622/2503 1402/1819/2504
f 1312/1702/2505 923/1190/2501 1195/1551/2506
f 923/1190/2501 1023/1327/2507 1195/1551/2506
f 1023/1327/2507 923/1190/2501 710/913/2508
f 1023/1327/2507 710/913/2508 743/958/2509
f 923/1190/2501 600/766/2499 710/913/2508
f 1023/1327/2507 743/958/2509 862/1110/2510
f 1023/1327/2507 862/1110/2510 1116/1448/2511
f 1195/1551/2506 1023/1327/2507 1116/1448/2511
f 862/1110/2510 1132/1468/2512 1116/1448/2511
f 1116/1448/2511 1132/1468/2512 1520/1964/2513
f 875/1125/2514 1132/1468/2512 862/1110/2510
f 1177/1528/2515 1132/1468/2512 875/1125/2514
f 1132/1468/2512 1177/1528/2515 1366/1768/2516
f 1132/1468/2512 1366/1768/2516 1520/1964/2513
f 1451/1881/2517 1520/1964/2513 1366/1768/2516
f 1451/1881/2517 1366/1768/2516 1177/1528/2515
f 934/1203/2518 1177/1528/2515 875/1125/2514
f 934/1203/2518 875/1125/2514 427/548/2519
f 934/1203/2518 427/548/2519 694/893/2520
f 461/592/2521 694/893/2520 427/548/2519
f 180/254/2522 427/548/2519 343/443/2523
f 862/1110/2510 343/443/2523 427/548/2519
f 862/1110/2510 427/548/2519 875/1125/2514
f 1555/2014/1696 1535/1986/2468 1254/1622/2503
f 1555/2014/1696 1254/1622/2503 1554/2012/1693
f 1312/1702/2505 1539/1991/2524 1389/1801/2525
f 1539/1991/2524 1312/1702/2505 1492/1930/2526
f 1312/1702/2505 1195/1551/2506 1492/1930/2526
f 1312/1702/2505 1389/1801/2525 923/1190/2501
f 1389/1801/2525 1539/1991/2524 1508/1952/1692
f 1254/1622/2503 923/1190/2501 1389/1801/2525
f 1420/1843/2496 1402/1819/2504 1535/1986/2468
f 1535/1986/2468 1402/1819/2504 1254/1622/2503
f 1623/2104/1697 1478/1915/2470 1420/1843/2496
f 1623/2104/1697 1420/1843/2496 1535/1986/2468
f 1554/2012/1693 1254/1622/2503 1389/1801/2525
f 1554/2012/1693 1389/1801/2525 1508/1952/1692
f 1589/2059/2527 1492/1930/2526 1116/1448/2511
f 1116/1448/2511 1492/1930/2526 1195/1551/2506
f 1589/2059/2527 2048/2638/2528 2178/2807/1666
f 1964/2526/1664 1589/2059/2527 2178/2807/1666
f 1492/1930/2526 1589/2059/2527 1964/2526/1664
f 1700/2200/1671 1492/1930/2526 1964/2526/1664
f 1492/1930/2526 1700/2200/1671 1539/1991/2524
f 1539/1991/2524 1700/2200/1671 1508/1952/1692
f 1589/2059/2527 1695/2191/2529 2048/2638/2528
f 1695/2191/2529 1589/2059/2527 1520/1964/2513
f 1520/1964/2513 1589/2059/2527 1116/1448/2511
f 1451/1881/2517 1873/2414/2530 2048/2638/2528
f 1451/1881/2517 2048/2638/2528 1695/2191/2529
f 1451/1881/2517 1695/2191/2529 1520/1964/2513
f 1291/1673/2531 1451/1881/2517 1177/1528/2515
f 1873/2414/2530 1468/1902/2532 1851/2384/2533
f 1851/2384/2533 1468/1902/2532 1676/2169/2534
f 1851/2384/2533 1676/2169/2534 1718/2221/1646
f 1851/2384/2533 1718/2221/1646 1835/2363/1657
f 852/1093/2535 859/1105/2536 632/814/2537
f 711/914/2538 852/1093/2535 632/814/2537
f 586/750/2539 620/797/2540 616/789/1756
f 586/750/2539 616/789/1756 711/914/2538
f 632/814/2537 586/750/2539 711/914/2538
f 859/1105/2536 852/1093/2535 1037/1347/2541
f 859/1105/2536 1037/1347/2541 1056/1368/2542
f 1056/1368/2542 1177/1528/2515 859/1105/2536
f 694/893/2520 859/1105/2536 1177/1528/2515
f 1177/1528/2515 934/1203/2518 694/893/2520
f 461/592/2521 248/334/2543 632/814/2537
f 180/254/2522 461/592/2521 427/548/2519
f 117/172/2544 180/254/2522 166/238/2545
f 117/172/2544 248/334/2543 180/254/2522
f 248/334/2543 461/592/2521 180/254/2522
f 248/334/2543 117/172/2544 127/185/1747
f 127/185/1747 355/456/1748 248/334/2543
f 248/334/2543 355/456/1748 586/750/2539
f 612/782/1754 616/789/1756 620/797/2540
f 612/782/1754 620/797/2540 539/686/1755
f 620/797/2540 586/750/2539 539/686/1755
f 355/456/1748 539/686/1755 586/750/2539
f 248/334/2543 586/750/2539 632/814/2537
f 461/592/2521 632/814/2537 694/893/2520
f 694/893/2520 632/814/2537 859/1105/2536
f 1873/2414/2530 2178/2807/1666 2048/2638/2528
f 2178/2807/1666 1873/2414/2530 1835/2363/1657
f 1835/2363/1657 1873/2414/2530 1851/2384/2533
f 862/1110/2510 743/958/2509 343/443/2523
f 635/817/2546 743/958/2509 310/405/2547
f 310/405/2547 743/958/2509 710/913/2508
f 478/612/2548 635/817/2546 310/405/2547
f 337/437/2549 478/612/2548 310/405/2547
f 478/612/2548 337/437/2549 320/417/2550
f 320/417/2550 635/817/2546 478/612/2548
f 635/817/2546 320/417/2550 343/443/2523
f 743/958/2509 635/817/2546 343/443/2523
f 343/443/2523 320/417/2550 180/254/2522
f 180/254/2522 320/417/2550 166/238/2545
f 142/207/1761 117/172/2544 166/238/2545
f 1468/1902/2532 1451/1881/2517 1291/1673/2531
f 1873/2414/2530 1451/1881/2517 1468/1902/2532
f 1468/1902/2532 1291/1673/2531 1505/1947/2551
f 1468/1902/2532 1505/1947/2551 1676/2169/2534
f 1676/2169/2534 1505/1947/2551 1718/2221/1646
f 1291/1673/2531 1177/1528/2515 1056/1368/2542
f 1056/1368/2542 1037/1347/2541 1291/1673/2531
f 754/972/2485 323/421/2487 254/340/2490
f 323/421/2487 239/323/2552 254/340/2490
f 323/421/2487 251/337/2488 239/323/2552
f 254/340/2490 239/323/2552 204/282/2553
f 204/282/2553 247/333/2500 254/340/2490
f 600/766/2499 310/405/2547 710/913/2508
f 310/405/2547 600/766/2499 247/333/2500
f 310/405/2547 247/333/2500 190/267/2554
f 190/267/2554 224/306/2555 310/405/2547
f 369/473/2486 357/459/2028 251/337/2488
f 251/337/2488 357/459/2028 215/294/2030
f 251/337/2488 215/294/2030 172/245/2032
f 147/216/2033 152/223/2035 190/267/2554
f 147/216/2033 190/267/2554 204/282/2553
f 204/282/2553 190/267/2554 247/333/2500
f 224/306/2555 190/267/2554 152/223/2035
f 226/309/1773 224/306/2555 152/223/2035
f 226/309/1773 266/356/1762 297/390/2556
f 117/172/2544 142/207/1761 104/157/1757
f 117/172/2544 104/157/1757 127/185/1747
f 297/390/2556 266/356/1762 142/207/1761
f 166/238/2545 320/417/2550 142/207/1761
f 142/207/1761 320/417/2550 337/437/2549
f 142/207/1761 337/437/2549 297/390/2556
f 226/309/1773 297/390/2556 224/306/2555
f 224/306/2555 297/390/2556 337/437/2549
f 310/405/2547 224/306/2555 337/437/2549
f 251/337/2488 172/245/2032 239/323/2552
f 239/323/2552 172/245/2032 204/282/2553
f 204/282/2553 172/245/2032 147/216/2033
f 4141/5372/1342 4083/5301/1340 4148/5381/1350
f 4083/5301/1340 4143/5375/2062 4148/5381/1350
f 4148/5381/1350 4143/5375/2062 4161/5398/2063
f 4148/5381/1350 4161/5398/2063 4175/5417/1349
f 4161/5398/2063 4182/5425/2069 4175/5417/1349
f 4175/5417/1349 4182/5425/2069 4196/5442/2068
f 4175/5417/1349 4196/5442/2068 4167/5407/1347
f 2191/2823/1651 1874/2415/2557 2313/2982/1677
f 1874/2415/2557 1491/1929/2558 1830/2354/2236
f 1830/2354/2236 1491/1929/2558 1378/1786/2559
f 1934/2490/1649 1874/2415/2557 2191/2823/1651
f 1874/2415/2557 1934/2490/1649 1614/2091/2560
f 1378/1786/2559 1491/1929/2558 1251/1617/2561
f 1830/2354/2236 1378/1786/2559 1556/2016/2234
f 1830/2354/2236 2120/2735/2138 1874/2415/2557
f 2313/2982/1677 1874/2415/2557 2120/2735/2138
f 1934/2490/1649 1718/2222/1646 1614/2091/2560
f 1874/2415/2557 1614/2091/2560 1330/1723/2562
f 1874/2415/2557 1330/1723/2562 1491/1929/2558
f 1718/2222/1646 1505/1948/2551 1614/2091/2560
f 1505/1948/2551 1291/1674/2531 1614/2091/2560
f 1330/1723/2562 1291/1674/2531 1037/1348/2541
f 1330/1723/2562 1614/2091/2560 1291/1674/2531
f 1330/1723/2562 1037/1348/2541 1251/1617/2561
f 1037/1348/2541 852/1094/2535 1251/1617/2561
f 913/1177/2563 797/1022/2564 756/976/1643
f 887/1140/2565 797/1022/2564 913/1177/2563
f 887/1140/2565 913/1177/2563 1159/1506/2566
f 852/1094/2535 887/1140/2565 1251/1617/2561
f 887/1140/2565 852/1094/2535 711/915/2538
f 887/1140/2565 711/915/2538 797/1022/2564
f 797/1022/2564 711/915/2538 616/790/1756
f 616/790/1756 756/976/1643 797/1022/2564
f 1251/1617/2561 1491/1929/2558 1330/1723/2562
f 1251/1617/2561 887/1140/2565 1159/1506/2566
f 1001/1295/2233 1159/1506/2566 913/1177/2563
f 1251/1617/2561 1159/1506/2566 1378/1786/2559
f 1378/1786/2559 1159/1506/2566 1205/1563/2232
f 1378/1786/2559 1205/1563/2232 1556/2016/2234
f 1159/1506/2566 1001/1295/2233 1205/1563/2232
f 1001/1295/2233 913/1177/2563 908/1172/1672
f 1001/1295/2233 908/1172/1672 999/1291/1673
f 756/976/1643 908/1172/1672 913/1177/2563
f 2957/3818/1438 2960/3822/1439 2981/3849/1437
f 2960/3822/1439 2994/3867/1440 2981/3849/1437
f 2981/3849/1437 2994/3867/1440 3042/3924/2567
f 3042/3924/2567 2994/3867/1440 2984/3854/1442
f 3042/3924/2567 2984/3854/1442 3022/3902/1445
f 3022/3902/1445 2984/3854/1442 3043/3926/1444
f 3047/3931/2568 3022/3902/1445 3045/3929/1446
f 3022/3902/1445 3047/3931/2568 3042/3924/2567
f 2981/3849/1437 3042/3924/2567 3177/4096/2569
f 3242/4180/2570 2918/3768/1501 2981/3849/1437
f 3242/4180/2570 2981/3849/1437 3177/4096/2569
f 3042/3924/2567 3047/3931/2568 3177/4096/2569
f 3047/3931/2568 3045/3929/1446 3048/3933/1494
f 3047/3931/2568 3048/3933/1494 2889/3732/1492
f 3047/3931/2568 2889/3732/1492 2886/3727/2571
f 3047/3931/2568 2886/3727/2571 3177/4096/2569
f 3177/4096/2569 3235/4172/2572 3242/4180/2570
f 3125/4027/2573 3177/4096/2569 2886/3727/2571
f 2886/3727/2571 2846/3673/2574 3125/4027/2573
f 2846/3673/2574 2886/3727/2571 2577/3326/2575
f 2578/3327/2576 2846/3673/2574 2577/3326/2575
f 2472/3197/2577 2578/3327/2576 2577/3326/2575
f 2577/3326/2575 2535/3268/2578 2472/3197/2577
f 2472/3197/2577 2432/3138/1485 2400/3096/2579
f 2472/3197/2577 2535/3268/2578 2432/3138/1485
f 2432/3138/1485 2535/3268/2578 2433/3141/1486
f 2433/3141/1486 2535/3268/2578 2548/3286/1488
f 2548/3286/1488 2535/3268/2578 2560/3305/1489
f 2535/3268/2578 2577/3326/2575 2560/3305/1489
f 2886/3727/2571 2673/3442/2580 2577/3326/2575
f 2673/3442/2580 2886/3727/2571 2889/3732/1492
f 2673/3442/2580 2889/3732/1492 2632/3393/1490
f 2577/3326/2575 2673/3442/2580 2560/3305/1489
f 2560/3305/1489 2673/3442/2580 2632/3393/1490
f 2855/3687/1436 2981/3849/1437 2918/3768/1501
f 2842/3669/1500 3174/4091/2310 2832/3656/1502
f 3225/4156/2581 2842/3669/1500 2918/3768/1501
f 2842/3669/1500 3225/4156/2581 3174/4091/2310
f 2918/3768/1501 3242/4180/2570 3225/4156/2581
f 3321/4284/2582 3225/4156/2581 3242/4180/2570
f 3235/4172/2572 3177/4096/2569 3223/4154/2583
f 3223/4154/2583 3177/4096/2569 3125/4027/2573
f 3223/4154/2583 3125/4027/2573 2883/3724/2584
f 3242/4180/2570 3235/4172/2572 3321/4284/2582
f 3321/4284/2582 3235/4172/2572 3395/4394/2585
f 3393/4391/2586 3235/4172/2572 3193/4114/2587
f 3235/4172/2572 3393/4391/2586 3395/4394/2585
f 3223/4154/2583 3193/4115/2587 3235/4172/2572
f 3179/4099/2588 3285/4238/2589 3193/4115/2587
f 3193/4115/2587 3223/4154/2583 3087/3983/2590
f 3223/4154/2583 2883/3724/2584 3087/3983/2590
f 2883/3724/2584 3125/4027/2573 2846/3673/2574
f 2883/3724/2584 2846/3673/2574 2578/3327/2576
f 2883/3724/2584 2578/3327/2576 2697/3477/2591
f 2697/3477/2591 2578/3327/2576 2472/3197/2577
f 2472/3197/2577 2400/3096/2579 2431/3135/2592
f 2697/3477/2591 2472/3197/2577 2574/3322/2593
f 2431/3135/2592 2574/3322/2593 2472/3197/2577
f 2574/3322/2593 2724/3513/2594 2697/3477/2591
f 2724/3513/2594 2883/3724/2584 2697/3477/2591
f 2883/3724/2584 2724/3513/2594 3087/3983/2590
f 3193/4115/2587 3087/3983/2590 3179/4099/2588
f 223/305/1864 853/1096/1866 479/613/1865
f 1186/1538/1870 1823/2345/2344 223/305/1864
f 1823/2345/2344 853/1096/1866 223/305/1864
f 4757/6152/1122 4703/6078/1119 4721/6099/2595
f 3255/4195/1417 3329/4300/1408 3353/4338/2251
f 3255/4195/1417 3353/4338/2251 3453/4469/2596
f 3418/4427/1499 3258/4199/1448 3453/4469/2596
f 3375/4369/1454 3266/4212/1449 3418/4427/1499
f 3418/4427/1499 3453/4469/2596 3569/4623/2597
f 3418/4427/1499 3569/4623/2597 3513/4544/2598
f 3513/4544/2598 3448/4463/2599 3263/4207/2600
f 3513/4544/2598 3263/4207/2600 3418/4427/1499
f 3418/4427/1499 3263/4207/2600 3375/4369/1454
f 3375/4370/1454 3263/4207/2600 3282/4233/1456
f 2978/3845/1457 3282/4233/1456 3092/3990/2601
f 2978/3845/1457 3092/3990/2601 2747/3545/2602
f 3263/4207/2600 3092/3990/2601 3282/4233/1456
f 3243/4181/2603 3092/3990/2601 3263/4207/2600
f 3243/4181/2603 3263/4207/2600 3397/4397/2604
f 3448/4463/2599 3397/4397/2604 3263/4207/2600
f 3255/4195/1417 3453/4469/2596 3258/4199/1448
f 2978/3845/1457 2747/3545/2602 2695/3475/1459
f 2695/3475/1459 2747/3545/2602 2587/3339/2605
f 2537/3271/2606 2587/3339/2605 2616/3373/2607
f 2537/3271/2606 2496/3223/2608 2587/3339/2605
f 2587/3339/2605 2496/3223/2608 2512/3244/2609
f 2594/3348/1461 2587/3339/2605 2512/3244/2609
f 2587/3339/2605 2594/3348/1461 2695/3475/1459
f 2594/3348/1461 2512/3244/2609 2514/3247/1462
f 2512/3244/2609 2496/3223/2608 2514/3247/1462
f 2514/3247/1462 2496/3223/2608 2464/3187/1463
f 2427/3128/1482 2464/3187/1463 2496/3223/2608
f 2427/3128/1482 2496/3223/2608 2400/3097/2579
f 2427/3128/1482 2400/3097/2579 2423/3122/1484
f 2423/3122/1484 2400/3097/2579 2432/3139/1485
f 2400/3097/2579 2496/3223/2608 3090/3987/2610
f 3090/3987/2610 2496/3223/2608 2627/3387/2611
f 2627/3387/2611 2496/3223/2608 2537/3271/2606
f 2627/3387/2611 2537/3271/2606 2616/3373/2607
f 2587/3339/2605 2747/3545/2602 2616/3373/2607
f 2616/3373/2607 2747/3545/2602 2627/3387/2611
f 3080/3974/2612 2747/3545/2602 3092/3990/2601
f 3080/3974/2612 3092/3990/2601 3243/4181/2603
f 3288/4243/2613 3243/4181/2603 3397/4397/2604
f 2775/3585/2614 2747/3545/2602 3080/3974/2612
f 2775/3585/2614 3080/3974/2612 3082/3976/2615
f 2627/3387/2611 2747/3545/2602 2775/3585/2614
f 2627/3387/2611 2775/3585/2614 2860/3692/2616
f 3084/3978/2617 2860/3692/2616 2775/3585/2614
f 3084/3978/2617 2775/3585/2614 3082/3976/2615
f 2627/3387/2611 2860/3692/2616 3090/3987/2610
f 3082/3976/2615 3080/3974/2612 3243/4181/2603
f 3402/4403/2618 3288/4243/2613 3417/4425/2619
f 3417/4425/2619 3486/4509/2620 3402/4403/2618
f 3560/4609/2621 3535/4580/2622 3605/4666/2623
f 3560/4609/2621 3402/4403/2618 3486/4509/2620
f 3535/4580/2622 3560/4609/2621 3486/4509/2620
f 3513/4544/2598 3569/4623/2597 3535/4580/2622
f 3535/4580/2622 3486/4509/2620 3448/4463/2599
f 3535/4580/2622 3448/4463/2599 3513/4544/2598
f 3457/4474/2624 3569/4623/2597 3453/4469/2596
f 3569/4623/2597 3457/4474/2624 3523/4559/2625
f 3453/4469/2596 3353/4338/2251 3457/4474/2624
f 3448/4463/2599 3486/4509/2620 3397/4397/2604
f 3417/4425/2619 3397/4397/2604 3486/4509/2620
f 3397/4397/2604 3417/4425/2619 3288/4243/2613
f 3287/4241/2626 3241/4178/2627 3214/4142/2628
f 3143/4049/2629 3214/4142/2628 3175/4093/2630
f 3143/4049/2629 3175/4093/2630 3155/4063/2631
f 3143/4049/2629 3131/4033/2632 3176/4095/2633
f 3143/4049/2629 3176/4095/2633 3214/4142/2628
f 3176/4095/2633 3131/4033/2632 3151/4058/2634
f 3288/4243/2613 3214/4142/2628 3176/4095/2633
f 3288/4243/2613 3176/4095/2633 3243/4181/2603
f 3082/3976/2615 3243/4181/2603 3176/4095/2633
f 3151/4058/2634 3142/4048/2635 3176/4095/2633
f 3142/4048/2635 3151/4058/2634 3136/4041/2636
f 3142/4048/2635 3136/4041/2636 3090/3987/2610
f 3176/4095/2633 3142/4048/2635 3084/3978/2617
f 3084/3978/2617 3142/4048/2635 3090/3987/2610
f 3090/3987/2610 2860/3692/2616 3084/3978/2617
f 3176/4095/2633 3084/3978/2617 3082/3976/2615
f 3287/4241/2626 3214/4142/2628 3288/4243/2613
f 3402/4403/2618 3287/4241/2626 3288/4243/2613
f 3523/4559/2625 3620/4686/2637 3569/4623/2597
f 3632/4702/2638 3602/4662/2639 3620/4686/2637
f 3569/4623/2597 3620/4686/2637 3602/4662/2639
f 3535/4580/2622 3569/4623/2597 3602/4662/2639
f 3605/4666/2623 3535/4580/2622 3602/4662/2639
f 3338/4315/2318 3174/4092/2310 3225/4157/2581
f 3225/4157/2581 3321/4285/2582 3395/4395/2585
f 3420/4429/2640 3395/4395/2585 3459/4477/2641
f 3395/4395/2585 3420/4429/2640 3225/4157/2581
f 3385/4381/2642 3217/4148/2316 3338/4315/2318
f 3398/4399/2319 3217/4148/2316 3385/4381/2642
f 3427/4439/2320 3398/4399/2319 3385/4381/2642
f 3427/4439/2320 3385/4381/2642 3442/4456/2643
f 3442/4456/2643 3385/4381/2642 3480/4502/2644
f 3385/4381/2642 3338/4315/2318 3480/4502/2644
f 3338/4315/2318 3225/4157/2581 3386/4382/2645
f 3386/4382/2645 3225/4157/2581 3420/4429/2640
f 3459/4477/2641 3587/4645/2646 3487/4510/2647
f 3587/4645/2646 3459/4477/2641 3500/4526/2648
f 3572/4626/2649 3587/4645/2646 3615/4680/2650
f 3587/4645/2646 3500/4526/2648 3592/4650/2651
f 3592/4650/2651 3500/4526/2648 3525/4563/2652
f 3587/4645/2646 3592/4650/2651 3615/4680/2650
f 3615/4680/2650 3592/4650/2651 3611/4675/2653
f 3615/4680/2650 3571/4625/2654 3572/4626/2649
f 3587/4645/2646 3572/4626/2649 3487/4510/2647
f 3572/4626/2649 3571/4625/2654 3487/4510/2647
f 3459/4477/2641 3487/4510/2647 3420/4429/2640
f 3487/4510/2647 3534/4579/2655 3420/4429/2640
f 3534/4579/2655 3487/4510/2647 3571/4625/2654
f 3534/4579/2655 3519/4554/2656 3420/4429/2640
f 3420/4429/2640 3519/4554/2656 3455/4471/2657
f 3420/4429/2640 3455/4471/2657 3386/4382/2645
f 3386/4382/2645 3455/4471/2657 3338/4315/2318
f 3519/4554/2656 3534/4579/2655 3571/4625/2654
f 3338/4315/2318 3455/4471/2657 3519/4554/2656
f 3480/4502/2644 3338/4315/2318 3519/4554/2656
f 3480/4502/2644 3519/4554/2656 3540/4585/2658
f 3540/4585/2658 3575/4629/2659 3537/4582/2660
f 3537/4582/2660 3575/4629/2659 3576/4630/2661
f 3480/4502/2644 3540/4585/2658 3537/4582/2660
f 3480/4502/2644 3537/4582/2660 3507/4536/2662
f 3537/4582/2660 3576/4630/2661 3580/4634/2663
f 3507/4536/2662 3537/4582/2660 3512/4543/2322
f 3473/4493/2321 3507/4536/2662 3512/4543/2322
f 3507/4536/2662 3473/4493/2321 3442/4456/2643
f 3507/4536/2662 3442/4456/2643 3480/4502/2644
f 3427/4439/2320 3442/4456/2643 3473/4493/2321
f 3512/4543/2322 3537/4582/2660 3580/4634/2663
f 3512/4543/2322 3580/4634/2663 3550/4597/2664
f 3512/4543/2322 3550/4597/2664 3502/4529/2323
f 3502/4529/2323 3550/4597/2664 3555/4604/2665
f 3502/4529/2323 3555/4604/2665 3444/4459/2325
f 3555/4604/2665 3550/4597/2664 3583/4639/2666
f 3583/4639/2666 3550/4597/2664 3580/4634/2663
f 3583/4639/2666 3580/4634/2663 3614/4679/2667
f 3580/4634/2663 3576/4630/2661 3614/4679/2667
f 3614/4679/2667 3576/4630/2661 3575/4629/2659
f 3571/4625/2654 3615/4680/2650 3575/4629/2659
f 3575/4629/2659 3615/4680/2650 3614/4679/2667
f 3571/4625/2654 3575/4629/2659 3519/4554/2656
f 3519/4554/2656 3575/4629/2659 3540/4585/2658
f 3615/4680/2650 3600/4659/2668 3614/4679/2667
f 3615/4680/2650 3611/4675/2653 3600/4659/2668
f 3611/4675/2653 3592/4650/2651 3585/4641/2669
f 3611/4675/2653 3585/4641/2669 3600/4659/2668
f 3585/4641/2669 3592/4650/2651 3520/4555/2670
f 3520/4555/2670 3592/4650/2651 3525/4563/2652
f 3585/4641/2669 3520/4555/2670 3511/4541/2671
f 3511/4541/2671 3520/4555/2670 3525/4563/2652
f 3600/4659/2668 3585/4641/2669 3496/4522/2672
f 3496/4522/2672 3585/4641/2669 3511/4541/2671
f 3496/4522/2672 3511/4541/2671 3450/4466/2351
f 3600/4659/2668 3594/4652/2673 3614/4679/2667
f 3600/4659/2668 3496/4522/2672 3594/4652/2673
f 3594/4652/2673 3496/4522/2672 3450/4466/2351
f 3450/4466/2351 3511/4541/2671 3495/4521/2674
f 3444/4459/2325 3552/4599/2675 3450/4466/2351
f 3552/4599/2675 3444/4459/2325 3555/4604/2665
f 3552/4599/2675 3555/4604/2665 3583/4639/2666
f 3450/4466/2351 3552/4599/2675 3594/4652/2673
f 3594/4652/2673 3552/4599/2675 3583/4639/2666
f 3614/4679/2667 3594/4652/2673 3583/4639/2666
f 3564/4617/2676 3536/4581/2677 3395/4395/2585
f 3668/4756/2678 3536/4581/2677 3564/4617/2676
f 3536/4581/2677 3668/4756/2678 3670/4758/2679
f 3694/4787/2680 3603/4664/2681 3670/4758/2679
f 3694/4787/2680 3670/4758/2679 3681/4772/2682
f 3670/4758/2679 3687/4780/2683 3681/4772/2682
f 3687/4780/2683 3670/4758/2679 3668/4756/2678
f 3672/4761/2684 3687/4780/2683 3668/4756/2678
f 3672/4761/2684 3681/4772/2682 3687/4780/2683
f 3668/4756/2678 3621/4688/2685 3672/4761/2684
f 3621/4688/2685 3669/4757/2686 3672/4761/2684
f 3669/4757/2686 3621/4688/2685 3566/4620/2687
f 3459/4477/2641 3536/4581/2677 3500/4526/2648
f 3525/4563/2652 3500/4526/2648 3536/4581/2677
f 3450/4466/2351 3495/4521/2674 3351/4334/2347
f 3495/4521/2674 3511/4541/2671 3570/4624/2688
f 3495/4521/2674 3570/4624/2688 3603/4664/2681
f 3570/4624/2688 3536/4581/2677 3670/4758/2679
f 3570/4624/2688 3670/4758/2679 3603/4664/2681
f 3638/4712/2354 3603/4664/2681 3694/4787/2680
f 3679/4770/2689 3694/4787/2680 3680/4771/2690
f 3686/4779/2691 3679/4770/2689 3677/4768/2692
f 3686/4779/2691 3676/4767/2693 3679/4770/2689
f 3676/4767/2693 3686/4779/2691 3682/4773/2694
f 3682/4773/2694 3686/4779/2691 3657/4738/2695
f 3676/4767/2693 3682/4773/2694 3678/4769/2696
f 3678/4769/2696 3682/4773/2694 3674/4763/2697
f 3674/4763/2697 3666/4751/2698 3678/4769/2696
f 3658/4740/2699 3666/4751/2698 3661/4745/2700
f 3678/4769/2696 3666/4751/2698 3692/4785/2701
f 3676/4767/2693 3678/4769/2696 3679/4770/2689
f 3679/4770/2689 3678/4769/2696 3692/4785/2701
f 3692/4785/2701 3694/4787/2680 3679/4770/2689
f 3694/4787/2680 3692/4785/2701 3638/4712/2354
f 3692/4785/2701 3629/4698/2355 3638/4712/2354
f 3692/4785/2701 3666/4751/2698 3629/4698/2355
f 3666/4751/2698 3658/4740/2699 3582/4636/2702
f 3629/4698/2355 3666/4751/2698 3528/4569/2357
f 3629/4698/2355 3389/4385/2352 3638/4712/2354
f 3582/4636/2702 3528/4569/2357 3666/4751/2698
f 3570/4624/2688 3511/4541/2671 3536/4581/2677
f 3511/4541/2671 3525/4563/2652 3536/4581/2677
f 3536/4581/2677 3459/4477/2641 3395/4395/2585
f 3351/4335/2347 3495/4521/2674 3603/4664/2681
f 3351/4335/2347 3603/4664/2681 3372/4365/2369
f 3372/4365/2369 3603/4664/2681 3342/4321/2353
f 3342/4321/2353 3603/4664/2681 3638/4712/2354
f 3668/4756/2678 3564/4617/2676 3621/4688/2685
f 3384/4380/2703 3621/4688/2685 3564/4617/2676
f 3621/4688/2685 3384/4380/2703 3566/4620/2687
f 3472/4491/2704 3566/4620/2687 3384/4380/2703
f 3566/4620/2687 3623/4690/2705 3669/4757/2686
f 3443/4457/2706 3472/4491/2704 3248/4186/2707
f 3472/4491/2704 3384/4380/2703 3218/4149/2708
f 3193/4116/2587 3384/4380/2703 3393/4392/2586
f 3384/4380/2703 3193/4116/2587 3285/4239/2589
f 3564/4617/2676 3395/4395/2585 3393/4392/2586
f 3384/4380/2703 3564/4617/2676 3393/4392/2586
f 3694/4787/2680 3681/4772/2682 3680/4771/2690
f 3680/4771/2690 3681/4772/2682 3672/4761/2684
f 3680/4771/2690 3672/4761/2684 3677/4768/2692
f 3672/4761/2684 3669/4757/2686 3677/4768/2692
f 3677/4768/2692 3669/4757/2686 3623/4690/2705
f 3679/4770/2689 3680/4771/2690 3677/4768/2692
f 3677/4768/2692 3623/4690/2705 3628/4696/2709
f 3623/4690/2705 3566/4620/2687 3443/4457/2706
f 3566/4620/2687 3472/4491/2704 3443/4457/2706
f 3623/4690/2705 3443/4457/2706 3526/4564/2710
f 3690/4783/2711 3628/4696/2709 3686/4779/2691
f 3628/4696/2709 3690/4783/2711 3677/4768/2692
f 3690/4783/2711 3686/4779/2691 3688/4781/2712
f 3677/4768/2692 3690/4783/2711 3691/4784/2713
f 3690/4783/2711 3688/4781/2712 3689/4782/2714
f 3690/4783/2711 3689/4782/2714 3691/4784/2713
f 3689/4782/2714 3688/4781/2712 3686/4779/2691
f 3689/4782/2714 3686/4779/2691 3691/4784/2713
f 3691/4784/2713 3686/4779/2691 3677/4768/2692
f 3686/4779/2691 3628/4696/2709 3657/4738/2695
f 3657/4738/2695 3597/4655/2715 3682/4773/2694
f 3509/4538/2716 3657/4738/2695 3628/4696/2709
f 3526/4564/2710 3509/4538/2716 3628/4696/2709
f 3526/4564/2710 3628/4696/2709 3623/4690/2705
f 3509/4538/2716 3526/4564/2710 3434/4446/2717
f 3443/4457/2706 3361/4348/2718 3425/4436/2719
f 3434/4446/2717 3443/4457/2706 3425/4436/2719
f 3406/4409/2720 3425/4436/2719 3305/4265/2721
f 3425/4436/2719 3406/4409/2720 3434/4446/2717
f 3238/4175/2722 3305/4265/2721 3425/4436/2719
f 3238/4175/2722 3425/4436/2719 3361/4348/2718
f 3305/4265/2721 3238/4175/2722 3272/4219/2723
f 3272/4219/2723 3181/4102/2724 3212/4140/2725
f 3272/4219/2723 3238/4175/2722 3150/4057/2726
f 3272/4219/2723 3150/4057/2726 3132/4035/2727
f 3272/4219/2723 3132/4035/2727 3181/4102/2724
f 3215/4144/2728 3238/4175/2722 3361/4348/2718
f 3248/4186/2707 3215/4144/2728 3361/4348/2718
f 3218/4149/2708 3248/4186/2707 3472/4491/2704
f 3218/4149/2708 3384/4380/2703 3285/4239/2589
f 3218/4149/2708 3285/4239/2589 2999/3872/2729
f 3179/4100/2588 2999/3872/2729 3285/4239/2589
f 3248/4186/2707 3361/4348/2718 3443/4457/2706
f 3434/4446/2717 3526/4564/2710 3443/4457/2706
f 3215/4144/2728 3248/4186/2707 2989/3860/2730
f 2989/3860/2730 3248/4186/2707 3148/4055/2731
f 3248/4186/2707 3218/4149/2708 3148/4055/2731
f 3179/4100/2588 3087/3984/2590 2869/3704/2732
f 3179/4100/2588 2869/3704/2732 2999/3872/2729
f 3087/3984/2590 2773/3582/2733 2869/3704/2732
f 2869/3704/2732 2773/3582/2733 2603/3359/2734
f 2773/3582/2733 3087/3984/2590 2724/3514/2594
f 2724/3514/2594 2574/3323/2593 2773/3582/2733
f 2773/3582/2733 2574/3323/2593 2603/3359/2734
f 2603/3359/2734 2574/3323/2593 2431/3136/2592
f 2869/3704/2732 2603/3359/2734 2624/3384/2735
f 2999/3872/2729 3148/4055/2731 3218/4149/2708
f 2989/3860/2730 3148/4055/2731 2999/3872/2729
f 2999/3872/2729 2624/3384/2735 2989/3860/2730
f 2999/3872/2729 2869/3704/2732 2624/3384/2735
f 2989/3860/2730 2624/3384/2735 3149/4056/2736
f 2989/3860/2730 3149/4056/2736 3215/4144/2728
f 3150/4057/2726 3238/4175/2722 3215/4144/2728
f 3150/4057/2726 3215/4144/2728 3149/4056/2736
f 3150/4057/2726 3149/4056/2736 3132/4035/2727
f 3132/4035/2727 3149/4056/2736 2431/3136/2592
f 2431/3136/2592 3149/4056/2736 2624/3384/2735
f 2431/3136/2592 2624/3384/2735 2603/3359/2734
f 3098/3999/2737 3132/4035/2727 2431/3136/2592
f 3181/4102/2724 3132/4035/2727 3139/4045/2738
f 3139/4045/2738 3132/4035/2727 3098/3999/2737
f 3212/4140/2725 3181/4102/2724 3139/4045/2738
f 3139/4045/2738 3136/4042/2636 3212/4140/2725
f 3090/3988/2610 3139/4045/2738 3098/3999/2737
f 3090/3988/2610 3098/3999/2737 2431/3136/2592
f 3090/3988/2610 2431/3136/2592 2400/3098/2579
f 3139/4045/2738 3090/3988/2610 3136/4042/2636
f 3167/4081/2739 3136/4042/2636 3151/4059/2634
f 3212/4140/2725 3136/4042/2636 3167/4081/2739
f 3212/4140/2725 3231/4165/2740 3272/4219/2723
f 3272/4219/2723 3231/4165/2740 3325/4290/2741
f 3305/4265/2721 3325/4290/2741 3406/4409/2720
f 3325/4290/2741 3305/4265/2721 3272/4219/2723
f 3407/4411/2742 3434/4446/2717 3406/4409/2720
f 3207/4134/2743 3231/4165/2740 3162/4073/2744
f 1798/2314/2168 2175/2803/2175 2281/2942/2167
f 3162/4073/2744 3212/4140/2725 3167/4081/2739
f 3162/4073/2744 3167/4081/2739 3131/4034/2632
f 3131/4034/2632 3167/4081/2739 3151/4059/2634
f 3212/4140/2725 3162/4073/2744 3231/4165/2740
f 3162/4073/2744 3131/4034/2632 3143/4050/2629
f 3143/4050/2629 3164/4075/2745 3162/4073/2744
f 3143/4050/2629 3155/4064/2631 3164/4075/2745
f 3164/4075/2745 3207/4134/2743 3162/4073/2744
f 3353/4339/2251 3456/4473/2250 3468/4486/2746
f 3626/4693/2747 3609/4671/2748 3651/4731/2749
f 3651/4731/2749 3624/4691/2750 3645/4721/2435
f 3624/4691/2750 3651/4731/2749 3620/4687/2637
f 3596/4654/2751 3633/4706/2430 3624/4691/2750
f 3645/4721/2435 3624/4691/2750 3633/4706/2430
f 3645/4721/2435 3641/4715/2752 3651/4731/2749
f 3523/4560/2625 3457/4475/2624 3468/4486/2746
f 3353/4339/2251 3468/4486/2746 3457/4475/2624
f 3523/4560/2625 3624/4691/2750 3620/4687/2637
f 3620/4687/2637 3651/4731/2749 3632/4703/2638
f 3609/4671/2748 3632/4703/2638 3651/4731/2749
f 3596/4654/2751 3624/4691/2750 3523/4560/2625
f 3523/4560/2625 3468/4486/2746 3596/4654/2751
f 3596/4654/2751 3468/4486/2746 3456/4473/2250
f 3549/4596/2257 3410/4417/2253 3527/4567/2256
f 3596/4654/2751 3549/4596/2257 3633/4706/2430
f 3549/4596/2257 3527/4567/2256 3565/4619/2414
f 3456/4473/2250 3549/4596/2257 3596/4654/2751
f 3389/4386/2352 3227/4159/2359 3129/4031/2371
f 4799/6196/1165 4844/6246/2753 4751/6143/1176
f 4696/6070/1174 4643/5993/2047 4689/6059/1175
f 4674/6037/2048 4696/6070/1174 4719/6097/2754
f 4696/6070/1174 4751/6143/1176 4719/6097/2754
f 4719/6097/2754 4751/6143/1176 4778/6174/2755
f 4778/6174/2755 4688/6056/2756 4719/6097/2754
f 4688/6056/2756 4663/6020/2757 4719/6097/2754
f 4663/6020/2757 4638/5986/2758 4719/6097/2754
f 4611/5947/2759 4589/5918/2760 4568/5894/2761
f 4482/5789/2762 4531/5850/2763 4431/5725/2764
f 4422/5712/2765 4431/5725/2764 4493/5803/2766
f 4485/5794/2767 4493/5803/2766 4526/5842/2768
f 4493/5803/2766 4485/5794/2767 4422/5712/2765
f 4506/5819/2769 4422/5712/2765 4485/5794/2767
f 4506/5819/2769 4485/5794/2767 4527/5843/2770
f 4340/5615/2771 4422/5712/2765 4479/5786/2772
f 4340/5615/2771 4479/5786/2772 4445/5742/2773
f 4263/5520/2774 4340/5615/2771 4445/5742/2773
f 4382/5663/2775 4445/5742/2773 4474/5778/2776
f 4623/5962/2777 4497/5808/2778 4474/5778/2776
f 4506/5819/2769 4623/5962/2777 4474/5778/2776
f 4639/5988/2779 4623/5962/2777 4606/5942/2780
f 4606/5942/2780 4623/5962/2777 4506/5819/2769
f 4606/5942/2780 4562/5887/2781 4639/5988/2779
f 4664/6022/2782 4639/5988/2779 4562/5887/2781
f 4710/6087/2783 4664/6022/2782 4562/5887/2781
f 4527/5843/2770 4562/5887/2781 4606/5942/2780
f 4527/5843/2770 4485/5794/2767 4526/5842/2768
f 4527/5843/2770 4526/5842/2768 4562/5887/2781
f 4526/5842/2768 4608/5944/2784 4562/5887/2781
f 4710/6087/2783 4562/5887/2781 4608/5944/2784
f 4560/5884/2785 4608/5944/2784 4526/5842/2768
f 4663/6020/2757 4688/6056/2756 4675/6039/2786
f 4778/6174/2755 4751/6143/1176 4844/6246/2753
f 4844/6246/2753 4787/6183/2787 4778/6174/2755
f 4849/6255/1178 4865/6278/1163 4821/6221/2788
f 4799/6197/1165 4836/6237/1164 4844/6246/2753
f 4844/6246/2753 4836/6237/1164 4849/6255/1178
f 4849/6255/1178 4821/6221/2788 4844/6246/2753
f 4833/6233/2789 4821/6221/2788 4865/6278/1163
f 4674/6037/2048 4719/6097/2754 4638/5986/2758
f 4638/5986/2758 4663/6020/2757 4636/5980/2790
f 4560/5884/2785 4526/5842/2768 4514/5828/2791
f 4675/6039/2786 4688/6056/2756 4658/6014/2792
f 4675/6039/2786 4658/6014/2792 4589/5918/2760
f 4608/5944/2784 4589/5918/2760 4658/6014/2792
f 4589/5918/2760 4608/5944/2784 4560/5884/2785
f 4710/6087/2783 4608/5944/2784 4658/6014/2792
f 4639/5988/2779 4664/6022/2782 4668/6027/2793
f 4675/6039/2786 4589/5918/2760 4611/5947/2759
f 4709/6086/2794 4778/6174/2755 4787/6183/2787
f 4787/6183/2787 4727/6107/2795 4709/6086/2794
f 4727/6107/2795 4787/6183/2787 4821/6221/2788
f 4787/6183/2787 4844/6246/2753 4821/6221/2788
f 4821/6221/2788 4833/6233/2789 4727/6107/2795
f 4688/6056/2756 4778/6174/2755 4709/6086/2794
f 4865/6278/1163 4870/6285/998 4833/6233/2789
f 4493/5803/2766 4514/5828/2791 4526/5842/2768
f 4514/5828/2791 4493/5803/2766 4431/5725/2764
f 4531/5850/2763 4514/5828/2791 4431/5725/2764
f 4849/6255/1178 4864/6276/1140 4865/6278/1163
f 4845/6247/2796 4833/6233/2789 4870/6285/998
f 4852/6260/997 4867/6280/2797 4870/6286/998
f 4852/6260/997 4848/6253/999 4857/6265/2798
f 4857/6265/2798 4848/6253/999 4841/6243/995
f 4862/6273/2799 4850/6257/1001 4861/6272/1000
f 4862/6273/2799 4861/6272/1000 4859/6268/993
f 4862/6273/2799 4859/6268/993 4868/6281/2800
f 4868/6281/2800 4859/6268/993 4863/6274/2801
f 4841/6243/995 4850/6257/1001 4853/6261/2802
f 4841/6243/995 4853/6261/2802 4857/6265/2798
f 4850/6257/1001 4862/6273/2799 4853/6261/2802
f 4860/6270/2803 4853/6261/2802 4862/6273/2799
f 4857/6265/2798 4867/6280/2797 4852/6260/997
f 4856/6264/2804 4857/6265/2798 4853/6261/2802
f 4868/6281/2800 4860/6270/2803 4862/6273/2799
f 4667/6025/2805 4721/6100/2595 4703/6079/1119
f 4757/6153/1122 4721/6100/2595 4758/6154/2806
f 4858/6266/2807 4819/6218/2808 4840/6241/2809
f 4819/6218/2808 4858/6266/2807 4866/6279/2810
f 4843/6245/2811 4840/6241/2809 4830/6230/2812
f 4843/6245/2811 4830/6230/2812 4829/6229/2813
f 4846/6250/2814 4829/6229/2813 4854/6262/2815
f 4854/6262/2815 4829/6229/2813 4851/6258/2816
f 4851/6258/2816 4837/6238/2817 4845/6249/2796
f 4851/6258/2816 4845/6249/2796 4854/6262/2815
f 4845/6249/2796 4870/6286/998 4854/6262/2815
f 4867/6280/2797 4854/6262/2815 4870/6286/998
f 4845/6249/2796 4774/6170/2818 4714/6091/2819
f 4837/6238/2817 4810/6209/2820 4824/6224/2821
f 4810/6209/2820 4811/6210/2822 4795/6191/2823
f 4810/6209/2820 4837/6238/2817 4811/6210/2822
f 4795/6191/2823 4811/6210/2822 4807/6206/2824
f 4807/6206/2824 4811/6210/2822 4823/6223/2825
f 4807/6206/2824 4823/6223/2825 4812/6211/2826
f 4812/6211/2826 4823/6223/2825 4826/6226/2827
f 4823/6223/2825 4811/6210/2822 4829/6229/2813
f 4826/6226/2827 4834/6234/2828 4819/6218/2808
f 4830/6230/2812 4826/6226/2827 4823/6223/2825
f 4826/6226/2827 4830/6230/2812 4834/6234/2828
f 4829/6229/2813 4830/6230/2812 4823/6223/2825
f 4851/6258/2816 4829/6229/2813 4811/6210/2822
f 4851/6258/2816 4811/6210/2822 4837/6238/2817
f 4845/6249/2796 4837/6238/2817 4824/6224/2821
f 4774/6170/2818 4845/6249/2796 4824/6224/2821
f 4800/6198/2829 4780/6176/2830 4768/6164/2831
f 4800/6198/2829 4768/6164/2831 4774/6170/2818
f 4780/6176/2830 4800/6198/2829 4785/6181/2832
f 4824/6224/2821 4800/6198/2829 4774/6170/2818
f 4800/6198/2829 4824/6224/2821 4785/6181/2832
f 4785/6181/2832 4824/6224/2821 4810/6209/2820
f 4785/6181/2832 4810/6209/2820 4795/6191/2823
f 4786/6182/2833 4785/6181/2832 4795/6191/2823
f 4786/6182/2833 4795/6191/2823 4792/6188/2834
f 4792/6188/2834 4795/6191/2823 4801/6199/2835
f 4795/6191/2823 4807/6206/2824 4806/6205/2836
f 4795/6191/2823 4806/6205/2836 4801/6199/2835
f 4801/6199/2835 4806/6205/2836 4813/6212/2837
f 4806/6205/2836 4807/6206/2824 4813/6212/2837
f 4801/6199/2835 4813/6212/2837 4814/6213/2838
f 4801/6199/2835 4814/6213/2838 4792/6188/2834
f 4792/6188/2834 4814/6213/2838 4782/6178/2839
f 4812/6211/2826 4813/6212/2837 4807/6206/2824
f 4813/6212/2837 4812/6211/2826 4826/6226/2827
f 4813/6212/2837 4826/6226/2827 4814/6213/2838
f 4826/6226/2827 4819/6218/2808 4814/6213/2838
f 4805/6204/2840 4782/6178/2839 4819/6218/2808
f 4758/6154/2806 4805/6204/2840 4757/6153/1122
f 4692/6062/2841 4758/6154/2806 4718/6096/2842
f 4735/6118/2843 4805/6204/2840 4758/6154/2806
f 4735/6118/2843 4758/6154/2806 4692/6062/2841
f 4782/6178/2839 4805/6204/2840 4735/6118/2843
f 4699/6073/2844 4718/6096/2842 4653/6008/2845
f 4718/6096/2842 4699/6073/2844 4692/6062/2841
f 4830/6230/2812 4840/6241/2809 4834/6234/2828
f 4819/6218/2808 4834/6234/2828 4840/6241/2809
f 4819/6218/2808 4782/6178/2839 4814/6213/2838
f 4786/6182/2833 4792/6188/2834 4791/6187/2846
f 4791/6187/2846 4792/6188/2834 4782/6178/2839
f 4781/6177/2847 4791/6187/2846 4782/6178/2839
f 4735/6118/2843 4732/6113/2848 4782/6178/2839
f 4782/6178/2839 4772/6168/2849 4781/6177/2847
f 4781/6177/2847 4772/6168/2849 4769/6165/2850
f 4781/6177/2847 4769/6165/2850 4780/6176/2830
f 4791/6187/2846 4781/6177/2847 4786/6182/2833
f 4786/6182/2833 4781/6177/2847 4780/6176/2830
f 4780/6176/2830 4785/6181/2832 4786/6182/2833
f 4768/6164/2831 4780/6176/2830 4769/6165/2850
f 4774/6170/2818 4768/6164/2831 4775/6171/2851
f 4768/6164/2831 4769/6165/2850 4760/6156/2852
f 4760/6156/2852 4769/6165/2850 4766/6162/2853
f 4766/6162/2853 4769/6165/2850 4772/6168/2849
f 4772/6168/2849 4782/6178/2839 4766/6162/2853
f 4755/6150/2854 4768/6164/2831 4760/6156/2852
f 4782/6178/2839 4732/6113/2848 4766/6162/2853
f 4766/6162/2853 4732/6113/2848 4760/6156/2852
f 4760/6156/2852 4732/6113/2848 4753/6147/2855
f 4755/6150/2854 4761/6157/2856 4768/6164/2831
f 4760/6156/2852 4753/6147/2855 4755/6150/2854
f 4753/6147/2855 4742/6126/2857 4746/6133/2858
f 4746/6133/2858 4742/6126/2857 4731/6111/2859
f 4755/6150/2854 4753/6147/2855 4746/6133/2858
f 4746/6133/2858 4744/6130/2860 4764/6160/2861
f 4746/6133/2858 4764/6160/2861 4761/6157/2856
f 4755/6150/2854 4746/6133/2858 4761/6157/2856
f 4775/6171/2851 4761/6157/2856 4764/6160/2861
f 4761/6157/2856 4775/6171/2851 4768/6164/2831
f 4774/6170/2818 4775/6171/2851 4764/6160/2861
f 4744/6130/2860 4714/6091/2819 4764/6160/2861
f 4764/6160/2861 4714/6091/2819 4774/6170/2818
f 4718/6096/2842 4758/6154/2806 4721/6100/2595
f 4650/6004/2862 4718/6096/2842 4721/6100/2595
f 4650/6004/2862 4653/6008/2845 4718/6096/2842
f 4854/6262/2815 4867/6280/2797 4856/6264/2804
f 4854/6262/2815 4856/6264/2804 4846/6250/2814
f 4829/6229/2813 4846/6250/2814 4843/6245/2811
f 4843/6245/2811 4846/6250/2814 4856/6264/2804
f 4843/6245/2811 4856/6264/2804 4853/6261/2802
f 4843/6245/2811 4853/6261/2802 4860/6270/2803
f 4857/6265/2798 4856/6264/2804 4867/6280/2797
f 4869/6282/2863 4860/6270/2803 4868/6281/2800
f 4869/6282/2863 4863/6274/2801 4866/6279/2810
f 4869/6282/2863 4868/6281/2800 4863/6274/2801
f 4820/6220/1121 4866/6279/2810 4863/6274/2801
f 4820/6220/1121 4805/6204/2840 4866/6279/2810
f 4866/6279/2810 4805/6204/2840 4819/6218/2808
f 4860/6270/2803 4869/6282/2863 4866/6279/2810
f 4860/6270/2803 4866/6279/2810 4858/6266/2807
f 4843/6245/2811 4860/6270/2803 4858/6266/2807
f 4843/6245/2811 4858/6266/2807 4840/6241/2809
f 4650/6004/2862 4721/6100/2595 4667/6025/2805
f 4667/6025/2805 4703/6079/1119 4637/5984/1118
f 4637/5985/1118 4604/5938/2107 4667/6025/2805
f 4618/5956/2864 4650/6004/2862 4667/6025/2805
f 4757/6153/1122 4805/6204/2840 4820/6220/1121
f 4859/6269/993 4820/6220/1121 4863/6274/2801
f 4699/6073/2844 4653/6008/2845 4649/6001/2865
f 4653/6008/2845 4630/5971/2866 4649/6001/2865
f 3609/4672/2748 3533/4577/2867 3489/4512/2868
f 3489/4512/2868 3589/4647/2869 3609/4672/2748
f 3632/4704/2638 3609/4672/2748 3589/4647/2869
f 3632/4704/2638 3605/4667/2623 3602/4663/2639
f 3605/4667/2623 3589/4647/2869 3560/4610/2621
f 3632/4704/2638 3589/4647/2869 3605/4667/2623
f 3493/4517/2870 3489/4512/2868 3533/4577/2867
f 3382/4378/2871 3415/4423/2872 3489/4512/2868
f 3489/4512/2868 3493/4517/2870 3382/4378/2871
f 3364/4351/2873 3382/4378/2871 3493/4517/2870
f 3324/4288/2874 3415/4423/2872 3382/4378/2871
f 3560/4610/2621 3589/4647/2869 3529/4571/2875
f 3560/4611/2621 3529/4571/2875 3402/4404/2618
f 3402/4405/2618 3481/4503/2876 3460/4478/2877
f 3481/4503/2876 3402/4404/2618 3529/4571/2875
f 3241/4179/2627 3287/4242/2626 3402/4405/2618
f 3402/4405/2618 3460/4478/2877 3241/4179/2627
f 3460/4478/2877 3481/4503/2876 3368/4358/2878
f 3241/4179/2627 3460/4478/2877 3368/4358/2878
f 3241/4179/2627 3368/4358/2878 3191/4112/2879
f 3368/4358/2878 3481/4503/2876 3409/4415/2880
f 3091/3989/2881 3071/3963/2882 3191/4112/2879
f 2687/3463/2883 3071/3963/2882 2691/3468/2884
f 3071/3963/2882 3091/3989/2881 2691/3468/2884
f 2691/3468/2884 2975/3841/2885 2688/3464/2886
f 3091/3989/2881 2975/3841/2885 2691/3468/2884
f 3091/3989/2881 3191/4112/2879 3236/4173/2887
f 3191/4112/2879 3368/4358/2878 3236/4173/2887
f 3154/4062/2888 3236/4173/2887 3362/4349/2889
f 3236/4173/2887 3409/4415/2880 3362/4349/2889
f 3154/4062/2888 3362/4349/2889 3198/4122/2890
f 3362/4349/2889 3317/4280/2891 3198/4122/2890
f 3324/4288/2874 3317/4280/2891 3415/4423/2872
f 3324/4288/2874 3280/4228/2892 3317/4280/2891
f 3317/4280/2891 3052/3939/2893 3198/4122/2890
f 3052/3939/2893 3317/4280/2891 3280/4229/2892
f 3280/4229/2892 3196/4119/2894 3013/3890/2895
f 3013/3890/2895 2667/3435/2896 2793/3610/2897
f 2567/3313/2898 2467/3191/2899 2533/3266/2900
f 2567/3313/2898 2583/3334/2901 2667/3435/2896
f 2583/3334/2901 2567/3313/2898 2533/3266/2900
f 2583/3334/2901 2533/3266/2900 2521/3254/2902
f 2521/3254/2902 2533/3266/2900 2467/3191/2899
f 2521/3254/2902 2467/3191/2899 2469/3194/2903
f 2469/3194/2903 2467/3191/2899 2430/3133/2904
f 2521/3254/2902 2591/3344/2905 2583/3334/2901
f 2583/3334/2901 2793/3610/2897 2667/3435/2896
f 2793/3610/2897 2583/3334/2901 2743/3539/2906
f 3013/3890/2895 2793/3610/2897 2743/3539/2906
f 2591/3344/2905 2743/3539/2906 2583/3334/2901
f 2488/3215/2907 2521/3254/2902 2469/3194/2903
f 2591/3344/2905 2521/3254/2902 2488/3215/2907
f 2743/3539/2906 3052/3939/2893 3013/3890/2895
f 2743/3539/2906 2639/3400/2908 3052/3939/2893
f 2639/3400/2908 2743/3539/2906 2591/3344/2905
f 2591/3344/2905 2515/3248/2909 2639/3400/2908
f 2591/3344/2905 2488/3215/2907 2520/3253/2910
f 2591/3344/2905 2520/3253/2910 2515/3248/2909
f 2488/3215/2907 2469/3194/2903 2515/3248/2909
f 2488/3215/2907 2515/3248/2909 2520/3253/2910
f 2515/3248/2909 2513/3245/2911 2639/3400/2908
f 3052/3939/2893 2639/3400/2908 3021/3900/2912
f 3052/3939/2893 3021/3900/2912 3198/4122/2890
f 2688/3464/2886 2639/3400/2908 2513/3245/2911
f 2688/3464/2886 2513/3245/2911 2585/3337/2913
f 2691/3468/2884 2688/3464/2886 2585/3337/2913
f 2585/3337/2913 2513/3245/2911 2510/3242/2914
f 2513/3245/2911 2515/3248/2909 2510/3242/2914
f 2510/3242/2914 2515/3248/2909 2469/3194/2903
f 2510/3242/2914 2469/3194/2903 2430/3133/2904
f 2430/3133/2904 2428/3129/2915 2510/3242/2914
f 2428/3129/2915 2608/3364/2916 2510/3242/2914
f 2608/3364/2916 2428/3129/2915 2694/3472/2917
f 2510/3242/2914 2608/3364/2916 2585/3337/2913
f 2585/3337/2913 2608/3364/2916 2687/3463/2883
f 2585/3337/2913 2687/3463/2883 2691/3468/2884
f 2687/3463/2883 2608/3364/2916 2694/3472/2917
f 2687/3463/2883 2940/3796/2918 3071/3963/2882
f 3191/4112/2879 3071/3963/2882 3184/4105/2919
f 3191/4112/2879 3184/4105/2919 3241/4179/2627
f 3145/4052/2920 3184/4105/2919 3071/3963/2882
f 3145/4052/2920 3071/3963/2882 2940/3796/2918
f 2940/3796/2918 2687/3463/2883 2787/3602/2921
f 2940/3796/2918 2787/3602/2921 2987/3858/2922
f 2987/3858/2922 2787/3602/2921 2694/3472/2917
f 2787/3602/2921 2687/3463/2883 2694/3472/2917
f 3184/4105/2919 3145/4052/2920 3175/4094/2630
f 3145/4052/2920 2940/3796/2918 3094/3992/2923
f 3094/3992/2923 2940/3796/2918 2987/3858/2922
f 3094/3992/2923 2987/3858/2922 2694/3472/2917
f 3147/4054/2924 3175/4094/2630 3145/4052/2920
f 3145/4052/2920 3094/3992/2923 3140/4046/2925
f 3147/4054/2924 3145/4052/2920 3140/4046/2925
f 3147/4054/2924 3140/4046/2925 3165/4077/2926
f 3175/4094/2630 3147/4054/2924 3155/4065/2631
f 3155/4065/2631 3147/4054/2924 3165/4077/2926
f 3241/4179/2627 3184/4105/2919 3214/4143/2628
f 3184/4105/2919 3175/4094/2630 3214/4143/2628
f 3164/4076/2745 3155/4065/2631 3165/4077/2926
f 3164/4076/2745 3165/4077/2926 3207/4135/2743
f 3207/4135/2743 3165/4077/2926 3140/4046/2925
f 3140/4046/2925 3094/3992/2923 3134/4037/2927
f 3140/4046/2925 3134/4037/2927 3207/4135/2743
f 3134/4037/2927 3094/3992/2923 2694/3472/2917
f 3207/4135/2743 3134/4037/2927 3205/4131/2928
f 3205/4131/2928 3134/4037/2927 3233/4169/2929
f 3231/4166/2740 3205/4131/2928 3340/4317/2930
f 3205/4131/2928 3231/4166/2740 3207/4135/2743
f 3325/4291/2741 3231/4166/2740 3340/4317/2930
f 3406/4410/2720 3325/4291/2741 3340/4317/2930
f 3407/4412/2742 3406/4410/2720 3340/4317/2930
f 3205/4131/2928 3233/4169/2929 3340/4317/2930
f 3589/4647/2869 3489/4512/2868 3529/4571/2875
f 3508/4537/2931 3529/4571/2875 3489/4512/2868
f 3481/4503/2876 3529/4571/2875 3508/4537/2931
f 3481/4503/2876 3508/4537/2931 3409/4415/2880
f 3508/4537/2931 3489/4512/2868 3415/4423/2872
f 3508/4537/2931 3415/4423/2872 3409/4415/2880
f 3409/4415/2880 3415/4423/2872 3362/4349/2889
f 3409/4415/2880 3236/4173/2887 3368/4358/2878
f 3364/4351/2873 3335/4310/2932 3320/4283/2933
f 3371/4362/2934 3335/4310/2932 3364/4351/2873
f 3216/4145/2935 3335/4310/2932 3229/4161/2936
f 3320/4283/2933 3382/4378/2871 3364/4351/2873
f 3320/4283/2933 3335/4310/2932 3216/4145/2935
f 3166/4078/2937 3324/4288/2874 3320/4283/2933
f 3216/4145/2935 3166/4078/2937 3320/4283/2933
f 3324/4288/2874 3382/4378/2871 3320/4283/2933
f 3362/4349/2889 3415/4423/2872 3317/4280/2891
f 3324/4288/2874 3202/4127/2938 3280/4228/2892
f 3198/4122/2890 2975/3841/2885 3154/4062/2888
f 2975/3841/2885 3198/4122/2890 3021/3900/2912
f 3021/3900/2912 2639/3400/2908 2688/3464/2886
f 3021/3900/2912 2688/3464/2886 2975/3841/2885
f 3154/4062/2888 2975/3841/2885 3091/3989/2881
f 3236/4173/2887 3154/4062/2888 3091/3989/2881
f 4605/5941/2273 4590/5921/2049 4674/6038/2048
f 4674/6038/2048 4600/5932/2939 4605/5941/2273
f 4600/5932/2939 4524/5840/1996 4605/5941/2273
f 4586/5914/2940 4524/5840/1996 4600/5932/2939
f 4524/5840/1996 4586/5914/2940 4573/5900/2941
f 4534/5854/2942 4524/5840/1996 4573/5900/2941
f 4498/5810/2943 4503/5816/2944 4524/5840/1996
f 4524/5840/1996 4503/5816/2944 4486/5796/2274
f 4486/5796/2274 4503/5816/2944 4457/5759/2275
f 4412/5701/2945 4457/5759/2275 4400/5684/2946
f 4457/5759/2275 4418/5707/2947 4400/5684/2946
f 4351/5628/2948 4352/5629/2949 4400/5684/2946
f 4351/5628/2948 4197/5443/2950 4352/5629/2949
f 4197/5443/2950 4351/5628/2948 4199/5445/2951
f 4400/5684/2946 4398/5682/2952 4351/5628/2948
f 4481/5788/2953 4418/5707/2947 4457/5759/2275
f 4481/5788/2953 4457/5759/2275 4503/5816/2944
f 4400/5684/2946 4418/5707/2947 4398/5682/2952
f 4451/5750/2954 4418/5707/2947 4481/5788/2953
f 4451/5750/2954 4481/5788/2953 4476/5781/2955
f 4476/5781/2955 4481/5788/2953 4498/5810/2943
f 4449/5748/2956 4451/5750/2954 4476/5781/2955
f 4476/5781/2955 4492/5802/2957 4449/5748/2956
f 4492/5802/2957 4476/5781/2955 4498/5810/2943
f 4498/5810/2943 4481/5788/2953 4503/5816/2944
f 4492/5802/2957 4498/5810/2943 4534/5854/2942
f 4449/5748/2956 4413/5702/2958 4451/5750/2954
f 4451/5750/2954 4413/5702/2958 4425/5717/2959
f 4451/5750/2954 4425/5717/2959 4418/5707/2947
f 4413/5702/2958 4392/5676/2960 4425/5717/2959
f 4449/5748/2956 4415/5704/2961 4413/5702/2958
f 4456/5757/2962 4449/5748/2956 4492/5802/2957
f 4456/5757/2962 4492/5802/2957 4515/5830/2963
f 4456/5757/2962 4415/5704/2961 4449/5748/2956
f 4413/5702/2958 4391/5675/2964 4396/5680/2965
f 4392/5676/2960 4413/5702/2958 4396/5680/2965
f 4392/5676/2960 4396/5680/2965 4378/5659/2966
f 4401/5685/2967 4392/5676/2960 4378/5659/2966
f 4351/5628/2948 4378/5659/2966 4218/5467/2968
f 4218/5467/2968 4378/5659/2966 4361/5640/2969
f 4391/5675/2964 4378/5659/2966 4396/5680/2965
f 4391/5675/2964 4413/5702/2958 4415/5704/2961
f 4391/5675/2964 4415/5704/2961 4361/5640/2969
f 4378/5659/2966 4391/5675/2964 4361/5640/2969
f 4415/5704/2961 4456/5757/2962 4473/5777/2970
f 4473/5777/2970 4385/5668/2971 4415/5704/2961
f 4387/5671/2972 4415/5704/2961 4385/5668/2971
f 4415/5704/2961 4387/5671/2972 4361/5640/2969
f 4419/5708/2973 4385/5668/2971 4473/5777/2970
f 4361/5640/2969 4387/5671/2972 4342/5618/2974
f 4361/5640/2969 4287/5549/2975 4174/5415/2976
f 4287/5549/2975 4361/5640/2969 4342/5618/2974
f 4287/5549/2975 4342/5618/2974 4295/5559/2977
f 4295/5559/2977 4342/5618/2974 4333/5606/2978
f 4387/5671/2972 4333/5606/2978 4342/5618/2974
f 4333/5606/2978 4387/5671/2972 4385/5668/2971
f 4499/5811/2979 4419/5708/2973 4473/5777/2970
f 4419/5708/2973 4499/5811/2979 4482/5790/2762
f 4589/5919/2760 4560/5885/2785 4568/5895/2761
f 4568/5895/2761 4560/5885/2785 4547/5871/2980
f 4514/5829/2791 4547/5871/2980 4560/5885/2785
f 4514/5829/2791 4531/5851/2763 4547/5871/2980
f 4482/5790/2762 4499/5811/2979 4531/5851/2763
f 4547/5871/2980 4531/5851/2763 4499/5811/2979
f 4663/6021/2757 4675/6040/2786 4633/5976/2981
f 4633/5976/2981 4636/5981/2790 4663/6021/2757
f 4611/5948/2759 4633/5976/2981 4675/6040/2786
f 4611/5948/2759 4573/5900/2941 4586/5914/2940
f 4636/5981/2790 4600/5932/2939 4638/5987/2758
f 4586/5914/2940 4600/5932/2939 4636/5981/2790
f 4638/5987/2758 4600/5932/2939 4674/6038/2048
f 4586/5914/2940 4636/5981/2790 4633/5976/2981
f 4611/5948/2759 4586/5914/2940 4633/5976/2981
f 4534/5854/2942 4548/5872/2982 4492/5802/2957
f 4534/5854/2942 4547/5871/2980 4548/5872/2982
f 4534/5854/2942 4573/5900/2941 4568/5895/2761
f 4534/5854/2942 4568/5895/2761 4547/5871/2980
f 4492/5802/2957 4548/5872/2982 4515/5830/2963
f 4547/5871/2980 4515/5830/2963 4548/5872/2982
f 4573/5900/2941 4611/5948/2759 4568/5895/2761
f 4499/5811/2979 4473/5777/2970 4515/5830/2963
f 4515/5830/2963 4473/5777/2970 4456/5757/2962
f 4547/5871/2980 4499/5811/2979 4515/5830/2963
f 4174/5415/2976 4287/5549/2975 4185/5428/2983
f 4185/5428/2983 4287/5549/2975 4271/5530/2984
f 4271/5530/2984 4287/5549/2975 4295/5559/2977
f 4185/5428/2983 4271/5530/2984 4159/5393/2985
f 4185/5428/2983 4159/5394/2985 4078/5291/2986
f 4078/5291/2986 4026/5223/2987 3976/5166/2988
f 3976/5166/2988 4185/5428/2983 4078/5291/2986
f 3957/5139/2989 4174/5415/2976 4185/5428/2983
f 4174/5415/2976 4059/5267/2990 4218/5467/2968
f 4059/5267/2990 4037/5238/2991 4218/5467/2968
f 4218/5467/2968 4037/5238/2991 4199/5445/2951
f 4068/5281/2992 4199/5445/2951 4023/5220/2993
f 3765/4884/2994 4068/5281/2992 4023/5220/2993
f 3750/4862/2995 3765/4884/2994 4023/5220/2993
f 4023/5220/2993 4199/5445/2951 4037/5238/2991
f 4023/5220/2993 4037/5238/2991 4008/5203/2996
f 3750/4862/2995 4023/5220/2993 4008/5203/2996
f 4037/5238/2991 4059/5267/2990 4008/5203/2996
f 4174/5415/2976 4218/5467/2968 4361/5640/2969
f 4218/5467/2968 4199/5445/2951 4351/5628/2948
f 4199/5445/2951 4068/5281/2992 4197/5443/2950
f 4352/5629/2949 4197/5443/2950 4306/5573/1999
f 4306/5573/1999 4197/5443/2950 4226/5477/2001
f 4412/5701/2945 4352/5629/2949 4306/5573/1999
f 3913/5084/2997 4185/5428/2983 3976/5166/2988
f 3854/5006/2998 3976/5166/2988 4026/5223/2987
f 3957/5139/2989 3910/5078/2999 4059/5267/2990
f 4059/5267/2990 3910/5078/2999 4008/5203/2996
f 3864/5023/3000 4008/5203/2996 3910/5078/2999
f 4059/5267/2990 4174/5415/2976 3957/5139/2989
f 3864/5023/3000 3750/4862/2995 4008/5203/2996
f 4534/5854/2942 4498/5810/2943 4524/5840/1996
f 4401/5685/2967 4425/5717/2959 4392/5676/2960
f 4425/5717/2959 4401/5685/2967 4418/5707/2947
f 4418/5707/2947 4401/5685/2967 4398/5682/2952
f 4398/5682/2952 4401/5685/2967 4378/5659/2966
f 4398/5682/2952 4378/5659/2966 4351/5628/2948
f 4068/5281/2992 3765/4884/2994 3787/4917/2004
f 4197/5443/2950 4068/5281/2992 4063/5275/2002
f 4226/5477/2001 4197/5443/2950 4063/5275/2002
f 4163/5401/2000 4226/5477/2001 4063/5275/2002
f 3787/4917/2004 4063/5275/2002 4068/5281/2992
f 3787/4917/2004 3765/4884/2994 16/26/3001
f 3738/4842/1965 16/26/3001 18/30/3002
f 4046/5250/2003 4063/5275/2002 3787/4917/2004
f 16/26/3001 3767/4889/1964 3787/4917/2004
f 16/26/3001 3738/4842/1965 3767/4889/1964
f 4513/5827/1995 4524/5840/1996 4486/5796/2274
f 4446/5745/1997 4457/5759/2275 4412/5701/2945
f 4409/5695/1998 4412/5701/2945 4306/5573/1999
f 4409/5696/1998 4446/5745/1997 4412/5701/2945
f 4400/5684/2946 4352/5629/2949 4412/5701/2945
f 4709/6086/2794 4727/6107/2795 4710/6087/2783
f 4710/6087/2783 4727/6107/2795 4664/6022/2782
f 4658/6014/2792 4688/6056/2756 4709/6086/2794
f 4658/6014/2792 4709/6086/2794 4710/6087/2783
f 4727/6107/2795 4833/6233/2789 4750/6138/3003
f 4750/6138/3003 4694/6065/3004 4668/6027/2793
f 4750/6138/3003 4668/6027/2793 4727/6107/2795
f 4664/6022/2782 4727/6107/2795 4668/6027/2793
f 4833/6233/2789 4845/6248/2796 4750/6138/3003
f 1833/2358/2300 863/1112/2299 1625/2106/3005
f 2168/2795/3006 1833/2358/2300 1625/2106/3005
f 2733/3527/2301 2868/3703/3007 3601/4661/2440
f 3601/4661/2440 2868/3703/3007 3355/4341/3008
f 2168/2795/3006 2868/3703/3007 2733/3527/2301
f 2733/3527/2301 1833/2358/2300 2168/2795/3006
f 3355/4341/3008 2868/3703/3007 3439/4453/3009
f 3355/4341/3008 3439/4453/3009 3607/4669/3010
f 3634/4707/3011 3355/4341/3008 3607/4669/3010
f 3607/4669/3010 3548/4593/3012 3567/4621/3013
f 3634/4707/3011 3610/4674/3014 3646/4724/3015
f 3646/4724/3015 3647/4726/2427 3667/4755/2436
f 3634/4707/3011 3601/4661/2440 3355/4341/3008
f 3610/4674/3014 3634/4707/3011 3607/4669/3010
f 3610/4674/3014 3607/4669/3010 3567/4621/3013
f 1986/2554/3016 1625/2106/3005 1329/1722/3017
f 1329/1722/3017 1625/2106/3005 1121/1454/3018
f 402/513/3019 1329/1722/3017 1121/1454/3018
f 18/31/3002 507/648/3020 402/513/3019
f 455/586/2276 402/513/3019 863/1112/2299
f 863/1112/2299 402/513/3019 1121/1454/3018
f 863/1112/2299 1121/1454/3018 1625/2106/3005
f 18/31/3002 134/195/1968 3738/4843/1965
f 18/31/3002 402/513/3019 134/195/1968
f 134/196/1968 402/513/3019 455/586/2276
f 90/137/3021 16/27/3001 73/112/3022
f 16/27/3001 90/137/3021 18/31/3002
f 3765/4885/2994 73/112/3022 16/27/3001
f 507/648/3020 18/31/3002 438/562/3023
f 831/1065/3024 402/513/3019 507/648/3020
f 402/513/3019 831/1065/3024 927/1196/3025
f 831/1065/3024 1087/1403/3026 927/1196/3025
f 927/1196/3025 1087/1403/3026 402/513/3019
f 402/513/3019 1087/1403/3026 1329/1722/3017
f 1329/1722/3017 1087/1403/3026 1042/1353/3027
f 1329/1722/3017 1042/1353/3027 1377/1785/3028
f 1460/1890/3029 1329/1722/3017 1563/2025/3030
f 1563/2025/3030 1329/1722/3017 1377/1785/3028
f 1042/1353/3027 1087/1403/3026 831/1065/3024
f 90/137/3021 438/562/3023 18/31/3002
f 438/562/3023 90/137/3021 436/559/3031
f 3750/4863/2995 73/112/3022 3765/4886/2994
f 2789/3605/3032 1986/2554/3016 2451/3166/3033
f 1986/2554/3016 2013/2595/3034 2451/3166/3033
f 2013/2595/3034 2333/3010/3035 2451/3166/3033
f 2013/2595/3034 1986/2554/3016 2017/2599/3036
f 1329/1722/3017 1460/1890/3029 1986/2554/3016
f 1986/2554/3016 1460/1890/3029 2017/2599/3036
f 2017/2599/3036 1460/1890/3029 1563/2025/3030
f 1563/2025/3030 1377/1785/3028 2017/2599/3036
f 1377/1785/3028 2013/2595/3034 2017/2599/3036
f 1487/1925/3037 2013/2595/3034 1377/1785/3028
f 1042/1353/3027 900/1158/3038 1487/1925/3037
f 1487/1925/3037 1377/1785/3028 1042/1353/3027
f 1042/1353/3027 507/648/3020 900/1158/3038
f 507/648/3020 1042/1353/3027 831/1065/3024
f 438/562/3023 436/559/3031 510/652/3039
f 438/562/3023 510/652/3039 546/697/3040
f 438/562/3023 546/697/3040 507/648/3020
s 0
f 758/978/3041 900/1158/3042 507/648/3043
s 1
f 3646/4724/3015 3649/4728/3044 3647/4726/2427
f 3647/4726/2427 3649/4728/3044 3650/4730/2434
f 3650/4730/2434 3649/4728/3044 3645/4722/2435
f 3645/4722/2435 3649/4728/3044 3627/4695/3045
f 3630/4699/3046 3645/4722/2435 3627/4695/3045
f 3617/4682/3047 3613/4677/3048 3530/4572/3049
f 3595/4653/3050 3521/4556/3051 3613/4677/3048
f 3521/4556/3051 3595/4653/3050 3562/4613/3052
f 3562/4613/3052 3595/4653/3050 3574/4628/3053
f 3477/4498/3054 3562/4613/3052 3542/4587/3055
f 3477/4498/3054 3542/4587/3055 3503/4530/3056
f 3503/4530/3056 3542/4587/3055 3464/4482/3057
f 3485/4508/3058 3464/4482/3057 3542/4587/3055
f 3464/4482/3057 3485/4508/3058 3469/4487/3059
f 3469/4487/3059 3462/4480/3060 3464/4482/3057
f 3501/4527/3061 3462/4480/3060 3469/4487/3059
f 3501/4527/3061 3469/4487/3059 3567/4621/3013
f 3501/4527/3061 3567/4621/3013 3548/4593/3012
f 3501/4527/3061 3548/4593/3012 3467/4485/3062
f 3517/4550/3063 3548/4593/3012 3412/4419/3064
f 3517/4550/3063 3467/4485/3062 3548/4593/3012
f 3517/4550/3063 3433/4445/3065 3467/4485/3062
f 3517/4550/3063 3346/4327/3066 3433/4445/3065
f 3431/4443/3067 3346/4327/3066 3348/4329/3068
f 3431/4443/3067 3348/4329/3068 3352/4336/3069
f 3352/4336/3069 3348/4329/3068 3334/4309/3070
f 3354/4340/3071 3374/4367/3072 3352/4336/3069
f 3374/4367/3072 3433/4445/3065 3352/4336/3069
f 3433/4445/3065 3374/4367/3072 3387/4383/3073
f 3467/4485/3062 3433/4445/3065 3387/4383/3073
f 3387/4383/3073 3374/4367/3072 3378/4374/3074
f 3378/4374/3074 3374/4367/3072 3373/4366/3075
f 3404/4407/3076 3378/4374/3074 3373/4366/3075
f 3378/4374/3074 3392/4390/3077 3387/4383/3073
f 3373/4366/3075 3374/4367/3072 3354/4340/3071
f 3373/4366/3075 3354/4340/3071 3404/4407/3076
f 3404/4407/3076 3354/4340/3071 3352/4336/3069
f 3428/4440/3078 3404/4407/3076 3438/4452/3079
f 3404/4407/3076 3352/4336/3069 3334/4309/3070
f 3438/4452/3079 3404/4407/3076 3381/4377/3080
f 3347/4328/3081 3404/4407/3076 3334/4309/3070
f 3319/4282/3082 3334/4309/3070 3348/4329/3068
f 3347/4328/3081 3334/4309/3070 3327/4294/3083
f 3327/4294/3083 3334/4309/3070 3319/4282/3082
f 3381/4377/3080 3347/4328/3081 3327/4294/3083
f 3347/4328/3081 3381/4377/3080 3404/4407/3076
f 3313/4276/3084 3327/4294/3083 3319/4282/3082
f 3318/4281/3085 3319/4282/3082 3348/4329/3068
f 3318/4281/3085 3348/4329/3068 3346/4327/3066
f 3318/4281/3085 3346/4327/3066 3316/4279/3086
f 3318/4281/3085 3313/4276/3084 3319/4282/3082
f 3327/4294/3083 3313/4276/3084 3326/4292/3087
f 3327/4294/3083 3326/4292/3087 3381/4377/3080
f 3313/4276/3084 3312/4275/3088 3326/4292/3087
f 3312/4275/3088 3313/4276/3084 3294/4250/3089
f 3294/4250/3089 3313/4276/3084 3318/4281/3085
f 3294/4250/3089 3318/4281/3085 3289/4244/3090
f 3289/4244/3090 3318/4281/3085 3316/4279/3086
f 3294/4250/3089 3289/4244/3090 3312/4275/3088
f 3312/4275/3088 3289/4244/3090 3276/4224/3091
f 3276/4224/3091 3289/4244/3090 3270/4217/3092
f 3326/4292/3087 3312/4275/3088 3276/4224/3091
f 3326/4292/3087 3276/4224/3091 3067/3956/3093
f 3067/3956/3093 3276/4224/3091 2983/3851/3094
f 2983/3851/3094 3276/4224/3091 3078/3970/3095
f 3078/3970/3095 3276/4224/3091 3286/4240/3096
f 3316/4279/3086 3078/3970/3095 3311/4274/3097
f 3311/4274/3097 3078/3970/3095 3286/4240/3096
f 2956/3815/3098 3078/3970/3095 3316/4279/3086
f 2956/3815/3098 3316/4279/3086 3346/4327/3066
f 3316/4279/3086 3311/4274/3097 3291/4246/3099
f 3291/4246/3099 3311/4274/3097 3286/4240/3096
f 3316/4279/3086 3291/4246/3099 3289/4244/3090
f 3291/4246/3099 3286/4240/3096 3271/4218/3100
f 3289/4244/3090 3291/4246/3099 3270/4217/3092
f 3270/4217/3092 3291/4246/3099 3271/4218/3100
f 3271/4218/3100 3286/4240/3096 3276/4224/3091
f 3270/4217/3092 3271/4218/3100 3276/4224/3091
f 3649/4728/3044 3646/4724/3015 3627/4695/3045
f 3627/4695/3045 3646/4724/3015 3584/4640/3101
f 3630/4699/3046 3627/4695/3045 3617/4682/3047
f 3617/4682/3047 3627/4695/3045 3584/4640/3101
f 3613/4677/3048 3617/4682/3047 3591/4649/3102
f 3584/4640/3101 3646/4724/3015 3610/4674/3014
f 3617/4682/3047 3584/4640/3101 3591/4649/3102
f 3584/4640/3101 3610/4674/3014 3543/4588/3103
f 3613/4677/3048 3591/4649/3102 3595/4653/3050
f 3595/4653/3050 3591/4649/3102 3577/4631/3104
f 3591/4649/3102 3584/4640/3101 3577/4631/3104
f 3577/4631/3104 3584/4640/3101 3543/4588/3103
f 3551/4598/3105 3577/4631/3104 3543/4588/3103
f 3595/4653/3050 3577/4631/3104 3574/4628/3053
f 3577/4631/3104 3551/4598/3105 3574/4628/3053
f 3574/4628/3053 3551/4598/3105 3539/4584/3106
f 3539/4584/3106 3551/4598/3105 3510/4540/3107
f 3510/4540/3107 3551/4598/3105 3543/4588/3103
f 3610/4674/3014 3567/4621/3013 3543/4588/3103
f 3510/4540/3107 3543/4588/3103 3567/4621/3013
f 3510/4540/3107 3498/4524/3108 3539/4584/3106
f 3539/4584/3106 3498/4524/3108 3542/4587/3055
f 3539/4584/3106 3542/4587/3055 3574/4628/3053
f 3574/4628/3053 3542/4587/3055 3562/4613/3052
f 3542/4587/3055 3498/4524/3108 3485/4508/3058
f 3485/4508/3058 3498/4524/3108 3510/4540/3107
f 3469/4487/3059 3485/4508/3058 3510/4540/3107
f 3469/4487/3059 3510/4540/3107 3567/4621/3013
f 3601/4661/2440 3634/4707/3011 3667/4755/2436
f 3634/4707/3011 3646/4724/3015 3667/4755/2436
f 2844/3671/3109 2789/3605/3032 2451/3166/3033
f 2333/3010/3035 2013/2595/3034 2371/3060/3110
f 2333/3010/3035 2371/3060/3110 2451/3166/3033
f 2844/3671/3109 2451/3166/3033 2749/3547/3111
f 2371/3060/3110 2749/3547/3111 2451/3166/3033
f 2935/3789/3112 2859/3691/3113 2872/3707/3114
f 2749/3547/3111 2859/3691/3113 2935/3789/3112
f 2836/3662/3115 2872/3707/3114 2728/3518/3116
f 2872/3707/3114 2836/3662/3115 3224/4155/3117
f 3230/4164/3118 2872/3707/3114 3224/4155/3117
f 2872/3707/3114 3230/4164/3118 2935/3789/3112
f 2935/3789/3112 3230/4164/3118 3180/4101/3119
f 2711/3496/3120 3224/4155/3117 2682/3455/3121
f 3224/4155/3117 2836/3662/3115 2682/3455/3121
f 2836/3662/3115 2728/3518/3116 2682/3455/3121
f 2107/2715/3122 2728/3518/3116 2508/3240/3123
f 2859/3691/3113 2662/3430/3124 2728/3518/3116
f 2662/3430/3124 2859/3691/3113 2749/3547/3111
f 2402/3100/3125 2662/3430/3124 2749/3547/3111
f 2749/3547/3111 2371/3060/3110 2402/3100/3125
f 2371/3060/3110 2013/2595/3034 2402/3100/3125
f 2541/3277/3126 2402/3100/3125 2152/2775/3127
f 2152/2775/3127 2013/2595/3034 1487/1925/3037
f 2406/3104/3128 2541/3277/3126 2222/2862/3129
f 2541/3277/3126 2152/2775/3127 2222/2862/3129
f 2222/2862/3129 2152/2775/3127 1753/2263/3130
f 2152/2775/3127 1487/1925/3037 1753/2263/3130
f 1753/2263/3130 1487/1925/3037 1077/1392/3131
f 1077/1392/3131 1487/1925/3037 900/1158/3038
f 900/1158/3038 758/978/3132 795/1020/3133
f 548/699/3134 758/978/3132 510/652/3039
f 510/652/3039 758/978/3132 546/697/3040
f 546/697/3040 758/978/3132 507/648/3020
f 3439/4453/3009 2868/3703/3007 3412/4419/3064
f 3412/4419/3064 2868/3703/3007 2789/3605/3032
f 2789/3605/3032 2844/3671/3109 3180/4101/3119
f 3180/4101/3119 2844/3671/3109 2935/3789/3112
f 2844/3671/3109 2749/3547/3111 2935/3789/3112
f 3412/4419/3064 2789/3605/3032 3180/4101/3119
f 3412/4419/3064 3180/4101/3119 3230/4164/3118
f 3346/4327/3066 3412/4419/3064 3230/4164/3118
f 3346/4327/3066 3230/4164/3118 3224/4155/3117
f 2956/3815/3098 3224/4155/3117 2711/3496/3120
f 3346/4327/3066 3224/4155/3117 2956/3815/3098
f 2168/2795/3006 2789/3605/3032 2868/3703/3007
f 1986/2554/3016 2168/2795/3006 1625/2106/3005
f 2789/3605/3032 2168/2795/3006 1986/2554/3016
f 3548/4593/3012 3607/4669/3010 3439/4453/3009
f 3548/4593/3012 3439/4453/3009 3412/4419/3064
f 3346/4327/3066 3517/4550/3063 3412/4419/3064
f 3462/4480/3060 3501/4527/3061 3421/4430/3135
f 3467/4485/3062 3387/4383/3073 3421/4430/3135
f 3467/4485/3062 3421/4430/3135 3501/4527/3061
f 3421/4430/3135 3429/4441/3136 3462/4480/3060
f 3429/4441/3136 3421/4430/3135 3419/4428/3137
f 3429/4441/3136 3419/4428/3137 3464/4482/3057
f 3462/4480/3060 3429/4441/3136 3464/4482/3057
f 3464/4482/3057 3419/4428/3137 3503/4530/3056
f 3503/4530/3056 3419/4428/3137 3428/4440/3078
f 3428/4440/3078 3419/4428/3137 3405/4408/3138
f 3503/4530/3056 3428/4440/3078 3438/4452/3079
f 3428/4440/3078 3405/4408/3138 3392/4390/3077
f 3503/4530/3056 3438/4452/3079 3377/4372/3139
f 3405/4408/3138 3419/4428/3137 3421/4430/3135
f 3405/4408/3138 3421/4430/3135 3387/4383/3073
f 3405/4408/3138 3387/4383/3073 3392/4390/3077
f 3428/4440/3078 3392/4390/3077 3404/4407/3076
f 3404/4407/3076 3392/4390/3077 3378/4374/3074
f 3438/4452/3079 3381/4377/3080 3377/4372/3139
f 3381/4377/3080 3326/4292/3087 3377/4372/3139
f 3433/4445/3065 3346/4327/3066 3431/4443/3067
f 3352/4336/3069 3433/4445/3065 3431/4443/3067
f 2508/3240/3123 2728/3518/3116 2662/3430/3124
f 2508/3240/3123 2570/3317/3140 2553/3296/3141
f 2562/3308/3142 2570/3317/3140 2508/3240/3123
f 2562/3308/3142 2508/3240/3123 2541/3277/3126
f 2508/3240/3123 2662/3430/3124 2541/3277/3126
f 2541/3277/3126 2662/3430/3124 2402/3100/3125
f 2872/3707/3114 2859/3691/3113 2728/3518/3116
f 2107/2716/3122 2508/3240/3123 2441/3150/3143
f 2441/3150/3143 2508/3240/3123 2553/3296/3141
f 2562/3308/3142 2541/3277/3126 2406/3104/3128
f 2399/3094/3144 2553/3296/3141 2422/3120/3145
f 2553/3296/3141 2399/3094/3144 2454/3169/3146
f 2068/2662/3147 2399/3094/3144 2064/2656/3148
f 2399/3094/3144 2367/3054/3149 2064/2657/3148
f 2367/3054/3149 2399/3094/3144 2422/3120/3145
f 2224/2864/3150 2367/3054/3149 2332/3007/3151
f 2422/3120/3145 2332/3007/3151 2367/3054/3149
f 2458/3176/3152 2336/3013/3153 2422/3120/3145
f 2336/3013/3153 2458/3176/3152 2233/2880/3154
f 2422/3120/3145 2336/3013/3153 2228/2871/3155
f 2228/2871/3155 2336/3013/3153 2056/2647/3156
f 2336/3013/3153 2233/2880/3154 2056/2647/3156
f 1936/2492/3157 2233/2880/3154 2222/2862/3129
f 2222/2862/3129 2233/2880/3154 2458/3176/3152
f 1753/2263/3130 1077/1392/3131 1167/1516/3158
f 1753/2263/3130 1167/1516/3158 1502/1944/3159
f 1753/2263/3130 1502/1944/3159 1693/2189/3160
f 1936/2492/3157 1753/2263/3130 1993/2562/3161
f 1993/2562/3161 1753/2263/3130 1693/2189/3160
f 1936/2492/3157 1993/2562/3161 2130/2750/3162
f 2130/2750/3162 1993/2562/3161 1759/2271/3163
f 1936/2492/3157 2130/2750/3162 2233/2880/3154
f 2233/2880/3154 2130/2750/3162 2056/2647/3156
f 2056/2647/3156 2130/2750/3162 1759/2271/3163
f 1993/2562/3161 1693/2189/3160 1759/2271/3163
f 1759/2271/3163 1643/2128/3164 1544/1998/3165
f 1769/2282/3166 1759/2271/3163 1693/2189/3160
f 1769/2282/3166 1693/2189/3160 1502/1944/3159
f 1643/2128/3164 1759/2271/3163 1769/2282/3166
f 1643/2128/3164 1769/2282/3166 1502/1944/3159
f 1544/1998/3165 1643/2128/3164 1316/1706/3167
f 2056/2647/3156 1991/2559/3168 2228/2871/3155
f 2056/2647/3156 1759/2271/3163 1991/2559/3168
f 1544/1998/3165 1991/2559/3168 1759/2271/3163
f 2332/3007/3151 2422/3120/3145 2228/2871/3155
f 3630/4700/3046 3641/4716/2752 3645/4723/2435
f 3530/4573/3049 3630/4700/3046 3617/4683/3047
f 3530/4573/3049 3613/4678/3048 3521/4557/3051
f 3477/4499/3054 3295/4251/3169 3371/4363/2934
f 3477/4499/3054 3503/4531/3056 3295/4251/3169
f 3656/4737/3170 3651/4732/2749 3641/4716/2752
f 3626/4694/2747 3651/4732/2749 3656/4737/3170
f 3652/4733/3171 3626/4694/2747 3656/4737/3170
f 3652/4733/3171 3656/4737/3170 3653/4734/3172
f 3626/4694/2747 3652/4733/3171 3654/4735/3173
f 3654/4735/3173 3652/4733/3171 3653/4734/3172
f 3653/4734/3172 3656/4737/3170 3641/4716/2752
f 3626/4694/2747 3654/4735/3173 3641/4716/2752
f 3654/4735/3173 3653/4734/3172 3655/4736/3174
f 3654/4735/3173 3655/4736/3174 3641/4716/2752
f 3641/4716/2752 3655/4736/3174 3653/4734/3172
f 3626/4694/2747 3530/4573/3049 3533/4578/2867
f 3626/4694/2747 3641/4716/2752 3630/4700/3046
f 3630/4700/3046 3530/4573/3049 3626/4694/2747
f 3533/4578/2867 3475/4496/3175 3493/4518/2870
f 3493/4518/2870 3475/4496/3175 3364/4352/2873
f 3295/4251/3169 3229/4162/2936 3335/4311/2932
f 2712/3499/3176 3229/4162/2936 2636/3397/3177
f 3229/4162/2936 3295/4251/3169 3120/4022/3178
f 3533/4578/2867 3609/4673/2748 3626/4694/2747
f 3475/4496/3175 3533/4578/2867 3530/4573/3049
f 3475/4496/3175 3371/4363/2934 3364/4352/2873
f 3521/4557/3051 3562/4614/3052 3477/4499/3054
f 3295/4251/3169 3503/4531/3056 3377/4373/3139
f 3120/4022/3178 3067/3958/3093 2764/3571/3179
f 3067/3957/3093 2450/3165/3180 2764/3571/3179
f 3067/3957/3093 2683/3457/3181 2450/3165/3180
f 2683/3457/3181 2258/2907/3182 2450/3165/3180
f 2450/3165/3180 2258/2907/3182 1989/2557/3183
f 2450/3165/3180 1989/2557/3183 2738/3534/3184
f 2450/3165/3180 2738/3534/3184 2764/3571/3179
f 3521/4557/3051 3477/4499/3054 3371/4363/2934
f 3521/4557/3051 3371/4363/2934 3530/4573/3049
f 3309/4271/3185 3295/4251/3169 3377/4373/3139
f 3371/4363/2934 3475/4496/3175 3530/4573/3049
f 4618/5957/2864 4667/6026/2805 4604/5939/2107
f 4618/5957/2864 4604/5939/2107 4588/5917/2109
f 4588/5917/2109 4539/5861/2108 4558/5882/3186
f 4588/5917/2109 4558/5882/3186 4618/5957/2864
f 4510/5823/3187 4516/5831/3188 4556/5880/3189
f 4556/5880/3189 4516/5831/3188 4507/5820/3190
f 4556/5880/3189 4570/5897/3191 4599/5931/3192
f 4516/5831/3188 4510/5823/3187 4459/5761/3193
f 4516/5831/3188 4459/5761/3193 4468/5770/3194
f 4516/5831/3188 4468/5770/3194 4507/5820/3190
f 4570/5897/3191 4556/5880/3189 4507/5820/3190
f 4556/5880/3189 4599/5931/3192 4587/5915/3195
f 4650/6005/2862 4584/5912/3196 4653/6009/2845
f 4630/5972/2866 4540/5862/3197 4544/5866/3198
f 4478/5783/3199 4540/5862/3197 4495/5805/3200
f 4432/5727/3201 4410/5697/3202 4478/5783/3199
f 4432/5727/3201 4478/5783/3199 4495/5805/3200
f 4540/5862/3197 4478/5783/3199 4544/5866/3198
f 4372/5651/3203 4432/5727/3201 4371/5650/3204
f 4228/5479/3205 4372/5651/3203 4371/5650/3204
f 4228/5479/3205 4371/5650/3204 4214/5462/3206
f 4214/5462/3206 4371/5650/3204 4224/5473/3207
f 4224/5473/3207 4371/5650/3204 4330/5603/3208
f 4190/5434/3209 4224/5473/3207 4330/5603/3208
f 4190/5434/3209 4330/5603/3208 4252/5508/3210
f 4190/5434/3209 4252/5508/3210 4155/5388/3211
f 4155/5388/3211 4165/5403/3212 4150/5383/3213
f 4165/5403/3212 4155/5388/3211 4195/5440/3214
f 4192/5437/3215 4155/5388/3211 4252/5508/3210
f 4195/5440/3214 4155/5388/3211 4192/5437/3215
f 4192/5437/3215 4252/5508/3210 4221/5470/3216
f 4221/5470/3216 4252/5508/3210 4237/5490/3217
f 4223/5472/3218 4221/5470/3216 4237/5490/3217
f 4221/5470/3216 4223/5472/3218 4213/5461/3219
f 4221/5470/3216 4213/5461/3219 4192/5437/3215
f 4223/5472/3218 4200/5446/3220 4213/5461/3219
f 4223/5472/3218 4237/5490/3217 4234/5487/3221
f 4234/5487/3221 4237/5490/3217 4238/5491/3222
f 4238/5491/3222 4237/5490/3217 4276/5538/3223
f 4223/5472/3218 4234/5487/3221 4200/5446/3220
f 4234/5487/3221 4238/5491/3222 4200/5446/3220
f 4242/5495/3224 4238/5491/3222 4265/5524/3225
f 4238/5491/3222 4242/5495/3224 4200/5446/3220
f 4200/5446/3220 4242/5495/3224 4251/5507/3226
f 4262/5519/3227 4242/5495/3224 4265/5524/3225
f 4242/5495/3224 4262/5519/3227 4251/5507/3226
f 4276/5538/3223 4265/5524/3225 4238/5491/3222
f 4265/5524/3225 4276/5538/3223 4262/5519/3227
f 4262/5519/3227 4276/5538/3223 4275/5537/3228
f 4276/5538/3223 4301/5567/3229 4275/5537/3228
f 4301/5567/3229 4276/5538/3223 4350/5627/3230
f 4276/5538/3223 4330/5603/3208 4350/5627/3230
f 4301/5567/3229 4350/5627/3230 4374/5654/3231
f 4371/5650/3204 4453/5752/3232 4330/5603/3208
f 4432/5727/3201 4453/5752/3232 4371/5650/3204
f 4252/5508/3210 4330/5603/3208 4276/5538/3223
f 4252/5508/3210 4276/5538/3223 4237/5490/3217
f 4510/5823/3187 4539/5861/2108 4471/5775/2113
f 4558/5882/3186 4539/5861/2108 4510/5823/3187
f 4434/5731/2114 4377/5658/2115 4384/5667/2124
f 4359/5638/2123 4338/5613/2081 4346/5623/2080
f 4346/5623/2080 4299/5565/3233 4359/5638/2123
f 4359/5638/2123 4299/5565/3233 4335/5609/3234
f 4359/5638/2123 4335/5609/3234 4362/5641/3235
f 4359/5638/2123 4362/5641/3235 4384/5667/2124
f 4384/5667/2124 4362/5641/3235 4354/5631/3236
f 4335/5609/3234 4324/5597/3237 4354/5631/3236
f 4324/5597/3237 4335/5609/3234 4329/5602/3238
f 4329/5602/3238 4335/5609/3234 4299/5565/3233
f 4335/5609/3234 4354/5631/3236 4362/5641/3235
f 4299/5565/3233 4312/5582/3239 4329/5602/3238
f 4329/5602/3238 4312/5582/3239 4324/5597/3237
f 4121/5349/3240 4312/5582/3239 4299/5565/3233
f 4312/5582/3239 4121/5349/3240 4288/5550/3241
f 4354/5631/3236 4324/5597/3237 4312/5582/3239
f 4354/5631/3236 4312/5582/3239 4315/5585/3242
f 4369/5648/3243 4374/5654/3231 4404/5688/3244
f 4354/5631/3236 4369/5648/3243 4404/5688/3244
f 4354/5631/3236 4404/5688/3244 4384/5667/2124
f 4448/5747/3245 4404/5688/3244 4374/5654/3231
f 4448/5747/3245 4374/5654/3231 4405/5689/3246
f 4448/5747/3245 4405/5689/3246 4453/5752/3232
f 4459/5761/3193 4448/5747/3245 4453/5752/3232
f 4459/5761/3193 4453/5752/3232 4468/5770/3194
f 4599/5931/3192 4570/5897/3191 4630/5972/2866
f 4587/5915/3195 4599/5931/3192 4653/6009/2845
f 4584/5912/3196 4587/5915/3195 4653/6009/2845
f 4653/6009/2845 4599/5931/3192 4630/5972/2866
f 4434/5731/2114 4384/5667/2124 4448/5747/3245
f 4434/5731/2114 4448/5747/3245 4471/5775/2113
f 4459/5761/3193 4471/5775/2113 4448/5747/3245
f 4510/5823/3187 4471/5775/2113 4459/5761/3193
f 4510/5823/3187 4584/5912/3196 4558/5882/3186
f 4587/5915/3195 4510/5823/3187 4556/5880/3189
f 4587/5915/3195 4584/5912/3196 4510/5823/3187
f 4584/5912/3196 4618/5957/2864 4558/5882/3186
f 4384/5667/2124 4404/5688/3244 4448/5747/3245
f 4584/5912/3196 4650/6005/2862 4618/5957/2864
f 4507/5820/3190 4468/5770/3194 4495/5805/3200
f 4468/5770/3194 4432/5727/3201 4495/5805/3200
f 4432/5727/3201 4468/5770/3194 4453/5752/3232
f 4507/5820/3190 4495/5805/3200 4540/5862/3197
f 4570/5897/3191 4540/5862/3197 4630/5972/2866
f 4570/5897/3191 4507/5820/3190 4540/5862/3197
f 4405/5689/3246 4330/5603/3208 4453/5752/3232
f 4350/5627/3230 4330/5603/3208 4405/5689/3246
f 4350/5627/3230 4405/5689/3246 4374/5654/3231
f 4348/5625/3247 4374/5654/3231 4369/5648/3243
f 4369/5648/3243 4354/5631/3236 4348/5625/3247
f 4300/5566/3248 4354/5631/3236 4315/5585/3242
f 4348/5625/3247 4354/5631/3236 4300/5566/3248
f 4348/5625/3247 4300/5566/3248 4288/5550/3241
f 4301/5567/3229 4374/5654/3231 4348/5625/3247
f 4348/5625/3247 4288/5550/3241 4301/5567/3229
f 4301/5567/3229 4288/5550/3241 4289/5551/3249
f 4275/5537/3228 4301/5567/3229 4289/5551/3249
f 4289/5551/3249 4277/5539/3250 4275/5537/3228
f 4289/5551/3249 4288/5550/3241 4277/5539/3250
f 4275/5537/3228 4277/5539/3250 4262/5519/3227
f 4251/5507/3226 4262/5519/3227 4277/5539/3250
f 4288/5550/3241 4300/5566/3248 4312/5582/3239
f 4312/5582/3239 4300/5566/3248 4315/5585/3242
f 4288/5550/3241 4121/5349/3240 4251/5507/3226
f 4136/5366/3251 4121/5349/3240 4299/5565/3233
f 4121/5349/3240 4136/5366/3251 4110/5335/3252
f 40/63/3253 374/480/3254 364/466/3255
f 364/467/3255 374/480/3254 500/639/3256
f 4219/5468/3257 4299/5565/3233 4346/5623/2080
f 4346/5623/2080 4272/5533/2079 4219/5468/3257
f 4272/5534/2079 4085/5306/1821 4219/5468/3257
f 4299/5565/3233 4219/5468/3257 4136/5366/3251
f 4288/5550/3241 4251/5507/3226 4277/5539/3250
f 4200/5446/3220 4119/5347/3258 4213/5461/3219
f 4213/5461/3219 4119/5347/3258 4192/5437/3215
f 4192/5437/3215 4180/5422/3259 4195/5440/3214
f 4180/5422/3259 4192/5437/3215 4119/5347/3258
f 4165/5403/3212 4195/5440/3214 4180/5422/3259
f 4180/5422/3259 4119/5347/3258 4165/5403/3212
f 4165/5403/3212 4119/5347/3258 4153/5386/3260
f 4153/5386/3260 4119/5347/3258 4108/5332/3261
f 4165/5403/3212 4153/5386/3260 4150/5383/3213
f 4155/5388/3211 4150/5383/3213 4108/5332/3261
f 4108/5332/3261 4150/5383/3213 4153/5386/3260
f 4115/5342/3262 4108/5332/3261 3862/5020/3263
f 53/83/3264 3834/4981/3265 34/55/3266
f 40/63/3253 53/83/3264 34/55/3266
f 3862/5020/3263 4108/5332/3261 4119/5347/3258
f 4119/5347/3258 4200/5446/3220 4251/5507/3226
f 4251/5507/3226 4121/5349/3240 4119/5347/3258
f 4219/5468/3257 4085/5306/1821 3911/5080/3267
f 4136/5366/3251 4219/5468/3257 3911/5080/3267
f 3849/5000/3268 4136/5366/3251 3911/5081/3267
f 3849/5000/3268 4110/5335/3252 4136/5366/3251
f 4110/5335/3252 3834/4981/3265 4121/5349/3240
f 4119/5347/3258 4121/5349/3240 3834/4981/3265
f 3834/4981/3265 4110/5335/3252 34/55/3266
f 34/55/3266 4110/5335/3252 3855/5009/3269
f 3371/4363/2934 3295/4251/3169 3335/4311/2932
f 3295/4251/3169 3309/4271/3185 3120/4022/3178
f 3309/4271/3185 3377/4373/3139 3120/4022/3178
f 3326/4293/3087 3120/4022/3178 3377/4373/3139
f 3120/4022/3178 3326/4293/3087 3067/3958/3093
f 2764/3571/3179 2738/3534/3184 3120/4022/3178
f 2397/3091/3270 2738/3534/3184 1989/2557/3183
f 1989/2557/3183 1974/2538/3271 2397/3091/3270
f 1989/2557/3183 1641/2125/3272 1974/2538/3271
f 1300/1686/3273 1641/2125/3272 1989/2557/3183
f 1300/1686/3273 1989/2557/3183 1089/1406/3274
f 1968/2530/3275 1989/2557/3183 2258/2907/3182
f 1989/2557/3183 1968/2530/3275 1089/1406/3274
f 1089/1406/3274 1968/2530/3275 1230/1592/3276
f 2397/3091/3270 2636/3397/3177 2738/3534/3184
f 2439/3148/3277 2636/3397/3177 2397/3091/3270
f 2397/3091/3270 1974/2538/3271 2262/2913/3278
f 2262/2913/3278 2387/3079/3279 2397/3091/3270
f 2387/3079/3279 2262/2913/3278 2244/2891/3280
f 2387/3079/3279 2244/2891/3280 2397/3091/3270
f 2244/2891/3280 2439/3148/3277 2397/3091/3270
f 2544/3281/3281 2291/2954/3282 2215/2854/3283
f 2244/2891/3280 2291/2954/3282 2590/3342/3284
f 2244/2891/3280 2590/3342/3284 2439/3148/3277
f 2439/3148/3277 2590/3342/3284 2518/3251/3285
f 2590/3342/3284 2647/3411/3286 2518/3251/3285
f 2518/3251/3285 2647/3411/3286 2636/3397/3177
f 2439/3148/3277 2518/3251/3285 2636/3397/3177
f 2738/3534/3184 2636/3397/3177 3120/4022/3178
f 2636/3397/3177 3229/4162/2936 3120/4022/3178
f 2712/3499/3176 2636/3397/3177 2647/3411/3286
f 2712/3499/3176 2647/3411/3286 2709/3492/3287
f 2590/3342/3284 2709/3492/3287 2647/3411/3286
f 2710/3494/3288 2590/3342/3284 2544/3281/3281
f 2544/3281/3281 2590/3342/3284 2291/2954/3282
f 2278/2938/3289 2544/3281/3281 2215/2854/3283
f 2446/3158/3290 2544/3281/3281 2278/2938/3289
f 2710/3494/3288 2544/3281/3281 2446/3158/3290
f 2590/3342/3284 2710/3494/3288 2774/3583/3291
f 1843/2374/3292 1974/2538/3271 1641/2125/3272
f 1901/2450/3293 1843/2374/3292 1352/1747/3294
f 2262/2913/3278 1974/2538/3271 1843/2374/3292
f 2244/2891/3280 2262/2913/3278 1843/2374/3292
f 2244/2891/3280 1843/2374/3292 1901/2450/3293
f 2215/2854/3283 1859/2394/3295 1810/2328/3296
f 1901/2450/3293 1352/1747/3294 1057/1369/3297
f 1641/2125/3272 1352/1747/3294 1843/2374/3292
f 2291/2954/3282 2244/2891/3280 1901/2450/3293
f 2215/2854/3283 2291/2954/3282 1901/2450/3293
f 1859/2394/3295 2215/2854/3283 1901/2450/3293
f 1810/2328/3296 1949/2506/3298 2278/2938/3289
f 2446/3158/3290 2278/2938/3289 1949/2506/3298
f 1949/2506/3298 2040/2627/3299 2446/3158/3290
f 2278/2938/3289 2215/2854/3283 1810/2328/3296
f 3052/3939/2893 3280/4229/2892 3013/3890/2895
f 3509/4539/2716 3434/4447/2717 3407/4413/2742
f 3407/4413/2742 3400/4401/3300 3408/4414/3301
f 3407/4413/2742 3340/4318/2930 3233/4170/2929
f 3400/4401/3300 3407/4413/2742 3233/4170/2929
f 3408/4414/3301 3323/4287/3302 3413/4420/3303
f 3413/4420/3303 3323/4287/3302 3261/4204/3304
f 3186/4107/3305 3323/4287/3302 3240/4177/3306
f 3261/4204/3304 3323/4287/3302 3186/4107/3305
f 3323/4287/3302 3408/4414/3301 3400/4401/3300
f 3303/4262/3307 3400/4401/3300 3233/4170/2929
f 3400/4401/3300 3303/4262/3307 3323/4287/3302
f 3240/4177/3306 3323/4287/3302 3303/4262/3307
f 3240/4177/3306 3101/4002/3308 3137/4043/3309
f 2980/3847/3310 3137/4043/3309 3065/3954/3311
f 2980/3847/3310 3065/3954/3311 2966/3830/3312
f 3065/3954/3311 3137/4043/3309 3101/4002/3308
f 3003/3879/3313 3065/3954/3311 3101/4002/3308
f 3240/4177/3306 3303/4262/3307 3101/4002/3308
f 3303/4262/3307 3233/4170/2929 3101/4002/3308
f 3233/4170/2929 3134/4038/2927 3101/4002/3308
f 3003/3879/3313 3101/4002/3308 3134/4038/2927
f 3003/3879/3313 3134/4038/2927 2694/3473/2917
f 3003/3879/3313 2694/3473/2917 2850/3678/3314
f 2850/3678/3314 2694/3473/2917 2428/3130/2915
f 2850/3678/3314 2966/3830/3312 3003/3879/3313
f 3003/3879/3313 2966/3830/3312 3065/3954/3311
f 2980/3847/3310 2966/3830/3312 2850/3678/3314
f 3137/4043/3309 2980/3847/3310 3240/4177/3306
f 3240/4177/3306 2980/3847/3310 3186/4107/3305
f 3261/4204/3304 3186/4107/3305 3135/4039/3315
f 2980/3847/3310 2850/3678/3314 2988/3859/3316
f 2988/3859/3316 2850/3678/3314 2867/3701/3317
f 2980/3847/3310 2988/3859/3316 3186/4107/3305
f 3186/4107/3305 2988/3859/3316 3135/4039/3315
f 3135/4039/3315 2988/3859/3316 2985/3855/3318
f 2985/3855/3318 2988/3859/3316 2867/3701/3317
f 3407/4413/2742 3408/4414/3301 3509/4539/2716
f 3682/4774/2694 3597/4656/2715 3674/4764/2697
f 3674/4764/2697 3597/4656/2715 3675/4766/3319
f 3675/4766/3319 3597/4656/2715 3661/4746/2700
f 3661/4746/2700 3597/4656/2715 3476/4497/3320
f 3408/4414/3301 3597/4656/2715 3509/4539/2716
f 3509/4539/2716 3597/4656/2715 3657/4739/2695
f 3597/4656/2715 3408/4414/3301 3476/4497/3320
f 3658/4741/2699 3640/4714/3321 3518/4551/3322
f 3518/4551/3322 3582/4637/2702 3658/4741/2699
f 3658/4741/2699 3661/4746/2700 3640/4714/3321
f 3476/4497/3320 3640/4714/3321 3661/4746/2700
f 3675/4766/3319 3661/4746/2700 3666/4752/2698
f 3675/4766/3319 3666/4753/2698 3674/4765/2697
f 3301/4259/3323 3370/4360/3324 3366/4355/3325
f 3366/4355/3325 3413/4420/3303 3283/4234/3326
f 3283/4234/3326 3413/4420/3303 3261/4204/3304
f 3408/4414/3301 3413/4420/3303 3476/4497/3320
f 3640/4714/3321 3476/4497/3320 3370/4360/3324
f 3366/4355/3325 3476/4497/3320 3413/4420/3303
f 3370/4360/3324 3476/4497/3320 3366/4355/3325
f 3640/4714/3321 3370/4360/3324 3494/4519/3327
f 3640/4714/3321 3494/4519/3327 3518/4551/3322
f 3484/4506/3328 3494/4519/3327 3436/4449/3329
f 3436/4449/3329 3494/4519/3327 3370/4360/3324
f 3328/4295/3330 3436/4449/3329 3370/4360/3324
f 3862/5020/3263 4119/5347/3258 3834/4981/3265
f 4224/5473/3207 4190/5434/3209 4132/5361/3331
f 4432/5727/3201 4372/5651/3203 4410/5697/3202
f 2402/3100/3125 2013/2595/3034 2152/2775/3127
f 1077/1392/3131 900/1158/3038 795/1020/3133
f 1077/1392/3131 795/1020/3133 1027/1332/3332
f 1167/1516/3158 1077/1392/3131 1027/1332/3332
f 1469/1903/3333 1502/1944/3159 1167/1516/3158
f 1502/1944/3159 1469/1903/3333 1643/2128/3164
f 1469/1903/3333 1167/1516/3158 1424/1847/3334
f 1424/1847/3334 1167/1516/3158 1350/1745/3335
f 1350/1745/3335 1167/1516/3158 1027/1332/3332
f 826/1060/3336 1027/1332/3332 795/1020/3133
f 826/1060/3336 795/1020/3133 636/818/3337
f 759/979/3338 836/1072/3339 636/818/3337
f 759/979/3338 962/1238/3340 836/1072/3339
f 962/1238/3340 972/1251/3341 836/1072/3339
f 826/1060/3336 636/818/3337 836/1072/3339
f 826/1060/3336 836/1072/3339 972/1251/3341
f 826/1060/3336 972/1251/3341 1080/1396/3342
f 1044/1355/3343 972/1251/3341 962/1238/3340
f 962/1238/3340 1009/1307/3344 1079/1394/3345
f 962/1238/3340 1079/1394/3345 1044/1355/3343
f 1044/1355/3343 1080/1396/3342 972/1251/3341
f 826/1060/3336 1080/1396/3342 1137/1474/3346
f 1027/1332/3332 826/1060/3336 1166/1515/3347
f 1166/1515/3347 826/1060/3336 1137/1474/3346
f 1027/1332/3332 1166/1515/3347 1350/1745/3335
f 1215/1576/3348 1350/1745/3335 1166/1515/3347
f 1316/1706/3167 1424/1847/3334 1350/1745/3335
f 1316/1706/3167 1350/1745/3335 1215/1576/3348
f 1643/2128/3164 1469/1903/3333 1316/1706/3167
f 1316/1706/3167 1469/1903/3333 1424/1847/3334
f 1175/1526/3349 1316/1706/3167 1215/1576/3348
f 1173/1523/3350 1215/1576/3348 1166/1515/3347
f 1175/1526/3349 1215/1576/3348 1173/1523/3350
f 1080/1396/3342 1044/1355/3343 1175/1526/3349
f 1175/1526/3349 1044/1355/3343 1157/1502/3351
f 1080/1396/3342 1175/1526/3349 1173/1523/3350
f 1080/1396/3342 1173/1523/3350 1137/1474/3346
f 1166/1515/3347 1137/1474/3346 1173/1523/3350
f 795/1020/3133 758/978/3132 636/818/3337
f 548/699/3134 636/818/3337 758/978/3132
f 2553/3296/3141 2454/3169/3146 2441/3150/3143
f 2422/3120/3145 2553/3296/3141 2458/3176/3152
f 2553/3296/3141 2570/3317/3140 2458/3176/3152
f 2458/3176/3152 2570/3317/3140 2562/3308/3142
f 2458/3176/3152 2562/3308/3142 2406/3104/3128
f 2458/3176/3152 2406/3104/3128 2222/2862/3129
f 15/23/3352 40/63/3253 34/55/3266
f 4750/6139/3003 4845/6249/2796 4714/6091/2819
f 4639/5988/2779 4668/6027/2793 4623/5962/2777
f 4085/5307/1821 51/81/1822 3911/5082/3267
f 51/81/1822 25/43/1823 3911/5082/3267
f 3911/5082/3267 25/43/1823 3849/5001/3268
f 3849/5001/3268 3755/4872/3353 4110/5336/3252
f 4110/5336/3252 3755/4872/3353 3855/5010/3269
f 3855/5010/3269 38/61/3354 15/24/3352
f 306/399/3355 15/24/3352 329/427/3356
f 111/165/3357 15/24/3352 38/61/3354
f 465/596/3358 329/427/3356 111/165/3357
f 329/427/3356 15/24/3352 111/165/3357
f 111/165/3357 38/61/3354 119/174/3359
f 352/452/3360 111/165/3357 119/174/3359
f 119/174/3359 203/281/3361 352/452/3360
f 52/82/3362 119/174/3359 38/61/3354
f 119/174/3359 52/82/3362 132/191/3363
f 203/281/3361 119/174/3359 132/191/3363
f 203/281/3361 395/504/3364 352/452/3360
f 111/165/3357 352/452/3360 395/504/3364
f 515/658/3365 111/165/3357 395/504/3364
f 465/596/3358 111/165/3357 515/658/3365
f 515/658/3365 395/504/3364 405/517/3366
f 385/492/3367 515/658/3365 405/517/3366
f 405/517/3366 132/191/3363 462/593/3368
f 462/593/3368 385/492/3367 405/517/3366
f 464/595/3369 385/492/3367 462/593/3368
f 132/191/3363 405/517/3366 203/281/3361
f 203/281/3361 405/517/3366 395/504/3364
f 3755/4872/3353 3849/5001/3268 25/43/1823
f 25/43/1823 55/88/1824 52/82/3362
f 55/88/1824 403/515/1868 52/82/3362
f 332/431/3370 52/82/3362 403/515/1868
f 348/448/3371 52/82/3362 332/431/3370
f 332/431/3370 596/761/3372 348/448/3371
f 596/761/3372 332/431/3370 688/886/3373
f 688/886/3373 664/855/3374 596/761/3372
f 596/761/3372 664/855/3374 545/696/3375
f 664/855/3374 606/773/3376 545/696/3375
f 531/675/3377 596/761/3372 545/696/3375
f 545/696/3375 606/773/3376 464/595/3369
f 475/608/3378 464/595/3369 606/773/3376
f 531/675/3377 545/696/3375 462/593/3368
f 462/593/3368 545/696/3375 464/595/3369
f 475/608/3378 433/556/3379 385/492/3367
f 475/608/3378 385/492/3367 464/595/3369
f 625/805/3380 433/556/3379 683/878/3381
f 433/556/3379 625/805/3380 385/492/3367
f 433/556/3379 766/987/3382 683/878/3381
f 766/987/3382 433/556/3379 525/669/3383
f 766/987/3382 525/669/3383 708/910/3384
f 708/910/3384 729/939/3385 804/1032/3386
f 708/910/3384 804/1032/3386 837/1073/3387
f 729/939/3385 892/1146/3388 804/1032/3386
f 892/1146/3388 729/939/3385 794/1018/3389
f 708/910/3384 837/1073/3387 1066/1380/3390
f 708/910/3384 1066/1380/3390 1046/1358/3391
f 1071/1385/3392 1066/1380/3390 837/1073/3387
f 1071/1385/3392 837/1073/3387 932/1201/3393
f 932/1201/3393 837/1073/3387 804/1032/3386
f 932/1201/3393 804/1032/3386 892/1146/3388
f 621/798/3394 794/1018/3389 729/939/3385
f 525/669/3383 729/939/3385 708/910/3384
f 621/798/3394 729/939/3385 525/669/3383
f 525/669/3383 433/556/3379 621/798/3394
f 433/556/3379 475/608/3378 621/798/3394
f 3855/5010/3269 3755/4872/3353 38/61/3354
f 52/82/3362 38/61/3354 3755/4872/3353
f 625/805/3380 515/658/3365 385/492/3367
f 880/1131/3395 515/658/3365 625/805/3380
f 880/1131/3395 625/805/3380 1091/1410/3396
f 1092/1411/3397 625/805/3380 683/878/3381
f 766/987/3382 1092/1411/3397 683/878/3381
f 766/987/3382 708/910/3384 1046/1358/3391
f 766/987/3382 1046/1358/3391 942/1213/3398
f 942/1213/3398 1092/1411/3397 766/987/3382
f 1092/1411/3397 942/1213/3398 1688/2183/3399
f 1092/1411/3397 1091/1410/3396 625/805/3380
f 789/1012/3400 515/658/3365 1005/1301/3401
f 465/596/3358 515/658/3365 789/1012/3400
f 515/658/3365 880/1131/3395 1005/1301/3401
f 1477/1914/3402 1837/2366/3403 880/1131/3395
f 880/1131/3395 1837/2366/3403 1005/1301/3401
f 2059/2651/3404 1005/1301/3401 1837/2366/3403
f 1477/1914/3402 1091/1410/3396 1092/1411/3397
f 880/1131/3395 1091/1410/3396 1477/1914/3402
f 2445/3157/3405 1837/2366/3403 2366/3052/3406
f 2366/3052/3406 1477/1914/3402 2075/2673/3407
f 1796/2310/3408 1852/2385/3409 1790/2304/3410
f 1796/2310/3408 1318/1708/3411 1397/1810/3412
f 1066/1380/3390 1318/1708/3411 1046/1358/3391
f 1046/1358/3391 1688/2183/3399 942/1213/3398
f 2366/3052/3406 1837/2366/3403 1477/1914/3402
f 2075/2673/3407 1477/1914/3402 1981/2548/3413
f 1981/2548/3413 1790/2304/3410 1852/2385/3409
f 1796/2310/3408 1790/2304/3410 1318/1708/3411
f 1046/1358/3391 1318/1708/3411 1790/2304/3410
f 1046/1358/3391 1790/2304/3410 1688/2183/3399
f 1790/2304/3410 1981/2548/3413 1688/2183/3399
f 1477/1914/3402 1092/1411/3397 1688/2183/3399
f 1688/2183/3399 1981/2548/3413 1477/1914/3402
f 1071/1385/3392 932/1201/3393 1075/1390/3414
f 1075/1390/3414 932/1201/3393 892/1146/3388
f 1075/1390/3414 892/1146/3388 1292/1675/3415
f 1075/1390/3414 1292/1675/3415 1385/1795/3416
f 1397/1810/3412 1318/1708/3411 1234/1598/3417
f 1234/1598/3417 1318/1708/3411 1066/1380/3390
f 1066/1380/3390 1071/1385/3392 1234/1598/3417
f 1234/1598/3417 1071/1385/3392 1075/1390/3414
f 1075/1390/3414 1385/1795/3416 1397/1810/3412
f 1075/1390/3414 1397/1810/3412 1234/1598/3417
f 52/82/3362 348/448/3371 132/191/3363
f 3755/4872/3353 25/43/1823 52/82/3362
f 656/842/3418 329/427/3356 465/596/3358
f 132/191/3363 348/448/3371 596/761/3372
f 132/191/3363 596/761/3372 531/675/3377
f 132/191/3363 531/675/3377 462/593/3368
f 3586/4642/3419 3563/4615/3420 3606/4668/3421
f 3586/4642/3419 3606/4668/3421 3618/4684/3422
f 3618/4684/3422 3606/4668/3421 3593/4651/3423
f 3590/4648/3424 3593/4651/3423 3606/4668/3421
f 3590/4648/3424 3606/4668/3421 3556/4605/3425
f 3556/4605/3425 3606/4668/3421 3563/4615/3420
f 3556/4605/3425 3563/4615/3420 3491/4514/3426
f 3556/4605/3425 3491/4514/3426 3514/4545/3427
f 3556/4605/3425 3514/4545/3427 3590/4648/3424
f 3588/4646/3428 3593/4651/3423 3590/4648/3424
f 3588/4646/3428 3590/4648/3424 3514/4545/3427
f 3593/4651/3423 3588/4646/3428 3494/4520/3327
f 3494/4520/3327 3588/4646/3428 3518/4552/3322
f 3518/4552/3322 3588/4646/3428 3514/4545/3427
f 3484/4507/3328 3593/4651/3423 3494/4520/3327
f 3545/4590/3429 3593/4651/3423 3484/4507/3328
f 3557/4606/3430 3593/4651/3423 3545/4590/3429
f 3545/4590/3429 3484/4507/3328 3452/4468/3431
f 3593/4651/3423 3557/4606/3430 3618/4684/3422
f 3618/4684/3422 3573/4627/3432 3612/4676/3433
f 3618/4684/3422 3612/4676/3433 3586/4642/3419
f 3586/4642/3419 3612/4676/3433 3554/4602/3434
f 3554/4602/3434 3612/4676/3433 3547/4592/3435
f 3586/4642/3419 3554/4602/3434 3553/4600/3436
f 3524/4561/3437 3554/4602/3434 3505/4533/3438
f 3505/4533/3438 3554/4602/3434 3547/4592/3435
f 3505/4533/3438 3547/4592/3435 3515/4547/3439
f 3515/4547/3439 3547/4592/3435 3541/4586/3440
f 3541/4586/3440 3547/4592/3435 3612/4676/3433
f 3470/4488/3441 3515/4547/3439 3516/4549/3442
f 3516/4549/3442 3515/4547/3439 3541/4586/3440
f 3470/4488/3441 3516/4549/3442 3423/4432/3443
f 3516/4549/3442 3492/4516/3444 3423/4432/3443
f 3573/4627/3432 3516/4549/3442 3541/4586/3440
f 3541/4586/3440 3612/4676/3433 3573/4627/3432
f 3516/4549/3442 3573/4627/3432 3492/4516/3444
f 3492/4516/3444 3573/4627/3432 3579/4633/3445
f 3579/4633/3445 3573/4627/3432 3618/4684/3422
f 3579/4633/3445 3618/4684/3422 3557/4606/3430
f 3532/4576/3446 3492/4516/3444 3579/4633/3445
f 3579/4633/3445 3557/4606/3430 3532/4576/3446
f 3532/4576/3446 3488/4511/3447 3492/4516/3444
f 3492/4516/3444 3488/4511/3447 3336/4312/3448
f 3492/4516/3444 3336/4312/3448 3423/4432/3443
f 3332/4303/3449 3423/4432/3443 3336/4312/3448
f 3336/4312/3448 2992/3863/3450 3332/4304/3449
f 2911/3759/3451 2934/3787/3452 2992/3863/3450
f 2934/3787/3452 2911/3759/3451 2835/3661/3453
f 2911/3759/3451 2992/3863/3450 2848/3676/3454
f 2848/3676/3454 2992/3863/3450 3219/4150/3455
f 2848/3676/3454 3219/4150/3455 2929/3780/3456
f 2848/3676/3454 2929/3780/3456 2845/3672/3457
f 2911/3759/3451 2848/3676/3454 2699/3480/3458
f 2848/3676/3454 2845/3672/3457 2699/3480/3458
f 2699/3480/3458 2845/3672/3457 2758/3563/3459
f 2845/3672/3457 2884/3725/3460 2758/3563/3459
f 2845/3672/3457 2929/3780/3456 2884/3725/3460
f 2896/3740/3461 2929/3780/3456 2907/3754/3462
f 2907/3754/3462 2758/3563/3459 2896/3740/3461
f 2929/3780/3456 2896/3740/3461 2884/3725/3460
f 2896/3740/3461 2758/3563/3459 2884/3725/3460
f 2758/3563/3459 2907/3754/3462 2943/3799/3463
f 3050/3935/3464 2758/3563/3459 2962/3824/3465
f 2962/3825/3465 2758/3563/3459 2943/3799/3463
f 2907/3754/3462 2929/3780/3456 2943/3799/3463
f 3275/4222/3466 3219/4150/3455 3328/4296/3330
f 3219/4150/3455 3275/4222/3466 2929/3780/3456
f 3532/4576/3446 3478/4500/3467 3488/4511/3447
f 3478/4500/3467 3532/4576/3446 3454/4470/3468
f 3488/4511/3447 3478/4500/3467 3336/4312/3448
f 3336/4312/3448 3478/4500/3467 3437/4451/3469
f 3437/4451/3469 3478/4500/3467 3454/4470/3468
f 3328/4296/3330 2992/3863/3450 3336/4312/3448
f 2992/3863/3450 3328/4296/3330 3219/4150/3455
f 3328/4296/3330 3336/4312/3448 3437/4451/3469
f 3328/4296/3330 3437/4451/3469 3436/4450/3329
f 3436/4450/3329 3437/4451/3469 3452/4468/3431
f 3436/4450/3329 3452/4468/3431 3484/4507/3328
f 3452/4468/3431 3437/4451/3469 3454/4470/3468
f 3452/4468/3431 3454/4470/3468 3490/4513/3470
f 3452/4468/3431 3490/4513/3470 3545/4590/3429
f 3490/4513/3470 3454/4470/3468 3532/4576/3446
f 3545/4590/3429 3490/4513/3470 3557/4606/3430
f 3557/4606/3430 3490/4513/3470 3532/4576/3446
f 2558/3301/3471 2699/3480/3458 2758/3563/3459
f 2699/3480/3458 2558/3301/3471 2623/3383/3472
f 2623/3383/3472 2558/3301/3471 2445/3155/3405
f 1031/1340/3473 789/1013/3400 1005/1302/3401
f 1031/1340/3473 1005/1302/3401 1767/2280/3474
f 2059/2650/3404 1767/2280/3474 1005/1302/3401
f 2558/3301/3471 2021/2603/3475 1767/2280/3474
f 3050/3935/3464 2021/2603/3475 2558/3301/3471
f 3050/3935/3464 2558/3301/3471 2758/3563/3459
f 2021/2603/3475 1530/1979/3476 1767/2280/3474
f 1031/1340/3473 1530/1979/3476 851/1091/3477
f 1530/1979/3476 1031/1340/3473 1767/2280/3474
f 692/891/3478 662/850/3479 500/640/3256
f 851/1091/3477 849/1089/3480 1031/1340/3473
f 849/1089/3480 851/1091/3477 662/850/3479
f 849/1089/3480 662/850/3479 692/891/3478
f 692/891/3478 500/640/3256 374/481/3254
f 374/481/3254 40/64/3253 306/400/3355
f 34/56/3266 3855/5011/3269 15/25/3352
f 2558/3301/3471 1767/2280/3474 2059/2650/3404
f 2558/3301/3471 2059/2650/3404 2445/3155/3405
f 789/1013/3400 1031/1340/3473 849/1089/3480
f 849/1089/3480 605/772/3481 789/1013/3400
f 789/1013/3400 605/772/3481 465/597/3358
f 656/843/3418 465/597/3358 605/772/3481
f 605/772/3481 849/1089/3480 692/891/3478
f 329/428/3356 656/843/3418 605/772/3481
f 329/428/3356 605/772/3481 306/400/3355
f 2972/3838/2387 3040/3922/3482 2894/3738/3483
f 2972/3838/2387 3063/3952/2376 3040/3922/3482
f 3063/3952/2376 2972/3838/2387 3015/3894/2386
f 2972/3838/2387 2894/3738/3483 2852/3683/2385
f 2955/3814/3484 2894/3738/3483 3040/3922/3482
f 2852/3683/2385 2894/3738/3483 2540/3276/2384
f 2824/3646/3485 2540/3276/2384 2894/3738/3483
f 2824/3646/3485 2894/3738/3483 2955/3814/3484
f 2927/3778/3486 2824/3646/3485 2955/3814/3484
f 2737/3533/3487 2540/3276/2384 2824/3646/3485
f 2824/3646/3485 2927/3778/3486 2926/3777/3488
f 2926/3777/3488 2927/3778/3486 2969/3834/3489
f 2737/3533/3487 2824/3646/3485 2912/3760/3490
f 2824/3646/3485 2926/3777/3488 2912/3760/3490
f 2737/3533/3487 2912/3760/3490 2899/3744/3491
f 2776/3586/3492 2737/3533/3487 2899/3744/3491
f 2865/3698/3493 2776/3586/3492 2919/3769/3494
f 2919/3769/3494 2776/3586/3492 2899/3744/3491
f 2737/3533/3487 2776/3586/3492 2690/3466/3495
f 2690/3466/3495 2776/3586/3492 2814/3633/3496
f 2804/3622/3497 2690/3466/3495 2813/3632/3498
f 2813/3632/3498 2690/3466/3495 2814/3633/3496
f 2804/3622/3497 2813/3632/3498 2812/3631/3499
f 2812/3631/3499 2813/3632/3498 2811/3630/3500
f 2812/3631/3499 2811/3630/3500 2804/3622/3497
f 2804/3622/3497 2811/3630/3500 2814/3633/3496
f 2811/3630/3500 2813/3632/3498 2810/3629/3501
f 2810/3629/3501 2813/3632/3498 2814/3633/3496
f 2810/3629/3501 2814/3633/3496 2811/3630/3500
f 2804/3622/3497 2814/3633/3496 2837/3663/3502
f 2837/3663/3502 2814/3633/3496 2776/3586/3492
f 2804/3622/3497 2837/3663/3502 2847/3674/3503
f 2837/3663/3502 2776/3586/3492 2865/3698/3493
f 2837/3663/3502 2865/3698/3493 2847/3674/3503
f 2865/3698/3493 2919/3769/3494 2949/3808/3504
f 2949/3808/3504 2919/3769/3494 2899/3744/3491
f 2949/3808/3504 2899/3744/3491 2953/3812/3505
f 2953/3812/3505 2899/3744/3491 2912/3760/3490
f 2865/3698/3493 2949/3808/3504 2847/3674/3503
f 2834/3658/3506 2847/3674/3503 2835/3660/3453
f 2934/3788/3452 2949/3808/3504 3246/4184/3507
f 2949/3808/3504 3245/4183/3508 3246/4184/3507
f 3245/4183/3508 2949/3808/3504 3054/3941/3509
f 3054/3941/3509 2949/3808/3504 2953/3812/3505
f 3063/3952/2376 3245/4183/3508 3054/3941/3509
f 3040/3922/3482 3063/3952/2376 2955/3814/3484
f 2955/3814/3484 3063/3952/2376 2927/3778/3486
f 2927/3778/3486 3063/3952/2376 3054/3941/3509
f 2927/3778/3486 3054/3941/3509 2969/3834/3489
f 3054/3941/3509 2953/3812/3505 2969/3834/3489
f 2926/3777/3488 2969/3834/3489 2912/3760/3490
f 2969/3834/3489 2953/3812/3505 2912/3760/3490
f 3245/4183/3508 3063/3952/2376 3300/4258/2360
f 3246/4184/3507 3245/4183/3508 3343/4322/3510
f 3246/4184/3507 2992/3864/3450 2934/3788/3452
f 2949/3808/3504 2934/3788/3452 2847/3674/3503
f 2835/3660/3453 2847/3674/3503 2934/3788/3452
f 3332/4305/3449 2992/3864/3450 3246/4184/3507
f 3332/4305/3449 3246/4184/3507 3343/4322/3510
f 3332/4305/3449 3343/4322/3510 3416/4424/3511
f 3332/4305/3449 3416/4424/3511 3423/4433/3443
f 3423/4433/3443 3416/4424/3511 3470/4489/3441
f 3343/4322/3510 3440/4454/3512 3426/4437/3513
f 3416/4424/3511 3343/4322/3510 3426/4437/3513
f 3426/4437/3513 3440/4454/3512 3445/4460/3514
f 3426/4437/3513 3445/4460/3514 3458/4476/3515
f 3426/4437/3513 3458/4476/3515 3505/4534/3438
f 3445/4460/3514 3440/4454/3512 3466/4484/3516
f 3445/4460/3514 3466/4484/3516 3458/4476/3515
f 3466/4484/3516 3440/4454/3512 3471/4490/3517
f 3440/4454/3512 3343/4322/3510 3414/4422/2358
f 3440/4454/3512 3414/4422/2358 3471/4490/3517
f 3466/4484/3516 3471/4490/3517 3522/4558/3518
f 3466/4484/3516 3522/4558/3518 3553/4601/3436
f 3553/4601/3436 3522/4558/3518 3586/4643/3419
f 3586/4643/3419 3522/4558/3518 3558/4607/3519
f 3558/4607/3519 3522/4558/3518 3471/4490/3517
f 3466/4484/3516 3553/4601/3436 3497/4523/3520
f 3497/4523/3520 3553/4601/3436 3554/4603/3434
f 3466/4484/3516 3497/4523/3520 3458/4476/3515
f 3458/4476/3515 3497/4523/3520 3554/4603/3434
f 3458/4476/3515 3554/4603/3434 3524/4562/3437
f 3458/4476/3515 3524/4562/3437 3505/4534/3438
f 3558/4607/3519 3471/4490/3517 3491/4515/3426
f 3586/4644/3419 3558/4607/3519 3563/4616/3420
f 3563/4616/3420 3558/4607/3519 3491/4515/3426
f 3518/4553/3322 3514/4546/3427 3491/4515/3426
f 3518/4553/3322 3491/4515/3426 3528/4570/2357
f 3582/4638/2702 3518/4553/3322 3528/4570/2357
f 3471/4490/3517 3528/4570/2357 3491/4515/3426
f 3414/4422/2358 3528/4570/2357 3471/4490/3517
f 2678/3449/2380 2540/3276/2384 2008/2587/2382
f 2507/3239/3521 2540/3276/2384 2737/3533/3487
f 2445/3156/3405 2507/3239/3521 2623/3382/3472
f 2507/3239/3521 2329/3003/2383 2540/3276/2384
f 2507/3239/3521 2381/3071/3522 2329/3003/2383
f 2381/3071/3522 2366/3053/3406 2075/2674/3407
f 2366/3053/3406 2507/3239/3521 2445/3156/3405
f 2381/3071/3522 2507/3239/3521 2366/3053/3406
f 2507/3239/3521 2737/3533/3487 2690/3466/3495
f 2507/3239/3521 2690/3466/3495 2623/3382/3472
f 3414/4422/2358 3343/4322/3510 3245/4183/3508
f 3356/4343/2356 3245/4183/3508 3300/4258/2360
f 3414/4422/2358 3245/4183/3508 3356/4343/2356
f 688/886/3373 403/515/1868 479/614/1865
f 403/515/1868 688/886/3373 332/431/3370
f 3416/4424/3511 3426/4437/3513 3470/4489/3441
f 3470/4489/3441 3426/4437/3513 3505/4534/3438
f 3470/4489/3441 3505/4534/3438 3515/4548/3439
f 2623/3383/3472 2809/3628/3523 2699/3480/3458
f 2809/3628/3523 2623/3383/3472 2835/3661/3453
f 2623/3383/3472 2834/3659/3506 2835/3661/3453
f 2834/3659/3506 2623/3383/3472 2847/3675/3503
f 2835/3661/3453 2911/3759/3451 2809/3628/3523
f 2809/3628/3523 2911/3759/3451 2699/3480/3458
f 605/772/3481 692/891/3478 306/400/3355
f 306/400/3355 692/891/3478 374/481/3254
f 306/400/3355 40/64/3253 15/25/3352
f 776/997/3524 479/615/1865 907/1170/1867
f 688/887/3373 479/615/1865 776/997/3524
f 664/856/3374 688/887/3373 776/997/3524
f 747/963/3525 776/997/3524 1019/1321/3526
f 664/856/3374 776/997/3524 747/963/3525
f 747/963/3525 475/609/3378 606/774/3376
f 747/963/3525 606/774/3376 664/856/3374
f 1041/1352/3527 621/799/3394 475/609/3378
f 1292/1676/3415 892/1147/3388 1082/1398/3528
f 1082/1398/3528 1385/1796/3416 1292/1676/3415
f 1709/2210/3529 1385/1796/3416 1082/1398/3528
f 1709/2210/3529 1082/1398/3528 1546/2001/3530
f 1040/1351/3531 1546/2001/3530 1082/1398/3528
f 1082/1398/3528 892/1147/3388 794/1019/3389
f 794/1019/3389 621/799/3394 1040/1351/3531
f 794/1019/3389 1040/1351/3531 1082/1398/3528
f 1040/1351/3531 621/799/3394 1041/1352/3527
f 475/609/3378 747/963/3525 1019/1321/3526
f 1041/1352/3527 475/609/3378 1019/1321/3526
f 1019/1321/3526 776/997/3524 1219/1581/3532
f 776/997/3524 907/1170/1867 1219/1581/3532
f 1019/1321/3526 1219/1581/3532 1283/1664/3533
f 1041/1352/3527 1019/1321/3526 1283/1664/3533
f 1546/2001/3530 1040/1351/3531 1041/1352/3527
f 1412/1834/3534 1041/1352/3527 1283/1664/3533
f 1412/1834/3534 1283/1664/3533 1465/1898/3535
f 1465/1898/3535 1283/1664/3533 1219/1581/3532
f 1465/1898/3535 1219/1581/3532 1631/2114/3536
f 1412/1834/3534 1465/1898/3535 1631/2114/3536
f 1412/1834/3534 1631/2114/3536 1636/2120/3537
f 1631/2114/3536 1219/1581/3532 907/1170/1867
f 1631/2114/3536 1939/2496/3538 1636/2120/3537
f 1939/2496/3538 2028/2612/3539 1636/2120/3537
f 1412/1834/3534 1636/2120/3537 1041/1352/3527
f 1041/1352/3527 1636/2120/3537 1546/2001/3530
f 1636/2120/3537 2028/2612/3539 1546/2001/3530
f 1546/2001/3530 2028/2612/3539 2075/2675/3407
f 1546/2001/3530 2075/2675/3407 1981/2549/3413
f 1852/2386/3409 1546/2001/3530 1981/2549/3413
f 907/1170/1867 853/1097/1866 1975/2540/2397
f 1631/2114/3536 907/1170/1867 1939/2496/3538
f 907/1170/1867 1975/2540/2397 1939/2496/3538
f 1939/2496/3538 2329/3004/2383 2304/2971/3540
f 2329/3004/2383 1939/2496/3538 1975/2540/2397
f 2304/2971/3540 2329/3004/2383 2381/3072/3522
f 1939/2496/3538 2304/2971/3540 2028/2612/3539
f 2075/2675/3407 2304/2971/3540 2381/3072/3522
f 2304/2971/3540 2075/2675/3407 2028/2612/3539
f 2329/3004/2383 1975/2540/2397 2008/2588/2382
f 1385/1796/3416 1709/2210/3529 1852/2386/3409
f 1852/2386/3409 1709/2210/3529 1546/2001/3530
f 1796/2311/3408 1397/1811/3412 1385/1796/3416
f 1796/2311/3408 1385/1796/3416 1852/2386/3409
f 4606/5942/2780 4506/5819/2769 4527/5843/2770
f 4422/5712/2765 4506/5819/2769 4479/5786/2772
f 4479/5786/2772 4506/5819/2769 4474/5778/2776
f 4479/5786/2772 4474/5778/2776 4445/5742/2773
f 973/1252/3541 671/865/3542 602/768/3543
f 973/1252/3541 602/768/3543 1074/1389/3544
f 1074/1389/3544 602/768/3543 985/1266/3545
f 454/583/3546 671/865/3542 527/671/3547
f 602/768/3543 671/865/3542 454/583/3546
f 277/367/3548 454/583/3546 527/671/3547
f 277/367/3548 199/277/3549 454/583/3546
f 454/583/3546 199/277/3549 288/379/3550
f 454/583/3546 288/379/3550 412/529/3551
f 602/768/3543 454/583/3546 713/919/3552
f 454/583/3546 412/529/3551 713/919/3552
f 985/1266/3545 602/768/3543 899/1157/3553
f 1074/1389/3544 985/1266/3545 1323/1714/3554
f 973/1252/3541 1074/1389/3544 1096/1418/3555
f 973/1252/3541 1096/1418/3555 992/1279/3556
f 992/1279/3556 1096/1418/3555 924/1191/3557
f 527/671/3547 992/1279/3556 924/1191/3557
f 973/1252/3541 992/1279/3556 671/865/3542
f 671/865/3542 992/1279/3556 527/671/3547
f 563/720/3558 527/671/3547 924/1191/3557
f 924/1191/3557 828/1062/3559 563/720/3558
f 1058/1371/3560 828/1062/3559 924/1191/3557
f 928/1197/3561 828/1062/3559 1058/1371/3560
f 828/1062/3559 928/1197/3561 792/1016/3562
f 563/720/3558 828/1062/3559 792/1016/3562
f 527/671/3547 563/720/3558 277/367/3548
f 277/367/3548 563/720/3558 350/450/3563
f 350/450/3563 563/720/3558 792/1016/3562
f 350/450/3563 792/1016/3562 651/836/3564
f 350/450/3563 651/836/3564 519/662/3565
f 519/662/3565 319/416/3566 350/450/3563
f 277/367/3548 350/450/3563 319/416/3566
f 277/367/3548 319/416/3566 161/232/3567
f 277/367/3548 161/232/3567 199/277/3549
f 103/154/3568 199/277/3549 161/232/3567
f 128/186/3569 199/277/3549 103/154/3568
f 161/232/3567 319/416/3566 103/154/3568
f 103/154/3568 319/416/3566 144/210/3570
f 199/277/3549 128/186/3569 257/343/3571
f 288/379/3550 199/277/3549 328/426/3572
f 288/379/3550 328/426/3572 412/529/3551
f 412/529/3551 476/610/3573 713/919/3552
f 328/426/3572 199/277/3549 257/343/3571
f 229/312/3574 232/316/3575 257/343/3571
f 232/316/3575 229/312/3574 143/208/3576
f 328/426/3572 232/316/3575 412/529/3551
f 328/426/3572 257/343/3571 232/316/3575
f 924/1191/3557 1096/1418/3555 1074/1389/3544
f 924/1191/3557 1074/1389/3544 1450/1880/3577
f 1450/1880/3577 1074/1389/3544 1323/1714/3554
f 1360/1759/3578 1450/1880/3577 1945/2502/3579
f 1450/1880/3577 1323/1714/3554 1945/2502/3579
f 1945/2502/3579 1886/2431/3580 2027/2611/3581
f 1945/2502/3579 2027/2611/3581 1360/1759/3578
f 1360/1759/3578 2027/2611/3581 1834/2359/3582
f 2027/2611/3581 2030/2614/3583 1834/2359/3582
f 2030/2614/3583 2027/2611/3581 1886/2431/3580
f 2030/2614/3583 1886/2431/3580 2090/2694/3584
f 1752/2260/3585 1568/2032/3586 1834/2359/3582
f 2197/2830/3587 2030/2614/3583 2090/2694/3584
f 2004/2581/3588 2090/2694/3584 1886/2431/3580
f 2090/2694/3584 1645/2131/3589 2197/2830/3587
f 1645/2131/3589 2090/2694/3584 2004/2581/3588
f 1645/2131/3589 2004/2581/3588 1569/2033/3590
f 1585/2054/3591 1533/1983/3592 1513/1957/3593
f 1513/1957/3593 1533/1983/3592 1307/1695/3594
f 1533/1983/3592 1529/1977/3595 1307/1695/3594
f 1307/1695/3594 1529/1977/3595 1525/1971/3596
f 896/1153/3597 1307/1695/3594 1311/1701/3598
f 1307/1695/3594 1525/1971/3596 1311/1701/3598
f 1311/1701/3598 1525/1971/3596 1569/2033/3590
f 1311/1701/3598 1569/2033/3590 1456/1886/3599
f 1311/1701/3598 1456/1886/3599 1309/1697/3600
f 1311/1701/3598 951/1222/3601 896/1153/3597
f 951/1222/3601 1311/1701/3598 1309/1697/3600
f 1309/1697/3600 1168/1517/3602 951/1222/3601
f 1456/1886/3599 1168/1517/3602 1309/1697/3600
f 1886/2431/3580 1633/2117/3603 2004/2581/3588
f 1633/2117/3603 1886/2431/3580 1945/2502/3579
f 1633/2117/3603 1945/2502/3579 985/1266/3545
f 1456/1886/3599 1633/2117/3603 985/1266/3545
f 1456/1886/3599 985/1266/3545 1168/1517/3602
f 899/1157/3553 1168/1517/3602 985/1266/3545
f 1214/1575/3604 1307/1695/3594 896/1153/3597
f 1436/1862/3605 1307/1695/3594 1214/1575/3604
f 1436/1862/3605 1214/1575/3604 1324/1715/3606
f 1307/1695/3594 1436/1862/3605 1513/1957/3593
f 1558/2018/3607 1436/1862/3605 1324/1715/3606
f 1513/1957/3593 1436/1862/3605 1558/2018/3607
f 1585/2054/3591 1513/1957/3593 1558/2018/3607
f 1585/2054/3591 1867/2406/3608 1853/2387/3609
f 3365/4353/3610 2341/3020/3611 3257/4197/3612
f 3631/4701/3613 3365/4353/3610 3257/4197/3612
f 3482/4504/3614 3257/4197/3612 2942/3798/3615
f 3254/4193/3616 3341/4319/3617 2576/3325/3618
f 2576/3325/3618 2628/3388/3619 3254/4193/3616
f 3061/3949/3620 3341/4319/3617 3561/4612/3621
f 3341/4319/3617 3254/4193/3616 3699/4792/3622
f 3561/4612/3621 3341/4319/3617 3703/4796/3623
f 3703/4796/3623 3341/4319/3617 3699/4792/3622
f 3699/4792/3622 3254/4193/3616 3388/4384/3624
f 3388/4384/3624 3254/4193/3616 2629/3389/3625
f 3254/4193/3616 2628/3388/3619 2629/3389/3625
f 1985/2553/3626 2628/3388/3619 2576/3325/3618
f 2628/3388/3619 1985/2553/3626 1294/1678/3627
f 3358/4345/3628 2629/3389/3625 1920/2472/3629
f 1474/1909/3630 3358/4345/3628 1494/1934/3631
f 3358/4345/3628 1474/1909/3630 2621/3379/3632
f 1494/1934/3631 3358/4345/3628 1920/2472/3629
f 2629/3389/3625 2628/3388/3619 1920/2472/3629
f 1920/2472/3629 2628/3388/3619 1294/1678/3627
f 2576/3325/3618 3061/3949/3620 1925/2478/3633
f 2576/3325/3618 1925/2478/3633 1985/2553/3626
f 1784/2298/3634 2417/3115/3635 1867/2406/3608
f 2341/3020/3611 1867/2406/3608 2417/3115/3635
f 1784/2298/3634 2942/3798/3615 2417/3115/3635
f 3341/4319/3617 3061/3949/3620 2576/3325/3618
f 1784/2298/3634 1925/2478/3633 2942/3798/3615
f 2942/3798/3615 1925/2478/3633 3061/3949/3620
f 1058/1371/3560 924/1191/3557 1450/1880/3577
f 1058/1371/3560 1450/1880/3577 1360/1759/3578
f 1360/1759/3578 1277/1657/3636 1058/1371/3560
f 1360/1759/3578 1834/2359/3582 1568/2032/3586
f 1360/1759/3578 1568/2032/3586 1277/1657/3636
f 1002/1296/3637 1058/1371/3560 1277/1657/3636
f 1002/1296/3637 1277/1657/3636 1282/1662/3638
f 618/794/3639 572/732/3640 519/662/3565
f 519/662/3565 572/732/3640 144/210/3570
f 519/662/3565 144/210/3570 319/416/3566
f 1277/1657/3636 1661/2151/3641 1282/1662/3638
f 1282/1662/3638 1661/2151/3641 1591/2062/3642
f 1661/2151/3641 1277/1657/3636 1568/2032/3586
f 1661/2151/3641 1568/2032/3586 1752/2260/3585
f 1323/1714/3554 985/1266/3545 1945/2502/3579
f 2004/2581/3588 1633/2117/3603 1569/2033/3590
f 1456/1886/3599 1569/2033/3590 1633/2117/3603
f 713/919/3552 899/1157/3553 602/768/3543
f 899/1157/3553 713/919/3552 660/848/3643
f 476/610/3573 660/848/3643 713/919/3552
f 899/1157/3553 660/848/3643 1168/1517/3602
f 951/1222/3601 1168/1517/3602 660/848/3643
f 896/1153/3597 951/1222/3601 773/994/3644
f 940/1210/3645 1324/1715/3606 1214/1575/3604
f 1214/1575/3604 896/1153/3597 940/1210/3645
f 951/1222/3601 660/848/3643 773/994/3644
f 896/1153/3597 773/994/3644 554/707/3646
f 407/520/3647 773/994/3644 660/848/3643
f 773/994/3644 407/520/3647 554/707/3646
f 554/707/3646 445/571/3648 830/1064/3649
f 590/755/3650 445/571/3648 255/341/3651
f 590/755/3650 255/341/3651 271/361/3652
f 271/361/3652 498/637/3653 590/755/3650
f 373/479/3654 498/637/3653 273/363/3655
f 714/920/3656 498/637/3653 373/479/3654
f 526/670/3657 373/479/3654 417/537/3658
f 526/670/3657 417/537/3658 549/701/3659
f 370/474/3660 549/701/3659 417/537/3658
f 526/670/3657 549/701/3659 751/967/3661
f 696/895/3662 953/1224/3663 751/967/3661
f 751/967/3661 870/1120/3664 526/670/3657
f 526/670/3657 714/920/3656 373/479/3654
f 714/920/3656 526/670/3657 870/1120/3664
f 714/920/3656 870/1120/3664 1050/1362/3665
f 498/637/3653 714/920/3656 1050/1362/3665
f 970/1249/3666 830/1064/3649 445/571/3648
f 970/1249/3666 445/571/3648 590/755/3650
f 970/1249/3666 590/755/3650 1024/1328/3667
f 590/755/3650 498/637/3653 1024/1328/3667
f 1024/1328/3667 498/637/3653 1083/1399/3668
f 498/637/3653 1050/1362/3665 1083/1399/3668
f 1083/1399/3668 1294/1678/3627 1024/1328/3667
f 970/1249/3666 1024/1328/3667 1418/1841/3669
f 1024/1328/3667 1294/1678/3627 1985/2553/3626
f 1024/1328/3667 1925/2478/3633 1418/1841/3669
f 1925/2478/3633 1024/1328/3667 1985/2553/3626
f 1294/1678/3627 1050/1362/3665 1920/2472/3629
f 1920/2472/3629 870/1120/3664 1494/1934/3631
f 1920/2472/3629 1050/1362/3665 870/1120/3664
f 1050/1362/3665 1294/1678/3627 1083/1399/3668
f 751/967/3661 953/1224/3663 1494/1934/3631
f 1494/1934/3631 953/1224/3663 1474/1909/3630
f 1494/1934/3631 870/1120/3664 751/967/3661
f 476/610/3573 412/529/3551 232/316/3575
f 476/610/3573 407/520/3647 660/848/3643
f 232/316/3575 407/520/3647 476/610/3573
f 143/208/3576 162/233/3670 232/316/3575
f 407/520/3647 232/316/3575 162/233/3670
f 407/520/3647 162/233/3670 255/341/3651
f 143/208/3576 140/203/3671 157/228/3672
f 162/233/3670 143/208/3576 157/228/3672
f 157/228/3672 140/203/3671 163/234/3673
f 185/262/3674 163/234/3673 264/353/3675
f 163/234/3673 185/262/3674 157/228/3672
f 162/233/3670 157/228/3672 255/341/3651
f 271/361/3652 157/228/3672 185/262/3674
f 185/262/3674 273/363/3655 271/361/3652
f 157/228/3672 271/361/3652 255/341/3651
f 271/361/3652 273/363/3655 498/637/3653
f 373/479/3654 273/363/3655 185/262/3674
f 373/479/3654 264/353/3675 417/537/3658
f 373/479/3654 185/262/3674 264/353/3675
f 417/537/3658 264/353/3675 370/474/3660
f 264/353/3675 163/234/3673 261/349/3676
f 264/353/3675 261/349/3676 370/474/3660
f 1073/1388/3677 830/1064/3649 970/1249/3666
f 970/1249/3666 1418/1841/3669 1073/1388/3677
f 1073/1388/3677 1418/1841/3669 1221/1583/3678
f 1395/1808/3679 1221/1583/3678 1418/1841/3669
f 1395/1808/3679 1418/1841/3669 1784/2298/3634
f 1548/2003/3680 1395/1808/3679 1784/2298/3634
f 1221/1583/3678 1395/1808/3679 1324/1715/3606
f 1221/1583/3678 1324/1715/3606 940/1210/3645
f 1221/1583/3678 940/1210/3645 1073/1388/3677
f 1073/1388/3677 940/1210/3645 830/1064/3649
f 940/1210/3645 896/1153/3597 554/707/3646
f 940/1210/3645 554/707/3646 830/1064/3649
f 1418/1841/3669 1925/2478/3633 1784/2298/3634
f 1548/2003/3680 1324/1715/3606 1395/1808/3679
f 1324/1715/3606 1548/2003/3680 1558/2018/3607
f 1585/2054/3591 1558/2018/3607 1867/2406/3608
f 1853/2387/3609 1867/2406/3608 2341/3020/3611
f 1867/2406/3608 1558/2018/3607 1548/2003/3680
f 1867/2406/3608 1548/2003/3680 1784/2298/3634
f 687/883/3681 618/794/3639 519/662/3565
f 814/1043/3682 519/662/3565 651/836/3564
f 651/836/3564 792/1016/3562 814/1043/3682
f 928/1197/3561 1058/1371/3560 1002/1296/3637
f 928/1197/3561 1002/1296/3637 814/1043/3682
f 928/1197/3561 814/1043/3682 792/1016/3562
f 3283/4235/3326 3138/4044/3683 3158/4069/3684
f 3138/4044/3683 3283/4235/3326 3261/4205/3304
f 3138/4044/3683 3261/4205/3304 3135/4040/3315
f 3017/3896/3685 3135/4040/3315 2985/3856/3318
f 3138/4044/3683 3135/4040/3315 3017/3896/3685
f 3017/3896/3685 2880/3718/3686 3138/4044/3683
f 3017/3896/3685 2985/3856/3318 2867/3702/3317
f 2725/3515/3687 2880/3718/3686 3017/3896/3685
f 2725/3515/3687 3017/3896/3685 2867/3702/3317
f 2725/3515/3687 2867/3702/3317 2850/3679/3314
f 2725/3515/3687 2850/3679/3314 2610/3366/3688
f 2880/3718/3686 2725/3515/3687 2765/3572/3689
f 2765/3572/3689 2725/3515/3687 2610/3366/3688
f 2765/3572/3689 2610/3366/3688 2609/3365/3690
f 2428/3131/2915 2610/3366/3688 2850/3679/3314
f 2609/3365/3690 2610/3366/3688 2473/3198/3691
f 2473/3198/3691 2610/3366/3688 2428/3131/2915
f 2765/3572/3689 2609/3365/3690 2771/3579/3692
f 2609/3365/3690 2473/3198/3691 2519/3252/3693
f 2519/3252/3693 2473/3198/3691 2476/3202/3694
f 2519/3252/3693 2476/3202/3694 2588/3340/3695
f 2476/3202/3694 2473/3198/3691 2428/3131/2915
f 2476/3202/3694 2428/3131/2915 2475/3201/3696
f 2476/3202/3694 2475/3201/3696 2522/3255/3697
f 2428/3131/2915 2430/3134/2904 2475/3201/3696
f 2779/3590/3698 2720/3509/3699 2522/3255/3697
f 2667/3436/2896 2779/3590/3698 2522/3255/3697
f 2667/3436/2896 2522/3255/3697 2475/3201/3696
f 2475/3201/3696 2430/3134/2904 2467/3192/2899
f 2475/3201/3696 2467/3192/2899 2567/3314/2898
f 2667/3436/2896 2475/3201/3696 2567/3314/2898
f 2667/3436/2896 3013/3891/2895 2779/3590/3698
f 2779/3590/3698 3032/3913/3700 2720/3509/3699
f 3202/4128/2938 3032/3913/3700 3196/4120/2894
f 3013/3891/2895 3196/4120/2894 3032/3913/3700
f 3013/3891/2895 3032/3913/3700 2779/3590/3698
f 3073/3965/3701 3138/4044/3683 2880/3718/3686
f 3073/3965/3701 2880/3718/3686 2765/3572/3689
f 3158/4069/3684 3138/4044/3683 3073/3965/3701
f 3366/4356/3325 3283/4235/3326 3301/4260/3323
f 3328/4297/3330 3370/4361/3324 3301/4260/3323
f 3301/4260/3323 3275/4223/3466 3328/4297/3330
f 3275/4223/3466 3301/4260/3323 3103/4004/3702
f 3301/4260/3323 3105/4006/3703 3103/4004/3702
f 3301/4260/3323 3283/4235/3326 3158/4069/3684
f 3301/4260/3323 3158/4069/3684 3105/4006/3703
f 2771/3579/3692 3073/3965/3701 2765/3572/3689
f 2771/3579/3692 2609/3365/3690 2519/3252/3693
f 3073/3965/3701 2771/3579/3692 3012/3889/3704
f 3073/3965/3701 3012/3889/3704 3158/4069/3684
f 3158/4069/3684 3044/3927/3705 3105/4006/3703
f 3158/4069/3684 3012/3889/3704 3044/3927/3705
f 2721/3510/3706 3012/3889/3704 2771/3579/3692
f 3038/3920/3707 3105/4006/3703 3044/3927/3705
f 3103/4004/3702 3105/4006/3703 3008/3885/3708
f 3008/3885/3708 3105/4006/3703 3038/3920/3707
f 3023/3903/3709 3038/3920/3707 3044/3927/3705
f 3008/3885/3708 3038/3920/3707 2996/3869/3710
f 2996/3869/3710 3038/3920/3707 3019/3898/3711
f 3019/3898/3711 3038/3920/3707 3023/3903/3709
f 2996/3869/3710 3019/3898/3711 3119/4021/3712
f 3008/3885/3708 2996/3869/3710 3024/3904/3713
f 3024/3904/3713 2996/3869/3710 3106/4007/3714
f 2996/3869/3710 3119/4021/3712 3106/4007/3714
f 3119/4021/3712 3072/3964/3715 3106/4007/3714
f 3106/4007/3714 3072/3964/3715 3076/3968/3716
f 3024/3904/3713 3106/4007/3714 2961/3823/3717
f 3024/3904/3713 2961/3823/3717 3008/3885/3708
f 3062/3950/3718 3106/4007/3714 3076/3968/3716
f 3106/4007/3714 3062/3950/3718 2961/3823/3717
f 3076/3968/3716 3049/3934/3719 3062/3950/3718
f 3062/3950/3718 2963/3827/3720 2961/3823/3717
f 2961/3823/3717 2963/3827/3720 3008/3885/3708
f 2993/3865/3721 2963/3827/3720 3062/3950/3718
f 3103/4004/3702 3008/3885/3708 2993/3865/3721
f 2993/3865/3721 3008/3885/3708 2963/3827/3720
f 3275/4223/3466 2943/3800/3463 2929/3781/3456
f 3275/4223/3466 3103/4004/3702 2943/3800/3463
f 2721/3510/3706 2771/3579/3692 2519/3252/3693
f 2721/3510/3706 2892/3736/3722 3012/3889/3704
f 2721/3510/3706 2622/3381/3723 2892/3736/3722
f 2892/3736/3722 2622/3381/3723 2670/3439/3724
f 3012/3889/3704 2892/3736/3722 3030/3911/3725
f 3012/3889/3704 3030/3911/3725 3044/3927/3705
f 2892/3736/3722 2670/3439/3724 2767/3574/3726
f 2892/3736/3722 2767/3574/3726 3030/3911/3725
f 2767/3574/3726 2670/3439/3724 2593/3346/3727
f 2767/3574/3726 2593/3346/3727 2661/3429/3728
f 2593/3346/3727 2670/3439/3724 2622/3381/3723
f 2622/3381/3723 2721/3510/3706 2519/3252/3693
f 2622/3381/3723 2519/3252/3693 2593/3346/3727
f 2593/3346/3727 2519/3252/3693 2588/3340/3695
f 2522/3255/3697 2588/3340/3695 2476/3202/3694
f 2588/3340/3695 2522/3255/3697 2661/3429/3728
f 2661/3429/3728 2593/3346/3727 2588/3340/3695
f 2661/3429/3728 2522/3255/3697 2720/3509/3699
f 2661/3429/3728 2720/3509/3699 2871/3706/3729
f 3032/3913/3700 3202/4128/2938 3203/4129/3730
f 3203/4129/3730 3202/4128/2938 3192/4113/3731
f 3202/4128/2938 3196/4120/2894 3280/4230/2892
f 3103/4004/3702 2952/3811/3732 2943/3800/3463
f 2943/3800/3463 2952/3811/3732 2973/3839/3733
f 2943/3800/3463 2973/3839/3733 2962/3826/3465
f 3076/3968/3716 2962/3826/3465 3049/3934/3719
f 3062/3950/3718 3049/3934/3719 2993/3865/3721
f 2973/3839/3733 3049/3934/3719 2962/3826/3465
f 3049/3934/3719 2973/3839/3733 2993/3865/3721
f 2993/3865/3721 2973/3839/3733 3009/3886/3734
f 2993/3865/3721 3009/3886/3734 3103/4004/3702
f 2973/3839/3733 2952/3811/3732 3009/3886/3734
f 3103/4004/3702 3009/3886/3734 2952/3811/3732
f 2713/3501/3735 3050/3936/3464 3072/3964/3715
f 3192/4113/3731 2713/3501/3735 3072/3964/3715
f 3072/3964/3715 3203/4129/3730 3192/4113/3731
f 3166/4079/2937 3192/4113/3731 3202/4128/2938
f 3076/3968/3716 3072/3964/3715 3050/3936/3464
f 2962/3826/3465 3076/3968/3716 3050/3936/3464
f 3072/3964/3715 3119/4021/3712 3159/4070/3736
f 3159/4070/3736 3119/4021/3712 3019/3898/3711
f 3083/3977/3737 3159/4070/3736 3019/3898/3711
f 3159/4070/3736 3203/4129/3730 3072/3964/3715
f 3203/4129/3730 3159/4070/3736 2871/3706/3729
f 3159/4070/3736 2874/3710/3738 2871/3706/3729
f 3032/3913/3700 3203/4129/3730 2871/3706/3729
f 2720/3509/3699 3032/3913/3700 2871/3706/3729
f 2661/3429/3728 2871/3706/3729 2874/3710/3738
f 2661/3429/3728 2874/3710/3738 2767/3574/3726
f 2767/3574/3726 2874/3710/3738 3030/3911/3725
f 3083/3977/3737 2874/3710/3738 3159/4070/3736
f 3030/3911/3725 2874/3710/3738 3083/3977/3737
f 3083/3977/3737 3023/3903/3709 3030/3911/3725
f 3023/3903/3709 3083/3977/3737 3019/3898/3711
f 3030/3911/3725 3023/3903/3709 3044/3927/3705
f 2713/3501/3735 3192/4113/3731 3166/4079/2937
f 3202/4128/2938 3324/4289/2874 3166/4079/2937
f 1753/2263/3130 1936/2492/3157 2222/2862/3129
f 1544/1998/3165 1316/1706/3167 1162/1510/3739
f 1162/1510/3739 1316/1706/3167 1147/1488/3740
f 1010/1309/3741 1147/1488/3740 1141/1479/3742
f 1157/1502/3351 1192/1547/3743 1141/1479/3742
f 1316/1706/3167 1175/1526/3349 1147/1488/3740
f 1147/1488/3740 1175/1526/3349 1157/1502/3351
f 1147/1488/3740 1157/1502/3351 1141/1479/3742
f 407/520/3647 255/341/3651 554/707/3646
f 554/707/3646 255/341/3651 445/571/3648
f 3659/4742/3744 3662/4747/3745 2621/3379/3632
f 2621/3379/3632 3662/4747/3745 3358/4345/3628
f 3662/4747/3745 3388/4384/3624 3358/4345/3628
f 3358/4345/3628 3388/4384/3624 2629/3389/3625
f 3659/4742/3744 3725/4819/3746 3710/4804/3747
f 3710/4804/3747 3725/4819/3746 3713/4807/3748
f 3698/4791/3749 3710/4804/3747 3713/4807/3748
f 3699/4792/3622 3713/4807/3748 3720/4814/3750
f 3728/4824/3751 3704/4797/3752 3720/4814/3750
f 3699/4792/3622 3720/4814/3750 3703/4796/3623
f 3720/4814/3750 3704/4797/3752 3703/4796/3623
f 3713/4807/3748 3699/4792/3622 3698/4791/3749
f 3704/4797/3752 3561/4612/3621 3703/4796/3623
f 3704/4797/3752 3684/4776/3753 3561/4612/3621
f 3631/4701/3613 3684/4776/3753 3704/4797/3752
f 3631/4701/3613 3704/4797/3752 3728/4824/3751
f 3631/4701/3613 3728/4824/3751 3705/4798/3754
f 3684/4776/3753 3482/4504/3614 3561/4612/3621
f 3482/4504/3614 3684/4776/3753 3631/4701/3613
f 3482/4504/3614 3631/4701/3613 3257/4197/3612
f 3365/4353/3610 3631/4701/3613 3705/4798/3754
f 3659/4742/3744 3710/4804/3747 3662/4747/3745
f 3710/4804/3747 3698/4791/3749 3662/4747/3745
f 3662/4747/3745 3698/4791/3749 3388/4384/3624
f 3698/4791/3749 3699/4792/3622 3388/4384/3624
f 3705/4798/3754 3728/4824/3751 3731/4828/3755
f 3728/4824/3751 3720/4814/3750 3731/4828/3755
f 3731/4828/3755 3720/4814/3750 3733/4832/3756
f 3733/4832/3756 3720/4814/3750 3725/4819/3746
f 3725/4819/3746 3720/4814/3750 3713/4807/3748
f 3482/4504/3614 2942/3798/3615 3061/3949/3620
f 3561/4612/3621 3482/4504/3614 3061/3949/3620
f 2942/3798/3615 3257/4197/3612 2417/3115/3635
f 3257/4197/3612 2341/3020/3611 2417/3115/3635
f 2623/3383/3472 2804/3623/3497 2847/3675/3503
f 2804/3623/3497 2623/3383/3472 2690/3467/3495
f 1900/2449/3757 1991/2560/3168 1544/1999/3165
f 2228/2872/3155 1991/2560/3168 1900/2449/3757
f 2228/2872/3155 1900/2449/3757 2037/2624/3758
f 2276/2934/3759 2332/3008/3151 2228/2872/3155
f 2228/2872/3155 2037/2624/3758 2276/2934/3759
f 1458/1888/3760 1544/1999/3165 1162/1511/3739
f 1544/1999/3165 1458/1888/3760 1900/2449/3757
f 1458/1888/3760 1607/2082/3761 1900/2449/3757
f 2037/2624/3758 1900/2449/3757 1607/2082/3761
f 2276/2934/3759 1955/2515/3762 2098/2704/3763
f 1955/2515/3762 1607/2082/3761 1340/1734/3764
f 1340/1734/3764 1591/2063/3642 1955/2515/3762
f 1661/2152/3641 1977/2543/3765 1591/2063/3642
f 1977/2543/3765 1661/2152/3641 1752/2261/3585
f 1002/1297/3637 1282/1663/3638 1340/1734/3764
f 814/1044/3682 1002/1297/3637 919/1185/3766
f 1002/1297/3637 1340/1734/3764 1123/1457/3767
f 1002/1297/3637 1123/1457/3767 919/1185/3766
f 519/663/3565 814/1044/3682 783/1005/3768
f 814/1044/3682 919/1185/3766 783/1005/3768
f 519/663/3565 783/1005/3768 687/884/3681
f 687/884/3681 881/1132/3769 886/1138/3770
f 881/1132/3769 783/1005/3768 981/1261/3771
f 981/1261/3771 783/1005/3768 919/1185/3766
f 981/1261/3771 919/1185/3766 1123/1457/3767
f 1458/1888/3760 981/1261/3771 1123/1457/3767
f 1591/2063/3642 1977/2543/3765 1955/2515/3762
f 1977/2543/3765 2098/2704/3763 1955/2515/3762
f 1955/2515/3762 2037/2624/3758 1607/2082/3761
f 1955/2515/3762 2276/2934/3759 2037/2624/3758
f 981/1261/3771 1162/1511/3739 881/1132/3769
f 881/1132/3769 1067/1381/3772 886/1138/3770
f 1010/1310/3741 886/1138/3770 1067/1381/3772
f 1147/1489/3740 1010/1310/3741 1067/1381/3772
f 1067/1381/3772 1162/1511/3739 1147/1489/3740
f 881/1132/3769 1162/1511/3739 1067/1381/3772
f 981/1261/3771 1458/1888/3760 1162/1511/3739
f 1458/1888/3760 1340/1734/3764 1607/2082/3761
f 1458/1888/3760 1123/1457/3767 1340/1734/3764
f 881/1132/3769 687/884/3681 783/1005/3768
f 1591/2063/3642 1340/1734/3764 1282/1663/3638
f 164/236/3773 456/587/3774 431/553/3775
f 164/236/3773 431/553/3775 436/560/3031
f 164/236/3773 436/560/3031 90/138/3021
f 164/236/3773 90/138/3021 66/101/3776
f 66/101/3776 90/138/3021 73/113/3022
f 3864/5024/3000 3910/5079/2999 3770/4892/3777
f 3770/4892/3777 3910/5079/2999 3816/4951/3778
f 66/101/3776 3864/5024/3000 3770/4892/3777
f 3750/4864/2995 66/101/3776 73/113/3022
f 3864/5024/3000 66/101/3776 3750/4864/2995
f 63/98/3779 3770/4892/3777 75/115/3780
f 75/115/3780 3770/4892/3777 59/92/3781
f 164/236/3773 574/735/3782 456/587/3774
f 574/735/3782 164/236/3773 151/221/3783
f 456/587/3774 574/735/3782 431/553/3775
f 431/553/3775 574/735/3782 573/734/3784
f 573/734/3784 574/735/3782 631/813/3785
f 535/681/3786 827/1061/3787 698/898/3788
f 698/898/3788 631/813/3785 535/681/3786
f 631/813/3785 574/735/3782 151/221/3783
f 66/101/3776 3770/4892/3777 63/98/3779
f 66/101/3776 63/98/3779 164/236/3773
f 63/98/3779 151/221/3783 164/236/3773
f 151/221/3783 63/98/3779 175/249/3789
f 59/92/3781 67/102/3790 75/115/3780
f 3770/4892/3777 3816/4951/3778 59/92/3781
f 3816/4951/3778 3910/5079/2999 3957/5140/2989
f 3816/4951/3778 3957/5141/2989 3913/5085/2997
f 3913/5085/2997 3957/5141/2989 4185/5429/2983
f 3913/5085/2997 3976/5167/2988 3854/5007/2998
f 3913/5085/2997 3854/5007/2998 3843/4994/3791
f 3779/4903/3792 3854/5007/2998 3906/5073/3793
f 3854/5007/2998 3779/4903/3792 67/102/3790
f 3854/5007/2998 67/102/3790 3843/4994/3791
f 3816/4951/3778 3913/5085/2997 3843/4994/3791
f 67/102/3790 59/92/3781 3816/4951/3778
f 67/102/3790 3816/4951/3778 3843/4994/3791
f 67/102/3790 3779/4903/3792 6/11/3794
f 107/160/3795 67/102/3790 6/11/3794
f 67/102/3790 107/160/3795 75/115/3780
f 211/289/3796 75/115/3780 107/160/3795
f 107/160/3795 6/11/3794 496/635/3797
f 1245/1610/3798 945/1216/3799 700/900/3800
f 700/900/3800 1406/1825/3801 1245/1610/3798
f 1357/1755/3802 1245/1610/3798 1406/1825/3801
f 945/1216/3799 399/510/3803 211/289/3796
f 700/900/3800 945/1216/3799 211/289/3796
f 700/900/3800 107/160/3795 496/635/3797
f 107/160/3795 700/900/3800 211/289/3796
f 211/289/3796 399/510/3803 237/321/3804
f 211/289/3796 237/321/3804 75/115/3780
f 75/115/3780 237/321/3804 63/98/3779
f 3779/4903/3792 3785/4912/3805 22/36/3806
f 3779/4903/3792 22/36/3806 6/11/3794
f 139/201/3807 6/11/3794 22/37/3806
f 139/201/3807 701/901/3808 496/635/3797
f 6/11/3794 139/201/3807 496/635/3797
f 978/1257/3809 701/901/3808 139/201/3807
f 1927/2480/3810 1230/1593/3276 1968/2531/3275
f 1230/1593/3276 1927/2480/3810 701/901/3808
f 701/901/3808 1927/2480/3810 2110/2720/3811
f 1475/1911/3812 701/901/3808 2110/2720/3811
f 1475/1911/3812 2110/2720/3811 2078/2680/3813
f 2547/3284/3814 2110/2720/3811 1927/2480/3810
f 1927/2480/3810 2337/3014/3815 2547/3284/3814
f 2110/2720/3811 2547/3284/3814 2302/2969/3816
f 2110/2720/3811 2302/2969/3816 2078/2680/3813
f 1406/1825/3801 2078/2680/3813 2342/3022/3817
f 2078/2680/3813 1406/1825/3801 1475/1911/3812
f 1406/1825/3801 700/900/3800 1475/1911/3812
f 1475/1911/3812 700/900/3800 701/901/3808
f 701/901/3808 700/900/3800 496/635/3797
f 1230/1593/3276 701/901/3808 978/1257/3809
f 510/653/3039 436/560/3031 431/553/3775
f 548/700/3134 510/653/3039 573/734/3784
f 548/700/3134 573/734/3784 717/924/3818
f 535/681/3786 631/813/3785 151/221/3783
f 535/681/3786 151/221/3783 175/249/3789
f 175/249/3789 399/510/3803 535/681/3786
f 399/510/3803 175/249/3789 237/321/3804
f 945/1216/3799 535/681/3786 399/510/3803
f 827/1061/3787 535/681/3786 904/1163/3819
f 1130/1464/3820 827/1061/3787 904/1163/3819
f 827/1061/3787 1130/1464/3820 1052/1364/3821
f 175/249/3789 63/98/3779 237/321/3804
f 535/681/3786 945/1216/3799 904/1163/3819
f 945/1216/3799 1245/1610/3798 904/1163/3819
f 1357/1755/3802 904/1163/3819 1245/1610/3798
f 904/1163/3819 1357/1755/3802 1130/1464/3820
f 1130/1464/3820 1357/1755/3802 1549/2004/3822
f 1549/2004/3822 1357/1755/3802 1926/2479/3823
f 1406/1825/3801 1926/2479/3823 1357/1755/3802
f 1130/1464/3820 1549/2004/3822 1570/2036/3824
f 2251/2898/3825 2083/2687/3826 1549/2004/3822
f 2251/2898/3825 1926/2479/3823 1406/1825/3801
f 1926/2479/3823 2251/2898/3825 1549/2004/3822
f 2342/3022/3817 2078/2680/3813 2391/3085/3827
f 2078/2680/3813 2302/2969/3816 2391/3085/3827
f 2391/3085/3827 2302/2969/3816 2682/3456/3121
f 2391/3085/3827 2682/3456/3121 2728/3519/3116
f 2391/3085/3827 2728/3519/3116 2251/2898/3825
f 2711/3498/3120 2682/3456/3121 2302/2969/3816
f 2711/3497/3120 2613/3370/3828 2956/3816/3098
f 2683/3458/3181 3067/3959/3093 2983/3852/3094
f 2983/3852/3094 3078/3971/3095 2683/3458/3181
f 3078/3971/3095 2956/3816/3098 2683/3458/3181
f 2683/3458/3181 2956/3816/3098 2527/3260/3829
f 2258/2908/3182 1927/2480/3810 1968/2531/3275
f 2337/3014/3815 1927/2480/3810 2258/2908/3182
f 2337/3014/3815 2258/2908/3182 2527/3260/3829
f 2337/3014/3815 2527/3260/3829 2613/3370/3828
f 2613/3370/3828 2547/3284/3814 2337/3014/3815
f 2613/3370/3828 2601/3357/3830 2547/3284/3814
f 2547/3284/3814 2601/3357/3830 2302/2969/3816
f 2302/2969/3816 2601/3357/3830 2711/3498/3120
f 2601/3357/3830 2613/3370/3828 2711/3498/3120
f 2527/3260/3829 2258/2908/3182 2683/3458/3181
f 2956/3816/3098 2613/3370/3828 2527/3260/3829
f 4692/6063/2841 4699/6074/2844 4649/6002/2865
f 4692/6063/2841 4628/5968/3831 4662/6018/3832
f 4692/6063/2841 4662/6018/3832 4735/6119/2843
f 4732/6114/2848 4735/6119/2843 4662/6018/3832
f 4628/5968/3831 4692/6063/2841 4649/6002/2865
f 4678/6044/3833 4705/6081/3834 4662/6018/3832
f 4662/6018/3832 4743/6128/3835 4732/6114/2848
f 4724/6103/3836 4743/6128/3835 4662/6018/3832
f 4544/5867/3198 4649/6002/2865 4630/5973/2866
f 4705/6081/3834 4724/6103/3836 4662/6018/3832
f 4678/6044/3833 4677/6042/3837 4705/6081/3834
f 1837/2366/3403 2445/3157/3405 2059/2651/3404
f 573/734/3784 510/653/3039 431/553/3775
f 631/813/3785 698/898/3788 717/924/3818
f 631/813/3785 717/924/3818 573/734/3784
f 717/924/3818 793/1017/3838 548/700/3134
f 548/700/3134 793/1017/3838 636/819/3337
f 1114/1445/3839 793/1017/3838 717/924/3818
f 759/980/3338 636/819/3337 897/1154/3840
f 897/1154/3840 636/819/3337 793/1017/3838
f 793/1017/3838 979/1259/3841 897/1154/3840
f 1034/1343/3842 897/1154/3840 979/1259/3841
f 759/980/3338 897/1154/3840 962/1239/3340
f 897/1154/3840 1009/1308/3344 962/1239/3340
f 1009/1308/3344 897/1154/3840 1034/1343/3842
f 1034/1343/3842 1079/1395/3345 1009/1308/3344
f 1157/1503/3351 1044/1356/3343 1192/1548/3743
f 1192/1548/3743 1044/1356/3343 1190/1544/3843
f 1044/1356/3343 1079/1395/3345 1190/1544/3843
f 1079/1395/3345 1034/1343/3842 979/1259/3841
f 1190/1544/3843 1079/1395/3345 1241/1606/3844
f 1079/1395/3345 1209/1568/3845 1241/1606/3844
f 1209/1568/3845 1079/1395/3345 1164/1513/3846
f 1164/1513/3846 1079/1395/3345 979/1259/3841
f 1241/1606/3844 1209/1568/3845 1280/1660/3847
f 1192/1548/3743 1241/1606/3844 1280/1660/3847
f 1241/1606/3844 1192/1548/3743 1190/1544/3843
f 1141/1480/3742 1258/1628/3848 1010/1311/3741
f 1010/1311/3741 1258/1628/3848 1106/1433/3849
f 1106/1433/3849 1258/1628/3848 1252/1618/3850
f 979/1259/3841 793/1017/3838 1114/1445/3839
f 1164/1513/3846 979/1259/3841 1114/1445/3839
f 1301/1688/3851 1209/1568/3845 1164/1513/3846
f 1209/1568/3845 1301/1688/3851 1280/1660/3847
f 1301/1688/3851 1164/1513/3846 1207/1566/3852
f 1207/1566/3852 1164/1513/3846 1114/1445/3839
f 1301/1688/3851 1207/1566/3852 1374/1782/3853
f 1280/1660/3847 1301/1688/3851 1258/1628/3848
f 1280/1660/3847 1258/1628/3848 1192/1548/3743
f 1301/1688/3851 1374/1782/3853 1414/1836/3854
f 1258/1628/3848 1301/1688/3851 1414/1836/3854
f 1374/1782/3853 1207/1566/3852 1114/1445/3839
f 1114/1445/3839 1481/1918/3855 1374/1782/3853
f 1484/1922/3856 1481/1918/3855 1114/1445/3839
f 1663/2154/3857 1414/1836/3854 1374/1782/3853
f 1663/2154/3857 1374/1782/3853 1780/2293/3858
f 1374/1782/3853 1481/1918/3855 1780/2293/3858
f 1414/1836/3854 1252/1618/3850 1258/1628/3848
f 1258/1628/3848 1141/1480/3742 1192/1548/3743
f 1780/2293/3858 2076/2676/3859 1663/2154/3857
f 1414/1836/3854 1663/2154/3857 1429/1854/3860
f 827/1061/3787 1052/1364/3821 717/924/3818
f 827/1061/3787 717/924/3818 698/898/3788
f 2076/2676/3859 1429/1854/3860 1663/2154/3857
f 1838/2367/3861 2076/2676/3859 2367/3055/3149
f 2064/2658/3148 2367/3055/3149 2076/2676/3859
f 2064/2658/3148 2076/2676/3859 1780/2293/3858
f 2068/2663/3147 2164/2789/3862 2399/3095/3144
f 2399/3095/3144 2164/2789/3862 2454/3170/3146
f 2441/3151/3143 2454/3170/3146 2164/2789/3862
f 2164/2789/3862 2107/2717/3122 2441/3151/3143
f 1484/1922/3856 2164/2789/3862 2068/2663/3147
f 2064/2658/3148 1780/2293/3858 2068/2663/3147
f 1484/1922/3856 2068/2663/3147 1780/2293/3858
f 1780/2293/3858 1481/1918/3855 1484/1922/3856
f 1484/1922/3856 1052/1364/3821 1570/2036/3824
f 717/924/3818 1052/1364/3821 1114/1445/3839
f 2164/2789/3862 1484/1922/3856 1570/2036/3824
f 1570/2036/3824 2107/2717/3122 2164/2789/3862
f 1114/1445/3839 1052/1364/3821 1484/1922/3856
f 1549/2004/3822 2083/2687/3826 2107/2717/3122
f 2083/2687/3826 2251/2898/3825 2107/2717/3122
f 2251/2898/3825 2728/3520/3116 2107/2717/3122
f 2391/3085/3827 2251/2898/3825 2342/3022/3817
f 1406/1825/3801 2342/3022/3817 2251/2898/3825
f 1052/1364/3821 1130/1464/3820 1570/2036/3824
f 1549/2004/3822 2107/2717/3122 1570/2036/3824
f 4138/5368/3863 4108/5333/3261 4115/5343/3262
f 4108/5333/3261 4138/5368/3863 4155/5389/3211
f 4138/5368/3863 4115/5343/3262 4125/5353/3864
f 4125/5353/3864 4155/5389/3211 4138/5368/3863
f 4105/5329/3865 4115/5343/3262 3862/5021/3263
f 4105/5329/3865 3862/5021/3263 4088/5310/3866
f 4088/5310/3866 3862/5021/3263 4036/5237/3867
f 3862/5021/3263 3834/4982/3265 53/84/3264
f 3862/5021/3263 53/84/3264 3777/4901/3868
f 3934/5110/3869 3777/4901/3868 3876/5039/3870
f 3876/5039/3870 3777/4901/3868 3746/4858/3871
f 3746/4858/3871 3807/4939/3872 3819/4956/3873
f 3829/4971/3874 3746/4858/3871 3819/4956/3873
f 3746/4858/3871 3829/4971/3874 3876/5039/3870
f 3826/4967/3875 3819/4956/3873 3807/4939/3872
f 3884/5049/3876 3876/5039/3870 3829/4971/3874
f 3985/5176/3877 3876/5039/3870 3884/5049/3876
f 3746/4858/3871 3777/4901/3868 46/72/3878
f 53/84/3264 46/72/3878 3777/4901/3868
f 50/79/3879 53/84/3264 40/65/3253
f 100/150/3880 10/16/3881 50/79/3879
f 100/150/3880 50/79/3879 201/279/3882
f 246/332/3883 100/150/3880 201/279/3882
f 40/65/3253 201/279/3882 50/79/3879
f 201/279/3882 40/65/3253 364/468/3255
f 338/438/3884 7/12/3885 100/150/3880
f 338/438/3884 100/150/3880 246/332/3883
f 364/468/3255 246/332/3883 201/279/3882
f 364/468/3255 444/569/3886 246/332/3883
f 338/438/3884 741/954/3887 150/219/3888
f 338/438/3884 150/219/3888 7/12/3885
f 150/219/3888 49/76/3889 7/12/3885
f 49/76/3889 3735/4836/3890 26/44/3891
f 3735/4836/3890 17/28/3892 3744/4854/3893
f 3744/4854/3893 3830/4973/3894 3735/4836/3890
f 4105/5329/3865 4125/5353/3864 4115/5343/3262
f 4155/5389/3211 4125/5353/3864 4132/5362/3331
f 4155/5389/3211 4132/5362/3331 4190/5435/3209
f 4125/5353/3864 4105/5329/3865 4132/5362/3331
f 4132/5362/3331 4105/5329/3865 4088/5310/3866
f 4088/5310/3866 4089/5311/3895 4132/5362/3331
f 4132/5362/3331 4089/5311/3895 4097/5320/3896
f 4224/5474/3207 4132/5362/3331 4097/5320/3896
f 4214/5463/3206 4224/5474/3207 4097/5320/3896
f 4214/5463/3206 4092/5314/3897 4228/5480/3205
f 4092/5314/3897 4214/5463/3206 4097/5320/3896
f 4056/5262/3898 4097/5320/3896 4009/5204/3899
f 4097/5320/3896 4089/5311/3895 4062/5272/3900
f 4072/5285/3901 4089/5311/3895 4088/5310/3866
f 4072/5285/3901 4088/5310/3866 4036/5237/3867
f 4072/5285/3901 4036/5237/3867 3934/5110/3869
f 4036/5237/3867 3862/5021/3263 3777/4901/3868
f 3777/4901/3868 3934/5110/3869 4036/5237/3867
f 4072/5285/3901 3934/5110/3869 4058/5266/3902
f 3934/5110/3869 3876/5039/3870 4058/5266/3902
f 4089/5311/3895 4072/5285/3901 4058/5266/3902
f 4089/5311/3895 4058/5266/3902 4062/5272/3900
f 3876/5039/3870 4062/5272/3900 4058/5266/3902
f 4097/5320/3896 4062/5272/3900 4009/5204/3899
f 4097/5320/3896 4056/5262/3898 4092/5314/3897
f 4062/5272/3900 3876/5039/3870 3985/5177/3877
f 457/588/3903 751/968/3661 549/702/3659
f 751/968/3661 457/588/3903 696/896/3662
f 549/702/3659 370/475/3660 457/588/3903
f 370/475/3660 361/463/3904 457/588/3903
f 361/463/3904 370/475/3660 261/350/3676
f 457/588/3903 361/463/3904 547/698/3905
f 696/896/3662 457/588/3903 547/698/3905
f 696/896/3662 547/698/3905 699/899/3906
f 699/899/3906 547/698/3905 401/512/3907
f 699/899/3906 950/1221/3908 953/1225/3663
f 950/1221/3908 699/899/3906 948/1219/3909
f 953/1225/3663 696/896/3662 699/899/3906
f 547/698/3905 361/463/3904 401/512/3907
f 495/634/3910 401/512/3907 324/422/3911
f 401/512/3907 495/634/3910 699/899/3906
f 640/823/3912 699/899/3906 495/634/3910
f 948/1219/3909 699/899/3906 640/823/3912
f 948/1219/3909 640/823/3912 1043/1354/3913
f 950/1221/3908 948/1219/3909 1181/1532/3914
f 1557/2017/3915 1181/1532/3914 948/1219/3909
f 948/1219/3909 1043/1354/3913 1557/2017/3915
f 947/1218/3916 1557/2017/3915 1043/1354/3913
f 1557/2017/3915 1302/1689/3917 1932/2487/3918
f 1181/1532/3914 1557/2017/3915 1932/2487/3918
f 1302/1689/3917 1557/2017/3915 947/1218/3916
f 1290/1672/3919 1302/1689/3917 1016/1318/3920
f 1302/1689/3917 947/1218/3916 1016/1318/3920
f 1016/1318/3920 947/1218/3916 749/965/3921
f 488/624/3922 947/1218/3916 1043/1354/3913
f 947/1218/3916 488/624/3922 749/965/3921
f 488/624/3922 1043/1354/3913 670/864/3923
f 670/864/3923 1043/1354/3913 640/823/3912
f 670/864/3923 640/823/3912 381/488/3924
f 640/823/3912 495/634/3910 381/488/3924
f 670/864/3923 381/488/3924 375/482/3925
f 1016/1318/3920 749/965/3921 812/1041/3926
f 812/1041/3926 888/1141/3927 1016/1318/3920
f 749/965/3921 488/624/3922 269/359/3928
f 488/624/3922 670/864/3923 375/482/3925
f 291/382/3929 488/624/3922 375/482/3925
f 488/624/3922 291/382/3929 269/359/3928
f 375/482/3925 191/268/3930 291/382/3929
f 269/359/3928 502/643/3931 749/965/3921
f 502/643/3931 269/359/3928 354/454/3932
f 354/454/3932 269/359/3928 298/391/3933
f 191/268/3930 375/482/3925 381/488/3924
f 179/253/3934 291/382/3929 191/268/3930
f 291/382/3929 179/253/3934 269/359/3928
f 269/359/3928 179/253/3934 160/231/3935
f 179/253/3934 191/268/3930 140/204/3671
f 227/310/3936 191/268/3930 381/488/3924
f 381/488/3924 495/634/3910 227/310/3936
f 227/310/3936 495/634/3910 324/422/3911
f 227/310/3936 324/422/3911 261/350/3676
f 261/350/3676 324/422/3911 361/463/3904
f 361/463/3904 324/422/3911 401/512/3907
f 261/350/3676 163/235/3673 227/310/3936
f 163/235/3673 191/268/3930 227/310/3936
f 140/204/3671 191/268/3930 163/235/3673
f 179/253/3934 140/204/3671 160/231/3935
f 269/359/3928 160/231/3935 298/391/3933
f 354/454/3932 298/391/3933 384/491/3937
f 354/454/3932 384/491/3937 609/777/3938
f 354/454/3932 609/777/3938 502/643/3931
f 834/1070/3939 502/643/3931 609/777/3938
f 834/1070/3939 609/777/3938 1117/1449/3940
f 969/1248/3941 834/1070/3939 1117/1449/3940
f 969/1248/3941 1117/1449/3940 1081/1397/3942
f 969/1248/3941 1081/1397/3942 1127/1461/3943
f 969/1248/3941 502/643/3931 834/1070/3939
f 888/1141/3927 969/1248/3941 1127/1461/3943
f 502/643/3931 969/1248/3941 888/1141/3927
f 812/1041/3926 502/643/3931 888/1141/3927
f 502/643/3931 812/1041/3926 749/965/3921
f 888/1141/3927 1172/1522/3944 1016/1318/3920
f 1290/1672/3919 1016/1318/3920 1172/1522/3944
f 1290/1672/3919 1172/1522/3944 1419/1842/3945
f 1924/2477/3946 1931/2486/3947 1290/1672/3919
f 1290/1672/3919 1931/2486/3947 2410/3108/3948
f 1290/1672/3919 2410/3108/3948 1302/1689/3917
f 1302/1689/3917 2410/3108/3948 1932/2487/3918
f 1474/1910/3630 953/1225/3663 950/1221/3908
f 2018/2600/3949 1474/1910/3630 950/1221/3908
f 2666/3434/3950 2410/3108/3948 2977/3843/3951
f 2666/3434/3950 1932/2487/3918 2410/3108/3948
f 1932/2487/3918 2666/3434/3950 2375/3064/3952
f 1181/1532/3914 1932/2487/3918 2375/3064/3952
f 2018/2600/3949 950/1221/3908 1181/1532/3914
f 2375/3064/3952 2018/2600/3949 1181/1532/3914
f 2621/3380/3632 1474/1910/3630 2018/2600/3949
f 2621/3380/3632 2018/2600/3949 3363/4350/3953
f 3363/4350/3953 3639/4713/3954 2621/3380/3632
f 3639/4713/3954 3363/4350/3953 3636/4709/3955
f 3659/4743/3744 2621/3380/3632 3639/4713/3954
f 609/777/3938 737/949/3956 898/1155/3957
f 609/777/3938 898/1155/3957 1160/1507/3958
f 1085/1401/3959 609/777/3938 1160/1507/3958
f 1085/1401/3959 1281/1661/3960 1255/1623/3961
f 1270/1648/3962 1281/1661/3960 1085/1401/3959
f 1270/1648/3962 1085/1401/3959 1160/1507/3958
f 1281/1661/3960 1270/1648/3962 1449/1878/3963
f 1085/1401/3959 1255/1623/3961 1117/1449/3940
f 609/777/3938 1085/1401/3959 1117/1449/3940
f 1240/1605/3964 1117/1449/3940 1255/1623/3961
f 1117/1449/3940 1240/1605/3964 1081/1397/3942
f 1081/1397/3942 1240/1605/3964 1359/1758/3965
f 1278/1658/3966 1081/1397/3942 1392/1805/3967
f 1081/1397/3942 1359/1758/3965 1392/1805/3967
f 1486/1924/3968 1240/1605/3964 1255/1623/3961
f 1486/1924/3968 1255/1623/3961 1529/1978/3595
f 1529/1978/3595 1255/1623/3961 1525/1972/3596
f 1529/1978/3595 1533/1984/3592 1486/1924/3968
f 1503/1945/3969 1533/1984/3592 1585/2055/3591
f 1533/1984/3592 1503/1945/3969 1486/1924/3968
f 1240/1605/3964 1486/1924/3968 1503/1945/3969
f 1359/1758/3965 1240/1605/3964 1503/1945/3969
f 1359/1758/3965 1503/1945/3969 1392/1805/3967
f 1392/1805/3967 1503/1945/3969 1585/2055/3591
f 1930/2485/3970 1585/2055/3591 1853/2388/3609
f 1853/2388/3609 2341/3021/3611 1930/2485/3970
f 3360/4347/3971 2341/3021/3611 3365/4354/3610
f 2341/3021/3611 3360/4347/3971 2619/3377/3972
f 1931/2486/3947 2531/3264/3973 3357/4344/3974
f 3357/4344/3974 3599/4658/3975 1931/2486/3947
f 3599/4658/3975 3399/4400/3976 1931/2486/3947
f 1931/2486/3947 3399/4400/3976 2977/3843/3951
f 2977/3843/3951 3299/4256/3977 2666/3434/3950
f 2977/3843/3951 3399/4400/3976 3299/4256/3977
f 3357/4344/3974 3697/4790/3978 3599/4658/3975
f 3697/4790/3978 3399/4400/3976 3599/4658/3975
f 3299/4256/3977 3399/4400/3976 3696/4789/3979
f 3696/4789/3979 3399/4400/3976 3702/4795/3980
f 3660/4744/3981 3636/4709/3955 3394/4393/3982
f 3299/4256/3977 3660/4744/3981 3394/4393/3982
f 3394/4393/3982 3636/4709/3955 3363/4350/3953
f 2375/3064/3952 3363/4350/3953 2018/2600/3949
f 3394/4393/3982 3363/4350/3953 2375/3064/3952
f 2375/3064/3952 2666/3434/3950 3299/4256/3977
f 1930/2485/3970 2619/3377/3972 1924/2477/3946
f 2341/3021/3611 2619/3377/3972 1930/2485/3970
f 737/949/3956 609/777/3938 384/491/3937
f 490/628/3983 737/949/3956 384/491/3937
f 430/551/3984 490/628/3983 384/491/3937
f 384/491/3937 298/391/3933 430/551/3984
f 322/419/3985 430/551/3984 298/391/3933
f 257/344/3571 315/411/3986 322/419/3985
f 298/391/3933 257/344/3571 322/419/3985
f 229/313/3574 257/344/3571 298/391/3933
f 160/231/3935 143/209/3576 229/313/3574
f 160/231/3935 229/313/3574 298/391/3933
f 143/209/3576 160/231/3935 140/204/3671
f 1281/1661/3960 1569/2034/3590 1255/1623/3961
f 1255/1623/3961 1569/2034/3590 1525/1972/3596
f 1449/1878/3963 1569/2034/3590 1281/1661/3960
f 1930/2485/3970 1392/1805/3967 1585/2055/3591
f 1127/1461/3943 1392/1805/3967 1419/1842/3945
f 1127/1461/3943 1278/1658/3966 1392/1805/3967
f 1278/1658/3966 1127/1461/3943 1081/1397/3942
f 888/1141/3927 1127/1461/3943 1172/1522/3944
f 1172/1522/3944 1127/1461/3943 1419/1842/3945
f 1290/1672/3919 1419/1842/3945 1924/2477/3946
f 1924/2477/3946 2531/3264/3973 1931/2486/3947
f 2531/3264/3973 1924/2477/3946 2619/3377/3972
f 1931/2486/3947 2977/3843/3951 2410/3108/3948
f 1930/2485/3970 1924/2477/3946 1419/1842/3945
f 1930/2485/3970 1419/1842/3945 1392/1805/3967
f 2375/3064/3952 3299/4256/3977 3394/4393/3982
f 3357/4344/3974 2619/3377/3972 3360/4347/3971
f 2619/3377/3972 3357/4344/3974 2531/3264/3973
f 3659/4743/3744 3639/4713/3954 3725/4820/3746
f 3724/4818/3987 3725/4820/3746 3715/4809/3988
f 3725/4820/3746 3724/4818/3987 3733/4833/3756
f 3731/4829/3755 3733/4833/3756 3724/4818/3987
f 3729/4825/3989 3731/4829/3755 3724/4818/3987
f 3731/4829/3755 3718/4812/3990 3705/4799/3754
f 3731/4829/3755 3729/4825/3989 3718/4812/3990
f 3724/4818/3987 3715/4809/3988 3719/4813/3991
f 3697/4790/3978 3729/4825/3989 3724/4818/3987
f 3697/4790/3978 3724/4818/3987 3702/4795/3980
f 3724/4818/3987 3719/4813/3991 3696/4789/3979
f 3724/4818/3987 3696/4789/3979 3702/4795/3980
f 3696/4789/3979 3719/4813/3991 3660/4744/3981
f 3719/4813/3991 3715/4809/3988 3660/4744/3981
f 3706/4800/3992 3697/4790/3978 3357/4344/3974
f 3706/4800/3992 3718/4812/3990 3697/4790/3978
f 3729/4825/3989 3697/4790/3978 3718/4812/3990
f 3707/4801/3993 3705/4799/3754 3718/4812/3990
f 3707/4801/3993 3718/4812/3990 3706/4800/3992
f 3706/4800/3992 3357/4344/3974 3360/4347/3971
f 3707/4801/3993 3706/4800/3992 3360/4347/3971
f 3707/4801/3993 3360/4347/3971 3365/4354/3610
f 3707/4801/3993 3365/4354/3610 3705/4799/3754
f 3715/4809/3988 3725/4820/3746 3639/4713/3954
f 3715/4809/3988 3636/4709/3955 3660/4744/3981
f 3636/4709/3955 3715/4809/3988 3639/4713/3954
f 3660/4744/3981 3299/4256/3977 3696/4789/3979
f 50/79/3879 46/72/3878 53/84/3264
f 3746/4858/3871 46/72/3878 10/16/3881
f 50/79/3879 10/16/3881 46/72/3878
f 3746/4858/3871 10/16/3881 3807/4939/3872
f 3807/4939/3872 3793/4924/3994 3826/4967/3875
f 26/44/3891 3793/4924/3994 10/16/3881
f 26/44/3891 3826/4967/3875 3793/4924/3994
f 3826/4967/3875 3829/4971/3874 3819/4956/3873
f 3884/5049/3876 3829/4971/3874 3914/5086/3995
f 3735/4836/3890 3833/4978/3996 26/44/3891
f 10/16/3881 3793/4924/3994 3807/4939/3872
f 100/150/3880 7/12/3885 10/16/3881
f 26/44/3891 10/16/3881 7/12/3885
f 26/44/3891 7/12/3885 49/76/3889
f 3833/4978/3996 3735/4836/3890 3830/4973/3894
f 3826/4967/3875 26/44/3891 3833/4978/3996
f 643/827/3997 741/954/3887 338/438/3884
f 643/827/3997 338/438/3884 444/569/3886
f 444/569/3886 338/438/3884 246/332/3883
f 444/569/3886 935/1204/3998 643/827/3997
f 444/569/3886 500/641/3256 662/851/3479
f 500/641/3256 444/569/3886 364/468/3255
f 4284/5546/3999 4333/5607/2978 4385/5669/2971
f 4311/5581/4000 4333/5607/2978 4284/5546/3999
f 4333/5607/2978 4311/5581/4000 4295/5560/2977
f 4295/5561/2977 4311/5581/4000 4271/5531/2984
f 4271/5531/2984 4269/5528/4001 4159/5395/2985
f 4271/5531/2984 4311/5581/4000 4284/5546/3999
f 4271/5531/2984 4284/5546/3999 4269/5528/4001
f 4269/5528/4001 4284/5546/3999 4261/5518/4002
f 4159/5395/2985 4269/5528/4001 4198/5444/4003
f 4198/5444/4003 4269/5528/4001 4261/5518/4002
f 4231/5484/4004 4159/5395/2985 4198/5444/4003
f 4090/5312/4005 4159/5395/2985 4231/5484/4004
f 4078/5292/2986 4159/5395/2985 4090/5312/4005
f 3854/5008/2998 4026/5224/2987 3906/5074/3793
f 336/436/4006 22/38/3806 118/173/4007
f 118/173/4007 24/41/4008 336/436/4006
f 29/49/4009 118/173/4007 33/54/4010
f 118/173/4007 22/38/3806 33/54/4010
f 24/41/4008 118/173/4007 29/49/4009
f 3748/4860/4011 13/20/4012 24/41/4008
f 13/20/4012 3748/4860/4011 70/108/4013
f 13/20/4012 80/122/4014 24/41/4008
f 80/122/4014 222/303/4015 24/41/4008
f 4026/5224/2987 3931/5107/4016 3906/5074/3793
f 3906/5074/3793 3931/5107/4016 3894/5060/4017
f 3785/4913/3805 3779/4904/3792 3906/5074/3793
f 3802/4934/4018 3906/5074/3793 3894/5060/4017
f 3906/5074/3793 3802/4934/4018 3785/4913/3805
f 3785/4913/3805 3802/4934/4018 3792/4923/4019
f 3785/4913/3805 3792/4923/4019 3780/4905/4020
f 3802/4934/4018 3894/5060/4017 3799/4930/4021
f 3799/4930/4021 3894/5060/4017 3890/5056/4022
f 3890/5056/4022 3894/5060/4017 3931/5107/4016
f 3799/4930/4021 3890/5056/4022 3892/5058/4023
f 3799/4930/4021 3892/5058/4023 3800/4931/4024
f 3909/5077/4025 3800/4931/4024 3892/5058/4023
f 3909/5077/4025 3892/5058/4023 3890/5056/4022
f 3909/5077/4025 3890/5056/4022 3992/5185/4026
f 3909/5077/4025 3992/5185/4026 4010/5206/4027
f 3992/5185/4026 4066/5279/4028 4069/5282/4029
f 4082/5297/4030 4069/5282/4029 4066/5279/4028
f 3992/5185/4026 4069/5282/4029 4067/5280/4031
f 3992/5185/4026 4067/5280/4031 4010/5206/4027
f 3909/5077/4025 4010/5206/4027 4012/5208/4032
f 3853/5005/4033 3909/5077/4025 3945/5124/4034
f 3945/5124/4034 3909/5077/4025 3988/5181/4035
f 3928/5103/4036 3945/5124/4034 3990/5183/4037
f 3909/5077/4025 3853/5005/4033 3800/4931/4024
f 3800/4931/4024 3764/4883/4038 3799/4930/4021
f 3748/4860/4011 3764/4883/4038 3800/4931/4024
f 33/54/4010 22/38/3806 3780/4905/4020
f 22/38/3806 3785/4913/3805 3780/4905/4020
f 3780/4905/4020 3764/4883/4038 33/54/4010
f 3764/4883/4038 3780/4905/4020 3802/4934/4018
f 3802/4934/4018 3780/4905/4020 3792/4923/4019
f 3764/4883/4038 3802/4934/4018 3799/4930/4021
f 24/41/4008 3764/4883/4038 3748/4860/4011
f 33/54/4010 3764/4883/4038 29/49/4009
f 29/49/4009 3764/4883/4038 24/41/4008
f 336/436/4006 139/202/3807 22/38/3806
f 978/1258/3809 139/202/3807 705/906/4039
f 978/1258/3809 705/906/4039 1230/1594/3276
f 222/303/4015 139/202/3807 336/436/4006
f 336/436/4006 24/41/4008 222/303/4015
f 4028/5226/4040 3890/5056/4022 3931/5107/4016
f 4028/5226/4040 3931/5107/4016 4026/5224/2987
f 3890/5056/4022 4028/5226/4040 3992/5185/4026
f 4078/5292/2986 4028/5226/4040 4026/5224/2987
f 4028/5226/4040 4078/5292/2986 4090/5312/4005
f 4049/5253/4041 4028/5226/4040 4090/5312/4005
f 4028/5226/4040 4049/5253/4041 3992/5185/4026
f 3992/5185/4026 4049/5253/4041 4066/5279/4028
f 4082/5297/4030 4066/5279/4028 4106/5330/4042
f 4082/5297/4030 4112/5338/4043 4069/5282/4029
f 4106/5330/4042 4066/5279/4028 4087/5309/4044
f 4106/5330/4042 4087/5309/4044 4101/5325/4045
f 4087/5309/4044 4066/5279/4028 4086/5308/4046
f 4086/5308/4046 4066/5279/4028 4049/5253/4041
f 4086/5308/4046 4049/5253/4041 4090/5312/4005
f 4086/5308/4046 4090/5312/4005 4124/5352/4047
f 4086/5308/4046 4124/5352/4047 4087/5309/4044
f 4087/5309/4044 4124/5352/4047 4101/5325/4045
f 4198/5444/4003 4090/5312/4005 4231/5484/4004
f 4090/5312/4005 4198/5444/4003 4124/5352/4047
f 4124/5352/4047 4198/5444/4003 4168/5408/4048
f 4168/5408/4048 4198/5444/4003 4203/5450/4049
f 4140/5370/4050 4124/5352/4047 4168/5408/4048
f 4124/5352/4047 4140/5370/4050 4118/5346/4051
f 4140/5370/4050 4168/5408/4048 4162/5399/4052
f 4140/5370/4050 4162/5399/4052 4166/5404/4053
f 4162/5399/4052 4168/5408/4048 4179/5421/4054
f 4162/5399/4052 4179/5421/4054 4166/5404/4053
f 4179/5421/4054 4168/5408/4048 4178/5420/4055
f 4178/5420/4055 4168/5408/4048 4203/5450/4049
f 4118/5346/4051 4140/5370/4050 4134/5364/4056
f 4134/5364/4056 4140/5370/4050 4166/5404/4053
f 4124/5352/4047 4118/5346/4051 4101/5325/4045
f 4101/5325/4045 4118/5346/4051 4134/5364/4056
f 4101/5325/4045 4134/5364/4056 4106/5330/4042
f 4134/5364/4056 4149/5382/4057 4106/5330/4042
f 4149/5382/4057 4134/5364/4056 4166/5404/4053
f 4106/5330/4042 4149/5382/4057 4177/5419/4058
f 4106/5330/4042 4177/5419/4058 4131/5360/4059
f 4082/5297/4030 4106/5330/4042 4131/5360/4059
f 4082/5297/4030 4131/5360/4059 4112/5338/4043
f 4069/5282/4029 4112/5338/4043 4067/5280/4031
f 4131/5360/4059 4145/5377/4060 4112/5338/4043
f 4145/5377/4060 4131/5360/4059 4177/5419/4058
f 4206/5453/4061 4177/5419/4058 4149/5382/4057
f 4225/5475/4062 4206/5453/4061 4149/5382/4057
f 4216/5465/4063 4225/5475/4062 4149/5382/4057
f 4216/5465/4063 4149/5382/4057 4166/5404/4053
f 4216/5465/4063 4166/5404/4053 4179/5421/4054
f 4179/5421/4054 4178/5420/4055 4203/5450/4049
f 4179/5421/4054 4203/5450/4049 4216/5465/4063
f 4216/5465/4063 4203/5450/4049 4198/5444/4003
f 4216/5465/4063 4198/5444/4003 4261/5518/4002
f 4216/5465/4063 4261/5518/4002 4225/5475/4062
f 4206/5453/4061 4225/5475/4062 4239/5492/4064
f 4385/5669/2971 4225/5475/4062 4261/5518/4002
f 4385/5669/2971 4261/5518/4002 4284/5546/3999
f 4239/5492/4064 4385/5669/2971 4419/5709/2973
f 4385/5669/2971 4239/5492/4064 4225/5475/4062
f 4239/5492/4064 4419/5709/2973 4345/5621/4065
f 4345/5621/4065 4419/5709/2973 4482/5791/2762
f 4366/5645/4066 4482/5791/2762 4431/5726/2764
f 4366/5645/4066 4345/5621/4065 4482/5791/2762
f 4257/5514/4067 4239/5492/4064 4345/5621/4065
f 4257/5514/4067 4345/5621/4065 4366/5645/4066
f 4239/5492/4064 4135/5365/4068 4145/5377/4060
f 4135/5365/4068 4239/5492/4064 4257/5514/4067
f 4135/5365/4068 4075/5288/4069 4145/5377/4060
f 4239/5492/4064 4145/5377/4060 4206/5453/4061
f 4177/5419/4058 4206/5453/4061 4145/5377/4060
f 4112/5338/4043 4145/5377/4060 4094/5317/4070
f 4112/5338/4043 4094/5317/4070 4067/5280/4031
f 4145/5377/4060 4075/5288/4069 4094/5317/4070
f 4075/5288/4069 3960/5144/4071 3990/5183/4037
f 4094/5317/4070 4075/5288/4069 4025/5222/4072
f 4094/5317/4070 4025/5222/4072 4067/5280/4031
f 4010/5206/4027 4067/5280/4031 4025/5222/4072
f 4012/5208/4032 4010/5206/4027 4025/5222/4072
f 4025/5222/4072 4075/5288/4069 3990/5183/4037
f 4012/5208/4032 3988/5181/4035 3909/5077/4025
f 4012/5208/4032 4025/5222/4072 3990/5183/4037
f 4012/5208/4032 3990/5183/4037 3988/5181/4035
f 3988/5181/4035 3990/5183/4037 3945/5124/4034
f 3928/5103/4036 3939/5116/4073 3945/5124/4034
f 3937/5114/4074 3945/5124/4034 3939/5116/4073
f 3853/5005/4033 3945/5124/4034 3937/5114/4074
f 3886/5052/4075 3853/5005/4033 3937/5114/4074
f 3853/5005/4033 3886/5052/4075 3896/5062/4076
f 3853/5005/4033 3796/4927/4077 3800/4931/4024
f 3748/4860/4011 3800/4931/4024 70/108/4013
f 3842/4993/4078 3853/5005/4033 3896/5062/4076
f 3796/4927/4077 3853/5005/4033 3842/4993/4078
f 3800/4931/4024 3796/4927/4077 70/108/4013
f 3796/4927/4077 3842/4993/4078 3825/4966/4079
f 3782/4909/4080 70/108/4013 3796/4927/4077
f 3796/4927/4077 3825/4966/4079 3798/4929/4081
f 3798/4929/4081 3825/4966/4079 3846/4997/4082
f 3846/4997/4082 3825/4966/4079 3842/4993/4078
f 3846/4997/4082 3842/4993/4078 3901/5068/4083
f 3901/5068/4083 3842/4993/4078 3896/5062/4076
f 3901/5068/4083 3896/5062/4076 3886/5052/4075
f 3901/5068/4083 3886/5052/4075 3928/5103/4036
f 3928/5103/4036 3865/5025/4084 3901/5068/4083
f 3846/4997/4082 3901/5068/4083 3865/5025/4084
f 3865/5025/4084 3960/5144/4071 3965/5149/4085
f 3865/5025/4084 3928/5103/4036 3960/5144/4071
f 3939/5116/4073 3886/5052/4075 3937/5114/4074
f 3886/5052/4075 3939/5116/4073 3928/5103/4036
f 3960/5144/4071 3928/5103/4036 3990/5183/4037
f 4366/5645/4066 4355/5632/4086 4257/5514/4067
f 4075/5288/4069 4135/5365/4068 4055/5261/4087
f 4075/5288/4069 4055/5261/4087 3960/5144/4071
f 3960/5144/4071 4055/5261/4087 3965/5149/4085
f 3898/5064/4088 3865/5025/4084 3965/5149/4085
f 3898/5064/4088 3965/5149/4085 4007/5202/4089
f 3898/5064/4088 3848/4999/4090 3865/5025/4084
f 3848/4999/4090 3898/5064/4088 3877/5040/4091
f 3848/4999/4090 3877/5040/4091 3870/5033/4092
f 3898/5064/4088 3902/5069/4093 3877/5040/4091
f 4064/5276/4094 3924/5099/4095 4007/5202/4089
f 3924/5099/4095 3898/5064/4088 4007/5202/4089
f 4064/5276/4094 4113/5339/4096 4040/5242/4097
f 4040/5242/4097 4113/5339/4096 4057/5264/4098
f 4040/5242/4097 3924/5099/4095 4064/5276/4094
f 3924/5099/4095 4040/5242/4097 4006/5201/4099
f 4006/5201/4099 4040/5242/4097 4001/5195/4100
f 4001/5195/4100 4040/5242/4097 4057/5264/4098
f 4001/5195/4100 4057/5264/4098 4039/5240/4101
f 3981/5172/4102 4001/5195/4100 4039/5240/4101
f 4006/5201/4099 4001/5195/4100 3924/5099/4095
f 3924/5099/4095 4001/5195/4100 3981/5172/4102
f 4027/5225/4103 3981/5172/4102 4039/5240/4101
f 3868/5030/4104 3924/5099/4095 3981/5172/4102
f 3868/5030/4104 3981/5172/4102 3936/5113/4105
f 3898/5064/4088 3924/5099/4095 3902/5069/4093
f 3902/5069/4093 3924/5099/4095 3905/5072/4106
f 3905/5072/4106 3924/5099/4095 3868/5030/4104
f 3902/5069/4093 3885/5051/4107 3877/5040/4091
f 3902/5069/4093 3891/5057/4108 3885/5051/4107
f 3891/5057/4108 3902/5069/4093 3905/5072/4106
f 3891/5057/4108 3905/5072/4106 3827/4969/4109
f 3885/5051/4107 3891/5057/4108 3827/4969/4109
f 3885/5051/4107 3827/4969/4109 3809/4941/4110
f 3773/4895/4111 3827/4969/4109 3868/5030/4104
f 3827/4969/4109 3905/5072/4106 3868/5030/4104
f 3773/4895/4111 3868/5030/4104 3818/4955/4112
f 3809/4941/4110 3827/4969/4109 3773/4895/4111
f 3773/4895/4111 3818/4955/4112 3749/4861/4113
f 3903/5070/4114 3818/4955/4112 3868/5030/4104
f 3903/5070/4114 3868/5030/4104 3920/5095/4115
f 3882/5047/4116 3903/5070/4114 3923/5098/4117
f 3930/5105/4118 3882/5047/4116 3923/5098/4117
f 3930/5105/4118 3923/5098/4117 3942/5119/4119
f 3923/5098/4117 3903/5070/4114 3921/5096/4120
f 3921/5096/4120 3903/5070/4114 3920/5095/4115
f 3920/5095/4115 3968/5155/4121 3921/5096/4120
f 3968/5155/4121 3923/5098/4117 3921/5096/4120
f 3923/5098/4117 3968/5155/4121 3942/5119/4119
f 4000/5193/4122 3936/5113/4105 4011/5207/4123
f 4000/5193/4122 4011/5207/4123 4029/5227/4124
f 4011/5207/4123 3936/5113/4105 3997/5190/4125
f 3997/5190/4125 3936/5113/4105 3981/5172/4102
f 3997/5190/4125 3981/5172/4102 4027/5225/4103
f 4011/5207/4123 3997/5190/4125 4027/5225/4103
f 4011/5207/4123 4027/5225/4103 4041/5243/4126
f 4011/5207/4123 4041/5243/4126 4029/5227/4124
f 4027/5225/4103 4039/5240/4101 4050/5254/4127
f 4050/5254/4127 4041/5243/4126 4027/5225/4103
f 4355/5632/4086 4366/5645/4066 4431/5726/2764
f 4257/5514/4067 4355/5632/4086 4255/5511/4128
f 4257/5514/4067 4255/5511/4128 4152/5385/4129
f 4257/5514/4067 4152/5385/4129 4135/5365/4068
f 4055/5261/4087 4135/5365/4068 4152/5385/4129
f 4355/5632/4086 4431/5726/2764 4422/5713/2765
f 4340/5616/2771 4355/5632/4086 4422/5713/2765
f 4152/5385/4129 4255/5511/4128 4172/5413/4130
f 4255/5511/4128 4263/5521/2774 4172/5413/4130
f 4055/5261/4087 4152/5385/4129 4081/5296/4131
f 4263/5521/2774 4255/5511/4128 4340/5616/2771
f 4255/5511/4128 4355/5632/4086 4340/5616/2771
f 4172/5413/4130 4081/5296/4131 4152/5385/4129
f 4055/5261/4087 4081/5296/4131 3965/5149/4085
f 4081/5296/4131 4172/5413/4130 4202/5448/4132
f 4172/5413/4130 4263/5521/2774 4202/5448/4132
f 3965/5149/4085 4081/5296/4131 4007/5202/4089
f 4064/5276/4094 4202/5448/4132 4113/5339/4096
f 4081/5296/4131 4202/5448/4132 4064/5276/4094
f 4081/5296/4131 4064/5276/4094 4007/5202/4089
f 70/108/4013 94/143/4133 13/20/4012
f 3736/4838/4134 70/108/4013 3782/4909/4080
f 3760/4878/4135 3736/4838/4134 3782/4909/4080
f 3798/4929/4081 3828/4970/4136 3782/4909/4080
f 3798/4929/4081 3848/4999/4090 3828/4970/4136
f 3828/4970/4136 3848/4999/4090 3870/5033/4092
f 3839/4989/4137 3828/4970/4136 3870/5033/4092
f 3839/4989/4137 3870/5033/4092 3844/4995/4138
f 3844/4995/4138 3870/5033/4092 3794/4925/4139
f 3839/4989/4137 3844/4995/4138 3794/4925/4139
f 3839/4989/4137 3831/4975/4140 3828/4970/4136
f 3797/4928/4141 3831/4975/4140 3839/4989/4137
f 3821/4959/4142 3831/4975/4140 3797/4928/4141
f 3831/4975/4140 3821/4959/4142 3828/4970/4136
f 3797/4928/4141 3839/4989/4137 3794/4925/4139
f 3821/4959/4142 3797/4928/4141 3795/4926/4143
f 3812/4946/4144 3821/4959/4142 3795/4926/4143
f 3821/4959/4142 3812/4946/4144 3828/4970/4136
f 3795/4926/4143 3797/4928/4141 3760/4878/4135
f 3812/4946/4144 3795/4926/4143 3828/4970/4136
f 3794/4925/4139 3870/5033/4092 3856/5012/4145
f 3809/4941/4110 3794/4925/4139 3856/5012/4145
f 3763/4882/4146 3794/4925/4139 3769/4891/4147
f 3794/4925/4139 3763/4882/4146 3797/4928/4141
f 3797/4928/4141 3763/4882/4146 3760/4878/4135
f 3795/4926/4143 3760/4878/4135 3828/4970/4136
f 3828/4970/4136 3760/4878/4135 3782/4909/4080
f 3760/4878/4135 32/52/4148 3736/4838/4134
f 32/52/4148 3760/4878/4135 3763/4882/4146
f 14/22/4149 32/52/4148 3763/4882/4146
f 14/22/4149 3763/4882/4146 3769/4891/4147
f 3769/4891/4147 3809/4941/4110 3773/4895/4111
f 3769/4891/4147 3773/4895/4111 3745/4857/4150
f 14/22/4149 3769/4891/4147 39/62/4151
f 86/131/4152 116/171/4153 174/247/4154
f 116/171/4153 86/131/4152 14/22/4149
f 14/22/4149 86/131/4152 32/52/4148
f 39/62/4151 116/171/4153 14/22/4149
f 3798/4929/4081 3782/4909/4080 3796/4927/4077
f 3798/4929/4081 3846/4997/4082 3848/4999/4090
f 3848/4999/4090 3846/4997/4082 3865/5025/4084
f 139/202/3807 222/303/4015 705/906/4039
f 1089/1407/3274 1230/1594/3276 705/906/4039
f 873/1123/4155 1010/1312/3741 1106/1434/3849
f 1106/1434/3849 1252/1619/3850 1156/1501/4156
f 873/1123/4155 1106/1434/3849 1156/1501/4156
s 0
f 1010/1312/4157 873/1123/4157 886/1139/4157
s 1
f 1355/1752/4158 1156/1501/4156 1429/1855/3860
f 1429/1855/3860 1156/1501/4156 1252/1619/3850
f 1429/1855/3860 1838/2368/3861 1923/2476/4159
f 1355/1752/4158 1429/1855/3860 1923/2476/4159
f 1923/2476/4159 2093/2698/4160 1875/2416/4161
f 1875/2416/4161 1388/1800/4162 1923/2476/4159
f 1875/2416/4161 1518/1962/4163 1388/1800/4162
f 2098/2705/3763 1977/2544/3765 1875/2416/4161
f 1977/2544/3765 1518/1962/4163 1875/2416/4161
f 1977/2544/3765 1752/2262/3585 1518/1962/4163
f 1752/2262/3585 1834/2360/3582 1440/1867/4164
f 1752/2262/3585 1440/1867/4164 1422/1845/4165
f 1642/2127/4166 1752/2262/3585 1422/1845/4165
f 1752/2262/3585 1642/2127/4166 1518/1962/4163
f 1518/1962/4163 1417/1840/4167 1388/1800/4162
f 1923/2476/4159 1388/1800/4162 1355/1752/4158
f 1355/1752/4158 1055/1367/4168 874/1124/4169
f 1355/1752/4158 874/1124/4169 1156/1501/4156
f 1156/1501/4156 874/1124/4169 873/1123/4155
f 687/885/3681 886/1139/3770 873/1123/4155
f 874/1124/4169 798/1023/4170 873/1123/4155
f 687/885/3681 873/1123/4155 798/1023/4170
f 687/885/3681 798/1023/4170 666/859/4171
f 835/1071/4172 874/1124/4169 1055/1367/4168
f 1355/1752/4158 1348/1743/4173 1055/1367/4168
f 1337/1730/4174 1055/1367/4168 1348/1743/4173
f 1388/1800/4162 1055/1367/4168 1337/1730/4174
f 1055/1367/4168 1388/1800/4162 1417/1840/4167
f 1355/1752/4158 1388/1800/4162 1348/1743/4173
f 1348/1743/4173 1388/1800/4162 1347/1742/4175
f 1348/1743/4173 1347/1742/4175 1346/1741/4176
f 1347/1742/4175 1388/1800/4162 1344/1739/4177
f 1347/1742/4175 1344/1739/4177 1346/1741/4176
f 1344/1739/4177 1388/1800/4162 1337/1730/4174
f 1348/1743/4173 1346/1741/4176 1345/1740/4178
f 1345/1740/4178 1346/1741/4176 1344/1739/4177
f 1348/1743/4173 1345/1740/4178 1337/1730/4174
f 1337/1730/4174 1345/1740/4178 1344/1739/4177
f 2093/2698/4160 2224/2865/3150 2276/2935/3759
f 2276/2935/3759 2098/2705/3763 2093/2698/4160
f 2098/2705/3763 1875/2416/4161 2093/2698/4160
f 1923/2476/4159 1838/2368/3861 2093/2698/4160
f 1838/2368/3861 2224/2865/3150 2093/2698/4160
f 874/1124/4169 835/1071/4172 798/1023/4170
f 666/859/4171 798/1023/4170 835/1071/4172
f 618/795/3639 687/885/3681 666/859/4171
f 589/754/4179 572/733/3640 618/795/3639
f 589/754/4179 618/795/3639 666/859/4171
f 572/733/3640 589/754/4179 144/211/3570
f 144/211/3570 137/199/4180 103/155/3568
f 257/345/3571 128/187/3569 169/241/4181
f 315/412/3986 257/345/3571 169/241/4181
f 197/275/4182 322/420/3985 315/412/3986
f 197/275/4182 315/412/3986 169/241/4181
f 197/275/4182 169/241/4181 137/199/4180
f 169/241/4181 128/187/3569 103/155/3568
f 169/241/4181 103/155/3568 137/199/4180
f 213/291/4183 137/199/4180 144/211/3570
f 137/199/4180 213/291/4183 362/464/4184
f 137/199/4180 362/464/4184 265/354/4185
f 265/354/4185 434/557/4186 278/368/4187
f 137/199/4180 265/354/4185 278/368/4187
f 490/629/3983 430/552/3984 278/368/4187
f 278/368/4187 430/552/3984 322/420/3985
f 197/275/4182 278/368/4187 322/420/3985
f 137/199/4180 278/368/4187 197/275/4182
f 1054/1366/4188 1055/1367/4168 1417/1840/4167
f 1417/1840/4167 1247/1613/4189 1054/1366/4188
f 1055/1367/4168 1054/1366/4188 835/1071/4172
f 666/859/4171 835/1071/4172 693/892/4190
f 693/892/4190 835/1071/4172 1054/1366/4188
f 882/1133/4191 693/892/4190 1054/1366/4188
f 1136/1473/4192 1054/1366/4188 1247/1613/4189
f 1013/1315/4193 1054/1366/4188 1136/1473/4192
f 1184/1535/4194 1136/1473/4192 1247/1613/4189
f 1440/1867/4164 1184/1535/4194 1247/1613/4189
f 1184/1535/4194 1440/1867/4164 1656/2144/4195
f 1656/2144/4195 1440/1867/4164 1754/2264/4196
f 1754/2264/4196 1834/2360/3582 2030/2615/3583
f 1834/2360/3582 1754/2264/4196 1440/1867/4164
f 1422/1845/4165 1440/1867/4164 1247/1613/4189
f 1642/2127/4166 1422/1845/4165 1247/1613/4189
f 144/211/3570 589/754/4179 213/291/4183
f 362/464/4184 213/291/4183 589/754/4179
f 693/892/4190 362/464/4184 589/754/4179
f 362/464/4184 693/892/4190 882/1133/4191
f 882/1133/4191 1054/1366/4188 1013/1315/4193
f 882/1133/4191 1013/1315/4193 786/1009/4197
f 786/1009/4197 1013/1315/4193 1184/1535/4194
f 1184/1535/4194 1013/1315/4193 1136/1473/4192
f 1184/1535/4194 1656/2144/4195 1453/1883/4198
f 2197/2831/3587 1809/2327/4199 2030/2615/3583
f 1809/2327/4199 1531/1981/4200 1656/2144/4195
f 1656/2144/4195 1531/1981/4200 1453/1883/4198
f 1184/1535/4194 1453/1883/4198 1070/1384/4201
f 647/832/4202 362/464/4184 786/1009/4197
f 362/464/4184 647/832/4202 265/354/4185
f 786/1009/4197 362/464/4184 882/1133/4191
f 666/859/4171 693/892/4190 589/754/4179
f 2276/2935/3759 2224/2865/3150 2332/3009/3151
f 2224/2865/3150 1838/2368/3861 2367/3056/3149
f 2076/2677/3859 1838/2368/3861 1429/1855/3860
f 1414/1837/3854 1429/1855/3860 1252/1619/3850
f 1417/1840/4167 1518/1962/4163 1247/1613/4189
f 1247/1613/4189 1518/1962/4163 1642/2127/4166
f 490/629/3983 278/368/4187 434/557/4186
f 737/950/3956 490/629/3983 434/557/4186
f 780/1001/4203 737/950/3956 434/557/4186
f 898/1156/3957 737/950/3956 780/1001/4203
f 1270/1649/3962 1160/1508/3958 1343/1738/4204
f 1270/1649/3962 1343/1738/4204 1449/1879/3963
f 1449/1879/3963 1343/1738/4204 1645/2132/3589
f 1343/1738/4204 1160/1508/3958 780/1001/4203
f 1531/1981/4200 1809/2327/4199 1343/1738/4204
f 1531/1981/4200 1343/1738/4204 780/1001/4203
f 1531/1981/4200 780/1001/4203 1334/1727/4205
f 1343/1738/4204 1809/2327/4199 1645/2132/3589
f 1645/2132/3589 1569/2035/3590 1449/1879/3963
f 1334/1727/4205 1453/1883/4198 1531/1981/4200
f 898/1156/3957 780/1001/4203 1160/1508/3958
f 780/1001/4203 647/832/4202 1070/1384/4201
f 1070/1384/4201 786/1009/4197 1184/1535/4194
f 786/1009/4197 1070/1384/4201 647/832/4202
f 1334/1727/4205 1070/1384/4201 1453/1883/4198
f 434/557/4186 265/354/4185 647/832/4202
f 434/557/4186 647/832/4202 780/1001/4203
f 1645/2132/3589 1809/2327/4199 2197/2831/3587
f 2030/2615/3583 1809/2327/4199 1754/2264/4196
f 1754/2264/4196 1809/2327/4199 1656/2144/4195
f 1334/1727/4205 780/1001/4203 1070/1384/4201
f 4753/6148/2855 4732/6115/2848 4742/6127/2857
f 4746/6134/2858 4731/6112/2859 4730/6110/4206
f 4744/6131/2860 4746/6134/2858 4730/6110/4206
f 4728/6108/4207 4731/6112/2859 4742/6127/2857
f 4728/6108/4207 4742/6127/2857 4737/6121/4208
f 4731/6112/2859 4728/6108/4207 4722/6101/4209
f 4731/6112/2859 4722/6101/4209 4730/6110/4206
f 4706/6083/4210 4730/6110/4206 4722/6101/4209
f 4711/6088/4211 4744/6131/2860 4730/6110/4206
f 4744/6131/2860 4711/6088/4211 4714/6092/2819
f 4737/6121/4208 4743/6129/3835 4728/6108/4207
f 4743/6129/3835 4724/6104/3836 4728/6108/4207
f 4743/6129/3835 4737/6121/4208 4742/6127/2857
f 4743/6129/3835 4742/6127/2857 4732/6115/2848
f 4724/6104/3836 4722/6101/4209 4728/6108/4207
f 4722/6101/4209 4724/6104/3836 4716/6094/4212
f 4706/6083/4210 4722/6101/4209 4716/6094/4212
f 4702/6077/4213 4716/6094/4212 4724/6104/3836
f 4716/6094/4212 4702/6077/4213 4706/6083/4210
f 4702/6077/4213 4724/6104/3836 4705/6082/3834
f 4702/6077/4213 4705/6082/3834 4682/6049/4214
f 4702/6077/4213 4683/6050/4215 4706/6083/4210
f 4730/6110/4206 4706/6083/4210 4711/6088/4211
f 4694/6066/3004 4750/6140/3003 4714/6092/2819
f 4714/6092/2819 4711/6088/4211 4693/6064/4216
f 4686/6054/4217 4693/6064/4216 4711/6088/4211
f 4686/6054/4217 4711/6088/4211 4706/6083/4210
f 4683/6050/4215 4686/6054/4217 4706/6083/4210
f 4683/6050/4215 4702/6077/4213 4681/6048/4218
f 4702/6077/4213 4682/6049/4214 4681/6048/4218
f 4682/6049/4214 4705/6082/3834 4677/6043/3837
f 4686/6054/4217 4683/6050/4215 4656/6012/4219
f 4684/6051/4220 4693/6064/4216 4686/6054/4217
f 4684/6051/4220 4686/6054/4217 4656/6012/4219
f 4656/6012/4219 4683/6050/4215 4665/6023/4221
f 4665/6023/4221 4683/6050/4215 4681/6048/4218
f 4665/6023/4221 4681/6048/4218 4682/6049/4214
f 4665/6023/4221 4682/6049/4214 4677/6043/3837
f 4665/6023/4221 4642/5991/4222 4656/6012/4219
f 4684/6051/4220 4656/6012/4219 4619/5958/4223
f 4693/6064/4216 4694/6066/3004 4714/6092/2819
f 4571/5898/4224 4693/6064/4216 4684/6051/4220
f 4571/5898/4224 4684/6051/4220 4619/5958/4223
f 4571/5898/4224 4694/6066/3004 4693/6064/4216
f 4694/6066/3004 4571/5898/4224 4668/6028/2793
f 4623/5963/2777 4668/6029/2793 4571/5898/4224
f 4623/5963/2777 4571/5898/4224 4497/5809/2778
f 4474/5779/2776 4497/5809/2778 4382/5664/2775
f 4517/5832/4225 4452/5751/4226 4497/5809/2778
f 4497/5809/2778 4452/5751/4226 4382/5664/2775
f 4382/5664/2775 4452/5751/4226 4408/5693/4227
f 4382/5664/2775 4408/5693/4227 4283/5545/4228
f 4382/5664/2775 4283/5545/4228 4297/5563/4229
f 4297/5563/4229 4283/5545/4228 4113/5340/4096
f 4202/5449/4132 4297/5563/4229 4113/5340/4096
f 4202/5449/4132 4263/5522/2774 4297/5563/4229
f 4263/5522/2774 4382/5664/2775 4297/5563/4229
f 4445/5743/2773 4382/5664/2775 4263/5522/2774
f 3702/4795/3980 3399/4400/3976 3697/4790/3978
f 3166/4080/2937 3216/4146/2935 2828/3650/4230
f 2828/3650/4230 3216/4146/2935 3011/3888/4231
f 2829/3651/4232 2828/3650/4230 3011/3888/4231
f 3166/4080/2937 2828/3650/4230 2607/3363/4233
f 2828/3650/4230 2829/3651/4232 2654/3421/4234
f 2654/3421/4234 2829/3651/4232 2924/3775/4235
f 2797/3614/4236 2654/3421/4234 2924/3775/4235
f 2828/3650/4230 2654/3421/4234 2607/3363/4233
f 2713/3502/3735 3166/4080/2937 2607/3363/4233
f 2713/3502/3735 2607/3363/4233 2566/3312/4237
f 3050/3937/3464 2713/3502/3735 2566/3312/4237
f 2566/3312/4237 2021/2604/3475 3050/3937/3464
f 2494/3221/4238 2566/3312/4237 2607/3363/4233
f 2236/2883/4239 2494/3221/4238 2272/2928/4240
f 2494/3221/4238 2607/3363/4233 2539/3273/4241
f 2494/3221/4238 2539/3273/4241 2272/2928/4240
f 2571/3318/4242 2539/3273/4241 2607/3363/4233
f 2571/3318/4242 2607/3363/4233 2654/3421/4234
f 2494/3221/4238 2236/2883/4239 2106/2714/4243
f 2021/2604/3475 2494/3221/4238 2106/2714/4243
f 2021/2604/3475 2566/3312/4237 2494/3221/4238
f 1559/2019/4244 2106/2714/4243 2236/2883/4239
f 851/1092/3477 1118/1450/4245 935/1205/3998
f 1559/2019/4244 1118/1450/4245 1530/1980/3476
f 1118/1450/4245 851/1092/3477 1530/1980/3476
f 1559/2019/4244 1530/1980/3476 2021/2604/3475
f 2021/2604/3475 2106/2714/4243 1559/2019/4244
f 2236/2883/4239 2272/2928/4240 1618/2096/4246
f 2236/2883/4239 1618/2096/4246 1559/2019/4244
f 1559/2019/4244 1618/2096/4246 1076/1391/4247
f 1620/2099/4248 1618/2096/4246 2156/2779/4249
f 1620/2099/4248 2156/2779/4249 1914/2465/4250
f 1618/2096/4246 2272/2928/4240 2156/2779/4249
f 2156/2779/4249 2272/2928/4240 2525/3258/4251
f 2539/3273/4241 2571/3318/4242 2525/3258/4251
f 2571/3318/4242 2654/3421/4234 2525/3258/4251
f 2525/3258/4251 2272/2928/4240 2539/3273/4241
f 2156/2779/4249 2525/3258/4251 2803/3621/4252
f 2525/3258/4251 2654/3421/4234 2797/3614/4236
f 2797/3614/4236 2803/3621/4252 2525/3258/4251
f 2924/3775/4235 3070/3962/4253 3093/3991/4254
f 2797/3614/4236 3093/3991/4254 2803/3621/4252
f 3093/3991/4254 2797/3614/4236 2924/3775/4235
f 3093/3991/4254 2843/3670/4255 2803/3621/4252
f 2156/2779/4249 2803/3621/4252 2481/3207/4256
f 1914/2465/4250 2481/3207/4256 1861/2398/4257
f 1914/2465/4250 2156/2779/4249 2481/3207/4256
f 2843/3670/4255 3037/3919/4258 2492/3219/4259
f 2843/3670/4255 2492/3219/4259 2803/3621/4252
f 1118/1450/4245 1559/2019/4244 1076/1391/4247
f 943/1214/4260 1076/1391/4247 1618/2096/4246
f 943/1214/4260 1618/2096/4246 1620/2099/4248
f 943/1214/4260 1620/2099/4248 1341/1735/4261
f 1341/1735/4261 1620/2099/4248 1914/2465/4250
f 1341/1735/4261 1914/2465/4250 1861/2398/4257
f 1584/2053/4262 1341/1735/4261 1861/2398/4257
f 1105/1431/4263 1341/1735/4261 1584/2053/4262
f 1861/2398/4257 1774/2287/4264 1584/2053/4262
f 1105/1431/4263 1584/2053/4262 1295/1679/4265
f 1295/1679/4265 1584/2053/4262 1407/1826/4266
f 1407/1826/4266 1584/2053/4262 1516/1960/4267
f 1774/2287/4264 1516/1960/4267 1584/2053/4262
f 1861/2398/4257 2176/2804/4268 1774/2287/4264
f 1774/2287/4264 2176/2804/4268 1821/2342/4269
f 1821/2342/4269 1943/2500/4270 1872/2413/4271
f 1516/1960/4267 1774/2287/4264 1532/1982/4272
f 1774/2287/4264 1739/2244/4273 1532/1982/4272
f 1517/1961/4274 1532/1982/4272 1739/2244/4273
f 1739/2244/4273 1681/2174/4275 1517/1961/4274
f 1739/2244/4273 1774/2287/4264 1821/2342/4269
f 1739/2244/4273 1821/2342/4269 1872/2413/4271
f 1849/2382/4276 1739/2244/4273 1872/2413/4271
f 1739/2244/4273 1849/2382/4276 1788/2302/4277
f 1788/2302/4277 1849/2382/4276 1848/2381/4278
f 1788/2302/4277 1848/2381/4278 1881/2424/4279
f 1739/2244/4273 1788/2302/4277 1681/2174/4275
f 1763/2275/4280 1788/2302/4277 1881/2424/4279
f 1681/2174/4275 1788/2302/4277 1763/2275/4280
f 1681/2174/4275 1579/2046/4281 1517/1961/4274
f 1615/2092/4282 1579/2046/4281 1681/2174/4275
f 1615/2092/4282 1681/2174/4275 1763/2275/4280
f 1615/2092/4282 1763/2275/4280 1616/2093/4283
f 1616/2093/4283 1763/2275/4280 1674/2165/4284
f 1615/2092/4282 1616/2093/4283 1579/2046/4281
f 1674/2165/4284 1763/2275/4280 1881/2424/4279
f 1579/2046/4281 1540/1992/4285 1517/1961/4274
f 1674/2165/4284 1881/2424/4279 1893/2439/4286
f 1517/1961/4274 1540/1992/4285 1380/1788/4287
f 1447/1876/4288 1517/1961/4274 1380/1788/4287
f 1517/1961/4274 1447/1876/4288 1532/1982/4272
f 1532/1982/4272 1447/1876/4288 1516/1960/4267
f 1447/1876/4288 1380/1788/4287 1325/1716/4289
f 1516/1960/4267 1447/1876/4288 1407/1826/4266
f 1325/1716/4289 1398/1812/4290 1447/1876/4288
f 1407/1826/4266 1447/1876/4288 1398/1812/4290
f 1398/1812/4290 1325/1716/4289 1326/1718/4291
f 1398/1812/4290 1326/1718/4291 1376/1784/4292
f 1398/1812/4290 1376/1784/4292 1407/1826/4266
f 1407/1826/4266 1376/1784/4292 1295/1679/4265
f 1295/1679/4265 1376/1784/4292 1326/1718/4291
f 1299/1684/4293 1326/1718/4291 1266/1639/4294
f 1326/1718/4291 1299/1684/4293 1295/1679/4265
f 1295/1679/4265 1299/1684/4293 1105/1431/4263
f 1105/1431/4263 1154/1498/4295 1104/1429/4296
f 1105/1431/4263 1104/1429/4296 964/1241/4297
f 1105/1431/4263 964/1241/4297 865/1114/4298
f 1341/1735/4261 1105/1431/4263 938/1208/4299
f 938/1208/4299 943/1214/4260 1341/1735/4261
f 396/505/4300 182/258/4301 49/77/3889
f 182/258/4301 396/505/4300 245/330/4302
f 559/713/4303 571/730/4304 703/903/4305
f 559/713/4303 703/903/4305 615/785/4306
f 703/903/4305 571/730/4304 396/505/4300
f 571/730/4304 245/330/4302 396/505/4300
f 396/505/4300 49/77/3889 150/220/3888
f 3216/4146/2935 2754/3557/4307 3011/3888/4231
f 2916/3765/4308 2915/3764/4309 2831/3653/4310
f 2916/3765/4308 2831/3653/4310 2922/3772/4311
f 2831/3653/4310 2781/3593/4312 2922/3772/4311
f 2915/3764/4309 3011/3888/4231 2831/3653/4310
f 3011/3888/4231 2754/3557/4307 2831/3653/4310
f 3229/4163/2936 2754/3557/4307 3216/4146/2935
f 2712/3500/3176 2709/3493/3287 2754/3557/4307
f 2774/3584/3291 2709/3493/3287 2590/3343/3284
f 2709/3493/3287 2774/3584/3291 2754/3557/4307
f 2710/3495/3288 2446/3159/3290 2586/3338/4313
f 2492/3219/4259 2586/3338/4313 2421/3119/4314
f 2421/3119/4314 2586/3338/4313 2446/3159/3290
f 2421/3119/4314 2446/3159/3290 2040/2628/3299
f 2040/2628/3299 1949/2507/3298 1880/2422/4315
f 2040/2628/3299 1880/2422/4315 1929/2484/4316
f 1929/2484/4316 1880/2422/4315 1862/2399/4317
f 2492/3219/4259 2481/3207/4256 2803/3621/4252
f 2176/2804/4268 2481/3207/4256 2492/3219/4259
f 1861/2398/4257 2481/3207/4256 2176/2804/4268
f 2492/3219/4259 2421/3119/4314 2379/3069/4318
f 2379/3069/4318 1946/2503/4319 1943/2500/4270
f 2379/3069/4318 1943/2500/4270 1821/2342/4269
f 2492/3219/4259 2379/3069/4318 2176/2804/4268
f 2176/2804/4268 2379/3069/4318 1821/2342/4269
f 2944/3801/4320 2829/3651/4232 3011/3888/4231
f 2829/3651/4232 2944/3801/4320 2924/3775/4235
f 2924/3775/4235 2944/3801/4320 3070/3962/4253
f 2843/3670/4255 3093/3991/4254 3070/3962/4253
f 3130/4032/4321 2843/3670/4255 3070/3962/4253
f 2492/3219/4259 3037/3919/4258 2586/3338/4313
f 2586/3338/4313 3037/3919/4258 2710/3495/3288
f 2710/3495/3288 3029/3910/4322 2774/3584/3291
f 3029/3910/4322 2710/3495/3288 3037/3919/4258
f 3029/3910/4322 2922/3772/4311 2774/3584/3291
f 2774/3584/3291 2922/3772/4311 2781/3593/4312
f 2774/3584/3291 2781/3593/4312 2754/3557/4307
f 2781/3593/4312 2831/3653/4310 2754/3557/4307
f 2944/3801/4320 3108/4009/4323 3070/3962/4253
f 3108/4009/4323 2944/3801/4320 3006/3883/4324
f 2915/3764/4309 3108/4009/4323 3006/3883/4324
f 3070/3962/4253 3108/4009/4323 2916/3765/4308
f 2916/3765/4308 3108/4009/4323 2915/3764/4309
f 3070/3962/4253 2916/3765/4308 2922/3772/4311
f 3130/4032/4321 3070/3962/4253 3029/3910/4322
f 3029/3910/4322 3070/3962/4253 2922/3772/4311
f 3029/3910/4322 3037/3919/4258 3130/4032/4321
f 3130/4032/4321 3037/3919/4258 2843/3670/4255
f 3006/3883/4324 2944/3801/4320 3011/3888/4231
f 2915/3764/4309 3006/3883/4324 3011/3888/4231
f 2712/3500/3176 2754/3557/4307 3229/4163/2936
f 2421/3119/4314 2040/2628/3299 1929/2484/4316
f 2421/3119/4314 1929/2484/4316 1946/2503/4319
f 2379/3069/4318 2421/3119/4314 1946/2503/4319
f 1929/2484/4316 1862/2399/4317 1922/2475/4325
f 1862/2399/4317 1893/2439/4286 1922/2475/4325
f 1898/2447/4326 1893/2439/4286 1881/2424/4279
f 1898/2447/4326 1881/2424/4279 1848/2381/4278
f 1898/2447/4326 1848/2381/4278 1849/2382/4276
f 1898/2447/4326 1849/2382/4276 1872/2413/4271
f 1898/2447/4326 1872/2413/4271 1946/2503/4319
f 1872/2413/4271 1943/2500/4270 1946/2503/4319
f 1898/2447/4326 1922/2475/4325 1893/2439/4286
f 1929/2484/4316 1922/2475/4325 1898/2447/4326
f 1946/2503/4319 1929/2484/4316 1898/2447/4326
f 938/1208/4299 1105/1431/4263 748/964/4327
f 748/964/4327 1105/1431/4263 865/1114/4298
f 865/1114/4298 703/903/4305 396/505/4300
f 748/964/4327 865/1114/4298 396/505/4300
f 938/1208/4299 748/964/4327 943/1214/4260
f 943/1214/4260 748/964/4327 741/955/3887
f 741/955/3887 748/964/4327 150/220/3888
f 150/220/3888 748/964/4327 396/505/4300
f 1076/1391/4247 943/1214/4260 741/955/3887
f 1076/1391/4247 741/955/3887 643/828/3997
f 643/828/3997 935/1205/3998 1076/1391/4247
f 1118/1450/4245 1076/1391/4247 935/1205/3998
f 935/1205/3998 444/570/3886 851/1092/3477
f 851/1092/3477 444/570/3886 662/852/3479
f 3985/5178/3877 3943/5121/4328 4062/5273/3900
f 4062/5273/3900 3943/5121/4328 4009/5205/3899
f 3943/5121/4328 3985/5178/3877 3884/5050/3876
f 3943/5121/4328 3884/5050/3876 3925/5100/4329
f 3925/5100/4329 3884/5050/3876 3914/5087/3995
f 3914/5087/3995 3829/4972/3874 3826/4968/3875
f 3914/5087/3995 3949/5128/4330 3925/5100/4329
f 3925/5100/4329 3949/5128/4330 3941/5118/4331
f 3941/5118/4331 3949/5128/4330 3963/5147/4332
f 3925/5100/4329 3941/5118/4331 3943/5121/4328
f 3943/5121/4328 3941/5118/4331 3963/5147/4332
f 3979/5170/4333 3963/5147/4332 3949/5128/4330
f 3943/5121/4328 3963/5147/4332 3979/5170/4333
f 3979/5170/4333 3949/5128/4330 3914/5087/3995
f 3943/5121/4328 3979/5170/4333 4009/5205/3899
f 3979/5170/4333 3914/5087/3995 3999/5192/4334
f 4009/5205/3899 3979/5170/4333 3999/5192/4334
f 3999/5192/4334 3914/5087/3995 3826/4968/3875
f 3999/5192/4334 3826/4968/3875 3995/5188/4335
f 3826/4968/3875 3833/4979/3996 3995/5188/4335
f 3833/4979/3996 3860/5017/4336 3986/5179/4337
f 3860/5017/4336 3991/5184/4338 3986/5179/4337
f 3991/5184/4338 3860/5017/4336 3967/5151/4339
f 4056/5263/3898 4009/5205/3899 4030/5229/4340
f 4000/5194/4122 4056/5263/3898 4030/5229/4340
f 4056/5263/3898 4000/5194/4122 4092/5315/3897
f 4092/5315/3897 4000/5194/4122 4116/5344/4341
f 4146/5378/4342 4092/5315/3897 4116/5344/4341
f 4228/5481/3205 4092/5315/3897 4146/5378/4342
f 4372/5652/3203 4228/5481/3205 4146/5378/4342
f 4146/5378/4342 4328/5601/4343 4372/5652/3203
f 4410/5698/3202 4461/5763/4344 4478/5784/3199
f 4461/5763/4344 4520/5835/4345 4551/5875/4346
f 4520/5835/4345 4461/5763/4344 4440/5737/4347
f 4461/5763/4344 4414/5703/4348 4440/5737/4347
f 4414/5703/4348 4461/5763/4344 4424/5716/4349
f 4296/5562/4350 4414/5703/4348 4424/5716/4349
f 4328/5601/4343 4296/5562/4350 4424/5716/4349
f 4137/5367/4351 4296/5562/4350 4328/5601/4343
f 4328/5601/4343 4424/5716/4349 4410/5699/3202
f 4424/5716/4349 4461/5763/4344 4410/5699/3202
f 3999/5192/4334 4030/5229/4340 4009/5205/3899
f 4030/5229/4340 3999/5192/4334 4017/5213/4352
f 4030/5229/4340 4017/5213/4352 4014/5210/4353
f 3986/5179/4337 4014/5210/4353 4017/5213/4352
f 3991/5184/4338 4014/5210/4353 3986/5179/4337
f 3995/5188/4335 3986/5179/4337 4017/5213/4352
f 3833/4979/3996 3986/5179/4337 3995/5188/4335
f 3995/5188/4335 4017/5213/4352 3999/5192/4334
f 3899/5065/4354 3882/5046/4116 3930/5106/4118
f 3930/5106/4118 3942/5120/4119 3968/5153/4121
f 3930/5106/4118 3968/5154/4121 3899/5065/4354
f 3899/5065/4354 3968/5154/4121 3967/5151/4339
f 3968/5154/4121 3936/5112/4105 4000/5194/4122
f 4029/5228/4124 4077/5290/4355 4093/5316/4356
f 4029/5228/4124 4116/5344/4341 4000/5194/4122
f 4000/5194/4122 3967/5151/4339 3968/5154/4121
f 3967/5151/4339 4000/5194/4122 4030/5229/4340
f 4116/5344/4341 4029/5228/4124 4137/5367/4351
f 4137/5367/4351 4029/5228/4124 4093/5316/4356
f 4137/5367/4351 4328/5601/4343 4146/5378/4342
f 4146/5378/4342 4116/5344/4341 4137/5367/4351
f 3967/5151/4339 4030/5229/4340 4014/5210/4353
f 4410/5699/3202 4372/5652/3203 4328/5601/4343
f 3967/5151/4339 4014/5210/4353 3991/5184/4338
f 4296/5562/4350 4137/5367/4351 4093/5316/4356
f 4440/5737/4347 4414/5703/4348 4441/5738/4357
f 4440/5737/4347 4441/5738/4357 4511/5824/4358
f 4440/5737/4347 4511/5824/4358 4520/5835/4345
f 4566/5891/4359 4520/5835/4345 4511/5824/4358
f 4551/5875/4346 4520/5835/4345 4662/6019/3832
f 4662/6019/3832 4628/5969/3831 4551/5875/4346
f 4551/5875/4346 4628/5969/3831 4544/5868/3198
f 4551/5875/4346 4544/5868/3198 4461/5763/4344
f 4461/5763/4344 4544/5868/3198 4478/5785/3199
f 4296/5562/4350 4320/5592/4360 4414/5703/4348
f 4320/5592/4360 4393/5677/4361 4414/5703/4348
f 4393/5677/4361 4441/5738/4357 4414/5703/4348
f 4662/6019/3832 4520/5835/4345 4566/5891/4359
f 4659/6015/4362 4678/6045/3833 4566/5891/4359
f 4575/5902/4363 4566/5891/4359 4511/5824/4358
f 4511/5824/4358 4533/5853/4364 4575/5902/4363
f 4533/5853/4364 4541/5863/4365 4546/5870/4366
f 4533/5853/4364 4511/5824/4358 4518/5833/4367
f 4533/5853/4364 4518/5833/4367 4541/5863/4365
f 4518/5833/4367 4511/5824/4358 4491/5801/4368
f 4511/5824/4358 4441/5738/4357 4491/5801/4368
f 4518/5833/4367 4519/5834/4369 4541/5863/4365
f 4519/5834/4369 4518/5833/4367 4489/5799/4370
f 4519/5834/4369 4489/5799/4370 4480/5787/4371
f 4517/5832/4225 4480/5787/4371 4452/5751/4226
f 4519/5834/4369 4480/5787/4371 4559/5883/4372
f 4541/5863/4365 4519/5834/4369 4546/5870/4366
f 4533/5853/4364 4546/5870/4366 4575/5902/4363
f 4546/5870/4366 4519/5834/4369 4565/5890/4373
f 4565/5890/4373 4519/5834/4369 4559/5883/4372
f 4546/5870/4366 4565/5890/4373 4576/5903/4374
f 4517/5832/4225 4559/5883/4372 4480/5787/4371
f 4517/5832/4225 4497/5809/2778 4571/5898/4224
f 4517/5832/4225 4571/5898/4224 4609/5945/4375
f 4517/5832/4225 4609/5945/4375 4559/5883/4372
f 4591/5922/4376 4559/5883/4372 4609/5945/4375
f 4565/5890/4373 4559/5883/4372 4593/5925/4377
f 4576/5903/4374 4565/5890/4373 4593/5925/4377
f 4576/5903/4374 4575/5902/4363 4546/5870/4366
f 4566/5891/4359 4621/5960/4378 4659/6015/4362
f 4678/6045/3833 4659/6015/4362 4666/6024/4379
f 4662/6019/3832 4566/5891/4359 4678/6045/3833
f 4677/6043/3837 4666/6024/4379 4665/6023/4221
f 4665/6023/4221 4666/6024/4379 4642/5991/4222
f 4666/6024/4379 4659/6015/4362 4642/5991/4222
f 4656/6012/4219 4642/5991/4222 4641/5990/4380
f 4619/5958/4223 4656/6012/4219 4641/5990/4380
f 4641/5990/4380 4642/5991/4222 4624/5964/4381
f 4624/5964/4381 4642/5991/4222 4625/5965/4382
f 4614/5952/4383 4641/5990/4380 4624/5964/4381
f 4625/5965/4382 4621/5960/4378 4595/5927/4384
f 4625/5965/4382 4595/5927/4384 4624/5964/4381
f 4621/5960/4378 4625/5965/4382 4659/6015/4362
f 4659/6015/4362 4625/5965/4382 4642/5991/4222
f 4491/5801/4368 4441/5738/4357 4438/5735/4385
f 4491/5801/4368 4489/5799/4370 4518/5833/4367
f 4489/5799/4370 4491/5801/4368 4438/5735/4385
f 4489/5799/4370 4438/5735/4385 4417/5706/4386
f 4489/5799/4370 4417/5706/4386 4480/5787/4371
f 4480/5787/4371 4408/5693/4227 4452/5751/4226
f 4408/5693/4227 4480/5787/4371 4417/5706/4386
f 4283/5545/4228 4408/5693/4227 4417/5706/4386
f 4283/5545/4228 4417/5706/4386 4282/5544/4387
f 4282/5544/4387 4417/5706/4386 4367/5646/4388
f 4417/5706/4386 4420/5710/4389 4367/5646/4388
f 4285/5547/4390 4282/5544/4387 4367/5646/4388
f 4285/5547/4390 4367/5646/4388 4319/5591/4391
f 4367/5646/4388 4368/5647/4392 4319/5591/4391
f 4368/5647/4392 4367/5646/4388 4383/5665/4393
f 4383/5665/4393 4367/5646/4388 4420/5710/4389
f 4402/5686/4394 4383/5665/4393 4420/5710/4389
f 4383/5665/4393 4402/5686/4394 4320/5592/4360
f 4383/5665/4393 4320/5592/4360 4368/5647/4392
f 4368/5647/4392 4318/5590/4395 4319/5591/4391
f 4318/5590/4395 4368/5647/4392 4320/5592/4360
f 4318/5590/4395 4320/5592/4360 4264/5523/4396
f 4282/5544/4387 4113/5340/4096 4283/5545/4228
f 4113/5340/4096 4282/5544/4387 4160/5396/4397
f 4057/5265/4098 4113/5340/4096 4160/5396/4397
f 4039/5241/4101 4057/5265/4098 4050/5255/4127
f 4057/5265/4098 4098/5321/4398 4050/5255/4127
f 4050/5255/4127 4107/5331/4399 4041/5244/4126
f 4050/5255/4127 4098/5321/4398 4107/5331/4399
f 4107/5331/4399 4098/5321/4398 4111/5337/4400
f 4107/5331/4399 4111/5337/4400 4041/5244/4126
f 4098/5321/4398 4057/5265/4098 4160/5396/4397
f 4098/5321/4398 4128/5357/4401 4111/5337/4400
f 4098/5321/4398 4160/5396/4397 4128/5357/4401
f 4111/5337/4400 4128/5357/4401 4077/5290/4355
f 4029/5228/4124 4111/5337/4400 4077/5290/4355
f 4111/5337/4400 4029/5228/4124 4041/5244/4126
f 4077/5290/4355 4128/5357/4401 4184/5427/4402
f 4093/5316/4356 4077/5290/4355 4184/5427/4402
f 4296/5562/4350 4093/5316/4356 4264/5523/4396
f 4296/5562/4350 4264/5523/4396 4320/5592/4360
f 4264/5523/4396 4093/5316/4356 4258/5515/4403
f 4258/5515/4403 4093/5316/4356 4184/5427/4402
f 4318/5590/4395 4264/5523/4396 4281/5543/4404
f 4281/5543/4404 4264/5523/4396 4258/5515/4403
f 4318/5590/4395 4281/5543/4404 4246/5499/4405
f 4318/5590/4395 4246/5499/4405 4319/5591/4391
f 4319/5591/4391 4246/5499/4405 4285/5547/4390
f 4281/5543/4404 4258/5515/4403 4246/5499/4405
f 4246/5499/4405 4258/5515/4403 4184/5427/4402
f 4282/5544/4387 4285/5547/4390 4215/5464/4406
f 4215/5464/4406 4285/5547/4390 4246/5499/4405
f 4160/5396/4397 4282/5544/4387 4215/5464/4406
f 4215/5464/4406 4246/5499/4405 4184/5427/4402
f 4160/5396/4397 4215/5464/4406 4128/5357/4401
f 4215/5464/4406 4184/5427/4402 4128/5357/4401
f 4438/5735/4385 4420/5710/4389 4417/5706/4386
f 4420/5710/4389 4438/5735/4385 4402/5686/4394
f 4402/5686/4394 4438/5735/4385 4393/5677/4361
f 4402/5686/4394 4393/5677/4361 4320/5592/4360
f 4441/5738/4357 4393/5677/4361 4438/5735/4385
f 4591/5922/4376 4609/5945/4375 4619/5958/4223
f 4619/5958/4223 4609/5945/4375 4571/5898/4224
f 4641/5990/4380 4614/5952/4383 4619/5958/4223
f 4614/5952/4383 4591/5922/4376 4619/5958/4223
f 4614/5952/4383 4624/5964/4381 4595/5927/4384
f 4591/5922/4376 4614/5952/4383 4593/5925/4377
f 4593/5925/4377 4614/5952/4383 4595/5927/4384
f 4595/5927/4384 4621/5960/4378 4566/5891/4359
f 4595/5927/4384 4566/5891/4359 4575/5902/4363
f 4595/5927/4384 4575/5902/4363 4576/5903/4374
f 4576/5903/4374 4593/5925/4377 4595/5927/4384
f 4593/5925/4377 4559/5883/4372 4591/5922/4376
f 4649/6003/2865 4544/5868/3198 4628/5969/3831
f 4677/6043/3837 4678/6045/3833 4666/6024/4379
f 89/135/4407 70/108/4013 3736/4838/4134
f 70/108/4013 89/135/4407 94/143/4133
f 3877/5040/4091 3885/5051/4107 3856/5012/4145
f 3885/5051/4107 3809/4941/4110 3856/5012/4145
f 3794/4925/4139 3809/4941/4110 3769/4891/4147
f 3856/5012/4145 3870/5033/4092 3877/5040/4091
f 3736/4838/4134 32/52/4148 89/135/4407
f 3936/5113/4105 3968/5155/4121 3868/5030/4104
f 3868/5030/4104 3968/5155/4121 3920/5095/4115
f 3745/4857/4150 39/62/4151 3769/4891/4147
f 3745/4857/4150 138/200/4408 98/148/4409
f 138/200/4408 3745/4857/4150 31/51/4410
f 3773/4895/4111 31/51/4410 3745/4857/4150
f 31/51/4410 3773/4895/4111 3749/4861/4113
f 95/145/4411 138/200/4408 31/51/4410
f 31/51/4410 3749/4861/4113 20/33/4412
f 3786/4914/4413 3749/4861/4113 3818/4955/4112
f 3749/4861/4113 3786/4914/4413 19/32/4414
f 3749/4861/4113 19/32/4414 61/94/4415
f 3749/4861/4113 61/94/4415 20/33/4412
f 31/51/4410 20/33/4412 95/145/4411
f 95/145/4411 20/33/4412 121/176/4416
f 95/145/4411 121/176/4416 138/200/4408
f 138/200/4408 121/176/4416 176/250/4417
f 176/250/4417 121/176/4416 158/229/4418
f 176/250/4417 196/274/4419 138/200/4408
f 250/336/4420 176/250/4417 158/229/4418
f 176/250/4417 250/336/4420 262/351/4421
f 176/250/4417 262/351/4421 196/274/4419
f 275/365/4422 250/336/4420 308/402/4423
f 308/402/4423 250/336/4420 158/229/4418
f 308/402/4423 158/229/4418 311/406/4424
f 311/406/4424 158/229/4418 181/255/4425
f 181/255/4425 158/229/4418 220/300/4426
f 275/365/4422 308/402/4423 414/532/4427
f 220/300/4426 158/229/4418 120/175/4428
f 120/175/4428 158/229/4418 121/176/4416
f 220/300/4426 120/175/4428 123/178/4429
f 275/365/4422 414/532/4427 367/471/4430
f 367/471/4430 414/532/4427 432/554/4431
f 121/176/4416 20/33/4412 120/175/4428
f 123/178/4429 120/175/4428 20/33/4412
f 88/134/4432 123/178/4429 20/33/4412
f 123/178/4429 88/134/4432 12/18/4433
f 61/94/4415 12/18/4433 88/134/4432
f 20/33/4412 61/94/4415 88/134/4432
f 3744/4855/3893 19/32/4414 3830/4974/3894
f 3830/4974/3894 19/32/4414 3786/4914/4413
f 3744/4855/3893 12/18/4433 19/32/4414
f 19/32/4414 12/18/4433 61/94/4415
f 3882/5047/4116 3818/4955/4112 3903/5070/4114
f 3818/4955/4112 3882/5047/4116 3899/5066/4354
f 3899/5066/4354 3967/5152/4339 3786/4914/4413
f 3899/5066/4354 3786/4914/4413 3818/4955/4112
f 3830/4974/3894 3967/5152/4339 3860/5018/4336
f 3830/4974/3894 3860/5018/4336 3833/4980/3996
f 1641/2126/3272 1300/1687/3273 1352/1748/3294
f 1057/1370/3297 1263/1635/4434 1859/2395/3295
f 1901/2451/3293 1057/1370/3297 1859/2395/3295
f 1057/1370/3297 1352/1748/3294 921/1188/4435
f 1300/1687/3273 1089/1408/3274 1090/1409/4436
f 1352/1748/3294 1300/1687/3273 1099/1422/4437
f 1099/1422/4437 1300/1687/3273 1090/1409/4436
f 1099/1422/4437 921/1188/4435 1352/1748/3294
f 921/1188/4435 1099/1422/4437 813/1042/4438
f 813/1042/4438 1099/1422/4437 1090/1409/4436
f 813/1042/4438 1090/1409/4436 1089/1408/3274
f 1089/1408/3274 705/907/4039 813/1042/4438
f 813/1042/4438 637/820/4439 449/576/4440
f 813/1042/4438 449/576/4440 921/1188/4435
f 921/1188/4435 449/576/4440 551/704/4441
f 921/1188/4435 551/704/4441 917/1183/4442
f 921/1188/4435 917/1183/4442 1057/1370/3297
f 771/992/4443 917/1183/4442 551/704/4441
f 174/248/4154 771/992/4443 551/704/4441
f 335/434/4444 771/992/4443 174/248/4154
f 771/992/4443 995/1284/4445 917/1183/4442
f 917/1183/4442 995/1284/4445 1057/1370/3297
f 1263/1635/4434 995/1284/4445 1257/1626/4446
f 995/1284/4445 1263/1635/4434 1057/1370/3297
f 995/1284/4445 1053/1365/4447 1257/1626/4446
f 1257/1626/4446 1053/1365/4447 1129/1463/4448
f 771/992/4443 1053/1365/4447 995/1284/4445
f 1053/1365/4447 771/992/4443 335/434/4444
f 1053/1365/4447 335/434/4444 787/1010/4449
f 790/1014/4450 779/1000/4451 787/1010/4449
f 1053/1365/4447 787/1010/4449 779/1000/4451
f 910/1174/4452 1053/1365/4447 779/1000/4451
f 1129/1463/4448 1053/1365/4447 1119/1451/4453
f 1119/1451/4453 1053/1365/4447 910/1174/4452
f 910/1174/4452 767/988/4454 764/985/4455
f 779/1000/4451 767/988/4454 910/1174/4452
f 779/1000/4451 790/1014/4450 744/959/4456
f 588/753/4457 779/1000/4451 744/959/4456
f 790/1014/4450 787/1010/4449 335/434/4444
f 744/959/4456 790/1014/4450 335/434/4444
f 744/959/4456 721/929/4458 722/930/4459
f 691/890/4460 744/959/4456 722/930/4459
f 588/753/4457 744/959/4456 691/890/4460
f 779/1000/4451 588/753/4457 767/988/4454
f 767/988/4454 588/753/4457 552/705/4461
f 767/988/4454 552/705/4461 764/985/4455
f 582/746/4462 588/753/4457 691/890/4460
f 582/746/4462 691/890/4460 669/862/4463
f 588/753/4457 582/746/4462 497/636/4464
f 497/636/4464 517/660/4465 588/753/4457
f 517/660/4465 497/636/4464 419/539/4466
f 552/705/4461 629/810/4467 764/985/4455
f 764/985/4455 629/810/4467 775/996/4468
f 958/1232/4469 1035/1344/4470 764/985/4455
f 764/985/4455 1035/1344/4470 910/1174/4452
f 910/1174/4452 1035/1344/4470 1119/1451/4453
f 1119/1451/4453 1158/1504/4471 1144/1484/4472
f 1119/1451/4453 1144/1484/4472 1129/1463/4448
f 1144/1484/4472 1158/1504/4471 1191/1545/4473
f 1129/1463/4448 1144/1484/4472 1257/1626/4446
f 1257/1626/4446 1144/1484/4472 1191/1545/4473
f 1257/1626/4446 1441/1868/4474 1263/1635/4434
f 1263/1635/4434 1441/1868/4474 1859/2395/3295
f 1859/2395/3295 1441/1868/4474 1590/2060/4475
f 813/1042/4438 705/907/4039 637/820/4439
f 705/907/4039 222/304/4015 446/572/4476
f 222/304/4015 80/123/4014 446/572/4476
f 705/907/4039 446/572/4476 637/820/4439
f 443/568/4477 637/820/4439 446/572/4476
f 637/820/4439 443/568/4477 449/576/4440
f 198/276/4478 80/123/4014 13/21/4012
f 13/21/4012 94/144/4133 198/276/4478
f 94/144/4133 89/136/4407 32/53/4148
f 94/144/4133 32/53/4148 101/151/4479
f 101/151/4479 32/53/4148 99/149/4480
f 99/149/4480 32/53/4148 86/132/4152
f 99/149/4480 86/132/4152 174/248/4154
f 331/430/4481 101/151/4479 99/149/4480
f 331/430/4481 99/149/4480 174/248/4154
f 101/151/4479 281/371/4482 198/276/4478
f 101/151/4479 198/276/4478 94/144/4133
f 281/371/4482 101/151/4479 331/430/4481
f 449/576/4440 443/568/4477 331/430/4481
f 331/430/4481 443/568/4477 281/371/4482
f 281/371/4482 443/568/4477 446/572/4476
f 281/371/4482 446/572/4476 198/276/4478
f 198/276/4478 446/572/4476 80/123/4014
f 174/248/4154 116/170/4153 335/434/4444
f 174/248/4154 551/704/4441 331/430/4481
f 331/430/4481 551/704/4441 449/576/4440
f 744/959/4456 335/434/4444 413/530/4483
f 721/929/4458 413/530/4483 669/862/4463
f 413/530/4483 721/929/4458 744/959/4456
f 722/930/4459 721/929/4458 669/862/4463
f 691/890/4460 722/930/4459 669/862/4463
f 582/746/4462 669/862/4463 610/778/4484
f 601/767/4485 610/778/4484 562/718/4486
f 582/746/4462 610/778/4484 601/767/4485
f 601/767/4485 562/718/4486 543/691/4487
f 601/767/4485 543/691/4487 582/746/4462
f 582/746/4462 543/691/4487 497/636/4464
f 497/636/4464 543/691/4487 447/573/4488
f 419/539/4466 506/647/4489 517/660/4465
f 506/647/4489 419/539/4466 452/581/4490
f 517/660/4465 506/647/4489 481/617/4491
f 517/660/4465 481/617/4491 552/705/4461
f 588/753/4457 517/660/4465 552/705/4461
f 629/810/4467 552/705/4461 529/673/4492
f 481/617/4491 529/673/4492 552/705/4461
f 481/617/4491 509/651/4493 529/673/4492
f 544/693/4494 509/651/4493 452/581/4490
f 448/574/4495 544/693/4494 452/581/4490
f 386/493/4496 424/544/4497 419/539/4466
f 424/544/4497 448/574/4495 452/581/4490
f 419/539/4466 424/544/4497 452/581/4490
f 452/581/4490 509/651/4493 494/633/4498
f 481/617/4491 494/633/4498 509/651/4493
f 481/617/4491 506/647/4489 494/633/4498
f 494/633/4498 506/647/4489 452/581/4490
f 419/539/4466 497/636/4464 447/573/4488
f 447/573/4488 543/691/4487 410/523/4499
f 447/573/4488 410/524/4499 419/539/4466
f 419/539/4466 410/524/4499 386/493/4496
f 764/985/4455 775/996/4468 958/1232/4469
f 335/435/4444 116/171/4153 413/531/4483
f 428/549/4500 413/531/4483 116/171/4153
f 669/863/4463 413/531/4483 610/779/4484
f 610/779/4484 413/531/4483 428/549/4500
f 610/779/4484 428/549/4500 562/719/4486
f 543/692/4487 562/719/4486 428/549/4500
f 543/692/4487 428/549/4500 410/525/4499
f 410/525/4499 428/549/4500 376/483/4501
f 376/483/4501 428/549/4500 116/171/4153
f 376/483/4501 116/171/4153 243/328/4502
f 116/171/4153 39/62/4151 98/148/4409
f 243/328/4502 116/171/4153 98/148/4409
f 415/534/4503 410/525/4499 376/483/4501
f 383/490/4504 415/534/4503 376/483/4501
f 415/534/4503 383/490/4504 432/554/4431
f 432/554/4431 383/490/4504 367/471/4430
f 367/471/4430 383/490/4504 339/439/4505
f 383/490/4504 376/483/4501 342/442/4506
f 342/442/4506 376/483/4501 243/328/4502
f 339/439/4505 383/490/4504 342/442/4506
f 367/471/4430 339/439/4505 275/365/4422
f 275/365/4422 339/439/4505 262/351/4421
f 262/351/4421 339/439/4505 342/442/4506
f 275/365/4422 262/351/4421 250/336/4420
f 262/351/4421 342/442/4506 286/376/4507
f 286/376/4507 342/442/4506 256/342/4508
f 262/351/4421 286/376/4507 196/274/4419
f 196/274/4419 286/376/4507 256/342/4508
f 196/274/4419 256/342/4508 209/287/4509
f 196/274/4419 209/287/4509 138/200/4408
f 138/200/4408 209/287/4509 98/148/4409
f 209/287/4509 256/342/4508 98/148/4409
f 98/148/4409 256/342/4508 243/328/4502
f 256/342/4508 342/442/4506 243/328/4502
f 98/148/4409 39/62/4151 3745/4857/4150
f 218/298/4510 181/256/4425 194/271/4511
f 194/271/4511 217/296/4512 218/298/4510
f 218/298/4510 217/296/4512 242/326/4513
f 218/298/4510 242/326/4513 234/318/4514
f 242/326/4513 287/377/4515 234/318/4514
f 234/318/4514 287/377/4515 282/372/4516
f 218/298/4510 234/318/4514 181/256/4425
f 181/256/4425 234/318/4514 311/407/4424
f 253/339/4517 311/407/4424 234/318/4514
f 311/407/4424 253/339/4517 308/403/4423
f 308/403/4423 253/339/4517 334/433/4518
f 334/433/4518 253/339/4517 299/392/4519
f 308/403/4423 334/433/4518 414/533/4427
f 414/533/4427 334/433/4518 432/555/4431
f 432/555/4431 334/433/4518 415/535/4503
f 415/535/4503 334/433/4518 365/469/4520
f 410/526/4499 415/535/4503 365/469/4520
f 386/494/4496 410/526/4499 365/469/4520
f 365/469/4520 334/433/4518 325/423/4521
f 325/423/4521 334/433/4518 299/392/4519
f 365/469/4520 325/423/4521 363/465/4522
f 386/494/4496 365/469/4520 363/465/4522
f 424/545/4497 386/494/4496 363/465/4522
f 424/545/4497 363/465/4522 448/575/4495
f 448/575/4495 363/465/4522 391/500/4523
f 304/397/4524 363/465/4522 299/392/4519
f 391/500/4523 363/465/4522 304/397/4524
f 391/500/4523 304/397/4524 450/577/4525
f 450/577/4525 304/397/4524 282/372/4516
f 450/577/4525 282/372/4516 451/578/4526
f 657/844/4527 450/577/4525 451/578/4526
f 282/372/4516 287/377/4515 451/578/4526
f 234/318/4514 282/372/4516 253/339/4517
f 253/339/4517 282/372/4516 304/397/4524
f 253/339/4517 304/397/4524 299/392/4519
f 299/392/4519 363/465/4522 325/423/4521
f 448/575/4495 391/500/4523 501/642/4528
f 391/500/4523 450/577/4525 501/642/4528
f 448/575/4495 501/642/4528 565/722/4529
f 565/722/4529 731/942/4530 544/694/4494
f 544/694/4494 448/575/4495 565/722/4529
f 565/722/4529 501/642/4528 450/577/4525
f 565/722/4529 657/844/4527 785/1007/4531
f 815/1045/4532 785/1007/4531 657/844/4527
f 657/844/4527 723/931/4533 815/1045/4532
f 657/844/4527 565/722/4529 450/577/4525
f 451/578/4526 723/931/4533 657/844/4527
f 194/272/4511 181/257/4425 187/264/4534
f 187/264/4534 217/297/4512 194/272/4511
f 193/270/4535 187/264/4534 181/257/4425
f 193/270/4535 181/257/4425 192/269/4536
f 220/301/4426 192/269/4536 181/257/4425
f 193/270/4535 192/269/4536 225/307/4537
f 225/307/4537 192/269/4536 220/301/4426
f 193/270/4535 225/307/4537 240/324/4538
f 193/270/4535 240/324/4538 187/264/4534
f 187/264/4534 240/324/4538 217/297/4512
f 240/324/4538 225/307/4537 260/348/4539
f 240/324/4538 283/373/4540 287/378/4515
f 240/324/4538 260/348/4539 283/373/4540
f 260/348/4539 225/307/4537 230/314/4541
f 230/314/4541 225/307/4537 220/301/4426
f 260/348/4539 230/314/4541 238/322/4542
f 238/322/4542 230/314/4541 200/278/4543
f 200/278/4543 230/314/4541 220/301/4426
f 260/348/4539 238/322/4542 270/360/4544
f 238/322/4542 200/278/4543 186/263/4545
f 238/322/4542 186/263/4545 231/315/4546
f 200/278/4543 220/301/4426 177/251/4547
f 238/322/4542 231/315/4546 270/360/4544
f 200/278/4543 177/251/4547 186/263/4545
f 186/263/4545 177/251/4547 136/198/4548
f 136/198/4548 177/251/4547 220/301/4426
f 145/212/4549 186/263/4545 136/198/4548
f 136/198/4548 220/301/4426 123/179/4429
f 12/19/4433 136/198/4548 123/180/4429
f 145/212/4549 136/198/4548 12/19/4433
f 145/212/4549 12/19/4433 168/240/4550
f 12/19/4433 3744/4856/3893 17/29/3892
f 168/240/4550 12/19/4433 96/146/4551
f 145/212/4549 168/240/4550 202/280/4552
f 186/263/4545 145/212/4549 202/280/4552
f 186/263/4545 202/280/4552 231/315/4546
f 270/360/4544 231/315/4546 202/280/4552
f 202/280/4552 168/240/4550 233/317/4553
f 233/317/4553 168/240/4550 96/146/4551
f 202/280/4552 280/370/4554 270/360/4544
f 202/280/4552 233/317/4553 280/370/4554
f 318/415/4555 233/317/4553 96/146/4551
f 280/370/4554 233/317/4553 349/449/4556
f 349/449/4556 233/317/4553 318/415/4555
f 333/432/4557 280/370/4554 349/449/4556
f 270/360/4544 280/370/4554 283/373/4540
f 283/373/4540 280/370/4554 333/432/4557
f 270/360/4544 283/373/4540 260/348/4539
f 283/373/4540 333/432/4557 287/378/4515
f 333/432/4557 349/449/4556 439/563/4558
f 439/563/4558 349/449/4556 393/502/4559
f 439/563/4558 287/378/4515 333/432/4557
f 242/327/4513 217/297/4512 240/324/4538
f 240/324/4538 287/378/4515 242/327/4513
f 318/415/4555 96/146/4551 245/331/4302
f 318/415/4555 393/502/4559 349/449/4556
f 245/331/4302 393/502/4559 318/415/4555
f 393/502/4559 245/331/4302 513/656/4560
f 513/656/4560 245/331/4302 571/731/4304
f 182/259/4301 245/331/4302 96/146/4551
f 182/259/4301 96/146/4551 17/29/3892
f 49/78/3889 17/29/3892 3735/4837/3890
f 17/29/3892 49/78/3889 182/259/4301
f 439/563/4558 393/502/4559 513/656/4560
f 559/714/4303 439/563/4558 513/656/4560
f 559/714/4303 513/656/4560 571/731/4304
f 439/563/4558 559/714/4303 615/786/4306
f 287/378/4515 439/563/4558 451/579/4526
f 17/29/3892 96/146/4551 12/19/4433
f 3786/4914/4413 3967/5152/4339 3830/4974/3894
f 1579/2047/4281 1616/2094/4283 1509/1953/4561
f 1579/2047/4281 1509/1953/4561 1540/1993/4285
f 1540/1993/4285 1509/1953/4561 1380/1789/4287
f 946/1217/4562 1380/1789/4287 1509/1953/4561
f 1509/1953/4561 1592/2064/4563 946/1217/4562
f 1380/1789/4287 946/1217/4562 1325/1717/4289
f 946/1217/4562 960/1235/4564 1154/1499/4295
f 946/1217/4562 1266/1640/4294 1325/1717/4289
f 946/1217/4562 1154/1499/4295 1266/1640/4294
f 1325/1717/4289 1266/1640/4294 1326/1719/4291
f 1266/1640/4294 1193/1549/4565 1299/1685/4293
f 1299/1685/4293 1193/1549/4565 1105/1432/4263
f 1105/1432/4263 1193/1549/4565 1154/1499/4295
f 1193/1549/4565 1266/1640/4294 1154/1499/4295
f 1154/1499/4295 960/1235/4564 1104/1430/4296
f 1104/1430/4296 960/1235/4564 964/1242/4297
f 658/845/4566 946/1217/4562 723/932/4533
f 723/932/4533 439/564/4558 658/845/4566
f 658/845/4566 439/564/4558 615/787/4306
f 723/932/4533 451/580/4526 439/564/4558
f 1592/2064/4563 1382/1791/4567 1206/1564/4568
f 946/1217/4562 1592/2064/4563 1206/1564/4568
f 1206/1564/4568 723/932/4533 946/1217/4562
f 1509/1953/4561 1616/2094/4283 1674/2166/4284
f 1592/2064/4563 1509/1953/4561 1674/2166/4284
f 1672/2163/4569 1674/2166/4284 1893/2440/4286
f 1672/2163/4569 1893/2440/4286 1682/2175/4570
f 1672/2163/4569 1682/2175/4570 1713/2214/4571
f 1592/2064/4563 1674/2166/4284 1713/2214/4571
f 1674/2166/4284 1672/2163/4569 1713/2214/4571
f 1592/2064/4563 1713/2214/4571 1696/2192/4572
f 1592/2064/4563 1696/2192/4572 1382/1791/4567
f 964/1242/4297 960/1235/4564 865/1115/4298
f 865/1115/4298 615/787/4306 703/904/4305
f 615/787/4306 865/1115/4298 658/845/4566
f 946/1217/4562 658/845/4566 960/1235/4564
f 960/1235/4564 658/845/4566 865/1115/4298
f 1859/2396/3295 1590/2061/4475 1810/2329/3296
f 1432/1858/4573 1441/1869/4474 1257/1627/4446
f 1590/2061/4475 1441/1869/4474 1432/1858/4573
f 1575/2042/4574 1590/2061/4475 1432/1858/4573
f 1351/1746/4575 1432/1858/4573 1328/1721/4576
f 1328/1721/4576 1432/1858/4573 1286/1668/4577
f 1328/1721/4576 1286/1668/4577 1306/1694/4578
f 1306/1694/4578 1286/1668/4577 1293/1677/4579
f 1432/1858/4573 1202/1558/4580 1286/1668/4577
f 1432/1858/4573 1257/1627/4446 1202/1558/4580
f 1248/1614/4581 1286/1668/4577 1202/1558/4580
f 1202/1558/4580 1257/1627/4446 1191/1546/4473
f 1202/1558/4580 1191/1546/4473 1158/1505/4471
f 1248/1614/4581 1202/1558/4580 1298/1683/4582
f 1298/1683/4582 1202/1558/4580 1158/1505/4471
f 1293/1677/4579 1248/1614/4581 1298/1683/4582
f 1286/1668/4577 1248/1614/4581 1293/1677/4579
f 1306/1694/4578 1293/1677/4579 1328/1721/4576
f 1293/1677/4579 1383/1793/4583 1328/1721/4576
f 1328/1721/4576 1383/1793/4583 1351/1746/4575
f 1383/1793/4583 1425/1848/4584 1351/1746/4575
f 1383/1793/4583 1293/1677/4579 1490/1928/4585
f 1537/1989/4586 1383/1793/4583 1490/1928/4585
f 1351/1746/4575 1425/1848/4584 1426/1849/4587
f 1425/1848/4584 1383/1793/4583 1537/1989/4586
f 1351/1746/4575 1426/1849/4587 1432/1858/4573
f 1432/1858/4573 1426/1849/4587 1575/2042/4574
f 1810/2329/3296 1590/2061/4475 1575/2042/4574
f 1665/2156/4588 1810/2329/3296 1575/2042/4574
f 1949/2508/3298 1810/2329/3296 1665/2156/4588
f 1949/2508/3298 1665/2156/4588 1761/2273/4589
f 1683/2177/4590 1761/2273/4589 1665/2156/4588
f 1603/2078/4591 1665/2156/4588 1575/2042/4574
f 1683/2177/4590 1665/2156/4588 1603/2078/4591
f 1603/2078/4591 1575/2042/4574 1506/1949/4592
f 1601/2075/4593 1603/2078/4591 1506/1949/4592
f 1506/1949/4592 1575/2042/4574 1426/1849/4587
f 1506/1949/4592 1426/1849/4587 1425/1848/4584
f 1425/1848/4584 1537/1989/4586 1506/1949/4592
f 1506/1949/4592 1537/1989/4586 1601/2075/4593
f 1537/1989/4586 1649/2137/4594 1601/2075/4593
f 1654/2142/4595 1649/2137/4594 1537/1989/4586
f 1601/2075/4593 1649/2137/4594 1671/2162/4596
f 1601/2075/4593 1671/2162/4596 1603/2078/4591
f 1671/2162/4596 1683/2177/4590 1603/2078/4591
f 1671/2162/4596 1696/2193/4572 1683/2177/4590
f 1683/2177/4590 1714/2216/4597 1761/2273/4589
f 1683/2177/4590 1696/2193/4572 1714/2216/4597
f 1671/2162/4596 1649/2137/4594 1595/2067/4598
f 1595/2067/4598 1649/2137/4594 1654/2142/4595
f 1671/2162/4596 1595/2067/4598 1635/2119/4599
f 1671/2162/4596 1635/2119/4599 1382/1792/4567
f 1671/2162/4596 1382/1792/4567 1696/2193/4572
f 1716/2218/4600 1713/2215/4571 1697/2194/4601
f 1697/2194/4601 1713/2215/4571 1682/2176/4570
f 1697/2194/4601 1682/2176/4570 1783/2297/4602
f 1697/2194/4601 1783/2297/4602 1716/2218/4600
f 1715/2217/4603 1713/2215/4571 1716/2218/4600
f 1713/2215/4571 1715/2217/4603 1696/2193/4572
f 1715/2217/4603 1716/2218/4600 1707/2208/4604
f 1707/2208/4604 1716/2218/4600 1783/2297/4602
f 1696/2193/4572 1715/2217/4603 1720/2224/4605
f 1696/2193/4572 1720/2224/4605 1714/2216/4597
f 1714/2216/4597 1720/2224/4605 1761/2273/4589
f 1736/2241/4606 1707/2208/4604 1783/2297/4602
f 1715/2217/4603 1707/2208/4604 1738/2243/4607
f 1738/2243/4607 1707/2208/4604 1736/2241/4606
f 1720/2224/4605 1715/2217/4603 1738/2243/4607
f 1761/2273/4589 1720/2224/4605 1801/2319/4608
f 1801/2319/4608 1720/2224/4605 1738/2243/4607
f 1738/2243/4607 1736/2241/4606 1782/2296/4609
f 1782/2296/4609 1736/2241/4606 1783/2297/4602
f 1738/2243/4607 1782/2296/4609 1801/2319/4608
f 1761/2273/4589 1801/2319/4608 1949/2508/3298
f 1949/2508/3298 1801/2319/4608 1880/2423/4315
f 1880/2423/4315 1801/2319/4608 1831/2355/4610
f 1801/2319/4608 1782/2296/4609 1831/2355/4610
f 1880/2423/4315 1831/2355/4610 1862/2400/4317
f 1862/2400/4317 1831/2355/4610 1893/2441/4286
f 1831/2355/4610 1782/2296/4609 1815/2334/4611
f 1893/2441/4286 1831/2355/4610 1815/2334/4611
f 1893/2441/4286 1815/2334/4611 1682/2176/4570
f 1815/2334/4611 1782/2296/4609 1783/2297/4602
f 1815/2334/4611 1783/2297/4602 1682/2176/4570
f 1033/1342/4612 1206/1565/4568 1382/1792/4567
f 1206/1565/4568 1033/1342/4612 723/933/4533
f 1033/1342/4612 1382/1792/4567 1365/1767/4613
f 1365/1767/4613 1382/1792/4567 1635/2119/4599
f 1635/2119/4599 1595/2067/4598 1438/1865/4614
f 1438/1865/4614 1365/1767/4613 1635/2119/4599
f 1365/1767/4613 1438/1865/4614 1062/1375/4615
f 1595/2067/4598 1654/2142/4595 1438/1865/4614
f 1438/1865/4614 1654/2142/4595 1580/2048/4616
f 1578/2045/4617 1537/1989/4586 1490/1928/4585
f 1537/1989/4586 1578/2045/4617 1654/2142/4595
f 1668/2159/4618 1654/2142/4595 1578/2045/4617
f 1578/2045/4617 1617/2095/4619 1668/2159/4618
f 1578/2045/4617 1504/1946/4620 1617/2095/4619
f 1504/1946/4620 1578/2045/4617 1490/1928/4585
f 1617/2095/4619 1504/1946/4620 1485/1923/4621
f 1617/2095/4619 1485/1923/4621 1689/2184/4622
f 1668/2159/4618 1617/2095/4619 1689/2184/4622
f 1485/1923/4621 1163/1512/4623 1225/1587/4624
f 1225/1587/4624 1547/2002/4625 1485/1923/4621
f 1226/1588/4626 1547/2002/4625 1225/1587/4624
f 1226/1588/4626 1225/1587/4624 958/1231/4469
f 1226/1588/4626 1583/2052/4627 1547/2002/4625
f 1226/1588/4626 1296/1680/4628 1583/2052/4627
f 1485/1923/4621 1547/2002/4625 1689/2184/4622
f 1689/2184/4622 1547/2002/4625 1829/2352/4629
f 1446/1875/4630 1689/2184/4622 1829/2352/4629
f 1773/2286/4631 1829/2352/4629 1547/2002/4625
f 1773/2286/4631 1547/2002/4625 1583/2052/4627
f 1264/1636/4632 1583/2052/4627 1296/1680/4628
f 1226/1588/4626 986/1267/4633 1296/1680/4628
f 986/1267/4633 1226/1588/4626 997/1286/4634
f 997/1286/4634 1226/1588/4626 958/1231/4469
f 1296/1680/4628 986/1267/4633 1264/1636/4632
f 986/1267/4633 1140/1477/4635 1264/1636/4632
f 1264/1636/4632 1140/1477/4635 1029/1335/4636
f 1264/1636/4632 1029/1335/4636 1308/1696/4637
f 1264/1636/4632 1308/1696/4637 1583/2052/4627
f 1583/2052/4627 1824/2346/4638 1773/2286/4631
f 1583/2052/4627 1706/2207/4639 1824/2346/4638
f 1824/2346/4638 1706/2207/4639 2014/2596/4640
f 1599/2073/4641 1743/2249/4642 1526/1973/4643
f 1194/1550/4644 1599/2073/4641 1526/1973/4643
f 1526/1973/4643 1743/2249/4642 1771/2284/4645
f 1526/1973/4643 1771/2284/4645 1086/1402/4646
f 1928/2481/4647 1771/2284/4645 1743/2249/4642
f 1705/2205/4648 1771/2284/4645 1928/2481/4647
f 2127/2745/4649 1928/2481/4647 2005/2582/4650
f 1622/2101/4651 2102/2709/4652 1902/2452/4653
f 1410/1831/4654 1622/2101/4651 1267/1642/4655
f 1267/1642/4655 1596/2068/4656 1212/1572/4657
f 1706/2207/4639 1596/2068/4656 1902/2452/4653
f 1706/2207/4639 1902/2452/4653 2014/2596/4640
f 1902/2452/4653 1596/2068/4656 1622/2101/4651
f 2014/2596/4640 1902/2452/4653 2055/2646/4658
f 2014/2596/4640 2055/2646/4658 2005/2582/4650
f 1706/2207/4639 1308/1696/4637 1596/2068/4656
f 1308/1696/4637 1706/2207/4639 1583/2052/4627
f 1308/1696/4637 1029/1335/4636 1212/1572/4657
f 1596/2068/4656 1308/1696/4637 1212/1572/4657
f 1062/1375/4615 1438/1865/4614 1313/1703/4659
f 1313/1703/4659 1580/2048/4616 1495/1935/4660
f 1580/2048/4616 1313/1703/4659 1438/1865/4614
f 1580/2048/4616 1654/2142/4595 1668/2159/4618
f 1580/2048/4616 1668/2159/4618 1689/2184/4622
f 1580/2048/4616 1689/2184/4622 1626/2107/4661
f 1446/1875/4630 1626/2107/4661 1689/2184/4622
f 1446/1875/4630 1829/2352/4629 1773/2286/4631
f 1446/1875/4630 1773/2286/4631 1651/2139/4662
f 1651/2139/4662 1773/2286/4631 1497/1937/4663
f 1133/1469/4664 1446/1875/4630 1651/2139/4662
f 1133/1469/4664 1651/2139/4662 1289/1671/4665
f 1199/1555/4666 1446/1875/4630 1133/1469/4664
f 1289/1671/4665 1651/2139/4662 1497/1937/4663
f 1289/1671/4665 1497/1937/4663 1194/1550/4644
f 1497/1937/4663 1773/2286/4631 1824/2346/4638
f 1599/2073/4641 1824/2346/4638 2014/2596/4640
f 1497/1937/4663 1824/2346/4638 1599/2073/4641
f 1497/1937/4663 1599/2073/4641 1194/1550/4644
f 1194/1550/4644 1036/1346/4667 974/1253/4668
f 974/1253/4668 1289/1671/4665 1194/1550/4644
f 1133/1469/4664 1289/1671/4665 974/1253/4668
f 1133/1469/4664 1003/1298/4669 1199/1555/4666
f 808/1036/4670 1199/1555/4666 1003/1298/4669
f 1626/2107/4661 1446/1875/4630 1199/1555/4666
f 1626/2107/4661 1238/1603/4671 1495/1935/4660
f 1495/1935/4660 1238/1603/4671 1014/1316/4672
f 1199/1555/4666 1238/1603/4671 1626/2107/4661
f 808/1036/4670 1238/1603/4671 1199/1555/4666
f 1003/1298/4669 841/1077/4673 808/1036/4670
f 1003/1298/4669 1133/1469/4664 974/1253/4668
f 841/1077/4673 1003/1298/4669 974/1253/4668
f 822/1056/4674 974/1253/4668 1036/1346/4667
f 1036/1346/4667 860/1106/4675 822/1056/4674
f 860/1106/4675 709/911/4676 822/1056/4674
f 709/911/4676 860/1106/4675 732/944/4677
f 822/1056/4674 706/908/4678 841/1077/4673
f 841/1077/4673 706/908/4678 777/998/4679
f 841/1077/4673 777/998/4679 808/1036/4670
f 569/727/4680 777/998/4679 706/908/4678
f 706/908/4678 822/1056/4674 709/911/4676
f 709/911/4676 732/944/4677 652/837/4681
f 652/837/4681 732/944/4677 715/921/4682
f 665/857/4683 652/837/4681 715/921/4682
f 753/970/4684 715/921/4682 800/1026/4685
f 800/1026/4685 715/921/4682 770/991/4686
f 770/991/4686 715/921/4682 732/944/4677
f 1086/1402/4646 1036/1346/4667 1194/1550/4644
f 920/1186/4687 1036/1346/4667 1086/1402/4646
f 1086/1402/4646 1194/1550/4644 1526/1973/4643
f 1033/1342/4612 1365/1767/4613 1062/1375/4615
f 723/933/4533 1033/1342/4612 815/1046/4532
f 815/1046/4532 1033/1342/4612 785/1008/4531
f 785/1008/4531 1033/1342/4612 1062/1375/4615
f 785/1008/4531 1062/1375/4615 1014/1316/4672
f 1062/1375/4615 1313/1703/4659 1014/1316/4672
f 1014/1316/4672 1313/1703/4659 1495/1935/4660
f 1495/1935/4660 1580/2048/4616 1626/2107/4661
f 1490/1928/4585 1293/1677/4579 1298/1683/4582
f 1504/1946/4620 1490/1928/4585 1298/1683/4582
f 1485/1923/4621 1504/1946/4620 1298/1683/4582
f 1485/1923/4621 1298/1683/4582 1163/1512/4623
f 1298/1683/4582 1158/1505/4471 1163/1512/4623
f 1163/1512/4623 1119/1452/4453 1035/1345/4470
f 1119/1452/4453 1163/1512/4623 1158/1505/4471
f 1225/1587/4624 1163/1512/4623 1035/1345/4470
f 1035/1345/4470 958/1231/4469 1225/1587/4624
f 1014/1316/4672 922/1189/4688 785/1008/4531
f 731/943/4530 565/723/4529 785/1008/4531
f 731/943/4530 785/1008/4531 922/1189/4688
f 808/1036/4670 1014/1316/4672 1238/1603/4671
f 1014/1316/4672 808/1036/4670 922/1189/4688
f 731/943/4530 808/1036/4670 680/875/4689
f 680/875/4689 808/1036/4670 777/998/4679
f 731/943/4530 922/1189/4688 808/1036/4670
f 731/943/4530 680/875/4689 544/695/4494
f 544/695/4494 680/875/4689 509/650/4493
f 569/727/4680 509/650/4493 777/998/4679
f 569/727/4680 706/908/4678 622/800/4690
f 622/800/4690 706/908/4678 709/911/4676
f 974/1253/4668 822/1056/4674 841/1077/4673
f 509/650/4493 680/875/4689 777/998/4679
f 2014/2596/4640 2005/2582/4650 1743/2249/4642
f 2014/2596/4640 1743/2249/4642 1599/2073/4641
f 1743/2249/4642 2005/2582/4650 1928/2481/4647
f 2005/2582/4650 2055/2646/4658 2102/2709/4652
f 2055/2646/4658 1902/2452/4653 2102/2709/4652
f 732/944/4677 860/1106/4675 920/1186/4687
f 860/1106/4675 1036/1346/4667 920/1186/4687
f 909/1173/4691 770/991/4686 732/944/4677
f 800/1026/4685 770/991/4686 911/1175/4692
f 800/1026/4685 911/1175/4692 925/1192/4693
f 911/1175/4692 989/1273/4694 925/1192/4693
f 989/1273/4694 911/1175/4692 903/1161/4695
f 925/1192/4693 1093/1412/4696 1267/1641/4655
f 925/1192/4693 1267/1641/4655 1212/1573/4657
f 1212/1573/4657 1029/1336/4636 925/1192/4693
f 925/1192/4693 1029/1336/4636 878/1128/4697
f 878/1128/4697 800/1026/4685 925/1192/4693
f 770/991/4686 909/1173/4691 903/1161/4695
f 770/991/4686 903/1161/4695 911/1175/4692
f 909/1173/4691 732/944/4677 920/1186/4687
f 903/1161/4695 909/1173/4691 993/1280/4698
f 989/1273/4694 1093/1412/4696 925/1192/4693
f 1705/2205/4648 1399/1813/4699 1086/1402/4646
f 1399/1813/4699 920/1186/4687 1086/1402/4646
f 1086/1402/4646 1771/2284/4645 1705/2205/4648
f 993/1280/4698 909/1173/4691 920/1186/4687
f 775/996/4468 997/1287/4634 958/1232/4469
f 775/996/4468 788/1011/4700 997/1287/4634
f 629/810/4467 725/935/4701 775/996/4468
f 529/673/4492 614/784/4702 629/810/4467
f 629/810/4467 614/784/4702 725/935/4701
f 775/996/4468 725/935/4701 788/1011/4700
f 772/993/4703 788/1011/4700 725/935/4701
f 772/993/4703 725/935/4701 753/971/4684
f 753/971/4684 869/1119/4704 772/993/4703
f 800/1027/4685 869/1119/4704 753/971/4684
f 869/1119/4704 800/1027/4685 878/1129/4697
f 869/1119/4704 878/1129/4697 1029/1337/4636
f 1029/1337/4636 1140/1478/4635 869/1119/4704
f 1140/1478/4635 986/1268/4633 869/1119/4704
f 986/1268/4633 788/1011/4700 869/1119/4704
f 986/1268/4633 997/1287/4634 788/1011/4700
f 788/1011/4700 772/993/4703 869/1119/4704
f 715/922/4682 753/971/4684 725/935/4701
f 715/922/4682 725/935/4701 665/858/4683
f 665/858/4683 725/935/4701 614/784/4702
f 665/858/4683 614/784/4702 652/838/4681
f 614/784/4702 529/673/4492 622/801/4690
f 614/784/4702 622/801/4690 652/838/4681
f 709/912/4676 652/838/4681 622/801/4690
f 509/651/4493 569/728/4680 529/673/4492
f 529/673/4492 569/728/4680 622/801/4690
f 1596/2068/4656 1267/1642/4655 1622/2101/4651
f 1819/2340/4705 2102/2710/4652 1622/2102/4651
f 1410/1832/4654 1267/1643/4655 1146/1487/4706
f 1146/1487/4706 1423/1846/4707 1410/1832/4654
f 1267/1643/4655 1093/1413/4696 1146/1487/4706
f 1146/1487/4706 1093/1413/4696 989/1274/4694
f 1146/1487/4706 989/1274/4694 1217/1578/4708
f 1523/1968/4709 1582/2050/4710 1658/2148/4711
f 1523/1968/4709 1658/2148/4711 1511/1955/4712
f 1582/2050/4710 1598/2071/4713 1629/2112/4714
f 1658/2148/4711 1582/2050/4710 1629/2112/4714
f 1685/2180/4715 1658/2148/4711 1629/2112/4714
f 1629/2112/4714 1598/2071/4713 1687/2182/4716
f 1687/2182/4716 1598/2071/4713 1647/2134/4717
f 1687/2182/4716 1647/2134/4717 1729/2233/4718
f 1794/2308/4719 1687/2182/4716 1729/2233/4718
f 1785/2299/4720 1687/2182/4716 1794/2308/4719
f 1727/2231/4721 1687/2182/4716 1785/2299/4720
f 1687/2182/4716 1727/2231/4721 1629/2112/4714
f 1629/2112/4714 1727/2231/4721 1685/2180/4715
f 1727/2231/4721 1785/2299/4720 1685/2180/4715
f 1794/2308/4719 1729/2233/4718 1885/2429/4722
f 1794/2308/4719 1885/2429/4722 1978/2545/4723
f 1978/2545/4723 1885/2429/4722 1994/2563/4724
f 1978/2545/4723 1994/2563/4724 2039/2626/4725
f 2039/2626/4725 1994/2563/4724 2081/2685/4726
f 2081/2685/4726 1994/2563/4724 1842/2372/4727
f 2081/2685/4726 1842/2372/4727 1958/2518/4728
f 2133/2754/4729 2039/2626/4725 2081/2685/4726
f 1958/2518/4728 2069/2664/4730 2081/2685/4726
f 2069/2664/4730 2136/2757/4731 2081/2685/4726
f 2136/2757/4731 2185/2814/4732 2245/2892/4733
f 2081/2685/4726 2136/2757/4731 2245/2892/4733
f 2245/2892/4733 2185/2814/4732 2306/2973/4734
f 2306/2973/4734 2185/2814/4732 2256/2904/4735
f 2306/2973/4734 2256/2904/4735 2271/2926/4736
f 2306/2973/4734 2271/2926/4736 2296/2960/4737
f 2273/2929/4738 2271/2926/4736 2266/2917/4739
f 2296/2960/4737 2271/2926/4736 2273/2929/4738
f 2296/2960/4737 2346/3028/4740 2352/3035/4741
f 2296/2960/4737 2352/3035/4741 2306/2973/4734
f 2296/2960/4737 2273/2929/4738 2346/3028/4740
f 2273/2929/4738 2320/2989/4742 2346/3028/4740
f 2359/3043/4743 2266/2917/4739 2325/2996/4744
f 2320/2989/4742 2273/2929/4738 2266/2917/4739
f 2320/2989/4742 2266/2917/4739 2359/3043/4743
f 2346/3028/4740 2320/2989/4742 2360/3044/4745
f 2346/3028/4740 2360/3044/4745 2352/3035/4741
f 2360/3044/4745 2320/2989/4742 2368/3057/4746
f 2348/3030/4747 2360/3044/4745 2368/3057/4746
f 2352/3035/4741 2360/3044/4745 2353/3036/4748
f 2306/2973/4734 2352/3035/4741 2245/2892/4733
f 2352/3035/4741 2350/3032/4749 2245/2892/4733
f 2352/3035/4741 2353/3036/4748 2350/3032/4749
f 2245/2892/4733 2350/3032/4749 2268/2921/4750
f 2245/2892/4733 2268/2921/4750 2081/2685/4726
f 2268/2921/4750 2350/3032/4749 2353/3036/4748
f 2310/2977/4751 2268/2921/4750 2353/3036/4748
f 2268/2921/4750 2310/2977/4751 2174/2801/4752
f 2174/2801/4752 2310/2977/4751 2259/2909/4753
f 2310/2977/4751 2353/3036/4748 2259/2909/4753
f 2353/3036/4748 2289/2952/4754 2259/2909/4753
f 2353/3036/4748 2348/3030/4747 2289/2952/4754
f 2348/3030/4747 2353/3036/4748 2360/3044/4745
f 2348/3030/4747 2294/2958/4755 2289/2952/4754
f 2294/2958/4755 2348/3030/4747 2305/2972/4756
f 2305/2972/4756 2348/3030/4747 2347/3029/4757
f 2347/3029/4757 2348/3030/4747 2368/3057/4746
f 2289/2952/4754 2294/2958/4755 2319/2988/4758
f 2319/2988/4758 2294/2958/4755 2318/2987/4759
f 2318/2987/4759 2294/2958/4755 2305/2972/4756
f 2319/2988/4758 2318/2987/4759 2307/2974/4760
f 2318/2987/4759 2305/2972/4756 2347/3029/4757
f 2318/2987/4759 2314/2983/4761 2307/2974/4760
f 2289/2952/4754 2319/2988/4758 2259/2909/4753
f 2259/2909/4753 2253/2900/4762 2174/2801/4752
f 2253/2900/4762 2259/2909/4753 2317/2986/4763
f 2317/2986/4763 2259/2909/4753 2319/2988/4758
f 2253/2900/4762 2317/2986/4763 2261/2912/4764
f 2253/2900/4762 2261/2912/4764 2190/2821/4765
f 2190/2821/4765 2261/2912/4764 2139/2761/4766
f 2261/2912/4764 2317/2986/4763 2205/2840/4767
f 2317/2986/4763 2181/2810/4768 2205/2840/4767
f 2286/2949/4769 2317/2986/4763 2319/2988/4758
f 2317/2986/4763 2286/2949/4769 2181/2810/4768
f 2205/2840/4767 2181/2810/4768 2051/2641/4770
f 2051/2641/4770 2181/2810/4768 2026/2610/4771
f 2026/2610/4771 2181/2810/4768 2177/2805/4772
f 2177/2805/4772 2181/2810/4768 2286/2949/4769
f 2177/2805/4772 2165/2790/4773 2026/2610/4771
f 2026/2610/4771 2165/2790/4773 1938/2495/4774
f 2286/2949/4769 2319/2988/4758 2307/2974/4760
f 2286/2949/4769 2307/2974/4760 2177/2805/4772
f 2177/2805/4772 2307/2974/4760 2165/2790/4773
f 2307/2974/4760 2314/2983/4761 2165/2790/4773
f 2165/2790/4773 2227/2870/4775 1912/2463/4776
f 2165/2790/4773 1912/2463/4776 1938/2495/4774
f 2026/2610/4771 1938/2495/4774 1935/2491/4777
f 1658/2148/4711 1935/2491/4777 1938/2495/4774
f 1511/1955/4712 1938/2495/4774 1912/2463/4776
f 1938/2495/4774 1511/1955/4712 1658/2148/4711
f 1658/2148/4711 1685/2180/4715 1935/2491/4777
f 1685/2180/4715 1915/2466/4778 1935/2491/4777
f 1685/2180/4715 1785/2299/4720 1915/2466/4778
f 1915/2466/4778 1785/2299/4720 1794/2308/4719
f 1962/2523/4779 1794/2308/4719 1978/2545/4723
f 1915/2466/4778 1794/2308/4719 1962/2523/4779
f 1962/2523/4779 1978/2545/4723 2036/2623/4780
f 2036/2623/4780 1978/2545/4723 2039/2626/4725
f 2039/2626/4725 2139/2761/4766 2036/2623/4780
f 2139/2761/4766 2039/2626/4725 2133/2754/4729
f 2089/2693/4781 1962/2523/4779 2036/2623/4780
f 2036/2623/4780 2139/2761/4766 2261/2912/4764
f 2036/2623/4780 2261/2912/4764 2205/2840/4767
f 2036/2623/4780 2205/2840/4767 2089/2693/4781
f 2089/2693/4781 2205/2840/4767 2051/2641/4770
f 2089/2693/4781 2051/2641/4770 1915/2466/4778
f 2089/2693/4781 1915/2466/4778 1962/2523/4779
f 1915/2466/4778 2051/2641/4770 2026/2610/4771
f 1915/2466/4778 2026/2610/4771 1935/2491/4777
f 1410/1832/4654 1423/1846/4707 1622/2102/4651
f 1423/1846/4707 1819/2340/4705 1622/2102/4651
f 2219/2859/4782 2102/2710/4652 2052/2642/4783
f 1819/2340/4705 2052/2642/4783 2102/2710/4652
f 2219/2859/4782 2257/2906/4784 2180/2809/4785
f 2219/2859/4782 2180/2809/4785 2102/2710/4652
f 1443/1871/4786 1269/1646/4787 1511/1955/4712
f 1511/1955/4712 1269/1646/4787 1405/1823/4788
f 1511/1955/4712 1405/1823/4788 1523/1968/4709
f 1511/1955/4712 1912/2463/4776 1919/2471/4789
f 1702/2202/4790 1443/1871/4786 1511/1955/4712
f 1269/1646/4787 1443/1871/4786 1379/1787/4791
f 1919/2471/4789 2052/2642/4783 1702/2202/4790
f 2052/2642/4783 1919/2471/4789 2227/2870/4775
f 1702/2202/4790 1511/1955/4712 1919/2471/4789
f 2227/2870/4775 1919/2471/4789 1912/2463/4776
f 2227/2870/4775 2165/2790/4773 2314/2983/4761
f 2338/3015/4792 2227/2870/4775 2314/2983/4761
f 2338/3015/4792 2314/2983/4761 2390/3084/4793
f 2382/3073/4794 2338/3015/4792 2390/3084/4793
f 2052/2642/4783 2227/2870/4775 2219/2859/4782
f 2338/3015/4792 2219/2859/4782 2227/2870/4775
f 2314/2983/4761 2318/2987/4759 2347/3029/4757
f 2390/3084/4793 2314/2983/4761 2347/3029/4757
f 2347/3029/4757 2368/3057/4746 2390/3084/4793
f 2368/3057/4746 2320/2989/4742 2359/3043/4743
f 2368/3057/4746 2359/3043/4743 2390/3084/4793
f 2338/3015/4792 2382/3073/4794 2219/2859/4782
f 2382/3073/4794 2077/2678/4795 2257/2906/4784
f 2382/3073/4794 2232/2878/4796 2077/2678/4795
f 2257/2906/4784 2219/2859/4782 2382/3073/4794
f 1269/1646/4787 1379/1787/4791 1217/1578/4708
f 1146/1487/4706 1217/1578/4708 1379/1787/4791
f 1379/1787/4791 1443/1871/4786 1702/2202/4790
f 2052/2642/4783 1819/2340/4705 1702/2202/4790
f 1379/1787/4791 1702/2202/4790 1423/1846/4707
f 1146/1487/4706 1379/1787/4791 1423/1846/4707
f 1819/2340/4705 1423/1846/4707 1702/2202/4790
f 2127/2746/4649 2102/2710/4652 2180/2809/4785
f 2129/2748/4797 2180/2809/4785 2257/2906/4784
f 2127/2746/4649 2005/2583/4650 2102/2710/4652
f 2180/2809/4785 2129/2748/4797 2127/2746/4649
f 2127/2746/4649 2129/2748/4797 1928/2482/4647
f 2077/2678/4795 2129/2748/4797 2257/2906/4784
f 2301/2967/4798 2232/2878/4796 2382/3073/4794
f 2382/3073/4794 2390/3084/4793 2359/3043/4743
f 2382/3073/4794 2359/3043/4743 2301/2967/4798
f 2325/2996/4744 2301/2967/4798 2359/3043/4743
f 2133/2754/4729 2174/2801/4752 2253/2900/4762
f 2133/2754/4729 2253/2900/4762 2190/2821/4765
f 2190/2821/4765 2139/2761/4766 2133/2754/4729
f 2133/2754/4729 2208/2844/4799 2174/2801/4752
f 2208/2844/4799 2133/2754/4729 2081/2685/4726
f 2174/2801/4752 2208/2844/4799 2268/2921/4750
f 2268/2921/4750 2208/2844/4799 2081/2685/4726
f 903/1162/4695 1047/1359/4800 989/1275/4694
f 903/1162/4695 993/1281/4698 1047/1359/4800
f 1217/1579/4708 1047/1359/4800 1200/1556/4801
f 1151/1495/4802 1047/1359/4800 993/1281/4698
f 1047/1359/4800 1151/1495/4802 1200/1556/4801
f 1151/1495/4802 1229/1591/4803 1413/1835/4804
f 1217/1579/4708 1200/1556/4801 1269/1647/4787
f 1269/1647/4787 1200/1556/4801 1405/1824/4788
f 1405/1824/4788 1200/1556/4801 1314/1704/4805
f 1405/1824/4788 1314/1704/4805 1442/1870/4806
f 1314/1704/4805 1434/1860/4807 1442/1870/4806
f 1314/1704/4805 1200/1556/4801 1151/1495/4802
f 1151/1495/4802 1413/1835/4804 1433/1859/4808
f 1433/1859/4808 1314/1704/4805 1151/1495/4802
f 1047/1359/4800 1217/1579/4708 989/1275/4694
f 920/1187/4687 1239/1604/4809 993/1281/4698
f 1239/1604/4809 920/1187/4687 1399/1814/4699
f 1229/1591/4803 993/1281/4698 1239/1604/4809
f 1151/1495/4802 993/1281/4698 1229/1591/4803
f 1229/1591/4803 1239/1604/4809 1399/1814/4699
f 1413/1835/4804 1229/1591/4803 1515/1959/4810
f 2066/2660/4811 1515/1959/4810 1850/2383/4812
f 1413/1835/4804 1515/1959/4810 1789/2303/4813
f 1789/2303/4813 1515/1959/4810 2066/2660/4811
f 1413/1835/4804 1608/2083/4814 1433/1859/4808
f 1775/2288/4815 1608/2083/4814 1413/1835/4804
f 1775/2288/4815 1413/1835/4804 1789/2303/4813
f 1608/2083/4814 1775/2288/4815 1679/2172/4816
f 1433/1859/4808 1608/2083/4814 1604/2079/4817
f 1479/1916/4818 1433/1859/4808 1604/2079/4817
f 1586/2056/4819 1479/1916/4818 1604/2079/4817
f 1479/1916/4818 1586/2056/4819 1593/2065/4820
f 1479/1916/4818 1593/2065/4820 1600/2074/4821
f 1593/2065/4820 1710/2211/4822 1600/2074/4821
f 1600/2074/4821 1710/2211/4822 1613/2090/4823
f 1600/2074/4821 1613/2090/4823 1524/1970/4824
f 1734/2239/4825 1710/2211/4822 1593/2065/4820
f 1637/2121/4826 1734/2239/4825 1593/2065/4820
f 1637/2121/4826 1593/2065/4820 1586/2056/4819
f 1637/2121/4826 1670/2161/4827 1734/2239/4825
f 1613/2090/4823 1734/2239/4825 1669/2160/4828
f 1734/2239/4825 1613/2090/4823 1710/2211/4822
f 1669/2160/4828 1577/2044/4829 1587/2057/4830
f 1613/2090/4823 1669/2160/4828 1587/2057/4830
f 1571/2037/4831 1613/2090/4823 1587/2057/4830
f 1613/2090/4823 1571/2037/4831 1524/1970/4824
f 1466/1899/4832 1524/1970/4824 1571/2037/4831
f 1524/1970/4824 1466/1899/4832 1442/1870/4806
f 1524/1970/4824 1479/1916/4818 1600/2074/4821
f 1479/1916/4818 1524/1970/4824 1442/1870/4806
f 1433/1859/4808 1479/1916/4818 1434/1860/4807
f 1434/1860/4807 1479/1916/4818 1442/1870/4806
f 1442/1870/4806 1466/1899/4832 1500/1941/4833
f 1442/1870/4806 1500/1941/4833 1514/1958/4834
f 1442/1870/4806 1514/1958/4834 1405/1824/4788
f 1405/1824/4788 1514/1958/4834 1523/1969/4709
f 1523/1969/4709 1514/1958/4834 1582/2051/4710
f 1582/2051/4710 1514/1958/4834 1598/2072/4713
f 1514/1958/4834 1500/1941/4833 1624/2105/4835
f 1647/2135/4717 1598/2072/4713 1514/1958/4834
f 1624/2105/4835 1500/1941/4833 1648/2136/4836
f 1648/2136/4836 1500/1941/4833 1571/2037/4831
f 1680/2173/4837 1624/2105/4835 1648/2136/4836
f 1514/1958/4834 1624/2105/4835 1680/2173/4837
f 1514/1958/4834 1680/2173/4837 1647/2135/4717
f 1680/2173/4837 1648/2136/4836 1639/2123/4838
f 1639/2123/4838 1648/2136/4836 1571/2037/4831
f 1639/2123/4838 1571/2037/4831 1577/2044/4829
f 1571/2037/4831 1587/2057/4830 1577/2044/4829
f 1466/1899/4832 1571/2037/4831 1500/1941/4833
f 1434/1860/4807 1314/1704/4805 1433/1859/4808
f 1608/2083/4814 1679/2172/4816 1604/2079/4817
f 1586/2056/4819 1604/2079/4817 1637/2121/4826
f 1731/2236/4839 1679/2172/4816 1775/2288/4815
f 1731/2236/4839 1604/2079/4817 1679/2172/4816
f 1604/2079/4817 1731/2236/4839 1637/2121/4826
f 1637/2121/4826 1731/2236/4839 1717/2219/4840
f 1670/2161/4827 1637/2121/4826 1717/2219/4840
f 1670/2161/4827 1717/2219/4840 1746/2253/4841
f 1717/2219/4840 1802/2320/4842 1746/2253/4841
f 1670/2161/4827 1746/2253/4841 1735/2240/4843
f 1670/2161/4827 1805/2323/4844 1734/2239/4825
f 1670/2161/4827 1735/2240/4843 1805/2323/4844
f 1735/2240/4843 1858/2393/4845 1805/2323/4844
f 1770/2283/4846 1805/2323/4844 1858/2393/4845
f 1805/2323/4844 1770/2283/4846 1733/2238/4847
f 1805/2323/4844 1733/2238/4847 1734/2239/4825
f 1858/2393/4845 1735/2240/4843 1882/2425/4848
f 1882/2425/4848 1735/2240/4843 1746/2253/4841
f 1734/2239/4825 1733/2238/4847 1669/2160/4828
f 1577/2044/4829 1669/2160/4828 1666/2157/4849
f 1666/2157/4849 1669/2160/4828 1733/2238/4847
f 1577/2044/4829 1666/2157/4849 1655/2143/4850
f 1577/2044/4829 1655/2143/4850 1639/2123/4838
f 1639/2123/4838 1655/2143/4850 1680/2173/4837
f 1655/2143/4850 1666/2157/4849 1724/2228/4851
f 1680/2173/4837 1655/2143/4850 1725/2229/4852
f 1725/2229/4852 1655/2143/4850 1724/2228/4851
f 1725/2229/4852 1808/2326/4853 1680/2173/4837
f 1808/2326/4853 1725/2229/4852 1885/2430/4722
f 1885/2430/4722 1725/2229/4852 1724/2228/4851
f 1885/2430/4722 1724/2228/4851 1842/2373/4727
f 1808/2326/4853 1885/2430/4722 1729/2234/4718
f 1994/2564/4724 1885/2430/4722 1842/2373/4727
f 1808/2326/4853 1729/2234/4718 1680/2173/4837
f 1680/2173/4837 1729/2234/4718 1647/2135/4717
f 2066/2660/4811 2071/2667/4854 1789/2303/4813
f 2071/2667/4854 2066/2660/4811 2301/2968/4798
f 2066/2660/4811 2232/2879/4796 2301/2968/4798
f 2301/2968/4798 2311/2978/4855 2071/2667/4854
f 2311/2978/4855 2301/2968/4798 2325/2997/4744
f 2266/2918/4739 2271/2927/4736 2325/2997/4744
f 2325/2997/4744 2315/2984/4856 2311/2978/4855
f 2271/2927/4736 2256/2905/4735 2285/2948/4857
f 2285/2948/4857 2256/2905/4735 2185/2815/4732
f 2185/2815/4732 2136/2758/4731 2069/2665/4730
f 2185/2815/4732 2069/2665/4730 2132/2753/4858
f 2132/2753/4858 2069/2665/4730 2062/2654/4859
f 2069/2665/4730 1958/2519/4728 2062/2654/4859
f 1892/2438/4860 1958/2519/4728 1842/2373/4727
f 1892/2438/4860 1842/2373/4727 1730/2235/4861
f 1730/2235/4861 1842/2373/4727 1724/2228/4851
f 1730/2235/4861 1724/2228/4851 1666/2157/4849
f 1730/2235/4861 1666/2157/4849 1733/2238/4847
f 1770/2283/4846 1730/2235/4861 1733/2238/4847
f 1892/2438/4860 1730/2235/4861 1770/2283/4846
f 1892/2438/4860 1770/2283/4846 1858/2393/4845
f 1858/2393/4845 1958/2519/4728 1892/2438/4860
f 1958/2519/4728 1858/2393/4845 1882/2425/4848
f 1958/2519/4728 1882/2425/4848 2062/2654/4859
f 1882/2425/4848 1950/2509/4862 2062/2654/4859
f 1950/2509/4862 1882/2425/4848 1746/2253/4841
f 1950/2509/4862 1746/2253/4841 1884/2428/4863
f 1884/2428/4863 1746/2253/4841 1802/2320/4842
f 1841/2371/4864 1802/2320/4842 1717/2219/4840
f 1717/2219/4840 1731/2236/4839 1841/2371/4864
f 1731/2236/4839 1909/2460/4865 1841/2371/4864
f 1909/2460/4865 1731/2236/4839 1845/2378/4866
f 1841/2371/4864 1909/2460/4865 1982/2550/4867
f 1841/2371/4864 1982/2550/4867 1802/2320/4842
f 1802/2320/4842 1982/2550/4867 1884/2428/4863
f 1909/2460/4865 2085/2689/4868 1982/2550/4867
f 1982/2550/4867 2085/2689/4868 2084/2688/4869
f 1982/2550/4867 2084/2688/4869 1884/2428/4863
f 1950/2509/4862 1884/2428/4863 2084/2688/4869
f 1950/2509/4862 2084/2688/4869 2062/2654/4859
f 2062/2654/4859 2084/2688/4869 2195/2828/4870
f 2062/2654/4859 2195/2828/4870 2132/2753/4858
f 2195/2828/4870 2084/2688/4869 2196/2829/4871
f 2196/2829/4871 2084/2688/4869 2085/2689/4868
f 2195/2828/4870 2249/2896/4872 2132/2753/4858
f 2132/2753/4858 2249/2896/4872 2185/2815/4732
f 2285/2948/4857 2185/2815/4732 2249/2896/4872
f 2196/2829/4871 2249/2896/4872 2195/2828/4870
f 2285/2948/4857 2249/2896/4872 2196/2829/4871
f 2285/2948/4857 2196/2829/4871 2315/2984/4856
f 2196/2829/4871 2085/2689/4868 2187/2817/4873
f 2196/2829/4871 2187/2817/4873 2315/2984/4856
f 2315/2984/4856 2187/2817/4873 2280/2940/4874
f 2285/2948/4857 2315/2984/4856 2271/2927/4736
f 2271/2927/4736 2315/2984/4856 2325/2997/4744
f 2315/2984/4856 2280/2940/4874 2311/2978/4855
f 2187/2817/4873 2085/2689/4868 2071/2667/4854
f 2085/2689/4868 1909/2460/4865 1845/2378/4866
f 2071/2667/4854 2085/2689/4868 1845/2378/4866
f 2187/2817/4873 2071/2667/4854 2280/2940/4874
f 2311/2978/4855 2280/2940/4874 2071/2667/4854
f 2071/2667/4854 1845/2378/4866 1789/2303/4813
f 1775/2288/4815 1789/2303/4813 1845/2378/4866
f 1845/2378/4866 1731/2236/4839 1775/2288/4815
f 2232/2879/4796 2066/2660/4811 2077/2679/4795
f 2129/2749/4797 2077/2679/4795 1705/2206/4648
f 2077/2679/4795 1850/2383/4812 1705/2206/4648
f 2066/2660/4811 1850/2383/4812 2077/2679/4795
f 2129/2749/4797 1705/2206/4648 1928/2483/4647
f 1705/2206/4648 1850/2383/4812 1399/1814/4699
f 1229/1591/4803 1399/1814/4699 1515/1959/4810
f 1399/1814/4699 1850/2383/4812 1515/1959/4810
