# Blender 3.4.1
# www.blender.org
mtllib Floor.mtl
o tripo_node_2cba86f1-2195-4984-ae89-26e89142e6c3
v 0.013810 -0.112966 -0.093491
v 0.014003 -0.113093 0.093527
v 0.013944 -0.113130 -0.290611
v 0.014747 -0.001287 -0.094640
v 0.017136 -0.001077 0.094344
v 0.014084 -0.113054 0.290632
v 0.013916 -0.003801 -0.277221
v 0.014102 -0.113607 0.499385
v 0.014153 -0.112791 -0.316710
v 0.014412 -0.113883 0.106264
v 0.014132 -0.113833 -0.498996
v 0.014254 -0.001401 0.290949
v 0.021088 -0.111250 0.320324
v 0.014040 -0.114229 0.346947
v 0.014190 -0.113643 -0.200683
v 0.017673 -0.002055 0.106000
v 0.014068 -0.001303 -0.498945
v 0.014591 -0.004210 0.313019
v 0.014095 -0.113577 -0.107536
v 0.014514 -0.002415 -0.312774
v 0.014331 -0.001332 -0.107104
v 0.014296 -0.001335 0.499384
v 0.027367 -0.003132 0.089868
v 0.014125 -0.113524 0.000190
v 0.021899 -0.018760 0.108851
v 0.019008 -0.017683 -0.107977
v 0.044719 -0.069395 -0.325411
v 0.023420 -0.003796 -0.000408
v 0.019211 -0.113242 -0.108156
v 0.016426 -0.010090 -0.288769
v 0.046856 -0.002080 -0.273105
v 0.037605 -0.084806 -0.290920
v 0.035867 -0.083351 0.291551
v 0.049938 -0.031534 -0.318835
v 0.042498 -0.110568 0.079907
v 0.070229 -0.112275 0.389640
v 0.052571 -0.029504 0.315043
v 0.090067 -0.112727 -0.290155
v 0.037334 -0.001954 0.082587
v 0.043958 -0.106405 -0.281595
v 0.056880 -0.109060 0.258953
v 0.046793 -0.043664 0.328227
v 0.027768 -0.025612 -0.283328
v 0.042864 -0.104525 -0.122185
v 0.042319 -0.029877 0.088040
v 0.046297 -0.037692 0.076630
v 0.024314 -0.007074 -0.093996
v 0.046969 -0.037902 -0.107285
v 0.050072 -0.093837 0.323784
v 0.045733 -0.042043 0.122406
v 0.030858 -0.001587 0.087678
v 0.036758 -0.110888 -0.082842
v 0.042476 -0.104823 0.121932
v 0.034809 -0.109283 -0.320595
v 0.050275 -0.109306 0.367678
v 0.048142 -0.108973 -0.367026
v 0.050091 -0.010114 -0.288195
v 0.044110 -0.108159 0.287832
v 0.094107 -0.004807 0.094092
v 0.032840 -0.001568 0.086804
v 0.047192 -0.037647 0.107356
v 0.047550 -0.038577 -0.074842
v 0.048659 -0.035347 -0.093806
v 0.044955 -0.101713 -0.077098
v 0.034775 -0.001394 -0.086029
v 0.048259 -0.037922 0.077563
v 0.051614 -0.020721 -0.270587
v 0.072286 -0.111882 0.001092
v 0.166736 -0.112832 0.498963
v 0.084508 -0.002945 0.005600
v 0.051013 -0.097186 -0.323798
v 0.050496 -0.110406 0.151650
v 0.045093 -0.109943 -0.085507
v 0.088684 -0.109532 -0.395395
v 0.048523 -0.034790 0.093829
v 0.057844 -0.015198 -0.000881
v 0.050561 -0.109697 -0.151222
v 0.051121 -0.096606 0.326094
v 0.043686 -0.092909 -0.106029
v 0.050200 -0.097887 -0.320392
v 0.046007 -0.092895 0.107056
v 0.054989 -0.111847 -0.257125
v 0.091643 -0.002707 0.315236
v 0.053125 -0.030532 -0.312707
v 0.048555 -0.107771 -0.080436
v 0.046225 -0.107641 -0.081304
v 0.046922 -0.110395 -0.096520
v 0.046909 -0.044931 -0.122135
v 0.048686 -0.111161 0.095791
v 0.048106 -0.100158 0.099099
v 0.047480 -0.035932 -0.094997
v 0.049051 -0.098489 -0.104997
v 0.048889 -0.102667 -0.104676
v 0.047420 -0.036430 0.095631
v 0.047446 -0.037801 0.077452
v 0.094102 -0.004553 0.290807
v 0.052960 -0.110260 0.313610
v 0.047945 -0.038047 0.083545
v 0.049568 -0.108677 -0.085963
v 0.049232 -0.083724 -0.066598
v 0.049172 -0.096910 -0.103821
v 0.050624 -0.095915 -0.094080
v 0.059924 -0.037302 0.060513
v 0.050269 -0.052197 -0.149300
v 0.049459 -0.037489 0.082409
v 0.055470 -0.111021 0.077870
v 0.051432 -0.099113 0.085504
v 0.065104 -0.111330 0.319641
v 0.068074 -0.110983 -0.069378
v 0.094503 -0.007261 -0.468534
v 0.071131 -0.068049 -0.045877
v 0.093005 -0.112778 0.288260
v 0.070196 -0.103179 -0.353795
v 0.068923 -0.003809 -0.221174
v 0.065041 -0.111944 -0.319770
v 0.111744 -0.073622 0.299609
v 0.069630 -0.031515 -0.343922
v 0.066173 -0.025811 0.342247
v 0.075182 -0.031246 -0.122873
v 0.069493 -0.102537 0.053863
v 0.072451 -0.107202 0.351171
v 0.068639 -0.026738 -0.231304
v 0.074368 -0.033927 0.127516
v 0.090030 -0.001504 0.390488
v 0.052797 -0.047960 0.151267
v 0.089580 -0.001457 -0.003113
v 0.093046 -0.005191 -0.106189
v 0.091485 -0.103457 0.157048
v 0.071059 -0.034778 -0.147609
v 0.090234 -0.023694 -0.051829
v 0.073336 -0.112993 -0.312838
v 0.048000 -0.077612 0.065366
v 0.089615 -0.100426 -0.153350
v 0.091308 -0.110707 -0.181457
v 0.087901 -0.110890 0.275887
v 0.106285 -0.110520 -0.400540
v 0.079695 -0.111366 0.351908
v 0.073867 -0.111707 0.066124
v 0.066618 -0.100868 -0.261845
v 0.069270 -0.101530 -0.053376
v 0.073056 -0.072408 -0.356997
v 0.090520 -0.000522 -0.237191
v 0.093881 -0.111952 -0.279056
v 0.092759 -0.002492 -0.332337
v 0.094989 -0.003287 0.470010
v 0.094141 -0.003804 0.499200
v 0.091109 -0.034443 0.148433
v 0.070803 -0.067677 0.046346
v 0.090118 -0.001404 -0.220516
v 0.103269 -0.076606 -0.295647
v 0.093159 -0.111490 -0.257161
v 0.089685 -0.100056 0.046859
v 0.091126 -0.067681 0.362200
v 0.092078 -0.004665 0.106895
v 0.091384 -0.020059 0.056036
v 0.091934 -0.005474 0.263552
v 0.082282 -0.111398 -0.348304
v 0.089511 -0.097666 -0.045740
v 0.090201 -0.103867 0.348814
v 0.094179 -0.003726 -0.316052
v 0.093809 -0.027122 0.000328
v 0.091419 -0.028884 -0.145679
v 0.091565 -0.066312 -0.037556
v 0.091818 -0.012804 -0.343625
v 0.093033 -0.080943 0.358712
v 0.091480 -0.017056 0.347919
v 0.092464 -0.101601 -0.350577
v 0.090386 -0.109314 0.241223
v 0.094797 -0.100904 0.358113
v 0.092600 -0.113110 -0.059842
v 0.089778 -0.106384 -0.238814
v 0.089102 -0.023907 -0.228382
v 0.115052 -0.111432 -0.066929
v 0.166480 -0.112422 -0.498805
v 0.091999 -0.113206 0.063822
v 0.113781 -0.028352 -0.293209
v 0.091897 -0.104918 0.375829
v 0.093387 -0.111422 0.065900
v 0.092090 -0.090276 0.356527
v 0.091809 -0.097729 0.000903
v 0.093441 -0.083750 0.229328
v 0.091842 -0.068102 0.403197
v 0.094451 -0.105137 -0.374436
v 0.091360 -0.009692 -0.093550
v 0.093553 -0.036067 -0.202157
v 0.091340 -0.062195 0.038085
v 0.097259 -0.104188 -0.052274
v 0.091387 -0.076415 0.360998
v 0.092983 -0.021932 -0.400021
v 0.090626 -0.001077 -0.285482
v 0.093995 -0.015113 0.466856
v 0.094783 -0.027294 -0.235484
v 0.093031 -0.022225 0.401111
v 0.091964 -0.066044 -0.362884
v 0.094139 -0.065435 -0.215860
v 0.094120 -0.067746 0.008246
v 0.093795 -0.064150 -0.013769
v 0.093333 -0.074627 0.204840
v 0.092663 -0.088287 0.358016
v 0.093974 -0.098963 -0.361562
v 0.094341 -0.110501 0.394920
v 0.093306 -0.032390 0.190050
v 0.095639 -0.052563 -0.392821
v 0.093159 -0.097648 -0.187131
v 0.093106 -0.105921 -0.381127
v 0.092575 -0.062904 -0.361608
v 0.093698 -0.047672 0.209281
v 0.095236 -0.068033 0.361704
v 0.093808 -0.038055 -0.182663
v 0.107927 -0.069721 -0.360308
v 0.094351 -0.065086 -0.361804
v 0.094602 -0.045285 0.008840
v 0.093492 -0.081954 0.181386
v 0.097113 -0.003624 0.268345
v 0.095442 -0.085029 0.358717
v 0.095628 -0.112080 -0.190213
v 0.094526 -0.104572 -0.374819
v 0.094417 -0.105197 -0.382765
v 0.096401 -0.097811 0.357271
v 0.095207 -0.102665 -0.364695
v 0.129799 -0.080718 0.291296
v 0.109212 -0.087590 0.358858
v 0.095046 -0.037674 0.361300
v 0.095273 -0.005215 -0.330462
v 0.096388 -0.112198 0.188489
v 0.094915 -0.062827 -0.361973
v 0.095000 -0.029366 -0.352857
v 0.095111 -0.081604 0.359204
v 0.107248 -0.001444 -0.267442
v 0.097532 -0.100392 -0.153888
v 0.094466 -0.003892 -0.498994
v 0.096951 -0.002393 -0.383629
v 0.097118 -0.098770 0.152879
v 0.097270 -0.003326 0.382500
v 0.098435 -0.098861 0.047317
v 0.096251 -0.111769 0.250155
v 0.098719 -0.021525 -0.138117
v 0.096346 -0.001403 -0.316596
v 0.099375 -0.061263 0.160825
v 0.095442 -0.097396 -0.002538
v 0.097220 -0.105022 -0.238032
v 0.097297 -0.038176 0.041525
v 0.096846 -0.056197 -0.153623
v 0.098415 -0.001439 -0.141098
v 0.096313 -0.114030 0.060518
v 0.096639 -0.001521 0.318921
v 0.097263 -0.001463 -0.469490
v 0.095971 -0.006180 0.093946
v 0.094218 -0.007208 0.106837
v 0.111506 0.030110 -0.295401
v 0.098043 -0.030561 0.147381
v 0.097128 -0.001403 0.003761
v 0.116199 -0.112538 -0.362668
v 0.095691 -0.005151 -0.094535
v 0.100599 -0.112151 0.343782
v 0.098517 -0.110971 -0.340306
v 0.106790 0.025633 -0.269165
v 0.114562 -0.108000 0.353795
v 0.106005 -0.026369 -0.307242
v 0.109031 -0.106954 0.267343
v 0.119121 -0.056890 -0.044465
v 0.120239 -0.098910 0.051001
v 0.120474 -0.023235 -0.338050
v 0.097493 -0.024473 -0.050107
v 0.116036 -0.111894 0.001500
v 0.132368 -0.105486 0.279738
v 0.105359 -0.111669 0.401347
v 0.125670 -0.001628 0.492294
v 0.108459 -0.107827 -0.263168
v 0.120478 -0.098152 -0.051146
v 0.132453 -0.110396 0.078141
v 0.113120 -0.105942 -0.353241
v 0.106535 -0.002129 0.180851
v 0.101882 -0.000332 -0.002331
v 0.119213 -0.057638 0.044679
v 0.120043 -0.024173 0.342147
v 0.139805 -0.066889 0.152402
v 0.123570 -0.040446 0.149475
v 0.107328 -0.019879 0.178215
v 0.122592 -0.011124 -0.000740
v 0.117473 -0.024752 0.120595
v 0.133775 -0.002444 -0.493242
v 0.166418 -0.001570 -0.093428
v 0.117594 -0.100008 0.396971
v 0.121028 -0.112064 0.377549
v 0.112955 -0.001291 0.108490
v 0.128774 -0.101118 -0.275909
v 0.146843 -0.084379 -0.290973
v 0.131563 -0.041219 0.060620
v 0.134176 -0.109905 0.150750
v 0.112684 -0.029092 0.146710
v 0.114871 -0.031598 -0.120036
v 0.115347 -0.018131 0.111358
v 0.147819 -0.037288 0.320708
v 0.120460 -0.096469 -0.397051
v 0.125057 -0.030193 0.155851
v 0.123778 -0.003557 0.001235
v 0.126697 -0.003068 0.140899
v 0.121218 -0.011678 0.188556
v 0.121406 -0.001421 -0.289530
v 0.166681 -0.001482 0.317233
v 0.139894 -0.038479 -0.093364
v 0.134308 -0.041439 -0.065086
v 0.124423 -0.001436 0.000916
v 0.120740 -0.112194 -0.379315
v 0.125115 -0.002001 0.256819
v 0.122525 -0.030082 0.251819
v 0.137025 -0.037288 0.111144
v 0.122723 -0.001385 -0.003536
v 0.130581 -0.111698 0.415226
v 0.166677 -0.002660 0.289689
v 0.138732 -0.078850 -0.065798
v 0.138523 -0.096012 -0.326483
v 0.134550 -0.110822 -0.153296
v 0.138787 -0.088545 0.095335
v 0.153193 -0.027909 0.157723
v 0.139385 -0.075343 0.066253
v 0.132325 -0.001557 0.203465
v 0.145159 -0.038113 -0.321795
v 0.138878 -0.036746 0.093619
v 0.166802 -0.113033 0.290158
v 0.136910 -0.112757 -0.421164
v 0.134886 -0.098215 0.329044
v 0.153895 -0.014122 0.110207
v 0.132006 -0.109337 -0.325581
v 0.131664 -0.111270 -0.258679
v 0.136188 -0.094172 -0.093723
v 0.138626 -0.111119 0.327537
v 0.155629 -0.000533 -0.102591
v 0.130018 -0.110317 0.258910
v 0.135787 -0.052396 -0.148360
v 0.140415 -0.019428 0.201406
v 0.166603 -0.000911 0.499595
v 0.147691 -0.109769 0.399981
v 0.144882 -0.105390 0.120004
v 0.136388 -0.109901 -0.079123
v 0.134247 -0.111523 -0.130675
v 0.147325 -0.045726 0.132051
v 0.138055 -0.036185 -0.106496
v 0.135354 -0.092641 -0.107141
v 0.140335 -0.104951 0.335236
v 0.139555 -0.110980 0.097401
v 0.139795 -0.108387 -0.096194
v 0.140367 -0.045160 0.124861
v 0.146307 -0.112724 -0.288370
v 0.142250 -0.106880 -0.334945
v 0.148075 -0.108366 -0.400503
v 0.149488 -0.111010 -0.085283
v 0.141850 -0.048299 -0.120880
v 0.140961 -0.090718 0.105585
v 0.156436 -0.031629 0.186111
v 0.143081 -0.106380 -0.079678
v 0.139553 -0.069156 0.075640
v 0.143044 -0.045172 -0.083493
v 0.144446 -0.099752 -0.119560
v 0.145174 -0.110701 0.082787
v 0.145570 -0.054944 0.119988
v 0.165161 -0.112680 0.315658
v 0.143835 -0.091564 -0.107432
v 0.166239 -0.113693 -0.316594
v 0.162536 -0.001357 0.187918
v 0.157437 0.067797 -0.482598
v 0.149531 -0.001447 -0.468900
v 0.164938 -0.036077 0.094096
v 0.165958 -0.115282 -0.393041
v 0.156029 -0.038436 0.136647
v 0.166093 -0.113115 0.107058
v 0.166180 -0.113095 -0.106652
v 0.163290 -0.037607 -0.108136
v 0.166368 -0.001537 0.093411
v 0.166713 -0.112649 0.093243
v 0.165992 -0.020505 0.179701
v 0.166813 -0.001401 -0.290162
v 0.166603 -0.001389 -0.473200
v 0.166866 -0.113558 -0.092384
v 0.166294 -0.002739 -0.496901
v 0.163495 -0.014933 0.106806
v 0.166551 -0.001553 -0.316252
v 0.167205 -0.113894 0.172255
v 0.167125 -0.113376 -0.290227
v 0.178739 -0.112877 -0.289908
v 0.179158 -0.112289 0.092892
v 0.179286 -0.111622 -0.093112
v 0.179948 -0.113082 -0.105308
v 0.180692 -0.112840 0.107353
v 0.179146 -0.113147 0.498806
v 0.178385 -0.113137 0.290222
v 0.179193 -0.001499 -0.289842
v 0.179118 -0.113151 0.318136
v 0.179282 -0.001496 0.317969
v 0.178912 -0.001402 0.107632
v 0.179049 -0.001382 0.290261
v 0.179622 -0.112916 -0.498750
v 0.180073 -0.054075 0.134501
v 0.180716 -0.005764 -0.093372
v 0.179468 -0.001633 0.133170
v 0.181500 -0.002491 0.224047
v 0.180564 -0.003530 0.093704
v 0.179930 -0.001354 -0.431689
v 0.179224 -0.001308 -0.498724
v 0.179447 -0.001496 -0.107600
v 0.181168 -0.007304 -0.325286
v 0.179590 -0.113208 -0.317220
v 0.180404 -0.044597 -0.317122
v 0.181437 -0.002194 -0.444750
v 0.181635 -0.015026 -0.390262
v 0.184953 -0.008868 -0.396241
v 0.182662 -0.027427 -0.431389
v 0.186827 -0.002570 0.108242
v 0.185357 -0.067328 -0.364813
v 0.185520 -0.012385 -0.411599
v 0.187538 -0.070216 -0.332708
v 0.201018 -0.001907 -0.432807
v 0.196280 -0.002299 0.173683
v 0.202701 -0.109663 -0.101106
v 0.186564 -0.072861 -0.113090
v 0.193032 -0.012320 -0.335708
v 0.193466 -0.033203 -0.349351
v 0.186027 -0.015078 -0.108825
v 0.182187 -0.033214 -0.424447
v 0.185753 -0.070176 0.113531
v 0.203983 -0.001469 -0.414523
v 0.226668 -0.104510 -0.122913
v 0.206412 -0.110401 0.262741
v 0.203124 -0.096769 0.076160
v 0.208485 -0.109734 -0.260795
v 0.195665 -0.015890 0.109909
v 0.205498 -0.021039 0.123344
v 0.201105 -0.070854 -0.375386
v 0.205897 -0.105585 -0.282770
v 0.187694 -0.028546 -0.319684
v 0.202114 -0.031110 -0.078579
v 0.179262 -0.001389 0.499142
v 0.265408 -0.113507 0.291638
v 0.249071 -0.009361 0.093097
v 0.248487 -0.000994 0.107739
v 0.198290 -0.111383 0.108468
v 0.207270 -0.012423 -0.418811
v 0.190826 -0.001769 0.111149
v 0.191340 -0.001636 0.112381
v 0.208603 -0.022426 -0.123455
v 0.197819 -0.012717 -0.375323
v 0.197493 -0.110601 -0.107932
v 0.205042 -0.097072 -0.076005
v 0.200567 -0.061677 -0.350676
v 0.192503 -0.001776 0.111455
v 0.194924 -0.001655 -0.269253
v 0.204160 -0.008742 -0.320678
v 0.204213 -0.031307 0.078379
v 0.202599 -0.032051 -0.354323
v 0.255974 -0.110939 -0.318522
v 0.249081 -0.009531 -0.092899
v 0.217271 -0.036613 -0.318063
v 0.251952 -0.111478 -0.498668
v 0.205850 -0.103974 -0.120449
v 0.204797 -0.008564 -0.340068
v 0.250971 -0.004770 0.498510
v 0.204960 -0.106775 -0.091172
v 0.252839 -0.112618 0.498853
v 0.251934 -0.110464 0.319042
v 0.207034 -0.028526 -0.093272
v 0.217787 -0.078401 -0.318478
v 0.263879 -0.115134 -0.291303
v 0.225672 -0.027435 -0.107745
v 0.207694 -0.109788 0.102133
v 0.248201 -0.001796 -0.000188
v 0.230939 -0.022928 -0.341126
v 0.207693 -0.106257 -0.096395
v 0.207859 -0.103155 -0.104363
v 0.214512 -0.088266 -0.112134
v 0.206835 -0.103673 0.119706
v 0.212864 -0.001607 0.250414
v 0.209370 -0.104864 0.281721
v 0.210443 -0.101240 -0.091831
v 0.248959 -0.111600 -0.240478
v 0.214347 -0.067293 -0.348495
v 0.212208 -0.110356 -0.095104
v 0.207953 -0.104824 -0.094158
v 0.207752 -0.104485 0.093797
v 0.212579 -0.106367 -0.099839
v 0.210169 -0.100425 0.103905
v 0.221695 -0.093195 0.047416
v 0.221817 -0.110904 -0.073847
v 0.211195 -0.059638 -0.101930
v 0.214150 -0.058576 0.102106
v 0.214820 -0.086367 0.111611
v 0.222186 -0.074858 0.085010
v 0.220683 -0.111059 0.076895
v 0.217999 -0.001435 -0.432486
v 0.224531 -0.104451 0.284033
v 0.227291 -0.102659 0.081393
v 0.250531 -0.001763 -0.289690
v 0.222076 -0.043482 0.097204
v 0.222816 -0.043669 -0.097970
v 0.248640 -0.001277 -0.318769
v 0.226449 -0.100222 0.118715
v 0.226188 -0.091528 -0.114776
v 0.221568 -0.107053 -0.342295
v 0.224406 -0.112265 0.103493
v 0.243657 -0.109726 -0.259500
v 0.226043 -0.096433 -0.048280
v 0.223822 -0.103630 -0.318658
v 0.231591 -0.050995 -0.109559
v 0.228905 -0.065865 -0.081514
v 0.225377 -0.088341 0.115441
v 0.251535 -0.022995 0.318486
v 0.230770 -0.103110 -0.076834
v 0.247046 -0.106702 0.007097
v 0.227320 -0.046648 0.144886
v 0.229122 -0.022517 -0.091918
v 0.226890 -0.047362 -0.145133
v 0.229420 -0.021880 0.093351
v 0.225626 -0.029431 0.109497
v 0.230016 -0.114624 0.143751
v 0.227958 -0.112935 -0.148624
v 0.237345 -0.082592 0.069812
v 0.235513 -0.082404 -0.070905
v 0.248830 -0.001408 -0.107621
v 0.246831 -0.105677 -0.320517
v 0.246835 -0.110900 0.261659
v 0.230937 -0.066503 0.079125
v 0.240345 -0.001808 -0.416765
v 0.233394 -0.002399 -0.323689
v 0.261205 -0.112879 -0.095058
v 0.242026 -0.077202 0.128535
v 0.240059 -0.050787 -0.079953
v 0.245148 -0.109952 -0.116042
v 0.250401 -0.107989 -0.151955
v 0.253943 -0.024001 -0.135213
v 0.238642 -0.082300 0.112159
v 0.237623 -0.079358 -0.123514
v 0.239900 -0.080955 -0.111312
v 0.236091 -0.097344 0.237747
v 0.251231 -0.003393 0.290036
v 0.244791 -0.106815 0.078780
v 0.249781 -0.066282 -0.041089
v 0.241070 -0.107568 0.118057
v 0.250562 -0.110728 0.056153
v 0.253929 -0.013165 0.109396
v 0.248461 -0.078596 0.036404
v 0.242288 -0.052213 0.109549
v 0.240511 -0.081089 0.081837
v 0.242240 -0.081877 -0.080709
v 0.275455 -0.001575 -0.435496
v 0.246661 -0.110093 -0.240239
v 0.248321 -0.034872 -0.147836
v 0.250118 -0.109647 0.155239
v 0.252287 -0.110106 -0.276064
v 0.247349 -0.020648 -0.050275
v 0.249489 -0.109675 0.235722
v 0.246234 -0.001952 0.327178
v 0.240154 -0.101568 0.284103
v 0.250212 -0.108498 0.279981
v 0.250786 -0.111485 -0.057076
v 0.246825 -0.016314 0.237263
v 0.250446 -0.068553 0.041247
v 0.252602 -0.112224 -0.261472
v 0.249833 -0.063345 -0.012850
v 0.250015 -0.009512 -0.285873
v 0.253772 -0.014948 0.065951
v 0.250120 -0.071333 0.004860
v 0.255547 -0.091611 -0.048850
v 0.254489 -0.015458 -0.066779
v 0.250082 -0.012766 0.468576
v 0.250927 -0.028193 0.003668
v 0.253308 -0.028320 0.046627
v 0.251702 -0.059561 0.011572
v 0.253510 -0.027644 -0.047936
v 0.250904 -0.012681 0.375647
v 0.248928 -0.058204 -0.032737
v 0.251243 -0.022495 0.132527
v 0.252012 -0.050760 -0.184717
v 0.252515 -0.100826 -0.077111
v 0.255670 -0.090612 0.072296
v 0.250770 -0.110544 -0.265546
v 0.323874 -0.086003 0.499178
v 0.263222 -0.091070 -0.114224
v 0.263605 -0.087533 0.118045
v 0.260222 -0.084723 0.139514
v 0.251789 -0.045891 0.180970
v 0.257639 -0.087708 -0.064213
v 0.251210 -0.078712 -0.212645
v 0.261105 -0.111459 -0.267124
v 0.262752 -0.110408 0.096306
v 0.253551 -0.002021 0.336616
v 0.252241 -0.080602 0.184199
v 0.254396 -0.069878 0.229162
v 0.255233 -0.010601 0.255417
v 0.253356 -0.020690 -0.000363
v 0.253473 -0.110832 0.235584
v 0.255537 -0.110411 -0.152679
v 0.255914 -0.112484 0.058029
v 0.253596 -0.107331 -0.234912
v 0.255141 -0.109376 0.152789
v 0.255000 -0.105522 -0.015655
v 0.254539 -0.083910 -0.285338
v 0.253756 -0.001678 0.150055
v 0.253080 -0.001628 -0.002543
v 0.258760 -0.072959 -0.149022
v 0.255867 -0.090425 0.049003
v 0.255529 -0.111495 0.268941
v 0.255008 -0.002066 -0.241767
v 0.258579 -0.032917 0.142282
v 0.252627 -0.014220 -0.109734
v 0.258601 -0.009193 -0.271696
v 0.256447 -0.112327 -0.059488
v 0.264866 -0.084004 0.148139
v 0.275419 -0.001488 -0.363373
v 0.274560 -0.109053 -0.284711
v 0.323898 -0.001371 -0.289494
v 0.264106 -0.013492 0.093349
v 0.262425 -0.014130 -0.093629
v 0.260604 -0.085157 -0.139147
v 0.323616 -0.001407 -0.498867
v 0.323608 -0.001286 0.499107
v 0.283079 -0.113979 0.149365
v 0.323723 -0.001457 0.318159
v 0.277584 -0.111117 -0.086875
v 0.276904 -0.090677 -0.085227
v 0.277441 -0.090624 0.078509
v 0.283612 -0.095092 0.048716
v 0.275998 -0.069822 0.286086
v 0.278205 -0.093348 -0.244035
v 0.277387 -0.091745 0.243361
v 0.279066 -0.002562 0.252828
v 0.278986 -0.094310 -0.048055
v 0.323829 -0.004339 -0.110380
v 0.270579 -0.016207 -0.109213
v 0.269674 -0.016924 0.108056
v 0.323968 -0.001438 0.093650
v 0.286170 -0.112784 -0.254968
v 0.323447 -0.001431 -0.317656
v 0.293496 -0.102239 -0.084684
v 0.283407 -0.082525 -0.146162
v 0.290608 -0.020023 0.123956
v 0.285481 -0.025703 -0.118706
v 0.288598 -0.084361 0.103727
v 0.285270 -0.080433 0.145841
v 0.323914 -0.113390 -0.002037
v 0.289615 -0.085947 -0.285312
v 0.302891 -0.002620 -0.000701
v 0.279690 -0.001614 -0.251669
v 0.283954 -0.112018 0.254125
v 0.282013 -0.111445 0.094952
v 0.285293 -0.107474 -0.110388
v 0.289238 -0.109073 -0.279449
v 0.323841 -0.001403 0.290198
v 0.299530 -0.023616 0.078022
v 0.323919 -0.113198 -0.290168
v 0.292316 -0.095853 -0.258186
v 0.295674 -0.092493 -0.076159
v 0.289119 -0.028829 0.112357
v 0.296466 -0.019796 -0.077449
v 0.286134 -0.110037 0.119220
v 0.283682 -0.114596 -0.145281
v 0.292202 -0.092933 0.255070
v 0.302149 -0.016486 0.109388
v 0.289132 -0.095647 -0.106244
v 0.295930 -0.094196 0.077568
v 0.289967 -0.084961 -0.097301
v 0.294134 -0.088045 -0.081092
v 0.296371 -0.106191 -0.091797
v 0.291501 -0.109742 0.282810
v 0.292333 -0.104466 -0.122891
v 0.289412 -0.068517 -0.125445
v 0.301448 -0.106623 -0.109939
v 0.290651 -0.100093 0.124057
v 0.292113 -0.097827 0.109041
v 0.295402 -0.103360 0.085449
v 0.302322 -0.005813 0.118017
v 0.322643 -0.111728 0.092070
v 0.299502 -0.087149 -0.079048
v 0.303634 -0.013756 -0.117160
v 0.299028 -0.086611 0.078618
v 0.323700 -0.113341 -0.317986
v 0.323678 -0.113220 -0.498830
v 0.295261 -0.093292 -0.082579
v 0.310061 -0.107833 -0.084838
v 0.322929 -0.112653 0.107568
v 0.323604 -0.112638 -0.105742
v 0.321485 -0.014189 -0.107470
v 0.324505 -0.016472 0.088236
v 0.323940 -0.090971 -0.112331
v 0.323555 -0.113438 0.499004
v 0.324363 -0.113597 -0.224690
v 0.323954 -0.090626 0.112645
v 0.324011 -0.001473 -0.093318
v 0.305115 -0.087646 0.083771
v 0.306294 -0.087875 0.083145
v 0.313033 -0.050684 -0.122510
v 0.306286 -0.087780 0.084104
v 0.309212 -0.088156 0.085888
v 0.309343 -0.088248 0.085277
v 0.309493 -0.088246 0.085887
v 0.323876 -0.005932 0.110430
v 0.324073 -0.113403 0.290884
v 0.323939 -0.093782 -0.089541
v 0.313918 -0.089807 0.084976
v 0.313720 -0.089630 0.085948
v 0.314543 -0.089900 0.085936
v 0.323696 -0.001171 0.000051
v 0.322921 -0.093234 0.088941
v 0.323331 -0.001241 0.200709
v 0.323605 0.043574 0.209101
v 0.322511 -0.108916 -0.106994
v 0.324390 -0.017478 -0.087906
v 0.323976 -0.111415 -0.093864
v 0.325454 -0.001552 0.225392
v 0.324047 -0.038607 0.194177
v 0.325902 -0.035131 0.227216
v 0.323851 -0.113316 0.318325
v 0.334160 -0.029387 0.209877
v 0.337675 -0.112567 0.093684
v 0.336910 -0.113354 -0.291255
v 0.337135 -0.113500 -0.093550
v 0.338591 -0.113006 0.106460
v 0.337233 -0.113532 0.290168
v 0.339119 -0.003765 0.093861
v 0.338175 -0.113361 -0.105127
v 0.337485 -0.001534 0.290162
v 0.339272 -0.001452 -0.104775
v 0.337931 -0.112706 -0.498660
v 0.338944 -0.002221 -0.093278
v 0.339071 -0.001723 0.106775
v 0.337639 -0.001263 -0.289577
v 0.337791 -0.113223 0.318244
v 0.338085 -0.001352 -0.318223
v 0.338216 -0.113439 0.499150
v 0.338214 -0.001403 0.499051
v 0.338062 -0.113334 -0.317996
v 0.337985 -0.001295 -0.498723
v 0.338019 -0.001381 0.318492
v 0.342756 -0.037102 0.108814
v 0.342010 -0.037082 -0.108564
v 0.350229 -0.102381 0.116357
v 0.361017 -0.098654 -0.121977
v 0.397564 -0.001945 0.000585
v 0.357567 -0.110319 0.280790
v 0.366336 -0.110053 0.077408
v 0.373877 -0.109821 -0.148932
v 0.368495 -0.033654 -0.075718
v 0.427079 -0.111163 -0.498716
v 0.357102 -0.111109 -0.082902
v 0.366856 -0.048018 -0.121930
v 0.366196 -0.048109 0.122071
v 0.375918 -0.104078 -0.282062
v 0.367406 -0.031713 0.077265
v 0.370555 -0.036914 0.107183
v 0.420261 -0.111145 -0.447890
v 0.363787 -0.095917 0.119771
v 0.414982 -0.007009 -0.105971
v 0.421656 -0.002582 0.438923
v 0.362208 -0.001627 0.265441
v 0.367841 -0.106999 -0.077909
v 0.393684 -0.110077 0.256683
v 0.414026 -0.003066 0.093899
v 0.373955 -0.100551 -0.268720
v 0.416001 -0.002487 0.239227
v 0.365104 -0.090464 0.107538
v 0.368335 -0.090235 -0.106639
v 0.397475 -0.112097 -0.008580
v 0.413242 -0.112574 0.041519
v 0.368061 -0.110340 0.095107
v 0.375696 -0.099913 0.272577
v 0.380995 -0.111842 -0.252424
v 0.367433 -0.109481 -0.095159
v 0.414212 -0.114432 -0.290467
v 0.369515 -0.100591 -0.087022
v 0.369837 -0.033266 -0.093791
v 0.369370 -0.108493 -0.088800
v 0.370112 -0.037144 -0.106643
v 0.420329 -0.114006 0.291925
v 0.372156 -0.041498 -0.059853
v 0.389756 -0.110938 -0.067207
v 0.370839 -0.084767 -0.064306
v 0.370618 -0.083605 0.064051
v 0.371680 -0.093495 -0.093124
v 0.370347 -0.032949 0.093406
v 0.371403 -0.111577 -0.091235
v 0.374872 -0.110268 0.076958
v 0.373904 -0.099775 0.281609
v 0.374613 -0.052802 -0.148340
v 0.373142 -0.050576 0.149352
v 0.371828 -0.094384 0.094110
v 0.499686 -0.113068 -0.318076
v 0.373398 -0.109868 0.149601
v 0.413565 -0.109599 0.177036
v 0.388117 -0.056573 -0.042512
v 0.387672 -0.095637 -0.047167
v 0.399864 -0.029431 0.118508
v 0.387906 -0.096228 0.047411
v 0.395976 -0.034382 -0.147092
v 0.371964 -0.042189 0.059029
v 0.413619 -0.052370 0.153704
v 0.412133 -0.110539 0.235554
v 0.390614 -0.111651 0.067729
v 0.406049 -0.110813 0.498482
v 0.411715 -0.023391 0.139239
v 0.432744 -0.001629 -0.496068
v 0.499558 -0.001483 -0.318221
v 0.388298 -0.055164 0.042832
v 0.386817 -0.106757 0.284047
v 0.412728 -0.098146 0.153264
v 0.414536 -0.005373 0.106794
v 0.401929 -0.102985 -0.268807
v 0.413750 -0.111810 0.060573
v 0.412799 -0.109913 -0.177205
v 0.413652 -0.002012 -0.167060
v 0.413403 -0.096223 -0.152659
v 0.471110 -0.003801 0.288064
v 0.417675 -0.001829 -0.395449
v 0.423442 -0.111388 0.443876
v 0.401623 -0.097634 0.239697
v 0.403120 -0.101593 0.264663
v 0.413236 -0.020440 0.054616
v 0.413480 -0.052335 -0.153769
v 0.419104 -0.001985 0.395788
v 0.413111 -0.099585 -0.002587
v 0.412255 -0.076125 0.037233
v 0.414774 -0.002710 -0.093952
v 0.412054 -0.062602 -0.036493
v 0.411608 -0.109431 -0.236533
v 0.412848 -0.019581 -0.055336
v 0.416191 -0.110842 0.280353
v 0.417040 -0.111614 -0.279004
v 0.415692 -0.113442 -0.056919
v 0.412969 -0.001415 -0.003103
v 0.414376 -0.050082 -0.174597
v 0.413965 -0.002424 -0.416578
v 0.413846 -0.009694 -0.136932
v 0.413820 -0.003397 0.417966
v 0.414790 -0.088999 -0.178018
v 0.417098 -0.090607 -0.040524
v 0.412626 -0.060836 0.174410
v 0.412042 -0.019732 -0.000107
v 0.442501 -0.111129 -0.057641
v 0.413272 -0.067439 0.013759
v 0.413380 -0.067281 0.201578
v 0.416192 -0.065113 -0.009814
v 0.415995 -0.003283 -0.238643
v 0.414022 -0.001162 0.162506
v 0.416591 -0.032720 0.001359
v 0.418751 -0.078645 0.285841
v 0.420125 -0.063334 0.189227
v 0.417634 -0.071953 0.009812
v 0.469028 -0.003434 -0.289280
v 0.420770 -0.112376 -0.273042
v 0.417195 -0.106353 0.235762
v 0.418289 -0.112595 0.062626
v 0.417633 -0.099221 0.000974
v 0.418236 -0.109102 -0.177255
v 0.418213 -0.109403 0.175675
v 0.418335 -0.049303 0.153500
v 0.418170 -0.046791 -0.177575
v 0.418438 -0.099073 -0.153228
v 0.418604 -0.097221 0.152707
v 0.418274 -0.103878 -0.237993
v 0.418555 -0.051846 -0.152871
v 0.419799 -0.021504 0.000061
v 0.418577 -0.002941 -0.105723
v 0.418662 -0.018918 -0.052760
v 0.419547 -0.065079 -0.034449
v 0.418238 -0.022741 0.136464
v 0.419196 -0.024326 0.047225
v 0.419794 -0.001644 -0.003601
v 0.417999 -0.008234 -0.093874
v 0.416890 -0.006179 0.094018
v 0.419841 -0.001375 0.004082
v 0.418954 -0.092440 0.041317
v 0.421085 -0.112742 0.272654
v 0.418414 -0.001966 0.177107
v 0.417965 -0.008290 0.107238
v 0.433235 -0.109946 -0.284750
v 0.437026 -0.005030 -0.392292
v 0.432344 -0.111854 0.010843
v 0.424258 -0.001353 0.490868
v 0.432447 0.112553 0.481822
v 0.445241 -0.091271 0.246377
v 0.419995 -0.023904 -0.139426
v 0.429274 -0.001329 0.466894
v 0.453911 -0.042972 0.151542
v 0.498202 -0.001635 0.495281
v 0.438697 -0.035390 0.127910
v 0.457990 -0.002168 0.492284
v 0.456190 -0.013861 0.000173
v 0.461104 -0.050618 -0.148813
v 0.439848 -0.111680 0.055032
v 0.454884 -0.112425 0.252000
v 0.457451 -0.039276 0.060510
v 0.439212 -0.036117 -0.128342
v 0.437448 -0.001156 -0.470716
v 0.455463 -0.038280 -0.059937
v 0.497791 -0.003319 -0.093361
v 0.460646 -0.108694 0.151452
v 0.498745 -0.001172 0.093421
v 0.434876 -0.004237 0.392342
v 0.460740 -0.109666 -0.151861
v 0.456701 -0.112306 -0.251326
v 0.445692 -0.002372 0.385693
v 0.445502 0.087100 -0.478224
v 0.464256 -0.085478 -0.285054
v 0.498755 -0.001308 0.107044
v 0.445612 -0.081977 -0.243672
v 0.468067 -0.000869 -0.397972
v 0.462145 -0.001627 -0.469871
v 0.462165 -0.098062 0.092800
v 0.453829 -0.110288 -0.075975
v 0.459320 -0.086582 0.056366
v 0.464668 -0.002687 0.280073
v 0.464100 -0.036980 0.079236
v 0.463343 -0.035398 0.093725
v 0.460868 -0.098244 0.260696
v 0.462772 -0.110633 -0.283213
v 0.499065 -0.113401 0.208854
v 0.463798 -0.035155 -0.093610
v 0.463726 -0.037170 -0.077735
v 0.462461 -0.002497 -0.491089
v 0.459150 -0.088301 -0.052289
v 0.461641 -0.099728 -0.262279
v 0.499291 -0.001220 0.318746
v 0.462734 -0.001361 -0.377013
v 0.458740 -0.000895 0.469804
v 0.462172 -0.111080 0.078872
v 0.460740 -0.096680 -0.093763
v 0.465387 -0.039232 0.108020
v 0.470918 0.115236 0.477971
v 0.466871 -0.106684 -0.123583
v 0.465126 -0.092777 -0.107181
v 0.467252 -0.091444 0.107439
v 0.462239 -0.110019 0.283131
v 0.466377 -0.036717 0.094176
v 0.464874 -0.037777 -0.107484
v 0.464596 -0.097900 -0.105874
v 0.463481 -0.104345 0.105773
v 0.467441 -0.097828 -0.092938
v 0.466126 -0.111132 0.094744
v 0.467131 -0.108926 -0.094281
v 0.468058 -0.101987 0.090177
v 0.472983 -0.106178 -0.080507
v 0.465259 -0.102527 -0.105864
v 0.462951 -0.001363 -0.449585
v 0.466422 -0.036700 -0.093472
v 0.468849 -0.105182 0.088416
v 0.468898 -0.096186 -0.082415
v 0.469882 -0.106210 0.080430
v 0.468381 -0.096937 0.106258
v 0.466650 -0.099559 0.095730
v 0.466691 -0.041268 -0.122863
v 0.467199 -0.040257 0.123088
v 0.468287 -0.087818 0.090654
v 0.467178 -0.107752 0.123450
v 0.468173 -0.100697 -0.105873
v 0.477152 0.059463 -0.384218
v 0.468843 -0.001270 -0.419397
v 0.470547 -0.105498 -0.080978
v 0.499556 -0.113843 0.499153
v 0.470106 -0.109984 0.106310
v 0.488048 -0.003107 0.000182
v 0.470954 -0.104883 -0.086503
v 0.499187 -0.113710 0.290663
v 0.498959 -0.001615 -0.290466
v 0.476167 -0.112042 0.085677
v 0.494881 -0.019620 0.107302
v 0.488277 -0.001368 -0.368954
v 0.476280 -0.112058 -0.085678
v 0.492038 -0.001290 0.460780
v 0.484083 0.069081 -0.436318
v 0.480811 0.084693 -0.477675
v 0.498579 -0.002007 -0.495673
v 0.498655 -0.001432 -0.106869
v 0.498892 -0.001488 0.290828
v 0.481570 0.116353 0.477501
v 0.499701 -0.114014 -0.498849
v 0.498645 -0.113470 -0.105394
v 0.495590 -0.019279 -0.107287
v 0.491412 -0.009351 0.091511
v 0.498344 -0.113482 0.105351
v 0.491265 -0.001978 -0.460245
v 0.499004 -0.112658 0.094528
v 0.499175 -0.113211 -0.093475
v 0.498629 -0.001778 -0.422364
v 0.499258 -0.113481 -0.290139
v 0.499781 -0.113127 0.318242
v -0.013881 -0.112916 0.094243
v -0.014229 -0.113098 0.000207
v -0.014302 -0.112950 -0.093328
v -0.016195 -0.112375 -0.318552
v -0.014176 -0.113795 0.499234
v -0.014110 -0.112954 0.290730
v -0.014329 -0.001618 -0.093296
v -0.015138 -0.113686 -0.106457
v -0.014277 -0.113700 -0.499260
v -0.016106 -0.113582 0.107225
v -0.014961 -0.112844 0.319665
v -0.014170 -0.113658 0.210206
v -0.014667 -0.004099 0.094614
v -0.014148 -0.022804 -0.314079
v -0.014327 -0.001420 0.499532
v -0.021531 -0.113472 -0.289550
v -0.014349 -0.001366 0.107581
v -0.014090 -0.113456 -0.230200
v -0.014112 -0.007908 0.312786
v -0.016573 -0.012530 -0.106805
v -0.014509 -0.001407 0.291958
v -0.014427 -0.001339 -0.499493
v -0.014571 -0.001422 -0.312854
v -0.014467 -0.001388 -0.291412
v -0.018574 -0.017392 0.107981
v -0.036731 -0.081858 0.291274
v -0.045870 -0.035517 0.319934
v -0.041634 -0.081928 -0.292966
v -0.025076 -0.001372 -0.093016
v -0.050544 -0.110298 -0.150662
v -0.050327 -0.095783 -0.325022
v -0.042401 -0.110539 0.080021
v -0.049492 -0.109516 -0.367624
v -0.026849 -0.006099 0.000435
v -0.039218 -0.001871 -0.081569
v -0.047459 -0.032195 -0.320470
v -0.045459 -0.041605 0.123283
v -0.048195 -0.088072 0.325705
v -0.041400 -0.102089 0.120964
v -0.024310 -0.003306 0.093244
v -0.043470 -0.112403 0.380731
v -0.045461 -0.086870 -0.324612
v -0.025451 -0.009179 -0.093435
v -0.042851 -0.111028 -0.081185
v -0.028706 -0.001533 -0.088827
v -0.026680 -0.001591 -0.108905
v -0.045233 -0.041063 -0.122400
v -0.050660 -0.111282 0.134772
v -0.031052 -0.001633 -0.088998
v -0.094632 -0.114260 0.290836
v -0.058333 -0.002689 -0.262943
v -0.093486 -0.002222 0.289957
v -0.092269 -0.110979 -0.250798
v -0.047402 -0.038153 0.107614
v -0.046955 -0.037623 -0.106920
v -0.044952 -0.103972 -0.122461
v -0.021948 -0.005346 -0.091277
v -0.052429 -0.030038 -0.311031
v -0.094722 -0.002243 0.498940
v -0.046853 -0.106417 0.286197
v -0.043842 -0.107387 -0.078696
v -0.066019 -0.111006 0.315532
v -0.089134 -0.002389 0.004927
v -0.049350 -0.034750 0.093708
v -0.053970 -0.112044 -0.256340
v -0.063443 -0.111523 0.321956
v -0.045295 -0.104019 -0.080522
v -0.048272 -0.037736 -0.074910
v -0.092386 -0.003946 -0.093854
v -0.052201 -0.112334 0.259930
v -0.053981 -0.012394 -0.001535
v -0.050984 -0.108477 0.367134
v -0.044325 -0.092220 -0.107192
v -0.051128 -0.109400 0.152610
v -0.046224 -0.092000 0.106817
v -0.089755 -0.001562 -0.003507
v -0.052267 -0.096142 0.326341
v -0.047753 -0.109318 0.096462
v -0.048717 -0.035593 -0.093879
v -0.045939 -0.111081 -0.094714
v -0.047617 -0.035666 -0.094785
v -0.047350 -0.036084 0.094935
v -0.063190 -0.098978 -0.266166
v -0.048754 -0.093137 0.093395
v -0.048542 -0.037088 0.074914
v -0.049582 -0.083696 -0.065909
v -0.049625 -0.083119 0.066360
v -0.051636 -0.109515 -0.092148
v -0.059706 -0.101016 0.267032
v -0.050453 -0.094862 -0.093814
v -0.051648 -0.052490 -0.148349
v -0.054812 -0.047858 0.151624
v -0.053010 -0.109838 0.079207
v -0.061055 -0.109436 -0.074432
v -0.067805 -0.112045 -0.312818
v -0.060539 -0.111523 -0.321015
v -0.094456 -0.110641 0.188752
v -0.166838 -0.112904 -0.499123
v -0.066703 -0.025007 -0.338317
v -0.073796 -0.035939 0.129059
v -0.089391 -0.002262 -0.229972
v -0.054508 -0.019342 -0.270361
v -0.070764 -0.067636 0.046721
v -0.091368 -0.002929 0.315558
v -0.089875 -0.023634 0.051983
v -0.071872 -0.112043 0.000369
v -0.064908 -0.044058 0.348786
v -0.103867 -0.074434 0.299185
v -0.079231 -0.111940 -0.350274
v -0.092875 -0.111826 0.249810
v -0.091807 -0.110559 -0.182364
v -0.090766 -0.010216 0.343132
v -0.090907 -0.022021 -0.052745
v -0.071197 -0.069120 -0.046207
v -0.059937 -0.001387 0.471793
v -0.066182 -0.027227 -0.244506
v -0.091073 -0.009754 0.093545
v -0.091259 -0.023734 -0.141582
v -0.070030 -0.102625 0.053164
v -0.090881 -0.098243 0.153559
v -0.080089 -0.111611 0.351491
v -0.060343 -0.013994 -0.284120
v -0.069060 -0.105611 -0.348307
v -0.086825 -0.069256 -0.361692
v -0.071436 0.071268 0.480043
v -0.090269 -0.100559 -0.154193
v -0.093471 -0.003088 -0.255799
v -0.092057 -0.110363 -0.398846
v -0.094518 -0.002272 -0.288278
v -0.092584 -0.076307 -0.292153
v -0.092467 -0.005569 0.106049
v -0.093905 -0.002775 -0.314524
v -0.090043 -0.001667 -0.466259
v -0.070966 -0.106892 0.353572
v -0.133299 -0.001761 0.498599
v -0.093034 -0.112856 -0.285429
v -0.093629 -0.025367 -0.232049
v -0.095462 -0.002313 -0.333369
v -0.070385 -0.102768 -0.053132
v -0.092849 -0.006975 -0.105240
v -0.093701 -0.003513 -0.499233
v -0.089118 -0.001960 0.470503
v -0.089942 -0.089418 0.041906
v -0.089647 -0.021187 0.000490
v -0.091335 -0.067353 -0.037564
v -0.072504 -0.000497 0.489826
v -0.077680 -0.111700 0.066613
v -0.091209 -0.049033 -0.152021
v -0.090877 -0.019108 -0.286431
v -0.092057 -0.022214 -0.349818
v -0.093012 -0.111436 0.403456
v -0.076592 -0.111557 0.394507
v -0.091945 -0.034197 0.148849
v -0.092774 -0.109724 0.064691
v -0.091310 -0.100811 -0.353778
v -0.091062 -0.112767 0.276994
v -0.094628 -0.113316 0.062303
v -0.091326 -0.001584 0.205689
v -0.092698 -0.106106 0.345078
v -0.088328 -0.106368 -0.053843
v -0.091890 -0.007288 -0.331917
v -0.090376 -0.001452 0.388744
v -0.132123 -0.014206 -0.287028
v -0.092636 -0.096944 0.000330
v -0.091623 -0.003846 0.257761
v -0.115015 -0.112005 -0.067538
v -0.088308 -0.106256 0.245027
v -0.095519 -0.107742 -0.342800
v -0.092962 -0.107533 0.389147
v -0.143769 -0.082133 -0.292456
v -0.092440 -0.099230 -0.352691
v -0.093513 -0.113391 -0.059623
v -0.091351 -0.087834 -0.356697
v -0.092180 -0.081893 0.402378
v -0.092713 -0.067253 -0.362346
v -0.095049 -0.013704 -0.465298
v -0.092512 -0.109770 0.396485
v -0.091076 -0.068190 0.361993
v -0.091401 -0.036461 -0.333714
v -0.090991 -0.108151 0.236301
v -0.093013 -0.021408 0.400895
v -0.092545 -0.101123 0.356166
v -0.091171 -0.063647 -0.401419
v -0.095472 -0.014400 0.467202
v -0.092761 -0.024221 -0.302135
v -0.093152 -0.023489 -0.398624
v -0.093264 -0.019424 0.201825
v -0.093682 -0.072782 -0.002083
v -0.094155 -0.036859 -0.007028
v -0.093979 -0.064099 0.009572
v -0.093232 -0.075989 -0.205234
v -0.092315 -0.107347 0.394202
v -0.093963 -0.065496 0.212842
v -0.093802 -0.046413 -0.180761
v -0.093794 -0.051497 0.176319
v -0.094549 -0.110307 0.247943
v -0.095752 -0.099636 -0.355902
v -0.094667 -0.044124 0.220337
v -0.097222 -0.068296 0.362640
v -0.094522 -0.111661 0.253856
v -0.093567 -0.093802 -0.185104
v -0.094247 -0.045831 -0.213332
v -0.096365 -0.004961 0.256849
v -0.098398 -0.112954 0.398171
v -0.094203 -0.107645 0.396540
v -0.096458 -0.003364 -0.383368
v -0.096199 -0.111970 -0.186814
v -0.096493 -0.102272 0.357700
v -0.096420 -0.112548 0.249666
v -0.105287 0.050725 -0.333836
v -0.096674 -0.031034 -0.145866
v -0.095812 -0.001471 0.203902
v -0.096141 -0.012857 0.344965
v -0.095877 -0.108388 0.237174
v -0.097645 -0.099075 -0.153366
v -0.097168 -0.003628 0.381985
v -0.096937 -0.099800 0.153694
v -0.111213 -0.108486 0.354543
v -0.107450 0.054349 -0.312041
v -0.097060 -0.112442 -0.242437
v -0.096523 -0.001675 -0.474030
v -0.098322 -0.055164 0.156794
v -0.095586 -0.004631 -0.105571
v -0.097420 -0.023479 0.052609
v -0.095645 -0.097607 0.001396
v -0.097307 -0.022262 -0.053240
v -0.096323 -0.059004 -0.038020
v -0.095832 -0.002827 0.317140
v -0.096727 -0.058861 0.038490
v -0.104372 -0.093643 0.239894
v -0.104050 -0.111493 -0.401037
v -0.096985 -0.001945 -0.229290
v -0.114004 -0.105744 -0.353172
v -0.094576 -0.027866 0.002617
v -0.098166 -0.098122 0.047081
v -0.098385 -0.099416 -0.047024
v -0.097592 -0.001438 -0.469102
v -0.095510 -0.006631 -0.093827
v -0.097794 -0.001435 -0.002930
v -0.095106 -0.005236 0.094169
v -0.099009 -0.001680 0.004820
v -0.114189 -0.112299 0.068098
v -0.098991 -0.001345 0.125623
v -0.098226 -0.028149 0.143602
v -0.165690 -0.002786 -0.288201
v -0.102304 -0.020123 0.126685
v -0.166778 -0.112682 0.498987
v -0.103248 -0.108294 -0.267586
v -0.098324 -0.001342 0.472958
v -0.123579 -0.020980 -0.226027
v -0.124176 -0.002076 -0.277116
v -0.111748 -0.032785 -0.144389
v -0.115181 -0.111728 -0.001120
v -0.166420 -0.001517 0.289442
v -0.133440 -0.056910 0.152281
v -0.127165 -0.022869 -0.316183
v -0.129302 -0.003816 -0.000684
v -0.122008 -0.112568 0.376339
v -0.126808 -0.102508 -0.280042
v -0.120674 -0.026495 0.343424
v -0.126118 -0.110773 0.257817
v -0.120737 -0.095893 -0.050576
v -0.112006 -0.001442 -0.343164
v -0.140663 -0.001399 -0.287801
v -0.118654 -0.037694 -0.349546
v -0.120563 -0.099419 0.052844
v -0.126430 -0.035411 0.139892
v -0.109735 -0.105875 0.266677
v -0.125334 -0.002133 0.134845
v -0.123660 -0.025361 -0.243611
v -0.119506 -0.058316 0.044401
v -0.117324 -0.001831 -0.230320
v -0.134534 -0.110439 -0.151062
v -0.132655 -0.001723 -0.497609
v -0.165500 -0.113993 -0.290125
v -0.119155 -0.097241 -0.397152
v -0.118278 -0.097357 0.398009
v -0.166275 -0.001629 0.093512
v -0.134305 -0.110158 0.150061
v -0.115249 -0.112890 -0.363268
v -0.129970 -0.100641 0.274712
v -0.146991 -0.037235 0.321084
v -0.119540 -0.058875 -0.044468
v -0.116222 -0.021002 -0.341653
v -0.120011 -0.111878 -0.379860
v -0.144227 -0.115525 -0.432458
v -0.139063 -0.036706 -0.106926
v -0.129454 -0.112315 -0.257106
v -0.123459 -0.001532 -0.315422
v -0.123236 -0.101789 -0.258477
v -0.135913 -0.043770 0.063227
v -0.167352 -0.113387 0.233229
v -0.166382 -0.001445 -0.498856
v -0.134711 -0.041525 -0.065644
v -0.139052 -0.037822 -0.093636
v -0.134235 -0.033047 0.107170
v -0.138887 -0.079596 -0.065607
v -0.134640 -0.112785 0.420677
v -0.135510 -0.051776 -0.149182
v -0.166870 -0.112584 0.290126
v -0.139170 -0.090920 0.094878
v -0.137318 -0.084270 0.069216
v -0.166387 -0.001449 0.107759
v -0.133645 -0.019875 -0.270705
v -0.143054 -0.110454 0.279942
v -0.132415 -0.108885 0.327420
v -0.141481 -0.000944 -0.258601
v -0.133300 -0.102024 -0.329317
v -0.145725 -0.039602 -0.321231
v -0.166461 -0.001281 -0.107101
v -0.136008 -0.109867 -0.079797
v -0.166401 -0.001450 0.317278
v -0.143408 -0.111001 -0.330627
v -0.133988 -0.101481 0.334064
v -0.137415 -0.001907 0.111089
v -0.147954 -0.109414 0.399403
v -0.134949 -0.111673 0.076769
v -0.137183 -0.092617 -0.095084
v -0.150207 -0.110318 -0.402254
v -0.138256 0.026405 -0.271398
v -0.134524 -0.111547 0.133132
v -0.134551 -0.111109 -0.133304
v -0.142392 -0.109688 0.094941
v -0.140640 -0.092353 0.106131
v -0.141305 -0.109640 -0.096238
v -0.141086 -0.089352 -0.106187
v -0.139144 -0.036895 0.094830
v -0.167030 -0.078378 -0.499787
v -0.163665 -0.082771 0.289821
v -0.139786 -0.051817 -0.078448
v -0.141624 -0.046729 0.119551
v -0.143480 -0.105796 -0.079640
v -0.144637 -0.044168 0.084643
v -0.141083 -0.046300 -0.119674
v -0.143683 -0.099536 0.121054
v -0.144693 -0.100391 -0.118721
v -0.167508 -0.113350 -0.210249
v -0.143618 -0.105584 0.079801
v -0.165501 -0.113166 0.315354
v -0.166201 -0.001427 -0.316966
v -0.165900 -0.113295 -0.315981
v -0.158235 0.026752 -0.269354
v -0.167148 -0.111982 0.093958
v -0.166373 -0.112641 0.107347
v -0.167257 -0.112313 -0.093462
v -0.161866 -0.037781 -0.107837
v -0.166209 -0.001348 -0.093118
v -0.160203 -0.037944 -0.092293
v -0.161311 -0.038950 0.109036
v -0.164884 -0.112794 -0.107883
v -0.166517 -0.001466 0.499123
v -0.166754 -0.113221 -0.444856
v -0.166971 -0.112085 -0.447236
v -0.167082 -0.112477 -0.438309
v -0.167225 -0.112699 -0.447398
v -0.179337 -0.112131 -0.092864
v -0.178596 -0.113377 -0.317862
v -0.178816 -0.113248 0.318062
v -0.178736 -0.113295 -0.289814
v -0.179196 -0.113187 0.106720
v -0.179370 -0.113163 0.498827
v -0.178874 -0.001415 -0.498907
v -0.179012 -0.113324 -0.498784
v -0.178714 -0.113443 -0.107042
v -0.181001 -0.111160 0.091222
v -0.178865 -0.001439 0.499151
v -0.178874 -0.113241 0.290275
v -0.178875 -0.001464 -0.317697
v -0.178957 -0.001504 -0.289625
v -0.179194 -0.001447 -0.107138
v -0.178879 -0.001447 0.317992
v -0.179215 -0.002999 0.093940
v -0.181463 -0.002623 0.106113
v -0.179952 -0.004461 -0.093803
v -0.179130 -0.001491 0.290015
v -0.186403 -0.013415 -0.108182
v -0.186579 -0.107908 -0.111897
v -0.249611 -0.005481 -0.497783
v -0.205637 -0.018844 0.123547
v -0.200805 -0.029078 -0.082194
v -0.192401 -0.108041 -0.084425
v -0.198017 -0.015552 0.110184
v -0.231451 -0.114124 0.143084
v -0.208128 -0.111347 0.261274
v -0.196488 -0.111301 0.107479
v -0.250774 -0.112081 0.498733
v -0.208063 -0.105544 -0.281929
v -0.230951 -0.112923 -0.004217
v -0.195212 -0.112424 -0.107682
v -0.202932 -0.095683 -0.076044
v -0.205673 -0.103839 -0.119933
v -0.250910 -0.112214 -0.498339
v -0.207835 -0.106858 0.096392
v -0.201738 -0.028762 0.081199
v -0.211310 -0.020482 -0.122994
v -0.203791 -0.103494 0.117642
v -0.196516 -0.110470 -0.105630
v -0.209629 -0.102788 -0.095481
v -0.199036 -0.110329 -0.102710
v -0.203905 -0.095111 0.075373
v -0.203065 -0.108303 -0.108568
v -0.251002 -0.110143 0.318698
v -0.206283 -0.028502 -0.093192
v -0.248636 -0.001608 -0.108223
v -0.219179 -0.111183 0.078782
v -0.214815 -0.090996 -0.112130
v -0.206157 -0.103252 0.267399
v -0.247182 -0.109566 -0.318347
v -0.250958 -0.022721 -0.318313
v -0.244470 -0.001386 0.317997
v -0.207939 -0.110526 -0.261326
v -0.212529 -0.106962 0.106822
v -0.224991 -0.100499 -0.254739
v -0.211376 -0.098707 0.093906
v -0.213253 -0.108808 -0.100342
v -0.250518 -0.111491 0.057523
v -0.220419 -0.080857 0.112629
v -0.211687 -0.060945 -0.102606
v -0.214799 -0.058748 0.103219
v -0.222129 -0.068981 -0.085283
v -0.213953 -0.073795 0.088091
v -0.226215 -0.030289 0.108769
v -0.216400 -0.106154 0.284570
v -0.223790 -0.094061 0.047074
v -0.248322 -0.011150 0.094118
v -0.226019 -0.029534 -0.108267
v -0.222995 -0.041534 0.098632
v -0.250919 -0.003745 0.368973
v -0.247141 -0.001832 -0.321178
v -0.224288 -0.042237 -0.099632
v -0.223307 -0.102390 -0.084964
v -0.251290 -0.002371 0.290269
v -0.248681 -0.001608 0.000530
v -0.223645 -0.092892 -0.046333
v -0.249721 -0.021954 0.319025
v -0.225490 -0.112602 0.101614
v -0.230781 -0.075172 -0.118043
v -0.226868 -0.101340 0.121202
v -0.225304 -0.099766 -0.117503
v -0.231796 -0.084378 0.116665
v -0.227985 -0.065754 0.082961
v -0.248795 -0.001456 0.108157
v -0.250005 -0.012646 -0.093284
v -0.230881 -0.102268 0.076939
v -0.228457 -0.022669 -0.093157
v -0.226534 -0.047020 0.145769
v -0.236139 -0.105333 -0.120599
v -0.229289 -0.025711 0.087345
v -0.226823 -0.047094 -0.144918
v -0.228174 -0.113613 -0.149065
v -0.223682 -0.111289 -0.072458
v -0.232559 -0.102830 -0.075461
v -0.234553 -0.080535 -0.116126
v -0.255273 -0.111633 -0.283392
v -0.237135 -0.082308 0.069608
v -0.234791 -0.081338 -0.069245
v -0.251947 -0.107116 0.152243
v -0.241294 -0.108206 0.259604
v -0.252112 -0.004541 0.499024
v -0.253834 -0.105427 0.113389
v -0.239973 -0.051093 0.085132
v -0.249835 -0.084656 0.035653
v -0.242472 -0.081666 0.112051
v -0.240905 -0.083897 -0.109704
v -0.251524 -0.107416 -0.152371
v -0.244268 -0.111714 -0.260734
v -0.241123 -0.066973 0.053844
v -0.246784 -0.038768 -0.149559
v -0.238532 -0.046390 0.107272
v -0.255114 -0.024320 0.138905
v -0.253947 -0.115199 0.291935
v -0.256948 -0.111268 -0.060034
v -0.248475 -0.038738 0.150188
v -0.245167 -0.015783 0.237703
v -0.242733 -0.082423 0.081126
v -0.248679 -0.053793 -0.029533
v -0.243409 -0.080624 -0.080563
v -0.247048 -0.014336 -0.241168
v -0.249464 -0.111636 -0.241196
v -0.254097 -0.015136 -0.109309
v -0.247878 -0.110528 0.238484
v -0.250632 -0.109564 -0.055186
v -0.245820 -0.106776 0.271776
v -0.252548 -0.006046 -0.289332
v -0.253631 -0.101405 0.078204
v -0.261255 -0.111271 -0.096936
v -0.248888 -0.085652 -0.232509
v -0.253144 -0.102392 -0.077714
v -0.253392 -0.029028 -0.047415
v -0.252207 -0.017427 -0.066625
v -0.246841 -0.107765 0.270538
v -0.252051 -0.015131 0.065343
v -0.263365 -0.081467 0.148777
v -0.249725 -0.106659 -0.279070
v -0.250665 -0.110347 0.272356
v -0.247221 -0.106896 0.272710
v -0.252808 -0.110945 -0.059811
v -0.247252 -0.108133 0.270473
v -0.252077 -0.008474 0.286179
v -0.250914 -0.065736 -0.014080
v -0.249706 -0.112134 -0.263835
v -0.252041 -0.042906 0.186126
v -0.250009 -0.071890 0.005479
v -0.323449 -0.001432 0.499098
v -0.256907 -0.088326 0.065917
v -0.261139 -0.089076 -0.065457
v -0.251856 -0.025101 0.001678
v -0.253617 -0.029420 0.045754
v -0.251066 -0.009022 0.473825
v -0.250677 -0.101256 -0.001550
v -0.250855 -0.012087 -0.360542
v -0.250702 -0.014364 0.403769
v -0.253712 -0.020443 -0.129570
v -0.251713 -0.044614 -0.007195
v -0.251442 -0.047770 0.010057
v -0.251550 -0.111281 0.269803
v -0.253065 -0.079499 -0.188402
v -0.263321 -0.111986 0.094636
v -0.251616 -0.045916 -0.191595
v -0.253457 -0.107880 0.284307
v -0.251043 -0.069704 0.206347
v -0.252358 -0.081049 0.180139
v -0.251130 -0.111194 -0.266911
v -0.267501 -0.085345 0.125229
v -0.251430 -0.112132 0.265330
v -0.251676 -0.111587 0.247398
v -0.253227 -0.111413 -0.265559
v -0.255699 -0.002441 -0.321199
v -0.260708 -0.085062 0.138459
v -0.255057 -0.067289 0.228092
v -0.255286 -0.109475 -0.151937
v -0.253684 -0.111682 0.234813
v -0.254831 -0.013823 0.236546
v -0.253679 -0.001417 -0.497929
v -0.256725 -0.059805 -0.148181
v -0.253872 -0.101970 -0.233733
v -0.253598 -0.099575 0.003707
v -0.253508 -0.112271 0.265696
v -0.257026 -0.017170 -0.239460
v -0.256167 -0.112091 -0.056227
v -0.253618 -0.088513 -0.047199
v -0.255023 -0.089788 0.047489
v -0.256244 -0.109073 0.152399
v -0.259820 -0.108309 0.264833
v -0.256256 -0.112279 0.059571
v -0.255348 -0.000863 0.108547
v -0.258792 -0.108380 -0.265401
v -0.251453 -0.001568 -0.001695
v -0.255231 -0.001455 -0.107969
v -0.280916 -0.111973 -0.251513
v -0.261839 -0.111653 0.263983
v -0.261318 -0.013314 -0.093174
v -0.267409 -0.014178 0.094183
v -0.262820 -0.091102 -0.114168
v -0.278449 -0.003382 0.254519
v -0.323529 -0.005724 0.109617
v -0.259472 -0.001635 0.093613
v -0.262703 -0.007223 0.261824
v -0.268166 -0.085303 -0.147240
v -0.279465 -0.002722 -0.251001
v -0.281676 -0.034043 0.246723
v -0.256474 -0.106907 -0.054890
v -0.274487 -0.112029 0.000316
v -0.282664 -0.095090 0.048498
v -0.324075 -0.113137 0.290210
v -0.277384 -0.092175 0.243641
v -0.273725 -0.093766 0.090266
v -0.279230 -0.088390 -0.242550
v -0.287123 -0.112038 0.255531
v -0.253354 -0.015087 0.109810
v -0.290766 -0.084111 -0.286406
v -0.323578 -0.113131 -0.317708
v -0.323797 -0.112875 0.499090
v -0.294397 -0.089576 0.253291
v -0.323452 -0.001511 -0.317985
v -0.283096 -0.115285 0.144405
v -0.289677 -0.026424 0.108815
v -0.284918 -0.080971 -0.145938
v -0.285343 -0.080194 0.145478
v -0.290010 -0.084774 -0.097524
v -0.291276 -0.109828 0.280609
v -0.285666 -0.110472 -0.099383
v -0.285489 -0.110811 0.099635
v -0.287278 -0.021628 -0.124969
v -0.288191 -0.022217 0.124705
v -0.323709 -0.111128 -0.092520
v -0.286868 -0.096857 -0.049359
v -0.284469 -0.115278 -0.145248
v -0.298878 -0.087977 0.079141
v -0.324166 -0.113331 -0.008544
v -0.296151 -0.022456 -0.077469
v -0.323676 -0.001539 0.289753
v -0.294645 -0.105184 -0.090796
v -0.293869 -0.095880 0.072087
v -0.293186 -0.101538 -0.263506
v -0.323586 -0.113064 0.318218
v -0.287619 -0.089177 0.104556
v -0.289084 -0.094508 -0.105236
v -0.319004 -0.006815 0.285424
v -0.307808 -0.108850 -0.108572
v -0.291586 -0.100928 -0.123243
v -0.289029 -0.109137 -0.282443
v -0.294286 -0.104218 0.122644
v -0.323467 -0.001368 -0.498823
v -0.299094 -0.016540 -0.110270
v -0.295880 -0.088158 -0.080103
v -0.296959 -0.018576 0.076516
v -0.291914 -0.093095 0.090891
v -0.292702 -0.088329 -0.086394
v -0.300396 -0.103375 0.086511
v -0.292711 -0.086932 -0.088074
v -0.301406 -0.010925 -0.119073
v -0.293247 -0.089734 -0.086167
v -0.322979 -0.112877 0.108370
v -0.300939 -0.104037 -0.084797
v -0.306850 -0.106759 -0.108144
v -0.311023 -0.010560 0.111226
v -0.323578 -0.001476 -0.107660
v -0.298833 -0.086004 -0.079039
v -0.323874 -0.110994 0.092001
v -0.323668 -0.112838 -0.498824
v -0.323592 -0.001295 -0.289276
v -0.317734 -0.101700 0.284969
v -0.323925 -0.013091 -0.110056
v -0.324423 -0.016692 -0.086190
v -0.323502 -0.001471 -0.093031
v -0.324114 -0.105421 -0.109487
v -0.322954 -0.092358 0.087750
v -0.314424 -0.109542 -0.110172
v -0.324567 -0.014623 0.088241
v -0.324046 -0.093870 0.111872
v -0.323442 -0.001452 0.317994
v -0.322756 -0.092239 -0.087439
v -0.320659 -0.094916 -0.108470
v -0.321088 -0.098910 -0.108994
v -0.321304 -0.098932 -0.108318
v -0.323947 -0.113388 -0.291491
v -0.337046 -0.113345 -0.093222
v -0.337122 -0.112668 0.093268
v -0.338664 -0.113224 0.106565
v -0.336905 -0.113374 -0.290119
v -0.339281 -0.112660 -0.107990
v -0.336872 -0.113587 0.290218
v -0.337110 -0.001514 -0.289945
v -0.337442 -0.001391 -0.107301
v -0.337232 -0.001514 0.290168
v -0.337979 -0.001946 0.094344
v -0.337221 -0.001466 -0.092920
v -0.337804 -0.113064 0.318316
v -0.338160 -0.113432 -0.498773
v -0.337668 -0.001686 -0.498680
v -0.337865 -0.113093 -0.318092
v -0.337993 -0.113043 0.498800
v -0.337790 -0.000433 0.499118
v -0.337669 -0.001401 0.318639
v -0.337706 -0.001428 -0.318364
v -0.341871 -0.016099 -0.092064
v -0.358657 -0.109448 -0.277910
v -0.344865 -0.008141 -0.092033
v -0.338031 -0.001990 0.106075
v -0.342173 -0.037309 -0.108713
v -0.413429 -0.001490 0.167311
v -0.342389 -0.037607 0.109032
v -0.468150 -0.003577 -0.289500
v -0.353883 -0.001568 -0.086703
v -0.358801 -0.098465 0.120950
v -0.366096 -0.111259 -0.077137
v -0.362802 -0.110895 0.080220
v -0.395717 -0.112176 -0.000063
v -0.373127 -0.111791 -0.140215
v -0.365890 -0.107077 0.282133
v -0.373407 -0.109233 -0.153242
v -0.368052 -0.034816 0.078163
v -0.366478 -0.048554 -0.121291
v -0.392958 -0.110944 0.257544
v -0.364044 -0.095654 -0.119251
v -0.356808 -0.001501 -0.086010
v -0.368855 -0.084414 0.074670
v -0.422464 -0.112135 -0.433666
v -0.414803 -0.110536 -0.497939
v -0.414893 -0.003423 -0.093998
v -0.372792 -0.112124 0.140983
v -0.361267 -0.001505 -0.081915
v -0.368473 -0.032331 -0.077799
v -0.362510 -0.087239 0.285466
v -0.382915 -0.001779 -0.000761
v -0.373955 -0.100804 -0.269356
v -0.418444 -0.002799 0.396503
v -0.367493 -0.089859 -0.106597
v -0.368233 -0.089023 0.106628
v -0.368452 -0.110627 -0.094708
v -0.418768 -0.110538 0.498828
v -0.369860 -0.109591 0.094361
v -0.378628 -0.098815 0.275608
v -0.418194 -0.114603 -0.291716
v -0.369654 -0.038137 0.109769
v -0.369687 -0.063064 -0.097790
v -0.370181 -0.036867 -0.106238
v -0.370088 -0.089938 -0.098226
v -0.371852 -0.042359 0.058190
v -0.371774 -0.044150 -0.057818
v -0.371567 -0.084662 0.063698
v -0.370252 -0.033570 0.093847
v -0.418121 -0.002383 0.427077
v -0.371584 -0.108693 -0.077398
v -0.375013 -0.109742 0.077125
v -0.372576 -0.051084 0.149625
v -0.379363 -0.102005 -0.282679
v -0.370197 -0.083742 -0.064275
v -0.373509 -0.054464 -0.147540
v -0.372512 -0.109395 0.153885
v -0.389382 -0.055149 0.042233
v -0.369215 -0.033991 -0.093819
v -0.413657 -0.109902 -0.186592
v -0.388372 -0.056964 -0.042600
v -0.396153 -0.038458 0.128437
v -0.387095 -0.095178 -0.046984
v -0.392541 -0.112198 -0.065286
v -0.417696 -0.114300 0.291723
v -0.405883 -0.012076 0.286225
v -0.409017 -0.025941 -0.142109
v -0.394040 -0.112674 0.064645
v -0.394074 -0.111106 -0.257285
v -0.412545 -0.055510 -0.153822
v -0.413502 -0.009843 -0.107009
v -0.388463 -0.106027 0.283993
v -0.413025 -0.001483 -0.142734
v -0.387026 -0.094004 0.047231
v -0.415524 -0.110546 -0.280538
v -0.413020 -0.098628 -0.153337
v -0.395979 -0.033909 0.147336
v -0.411859 -0.055320 0.153323
v -0.407851 -0.001175 -0.001170
v -0.411202 -0.064169 0.037228
v -0.406125 -0.103533 0.271310
v -0.413419 -0.097956 0.153329
v -0.417068 -0.001583 -0.240385
v -0.401215 -0.026003 -0.000926
v -0.397677 -0.092760 0.239530
v -0.414305 -0.008183 0.107003
v -0.416341 -0.015555 -0.237461
v -0.414618 -0.021442 0.136249
v -0.413460 -0.019271 -0.055496
v -0.402603 -0.102197 -0.262986
v -0.415111 -0.111935 0.060040
v -0.413628 -0.098151 0.001878
v -0.421131 -0.002100 -0.442287
v -0.413287 -0.105080 0.282385
v -0.415238 -0.111573 -0.059500
v -0.415103 -0.112461 0.276860
v -0.411009 -0.110968 -0.237595
v -0.413302 -0.020102 0.054772
v -0.415402 -0.031065 0.003422
v -0.414468 -0.113911 -0.055572
v -0.412915 -0.003193 -0.171049
v -0.407596 -0.091599 -0.285334
v -0.417278 -0.114018 0.052344
v -0.413437 -0.002192 -0.004250
v -0.416318 -0.051802 -0.176911
v -0.416095 -0.060562 0.177217
v -0.423547 -0.108095 0.285096
v -0.414836 -0.095553 -0.179585
v -0.412562 -0.060505 -0.036849
v -0.413456 -0.109395 0.180435
v -0.413579 -0.059831 -0.230177
v -0.413776 -0.063329 -0.201460
v -0.499596 -0.113108 0.318245
v -0.415387 -0.062277 0.010247
v -0.415177 -0.101198 -0.050583
v -0.415746 -0.092250 -0.001148
v -0.412263 -0.107169 0.234299
v -0.417168 -0.015904 0.237580
v -0.414715 -0.004665 0.094159
v -0.416248 -0.062191 -0.010618
v -0.414321 -0.056111 0.200328
v -0.426829 -0.009049 0.262468
v -0.418239 -0.024615 -0.001203
v -0.416126 -0.110709 -0.059064
v -0.417056 -0.110808 -0.057310
v -0.429001 -0.069370 -0.285958
v -0.443588 -0.110916 0.055637
v -0.418965 -0.112698 -0.057354
v -0.418302 -0.106921 0.175455
v -0.418609 -0.001555 0.238362
v -0.417874 -0.108752 -0.177628
v -0.419523 -0.050953 0.152705
v -0.419548 -0.099524 -0.153575
v -0.418789 -0.050584 -0.153149
v -0.417465 -0.106721 0.235501
v -0.419063 -0.098476 0.152837
v -0.418939 -0.023579 0.137075
v -0.419107 -0.090553 0.039265
v -0.419047 -0.020551 -0.050602
v -0.418208 -0.105230 -0.235097
v -0.418678 -0.063759 0.230351
v -0.419237 -0.088289 -0.037841
v -0.418425 -0.007773 0.106874
v -0.420989 -0.022175 -0.130373
v -0.420948 -0.112476 -0.272845
v -0.418749 -0.007352 -0.106260
v -0.418276 -0.005670 -0.093781
v -0.418634 -0.004818 0.093946
v -0.420949 -0.001674 -0.004023
v -0.419074 -0.019399 0.052968
v -0.420887 -0.001388 0.003948
v -0.424019 -0.004112 0.447405
v -0.421487 -0.112773 0.273191
v -0.438584 -0.112251 0.002233
v -0.460627 -0.111224 0.152233
v -0.440471 -0.112897 -0.057564
v -0.441397 -0.033909 0.148807
v -0.461629 -0.001387 0.461594
v -0.438229 -0.035041 0.129351
v -0.445693 -0.065876 0.243323
v -0.440170 -0.001710 0.395550
v -0.457407 -0.039641 0.060434
v -0.445207 -0.090901 0.246351
v -0.461360 -0.050883 0.149030
v -0.424335 -0.109519 -0.283995
v -0.436914 -0.012941 0.390041
v -0.466434 -0.035898 0.093700
v -0.422936 -0.112266 0.437304
v -0.490757 -0.005715 0.092287
v -0.489358 -0.003068 -0.091483
v -0.461385 -0.110191 -0.151386
v -0.445844 -0.030453 0.250909
v -0.435441 -0.094936 -0.045087
v -0.456281 -0.112581 0.252668
v -0.441898 -0.001680 0.386912
v -0.470536 -0.096753 -0.284498
v -0.440683 -0.033225 -0.148353
v -0.480126 -0.004941 -0.001820
v -0.443206 -0.091387 -0.245634
v -0.461477 -0.001301 -0.424686
v -0.463998 -0.035985 -0.093674
v -0.483547 -0.000244 0.348383
v -0.464913 -0.038905 0.108016
v -0.460277 -0.001339 -0.489443
v -0.456447 -0.039886 -0.064692
v -0.463473 -0.085925 -0.256898
v -0.499066 -0.001375 0.245983
v -0.461734 -0.098500 0.092228
v -0.453901 -0.112259 -0.251500
v -0.456060 -0.092033 -0.052325
v -0.499483 -0.113692 0.499140
v -0.499151 -0.001419 0.107165
v -0.454066 -0.109463 -0.076227
v -0.460861 -0.109477 -0.282623
v -0.470214 -0.005482 0.288982
v -0.465380 -0.037960 -0.107686
v -0.455139 -0.001324 0.492154
v -0.461202 -0.101768 0.261084
v -0.499518 -0.001396 0.318497
v -0.460579 -0.085882 0.056349
v -0.464506 -0.004135 0.280844
v -0.459310 -0.110284 0.284332
v -0.499141 -0.001319 -0.106716
v -0.462577 -0.110933 -0.265015
v -0.467467 -0.002004 -0.458717
v -0.462925 -0.036295 -0.086255
v -0.461189 -0.050817 -0.148873
v -0.462722 -0.097559 -0.094576
v -0.462518 -0.109622 0.081683
v -0.465951 -0.091821 -0.107501
v -0.467449 -0.091305 0.107746
v -0.466937 -0.100700 0.123223
v -0.465934 -0.105896 -0.123850
v -0.462678 -0.094630 -0.106287
v -0.462790 -0.097496 0.106126
v -0.464043 -0.112085 -0.106669
v -0.463495 -0.112015 0.106461
v -0.464065 -0.109430 0.092473
v -0.465859 -0.035443 -0.078227
v -0.496662 -0.002186 0.496879
v -0.463459 -0.036662 -0.086035
v -0.463866 -0.036477 -0.088680
v -0.464305 -0.111061 -0.093421
v -0.489893 -0.004665 0.001327
v -0.499055 -0.113500 -0.290428
v -0.470546 -0.106547 0.087462
v -0.475384 0.103140 0.481658
v -0.481797 0.087497 -0.477695
v -0.467034 -0.036289 -0.092955
v -0.468150 -0.104784 -0.077869
v -0.466425 -0.034129 0.076744
v -0.477377 -0.023678 -0.081415
v -0.469634 -0.105607 0.079092
v -0.498097 -0.113625 -0.105432
v -0.466471 -0.042337 -0.122014
v -0.468670 -0.086467 0.092487
v -0.487751 -0.047129 0.286537
v -0.466716 -0.042055 0.122371
v -0.471293 -0.096145 -0.088624
v -0.473241 -0.111141 -0.091146
v -0.477049 0.086428 -0.438232
v -0.470115 -0.110322 0.105723
v -0.471778 -0.106869 -0.089786
v -0.478719 -0.006908 0.284900
v -0.468475 -0.096819 -0.106482
v -0.470447 -0.101419 0.088223
v -0.497691 -0.113451 0.105886
v -0.492717 -0.001849 -0.455647
v -0.494433 -0.019352 -0.107483
v -0.482136 -0.104773 0.284623
v -0.499571 -0.001358 -0.318239
v -0.475212 -0.111838 0.088022
v -0.498943 -0.001360 0.290846
v -0.483246 -0.000381 -0.347227
v -0.499016 -0.113263 -0.094780
v -0.498793 -0.001394 -0.290641
v -0.499041 -0.113551 0.290930
v -0.497828 -0.112127 0.093869
v -0.498667 -0.001182 -0.094108
v -0.494805 -0.018517 0.108032
v -0.492785 -0.001585 -0.426827
v -0.498952 -0.001446 -0.497288
v -0.498987 -0.001471 0.093442
v -0.498010 -0.001529 0.463259
v -0.499917 -0.113167 -0.318075
v -0.499436 -0.113485 -0.498714
vn 0.0380 -0.9991 -0.0197
vn -0.0090 -0.9850 0.1726
vn 0.0274 -0.9993 -0.0240
vn 0.0160 -0.9999 0.0018
vn 0.0028 -0.9999 -0.0123
vn 0.0012 -0.9999 -0.0129
vn 0.0022 -0.9999 -0.0126
vn 0.0087 0.0127 -0.9999
vn -0.0020 0.9998 -0.0200
vn -0.6092 0.4946 -0.6199
vn 0.0612 0.8845 -0.4624
vn 0.0045 0.9997 0.0227
vn 0.9557 0.1934 0.2221
vn 0.9538 0.1920 0.2310
vn 0.9546 0.1914 0.2282
vn -0.8307 0.5181 -0.2036
vn 0.1146 0.9930 -0.0279
vn 0.1342 0.9909 -0.0080
vn 0.1242 0.9922 -0.0145
vn -0.8980 0.4268 0.1071
vn -0.0966 0.9945 0.0403
vn -1.0000 0.0044 -0.0027
vn -0.9981 0.0026 -0.0619
vn -0.9985 0.0027 -0.0542
vn -0.0110 -0.0025 -0.9999
vn -0.0086 0.0009 -1.0000
vn -0.0364 -0.9990 -0.0275
vn -0.0365 -0.9990 -0.0275
vn -0.0364 -0.9990 -0.0276
vn 1.0000 -0.0014 0.0002
vn -0.0158 -0.9999 0.0059
vn -0.0125 -0.9999 0.0061
vn -0.0152 -0.9999 0.0061
vn -0.0052 1.0000 0.0018
vn 0.0016 1.0000 0.0001
vn -0.0057 1.0000 0.0023
vn 0.0111 0.9999 -0.0033
vn 0.0118 0.9997 -0.0235
vn 0.0078 0.9999 -0.0142
vn -0.0072 1.0000 0.0002
vn 0.0004 0.9355 0.3533
vn -0.0385 0.9992 -0.0129
vn 0.0086 0.9995 0.0288
vn -0.9794 0.2014 -0.0167
vn -0.7697 0.1251 -0.6260
vn 0.9759 0.1344 -0.1717
vn 0.9746 0.1411 -0.1737
vn 0.9745 0.1410 -0.1745
vn -0.9601 0.0926 0.2637
vn -0.9851 0.1510 0.0827
vn -0.9923 0.1107 0.0558
vn 0.0453 0.7044 0.7083
vn -0.0033 -0.0056 1.0000
vn -0.0713 0.1356 0.9882
vn -0.0709 0.1354 0.9882
vn 0.0152 -0.0030 -0.9999
vn 0.0229 -0.0021 -0.9997
vn 0.0300 -0.0028 -0.9995
vn -0.0189 0.0080 -0.9998
vn -0.0201 0.0090 -0.9998
vn -0.0195 0.0084 -0.9998
vn 0.0008 0.9994 0.0358
vn 0.1522 0.9833 0.0996
vn 0.0487 0.8908 0.4518
vn -1.0000 0.0018 -0.0045
vn -1.0000 0.0022 -0.0045
vn 0.1822 -0.8576 0.4809
vn -0.0574 -0.8726 0.4850
vn 0.5113 -0.3816 0.7701
vn 0.1447 -0.9886 -0.0408
vn 0.1177 -0.9898 -0.0807
vn 0.1330 -0.9898 -0.0501
vn 0.8384 0.0747 0.5399
vn -0.1618 -0.6318 0.7581
vn -0.4642 -0.0853 0.8816
vn -0.2360 -0.3892 0.8904
vn 0.5926 -0.7928 0.1425
vn -0.0051 0.0459 0.9989
vn -0.0057 0.0479 0.9988
vn -0.0054 0.0467 0.9989
vn 0.8147 -0.2825 -0.5064
vn 0.9571 0.0475 -0.2857
vn 0.4101 0.0918 -0.9074
vn 0.7291 0.1006 -0.6769
vn 0.2379 0.8124 -0.5324
vn 0.0158 -0.9992 0.0361
vn 0.0171 -0.9992 0.0352
vn 0.0164 -0.9992 0.0356
vn 0.0001 0.0024 1.0000
vn -0.0014 0.0224 -0.9997
vn -0.0000 0.0212 -0.9998
vn -0.0009 0.0220 -0.9998
vn 0.0194 -0.0022 -0.9998
vn 0.0186 0.0058 -0.9998
vn 0.0196 -0.0022 -0.9998
vn -0.2275 -0.8877 0.4002
vn -0.1843 -0.9510 0.2481
vn -0.0056 -0.5278 0.8494
vn -0.3201 -0.8191 -0.4760
vn -0.0013 -0.9474 0.3201
vn 0.1015 -0.9904 0.0941
vn 0.0971 -0.9934 0.0619
vn 0.0914 -0.9924 0.0818
vn 0.1727 -0.8695 -0.4627
vn -0.0136 -0.9999 0.0046
vn -0.0097 -0.9998 -0.0178
vn -0.0089 -0.9999 -0.0062
vn -0.9582 0.1789 0.2231
vn -0.8713 0.2513 -0.4215
vn -0.9900 0.0457 -0.1336
vn 0.2107 0.9774 0.0197
vn -0.0061 1.0000 -0.0021
vn 1.0000 -0.0044 -0.0016
vn 1.0000 0.0026 0.0020
vn 1.0000 0.0016 0.0035
vn -0.0061 0.0053 -1.0000
vn 0.0067 -0.0000 -1.0000
vn 0.0144 0.0050 -0.9999
vn 0.0128 -0.0230 -0.9997
vn 0.0122 0.9999 0.0033
vn 0.0466 0.9989 0.0033
vn 0.0021 1.0000 0.0016
vn 0.6261 0.7794 0.0213
vn -1.0000 0.0011 0.0005
vn -1.0000 0.0018 0.0001
vn -0.0114 -0.9998 0.0162
vn 0.7053 -0.7088 0.0148
vn -0.0419 -0.9991 -0.0003
vn 0.6888 -0.7249 -0.0078
vn 0.6949 0.7191 -0.0077
vn 0.6890 0.7241 0.0302
vn 0.6907 0.7226 0.0260
vn 0.6908 0.7226 0.0260
vn -0.0463 0.9984 0.0320
vn -0.0677 0.9957 0.0625
vn -0.5280 0.6398 0.5584
vn -0.0461 0.4842 0.8738
vn 0.0377 -0.9990 0.0219
vn 0.0065 -1.0000 0.0016
vn 0.0112 -0.9999 -0.0114
vn -0.0158 -0.0011 -0.9999
vn -0.0126 0.0061 -0.9999
vn 0.0568 0.1521 0.9867
vn 0.0460 0.1461 0.9882
vn 0.0501 0.1526 0.9870
vn -0.0018 0.0019 1.0000
vn 0.0011 0.0075 1.0000
vn -0.0045 0.0030 1.0000
vn 0.0463 -0.9988 0.0161
vn 0.0457 -0.9988 0.0160
vn 0.1359 -0.9839 -0.1162
vn 0.1548 -0.9795 -0.1290
vn 0.1479 -0.9826 -0.1126
vn 0.0113 -0.8960 0.4440
vn -0.0265 -0.8241 0.5659
vn -0.0864 -0.8240 0.5600
vn 0.7528 -0.5255 -0.3964
vn 0.9923 0.1104 -0.0557
vn 0.7582 -0.4305 0.4897
vn 0.2089 0.4096 -0.8880
vn 0.8361 0.5050 0.2142
vn 0.0377 0.1548 0.9872
vn 0.0353 0.1653 0.9856
vn 0.0420 0.1613 0.9860
vn -0.0062 0.0151 -0.9999
vn -0.0072 0.0172 -0.9998
vn -0.0071 0.0170 -0.9998
vn 0.0084 -0.0000 1.0000
vn 0.0156 -0.0032 0.9999
vn -0.6816 0.2513 0.6873
vn -0.2592 -0.9369 0.2348
vn -0.3899 -0.9143 0.1097
vn 0.3537 -0.9123 -0.2063
vn 0.0174 -0.9998 -0.0056
vn 0.0238 0.4910 -0.8708
vn -0.0202 0.4987 -0.8665
vn -0.0430 0.4450 -0.8945
vn -0.1271 -0.9453 0.3005
vn -0.0053 0.0244 -0.9997
vn -0.0054 0.0244 -0.9997
vn -0.0129 0.0257 -0.9996
vn 1.0000 0.0016 -0.0058
vn 1.0000 0.0020 0.0023
vn 1.0000 0.0030 -0.0057
vn -0.5170 -0.8141 -0.2644
vn -0.2534 -0.9510 0.1774
vn -0.0924 -0.9957 -0.0117
vn -0.0899 -0.9949 -0.0466
vn -0.0957 -0.9954 -0.0093
vn -0.0025 -0.9727 0.2321
vn 0.0001 -0.9728 0.2316
vn 0.0022 -0.9736 0.2284
vn 0.0048 0.0062 -1.0000
vn 0.0111 -0.0015 -0.9999
vn 0.0110 -0.0015 -0.9999
vn 0.7718 0.5654 -0.2910
vn 0.1466 0.9331 -0.3285
vn 0.0096 -1.0000 -0.0021
vn 0.0035 -1.0000 -0.0013
vn 0.0117 -0.9999 0.0068
vn -0.8579 0.2365 0.4562
vn 0.3101 0.0070 -0.9507
vn 0.2740 0.9597 -0.0623
vn -0.3566 -0.3585 0.8627
vn -0.3638 -0.3519 0.8625
vn -0.3513 -0.3517 0.8677
vn -0.8736 -0.4649 -0.1440
vn -0.8930 0.3853 0.2324
vn -0.0434 0.9758 0.2145
vn 0.9674 -0.0842 0.2391
vn -0.0301 0.9995 -0.0140
vn -0.0841 0.9963 0.0173
vn 0.0291 0.9986 0.0449
vn 0.0198 0.9981 0.0577
vn 0.0146 0.9972 0.0739
vn 0.2359 -0.9404 -0.2450
vn 0.2358 -0.9404 -0.2450
vn 0.2352 -0.9406 -0.2447
vn -0.0230 -0.9978 0.0624
vn -0.0212 -0.9983 0.0550
vn -0.0220 -0.9983 0.0546
vn 0.5047 -0.6434 0.5756
vn 0.0435 -0.9989 0.0168
vn 0.1238 -0.9786 0.1644
vn -0.9999 -0.0092 0.0052
vn 0.9949 -0.0288 0.0968
vn 0.9951 -0.0108 0.0983
vn 0.9939 -0.0102 0.1094
vn 0.9470 -0.0310 -0.3197
vn 0.9999 0.0150 -0.0022
vn 0.9997 0.0007 0.0228
vn 0.9967 -0.0118 0.0798
vn 0.9979 -0.0004 0.0648
vn 0.9977 -0.0099 0.0670
vn 0.6123 0.2646 0.7451
vn 0.7310 -0.6065 0.3127
vn 0.9982 0.0411 0.0435
vn 0.9977 0.0475 0.0493
vn 0.9981 0.0478 0.0387
vn 0.9977 0.0522 0.0436
vn -0.9980 -0.0230 -0.0581
vn -0.9980 -0.0231 -0.0581
vn -0.9986 -0.0295 -0.0437
vn -0.9984 -0.0494 -0.0267
vn -0.9955 -0.0084 -0.0941
vn -0.9940 -0.0444 -0.0999
vn -0.9962 -0.0703 -0.0523
vn -0.9911 -0.0186 -0.1317
vn -0.9874 -0.0452 0.1515
vn -0.9846 -0.0573 0.1653
vn -0.9846 -0.0493 0.1675
vn -0.9970 0.0094 0.0771
vn -0.9976 -0.0010 0.0687
vn -0.9966 -0.0066 0.0821
vn -0.9833 0.0490 0.1753
vn -0.9833 0.0498 0.1752
vn -0.9847 0.0500 0.1671
vn -0.9831 0.0547 0.1746
vn -0.9844 0.0590 0.1658
vn -0.9834 0.0757 0.1649
vn -0.9889 -0.1479 0.0149
vn -0.9874 -0.1578 0.0148
vn -0.9881 -0.1536 0.0111
vn -0.1052 -0.1932 0.9755
vn -0.1141 -0.5028 0.8568
vn -0.7678 -0.2296 0.5982
vn -0.9859 -0.1484 0.0777
vn -0.9810 -0.1676 0.0973
vn -0.9937 -0.1013 0.0475
vn -0.2206 -0.9078 0.3568
vn -0.9985 -0.0072 0.0547
vn -0.9973 -0.0311 0.0662
vn -0.9977 -0.0287 0.0619
vn -0.9874 0.0769 -0.1385
vn -0.9886 0.0749 -0.1306
vn -0.9881 0.0815 -0.1303
vn -0.9980 -0.0209 0.0591
vn -0.9987 -0.0160 0.0486
vn -0.9987 -0.0162 0.0487
vn -0.4645 -0.6248 -0.6275
vn -0.4649 -0.6246 -0.6275
vn -0.4652 -0.6247 -0.6272
vn -0.0160 -0.9997 0.0203
vn -0.0233 -0.9995 0.0232
vn -0.0162 -0.9997 0.0191
vn -0.0072 -0.9997 0.0249
vn -0.0068 -0.9997 0.0249
vn -0.0062 -0.9997 0.0250
vn -0.1063 -0.9943 0.0050
vn -0.1041 -0.9945 0.0064
vn -0.1071 -0.9942 0.0032
vn 0.1405 -0.9727 -0.1845
vn 0.1554 -0.9705 -0.1842
vn 0.1491 -0.9697 -0.1935
vn -0.9927 0.1203 -0.0046
vn -0.5907 -0.3584 0.7229
vn -0.9882 0.0170 0.1525
vn -0.9873 0.0249 0.1571
vn -0.9866 0.0319 0.1603
vn -0.7685 -0.5766 0.2772
vn 0.9063 -0.1827 0.3811
vn -0.9020 0.2698 0.3371
vn -0.6777 -0.5917 0.4366
vn -0.4932 0.8538 0.1665
vn -0.1195 0.9914 -0.0536
vn -0.1104 0.9922 -0.0579
vn -0.1146 0.9920 -0.0532
vn 0.7015 0.7105 0.0555
vn 0.9586 0.2844 0.0104
vn 0.0899 0.9639 -0.2507
vn 0.0944 -0.9955 -0.0018
vn 0.0943 -0.9955 -0.0022
vn 0.0930 -0.9957 -0.0037
vn 0.5678 -0.2157 0.7944
vn 0.3015 -0.9120 0.2781
vn 0.1173 -0.7043 0.7001
vn 0.1427 -0.4809 0.8651
vn -0.0374 -0.2335 0.9716
vn 0.5616 -0.4504 0.6941
vn 0.9926 -0.0160 0.1206
vn 0.9567 -0.2179 0.1930
vn 0.9536 -0.2250 0.2000
vn 0.9538 -0.2237 0.2004
vn 0.3829 -0.7583 0.5276
vn 0.3523 -0.4511 0.8200
vn 0.1859 -0.1122 0.9761
vn 0.2206 -0.1541 0.9631
vn -0.9997 -0.0032 -0.0228
vn 0.0178 -0.3438 0.9389
vn -0.0018 0.0287 0.9996
vn 0.0057 0.0309 0.9995
vn -0.0018 0.0289 0.9996
vn 0.0129 0.9079 -0.4191
vn -0.3548 0.3509 -0.8666
vn -0.4793 0.6790 -0.5560
vn -0.3769 0.4513 0.8089
vn -0.9289 -0.0986 0.3571
vn 0.1089 -0.4484 -0.8872
vn 0.3976 0.7498 -0.5288
vn 0.7422 0.5010 -0.4451
vn 0.4818 0.0036 -0.8763
vn 0.4818 0.0041 -0.8763
vn 0.4845 0.0111 -0.8747
vn 0.5293 0.0268 -0.8480
vn 0.5323 0.0256 -0.8462
vn 0.5310 0.0266 -0.8469
vn -0.6190 -0.6059 -0.4997
vn -0.5787 -0.2262 -0.7835
vn -0.5550 0.1981 -0.8079
vn 0.2917 0.9544 0.0637
vn -0.5030 -0.8480 0.1668
vn 0.5601 -0.5480 -0.6213
vn 0.0796 -0.9967 0.0127
vn 0.0775 -0.9969 0.0114
vn 0.0764 -0.9970 0.0095
vn 0.0258 -0.9963 0.0823
vn 0.0198 -0.9950 0.0981
vn 0.0192 -0.9966 0.0807
vn -0.0140 -0.0204 0.9997
vn -0.0538 -0.0162 0.9984
vn -0.0252 -0.0274 0.9993
vn -0.0060 -0.0731 -0.9973
vn 0.0021 0.1844 -0.9829
vn 0.1615 0.0482 -0.9857
vn 0.2478 0.2915 -0.9239
vn 0.3750 0.2367 -0.8963
vn 0.5611 0.1988 -0.8035
vn -0.6223 -0.7644 0.1687
vn -0.9971 0.0110 0.0749
vn -0.9970 0.0027 0.0780
vn -0.9973 0.0168 0.0712
vn 0.1203 0.8869 0.4461
vn 0.0925 0.7269 -0.6805
vn 0.3276 0.8575 -0.3967
vn 0.4284 0.7322 0.5296
vn 0.9148 0.3180 -0.2490
vn -0.0293 0.0392 -0.9988
vn -0.0289 0.0393 -0.9988
vn -0.0272 0.0410 -0.9988
vn 0.0670 -0.9214 -0.3828
vn 0.5965 -0.7855 -0.1649
vn -0.0258 -0.0490 0.9985
vn -0.0189 -0.0524 0.9984
vn -0.0257 -0.0494 0.9984
vn -0.3116 0.4894 -0.8145
vn -0.1643 0.0195 -0.9862
vn 0.2668 -0.7320 0.6268
vn 0.2070 -0.9637 0.1688
vn -0.1452 0.7906 -0.5949
vn 0.5140 -0.8572 -0.0308
vn 0.3190 0.1829 -0.9299
vn 0.6404 -0.7677 -0.0230
vn 0.1057 -0.9926 -0.0593
vn 0.1115 -0.9924 -0.0515
vn 0.1051 -0.9931 -0.0529
vn -0.2680 -0.9633 0.0172
vn -0.2675 -0.9633 0.0201
vn -0.2672 -0.9635 0.0184
vn 0.9353 0.0725 -0.3464
vn 0.9888 -0.0326 -0.1457
vn 0.9887 -0.0272 -0.1471
vn 0.9887 -0.0266 -0.1474
vn 0.2521 -0.9528 -0.1694
vn 0.2709 -0.9426 -0.1954
vn 0.1959 -0.9591 -0.2042
vn 0.9079 -0.2575 -0.3308
vn 0.9064 0.4216 -0.0256
vn 0.9982 0.0543 -0.0267
vn 0.9991 0.0377 -0.0211
vn 0.9981 0.0572 -0.0212
vn 0.9958 -0.0254 -0.0884
vn 0.9953 -0.0210 -0.0941
vn 0.9958 -0.0145 -0.0899
vn -0.7598 -0.6502 -0.0063
vn -0.4665 -0.2265 -0.8550
vn -0.4646 0.4466 -0.7647
vn -0.6764 -0.7357 -0.0349
vn -0.1400 -0.1184 -0.9830
vn -0.3765 -0.2965 -0.8777
vn -0.8090 0.3770 -0.4510
vn -0.6768 -0.4387 -0.5912
vn -0.8637 0.1402 -0.4841
vn -0.3890 -0.6716 -0.6306
vn 0.0844 -0.9964 0.0064
vn 0.0796 -0.9968 0.0002
vn 0.0764 -0.9970 0.0106
vn -0.0134 -0.9803 -0.1969
vn 0.0343 -0.9994 0.0009
vn -0.0977 -0.9938 -0.0521
vn -0.0985 -0.9938 -0.0524
vn -0.0993 -0.9937 -0.0524
vn 1.0000 0.0016 0.0041
vn 0.1130 -0.5090 -0.8533
vn -0.8689 -0.4745 -0.1412
vn -0.8371 -0.4350 -0.3316
vn -0.4116 0.9113 -0.0142
vn -0.8791 0.3775 -0.2909
vn -0.6212 0.3753 0.6879
vn -0.3594 0.7855 0.5039
vn -0.0613 0.9981 -0.0012
vn 0.2044 0.8995 0.3860
vn -0.6554 0.7036 -0.2745
vn 0.0816 -0.0548 0.9952
vn 0.0804 -0.0473 0.9956
vn 0.0877 -0.0458 0.9951
vn 0.5081 -0.1417 0.8496
vn 0.9998 0.0126 0.0175
vn -0.8299 -0.5512 0.0861
vn 0.8542 -0.5053 0.1229
vn 0.0290 0.0288 -0.9992
vn 0.0345 0.0390 -0.9986
vn 0.0344 0.0388 -0.9987
vn 0.0240 -0.1513 -0.9882
vn 0.0294 -0.1457 -0.9889
vn 0.0293 -0.1454 -0.9889
vn -0.0132 0.9999 -0.0031
vn -0.4131 0.9057 -0.0956
vn -0.0027 0.9989 0.0458
vn -0.2617 0.1951 0.9452
vn -0.0023 1.0000 0.0056
vn 0.3731 0.6167 0.6932
vn 0.1103 0.7628 -0.6372
vn 0.0860 0.9962 -0.0147
vn -1.0000 0.0031 -0.0017
vn -0.6720 -0.7405 -0.0057
vn 0.8265 0.3589 -0.4337
vn 0.8351 0.3497 -0.4247
vn 0.8348 0.3474 -0.4271
vn 0.9986 -0.0082 -0.0530
vn 0.9982 -0.0180 -0.0581
vn 0.9984 -0.0089 -0.0550
vn -0.9248 -0.0916 0.3692
vn -0.9145 -0.1520 0.3749
vn -0.7087 -0.1974 0.6773
vn -0.9983 0.0550 0.0211
vn -0.9982 0.0555 0.0211
vn -0.9986 0.0496 0.0171
vn -0.6920 -0.5101 -0.5108
vn -0.6908 -0.5053 -0.5171
vn -0.6937 -0.5026 -0.5160
vn -0.9827 -0.0791 -0.1677
vn -0.9888 -0.0686 -0.1327
vn -0.9877 -0.0514 -0.1474
vn -0.9986 -0.0326 -0.0421
vn -0.9989 -0.0333 -0.0341
vn -0.9985 -0.0335 -0.0423
vn -0.9999 0.0142 -0.0093
vn -0.9998 0.0176 0.0013
vn -0.9999 0.0135 -0.0090
vn 0.9992 0.0059 -0.0398
vn 0.9986 -0.0163 -0.0508
vn 0.9989 -0.0107 -0.0451
vn -0.9978 0.0440 -0.0501
vn -0.9850 -0.0857 -0.1497
vn -0.9850 -0.0862 -0.1497
vn -0.9856 -0.0822 -0.1477
vn 0.9532 0.2607 -0.1533
vn 0.8513 0.4066 -0.3317
vn -0.9920 0.0871 -0.0913
vn -0.7668 -0.4640 -0.4434
vn -0.7975 0.5879 0.1357
vn -0.9996 0.0293 -0.0045
vn -0.9978 0.0666 0.0068
vn -0.9982 0.0562 -0.0202
vn -0.9975 0.0662 -0.0239
vn -0.2829 -0.1567 0.9463
vn 0.0207 -0.9993 -0.0304
vn -0.1622 -0.9836 0.0786
vn -0.0005 -1.0000 -0.0036
vn 0.0574 -0.9979 -0.0295
vn -1.0000 0.0032 -0.0016
vn -0.2067 -0.9776 0.0401
vn -0.2008 -0.9784 0.0501
vn -0.2080 -0.9773 0.0399
vn 0.4374 0.3028 0.8468
vn 0.2920 -0.9495 -0.1144
vn 0.2006 0.9778 -0.0597
vn -0.0760 0.5903 0.8036
vn -0.3553 -0.5167 0.7789
vn -0.2691 0.9581 0.0985
vn -0.1649 -0.9856 -0.0377
vn -0.9976 0.0485 0.0500
vn -0.9987 0.0476 0.0185
vn -0.9979 0.0437 0.0469
vn -0.9829 -0.0285 -0.1821
vn -0.9830 -0.0350 -0.1803
vn -0.9830 -0.0355 -0.1800
vn -0.0836 -0.8606 0.5024
vn -0.1264 -0.8933 0.4313
vn -0.2044 -0.8070 0.5541
vn 0.3735 0.0120 0.9275
vn 0.3732 0.0030 0.9277
vn 0.3798 0.0037 0.9251
vn -0.6095 -0.2442 0.7543
vn 0.0438 0.9283 0.3692
vn -0.0110 0.6580 0.7530
vn 0.0681 0.9961 -0.0562
vn -0.2587 0.9651 -0.0397
vn -0.2689 0.9626 -0.0322
vn -0.2703 0.9620 -0.0398
vn -1.0000 0.0020 -0.0010
vn 0.3880 -0.0086 0.9216
vn -0.5575 0.5251 0.6430
vn 0.8388 -0.4111 -0.3569
vn 0.9237 0.3827 0.0193
vn 0.0366 -0.9992 0.0139
vn 0.0362 -0.9992 0.0148
vn 0.0368 -0.9992 0.0132
vn 0.0151 -0.9996 -0.0241
vn 0.0148 -0.9996 -0.0239
vn 0.0150 -0.9996 -0.0240
vn -0.9829 -0.1635 -0.0848
vn -0.9848 -0.1567 -0.0745
vn -0.9863 -0.1512 -0.0656
vn -0.9992 0.0343 -0.0209
vn -0.9992 0.0348 -0.0216
vn -0.9994 0.0121 -0.0316
vn -0.1157 -0.9933 0.0075
vn -0.4512 -0.8472 0.2805
vn -0.5520 -0.5489 0.6277
vn 0.0253 -0.9992 -0.0302
vn -0.0659 -0.9948 0.0780
vn -0.0667 -0.9947 0.0788
vn -0.0665 -0.9947 0.0785
vn -0.1104 -0.6248 0.7729
vn -0.2468 -0.7469 -0.6174
vn 0.2024 -0.9784 0.0410
vn 0.2072 -0.9776 0.0370
vn 0.2072 -0.9776 0.0369
vn 0.9982 -0.0572 0.0197
vn 0.9981 -0.0620 0.0023
vn 0.9985 -0.0546 0.0056
vn -0.9929 0.0655 0.0988
vn -0.5743 -0.4114 0.7077
vn 0.2622 -0.5397 0.8000
vn 0.2232 -0.0513 0.9734
vn 0.6695 -0.4002 -0.6258
vn 0.9790 -0.1188 0.1654
vn 0.9824 0.1015 0.1569
vn 0.9962 0.0152 0.0858
vn 0.9962 0.0148 0.0854
vn 0.9972 0.0138 0.0728
vn 0.9958 0.0908 0.0061
vn 0.9956 0.0934 0.0027
vn 0.9968 0.0805 0.0009
vn 0.4108 0.4081 -0.8153
vn -0.9939 0.0541 0.0962
vn -0.9938 0.0557 0.0966
vn -0.9923 0.0558 0.1110
vn -0.9672 -0.2130 0.1387
vn -0.9640 -0.2240 0.1434
vn -0.9701 -0.1994 0.1383
vn -0.9943 0.1052 -0.0170
vn -0.9950 0.0972 -0.0213
vn -0.9945 0.1036 -0.0119
vn -0.1307 0.9902 -0.0489
vn 0.8523 -0.5209 -0.0487
vn 0.9979 0.0643 0.0124
vn 0.9969 0.0784 0.0041
vn 0.9973 0.0731 0.0117
vn 0.9895 0.1413 -0.0300
vn 0.9857 0.1639 -0.0394
vn 0.9879 0.1529 -0.0259
vn -0.0036 1.0000 -0.0021
vn 1.0000 0.0046 0.0053
vn 1.0000 0.0038 -0.0026
vn 1.0000 0.0043 0.0053
vn -0.3930 -0.5923 0.7034
vn -0.0345 -0.5534 0.8322
vn -0.2819 -0.3349 0.8991
vn 0.1393 -0.8565 0.4970
vn 0.9756 0.0707 0.2080
vn 0.9805 0.0641 0.1857
vn 0.9784 0.0697 0.1947
vn 0.9937 0.0118 0.1118
vn 0.9937 0.0117 0.1117
vn 0.9926 0.0057 0.1211
vn 0.0873 -0.7991 0.5948
vn 0.0895 0.0452 0.9950
vn 0.2363 -0.0586 0.9699
vn 0.2345 -0.0661 0.9699
vn -0.5400 -0.3253 0.7762
vn 0.8534 0.1836 0.4879
vn -0.3651 -0.1445 0.9197
vn -0.0044 -0.8075 0.5899
vn -0.2622 0.2481 0.9326
vn -0.1904 -0.2120 0.9586
vn 0.4093 -0.8885 -0.2075
vn 0.6560 0.0950 0.7487
vn 0.6702 0.0796 0.7379
vn 0.6607 0.0783 0.7466
vn 0.0183 -0.4762 -0.8792
vn -0.4005 -0.9162 -0.0139
vn -0.2102 -0.7573 -0.6183
vn 0.0027 -0.4584 -0.8888
vn 0.6018 -0.0261 -0.7982
vn 0.9443 0.2973 -0.1410
vn 0.8974 0.4083 -0.1673
vn 0.7842 0.0914 0.6137
vn 0.8268 0.0855 -0.5559
vn 0.5448 -0.4367 0.7159
vn 0.6360 -0.2764 0.7205
vn 0.9069 0.3127 0.2825
vn -0.1194 -0.4297 -0.8950
vn 0.9226 0.1107 -0.3696
vn -0.9074 0.0333 -0.4189
vn -0.9077 0.0492 -0.4168
vn -0.9110 0.0337 -0.4110
vn -0.8052 0.5221 -0.2812
vn -0.9133 0.4071 -0.0157
vn -0.0698 -0.0383 0.9968
vn -0.0903 -0.0719 0.9933
vn -0.0634 -0.0614 0.9961
vn -0.0125 -0.0005 0.9999
vn -0.0049 -0.0025 1.0000
vn 0.0016 -0.0058 1.0000
vn -0.0114 -0.0766 0.9970
vn -0.0118 -0.0690 0.9975
vn -0.0128 -0.0687 0.9976
vn -0.3851 0.4169 0.8233
vn -0.1866 -0.0922 0.9781
vn -0.3280 -0.0272 -0.9443
vn -0.1804 -0.1404 -0.9735
vn -0.1895 0.0382 -0.9811
vn -0.4856 -0.0098 -0.8741
vn -0.4907 -0.0118 -0.8712
vn -0.4899 -0.0099 -0.8717
vn -0.4620 -0.0185 -0.8867
vn 0.9873 0.0234 -0.1571
vn 0.9868 0.0311 -0.1592
vn 0.9866 0.0298 -0.1606
vn 0.9989 -0.0211 -0.0420
vn 0.9992 -0.0205 -0.0346
vn 0.9991 -0.0143 -0.0387
vn -0.6144 -0.4557 0.6441
vn -0.3712 -0.4900 0.7887
vn -0.8607 0.0184 0.5088
vn 0.2163 0.9171 -0.3350
vn -0.6422 0.4455 -0.6238
vn -0.2524 0.5832 -0.7721
vn 0.0130 -0.1271 -0.9918
vn -0.0885 -0.0197 -0.9959
vn -0.5657 0.1234 -0.8154
vn 0.3111 -0.0631 -0.9483
vn 0.3546 0.8630 -0.3600
vn -0.3530 -0.9305 -0.0975
vn -0.3676 -0.9244 -0.1017
vn -0.3841 -0.9137 -0.1327
vn 0.4857 -0.8582 0.1662
vn 0.4962 -0.8679 -0.0250
vn 0.5464 -0.8375 -0.0025
vn 0.0344 -0.9991 -0.0240
vn 0.0266 -0.9993 -0.0248
vn 0.0265 -0.9993 -0.0253
vn -1.0000 -0.0034 -0.0000
vn -0.9684 -0.1247 -0.2160
vn -0.4684 0.5589 -0.6842
vn 0.3022 0.0237 -0.9529
vn 0.3023 0.0212 -0.9530
vn 0.3057 0.0165 -0.9520
vn -0.0038 -0.8518 -0.5238
vn 0.0034 -0.8545 -0.5194
vn -0.0039 -0.8528 -0.5222
vn 0.1405 0.9893 -0.0401
vn 0.2984 0.7989 -0.5222
vn 0.6507 0.0858 -0.7545
vn 0.5890 0.3737 0.7165
vn -0.6554 -0.6408 -0.3999
vn -0.2518 0.5232 0.8141
vn -0.8154 -0.5583 -0.1529
vn -0.1224 -0.9607 -0.2493
vn -0.1421 -0.9690 -0.2023
vn -0.0994 -0.9686 -0.2279
vn 0.1865 -0.9736 0.1316
vn -0.0644 -0.6716 0.7381
vn 0.8295 -0.5197 -0.2048
vn 0.0536 -0.9986 -0.0025
vn 0.2150 -0.4982 0.8400
vn 0.0132 -0.9996 -0.0266
vn 0.0125 -0.9996 -0.0263
vn 0.0136 -0.9995 -0.0268
vn 0.0014 -0.9999 -0.0161
vn 0.0016 -0.9999 -0.0162
vn 0.0010 -0.9999 -0.0159
vn 0.5445 0.4646 -0.6983
vn -0.0269 -0.7230 0.6903
vn 0.1196 0.9860 -0.1163
vn 0.6327 0.7596 -0.1507
vn 0.8006 -0.2863 -0.5264
vn 0.9959 -0.0863 0.0269
vn 0.9963 -0.0858 0.0070
vn 0.9959 -0.0900 0.0133
vn 0.9762 0.1122 0.1857
vn 0.9979 0.0026 -0.0643
vn 0.9988 0.0466 -0.0141
vn 0.9987 0.0478 -0.0196
vn 0.9989 0.0447 -0.0141
vn 0.9992 0.0185 -0.0341
vn 0.9995 0.0198 -0.0253
vn 0.9995 0.0161 -0.0277
vn 0.9906 0.0610 -0.1223
vn 0.9994 -0.0202 -0.0266
vn 0.9506 -0.3075 -0.0435
vn 0.9939 -0.1100 -0.0122
vn 0.9952 -0.0971 -0.0084
vn 0.9936 -0.1117 -0.0177
vn 0.9949 -0.0954 -0.0334
vn 0.9961 -0.0813 -0.0336
vn 0.9947 -0.1000 -0.0239
vn 0.5814 0.2572 -0.7719
vn 0.5908 0.2291 -0.7736
vn 0.5716 0.2401 -0.7846
vn 0.2350 -0.8684 0.4366
vn -0.7063 0.6996 -0.1085
vn 0.0659 -0.9964 0.0537
vn -0.9419 0.3351 -0.0205
vn -0.9442 0.3287 -0.0214
vn -0.9526 0.3037 -0.0187
vn -0.9976 -0.0286 0.0634
vn -0.9974 -0.0394 0.0610
vn -0.9973 -0.0391 0.0622
vn -0.9704 0.1176 -0.2109
vn -0.9724 0.1257 -0.1967
vn -0.9702 0.1180 -0.2117
vn -0.9859 0.0567 -0.1573
vn -0.9864 0.0611 -0.1523
vn -0.9863 0.0586 -0.1543
vn -0.9907 0.0096 -0.1357
vn -0.8753 -0.2468 -0.4158
vn -0.9697 -0.0385 -0.2411
vn -0.0125 -0.0295 -0.9995
vn -0.0124 -0.0376 -0.9992
vn -0.0126 -0.0365 -0.9993
vn 0.2619 -0.7483 -0.6094
vn 0.2034 -0.4420 -0.8737
vn -0.5222 0.3375 -0.7832
vn -0.2263 0.6226 -0.7491
vn -0.1143 0.6812 -0.7231
vn -0.1073 0.9173 -0.3834
vn 0.9999 0.0083 -0.0064
vn 0.9999 0.0076 -0.0070
vn 0.9999 0.0089 -0.0055
vn -0.3193 0.9452 0.0675
vn -0.2362 0.6173 0.7504
vn -0.5214 -0.8459 0.1124
vn -0.0200 -0.9995 -0.0243
vn -0.0677 -0.9963 -0.0528
vn -0.0369 -0.9979 -0.0534
vn -0.9178 -0.3952 0.0382
vn -0.4335 0.7926 -0.4289
vn -0.6149 0.7747 -0.1476
vn -0.5912 0.7891 -0.1669
vn -0.6384 0.7556 -0.1465
vn -0.6545 0.2978 -0.6950
vn -0.9017 0.4187 0.1075
vn -0.8824 0.4298 0.1914
vn -0.8910 0.4255 0.1583
vn 0.6484 -0.4021 0.6465
vn -0.0334 -0.9991 -0.0271
vn -0.0334 -0.9991 -0.0269
vn -0.0329 -0.9991 -0.0260
vn 0.9907 -0.1185 0.0673
vn 0.6981 0.7058 0.1204
vn -0.0050 0.0116 -0.9999
vn -0.0035 0.0125 -0.9999
vn -0.0044 0.0123 -0.9999
vn -0.0384 0.0484 -0.9981
vn -0.0389 0.0486 -0.9981
vn -0.0379 0.0481 -0.9981
vn 0.0368 0.0131 -0.9992
vn 0.0364 0.0129 -0.9993
vn 0.0372 0.0131 -0.9992
vn -1.0000 -0.0014 -0.0027
vn -1.0000 -0.0014 -0.0026
vn -0.1780 -0.5989 0.7808
vn -0.7615 -0.2552 0.5957
vn -0.1312 -0.9810 0.1431
vn 0.1721 -0.9801 -0.0993
vn 0.1690 -0.9809 -0.0966
vn 0.1622 -0.9829 -0.0871
vn 0.1035 -0.9936 -0.0445
vn 0.1047 -0.9935 -0.0447
vn 0.0958 -0.9938 -0.0561
vn -0.0032 -0.9994 0.0346
vn 0.9308 -0.3643 0.0291
vn -0.3889 -0.8785 0.2773
vn 0.1853 -0.9743 0.1281
vn 0.0038 -0.9908 -0.1355
vn -0.2537 -0.9568 0.1418
vn -0.1843 -0.9690 0.1643
vn 0.0427 0.9511 0.3058
vn 0.0487 -0.9966 0.0660
vn -0.9964 -0.0844 0.0021
vn 0.0505 -0.9910 -0.1239
vn -0.9999 0.0111 0.0083
vn -0.9999 0.0087 0.0054
vn -0.9999 0.0090 0.0054
vn -0.9999 0.0095 0.0056
vn -1.0000 -0.0027 0.0010
vn 0.2131 -0.9723 0.0958
vn 0.2918 -0.9084 0.2995
vn 0.2925 -0.9079 0.3003
vn 0.2901 -0.9091 0.2989
vn 0.0362 -0.9929 -0.1132
vn 0.6853 -0.0991 0.7215
vn 0.0203 0.9988 0.0443
vn 0.2960 0.7755 -0.5577
vn 0.0024 0.9998 0.0183
vn 0.4842 0.8224 -0.2988
vn 0.0398 0.9991 -0.0151
vn 0.9782 0.2070 -0.0141
vn 0.9819 0.1892 -0.0133
vn 0.9797 0.1997 -0.0177
vn 0.9847 0.1744 0.0013
vn 0.9858 0.1679 -0.0029
vn 0.9859 0.1675 -0.0022
vn 0.0494 0.9967 -0.0651
vn -0.3824 0.7773 0.4995
vn 0.9741 0.2043 0.0965
vn 0.9753 0.2026 0.0881
vn 0.9721 0.2090 0.1062
vn -0.3150 0.9473 -0.0574
vn -0.1942 0.9794 0.0557
vn -0.6757 0.6114 -0.4118
vn 0.6878 0.7259 0.0042
vn -0.0080 -0.0087 0.9999
vn -0.0046 -0.0077 1.0000
vn -0.0029 -0.0065 1.0000
vn -0.0072 -0.0015 1.0000
vn 0.3042 -0.4315 0.8493
vn 0.6452 -0.6367 0.4222
vn 0.7141 -0.3737 0.5920
vn 0.4462 -0.6342 0.6314
vn 0.5054 -0.6038 0.6165
vn 0.4908 -0.6071 0.6250
vn 0.3881 -0.0459 0.9205
vn 0.3903 -0.0521 0.9192
vn 0.3779 -0.0228 0.9256
vn 0.4832 -0.2288 0.8451
vn -0.4406 -0.6926 -0.5710
vn -0.2067 0.9014 0.3804
vn 0.2595 0.3735 0.8906
vn 0.4138 -0.4457 0.7938
vn 0.4270 -0.1522 0.8913
vn -0.0356 -0.0288 0.9990
vn -0.0355 -0.0289 0.9990
vn -0.0358 -0.0287 0.9989
vn -0.5681 -0.6990 0.4344
vn 0.0544 -0.8426 0.5358
vn 0.6912 -0.2079 -0.6921
vn 0.4946 -0.7598 -0.4220
vn 0.6115 -0.7478 -0.2584
vn 0.9396 0.2999 0.1652
vn 0.7596 -0.4396 0.4793
vn 0.0037 1.0000 0.0008
vn -0.0040 0.9462 -0.3236
vn -0.5677 0.7665 0.3003
vn 0.4454 0.8675 -0.2216
vn 0.9901 0.1294 -0.0544
vn 0.8269 0.4340 0.3575
vn -0.9819 0.1447 -0.1222
vn -0.9818 0.1501 -0.1166
vn -0.9804 0.1506 -0.1270
vn -0.1045 0.0559 -0.9929
vn -0.1310 0.0215 -0.9912
vn -0.0215 0.0430 -0.9988
vn 0.0717 -0.1137 -0.9909
vn 0.0638 -0.1213 -0.9906
vn 0.0624 -0.1287 -0.9897
vn 0.0721 -0.9831 -0.1682
vn 0.0688 -0.9804 -0.1847
vn 0.0619 -0.9790 -0.1940
vn 0.3712 -0.2194 -0.9022
vn -0.0979 -0.7159 -0.6913
vn -0.3539 -0.9227 -0.1530
vn -0.0049 -0.9170 0.3989
vn -0.2629 -0.9347 0.2391
vn -0.0558 -0.1746 -0.9831
vn -0.0513 -0.1846 -0.9815
vn -0.0605 -0.1858 -0.9807
vn -0.0385 -0.1280 -0.9910
vn -0.0304 -0.1226 -0.9920
vn -0.0326 -0.1152 -0.9928
vn 0.2316 0.2337 0.9443
vn -0.0213 -0.1443 0.9893
vn 0.3529 -0.9182 0.1798
vn 0.0307 -0.1808 -0.9830
vn 0.0353 -0.1740 -0.9841
vn 0.0259 -0.1754 -0.9842
vn -1.0000 -0.0071 -0.0042
vn -1.0000 0.0015 -0.0028
vn -1.0000 0.0018 -0.0034
vn -0.0260 0.0556 -0.9981
vn 0.6802 -0.6951 0.2329
vn 0.9936 -0.1080 0.0318
vn 0.9936 -0.1085 0.0301
vn 0.9933 -0.1126 0.0244
vn -0.6852 0.4685 -0.5577
vn -0.0397 0.5334 -0.8449
vn -0.4207 0.8757 -0.2369
vn -0.2194 0.4627 -0.8589
vn -0.0816 0.9788 0.1878
vn 0.0216 0.8731 0.4870
vn 0.4077 0.8070 0.4272
vn 0.2991 0.8089 -0.5062
vn 0.0381 0.9934 0.1082
vn 0.1065 0.4156 0.9033
vn 0.0980 0.4094 0.9071
vn 0.0979 0.4094 0.9071
vn -0.3792 0.0282 0.9249
vn -0.3664 0.0295 0.9300
vn -0.3827 0.0347 0.9232
vn -0.0052 0.3337 -0.9427
vn 0.0026 0.3339 -0.9426
vn 0.0013 0.3373 -0.9414
vn 0.5803 0.3399 -0.7401
vn 0.4214 0.9050 0.0584
vn 0.2728 0.9567 0.1016
vn 0.8466 -0.5212 -0.1081
vn 0.8507 -0.5174 -0.0931
vn 0.8792 -0.4572 -0.1339
vn -0.6105 0.0840 0.7875
vn -0.1919 0.9732 -0.1267
vn 0.7317 0.1479 0.6653
vn -0.0601 -0.1848 0.9809
vn -0.0528 -0.1970 0.9790
vn -0.0474 -0.2111 0.9763
vn -0.7825 0.6125 0.1116
vn -0.0040 0.9660 -0.2585
vn -0.0042 0.9872 0.1596
vn -0.4962 0.8166 -0.2949
vn -0.6493 0.7497 -0.1277
vn -0.0047 -0.9995 0.0317
vn -0.0037 -0.9995 0.0313
vn -0.0053 -0.9995 0.0318
vn -0.0026 -0.0225 -0.9997
vn -0.0001 -0.0150 -0.9999
vn 0.0010 -0.0154 -0.9999
vn 0.0030 -0.0021 -1.0000
vn 0.6974 0.7088 -0.1060
vn 0.9902 -0.0087 0.1394
vn -0.9118 0.4050 0.0674
vn -0.9135 0.4001 0.0735
vn -0.9111 0.4041 0.0815
vn 0.0012 0.0005 -1.0000
vn -0.0007 -0.0022 -1.0000
vn -1.0000 0.0001 -0.0027
vn -1.0000 0.0010 -0.0024
vn -1.0000 -0.0000 -0.0028
vn 0.4194 -0.5881 0.6916
vn -0.2076 -0.9083 -0.3632
vn 0.3066 0.9452 -0.1120
vn -0.6630 0.6624 0.3488
vn -0.3904 0.9185 -0.0623
vn 0.0449 0.0671 0.9967
vn 0.0332 0.0655 0.9973
vn 0.0231 0.0780 0.9967
vn 0.5992 -0.7655 -0.2347
vn 0.5028 -0.5199 0.6906
vn 0.0137 -0.9986 0.0505
vn 0.6540 -0.7106 0.2594
vn 0.9248 -0.3800 -0.0164
vn 0.8688 0.1508 0.4717
vn 0.8160 0.1255 0.5643
vn 0.8768 -0.0667 0.4762
vn 0.9966 0.0170 0.0803
vn 0.9965 0.0175 0.0821
vn 0.9971 0.0100 0.0755
vn 0.0656 -0.9966 -0.0489
vn 0.0573 -0.9972 -0.0488
vn 0.0578 -0.9972 -0.0476
vn 0.0544 -0.9984 -0.0169
vn 0.0625 -0.9979 -0.0195
vn 0.0542 -0.9983 -0.0202
vn 0.1738 -0.9185 -0.3551
vn -0.6090 0.4161 0.6753
vn -0.9998 0.0018 0.0200
vn -1.0000 0.0009 0.0085
vn -0.9995 -0.0032 0.0305
vn -0.9974 -0.0476 0.0540
vn -0.9976 -0.0432 0.0542
vn -0.9966 -0.0610 0.0556
vn -0.9935 -0.1117 0.0233
vn -0.9935 -0.1119 0.0229
vn -0.9925 -0.1197 0.0250
vn -0.9929 -0.0564 0.1044
vn -0.9939 -0.0505 0.0980
vn -0.9940 -0.0566 0.0933
vn -0.9990 0.0263 -0.0369
vn -0.9990 0.0202 -0.0404
vn -0.9990 0.0207 -0.0395
vn -0.3018 0.3111 0.9012
vn 0.3102 0.9438 0.1137
vn -0.7997 -0.4657 0.3790
vn -0.8131 -0.4289 0.3937
vn -0.8007 -0.4586 0.3854
vn -0.9904 -0.1296 -0.0479
vn -0.9894 -0.1385 -0.0444
vn -0.9898 -0.1352 -0.0455
vn -0.9814 0.1908 0.0191
vn -0.9815 0.1907 0.0190
vn -0.9817 0.1903 0.0124
vn -0.7299 0.0275 0.6830
vn -0.6836 -0.6825 0.2586
vn 0.9800 -0.1169 -0.1611
vn 0.9790 -0.1289 -0.1579
vn 0.9785 -0.1340 -0.1565
vn 0.9989 0.0338 0.0330
vn 0.9991 0.0340 0.0252
vn 0.9991 0.0340 0.0253
vn 0.9845 0.1741 -0.0221
vn 0.9843 0.1754 -0.0196
vn 0.9844 0.1750 -0.0201
vn 0.4065 -0.4932 -0.7691
vn -0.3800 0.4934 0.7824
vn -0.3959 -0.5003 0.7701
vn -0.6017 -0.5491 0.5800
vn -0.4329 0.1818 0.8829
vn -0.3847 -0.8073 0.4475
vn -0.2146 -0.9712 0.1040
vn -0.0295 0.0958 0.9950
vn -0.0208 0.0952 0.9952
vn -0.0199 0.1032 0.9945
vn 0.5539 -0.8284 -0.0832
vn 0.0684 -0.9973 -0.0283
vn 0.8608 0.2723 0.4299
vn -0.2645 -0.4372 0.8596
vn 0.3987 -0.0747 0.9140
vn 0.6818 -0.4650 0.5647
vn 0.2282 -0.2763 0.9336
vn 0.2196 -0.2875 0.9323
vn 0.2291 -0.2785 0.9327
vn 0.3467 -0.3636 0.8646
vn 0.2386 0.0606 0.9692
vn -0.1678 -0.0249 0.9855
vn 0.2689 0.3201 0.9084
vn 0.0870 -0.8594 0.5039
vn -0.2582 -0.4540 0.8528
vn -0.7110 0.3141 -0.6292
vn -0.2406 0.0326 0.9701
vn -0.2681 0.6531 -0.7082
vn 0.9774 0.1210 0.1736
vn 0.9772 0.1205 0.1746
vn 0.9766 0.1270 0.1735
vn 0.9998 -0.0067 0.0201
vn 0.9996 -0.0074 0.0281
vn 0.9998 -0.0066 0.0200
vn 0.9896 -0.1373 0.0429
vn 0.9883 -0.1433 0.0518
vn 0.9885 -0.1434 0.0474
vn 0.2074 0.3218 -0.9238
vn 0.2171 0.3507 -0.9110
vn 0.2121 0.3290 -0.9202
vn 0.0797 -0.9507 0.2997
vn 0.0752 -0.0574 0.9955
vn 0.1071 -0.0585 0.9925
vn 0.0908 -0.0531 0.9945
vn 0.7430 -0.5610 -0.3650
vn 0.7203 -0.5812 -0.3788
vn 0.7473 -0.5688 -0.3435
vn 0.1520 -0.3043 0.9404
vn -0.0180 -0.9988 0.0453
vn -0.0148 -0.9985 0.0530
vn -0.0222 -0.9982 0.0555
vn 0.1825 -0.9129 -0.3650
vn -0.1874 -0.6036 -0.7749
vn 0.4179 -0.8879 0.1921
vn -0.0729 -0.9910 0.1123
vn -0.2606 -0.9521 0.1598
vn -0.9840 -0.1326 -0.1190
vn -0.9810 -0.1326 -0.1414
vn -0.9821 -0.1444 -0.1206
vn -0.9995 -0.0305 -0.0002
vn -0.9792 -0.1995 0.0375
vn -0.9904 -0.1099 0.0841
vn -0.9914 -0.0915 0.0935
vn -0.9914 -0.1021 0.0824
vn 0.9840 -0.1468 -0.1011
vn 0.9850 -0.1462 -0.0913
vn 0.9871 -0.1232 -0.1023
vn 0.9948 -0.1018 -0.0064
vn 0.9954 -0.0947 -0.0147
vn 0.9955 -0.0943 -0.0072
vn -0.0375 -0.9993 0.0001
vn -0.0495 -0.9988 0.0047
vn -0.0413 -0.9991 0.0082
vn -0.0310 -0.9995 -0.0116
vn -0.0259 -0.9996 -0.0142
vn -0.0279 -0.9995 -0.0151
vn -0.0321 -0.9995 0.0038
vn -0.0326 -0.9995 0.0036
vn -0.0330 -0.9994 0.0036
vn -0.4315 -0.8578 0.2792
vn -0.4309 -0.8579 0.2800
vn -0.4297 -0.8582 0.2807
vn -0.1657 -0.0745 0.9834
vn -0.1911 -0.0673 0.9793
vn -0.1719 -0.0621 0.9831
vn 0.1209 -0.0228 -0.9924
vn 0.1207 -0.0259 -0.9923
vn 0.1228 -0.0290 -0.9920
vn 0.4266 0.7056 -0.5658
vn 0.9901 -0.0644 -0.1247
vn 0.9901 -0.0646 -0.1247
vn 0.2319 -0.9727 -0.0115
vn 0.2370 -0.9714 -0.0135
vn 0.2172 -0.9761 -0.0024
vn 0.0017 -0.0254 -0.9997
vn 0.0068 -0.0215 -0.9997
vn -0.0003 -0.0079 -1.0000
vn 0.0221 -0.7997 0.6000
vn -0.0106 -0.9591 0.2828
vn 0.0681 -0.9094 0.4103
vn 0.2675 -0.5795 -0.7698
vn -0.2182 -0.7668 -0.6036
vn 0.0549 -0.9941 -0.0939
vn -0.6637 0.1013 0.7411
vn -0.7048 0.6637 0.2505
vn -0.4008 0.8212 -0.4062
vn 0.9999 0.0103 0.0109
vn 0.6590 0.0840 0.7474
vn -0.9730 0.0298 -0.2289
vn -0.9729 0.0270 -0.2298
vn -0.9729 0.0288 -0.2295
vn 0.0201 0.0344 -0.9992
vn 0.0200 0.0346 -0.9992
vn -0.4325 0.8900 -0.1445
vn 0.7142 0.6083 0.3462
vn 0.2345 0.9696 0.0706
vn 0.0500 0.9893 -0.1373
vn -0.1499 0.9621 0.2279
vn 0.4630 0.6871 -0.5599
vn -0.5185 -0.8534 0.0525
vn -0.3898 -0.6710 0.6307
vn -0.9850 -0.0951 0.1441
vn -0.9993 0.0291 -0.0239
vn -0.9990 0.0363 -0.0272
vn -0.9990 0.0352 -0.0285
vn 0.3600 -0.4207 0.8327
vn -0.1423 0.9893 0.0309
vn -0.9992 -0.0180 0.0349
vn -0.9995 -0.0157 0.0259
vn -0.9995 -0.0092 0.0288
vn 0.5678 -0.5324 -0.6278
vn -0.2189 0.5380 -0.8140
vn -0.0661 -0.9904 -0.1212
vn -0.0711 -0.9898 -0.1233
vn -0.0447 -0.9902 -0.1325
vn 0.2847 0.2238 0.9321
vn 0.1016 -0.9722 0.2110
vn 0.0631 -0.9523 0.2986
vn 0.1196 -0.9739 0.1931
vn 0.2002 -0.6217 0.7572
vn 0.0135 -0.9999 0.0064
vn 0.0213 -0.9997 0.0083
vn 0.0144 -0.9999 0.0053
vn 0.0011 -0.9998 -0.0174
vn 0.0009 -0.9998 -0.0185
vn 0.0009 -0.9998 -0.0186
vn 0.0374 -0.9992 0.0111
vn 0.0371 -0.9993 0.0109
vn 0.0376 -0.9992 0.0112
vn 0.3459 -0.5988 0.7224
vn 0.4021 0.4149 0.8162
vn -0.0412 -0.0208 0.9989
vn -0.0424 -0.0218 0.9989
vn -0.0461 -0.0362 0.9983
vn 0.1653 -0.1454 0.9755
vn -0.4339 -0.2557 0.8639
vn 0.2365 -0.4777 0.8461
vn 0.9998 0.0187 0.0059
vn 0.9998 0.0180 0.0062
vn 0.9998 0.0192 0.0056
vn -0.8745 -0.1027 0.4741
vn 0.9804 0.0673 0.1851
vn 0.9805 0.0674 0.1847
vn -0.5539 0.8204 -0.1419
vn -0.1741 0.6440 -0.7449
vn 0.1052 -0.7576 0.6442
vn 0.2909 -0.7026 0.6493
vn 0.9963 0.0862 0.0063
vn 0.0689 0.9976 -0.0081
vn 0.0512 0.9070 0.4180
vn 0.9890 0.1474 0.0145
vn 0.9896 0.1433 0.0078
vn 0.9902 0.1393 0.0074
vn 0.9954 -0.0857 0.0435
vn 0.9953 -0.0910 0.0336
vn 0.9968 -0.0633 0.0487
vn 0.8087 -0.4866 0.3305
vn 0.0746 -0.0348 0.9966
vn 0.9963 0.0057 0.0861
vn 0.9956 0.0008 0.0937
vn 0.9970 -0.0092 0.0763
vn -0.0198 -0.1038 0.9944
vn -0.0243 -0.1101 0.9936
vn -0.0308 -0.1060 0.9939
vn -0.9861 0.0818 -0.1446
vn -0.9844 0.0882 -0.1523
vn -0.9879 0.0619 -0.1419
vn -0.5113 -0.6374 -0.5765
vn 0.8916 -0.1603 -0.4235
vn -0.3835 -0.2370 -0.8926
vn 0.6157 0.2590 -0.7442
vn 0.4918 0.0137 -0.8706
vn 0.8105 0.2994 -0.5035
vn 0.9986 0.0340 0.0410
vn 0.9979 0.0218 0.0614
vn 0.9982 0.0086 0.0595
vn 0.1829 -0.1485 -0.9718
vn -0.0614 -0.0349 -0.9975
vn -0.0683 -0.0316 -0.9972
vn 0.3933 0.4077 -0.8241
vn 0.1515 -0.3547 -0.9226
vn 0.3152 0.4583 -0.8310
vn 0.0475 0.9987 -0.0208
vn -0.1097 0.9932 0.0397
vn 0.0214 0.7866 0.6171
vn 0.0341 0.9994 -0.0106
vn 0.9987 -0.0440 0.0250
vn 0.9983 -0.0427 0.0406
vn 0.9989 -0.0319 0.0341
vn 0.6498 -0.3065 -0.6955
vn 0.7283 -0.3372 -0.5966
vn 0.5115 -0.1420 -0.8475
vn 0.5746 -0.0623 -0.8161
vn 0.5211 0.4737 -0.7100
vn 0.9831 -0.1078 -0.1477
vn 0.9852 -0.0383 -0.1669
vn 0.9832 -0.0953 -0.1557
vn -0.0133 0.0070 -0.9999
vn -0.0133 0.0068 -0.9999
vn -0.0133 0.0071 -0.9999
vn 0.5636 -0.7786 -0.2758
vn 0.5580 -0.7835 -0.2736
vn 0.5161 -0.8062 -0.2894
vn 0.5017 -0.8439 -0.1899
vn 0.4953 -0.8398 -0.2223
vn 0.4950 -0.8470 -0.1938
vn -0.1985 0.9660 -0.1654
vn 0.5732 -0.4997 -0.6494
vn 0.0934 -0.9945 -0.0468
vn 0.0828 -0.9956 -0.0431
vn 0.0854 -0.9954 -0.0430
vn 0.0835 -0.9965 0.0087
vn -0.6995 0.3511 -0.6225
vn 0.4915 -0.8708 -0.0152
vn 0.6166 -0.7871 -0.0163
vn 0.6087 0.4881 -0.6255
vn -0.2954 0.8672 -0.4010
vn 0.9980 -0.0336 -0.0533
vn 0.9981 -0.0341 -0.0521
vn 0.9985 -0.0288 -0.0463
vn 0.0075 -1.0000 0.0060
vn 0.0076 -1.0000 0.0058
vn 0.0003 -1.0000 0.0026
vn 0.3618 -0.5869 -0.7243
vn 0.3612 -0.5872 -0.7244
vn 0.3600 -0.5886 -0.7239
vn -0.3362 0.6558 -0.6760
vn -0.2608 0.2439 -0.9341
vn -0.3830 0.1604 -0.9097
vn -0.9966 -0.0483 -0.0674
vn -0.9962 -0.0445 -0.0744
vn -0.9960 -0.0549 -0.0706
vn 0.0149 -0.9996 -0.0255
vn 0.0089 -0.9999 -0.0067
vn 0.0251 -0.9996 -0.0116
vn 0.9903 -0.0853 0.1096
vn 0.9945 -0.0757 0.0728
vn 0.9949 -0.0943 0.0366
vn 0.9876 -0.0812 0.1342
vn 0.6097 -0.0875 0.7878
vn 0.9957 -0.0532 0.0763
vn -0.0705 -0.9969 -0.0343
vn 0.9555 0.2853 0.0754
vn 0.9548 0.2902 0.0640
vn 0.9586 0.2800 0.0524
vn 0.5105 -0.0863 0.8555
vn 0.5159 0.5182 0.6822
vn 0.5469 0.4489 0.7067
vn 0.5417 0.2936 0.7876
vn 0.0209 0.7416 0.6705
vn -0.3577 0.5017 0.7876
vn 0.8252 0.3702 0.4266
vn 0.6689 0.2353 0.7051
vn 0.4899 -0.6460 0.5855
vn -0.0137 -0.2918 0.9564
vn 0.1592 0.9338 0.3205
vn 0.1590 0.9344 0.3188
vn 0.1591 0.9344 0.3187
vn 0.0995 0.8859 0.4530
vn 0.8609 0.4748 0.1829
vn -0.0317 -0.9988 0.0376
vn -0.0217 -0.9992 0.0332
vn -0.0253 -0.9989 0.0392
vn -0.6429 0.6779 -0.3565
vn -0.9948 0.1019 0.0002
vn -0.9948 -0.0571 0.0839
vn -0.9961 -0.0283 0.0839
vn -0.9932 -0.0465 0.1070
vn 0.3663 0.9298 0.0372
vn -0.0770 0.9965 0.0331
vn 0.9394 0.2357 0.2488
vn -0.9991 -0.0357 -0.0236
vn -0.9988 -0.0377 -0.0327
vn -0.9995 -0.0245 -0.0199
vn 0.0573 0.0263 0.9980
vn 0.0574 0.0259 0.9980
vn 0.0506 0.0226 0.9985
vn -0.0893 0.1060 0.9904
vn -0.0898 0.1071 0.9902
vn -0.0895 0.1068 0.9902
vn 0.9835 -0.1493 0.1018
vn 0.9816 -0.1543 0.1127
vn 0.9827 -0.1430 0.1180
vn -0.9947 -0.0317 0.0975
vn -0.9941 -0.0209 0.1063
vn -0.9951 -0.0176 0.0978
vn -0.9964 -0.0133 0.0836
vn -0.9957 -0.0074 0.0926
vn -0.9957 -0.0148 0.0915
vn -0.2420 -0.9138 0.3262
vn -0.2467 -0.9063 0.3432
vn -0.3607 -0.8834 0.2991
vn 0.9911 -0.0280 0.1304
vn 0.9918 -0.0309 0.1237
vn 0.9917 -0.0304 0.1247
vn -0.9321 -0.2707 0.2406
vn -0.9356 -0.2594 0.2396
vn -0.9355 -0.2628 0.2361
vn -0.9901 -0.0509 0.1312
vn -0.9901 -0.0510 0.1310
vn -0.9901 -0.0511 0.1310
vn 0.9974 0.0110 -0.0706
vn 0.0543 0.0245 0.9982
vn 0.0183 -0.3423 0.9394
vn 0.9943 0.0450 0.0962
vn 0.9936 0.0545 0.0985
vn 0.9932 0.0534 0.1035
vn -0.0979 -0.0431 0.9943
vn -0.0977 -0.0259 0.9949
vn -0.0977 -0.0433 0.9943
vn -0.9880 -0.0201 0.1531
vn -0.9880 -0.0277 0.1517
vn -0.9882 -0.0275 0.1508
vn -0.0961 -0.0494 0.9941
vn -0.0980 -0.0501 0.9939
vn -0.1060 -0.0457 0.9933
vn -0.1155 -0.3774 0.9188
vn -0.4309 -0.7081 0.5594
vn -0.3802 -0.7242 0.5752
vn -0.5023 -0.7994 0.3298
vn -0.5240 -0.7820 0.3376
vn -0.0929 -0.9957 -0.0015
vn -0.0991 -0.9948 0.0215
vn -0.0930 -0.9957 -0.0016
vn -1.0000 0.0014 0.0036
vn -0.8633 -0.5046 -0.0039
vn -0.8633 -0.5046 0.0029
vn -0.8650 -0.5017 -0.0003
vn 0.0765 -0.0045 0.9971
vn -0.1218 -0.9017 0.4148
vn -0.5510 -0.2214 0.8046
vn 0.0072 0.0452 0.9990
vn 0.2970 0.1957 0.9346
vn -0.9871 0.0983 -0.1267
vn -0.0134 -0.0102 0.9999
vn -0.0092 -0.0173 0.9998
vn 0.0209 -0.9978 0.0629
vn 0.0209 -0.9978 0.0630
vn -0.0967 -0.9840 0.1496
vn 0.9852 -0.1673 -0.0374
vn 0.9880 -0.1533 -0.0193
vn 0.9865 -0.1606 -0.0303
vn 0.4857 0.7297 0.4812
vn 0.8587 0.5124 0.0065
vn -0.3148 -0.8241 0.4709
vn 0.0553 -0.9984 0.0137
vn 0.0308 -0.9994 0.0144
vn 0.9960 -0.0677 -0.0575
vn 0.9964 -0.0685 -0.0496
vn 0.9954 -0.0754 -0.0584
vn 0.9951 -0.0358 0.0927
vn 0.9869 0.0697 0.1452
vn 0.9966 -0.0297 0.0763
vn 0.9887 -0.1136 0.0982
vn 0.9881 -0.1215 0.0945
vn 0.9910 -0.0970 0.0928
vn 0.1904 -0.6612 0.7256
vn 0.1413 -0.3596 0.9223
vn 0.2305 -0.9069 0.3528
vn -0.0730 -0.9970 0.0259
vn -0.0817 -0.9965 0.0186
vn -0.0788 -0.9965 0.0265
vn -0.5224 -0.2913 -0.8014
vn -0.9019 -0.3463 -0.2581
vn 0.3263 0.6718 -0.6650
vn -0.4024 -0.4857 -0.7760
vn -0.5433 -0.1020 -0.8333
vn -0.1807 0.1346 -0.9743
vn 0.9958 0.0478 -0.0786
vn 0.9968 0.0377 -0.0711
vn 0.9964 0.0489 -0.0693
vn 0.9992 0.0198 0.0338
vn 0.9989 0.0161 0.0439
vn 0.9992 0.0195 0.0357
vn -0.2150 -0.1314 -0.9677
vn -0.9985 0.0492 -0.0234
vn -0.9983 0.0515 -0.0290
vn -0.9983 0.0502 -0.0312
vn -0.8953 -0.3549 -0.2693
vn -0.3671 -0.5994 -0.7113
vn -0.5268 -0.3162 -0.7890
vn -0.6073 0.1520 -0.7798
vn -0.6187 0.1322 -0.7744
vn -0.6073 0.1521 -0.7798
vn -0.8315 0.4533 -0.3210
vn -0.9995 0.0199 0.0261
vn -0.9992 0.0268 0.0302
vn -0.9991 0.0283 0.0308
vn -0.7098 -0.1177 -0.6945
vn -0.7115 -0.1070 -0.6945
vn -0.7097 -0.1177 -0.6946
vn -0.7160 -0.6980 -0.0096
vn -0.4991 -0.8656 0.0401
vn -0.0164 -0.9990 -0.0413
vn -0.0160 -0.9990 -0.0411
vn -0.0161 -0.9990 -0.0411
vn 0.9280 0.3523 -0.1216
vn -0.4196 0.0325 -0.9071
vn -0.1609 -0.1909 -0.9683
vn -0.2896 -0.0188 -0.9570
vn -0.3932 -0.2905 -0.8724
vn -0.3937 -0.2916 -0.8718
vn -0.3955 -0.2825 -0.8740
vn -0.9946 -0.0629 -0.0820
vn -0.9959 -0.0523 -0.0744
vn -0.9960 -0.0495 -0.0744
vn -0.9973 -0.0140 -0.0721
vn -0.9970 -0.0225 -0.0742
vn -0.9967 -0.0128 -0.0803
vn -0.9965 -0.0143 -0.0828
vn -0.9971 -0.0115 -0.0756
vn -0.9972 -0.0182 -0.0723
vn -0.9633 0.2676 0.0224
vn -0.9399 0.3280 -0.0949
vn -0.6693 0.2926 -0.6829
vn 0.6692 -0.7199 0.1842
vn 0.2130 -0.9719 -0.1000
vn 0.8805 -0.4735 0.0231
vn -0.1761 0.5315 -0.8285
vn -0.9960 -0.0897 -0.0024
vn -0.0467 0.9975 0.0523
vn 0.0744 0.7609 0.6446
vn -0.1786 0.9839 0.0122
vn -0.8851 0.3182 -0.3397
vn 0.0055 0.0106 -0.9999
vn 0.0055 0.0110 -0.9999
vn 0.0058 0.0115 -0.9999
vn -0.1799 0.9827 -0.0436
vn 0.5609 0.8212 0.1049
vn 0.0370 0.9943 0.1000
vn -0.0667 -0.9978 -0.0057
vn -0.0795 -0.9968 0.0065
vn -0.0723 -0.9974 -0.0069
vn -0.0857 -0.9963 0.0038
vn -0.0852 -0.9964 0.0038
vn -0.0854 -0.9963 0.0038
vn 1.0000 0.0045 0.0008
vn 0.2407 0.6644 0.7076
vn 1.0000 0.0019 -0.0003
vn 1.0000 0.0017 -0.0000
vn 1.0000 0.0019 -0.0004
vn 0.0070 -0.9996 -0.0265
vn 0.0121 -0.9994 -0.0326
vn 0.0098 -0.9987 -0.0492
vn 0.0969 -0.9953 -0.0094
vn 0.1033 -0.9944 -0.0231
vn 0.0913 -0.9954 -0.0298
vn 0.3391 0.2660 -0.9024
vn -0.4006 0.9144 0.0581
vn -0.0539 0.7726 -0.6326
vn 0.0826 -0.6856 -0.7233
vn 0.4037 0.2032 -0.8920
vn 0.3993 0.2089 -0.8927
vn 0.3999 0.2081 -0.8926
vn -0.0045 0.5854 0.8108
vn 0.0178 0.9993 0.0337
vn 0.2869 0.9540 0.0870
vn 0.0337 0.7880 -0.6147
vn 0.2605 0.8501 0.4576
vn 0.4698 -0.0173 -0.8826
vn 0.4668 -0.0098 -0.8843
vn 0.4693 -0.0173 -0.8828
vn 0.5206 0.0211 -0.8535
vn 0.5293 0.0009 -0.8484
vn 0.5216 0.0011 -0.8532
vn -0.9889 -0.0092 -0.1481
vn -0.9848 -0.0106 -0.1736
vn -0.9921 0.0526 -0.1141
vn -0.3481 0.4334 -0.8312
vn -0.9656 0.1864 -0.1816
vn -0.9751 0.1563 -0.1575
vn -0.9693 0.1725 -0.1752
vn -0.1855 0.9702 -0.1561
vn 0.3005 -0.8051 -0.5114
vn 0.2673 0.8109 -0.5206
vn 0.9956 -0.0174 -0.0923
vn 0.9954 0.0864 -0.0421
vn 0.9958 0.0796 -0.0459
vn 0.9956 0.0758 -0.0552
vn 0.9922 0.1204 -0.0314
vn 0.9928 0.1143 -0.0364
vn 0.9878 0.1528 -0.0296
vn 0.9977 0.0230 -0.0631
vn 0.9981 0.0109 -0.0599
vn 0.9963 0.0161 -0.0847
vn 0.0408 -0.9974 0.0592
vn 0.0418 -0.9974 0.0586
vn 0.0452 -0.9973 0.0587
vn -0.0198 -0.9998 0.0038
vn -0.0198 -0.9998 0.0032
vn -0.0198 -0.9998 0.0033
vn -0.8526 0.4412 0.2800
vn -0.4276 0.6935 0.5798
vn -0.3694 0.1719 0.9132
vn -0.3525 0.1683 0.9206
vn -0.4057 0.1575 0.9003
vn -0.9951 -0.0686 0.0711
vn -0.9941 -0.0714 0.0818
vn -0.9957 -0.0636 0.0673
vn -0.9990 -0.0440 -0.0066
vn -0.9988 -0.0486 -0.0051
vn -0.9995 -0.0312 0.0096
vn 0.9894 -0.0961 -0.1087
vn 0.9889 -0.0924 -0.1166
vn 0.9900 -0.0983 -0.1016
vn -0.7057 0.4435 -0.5525
vn 0.3412 0.7284 -0.5941
vn 0.9961 0.0353 0.0812
vn 0.9955 0.0396 0.0865
vn 0.9952 0.0333 0.0921
vn 0.9984 -0.0020 0.0565
vn 0.9988 0.0006 0.0488
vn 0.9985 -0.0094 0.0531
vn 0.9858 0.1634 0.0380
vn 0.9987 -0.0124 -0.0489
vn 0.9985 -0.0287 -0.0477
vn 0.9990 -0.0223 -0.0390
vn -0.9997 0.0258 0.0023
vn -0.9996 0.0054 0.0289
vn -0.9999 -0.0041 0.0157
vn 0.0101 0.1984 0.9801
vn -0.0093 0.1854 0.9826
vn -0.0007 0.2010 0.9796
vn -0.0695 0.7884 -0.6112
vn -0.0298 0.5351 -0.8443
vn -0.0520 0.0160 0.9985
vn -0.0720 0.0172 0.9973
vn -0.0662 -0.0058 0.9978
vn -0.0710 -0.9974 0.0084
vn -0.0709 -0.9975 0.0076
vn -0.0792 -0.9968 0.0084
vn -0.0829 -0.9966 0.0015
vn -0.0833 -0.9965 0.0011
vn 1.0000 0.0065 -0.0030
vn 1.0000 0.0067 -0.0028
vn 1.0000 0.0062 -0.0034
vn 0.0996 0.7468 0.6575
vn 0.0027 0.0131 0.9999
vn 0.0034 0.0133 0.9999
vn 0.0031 0.0133 0.9999
vn -0.0503 0.9987 -0.0032
vn -0.0196 -0.9996 0.0224
vn -0.0197 -0.9996 0.0224
vn -0.0203 -0.9995 0.0221
vn 0.0148 -0.9999 0.0012
vn 0.0123 -0.9999 0.0016
vn 0.0122 -0.9999 0.0092
vn -0.1452 0.6466 0.7489
vn -0.9999 -0.0081 0.0149
vn -0.5057 0.2187 0.8345
vn -0.2583 0.6135 0.7463
vn -0.3098 0.3335 0.8904
vn -0.0642 0.7369 -0.6730
vn -0.7345 0.0070 -0.6786
vn 0.7410 -0.2205 0.6343
vn 0.5612 -0.4175 0.7147
vn -0.0411 -0.3917 0.9192
vn 0.2421 0.7126 0.6585
vn -0.0825 -0.9482 0.3067
vn 0.5062 -0.0068 0.8624
vn 0.2058 -0.3634 0.9086
vn -0.0364 -0.9989 0.0294
vn -0.0280 -0.9992 0.0281
vn -0.0348 -0.9989 0.0315
vn 0.1657 -0.9861 -0.0111
vn 0.1658 -0.9861 -0.0111
vn 0.1668 -0.9859 -0.0116
vn 0.6022 0.2244 0.7662
vn 0.9959 0.0697 0.0570
vn 0.9959 0.0697 0.0571
vn 0.9959 0.0696 0.0583
vn 0.2763 0.3021 0.9124
vn 0.9535 -0.0853 0.2892
vn 0.9587 -0.0504 0.2798
vn 0.9610 -0.0871 0.2624
vn 0.9956 -0.0497 0.0791
vn 0.9956 -0.0499 0.0794
vn 0.9959 -0.0398 0.0810
vn 0.9914 0.1131 0.0659
vn 0.9903 0.1043 0.0916
vn 0.9888 0.1118 0.0993
vn 0.9869 0.0378 0.1569
vn 0.9860 0.0457 0.1604
vn 0.9869 0.0465 0.1544
vn 0.9969 -0.0218 0.0758
vn 0.9969 -0.0219 0.0761
vn 0.9969 -0.0219 0.0760
vn 0.9219 0.3854 -0.0407
vn 0.9925 0.1221 -0.0013
vn 0.9934 0.1149 -0.0047
vn 0.9926 0.1215 -0.0023
vn 0.9267 0.2820 0.2484
vn 0.9398 -0.3245 0.1068
vn 0.3715 -0.1282 0.9195
vn 0.2673 -0.2039 0.9418
vn 0.2705 -0.1751 0.9466
vn 0.2917 -0.1879 0.9379
vn 0.5409 -0.7872 0.2963
vn 0.5544 -0.8041 0.2146
vn -0.0243 0.0258 0.9994
vn -0.0251 0.0263 0.9993
vn -0.0233 0.0334 0.9992
vn -0.7776 -0.6250 -0.0685
vn -0.0821 0.9384 0.3356
vn -0.5443 0.7798 -0.3091
vn -0.9986 -0.0424 -0.0314
vn -0.9984 -0.0445 -0.0335
vn -0.9985 -0.0440 -0.0327
vn -0.9993 -0.0034 0.0385
vn -0.9992 -0.0034 0.0388
vn -0.9995 0.0041 0.0313
vn -0.9759 0.1569 0.1515
vn -0.9743 0.1549 0.1636
vn -0.9717 0.1606 0.1732
vn -0.6214 -0.0431 0.7823
vn -0.5968 0.4214 0.6828
vn -0.3911 -0.1664 0.9052
vn -0.8827 -0.3445 0.3196
vn -0.9833 -0.1025 0.1503
vn -0.4387 0.6172 0.6532
vn 0.0947 0.4184 0.9033
vn 0.1278 0.4417 0.8880
vn 0.1053 0.4013 0.9099
vn 0.0598 -0.9982 -0.0104
vn 0.0567 -0.9981 -0.0259
vn 0.0487 -0.9988 0.0052
vn -0.7592 0.3275 0.5625
vn -0.9990 -0.0045 0.0456
vn -0.9987 -0.0115 0.0491
vn -0.9982 0.0010 0.0596
vn -0.9980 -0.0049 0.0634
vn -0.9984 -0.0089 0.0553
vn -0.5998 -0.5179 0.6100
vn -0.7931 0.2168 0.5692
vn 0.1175 -0.9926 0.0294
vn 0.1620 -0.9867 -0.0094
vn 0.1622 -0.9867 -0.0096
vn 0.1559 -0.9877 -0.0143
vn -0.1123 -0.9919 0.0593
vn -0.1119 -0.9920 0.0586
vn -0.1099 -0.9923 0.0571
vn -0.0969 -0.9939 0.0528
vn -0.0987 -0.9937 0.0534
vn -0.0980 -0.9938 0.0530
vn -0.7191 0.2626 0.6434
vn 0.4856 -0.3151 0.8154
vn 0.4054 -0.6701 0.6218
vn 0.9446 0.1948 0.2643
vn 0.4778 0.0118 0.8784
vn 0.1978 0.2607 0.9449
vn 0.5473 0.0256 0.8366
vn -0.6889 -0.0447 0.7235
vn -0.9990 0.0425 0.0113
vn -0.9990 0.0449 0.0048
vn -0.9990 0.0436 0.0115
vn -0.0019 -0.1234 0.9924
vn 0.0603 -0.9982 0.0050
vn 0.0630 -0.9980 0.0040
vn 0.0629 -0.9980 0.0041
vn 0.2530 0.0161 -0.9673
vn 0.2062 0.0114 -0.9784
vn 0.2383 0.0212 -0.9710
vn 0.5006 0.0034 -0.8657
vn 0.4972 -0.0045 -0.8676
vn 0.4756 0.0098 -0.8796
vn 0.5312 -0.7551 -0.3843
vn 0.5284 -0.7532 -0.3918
vn 0.5280 -0.7538 -0.3912
vn 0.7359 -0.5677 -0.3691
vn 0.7377 -0.5696 -0.3625
vn 0.7377 -0.5662 -0.3677
vn 0.9928 -0.0496 -0.1092
vn 0.9940 -0.0500 -0.0975
vn 0.9928 -0.0494 -0.1092
vn 0.0844 -0.0510 -0.9951
vn 0.0955 -0.0518 -0.9941
vn 0.0844 -0.0527 -0.9950
vn 0.0189 -0.0071 -0.9998
vn 0.0176 -0.0079 -0.9998
vn 0.0184 -0.0075 -0.9998
vn 0.9995 0.0161 -0.0270
vn 0.9993 0.0024 -0.0360
vn 0.9999 0.0135 -0.0107
vn 0.9996 0.0024 -0.0291
vn 0.9995 0.0258 -0.0163
vn 0.9998 0.0158 -0.0103
vn -0.0047 0.9970 0.0772
vn -0.0301 0.9195 -0.3919
vn 0.0831 0.8997 -0.4285
vn -0.9998 -0.0158 -0.0121
vn -0.9998 -0.0144 -0.0127
vn -0.9998 -0.0170 -0.0111
vn -0.9175 -0.3578 -0.1739
vn -0.8500 -0.5258 -0.0330
vn -0.9538 -0.2969 -0.0466
vn -0.9849 0.0802 0.1536
vn -0.9374 0.0452 -0.3452
vn -0.8648 -0.4897 -0.1110
vn -0.5720 -0.3795 -0.7271
vn 0.0603 -0.4720 -0.8795
vn 0.5812 -0.7250 -0.3695
vn 0.5759 -0.7271 -0.3736
vn 0.5763 -0.7266 -0.3741
vn -0.0052 -0.0240 -0.9997
vn -0.0396 -0.0665 -0.9970
vn -0.0443 -0.0668 -0.9968
vn -0.0383 -0.0612 -0.9974
vn 0.4612 -0.7498 -0.4744
vn 0.4734 -0.7444 -0.4710
vn 0.5306 -0.7082 -0.4657
vn 0.1014 -0.8431 -0.5281
vn 0.3568 -0.7303 -0.5826
vn 0.4728 -0.8809 0.0213
vn -0.1186 -0.9924 0.0325
vn -0.1203 -0.9919 0.0399
vn -0.1277 -0.9912 0.0350
vn 0.5256 -0.6603 -0.5364
vn 0.3834 -0.8911 -0.2428
vn -0.3442 -0.7017 -0.6239
vn -0.8241 -0.4768 -0.3057
vn -0.7050 0.6991 -0.1192
vn -0.6528 -0.7550 0.0614
vn -0.5021 -0.4683 -0.7271
vn -0.3077 -0.9386 -0.1564
vn -0.6879 -0.1153 -0.7165
vn -0.5159 0.8560 -0.0340
vn -0.1486 -0.4574 -0.8768
vn -0.7438 -0.1684 -0.6468
vn -0.4145 -0.6797 -0.6052
vn -0.4244 -0.6751 -0.6034
vn -0.3974 -0.6822 -0.6137
vn -0.0028 -0.0981 -0.9952
vn -0.0029 -0.0985 -0.9951
vn -0.0021 -0.1059 -0.9944
vn -0.0669 0.9975 -0.0229
vn -0.0137 -0.9999 0.0020
vn -0.0130 -0.9999 0.0024
vn -0.0126 -0.9999 0.0031
vn 0.9999 0.0091 0.0081
vn -0.9986 0.0517 -0.0068
vn -0.9990 0.0452 0.0010
vn -0.9990 0.0451 -0.0057
vn 0.3968 0.0211 0.9177
vn 0.3968 0.0211 0.9176
vn 0.4003 0.0240 0.9161
vn 0.3296 0.0030 0.9441
vn 0.3295 -0.0008 0.9441
vn 0.3294 -0.0000 0.9442
vn -0.9651 0.2057 -0.1623
vn -0.7584 0.6398 0.1241
vn 0.2801 -0.1443 -0.9491
vn -0.9710 0.0386 -0.2359
vn -0.2854 -0.4073 -0.8676
vn -0.9960 -0.0278 -0.0845
vn -0.9963 -0.0319 -0.0803
vn -0.9970 -0.0143 -0.0761
vn 0.1162 -0.1291 -0.9848
vn 0.4365 0.0821 -0.8960
vn -0.3352 0.0056 -0.9421
vn 0.1763 -0.9636 0.2011
vn 0.1689 -0.9642 0.2045
vn 0.1760 -0.9634 0.2023
vn -0.1115 -0.9938 -0.0040
vn -0.1122 -0.9937 -0.0043
vn -0.1121 -0.9937 -0.0043
vn 0.9855 0.0353 -0.1662
vn 0.8248 -0.1348 -0.5491
vn 0.4318 -0.2094 -0.8773
vn 0.3738 0.0872 -0.9234
vn -0.4280 0.7010 -0.5705
vn 0.3795 -0.0300 -0.9247
vn 0.3794 -0.0298 -0.9248
vn 0.3789 -0.0294 -0.9250
vn -1.0000 0.0058 -0.0010
vn -0.9980 -0.0549 0.0318
vn -0.9980 -0.0545 0.0334
vn -0.9976 -0.0563 0.0396
vn 0.1024 0.4593 0.8823
vn 0.1273 0.6003 0.7896
vn 0.2358 0.2684 0.9340
vn 0.7891 -0.1718 0.5897
vn 0.5536 0.3349 0.7625
vn -0.4601 0.0173 0.8877
vn -0.4844 -0.8734 0.0507
vn 0.0333 -0.9994 -0.0105
vn 0.0260 -0.9995 -0.0182
vn 0.0228 -0.9997 -0.0117
vn -0.0032 -0.9997 0.0253
vn -0.0121 -0.9996 0.0243
vn -0.0050 -0.9996 0.0275
vn -0.0006 -0.9995 0.0300
vn -0.0072 -0.9994 0.0326
vn 0.0028 -0.9994 0.0333
vn 0.1916 0.8897 0.4145
vn 0.5430 0.2926 0.7871
vn 0.5824 -0.7737 0.2494
vn 0.2344 0.7730 0.5895
vn 0.5093 -0.8253 -0.2440
vn -0.5124 -0.8471 -0.1411
vn -0.5138 -0.8451 -0.1478
vn -0.5139 -0.8450 -0.1480
vn 0.0053 -1.0000 0.0072
vn 0.0055 -1.0000 0.0071
vn -0.5877 0.6587 0.4697
vn -0.5908 0.6737 0.4440
vn -0.6305 0.6351 0.4462
vn -0.3454 0.8112 0.4718
vn -0.6046 -0.1862 0.7744
vn -0.4977 0.6961 0.5175
vn -0.4364 0.3093 0.8449
vn -0.6427 0.5248 0.5582
vn -0.9998 0.0190 0.0020
vn -0.9997 0.0250 -0.0057
vn -0.9999 0.0018 -0.0130
vn 0.9996 -0.0172 0.0207
vn 0.9986 -0.0298 0.0439
vn 0.9994 -0.0165 0.0291
vn 0.6711 0.3080 -0.6744
vn 0.6280 -0.6016 -0.4936
vn 0.7457 -0.0893 -0.6602
vn 0.9671 0.1313 -0.2178
vn 0.9830 0.1691 0.0720
vn 0.5348 -0.7547 0.3800
vn 0.5640 0.5060 0.6526
vn 0.3087 -0.0235 0.9509
vn 0.9994 -0.0309 0.0152
vn 0.9992 -0.0248 0.0303
vn 0.9995 -0.0206 0.0224
vn 0.9924 -0.0174 0.1218
vn -0.9851 0.0580 0.1620
vn -0.9776 0.0407 0.2065
vn 0.2767 -0.9436 -0.1816
vn -0.0781 -0.6428 -0.7621
vn 0.2927 -0.5437 -0.7866
vn -0.0124 -0.7014 -0.7127
vn 0.4016 0.0412 -0.9149
vn 0.8184 -0.2307 -0.5263
vn 0.9768 0.2128 0.0224
vn 0.7904 0.4377 0.4285
vn 0.9947 0.0782 -0.0665
vn 0.9910 0.1043 -0.0841
vn 0.9920 0.1257 -0.0099
vn 0.8990 0.3410 0.2747
vn 0.2695 -0.9608 -0.0654
vn 0.2929 -0.9561 0.0095
vn 0.2832 -0.9589 -0.0187
vn 0.1325 0.9105 0.3917
vn -0.9910 0.1331 0.0156
vn -0.9994 -0.0322 0.0096
vn 0.1278 0.9789 -0.1596
vn 0.1345 0.9793 -0.1511
vn 0.1331 0.9793 -0.1527
vn 0.9990 -0.0089 0.0439
vn 0.9998 -0.0019 0.0219
vn 0.9993 -0.0078 0.0353
vn 0.9984 0.0378 0.0411
vn 0.9985 0.0377 0.0409
vn 0.9987 0.0380 0.0331
vn -0.6540 0.7557 0.0356
vn -0.2654 0.9071 0.3268
vn -0.3297 -0.2231 -0.9174
vn -0.6168 0.7711 0.1578
vn -0.8214 0.4011 0.4055
vn -0.1341 0.9840 -0.1174
vn -0.1453 0.9829 -0.1129
vn -0.1332 0.9834 -0.1230
vn 0.0027 -0.9974 -0.0725
vn -0.9135 -0.0470 -0.4041
vn -0.4270 -0.8670 0.2568
vn -0.9946 -0.0321 0.0984
vn -0.9939 -0.0273 0.1064
vn -0.9933 -0.0458 0.1062
vn -0.2682 0.0174 -0.9632
vn -0.1123 0.9303 -0.3493
vn -0.2093 -0.6938 -0.6891
vn -0.5065 -0.8602 -0.0592
vn -0.1510 -0.9615 -0.2295
vn 0.0105 0.9972 -0.0736
vn 0.2107 -0.9775 0.0080
vn -0.2416 -0.6175 0.7485
vn -0.4666 -0.7360 0.4905
vn 0.2240 -0.0316 0.9741
vn -0.0976 -0.7406 0.6648
vn -0.0832 -0.9485 0.3056
vn 0.1204 -0.7990 -0.5891
vn 0.9946 0.0726 -0.0737
vn 0.9937 0.0726 -0.0853
vn 0.9954 0.0665 -0.0690
vn 0.3007 -0.0424 -0.9528
vn 0.2961 -0.0484 -0.9539
vn 0.3065 -0.0478 -0.9507
vn 0.2707 -0.5741 -0.7727
vn 0.1594 0.0274 -0.9868
vn -0.0188 -0.9623 0.2713
vn -0.0209 -0.9625 0.2706
vn -0.0230 -0.9623 0.2711
vn -0.0499 0.9981 -0.0372
vn -0.0325 -0.0884 -0.9956
vn -0.0322 -0.0883 -0.9956
vn -0.0186 -0.0963 -0.9952
vn -0.6116 0.1757 -0.7714
vn -0.9126 0.3936 -0.1106
vn 0.9847 0.1434 0.0985
vn 0.9837 0.1477 0.1030
vn 0.9849 0.1391 0.1035
vn 0.9900 -0.0009 -0.1408
vn 0.9876 0.0059 -0.1567
vn 0.9900 0.0079 -0.1411
vn 0.0106 -0.9998 -0.0150
vn 0.0111 -0.9998 -0.0146
vn -1.0000 -0.0000 0.0006
vn 0.0022 -0.9999 -0.0098
vn 0.0033 -0.9999 -0.0099
vn 0.0016 -0.9999 -0.0099
vn 0.3014 0.7095 0.6370
vn 0.2051 -0.9647 -0.1650
vn 0.4518 -0.8840 -0.1202
vn 0.9799 -0.0984 0.1738
vn 0.4574 0.3327 0.8247
vn -0.6365 0.7518 -0.1721
vn -0.3179 0.9465 0.0547
vn -0.9942 0.1074 -0.0037
vn 0.1590 0.8417 -0.5161
vn 0.8086 -0.4147 0.4173
vn 0.1473 0.4113 0.8995
vn -0.0322 0.9893 0.1420
vn -0.0320 0.9894 0.1414
vn -0.0316 0.9895 0.1410
vn -0.0038 0.9999 0.0100
vn 0.8534 -0.0812 0.5149
vn -0.1034 -0.3353 -0.9364
vn 0.2503 -0.9147 -0.3174
vn -0.9957 -0.0468 0.0797
vn -0.9931 -0.0646 0.0976
vn -0.9924 -0.0538 0.1110
vn -0.9798 -0.0377 -0.1964
vn -0.9935 0.0213 -0.1122
vn -0.9964 0.0592 0.0613
vn -0.9982 -0.0160 -0.0578
vn -0.9978 -0.0272 -0.0598
vn -0.9975 -0.0214 -0.0671
vn -0.9996 0.0268 0.0010
vn -0.9993 0.0352 0.0090
vn -0.9991 0.0409 0.0103
vn -0.2413 -0.8909 -0.3848
vn -0.0221 -0.9994 -0.0272
vn -0.0150 -0.9994 -0.0297
vn -0.0142 -0.9995 -0.0291
vn 0.9999 -0.0133 0.0057
vn 0.9998 -0.0202 0.0016
vn 0.9998 -0.0201 0.0013
vn 0.9999 -0.0152 0.0008
vn 0.9997 -0.0237 -0.0055
vn 0.9997 -0.0223 -0.0047
vn 0.7635 0.2938 0.5751
vn 0.4765 0.3577 0.8031
vn 0.5778 -0.0134 0.8160
vn 0.0293 -0.9588 0.2827
vn 0.7154 0.5642 -0.4121
vn 0.0318 0.8883 -0.4582
vn -0.1217 -0.9622 -0.2437
vn -0.1035 -0.9583 -0.2663
vn -0.1023 -0.9697 -0.2219
vn -0.6375 -0.6365 0.4340
vn 0.4916 -0.1771 0.8526
vn 0.4897 -0.1729 0.8546
vn 0.4853 -0.1741 0.8568
vn 0.7755 -0.1387 0.6159
vn 0.5423 -0.4211 0.7270
vn 0.8049 0.5312 0.2643
vn 0.7044 -0.0622 0.7071
vn 0.9800 0.1055 -0.1687
vn 0.9785 0.1079 -0.1759
vn 0.9800 0.1028 -0.1703
vn -0.9064 0.3600 0.2210
vn -0.8282 -0.0039 0.5604
vn -0.9993 -0.0253 0.0280
vn -0.9993 -0.0321 0.0195
vn -0.9993 -0.0234 0.0278
vn -0.9987 -0.0503 -0.0122
vn -0.8811 0.4728 0.0074
vn -0.7489 -0.4924 -0.4434
vn -0.3188 -0.8192 0.4768
vn -0.3189 -0.8186 0.4777
vn -0.3189 -0.8185 0.4779
vn 0.1663 -0.6446 -0.7462
vn -0.3960 -0.8025 -0.4462
vn -0.1048 -0.8692 -0.4832
vn -0.1610 -0.7564 -0.6340
vn -0.8753 0.4647 -0.1338
vn -0.2769 -0.6861 -0.6728
vn -0.0689 -0.5865 0.8070
vn 0.5209 -0.8474 0.1029
vn 0.0385 -0.9988 -0.0304
vn 0.0455 -0.9984 -0.0343
vn 0.0434 -0.9984 -0.0359
vn 0.0473 -0.6741 0.7371
vn -0.9945 -0.1007 0.0296
vn -0.9942 -0.1034 0.0298
vn -0.9939 -0.1055 0.0316
vn -0.0392 -0.9992 -0.0117
vn -0.0382 -0.9992 -0.0103
vn -0.0381 -0.9992 -0.0100
vn 1.0000 0.0027 -0.0074
vn 1.0000 0.0013 -0.0067
vn 1.0000 0.0018 -0.0071
vn 0.0181 0.0043 0.9998
vn 0.0118 0.0090 0.9999
vn 0.1347 -0.9853 0.1055
vn 0.1286 -0.9855 0.1105
vn 0.1295 -0.9853 0.1114
vn 0.0211 -0.9998 0.0045
vn 0.0346 -0.9993 -0.0164
vn 0.0304 -0.9993 0.0198
vn 0.3043 0.9166 -0.2594
vn 0.5103 0.5356 0.6729
vn 0.6719 0.1793 0.7186
vn -1.0000 0.0035 -0.0060
vn 0.0079 0.9993 0.0365
vn 0.0443 0.9976 -0.0532
vn -0.0107 0.0109 0.9999
vn -0.0112 0.0115 0.9999
vn -0.0124 0.0003 0.9999
vn -0.0308 0.0011 0.9995
vn -0.0311 0.0018 0.9995
vn -0.0154 -0.0018 0.9999
vn -0.1361 -0.9874 0.0805
vn 0.0142 -0.9999 0.0031
vn 0.0142 -0.9999 0.0025
vn 0.0139 -0.9999 0.0017
vn -0.0004 -0.9762 0.2167
vn 0.9945 -0.1003 -0.0297
vn 0.9908 -0.1254 -0.0510
vn 0.9952 -0.0937 -0.0268
vn 0.9980 0.0309 0.0548
vn 0.9982 0.0376 0.0457
vn 0.9978 0.0388 0.0537
vn 0.3077 -0.9514 -0.0126
vn 0.3034 -0.9526 -0.0233
vn 0.3013 -0.9534 -0.0140
vn 0.7891 0.2392 -0.5657
vn 0.2000 -0.9207 0.3351
vn -0.4739 0.0614 -0.8784
vn 0.1973 -0.9767 0.0847
vn 0.2445 -0.3569 0.9016
vn -0.4297 -0.0252 0.9026
vn -0.0108 -0.9997 -0.0201
vn -0.0036 -0.9999 -0.0144
vn -0.0040 -0.9999 -0.0147
vn -0.1765 -0.8084 0.5615
vn -0.1761 -0.8087 0.5612
vn -0.1725 -0.8051 0.5675
vn -0.9961 0.0438 -0.0771
vn -0.9964 0.0298 -0.0790
vn -0.9666 0.2526 0.0430
vn -0.5082 -0.7324 -0.4530
vn -0.3075 -0.9199 -0.2436
vn -0.1125 -0.9759 -0.1872
vn -0.1112 -0.9749 -0.1931
vn -0.1148 -0.9758 -0.1864
vn 0.9289 -0.0447 -0.3675
vn 0.9568 -0.1603 0.2424
vn -0.9901 -0.1248 -0.0634
vn -0.9906 -0.1162 -0.0727
vn -0.9916 -0.1156 -0.0575
vn -0.9603 0.2769 -0.0341
vn -0.9566 0.2886 -0.0409
vn -0.9570 0.2879 -0.0360
vn -0.3806 0.0677 -0.9223
vn -0.3891 0.0622 -0.9191
vn -0.4662 0.1682 -0.8686
vn -0.1976 -0.0127 -0.9802
vn -0.2014 -0.0230 -0.9792
vn -0.2061 -0.0168 -0.9784
vn -0.9622 0.0871 -0.2579
vn -0.9635 0.0838 -0.2544
vn -0.9611 0.0822 -0.2637
vn 0.9933 -0.0276 -0.1118
vn 0.9981 0.0005 -0.0621
vn 0.9981 0.0070 -0.0604
vn 0.9981 0.0074 -0.0611
vn 0.7031 0.1072 0.7029
vn 0.9820 -0.1506 -0.1143
vn 0.9812 -0.1541 -0.1161
vn 0.9827 -0.1449 -0.1150
vn 0.0523 -0.9976 0.0463
vn 0.0523 -0.9976 0.0462
vn -0.3323 -0.9429 -0.0219
vn -0.3324 -0.9429 -0.0218
vn -0.3322 -0.9430 -0.0220
vn -0.9977 -0.0582 0.0351
vn -0.9969 -0.0722 0.0322
vn -0.9984 -0.0560 0.0063
vn 0.4361 0.2272 -0.8707
vn -0.9552 0.2857 0.0776
vn -0.3951 0.4262 -0.8138
vn 0.2381 -0.9705 -0.0370
vn 0.2368 -0.9709 -0.0358
vn 0.2473 -0.9680 -0.0423
vn -0.9946 0.0150 -0.1024
vn -0.9929 0.0442 0.1107
vn -0.9929 0.0512 0.1072
vn -0.9928 0.0366 0.1137
vn -0.9852 0.1658 0.0440
vn -0.9852 0.1655 0.0436
vn -0.9853 0.1652 0.0433
vn -0.3784 -0.6634 -0.6455
vn -0.3991 -0.7981 -0.4515
vn -0.4934 -0.7488 -0.4425
vn -0.5308 -0.7746 -0.3439
vn 0.5731 -0.5127 0.6393
vn 0.5646 -0.5256 0.6364
vn 0.5693 -0.5108 0.6442
vn 0.9485 0.3169 -0.0015
vn 0.8960 0.0300 -0.4430
vn 0.0134 0.9998 -0.0147
vn -0.7705 -0.6363 0.0392
vn -0.0190 0.8115 0.5840
vn 0.9863 -0.0030 -0.1649
vn 0.9730 0.1295 0.1912
vn 0.9984 -0.0171 0.0538
vn 0.9982 -0.0106 0.0597
vn 0.9984 -0.0183 0.0543
vn 0.9963 0.0838 0.0184
vn 0.9963 0.0859 0.0036
vn 0.9968 0.0800 0.0095
vn 0.0366 0.9747 -0.2206
vn 0.9948 -0.1021 -0.0029
vn 0.6426 -0.6667 0.3777
vn 0.6343 -0.6739 0.3789
vn 0.6426 -0.6666 0.3777
vn -0.3829 -0.9118 0.1481
vn -0.3596 -0.9221 0.1431
vn -0.3738 -0.9176 0.1352
vn 0.3935 0.4806 0.7837
vn 0.5600 0.7546 0.3419
vn 0.4482 0.1446 0.8822
vn 0.4735 -0.0402 0.8799
vn 0.4189 -0.1950 0.8868
vn 0.5095 -0.2261 0.8302
vn 0.7492 -0.6487 0.1335
vn 0.5241 0.1132 0.8441
vn 0.5038 0.0667 0.8613
vn 0.5134 0.0779 0.8546
vn -0.3698 0.9282 0.0411
vn 0.2933 -0.9560 0.0062
vn 0.2986 -0.9543 0.0119
vn 0.3084 -0.9511 0.0177
vn -0.0997 -0.9845 0.1440
vn -0.1026 -0.9852 0.1370
vn -0.1001 -0.9845 0.1440
vn 0.1197 -0.9290 0.3501
vn -0.4742 -0.4818 -0.7368
vn -0.4407 -0.5487 -0.7104
vn -0.0046 0.0047 -1.0000
vn -0.0047 0.0037 -1.0000
vn -0.0085 -0.0029 -1.0000
vn 0.1695 0.9718 -0.1640
vn 0.1051 -0.9910 0.0824
vn 0.0940 -0.9923 0.0812
vn 0.0930 -0.9944 0.0495
vn -0.0501 -0.0290 -0.9983
vn -0.0541 -0.0351 -0.9979
vn -0.0482 -0.0209 -0.9986
vn 0.0157 0.0074 -0.9998
vn 0.0158 0.0071 -0.9998
vn 0.0158 0.0073 -0.9998
vn 0.0163 0.0313 -0.9994
vn -0.0198 0.0189 -0.9996
vn -0.0088 0.0392 -0.9992
vn 0.0265 0.0405 -0.9988
vn 0.0221 0.0502 -0.9985
vn 0.0094 0.0443 -0.9990
vn 0.0244 -0.8928 -0.4497
vn 0.0117 -0.8865 -0.4626
vn -0.0086 0.0265 0.9996
vn -0.0054 0.0249 0.9997
vn -0.0065 0.0257 0.9996
vn 0.0001 -1.0000 0.0034
vn -0.0044 -0.5323 -0.8465
vn -0.0051 -0.5202 -0.8540
vn 0.0198 -0.9998 -0.0041
vn 0.0197 -0.9998 -0.0042
vn 0.0170 -0.9999 0.0017
vn -0.9997 0.0253 0.0007
vn -0.9985 -0.0369 0.0393
vn -0.0191 0.7057 0.7083
vn -0.0462 0.6963 0.7162
vn -0.0225 0.7008 0.7130
vn -0.0422 0.1313 -0.9904
vn -0.0420 0.1324 -0.9903
vn -0.0420 0.1305 -0.9906
vn 0.7638 -0.0289 -0.6448
vn 0.0057 0.0095 -0.9999
vn 0.0059 0.0101 -0.9999
vn 0.0061 0.0110 -0.9999
vn -0.0313 0.6988 -0.7147
vn -0.9999 0.0007 0.0104
vn 0.0392 0.7034 -0.7097
vn -0.1008 0.9926 -0.0679
vn 0.0907 0.9777 0.1892
vn 0.0386 -0.9989 0.0274
vn 0.0385 -0.9989 0.0274
vn 0.0377 -0.9989 0.0269
vn -0.0106 -0.9999 -0.0019
vn -0.0114 -0.9999 -0.0011
vn -0.0115 -0.9999 -0.0008
vn -0.0314 -0.9991 0.0283
vn -0.0311 -0.9991 0.0282
vn -0.0316 -0.9991 0.0283
vn -0.0095 0.0185 0.9998
vn -0.0092 0.0263 0.9996
vn -0.0094 0.0263 0.9996
vn 0.0672 0.0008 0.9977
vn 0.0670 -0.0001 0.9978
vn 0.0633 0.0064 0.9980
vn 0.0685 0.9971 -0.0333
vn 0.2392 0.9489 -0.2060
vn -0.0420 0.9980 0.0474
vn -0.0795 0.9965 0.0275
vn 0.0031 0.0202 0.9998
vn 0.0109 0.0195 0.9998
vn 0.0337 0.9517 0.3052
vn -0.6140 0.3432 0.7108
vn -0.0746 0.9958 -0.0536
vn 0.1078 0.9936 -0.0342
vn 0.0094 0.9998 0.0192
vn -0.0142 0.0078 0.9999
vn 0.0003 -0.0028 1.0000
vn 0.1769 0.9546 0.2396
vn -0.5364 0.2010 0.8197
vn -0.9724 0.2154 0.0899
vn -0.0481 0.1737 -0.9836
vn -0.0477 0.1736 -0.9837
vn -0.0550 0.1741 -0.9832
vn 0.9638 0.1637 -0.2104
vn 0.9640 0.1629 -0.2099
vn 0.9634 0.1657 -0.2109
vn 1.0000 -0.0012 0.0007
vn 0.7618 0.4806 0.4344
vn 0.0338 0.5903 -0.8064
vn 0.0878 -0.9811 -0.1725
vn 0.0653 -0.9836 -0.1680
vn 0.0455 -0.9906 -0.1292
vn -0.1808 -0.7052 -0.6856
vn 0.3262 -0.6572 -0.6795
vn -0.0260 -0.8463 -0.5321
vn -0.2850 0.9584 -0.0150
vn -0.6666 0.7392 -0.0961
vn -0.9999 0.0099 0.0050
vn -0.1092 0.9903 -0.0864
vn 0.0108 -0.0016 -0.9999
vn 0.0119 -0.0023 -0.9999
vn 0.0110 -0.0018 -0.9999
vn 0.0118 -0.0081 -0.9999
vn 0.0100 -0.0092 -0.9999
vn 0.0067 -0.0020 -1.0000
vn -1.0000 0.0031 -0.0012
vn -0.5983 0.8013 0.0055
vn -0.4312 0.8644 -0.2586
vn -0.0284 -0.8377 -0.5455
vn -0.0340 -0.7199 -0.6933
vn -0.0329 -0.9994 -0.0146
vn 0.9985 0.0554 0.0004
vn 0.9982 0.0601 0.0045
vn 0.9993 0.0354 0.0101
vn 0.0064 -0.0416 -0.9991
vn 0.0027 -0.0419 -0.9991
vn 0.0060 -0.0481 -0.9988
vn -0.0849 0.9959 0.0326
vn -0.0730 0.9948 0.0709
vn 1.0000 -0.0018 0.0010
vn -0.1830 0.9821 0.0452
vn -0.9998 -0.0193 0.0042
vn 0.9333 0.3591 -0.0084
vn 0.9392 0.3434 -0.0028
vn 0.9441 0.3298 -0.0031
vn 0.0148 -0.9998 -0.0117
vn 0.0148 -0.9998 -0.0116
vn 0.0139 -0.9998 -0.0135
vn 0.0327 0.9994 -0.0096
vn 0.0049 -0.0001 1.0000
vn 0.0362 -0.9993 0.0055
vn 0.0407 -0.9992 -0.0020
vn 0.0767 -0.9964 0.0349
vn -0.2535 -0.9404 -0.2267
vn -0.2450 -0.9448 -0.2176
vn -0.2471 -0.9475 -0.2027
vn 0.2456 0.9351 -0.2554
vn -0.1846 0.6769 0.7125
vn -0.5410 0.8071 0.2363
vn -0.0771 -0.9858 0.1492
vn -0.0811 -0.9816 0.1729
vn -0.0564 -0.9839 0.1693
vn -0.0002 -1.0000 0.0038
vn -0.0017 -1.0000 0.0036
vn -0.0010 -1.0000 0.0035
vn 0.1202 -0.9909 0.0606
vn 0.1198 -0.9909 0.0606
vn 0.1197 -0.9910 0.0607
vn 0.9998 -0.0134 0.0116
vn 0.9998 -0.0133 0.0114
vn 0.9999 -0.0131 0.0110
vn -0.0152 -0.0874 0.9961
vn 0.2846 0.5124 -0.8103
vn -0.3617 0.2961 -0.8840
vn 0.6215 -0.1768 -0.7632
vn 0.1782 -0.5434 -0.8204
vn -0.4246 0.5822 -0.6934
vn 0.4727 -0.7736 -0.4220
vn 0.0762 -0.0083 -0.9971
vn 0.0567 0.0024 -0.9984
vn 0.0442 0.0172 -0.9989
vn -0.0507 0.9901 -0.1306
vn -0.0073 1.0000 0.0007
vn 0.4609 0.0185 0.8873
vn -0.0088 -1.0000 0.0027
vn -0.0089 -1.0000 0.0020
vn 0.3845 -0.0889 0.9189
vn -0.2358 -0.0653 0.9696
vn -1.0000 0.0056 0.0015
vn -1.0000 0.0057 0.0019
vn -1.0000 0.0074 0.0040
vn -1.0000 0.0075 -0.0002
vn -1.0000 0.0074 -0.0003
vn 0.9969 -0.0405 0.0670
vn 0.9976 -0.0228 0.0654
vn 0.9968 -0.0120 0.0790
vn 0.6618 -0.5296 0.5306
vn 0.4786 -0.6720 0.5651
vn 0.3614 -0.4818 0.7983
vn 0.4980 0.4050 0.7668
vn -0.1790 0.4531 0.8733
vn 0.9670 0.2525 -0.0335
vn 0.9653 0.2589 -0.0349
vn 0.9653 0.2596 -0.0274
vn -0.9728 -0.1145 -0.2013
vn 0.0434 -0.5341 -0.8443
vn 0.2357 -0.3346 -0.9124
vn -0.8935 0.1043 -0.4367
vn -0.8943 0.0998 -0.4362
vn -0.8984 0.0933 -0.4291
vn 0.2956 -0.1399 -0.9450
vn 0.0582 -0.7177 -0.6939
vn 0.9909 -0.0031 -0.1346
vn 0.9909 -0.0029 -0.1347
vn 0.9890 -0.0237 -0.1461
vn 0.0852 0.0332 -0.9958
vn 0.0851 0.0443 -0.9954
vn 0.0845 0.0333 -0.9959
vn 0.1439 0.0716 -0.9870
vn 0.1447 0.0683 -0.9871
vn 0.1154 0.0838 -0.9898
vn 0.7496 -0.3923 -0.5331
vn 0.9914 -0.1065 -0.0756
vn 0.9205 -0.1618 -0.3557
vn 0.5917 0.0100 -0.8061
vn 0.2717 -0.0225 -0.9621
vn -0.9578 -0.0032 0.2875
vn -0.9591 0.0026 0.2831
vn -0.9566 0.0070 0.2915
vn -0.8623 -0.0568 0.5033
vn -0.6126 -0.4473 0.6516
vn -0.6124 -0.4478 0.6515
vn 0.9951 -0.0005 0.0986
vn 0.9948 0.0061 0.1013
vn 0.9946 -0.0058 0.1034
vn 0.1092 -0.0137 -0.9939
vn 0.1274 -0.0139 -0.9918
vn 0.1031 -0.0093 -0.9946
vn 0.0408 -0.9991 -0.0103
vn 0.0362 -0.9993 -0.0042
vn 0.0360 -0.9992 -0.0154
vn 0.2794 -0.9577 0.0692
vn 0.2826 -0.9562 0.0763
vn 0.2776 -0.9581 0.0705
vn -0.0884 0.1141 -0.9895
vn -0.0644 0.1276 -0.9897
vn -0.0805 0.1208 -0.9894
vn 0.5678 -0.6647 -0.4855
vn 0.1520 -0.3238 -0.9338
vn 0.2183 -0.6863 -0.6938
vn 0.3501 0.3561 -0.8664
vn -0.4493 -0.0392 -0.8925
vn 0.9393 -0.1681 -0.2992
vn 0.9325 -0.1615 -0.3231
vn 0.9330 -0.1764 -0.3137
vn 0.1134 -0.4049 -0.9073
vn -0.0309 0.9995 0.0030
vn -0.0309 0.9995 0.0034
vn -0.0309 0.9995 0.0031
vn 0.0198 0.9998 -0.0023
vn 0.0133 0.9999 0.0011
vn 0.0184 0.9998 -0.0034
vn 0.9194 0.0890 -0.3831
vn 0.0311 0.9992 -0.0248
vn -0.0213 0.9990 0.0387
vn 0.0452 0.9989 -0.0127
vn 0.4511 0.6677 0.5922
vn 0.4613 0.6619 0.5908
vn 0.4523 0.6678 0.5911
vn -0.9834 -0.1381 -0.1174
vn -0.9848 -0.1332 -0.1118
vn -0.9847 -0.1353 -0.1100
vn -0.0215 -0.9998 0.0058
vn -0.0229 -0.9997 0.0041
vn -0.0219 -0.9997 0.0050
vn -0.8410 -0.5295 0.1110
vn -0.6088 -0.3537 0.7101
vn -0.1978 -0.9701 0.1405
vn -0.1975 -0.9713 0.1323
vn -0.2147 -0.9677 0.1324
vn -0.0813 -0.9966 0.0147
vn -0.0853 -0.9956 0.0391
vn -0.0646 -0.9979 0.0056
vn 0.9997 0.0198 -0.0166
vn 0.9997 0.0196 -0.0166
vn 0.9997 0.0230 -0.0096
vn 1.0000 0.0094 0.0019
vn 1.0000 0.0028 -0.0016
vn 1.0000 0.0028 -0.0015
vn 0.0171 -0.0073 0.9998
vn 0.0210 -0.0005 0.9998
vn 0.0208 -0.0004 0.9998
vn -0.9359 -0.2662 0.2307
vn 0.0020 0.0129 0.9999
vn 0.0023 0.0127 0.9999
vn 0.0028 0.0126 0.9999
vn 0.3303 -0.5273 -0.7829
vn -1.0000 -0.0033 -0.0081
vn -1.0000 -0.0029 -0.0093
vn -1.0000 -0.0032 -0.0071
vn -1.0000 0.0039 0.0002
vn -1.0000 0.0041 0.0010
vn -0.9999 0.0089 0.0066
vn 0.9991 0.0029 -0.0414
vn 0.9991 0.0025 -0.0420
vn 0.9991 0.0027 -0.0418
vn 0.9994 -0.0162 -0.0293
vn 0.9992 -0.0216 -0.0349
vn 0.9994 -0.0158 -0.0299
vn 0.9072 0.2711 -0.3216
vn 0.9583 0.1551 -0.2399
vn -0.1321 0.5198 -0.8440
vn 0.9508 0.1801 -0.2520
vn 0.2612 -0.9178 -0.2989
vn 0.1085 -0.9849 -0.1351
vn 0.1221 -0.9836 -0.1327
vn 0.0207 -0.9992 -0.0334
vn 0.0195 -0.9993 -0.0335
vn 0.0196 -0.9992 -0.0334
vn 0.0197 -0.9992 -0.0334
vn -0.0184 -0.9899 0.1407
vn -0.0220 -0.9907 0.1341
vn -0.0186 -0.9898 0.1412
vn 0.9980 -0.0369 0.0512
vn 0.9880 0.1252 0.0902
vn 0.7201 -0.6913 -0.0607
vn 0.9990 -0.0302 0.0328
vn 0.9990 -0.0295 0.0335
vn 0.9993 -0.0224 0.0300
vn -0.9960 -0.0360 0.0819
vn -0.9960 -0.0359 0.0817
vn -0.9946 0.1031 0.0067
vn -0.9946 0.1031 0.0064
vn 0.0488 -0.9987 0.0120
vn 0.0557 -0.9983 0.0156
vn 0.0559 -0.9983 0.0156
vn 0.1722 -0.4412 0.8807
vn 0.1425 -0.7597 0.6345
vn 0.1908 -0.9768 -0.0969
vn 0.2927 -0.9522 -0.0871
vn -0.4015 -0.7093 0.5794
vn -0.0658 -0.9972 0.0354
vn -0.0604 -0.9981 0.0147
vn -0.0709 -0.9974 -0.0083
vn 0.9438 -0.1147 -0.3101
vn 0.6412 -0.7526 -0.1497
vn -0.9251 -0.0055 -0.3797
vn -0.9942 0.0543 0.0923
vn -0.1389 -0.9891 -0.0486
vn -0.1496 -0.9887 -0.0110
vn -0.1343 -0.9906 -0.0274
vn -0.0025 -0.8948 0.4464
vn 0.0438 -0.9868 0.1559
vn -0.2735 -0.7124 0.6463
vn -0.1191 -0.9189 -0.3761
vn -0.2076 -0.9729 -0.1016
vn 0.0128 -0.9745 -0.2239
vn -0.0108 0.0098 0.9999
vn -0.0005 1.0000 0.0004
vn -0.0005 1.0000 0.0005
vn 0.0283 0.9854 -0.1680
vn 0.0520 0.9986 -0.0100
vn -0.0067 0.9784 0.2066
vn -0.0176 0.1257 0.9919
vn -0.0099 0.1260 0.9920
vn -0.0096 0.1179 0.9930
vn -0.3384 0.8966 -0.2858
vn 0.0789 0.9946 0.0678
vn 0.9880 0.1512 0.0308
vn 0.9891 0.1452 0.0229
vn 0.9911 0.1314 0.0222
vn 0.9977 -0.0164 0.0665
vn 0.9983 -0.0043 0.0582
vn 0.9981 -0.0124 0.0600
vn -0.8381 0.5417 0.0636
vn -0.9938 -0.0092 0.1109
vn -0.9937 -0.0168 0.1106
vn -0.9922 -0.0310 0.1205
vn -0.9951 -0.0054 0.0989
vn -0.9955 0.0017 0.0947
vn -0.9953 -0.0063 0.0967
vn -0.9773 0.2003 0.0692
vn -0.9795 0.1858 0.0783
vn -0.9788 0.1919 0.0717
vn -0.7857 0.2822 0.5505
vn -0.6319 -0.1126 0.7668
vn -0.8996 0.0522 0.4337
vn -0.5909 -0.3801 0.7116
vn -0.9189 -0.1501 0.3649
vn -0.9658 0.0460 0.2552
vn 0.9953 0.0752 -0.0605
vn 0.9953 0.0772 -0.0590
vn 0.9943 0.0869 -0.0623
vn 0.9499 0.0006 0.3126
vn 0.9521 -0.0039 0.3058
vn 0.9519 -0.0043 0.3063
vn -0.4595 0.0173 0.8880
vn -0.4562 0.0020 0.8899
vn -0.4047 -0.5625 0.7210
vn 0.2277 -0.9690 0.0955
vn -0.5143 -0.6804 0.5222
vn -0.4957 -0.8284 0.2608
vn -0.9994 -0.0161 -0.0290
vn -0.9994 -0.0238 -0.0237
vn -0.9993 -0.0310 -0.0197
vn -0.0787 -0.1524 0.9852
vn -0.0782 -0.1530 0.9851
vn -0.0613 -0.1530 0.9863
vn -0.0597 -0.9973 0.0427
vn -0.0505 -0.9972 0.0548
vn -0.0581 -0.9970 0.0518
vn 0.0218 -0.9922 -0.1226
vn -0.0314 -0.8508 -0.5246
vn -0.3918 -0.4843 -0.7823
vn 0.3980 -0.3110 -0.8630
vn -0.0783 -0.0416 -0.9961
vn 0.3853 -0.3103 -0.8691
vn 0.6077 0.4491 -0.6551
vn 0.9967 0.0778 -0.0250
vn 0.3740 -0.6470 -0.6645
vn 0.9927 0.0383 -0.1146
vn 0.9588 0.0646 -0.2768
vn 0.9589 0.0644 -0.2762
vn 0.9613 0.0569 -0.2696
vn -0.9843 -0.0182 -0.1755
vn -0.9862 -0.0205 -0.1645
vn -0.9862 -0.0201 -0.1645
vn -0.9981 -0.0589 -0.0186
vn -0.9981 -0.0596 -0.0182
vn -0.9830 -0.0230 -0.1822
vn -0.9817 -0.0199 -0.1895
vn -0.9848 -0.0181 -0.1725
vn -0.9985 0.0161 0.0524
vn -0.9962 0.0221 0.0840
vn -0.9982 0.0086 0.0596
vn -0.9993 0.0169 0.0320
vn -0.9991 0.0008 0.0421
vn -0.9992 0.0115 0.0386
vn -0.3189 -0.9133 -0.2534
vn -0.4412 -0.8279 -0.3463
vn -0.3918 0.4082 -0.8246
vn -0.3848 -0.8043 -0.4528
vn -0.9975 0.0626 -0.0341
vn -0.9976 0.0611 -0.0335
vn -0.9979 0.0589 -0.0269
vn -0.9783 0.1330 -0.1591
vn -0.9965 0.0834 0.0082
vn -0.9945 0.1052 -0.0014
vn -0.9938 0.1114 -0.0045
vn -0.9936 0.1125 -0.0030
vn -1.0000 0.0061 0.0019
vn -1.0000 0.0095 0.0026
vn -1.0000 0.0089 -0.0003
vn -0.9148 -0.4040 0.0040
vn -0.9129 -0.4082 0.0001
vn -0.9148 -0.4040 -0.0026
vn 0.5692 -0.7996 -0.1913
vn 0.5611 -0.8029 -0.2016
vn 0.5766 -0.7935 -0.1946
vn 0.0544 0.5415 -0.8389
vn 0.5077 0.3103 0.8037
vn -0.0702 -0.9951 0.0701
vn -0.2463 -0.9679 0.0489
vn -0.0139 0.0153 0.9998
vn -0.0288 -0.9988 0.0393
vn -0.0249 -0.9985 0.0492
vn -0.0238 -0.9988 0.0420
vn 0.5785 -0.3845 0.7193
vn 0.1373 -0.5748 0.8067
vn -0.3276 -0.9373 0.1194
vn 0.8834 0.3243 0.3383
vn -0.9995 0.0278 0.0146
vn -0.9995 0.0275 0.0146
vn -0.9995 0.0270 0.0144
vn 0.4188 -0.3776 0.8258
vn 0.3986 -0.0054 0.9171
vn -0.3375 -0.4844 -0.8072
vn 0.5899 -0.0466 0.8062
vn 0.5935 -0.0399 0.8039
vn 0.5914 -0.0402 0.8054
vn -0.9406 -0.2793 -0.1930
vn 0.6933 -0.7036 0.1558
vn -0.9147 -0.4024 -0.0383
vn -0.2195 0.4930 0.8419
vn 0.3976 -0.4889 -0.7765
vn -0.6805 -0.2741 -0.6796
vn -0.6757 -0.2407 -0.6968
vn -0.6593 -0.2555 -0.7072
vn -0.3066 -0.5276 0.7922
vn 0.4622 -0.8051 0.3717
vn 0.3322 0.9432 -0.0043
vn 0.3300 0.9440 -0.0079
vn 0.3322 0.9432 -0.0063
vn 0.0647 -0.9978 -0.0168
vn -0.1136 -0.9935 -0.0009
vn -0.1132 -0.9936 -0.0003
vn -0.1237 -0.9923 -0.0007
vn -0.0488 -0.2195 -0.9744
vn -0.1405 -0.4063 -0.9029
vn -0.1645 -0.6381 -0.7522
vn 0.0469 -0.0769 -0.9959
vn 0.0429 -0.0708 -0.9966
vn 0.0502 -0.0664 -0.9965
vn -0.2580 -0.8999 -0.3515
vn -0.9963 -0.0184 -0.0838
vn -0.9894 -0.1443 -0.0163
vn -0.9967 -0.0142 -0.0794
vn -0.9944 -0.0179 -0.1045
vn -0.9941 -0.0077 -0.1079
vn -0.9940 -0.0090 -0.1088
vn 0.4995 -0.0194 0.8661
vn 0.4995 -0.0196 0.8661
vn 0.4995 -0.0192 0.8661
vn -0.9654 0.0655 0.2522
vn -0.9649 0.0609 0.2557
vn -0.9651 0.0588 0.2551
vn -0.9982 -0.0133 0.0591
vn -0.9932 -0.0138 0.1156
vn -0.9957 -0.0176 0.0912
vn 0.6380 0.7694 -0.0313
vn 0.9427 -0.0021 0.3335
vn 0.3059 -0.9353 0.1777
vn 0.0926 -0.9957 0.0024
vn 0.0853 -0.9963 0.0040
vn 0.0945 -0.9955 0.0105
vn -0.0117 -0.9993 0.0361
vn -0.0101 -0.9993 0.0373
vn -0.0100 -0.9992 0.0374
vn 0.0271 -0.9996 0.0049
vn 0.0284 -0.9996 0.0051
vn 0.0277 -0.9996 0.0050
vn -0.7104 0.0505 -0.7020
vn -0.6758 0.7316 0.0899
vn -0.4791 0.6699 -0.5672
vn 0.9725 0.0460 -0.2284
vn 0.9705 0.0441 -0.2370
vn 0.9712 0.0425 -0.2346
vn 0.9961 -0.0246 -0.0851
vn 0.9971 -0.0222 -0.0735
vn 0.9965 -0.0176 -0.0813
vn 0.2913 0.9535 -0.0777
vn -0.3839 -0.4748 -0.7919
vn 0.7345 0.3071 0.6052
vn 0.7342 0.3070 0.6055
vn -0.0964 0.9894 0.1083
vn -0.6690 -0.7422 0.0394
vn -0.9138 0.4058 0.0138
vn -0.9964 -0.0407 0.0746
vn -0.9556 0.0862 0.2817
vn -0.9556 0.0870 0.2815
vn -0.9571 0.0814 0.2783
vn -0.0318 -0.9993 -0.0195
vn -0.0199 -0.9982 -0.0567
vn -0.0195 -0.9982 -0.0570
vn -0.0200 -0.9982 -0.0567
vn -0.9999 -0.0006 0.0114
vn -0.9999 -0.0008 0.0111
vn -0.9999 -0.0006 0.0116
vn -0.0494 0.9973 -0.0535
vn 0.0528 0.9976 0.0440
vn 0.0529 0.9976 0.0440
vn 0.5351 0.5549 0.6370
vn -0.0179 -0.9997 0.0165
vn -0.0175 -0.9997 0.0168
vn -0.0184 -0.9997 0.0159
vn -0.6148 -0.2095 0.7603
vn 0.9373 0.0500 0.3451
vn -0.0203 -0.9998 0.0087
vn -0.0203 -0.9998 0.0088
vn -0.0242 -0.9996 0.0156
vn -0.0045 -0.9995 -0.0315
vn -0.0062 -0.9992 -0.0388
vn -0.0029 -0.9995 -0.0316
vn 0.0963 -0.9953 0.0066
vn 0.0960 -0.9954 0.0066
vn 0.0961 -0.9953 0.0066
vn 0.5774 0.7892 0.2089
vn 0.0091 0.3781 0.9257
vn 0.5706 0.7920 0.2171
vn -0.0135 -0.6286 -0.7776
vn -0.0037 0.0076 -1.0000
vn -0.0157 0.0039 -0.9999
vn -0.0095 -0.0009 -1.0000
vn 1.0000 0.0032 0.0028
vn 1.0000 0.0033 0.0027
vn 1.0000 0.0001 -0.0040
vn 1.0000 -0.0045 0.0031
vn 0.1069 -0.1879 0.9763
vn 0.0943 -0.1873 0.9778
vn 0.0933 -0.1870 0.9779
vn -0.1165 -0.2292 0.9664
vn -0.1165 -0.2294 0.9663
vn -0.1240 -0.2312 0.9650
vn 0.1207 0.1124 0.9863
vn 0.1305 0.1070 0.9857
vn 0.1199 0.1108 0.9866
vn 0.0029 -0.0117 0.9999
vn 0.0015 -0.0193 0.9998
vn 0.0021 -0.0192 0.9998
vn 0.0077 -0.0211 0.9997
vn 0.1647 -0.9803 -0.1087
vn 0.1651 -0.9804 -0.1079
vn 0.1648 -0.9804 -0.1084
vn -0.0725 -0.9956 0.0597
vn -0.0723 -0.9956 0.0602
vn -0.0722 -0.9956 0.0605
vn 0.1534 -0.9827 -0.1037
vn 0.1524 -0.9828 -0.1046
vn 0.1571 -0.9829 -0.0962
vn 0.1098 -0.9855 -0.1297
vn 0.1162 -0.9843 -0.1331
vn 0.1044 -0.9853 -0.1356
vn 0.0078 -0.9996 0.0262
vn 0.1604 -0.7669 0.6214
vn -0.6963 -0.7152 -0.0607
vn 0.4654 0.1028 -0.8791
vn 0.5873 0.3323 -0.7380
vn 0.3363 0.6976 -0.6326
vn 0.4698 -0.1487 -0.8701
vn 0.2268 0.0133 -0.9738
vn 0.4895 -0.3077 -0.8159
vn 0.4764 -0.0220 -0.8789
vn -0.0071 -0.1004 -0.9949
vn -0.0024 -0.1072 -0.9942
vn 0.5511 -0.4225 -0.7196
vn -0.1389 -0.0061 0.9903
vn -0.1538 0.0028 0.9881
vn -0.1458 -0.0002 0.9893
vn 0.0539 0.9985 0.0026
vn 0.0177 0.9997 0.0147
vn 0.1038 0.9944 0.0217
vn 0.4682 -0.8584 -0.2097
vn 0.4757 -0.8283 -0.2961
vn 0.4771 -0.8299 -0.2891
vn 0.4769 -0.8273 -0.2969
vn 1.0000 0.0012 0.0013
vn 0.9987 0.0381 0.0335
vn 0.9999 0.0136 -0.0000
vn -1.0000 -0.0035 -0.0085
vn -0.9999 -0.0043 -0.0099
vn -0.9999 -0.0039 -0.0093
vn -1.0000 0.0078 -0.0011
vn -1.0000 0.0071 -0.0034
vn -1.0000 0.0077 -0.0019
vn 0.2232 -0.3061 -0.9255
vn -0.0111 -0.9999 -0.0115
vn 0.0010 -0.0011 1.0000
vn -0.0604 0.9821 -0.1785
vn -0.0454 0.9833 -0.1764
vn -0.1064 0.9766 -0.1869
vn -0.0016 -0.0029 1.0000
vn 0.2799 0.9426 -0.1819
vn -0.0014 1.0000 -0.0002
vn -0.0015 1.0000 -0.0003
vn -0.0014 1.0000 -0.0001
vn 0.9711 0.2384 0.0058
vn 0.9713 0.2373 0.0136
vn 0.9710 0.2389 -0.0047
vn -0.0069 0.9972 -0.0740
vn 0.0145 0.9995 0.0286
vn -0.1348 -0.9898 -0.0454
vn -0.1621 -0.9846 -0.0658
vn -0.1623 -0.9845 -0.0659
vn 0.3186 -0.8336 -0.4513
vn -0.1407 -0.9877 -0.0686
vn -0.1634 -0.9845 -0.0639
vn -0.1516 -0.9862 -0.0667
vn 0.1966 -0.9805 0.0062
vn 0.1810 -0.9835 0.0072
vn 0.1807 -0.9835 0.0018
vn 0.4469 -0.8582 -0.2525
vn 0.4381 -0.8430 0.3123
vn 0.2064 -0.9618 -0.1796
vn -0.0581 -0.4003 -0.9145
vn -0.4215 -0.6281 0.6541
vn -0.3486 0.0781 -0.9340
vn -0.4713 -0.4788 -0.7407
vn 0.9971 -0.0391 -0.0657
vn 0.9970 -0.0461 -0.0629
vn 0.9972 -0.0459 -0.0597
vn 0.9782 0.2057 -0.0293
vn 0.9780 0.2067 -0.0288
vn 0.9821 0.1871 -0.0225
vn 0.0379 -0.9992 0.0144
vn 0.0365 -0.9992 0.0159
vn 0.0363 -0.9992 0.0190
vn 0.1063 -0.9786 0.1762
vn 0.1062 -0.9786 0.1764
vn 0.1061 -0.9786 0.1765
vn -0.0014 -0.0042 1.0000
vn 0.0157 -0.0013 0.9999
vn -0.0016 0.0040 1.0000
vn -0.1040 0.9866 -0.1256
vn -0.1575 0.7922 -0.5896
vn -0.0777 0.9969 -0.0098
vn -0.0807 0.9967 -0.0029
vn -0.0709 0.9975 -0.0063
vn 0.0231 0.9640 0.2647
vn -0.0010 0.3392 0.9407
vn 0.6311 0.4452 0.6353
vn 0.0182 0.9993 -0.0322
vn 0.0267 0.9992 -0.0283
vn 0.0236 0.9994 -0.0266
vn -0.5871 -0.2362 -0.7743
vn -0.3778 0.0954 -0.9210
vn -0.7100 0.6457 -0.2810
vn -0.6920 0.6667 -0.2771
vn -0.7029 0.6598 -0.2655
vn -0.0717 -0.9962 -0.0499
vn -0.0788 -0.9957 -0.0479
vn -0.0872 -0.9950 -0.0492
vn 0.0801 -0.9958 0.0451
vn 0.0875 -0.9953 0.0426
vn 0.0877 -0.9952 0.0433
vn -0.4304 -0.8662 -0.2538
vn -0.4264 -0.8697 -0.2486
vn -0.4298 -0.8666 -0.2535
vn -0.2776 -0.9533 -0.1189
vn -0.2774 -0.9534 -0.1189
vn -0.2728 -0.9536 -0.1274
vn 0.3154 -0.8495 -0.4230
vn 0.3312 -0.8466 -0.4165
vn 0.3149 -0.8499 -0.4224
vn 0.5226 -0.8227 0.2237
vn 0.8049 0.0096 -0.5933
vn 0.3566 -0.6850 0.6352
vn 0.9053 0.1978 -0.3759
vn 0.1065 -0.1083 0.9884
vn 0.1165 -0.6245 -0.7723
vn -0.8737 0.2988 0.3839
vn -0.1177 -0.8363 -0.5355
vn -0.7613 -0.0548 -0.6461
vn 0.6189 -0.1160 -0.7768
vn -0.2277 -0.9637 -0.1396
vn -0.1775 0.9046 0.3876
vn 0.4803 0.8726 0.0891
vn 0.4810 0.8716 0.0942
vn 0.4767 0.8734 0.0994
vn 0.9959 -0.0646 -0.0638
vn 0.9959 -0.0645 -0.0638
vn 0.9954 -0.0630 -0.0715
vn 0.9930 0.0355 -0.1126
vn 0.9922 0.0419 -0.1170
vn 0.9931 0.0356 -0.1121
vn 0.9942 0.0085 -0.1068
vn 0.9932 -0.0024 -0.1164
vn 0.9930 -0.0102 -0.1177
vn -0.8535 0.5132 0.0902
vn -0.8508 0.5169 0.0947
vn -0.8490 0.5214 0.0856
vn -0.9990 0.0426 0.0095
vn -0.9990 0.0418 0.0173
vn -0.9991 0.0418 0.0095
vn -0.9994 0.0232 -0.0237
vn -0.9996 0.0154 -0.0223
vn -0.9997 0.0044 -0.0252
vn -0.5129 -0.2558 -0.8195
vn 0.6631 0.6591 -0.3547
vn -0.8965 -0.3504 -0.2713
vn -0.9122 0.3187 -0.2574
vn 0.0169 0.9998 0.0107
vn -0.0396 -0.1979 -0.9794
vn -0.0464 -0.1995 -0.9788
vn -0.0460 -0.2078 -0.9771
vn 0.0137 -0.0307 0.9994
vn 0.4848 -0.7204 -0.4960
vn 0.1392 -0.9130 0.3835
vn 0.3665 -0.9140 -0.1741
vn 0.2598 -0.8548 -0.4493
vn -0.9607 -0.0778 -0.2666
vn -0.9610 -0.0798 -0.2647
vn -0.9608 -0.0790 -0.2658
vn 0.1272 0.6149 -0.7783
vn 0.4833 -0.1940 -0.8537
vn 0.3825 0.3341 -0.8615
vn 0.1949 -0.5147 -0.8349
vn 0.2913 -0.8160 -0.4992
vn 0.1462 -0.9592 -0.2419
vn -0.0824 -0.9873 -0.1359
vn -0.0848 -0.9870 -0.1365
vn -0.0849 -0.9860 -0.1436
vn -0.0263 -0.9997 0.0019
vn -0.0263 -0.9997 0.0017
vn -0.0264 -0.9997 0.0019
vn -0.0275 -0.9996 -0.0092
vn -0.0305 -0.9995 -0.0066
vn -0.0306 -0.9995 -0.0041
vn -0.9992 -0.0073 -0.0402
vn -0.9994 -0.0137 -0.0308
vn -0.9991 -0.0080 -0.0408
vn -0.0225 -0.9997 -0.0056
vn -0.0223 -0.9997 -0.0056
vn -0.0224 -0.9997 -0.0056
vn -0.0076 -0.9998 -0.0160
vn -0.0078 -0.9998 -0.0161
vn -0.0069 -0.9997 -0.0239
vn 0.9457 0.0095 0.3250
vn 0.0541 -0.9982 0.0239
vn 0.0295 -0.9995 -0.0071
vn 0.0258 -0.9997 -0.0057
vn -1.0000 0.0084 0.0024
vn -1.0000 0.0068 -0.0034
vn -1.0000 0.0017 0.0029
vn 0.6936 0.3030 -0.6535
vn -0.0089 -0.0038 1.0000
vn -1.0000 0.0077 -0.0018
vn -1.0000 -0.0032 -0.0000
vn 0.0756 -0.9969 0.0200
vn 0.0770 -0.9967 0.0247
vn 0.0781 -0.9964 0.0338
vn 0.0061 -0.9997 -0.0240
vn 0.0069 -0.9997 -0.0248
vn 0.0065 -0.9997 -0.0244
vn 0.0028 -0.0000 1.0000
vn -0.9993 -0.0065 -0.0364
vn -0.9990 -0.0091 -0.0439
vn -0.9990 -0.0092 -0.0439
vn -0.9926 0.1213 -0.0096
vn -0.9934 0.1131 -0.0206
vn -0.9936 0.1119 -0.0178
vn -0.9887 0.1496 0.0069
vn -0.9894 0.1448 0.0131
vn -0.9877 0.1562 -0.0092
vn -0.8816 0.4646 -0.0829
vn -0.8848 0.4580 -0.0862
vn -0.8786 0.4707 -0.0810
vn 0.8411 0.4234 -0.3365
vn 0.3336 0.9351 -0.1198
vn -0.3913 0.9008 -0.1884
vn -0.2092 0.9776 0.0244
vn 0.0298 0.2298 0.9728
vn 0.0150 -0.9996 0.0255
vn 0.0080 -0.9997 0.0210
vn 0.0099 -0.9994 0.0320
vn 0.1228 -0.9924 0.0065
vn 0.1206 -0.9927 0.0086
vn 0.1223 -0.9925 0.0075
vn 0.0121 -0.9994 0.0329
vn 0.0113 -0.9994 0.0321
vn 0.0116 -0.9994 0.0324
vn -0.0387 -0.9985 -0.0393
vn -0.0443 -0.9983 -0.0385
vn -0.0242 -0.9984 -0.0507
vn -0.0473 -0.9978 -0.0460
vn -0.0323 -0.9986 -0.0408
vn -0.0393 -0.9982 -0.0444
vn 0.4496 -0.8923 0.0405
vn 0.1654 -0.0440 0.9852
vn -0.0183 -0.9891 0.1463
vn -0.2878 -0.9448 0.1569
vn 0.6157 -0.4258 0.6630
vn 0.3675 -0.9264 0.0826
vn -0.1245 0.6749 -0.7273
vn -0.0334 -0.9974 0.0638
vn -0.0335 -0.9969 0.0710
vn -0.0362 -0.9967 0.0720
vn -0.0602 -0.9976 -0.0351
vn 0.3596 -0.9284 0.0939
vn -0.2047 -0.9346 -0.2910
vn -0.5287 -0.4863 0.6957
vn -0.0579 -0.9977 -0.0339
vn -0.0666 -0.9969 -0.0407
vn -0.0636 -0.9976 -0.0255
vn -0.3483 -0.9060 0.2403
vn -0.6863 -0.6285 0.3661
vn -0.2774 0.9601 0.0364
vn 0.0228 0.9997 -0.0020
vn -0.1074 0.9807 0.1633
vn 0.0288 0.0174 -0.9994
vn 0.9993 -0.0347 0.0152
vn 0.9988 -0.0446 0.0180
vn 0.9989 -0.0419 0.0192
vn -0.8989 0.4315 0.0763
vn -0.8958 0.4380 0.0752
vn -0.8956 0.4383 0.0754
vn -0.1898 0.2723 -0.9433
vn -0.3440 0.7630 -0.5473
vn -0.4594 0.8719 -0.1694
vn -0.0583 0.9918 0.1134
vn -0.0015 0.9925 0.1222
vn -0.0579 0.9918 0.1139
vn -0.0157 0.9996 -0.0232
vn 0.8832 0.1428 -0.4468
vn 0.8473 0.4353 0.3042
vn -0.1374 0.9208 0.3651
vn 0.5438 0.8360 -0.0732
vn 1.0000 0.0001 0.0016
vn -0.1013 -0.9938 -0.0454
vn -0.1006 -0.9939 -0.0452
vn -0.1023 -0.9937 -0.0453
vn -0.1202 -0.9863 0.1129
vn -0.1338 -0.9432 0.3040
vn -0.3590 -0.9303 -0.0748
vn 0.0016 -0.9861 -0.1663
vn -0.0351 -0.9953 -0.0906
vn -0.0107 0.9846 -0.1746
vn -0.9802 0.1979 0.0109
vn -0.9793 0.2022 -0.0111
vn -0.9812 0.1930 0.0014
vn -0.0096 1.0000 -0.0013
vn -0.0781 -0.9952 -0.0596
vn -0.0742 -0.9959 -0.0517
vn -0.0703 -0.9956 -0.0625
vn -0.4340 -0.2005 0.8783
vn -0.2772 -0.3306 0.9021
vn -0.7412 0.0237 0.6708
vn -0.7230 0.0312 0.6902
vn -0.7387 0.0392 0.6729
vn -0.3391 -0.1897 0.9214
vn 0.0447 -0.4136 0.9094
vn -0.0698 0.1230 0.9900
vn -0.7358 0.0234 0.6768
vn -0.7286 0.0182 0.6847
vn -0.7262 0.0257 0.6870
vn -0.6795 -0.4790 0.5558
vn -0.5609 -0.6125 0.5570
vn -0.2728 -0.0302 0.9616
vn -0.9998 0.0032 -0.0178
vn -0.9997 0.0061 -0.0252
vn -0.9998 0.0025 -0.0197
vn -0.9988 0.0356 -0.0324
vn -0.9989 0.0355 -0.0322
vn -0.9989 0.0349 -0.0317
vn -0.9688 -0.0189 0.2471
vn -0.9667 -0.0341 0.2535
vn -0.9615 -0.0537 0.2694
vn -0.9407 0.3392 0.0089
vn -0.9559 0.2936 -0.0096
vn -0.9547 0.2966 -0.0232
vn -0.9978 0.0596 -0.0284
vn -0.9980 0.0592 -0.0218
vn -0.9988 0.0364 -0.0314
vn -0.6789 0.7341 0.0152
vn 0.0037 0.9999 -0.0149
vn 0.1452 0.0760 0.9865
vn 0.1549 0.0860 0.9842
vn 0.1599 0.0768 0.9841
vn -0.0084 -0.1507 0.9885
vn -0.0028 -0.1456 0.9893
vn -0.0140 -0.1441 0.9895
vn -0.9999 -0.0054 0.0117
vn -0.9919 0.0828 -0.0961
vn -0.6828 0.7275 0.0676
vn 0.2383 0.9709 0.0222
vn -0.9998 0.0184 -0.0094
vn -0.9996 0.0258 -0.0120
vn -0.9996 0.0256 -0.0125
vn -0.0201 0.2151 0.9764
vn -0.0203 0.2153 0.9763
vn -0.0200 0.2149 0.9764
vn -0.2936 0.3172 0.9018
vn -0.5102 -0.7551 0.4117
vn -0.4179 0.8619 -0.2872
vn 0.9817 -0.0309 -0.1877
vn -0.0568 -0.9981 -0.0234
vn -0.0565 -0.9981 -0.0237
vn -0.0595 -0.9978 -0.0306
vn -0.0448 -0.9988 0.0184
vn -0.0440 -0.9987 0.0265
vn -0.0443 -0.9989 0.0180
vn 1.0000 -0.0002 -0.0079
vn 1.0000 0.0008 -0.0071
vn 1.0000 -0.0049 -0.0017
vn -0.2543 -0.0180 0.9670
vn 0.9995 0.0203 -0.0249
vn -0.9990 -0.0187 0.0395
vn -0.9993 -0.0169 0.0319
vn -0.9993 -0.0161 0.0324
vn 0.0397 -0.9992 -0.0003
vn 0.0331 -0.9994 -0.0041
vn 0.0398 -0.9992 -0.0010
vn 0.0188 -0.9998 -0.0007
vn 0.0182 -0.9998 -0.0004
vn -0.0010 0.0002 -1.0000
vn 0.0012 -0.0026 -1.0000
vn -0.0137 0.9999 0.0017
vn 0.3029 0.9517 0.0505
vn -0.2711 0.9623 -0.0231
vn -0.9998 0.0216 0.0019
vn -0.9998 0.0221 0.0016
vn -0.9998 0.0220 0.0017
vn -0.5267 0.0144 0.8499
vn -0.3398 0.4078 0.8475
vn -0.8597 0.2750 0.4305
vn 0.9619 0.0292 -0.2717
vn 0.9586 0.0195 -0.2841
vn 0.9592 0.0246 -0.2818
vn 0.9935 -0.1138 0.0083
vn 0.9604 -0.1294 -0.2469
vn 0.9360 -0.2265 -0.2694
vn 0.5219 0.8358 -0.1703
vn 0.5002 0.8522 -0.1534
vn 0.5248 0.8299 -0.1891
vn 0.8548 -0.4689 0.2223
vn 0.8802 0.3479 0.3229
vn 0.8828 0.3595 0.3025
vn 0.8853 0.3326 0.3251
vn 0.9255 0.2611 -0.2744
vn -0.0655 0.6638 0.7450
vn 0.9584 0.2850 0.0163
vn 0.9480 0.3174 -0.0222
vn 0.0284 0.0910 0.9954
vn 0.0184 0.0778 0.9968
vn 0.0087 0.0976 0.9952
vn 0.1186 0.5152 0.8488
vn 0.1020 0.5152 0.8510
vn 0.1240 0.5383 0.8336
vn 0.0329 -0.0018 0.9995
vn 0.0326 0.0061 0.9994
vn 0.0343 0.0001 0.9994
vn 0.0425 -0.0013 0.9991
vn 0.0423 -0.0016 0.9991
vn 0.0290 -0.0085 0.9995
vn 0.0282 -0.0080 0.9996
vn 0.0286 -0.0082 0.9996
vn 0.6611 0.7275 -0.1833
vn 0.7502 0.6507 0.1178
vn 0.1388 0.6285 -0.7653
vn -0.4958 0.6210 0.6071
vn 0.6513 0.6924 0.3104
vn -0.6312 0.6084 0.4811
vn -0.9579 0.0980 -0.2698
vn -0.6597 0.5705 0.4891
vn -0.7371 0.5749 0.3552
vn -0.9857 -0.0167 -0.1678
vn -0.3199 0.9462 -0.0486
vn -0.3179 0.9465 -0.0562
vn -0.3159 0.9472 -0.0553
vn -0.6022 0.4560 -0.6552
vn -0.8684 0.3801 0.3184
vn -0.8727 0.3741 0.3137
vn -0.8672 0.3873 0.3131
vn -0.0577 0.9983 -0.0007
vn -0.0216 0.9997 0.0064
vn 0.0484 0.9981 0.0378
vn -0.2813 0.6849 0.6721
vn -0.7917 0.1386 0.5949
vn -0.6541 -0.0014 0.7564
vn -0.6456 -0.0003 0.7637
vn -0.6457 0.0003 0.7636
vn 0.0423 0.9864 -0.1590
vn -0.7015 0.6679 -0.2486
vn 0.9883 0.1132 0.1023
vn 0.9885 0.1124 0.1012
vn 0.9891 0.0867 0.1194
vn 0.9973 0.0727 -0.0066
vn 0.9980 0.0627 -0.0014
vn 0.9975 0.0702 -0.0071
vn 0.4587 -0.6720 0.5814
vn 0.0765 0.8537 -0.5152
vn 0.0016 1.0000 -0.0093
vn -0.0168 -0.8943 -0.4472
vn 0.0356 -0.8848 -0.4646
vn -0.9931 0.1173 -0.0040
vn 0.7353 0.2599 0.6260
vn 0.7385 0.2543 0.6245
vn 0.7364 0.2585 0.6252
vn 0.6805 0.3184 0.6599
vn 0.7028 0.3112 0.6397
vn 0.6974 0.3084 0.6469
vn -0.8984 -0.1236 0.4213
vn -0.4485 -0.8644 -0.2275
vn 0.4973 0.8508 0.1698
vn -0.0524 0.3512 0.9348
vn 0.5017 0.7381 0.4512
vn 0.7271 -0.1495 0.6701
vn -0.0493 -0.1309 -0.9902
vn -0.0439 -0.1347 -0.9899
vn -0.0601 -0.1280 -0.9899
vn -0.1642 -0.9755 -0.1464
vn -0.1642 -0.9755 -0.1461
vn -0.1598 -0.9771 -0.1406
vn 0.0433 -0.9989 0.0202
vn 0.0440 -0.9988 0.0203
vn 0.0442 -0.9988 0.0203
vn -0.0365 -0.9978 -0.0546
vn -0.0372 -0.9978 -0.0553
vn -0.0373 -0.9978 -0.0556
vn 0.0047 0.8457 -0.5337
vn -0.4512 0.3401 0.8251
vn -0.0352 0.0145 -0.9993
vn 0.0744 0.4801 -0.8741
vn 0.0108 -0.2895 -0.9571
vn -0.6127 0.5944 -0.5208
vn -0.4619 0.8119 -0.3570
vn -0.7666 -0.5164 -0.3816
vn 0.6071 0.7741 -0.1793
vn 0.8486 -0.1671 -0.5020
vn 0.8676 -0.1676 -0.4682
vn 0.8493 -0.1784 -0.4968
vn -0.3531 -0.2445 -0.9030
vn -0.4783 -0.3123 0.8208
vn 0.0738 -0.1762 -0.9816
vn 0.0778 -0.1692 -0.9825
vn 0.0749 -0.1651 -0.9834
vn 0.1081 0.0276 -0.9938
vn 0.0067 0.0800 -0.9968
vn -0.0753 0.0530 -0.9958
vn -0.1967 -0.9793 0.0484
vn -0.0256 -0.9990 0.0360
vn -0.0333 -0.9987 0.0377
vn -0.0257 -0.9990 0.0363
vn -0.1319 -0.9882 -0.0784
vn -0.1321 -0.9881 -0.0787
vn -0.1308 -0.9884 -0.0776
vn -0.1216 -0.9895 -0.0782
vn -0.1292 -0.9886 -0.0774
vn -0.1302 -0.9885 -0.0770
vn -0.3900 -0.8733 0.2921
vn -0.3037 -0.7966 -0.5226
vn 0.2433 -0.9342 -0.2609
vn -0.5461 -0.7366 0.3991
vn -0.5285 -0.7568 0.3846
vn -0.5336 -0.7468 0.3970
vn 0.2031 0.9115 -0.3577
vn 0.9830 0.0443 0.1783
vn 0.9830 0.0367 0.1797
vn 0.9829 0.0300 0.1815
vn -0.0514 0.9591 0.2783
vn -0.0044 1.0000 -0.0011
vn 0.1957 0.0869 -0.9768
vn 0.1875 0.0786 -0.9791
vn 0.1891 0.0936 -0.9775
vn -0.0158 0.0204 -0.9997
vn -0.0135 0.0206 -0.9997
vn -0.0079 0.0207 -0.9998
vn -0.9199 0.3423 0.1913
vn 0.0344 -0.0880 -0.9955
vn 0.0456 -0.0880 -0.9951
vn 0.0395 -0.0951 -0.9947
vn -0.0863 -0.0800 -0.9931
vn -0.0964 -0.0849 -0.9917
vn -0.0889 -0.0790 -0.9929
vn 0.9372 0.0284 -0.3478
vn 0.0369 -0.0011 -0.9993
vn 0.9756 0.0001 -0.2196
vn -0.9998 0.0115 -0.0131
vn -0.9998 0.0118 -0.0131
vn -0.9998 0.0115 -0.0130
vn 0.3051 -0.9331 -0.1905
vn 0.3081 -0.9284 -0.2076
vn 0.2943 -0.9340 -0.2024
vn -1.0000 -0.0007 0.0073
vn -1.0000 0.0017 0.0036
vn -1.0000 0.0049 0.0008
vn -0.0231 -0.0028 -0.9997
vn -0.0218 0.0067 -0.9997
vn -0.0260 0.0060 -0.9996
vn 0.1120 -0.9936 -0.0143
vn 0.1081 -0.9941 -0.0093
vn 0.1136 -0.9935 -0.0051
vn 0.0219 -0.9857 -0.1671
vn 0.0233 -0.9820 -0.1874
vn -0.0019 -0.9800 -0.1990
vn -0.0287 -0.7943 0.6069
vn 0.0237 -0.8382 0.5449
vn -0.0998 -0.9872 0.1241
vn 0.8672 0.3971 0.3005
vn 0.8406 0.5122 0.1762
vn 0.8232 -0.4516 0.3442
vn 0.1307 -0.6676 0.7330
vn -0.2051 -0.4447 0.8719
vn 0.0160 -0.9929 -0.1175
vn -0.4339 -0.8901 -0.1391
vn 0.0001 -0.9930 -0.1179
vn 0.0066 -0.9889 -0.1483
vn 0.0120 -0.9926 -0.1211
vn -0.0132 -0.9998 0.0135
vn -0.0269 -0.9994 0.0196
vn -0.0232 -0.9996 0.0152
vn -0.2707 -0.9625 -0.0179
vn -0.2545 -0.9668 -0.0247
vn -0.2734 -0.9616 -0.0252
vn 0.0085 -0.9950 -0.0997
vn 0.0080 -0.9948 -0.1013
vn 0.0085 -0.9951 -0.0983
vn 0.4220 -0.8017 -0.4233
vn 0.0575 0.0070 -0.9983
vn 0.0587 0.0072 -0.9982
vn 0.0583 0.0071 -0.9983
vn 0.0364 -0.0754 -0.9965
vn 0.0365 -0.0756 -0.9965
vn 0.0362 -0.0752 -0.9965
vn 0.0312 0.9990 0.0321
vn 0.0225 0.9982 -0.0549
vn -0.1067 0.9939 0.0294
vn 0.0080 1.0000 0.0035
vn 0.0017 1.0000 -0.0011
vn 0.0018 1.0000 -0.0011
vn 0.0107 0.9999 -0.0117
vn -1.0000 -0.0067 0.0023
vn -1.0000 -0.0069 0.0017
vn -1.0000 -0.0067 0.0024
vn 0.0022 0.0145 -0.9999
vn -0.7066 0.7034 -0.0769
vn -0.0112 0.9999 0.0028
vn -0.4964 0.8299 0.2547
vn -0.9910 0.0568 0.1210
vn -0.8792 0.2827 0.3836
vn -0.8754 0.2615 -0.4065
vn 0.9903 0.1328 0.0406
vn 0.9900 0.1340 0.0431
vn 0.9883 0.1453 0.0466
vn 0.9983 -0.0590 -0.0018
vn 0.9983 -0.0591 -0.0021
vn 0.9978 -0.0662 0.0010
vn 0.5349 0.8425 0.0636
vn 0.3397 0.8388 0.4255
vn 0.9999 -0.0153 0.0061
vn -0.1404 -0.5589 0.8173
vn 0.3073 -0.0489 0.9504
vn 0.5278 -0.0038 0.8493
vn 0.4786 0.3394 0.8097
vn 0.1229 0.5087 0.8521
vn -0.0023 -0.0003 -1.0000
vn -0.0201 -0.9998 0.0004
vn -0.0202 -0.9998 0.0002
vn -0.0199 -0.9998 0.0007
vn 1.0000 0.0005 -0.0001
vn -0.0421 -0.9985 0.0352
vn -0.0392 -0.9992 -0.0013
vn -0.0326 -0.9995 -0.0028
vn 0.7177 0.6958 -0.0286
vn -0.0216 -0.0072 0.9997
vn -0.0201 -0.0090 0.9998
vn -0.0149 -0.0030 0.9999
vn 0.9968 0.0675 -0.0416
vn 0.0150 0.9980 -0.0617
vn -0.4061 0.8386 -0.3630
vn 0.0151 0.9998 0.0126
vn 0.0483 -0.9986 0.0203
vn 0.0146 -0.9999 0.0059
vn 0.0119 -0.9999 -0.0031
vn 0.0125 -0.9998 -0.0137
vn -0.0012 -0.9998 -0.0183
vn -0.0006 -0.0006 -1.0000
vn 0.0281 0.0227 -0.9993
vn -1.0000 0.0002 0.0007
vn -1.0000 0.0006 0.0001
vn 0.0188 0.9998 -0.0118
vn -0.2008 -0.0225 0.9794
vn -0.2169 -0.0176 0.9760
vn -0.2201 -0.0203 0.9753
vn -0.0078 0.0017 1.0000
vn 0.3160 0.2925 0.9025
vn 0.3355 0.2959 0.8944
vn 0.3294 0.2829 0.9008
vn -0.4633 -0.8859 0.0235
vn 0.3809 -0.4480 -0.8088
vn 0.0067 0.0290 0.9996
vn 0.0046 0.0359 0.9993
vn 0.0070 0.0285 0.9996
vn -0.7750 0.3166 0.5469
vn -0.9299 -0.3498 -0.1133
vn -0.4901 0.5475 -0.6783
vn -0.5428 0.5511 -0.6337
vn 0.0173 0.0057 -0.9998
vn 0.0154 0.0130 -0.9998
vn 0.0158 0.0132 -0.9998
vn 0.9999 0.0067 -0.0132
vn 0.9999 0.0083 -0.0111
vn 1.0000 0.0027 -0.0022
vn 0.0254 -0.9049 0.4250
vn 0.0154 -0.9057 0.4236
vn 0.0236 -0.9070 0.4205
vn 0.0848 -0.9865 -0.1401
vn 0.0653 -0.9897 -0.1272
vn 0.0925 -0.9864 -0.1362
vn 0.0027 0.0131 -0.9999
vn 0.0037 0.0137 -0.9999
vn 0.0035 0.0134 -0.9999
vn -0.1675 0.9856 0.0247
vn 0.0067 0.9998 0.0179
vn 0.0063 0.9998 0.0168
vn 0.0063 0.9998 0.0162
vn 0.0005 0.0013 1.0000
vn -0.1254 -0.9921 -0.0096
vn -0.1301 -0.9911 -0.0274
vn -0.1238 -0.9922 -0.0111
vn 0.2975 -0.9125 -0.2809
vn 0.2487 -0.9646 0.0881
vn 0.1468 -0.9008 -0.4086
vn 0.0182 -0.9997 0.0151
vn 0.0183 -0.9997 0.0151
vn 0.0172 -0.9997 0.0155
vn 0.0274 -0.9133 0.4064
vn -0.0636 -0.9258 0.3726
vn -0.0109 -0.9067 0.4217
vn -0.0183 0.8924 0.4509
vn -0.0728 0.9973 0.0036
vn -0.0382 0.9993 -0.0001
vn 0.0057 -0.0049 -1.0000
vn -0.0013 -0.0051 -1.0000
vn 0.0064 -0.0037 -1.0000
vn 0.0038 -0.0119 -0.9999
vn 0.0142 -0.0045 -0.9999
vn 0.0022 -0.0039 -1.0000
vn -0.9999 0.0071 0.0106
vn -1.0000 0.0035 0.0094
vn -0.9999 0.0048 0.0103
vn 0.0048 -0.6153 0.7883
vn -0.0229 -0.6876 0.7257
vn -0.0124 -0.6692 0.7430
vn 0.7951 -0.5822 -0.1698
vn -0.0214 0.9995 -0.0243
vn -0.0204 0.9995 -0.0225
vn -0.0190 0.9996 -0.0218
vn 0.0165 0.9998 0.0143
vn -0.0504 0.0758 -0.9958
vn -0.0446 0.0712 -0.9965
vn -0.0435 0.0715 -0.9965
vn 0.0030 0.0145 -0.9999
vn -0.0048 0.0122 -0.9999
vn -0.0049 0.0125 -0.9999
vn -0.0190 -0.9998 -0.0043
vn -0.0200 -0.9998 -0.0047
vn -0.0195 -0.9998 -0.0046
vn 0.9998 0.0157 -0.0090
vn 0.0177 0.9997 -0.0171
vn 0.0179 0.9997 -0.0180
vn 0.0178 0.9997 -0.0190
vn -0.0395 0.9276 0.3715
vn 0.0786 0.9965 -0.0288
vn 0.1461 0.9780 0.1491
vn 0.0021 1.0000 -0.0004
vn -0.0009 0.0242 -0.9997
vn -0.0404 -0.9992 0.0020
vn -0.0409 -0.9992 0.0023
vn 0.0062 0.0284 -0.9996
vn 0.9999 0.0100 -0.0007
vn 1.0000 0.0011 0.0001
vn 0.0242 0.9996 -0.0126
vn 0.0243 0.9996 -0.0148
vn 0.0174 0.9998 -0.0101
vn -0.0031 0.9998 0.0201
vn -0.0093 0.9998 0.0163
vn -0.0089 0.9998 0.0162
vn -0.4946 0.7607 0.4204
vn -0.3332 0.2726 -0.9026
vn -0.3325 0.2723 -0.9030
vn -0.3323 0.2721 -0.9031
vn 0.0160 0.9997 -0.0195
vn 0.0185 0.9998 -0.0119
vn 0.0191 0.9997 -0.0129
vn -0.0072 1.0000 0.0035
vn -0.0191 0.9910 -0.1321
vn -0.0434 0.9663 0.2537
vn -0.1532 0.3942 0.9062
vn -0.0151 0.9998 -0.0125
vn 0.0503 0.9572 -0.2849
vn -0.1205 0.1745 -0.9773
vn -0.1201 0.1758 -0.9771
vn -0.1207 0.1739 -0.9773
vn 0.0045 0.9886 0.1507
vn -0.6471 0.7519 0.1266
vn -0.0195 0.9998 -0.0073
vn -0.3023 0.8737 0.3812
vn 0.1745 0.9831 -0.0552
vn 0.3034 0.9528 0.0109
vn -0.0684 0.9971 0.0344
vn -0.0987 0.9757 0.1959
vn -0.0948 0.9755 0.1987
vn -0.0970 0.9754 0.1982
vn -0.0259 0.9994 -0.0230
vn -0.1315 0.9913 -0.0046
vn -0.1349 0.9907 -0.0152
vn 0.9663 0.1603 0.2016
vn 0.9665 0.1608 0.2002
vn 0.9663 0.1606 0.2009
vn -0.3629 0.2090 0.9081
vn -0.7168 0.2072 0.6658
vn -0.5846 0.2568 0.7696
vn 0.9692 0.1590 -0.1879
vn 0.9703 0.1510 -0.1890
vn 0.9691 0.1588 -0.1887
vn -0.9507 0.2058 -0.2321
vn -0.9517 0.1988 -0.2341
vn -0.9495 0.2071 -0.2356
vn 0.0245 0.9997 -0.0000
vn 0.5467 0.7666 -0.3368
vn 0.9537 0.2134 0.2119
vn 0.1023 0.2156 0.9711
vn 0.6261 -0.7737 -0.0964
vn -0.4861 -0.8012 -0.3490
vn 0.9908 0.0725 -0.1143
vn 0.1748 -0.6992 0.6932
vn 0.9993 -0.0365 -0.0076
vn 0.0763 -0.5732 0.8158
vn 0.9950 -0.0953 -0.0285
vn 0.9937 -0.1105 -0.0165
vn 0.9954 -0.0934 -0.0213
vn 0.0887 -0.9960 -0.0036
vn 0.0826 -0.9965 -0.0095
vn 0.1001 -0.9949 -0.0115
vn -0.0419 -0.7812 0.6229
vn 0.4649 0.3741 -0.8024
vn 0.4711 0.3608 -0.8049
vn 0.4783 0.3672 -0.7977
vn -0.9092 0.0094 -0.4164
vn -0.3218 -0.4114 0.8528
vn -0.8993 -0.0258 -0.4366
vn 0.4521 -0.7400 0.4980
vn -0.5026 -0.3601 0.7859
vn 0.3515 -0.4173 0.8380
vn 0.3594 -0.4204 0.8332
vn 0.3375 -0.4249 0.8400
vn -0.6274 -0.6545 0.4218
vn -0.9992 0.0230 -0.0328
vn -0.0173 -0.9992 0.0367
vn -0.0168 -0.9992 0.0364
vn -0.0169 -0.9992 0.0364
vn -0.0264 -0.9994 0.0226
vn -0.4864 -0.6499 0.5840
vn -0.1072 -0.9800 0.1677
vn -0.0469 0.0818 0.9955
vn -0.0424 0.0744 0.9963
vn -0.0507 0.0706 0.9962
vn -0.9836 0.1100 0.1430
vn -0.0877 -0.9926 -0.0845
vn -0.1020 -0.9922 -0.0720
vn -0.0818 -0.9938 -0.0748
vn 0.0226 -0.9987 0.0451
vn 0.0069 -0.9994 0.0332
vn 0.0143 -0.9983 0.0559
vn 0.0001 0.0023 1.0000
vn -0.0000 0.0024 1.0000
vn 1.0000 -0.0001 0.0017
vn 1.0000 0.0027 0.0033
vn -0.0995 -0.9950 0.0034
vn -0.0997 -0.9950 0.0034
vn -0.1005 -0.9949 0.0033
vn -0.3808 -0.8839 0.2714
vn -0.9973 -0.0630 -0.0372
vn -0.9978 -0.0553 -0.0377
vn -0.9977 -0.0560 -0.0379
vn -0.9366 0.3465 -0.0511
vn 0.2762 -0.9610 -0.0119
vn 0.2765 -0.9609 -0.0121
vn 0.2819 -0.9594 -0.0073
vn 0.9999 0.0070 -0.0113
vn -0.0775 -0.9970 -0.0018
vn -0.0778 -0.9970 -0.0012
vn -0.0680 -0.9977 -0.0027
vn -0.0254 -0.9992 -0.0295
vn -0.0269 -0.9992 -0.0301
vn -0.0265 -0.9992 -0.0297
vn 0.0091 -0.9998 0.0165
vn 0.0114 -0.9998 0.0158
vn 0.0095 -0.9998 0.0163
vn -0.1914 -0.6723 0.7151
vn -0.2544 -0.9135 0.3175
vn -0.2190 -0.4462 0.8678
vn -0.9769 -0.1173 -0.1785
vn -0.9641 -0.1469 -0.2211
vn -0.9752 -0.1438 -0.1680
vn 0.7989 -0.5479 0.2483
vn 0.9880 -0.0043 0.1543
vn 0.9880 -0.0042 0.1544
vn 0.9882 0.0030 0.1531
vn 0.8280 -0.4741 0.2996
vn 0.8225 -0.4834 0.2997
vn 0.8273 -0.4774 0.2962
vn 0.4044 -0.8341 0.3751
vn 0.3226 -0.6346 0.7022
vn 0.9669 -0.0960 0.2365
vn 0.5071 -0.7719 0.3834
vn 0.5324 -0.7203 0.4446
vn 0.9848 -0.1615 0.0642
vn 0.9855 -0.1584 0.0609
vn 0.9845 -0.1656 0.0576
vn 0.9950 0.0955 -0.0295
vn 0.9955 0.0881 -0.0338
vn 0.9959 0.0859 -0.0274
vn 0.9756 0.2156 0.0409
vn 0.9682 0.2500 0.0138
vn 0.9745 0.2239 0.0168
vn -0.0336 -0.1002 0.9944
vn -0.0329 -0.1120 0.9932
vn -0.0284 -0.1174 0.9927
vn 0.0637 -0.0366 0.9973
vn -0.0411 -0.0881 0.9953
vn 0.5834 -0.4267 0.6911
vn 0.2799 -0.5162 0.8094
vn -0.1477 -0.4567 0.8773
vn -0.2293 -0.4621 0.8567
vn 0.0392 -0.0639 0.9972
vn -0.2518 -0.3250 0.9116
vn 0.9783 0.0865 0.1883
vn 0.9777 0.1206 0.1721
vn 0.9804 0.0875 0.1768
vn -0.9768 -0.1848 0.1082
vn -0.9744 -0.1993 0.1037
vn -0.9800 -0.1669 0.1087
vn -0.9919 -0.0139 0.1262
vn -0.9903 -0.0171 0.1378
vn -0.9913 -0.0201 0.1300
vn -0.9837 -0.1617 -0.0789
vn -0.9850 -0.1566 -0.0732
vn -0.9975 -0.0701 0.0106
vn -0.9969 -0.0760 0.0182
vn -0.9983 -0.0582 0.0098
vn -0.9948 0.0449 0.0918
vn -0.9940 0.0490 0.0981
vn -0.9940 0.0502 0.0975
vn -0.9970 0.0156 0.0758
vn -0.9964 -0.0061 0.0845
vn -0.9975 0.0067 0.0708
vn -0.1285 -0.0015 0.9917
vn -0.1360 -0.0058 0.9907
vn -0.1251 -0.0063 0.9921
vn -0.9945 0.0089 0.1043
vn -0.9943 0.0090 0.1065
vn -0.9943 0.0091 0.1062
vn -0.9942 0.0119 0.1069
vn -0.9940 -0.0055 0.1089
vn -0.9951 0.0161 0.0974
vn -0.9986 0.0425 0.0315
vn -0.9982 0.0491 0.0351
vn -0.9982 0.0492 0.0355
vn -0.3529 0.7565 0.5506
vn -0.6688 -0.4021 0.6253
vn -0.5919 -0.2173 0.7762
vn -0.2099 0.8450 0.4918
vn -0.6018 -0.2583 0.7557
vn -0.4007 -0.6585 0.6370
vn -0.0824 -0.4012 0.9123
vn 0.2738 0.9252 -0.2626
vn 0.6413 0.7247 0.2520
vn 0.7515 0.4501 0.4824
vn -0.0663 0.8292 -0.5550
vn 0.0480 0.9984 0.0289
vn 0.6808 0.7027 0.2067
vn 0.9867 0.0035 -0.1625
vn 0.9864 0.0194 -0.1634
vn 0.9860 0.0271 -0.1644
vn -0.0306 -0.9993 -0.0225
vn -0.0304 -0.9991 -0.0305
vn -0.0329 -0.9992 -0.0223
vn -0.9996 0.0283 -0.0045
vn -0.9996 0.0225 -0.0142
vn -0.9996 0.0287 -0.0048
vn -0.9993 0.0329 0.0197
vn -0.9993 0.0326 0.0196
vn -0.9992 0.0334 0.0200
vn 0.9987 0.0410 0.0297
vn 0.9987 0.0419 0.0286
vn 0.9987 0.0400 0.0302
vn 0.9799 0.1920 0.0535
vn 0.9802 0.1895 0.0564
vn 0.9802 0.1897 0.0559
vn -0.0100 -0.9998 -0.0198
vn -0.0132 -0.9997 -0.0199
vn -0.0144 -0.9997 -0.0198
vn 0.2214 -0.9747 0.0297
vn 0.2185 -0.9751 0.0378
vn 0.2184 -0.9751 0.0377
vn 0.9985 -0.0522 -0.0154
vn 0.9981 -0.0598 -0.0140
vn 0.9976 -0.0676 -0.0145
vn 0.6409 -0.0385 0.7666
vn 0.9996 -0.0274 0.0062
vn 0.9983 -0.0059 0.0578
vn 0.2839 -0.9058 0.3144
vn 0.2858 -0.9056 0.3135
vn 0.2866 -0.9058 0.3122
vn 0.1083 -0.9779 -0.1788
vn 0.1081 -0.9779 -0.1791
vn 0.1157 -0.9764 -0.1823
vn -0.9636 0.2394 -0.1193
vn -0.8684 0.3918 -0.3039
vn 0.0157 -0.9323 0.3612
vn -0.6786 0.7130 -0.1765
vn 0.7116 0.2125 -0.6697
vn 0.7009 0.2191 -0.6788
vn 0.6938 0.1948 -0.6933
vn 0.4436 0.5976 -0.6679
vn -0.3621 -0.6966 0.6194
vn -0.0293 -0.9996 0.0048
vn -0.9938 -0.1081 0.0258
vn -0.9956 -0.0920 0.0189
vn -0.9946 -0.1007 0.0262
vn -0.0245 -0.9997 0.0087
vn -0.0245 -0.9997 0.0092
vn -0.0251 -0.9996 0.0110
vn 0.4847 -0.3454 0.8036
vn 0.4069 0.4265 0.8078
vn 0.9992 0.0147 0.0379
vn 0.9991 0.0097 0.0413
vn 0.9989 0.0194 0.0436
vn 0.9997 0.0078 0.0248
vn 0.9997 0.0073 0.0248
vn 0.9997 0.0061 0.0250
vn -0.3894 -0.1050 0.9151
vn 0.7534 0.1161 -0.6472
vn 0.3775 -0.6401 -0.6691
vn -0.0184 -0.9998 0.0036
vn 0.6489 -0.4680 0.5999
vn -0.8743 0.0994 0.4750
vn -0.3753 0.4188 0.8269
vn -0.9966 -0.0378 0.0731
vn -0.9977 -0.0338 0.0590
vn -0.9975 -0.0242 0.0664
vn -0.2990 -0.6497 0.6989
vn -0.9450 -0.3180 0.0767
vn -0.9977 -0.0439 0.0518
vn 0.1346 -0.1193 0.9837
vn 0.1360 -0.1205 0.9834
vn 0.9517 0.2998 -0.0658
vn 0.9517 0.3003 -0.0637
vn 0.9519 0.3002 -0.0620
vn -0.9977 -0.0657 -0.0173
vn -0.9974 -0.0707 -0.0159
vn -0.9975 -0.0691 -0.0160
vn -0.1585 0.6079 0.7780
vn -0.0262 0.9986 -0.0456
vn -0.0504 0.7672 -0.6395
vn -0.0515 0.7668 -0.6398
vn -0.0508 0.7670 -0.6397
vn 0.0603 -0.9982 -0.0018
vn 0.0672 -0.9977 0.0024
vn 0.0655 -0.9978 0.0032
vn 0.3374 -0.9413 -0.0130
vn 0.3395 -0.9404 -0.0208
vn 0.3359 -0.9417 -0.0204
vn 0.0707 -0.9855 -0.1540
vn 0.0798 -0.9864 -0.1438
vn 0.0871 -0.9855 -0.1456
vn 0.9981 0.0538 0.0284
vn 0.9977 0.0577 0.0350
vn 0.9981 0.0539 0.0283
vn 0.9993 0.0372 0.0031
vn 0.9992 0.0369 0.0139
vn 0.9989 0.0474 -0.0002
vn 0.7832 0.2661 -0.5619
vn 0.5083 -0.0478 -0.8598
vn 0.4469 0.5637 -0.6947
vn 0.6107 0.6076 -0.5078
vn 0.6823 -0.0598 -0.7286
vn 0.7383 0.6724 0.0531
vn 0.8547 -0.4168 -0.3096
vn 0.0295 -0.9942 -0.1038
vn -0.9963 -0.0851 0.0140
vn 0.0216 -0.6552 -0.7552
vn 0.3568 -0.5892 -0.7249
vn 0.2539 -0.3120 -0.9155
vn -0.9951 -0.0447 -0.0880
vn 0.4291 0.3695 -0.8242
vn 0.4286 0.3694 -0.8245
vn 0.4411 0.3756 -0.8151
vn -0.7366 -0.2031 0.6451
vn -0.0646 -0.9747 -0.2142
vn -0.1043 0.1840 -0.9774
vn -0.1046 0.1839 -0.9774
vn 0.1327 0.9870 -0.0910
vn 0.1342 0.9868 -0.0909
vn 0.1347 0.9867 -0.0907
vn 0.9871 0.1506 -0.0548
vn 0.9871 0.1528 -0.0470
vn 0.9859 0.1580 -0.0557
vn 0.9975 0.0233 -0.0673
vn 0.9979 0.0167 -0.0631
vn 0.9974 0.0338 -0.0636
vn 0.9955 0.0111 -0.0946
vn 0.9958 -0.0042 -0.0917
vn 0.9957 0.0110 -0.0918
vn 0.0299 -0.9995 -0.0143
vn 0.0299 -0.9995 -0.0144
vn 0.9957 -0.0889 -0.0267
vn 0.9925 -0.1037 -0.0641
vn 0.9927 -0.0911 0.0790
vn 0.9723 0.2312 -0.0347
vn 0.9714 0.2340 -0.0399
vn 0.9693 0.2392 -0.0566
vn -0.1074 -0.9909 0.0807
vn 0.5570 -0.8083 0.1907
vn 0.4766 -0.8709 0.1196
vn -0.0621 -0.9639 -0.2590
vn -0.6183 0.2876 -0.7314
vn -0.7137 0.5958 -0.3682
vn 0.0838 -0.6895 0.7194
vn 0.1662 0.7973 -0.5802
vn 0.1649 0.7976 -0.5802
vn 0.1656 0.8084 -0.5648
vn 0.2665 0.3680 -0.8908
vn 0.8562 -0.3615 -0.3691
vn 0.3715 -0.0513 -0.9270
vn 0.6699 -0.7112 -0.2132
vn 0.9820 -0.0096 -0.1888
vn 0.9798 -0.0074 -0.1997
vn 0.9809 -0.0154 -0.1937
vn 0.9509 0.0013 -0.3096
vn -0.8738 -0.3235 -0.3631
vn 0.9435 -0.0551 -0.3266
vn -0.6676 -0.0168 -0.7443
vn -0.5364 -0.6262 -0.5658
vn -0.3023 0.0217 -0.9530
vn -0.8500 0.2124 -0.4820
vn -0.4375 -0.8992 -0.0089
vn -0.8140 -0.5803 -0.0241
vn -0.9992 -0.0401 -0.0030
vn -0.9992 -0.0390 0.0111
vn -0.9988 -0.0492 0.0001
vn -0.5060 0.4464 -0.7380
vn -0.9971 0.0293 -0.0703
vn -0.9974 0.0219 -0.0692
vn 0.0182 -0.0148 -0.9997
vn 0.0184 -0.0144 -0.9997
vn 0.0179 -0.0152 -0.9997
vn -0.1850 0.9299 0.3181
vn -0.3013 0.9535 0.0100
vn -0.9972 0.0342 0.0668
vn -0.3850 -0.0139 -0.9228
vn -0.4012 0.4007 -0.8237
vn 0.6774 -0.4855 -0.5527
vn 0.6766 -0.4863 -0.5529
vn 0.6794 -0.4841 -0.5515
vn -0.1317 0.9885 0.0739
vn -0.0535 0.7800 0.6235
vn 0.0849 0.9938 0.0718
vn -0.3655 -0.6577 -0.6586
vn -0.3696 -0.6444 -0.6694
vn -0.3646 -0.6576 -0.6592
vn -0.5909 0.0792 -0.8029
vn -0.3831 -0.1803 -0.9059
vn -0.9963 0.0715 0.0482
vn -0.9967 0.0689 0.0421
vn -0.9977 0.0545 0.0411
vn -0.8494 -0.4944 -0.1844
vn -0.7716 -0.4907 -0.4048
vn -0.6455 -0.1966 -0.7380
vn -0.5055 -0.6531 -0.5638
vn -0.5666 -0.7641 -0.3085
vn -0.5665 -0.7640 -0.3087
vn -0.5666 -0.7641 -0.3086
vn 0.9912 -0.0434 -0.1251
vn 0.9972 -0.0551 -0.0503
vn 0.9958 -0.0695 -0.0604
vn 0.9936 -0.0762 -0.0835
vn -0.8997 -0.0197 -0.4361
vn 0.4723 0.1404 -0.8702
vn 0.4751 0.1670 -0.8639
vn 0.4795 0.1592 -0.8630
vn -0.3929 -0.5327 -0.7496
vn -0.3928 -0.5326 -0.7497
vn -0.3928 -0.5336 -0.7490
vn -0.0488 -0.9988 -0.0023
vn -0.0412 -0.9991 -0.0074
vn -0.0478 -0.9989 -0.0013
vn -0.9635 -0.1213 -0.2388
vn 0.9908 -0.1024 -0.0887
vn -0.9585 0.2798 -0.0548
vn -0.9583 0.2802 -0.0567
vn -0.9585 0.2798 -0.0549
vn 1.0000 0.0086 -0.0007
vn 1.0000 0.0084 0.0021
vn 1.0000 0.0088 0.0003
vn -0.3916 0.9107 0.1315
vn -0.8025 0.5738 -0.1636
vn -0.5506 -0.0569 0.8328
vn -0.3686 -0.3408 0.8649
vn 0.0534 -0.8047 0.5912
vn 0.0579 -0.1724 0.9833
vn 0.0441 -0.1566 0.9867
vn 0.0529 -0.1256 0.9907
vn -0.1742 0.8653 0.4699
vn -0.9861 -0.1461 0.0795
vn 0.0278 -0.9876 -0.1543
vn 0.0275 -0.9876 -0.1543
vn 0.0295 -0.9876 -0.1544
vn 0.3078 0.5198 -0.7969
vn -0.3943 0.8594 -0.3256
vn -0.4285 0.7825 -0.4518
vn 0.1511 0.2282 0.9618
vn 0.0319 -0.9983 -0.0496
vn 0.0302 -0.9986 -0.0430
vn 0.0383 -0.9984 -0.0413
vn 0.0048 -1.0000 -0.0037
vn 0.0048 -1.0000 -0.0034
vn 0.0048 -1.0000 -0.0036
vn 0.1465 -0.9499 -0.2762
vn 0.1393 -0.9496 -0.2809
vn 0.1396 -0.9495 -0.2811
vn 0.9019 0.3371 -0.2701
vn -0.8331 0.4735 -0.2858
vn -0.1054 -0.9765 -0.1881
vn 0.6601 0.4417 -0.6076
vn 0.3210 -0.4762 -0.8186
vn 0.2321 0.6609 -0.7137
vn -0.9999 0.0135 -0.0010
vn -0.9998 0.0191 0.0012
vn -1.0000 0.0083 -0.0014
vn -1.0000 0.0084 -0.0017
vn 0.0417 0.9987 0.0295
vn 0.0061 0.9502 -0.3117
vn 0.2806 0.9571 -0.0721
vn 0.6677 0.1785 0.7227
vn 0.6647 0.1725 0.7270
vn 0.6703 0.1712 0.7221
vn 0.9960 -0.0886 0.0141
vn 0.9961 -0.0873 0.0153
vn 0.9958 -0.0900 0.0137
vn 0.0997 0.9857 -0.1357
vn 0.7394 -0.5693 -0.3594
vn -0.6650 0.7275 0.1688
vn -0.0990 -0.7490 -0.6551
vn 0.1378 -0.2788 -0.9504
vn 0.1402 -0.2778 -0.9503
vn 0.1347 -0.2709 -0.9531
vn -0.9379 0.1349 -0.3196
vn -0.0198 -0.5710 0.8207
vn 0.2252 0.9741 0.0196
vn 0.6287 -0.0371 -0.7768
vn -0.7836 0.2159 0.5825
vn -0.9073 0.4026 -0.1209
vn -0.6428 0.2252 -0.7322
vn -0.4986 -0.6638 -0.5575
vn -0.8115 0.0690 -0.5802
vn -0.7843 0.0769 -0.6157
vn -0.7945 0.0760 -0.6024
vn -0.9630 0.2345 0.1326
vn 0.1767 -0.6668 -0.7240
vn 0.0874 -0.6463 -0.7580
vn 0.4948 -0.8679 0.0445
vn 0.2047 -0.7738 -0.5995
vn 0.4175 -0.9077 -0.0419
vn 0.1829 -0.9820 -0.0463
vn -0.4587 -0.8435 -0.2793
vn -0.2674 -0.8245 -0.4986
vn -0.5952 -0.5528 0.5832
vn -0.7375 0.2688 0.6195
vn -0.2723 -0.5324 0.8015
vn 0.5294 0.7412 -0.4128
vn -0.8578 0.2891 0.4249
vn -0.9163 0.0145 0.4003
vn -0.7426 -0.5834 -0.3288
vn -0.0106 0.9988 -0.0488
vn 0.4489 0.4293 -0.7837
vn 0.0384 0.9870 -0.1558
vn -0.9958 0.0914 0.0087
vn -0.9961 0.0865 -0.0143
vn -0.9967 0.0805 -0.0100
vn -0.9963 0.0860 -0.0080
vn -0.9959 0.0905 0.0007
vn -0.9949 0.1012 -0.0047
vn -0.9999 -0.0157 -0.0014
vn -0.9998 -0.0122 -0.0131
vn -0.9999 -0.0106 -0.0083
vn -0.9995 0.0254 -0.0210
vn -0.9990 0.0367 -0.0256
vn -0.9980 0.0527 -0.0338
vn -0.9673 0.1883 0.1700
vn 0.5568 0.4481 -0.6994
vn 0.1910 -0.9784 0.0795
vn 0.1815 -0.9800 0.0821
vn 0.1829 -0.9799 0.0799
vn 0.9926 -0.0850 0.0866
vn 0.9953 -0.0728 0.0633
vn 0.9941 -0.0658 0.0858
vn 0.9569 -0.1806 -0.2274
vn 0.9997 0.0172 -0.0192
vn 0.3708 0.6344 -0.6783
vn 0.1086 -0.6016 0.7914
vn -0.1771 -0.9788 0.1030
vn -0.0185 -0.7019 0.7120
vn -0.9762 -0.1954 -0.0941
vn -0.9765 -0.1945 -0.0934
vn -0.9761 -0.1958 -0.0947
vn -0.9925 -0.1223 -0.0076
vn -0.9917 -0.1285 0.0036
vn -0.9926 -0.1202 0.0173
vn -0.0217 -0.2252 -0.9741
vn -0.2512 -0.9632 -0.0954
vn -0.2238 -0.9686 -0.1082
vn -0.2538 -0.9629 -0.0922
vn -0.4422 -0.7909 -0.4231
vn -0.7808 -0.2347 -0.5790
vn -0.7312 0.5202 -0.4413
vn 0.5880 0.2022 -0.7832
vn 0.6170 0.1621 -0.7701
vn 0.6198 0.2056 -0.7573
vn 0.9990 0.0306 -0.0337
vn 0.9989 0.0326 -0.0341
vn 0.9989 0.0316 -0.0340
vn 0.9984 0.0190 -0.0529
vn 0.9990 0.0249 -0.0381
vn 0.9984 0.0324 -0.0458
vn -0.1662 -0.9408 0.2955
vn -0.1417 -0.9889 0.0449
vn 0.9999 -0.0135 0.0065
vn 1.0000 0.0012 0.0035
vn 1.0000 0.0044 0.0005
vn 0.2509 -0.9644 -0.0833
vn 0.2496 -0.9632 -0.0997
vn 0.2988 -0.9513 -0.0756
vn -0.9901 -0.0047 0.1402
vn -0.9901 -0.0057 0.1402
vn -0.9927 0.0057 0.1209
vn -0.2300 -0.5692 0.7894
vn -0.0562 0.8524 -0.5199
vn 0.9949 0.0311 0.0964
vn -0.9999 0.0098 0.0088
vn 0.0221 0.9997 -0.0039
vn 0.1528 0.6547 0.7403
vn 0.0414 0.9976 0.0557
vn 0.0106 -0.9998 0.0177
vn 0.0158 -0.9996 0.0236
vn 0.0150 -0.9996 0.0243
vn 0.9997 0.0089 0.0232
vn 0.9994 0.0020 0.0344
vn 0.9995 0.0137 0.0289
vn -0.0642 0.9974 0.0336
vn 0.1032 -0.9947 0.0004
vn 0.0969 -0.9953 0.0030
vn 0.0944 -0.9954 -0.0137
vn 0.7081 -0.0652 0.7031
vn 0.4791 -0.6564 0.5827
vn 0.5207 -0.5184 0.6783
vn 0.1247 -0.8984 0.4211
vn 0.1523 -0.4094 0.8996
vn 0.2298 -0.2942 0.9277
vn 0.3251 -0.8245 0.4631
vn 0.9955 -0.0922 0.0213
vn 0.9943 -0.1003 0.0364
vn 0.9959 -0.0795 0.0429
vn 0.9972 -0.0185 0.0719
vn 0.9986 0.0040 0.0537
vn 0.9985 0.0041 0.0545
vn 0.9999 -0.0101 0.0116
vn 0.0576 -0.1398 0.9885
vn 0.3611 -0.3968 0.8439
vn 0.9992 0.0044 0.0396
vn 0.9985 0.0103 0.0547
vn 0.9989 0.0061 0.0470
vn 0.4299 -0.1316 0.8933
vn 0.1721 -0.5286 0.8312
vn 0.8218 0.2404 0.5166
vn 0.3900 -0.6035 0.6955
vn 0.6518 0.6139 0.4453
vn 0.2938 -0.3872 0.8739
vn -0.9187 0.0104 0.3949
vn -0.9145 0.0235 0.4039
vn -0.9026 0.0387 0.4288
vn -0.9838 0.1227 0.1308
vn -0.9895 0.1007 0.1034
vn -0.9799 0.1368 0.1450
vn 0.9915 -0.0200 0.1285
vn 0.9904 -0.0196 0.1366
vn 0.9917 -0.0133 0.1278
vn 0.9913 -0.0323 0.1276
vn 0.9924 -0.0251 0.1208
vn 0.9932 -0.0320 0.1121
vn -0.9995 -0.0234 -0.0189
vn -0.9996 -0.0213 0.0183
vn -0.9996 -0.0215 0.0181
vn -0.9996 -0.0217 0.0180
vn -0.4104 0.4173 0.8108
vn 0.1133 0.9935 -0.0116
vn -0.3152 -0.9340 0.1680
vn -0.2943 -0.9413 0.1655
vn -0.3381 -0.9266 0.1648
vn -0.8916 -0.3884 0.2329
vn -0.8951 -0.3802 0.2330
vn -0.8953 -0.3818 0.2294
vn -0.9948 0.0007 0.1016
vn -0.7292 -0.0547 0.6821
vn -0.9997 0.0106 0.0226
vn -0.9998 -0.0010 0.0182
vn -0.9999 0.0046 0.0090
vn -1.0000 0.0018 0.0084
vn -0.9999 -0.0096 0.0090
vn -0.9999 -0.0057 -0.0088
vn -0.1424 -0.6482 0.7481
vn -0.0959 -0.0103 0.9953
vn -0.0935 -0.0173 0.9955
vn -0.0894 -0.0060 0.9960
vn -0.9960 -0.0077 0.0892
vn -0.9961 0.0005 0.0886
vn -0.9953 -0.0071 0.0968
vn -0.1872 -0.8335 0.5198
vn -0.2030 -0.8386 0.5055
vn -0.2045 -0.8326 0.5147
vn -0.9989 0.0366 0.0307
vn -0.9991 0.0361 0.0241
vn -0.9992 0.0218 0.0335
vn -0.5824 -0.7610 0.2860
vn -0.1813 -0.2817 0.9422
vn -0.3119 -0.8965 0.3146
vn -0.3084 -0.8996 0.3091
vn -0.3085 -0.8996 0.3091
vn -0.3193 -0.7079 0.6300
vn -0.4780 -0.7010 0.5293
vn -0.0709 -0.4258 0.9020
vn -0.5289 0.0492 0.8472
vn -0.2351 -0.2413 0.9415
vn -0.1742 -0.1736 0.9693
vn 0.8097 -0.5530 0.1966
vn 0.4578 -0.3449 0.8194
vn -0.3779 0.0028 0.9258
vn 0.9999 0.0006 -0.0113
vn 1.0000 -0.0061 -0.0075
vn 1.0000 -0.0061 -0.0076
vn 0.0072 -0.0291 0.9996
vn 0.0108 -0.0287 0.9995
vn 0.0066 -0.0215 0.9997
vn 0.4999 0.5875 0.6364
vn 0.1432 -0.4644 0.8740
vn -0.4568 0.1484 0.8771
vn -0.6928 -0.6995 -0.1755
vn 0.8753 -0.1056 -0.4719
vn 0.8712 -0.1064 -0.4793
vn 0.8712 -0.1073 -0.4790
vn -0.1459 -0.1697 0.9746
vn 0.1812 0.5525 0.8136
vn -0.5161 0.7722 -0.3706
vn -0.4072 0.8545 -0.3225
vn -0.4624 0.8156 -0.3480
vn -0.4427 0.8258 -0.3494
vn -0.4621 0.8051 -0.3719
vn -0.7052 0.3348 -0.6250
vn -0.9956 -0.0137 -0.0932
vn -0.0084 -0.9985 -0.0538
vn -0.0123 -0.9980 -0.0618
vn -0.0149 -0.9986 -0.0512
vn 0.0930 -0.9841 0.1510
vn 0.0852 -0.9840 0.1563
vn 0.0886 -0.9842 0.1532
vn -0.2213 0.9503 -0.2189
vn -0.4385 0.5528 -0.7086
vn -0.0190 -0.9877 -0.1549
vn -0.1358 -0.9839 0.1163
vn -0.1536 -0.9833 0.0980
vn -0.1450 -0.9847 0.0964
vn 0.4114 0.5209 -0.7479
vn 0.4500 0.5207 -0.7255
vn 0.4344 0.5178 -0.7370
vn -0.0404 0.9244 -0.3792
vn -0.0163 0.9254 -0.3786
vn 0.1571 0.8585 0.4882
vn -0.1052 0.2832 0.9533
vn -0.1032 0.2925 0.9507
vn -0.1078 0.2954 0.9493
vn 0.7583 -0.5442 0.3589
vn -0.0387 -0.8090 0.5865
vn 0.9464 0.3222 -0.0236
vn 1.0000 0.0029 -0.0051
vn 1.0000 -0.0014 -0.0042
vn 1.0000 0.0050 -0.0043
vn 1.0000 -0.0003 0.0025
vn 1.0000 0.0022 -0.0048
vn 1.0000 0.0033 -0.0046
vn -0.3648 0.0795 -0.9277
vn -0.3841 0.0647 -0.9210
vn -0.3641 0.0528 -0.9299
vn -0.5054 0.1757 -0.8448
vn 0.7052 -0.1895 0.6832
vn 0.2459 -0.3224 -0.9141
vn 0.1964 0.3970 -0.8966
vn -0.3920 0.0215 -0.9197
vn -0.3616 0.0160 -0.9322
vn -0.3850 0.0226 -0.9227
vn 0.9607 0.0544 -0.2721
vn 0.9599 0.0618 -0.2734
vn 0.9584 0.0776 -0.2745
vn -0.3516 0.0098 -0.9361
vn -0.3434 0.0043 -0.9392
vn -0.3524 0.0095 -0.9358
vn -0.0441 0.9979 -0.0480
vn 0.6755 -0.3336 -0.6576
vn 0.1216 -0.8153 -0.5662
vn -0.1134 -0.9933 -0.0223
vn -0.1131 -0.9933 -0.0232
vn -0.1055 -0.9942 -0.0212
vn -0.0038 1.0000 0.0010
vn 0.0329 0.9983 0.0475
vn 0.2706 0.9583 0.0920
vn 0.2514 -0.1972 -0.9476
vn -0.4947 -0.3081 -0.8126
vn 0.1302 0.4082 -0.9036
vn -0.2169 -0.6425 0.7349
vn 0.7157 -0.1037 -0.6907
vn 0.8389 0.3251 -0.4366
vn 0.5981 -0.2120 -0.7729
vn 0.4499 0.5055 -0.7363
vn 0.1788 -0.3536 -0.9181
vn 0.5085 0.0434 -0.8600
vn -0.9180 -0.3928 0.0546
vn -0.0073 0.0068 -1.0000
vn -0.0089 0.0139 -0.9999
vn -0.0136 0.0117 -0.9998
vn 0.4895 -0.8257 -0.2804
vn 0.6068 -0.5184 -0.6025
vn 0.5323 -0.7553 -0.3825
vn 0.4460 -0.6987 -0.5594
vn 0.4672 -0.1693 -0.8678
vn 0.5974 -0.0908 -0.7968
vn 0.9826 -0.0862 -0.1648
vn 0.9964 0.0842 0.0022
vn 0.9954 0.0955 0.0092
vn 0.9945 0.1035 0.0174
vn -0.5961 0.3841 -0.7051
vn -0.3400 0.6179 -0.7090
vn 0.9904 -0.1184 0.0718
vn 0.9910 -0.1130 0.0723
vn 0.9910 -0.1110 0.0749
vn 0.9815 0.1350 0.1356
vn 0.9806 0.1474 0.1289
vn 0.9793 0.1520 0.1339
vn 0.9784 -0.1314 -0.1595
vn 0.9800 -0.1142 -0.1628
vn 0.9790 -0.1205 -0.1644
vn -0.3790 -0.2303 -0.8963
vn 0.6242 -0.5996 -0.5010
vn 0.1731 -0.9793 -0.1050
vn 0.1719 -0.9794 -0.1061
vn 0.1745 -0.9791 -0.1046
vn -0.0451 0.9412 0.3348
vn 0.0144 -0.9996 -0.0250
vn -0.0932 -0.9956 -0.0057
vn -0.0876 -0.9961 -0.0117
vn -0.0926 -0.9957 -0.0059
vn 0.9977 0.0257 -0.0629
vn 0.9977 0.0255 -0.0626
vn 0.9983 0.0170 -0.0557
vn 0.9988 -0.0266 0.0413
vn 0.9988 -0.0198 0.0454
vn 0.9982 -0.0354 0.0492
vn 1.0000 -0.0036 0.0015
vn 0.9999 -0.0061 0.0090
vn 1.0000 -0.0010 0.0030
vn 0.6557 -0.7190 -0.2304
vn 0.6907 -0.7190 0.0770
vn 0.6281 -0.7775 -0.0321
vn 0.9794 -0.1827 0.0866
vn 0.7193 -0.2299 0.6556
vn 0.6893 0.0063 0.7245
vn -0.9998 0.0187 0.0059
vn -0.9999 0.0158 0.0065
vn -0.9998 0.0174 0.0064
vn 0.0692 -0.9972 -0.0282
vn 0.0676 -0.9974 -0.0266
vn 0.0090 -0.9990 0.0439
vn -0.0166 -0.4034 0.9149
vn 0.6463 0.5143 0.5637
vn 0.4459 0.4922 0.7476
vn -0.1340 -0.9883 -0.0735
vn -0.1349 -0.9877 -0.0793
vn -0.0365 -0.9991 0.0221
vn -0.0354 -0.9991 0.0219
vn -0.0379 -0.9990 0.0227
vn -0.0275 -0.9996 -0.0093
vn -0.0258 -0.9995 -0.0174
vn -0.0232 -0.9997 -0.0066
vn -0.0227 -0.9994 0.0251
vn -0.0226 -0.9994 0.0248
vn 0.0862 -0.9963 0.0070
vn 0.0865 -0.9962 0.0074
vn 0.0943 -0.9955 0.0063
vn 0.5438 0.6788 0.4935
vn 0.7469 0.1089 0.6559
vn 0.9939 -0.0706 0.0849
vn 0.9939 -0.0720 0.0839
vn 0.9947 -0.0676 0.0779
vn 0.9430 0.3323 -0.0164
vn 0.9431 0.3322 -0.0152
vn 0.9454 0.3253 -0.0184
vn 0.9998 0.0104 -0.0179
vn 0.9997 0.0035 -0.0225
vn 0.9998 -0.0043 -0.0215
vn -0.0094 0.9671 -0.2541
vn 0.8855 0.4353 0.1626
vn 0.0175 0.9998 -0.0040
vn 0.0024 -0.0167 0.9999
vn -0.0024 -0.0098 0.9999
vn 0.0023 -0.0168 0.9999
vn 0.3919 -0.4126 -0.8223
vn 0.6326 -0.2808 -0.7218
vn -0.8842 -0.3116 0.3479
vn -0.8882 0.1985 -0.4143
vn -0.1860 -0.3577 -0.9151
vn -0.0166 -0.6794 -0.7335
vn -0.0440 -0.6817 -0.7303
vn -0.0236 -0.6583 -0.7524
vn -0.6533 0.2389 -0.7185
vn -0.4727 -0.8601 -0.1921
vn 0.1114 -0.9934 -0.0261
vn -0.0491 -0.1324 -0.9900
vn -0.6742 -0.4158 -0.6104
vn -0.4882 -0.8463 -0.2131
vn -0.4883 -0.8463 -0.2130
vn 0.9911 -0.0009 -0.1335
vn -0.5843 -0.0785 -0.8077
vn -0.3358 -0.3828 -0.8606
vn -0.9933 0.0979 -0.0610
vn -0.9933 0.0992 -0.0593
vn -0.9939 0.0905 -0.0634
vn 0.8817 0.2232 -0.4156
vn -0.6264 0.5182 -0.5823
vn -0.2628 0.6000 -0.7556
vn -0.0416 0.3098 -0.9499
vn -0.0944 -0.0521 -0.9942
vn -0.1047 -0.9880 -0.1132
vn -0.1064 -0.9878 -0.1140
vn -0.1068 -0.9877 -0.1140
vn -0.1604 -0.2910 -0.9432
vn 0.0052 -0.0007 -1.0000
vn 0.0057 -0.0009 -1.0000
vn 0.0046 -0.0001 -1.0000
vn 0.0098 0.7883 0.6152
vn -0.0744 0.9969 -0.0237
vn 0.0170 0.9985 0.0515
vn -0.9995 -0.0149 0.0273
vn -0.9996 0.0066 0.0259
vn -0.9995 0.0250 0.0169
vn -0.8528 -0.3558 0.3823
vn -0.7302 -0.6761 0.0988
vn -0.9933 -0.1142 0.0190
vn 0.9891 0.0653 0.1321
vn 0.9950 0.0025 0.1003
vn 0.9954 0.0100 0.0951
vn 0.0521 -0.9545 0.2938
vn 0.0508 -0.9543 0.2946
vn 0.0499 -0.9533 0.2979
vn -0.3738 0.0311 -0.9270
vn 0.9977 -0.0663 0.0103
vn 0.9974 -0.0695 0.0182
vn 0.9974 -0.0719 0.0035
vn 0.9986 -0.0464 0.0267
vn -0.0486 -0.7844 -0.6183
vn 0.0795 -0.9968 -0.0006
vn 0.0864 -0.9963 -0.0032
vn 0.0880 -0.9961 -0.0028
vn -0.0527 -0.9985 -0.0135
vn -0.0483 -0.9986 -0.0191
vn -0.0486 -0.9986 -0.0189
vn -0.9805 -0.1684 0.1015
vn -0.3157 -0.9487 -0.0191
vn -0.8119 -0.5832 0.0267
vn 0.5493 -0.7932 0.2628
vn -0.9995 -0.0023 0.0318
vn -0.9995 -0.0020 0.0329
vn -0.9994 -0.0018 0.0347
vn -0.9988 -0.0040 0.0492
vn -0.9994 -0.0056 0.0338
vn -0.9994 0.0066 0.0340
vn -0.4251 0.1594 0.8910
vn -0.2728 -0.7611 0.5884
vn -0.4586 -0.5597 0.6903
vn -0.0158 -0.9999 0.0052
vn -0.0305 -0.9994 0.0188
vn 0.9716 -0.2344 0.0311
vn 0.9998 -0.0130 -0.0127
vn 1.0000 -0.0038 0.0026
vn 1.0000 0.0030 -0.0060
vn 0.9983 0.0349 0.0465
vn 0.9981 0.0286 0.0547
vn 0.9974 0.0364 0.0626
vn 0.9995 0.0214 -0.0218
vn 0.9990 0.0275 -0.0363
vn 0.9995 0.0161 -0.0285
vn -0.9994 0.0098 -0.0345
vn -0.9992 0.0051 -0.0385
vn -0.9991 0.0156 -0.0392
vn -0.8462 -0.5153 -0.1357
vn -0.8483 -0.5161 -0.1188
vn -0.8470 -0.5148 -0.1325
vn -0.9900 0.0584 -0.1288
vn -0.9915 0.0538 -0.1185
vn -0.9898 0.0606 -0.1291
vn -0.9980 -0.0494 -0.0388
vn -0.9979 -0.0461 -0.0460
vn -0.9977 -0.0420 -0.0539
vn -0.9996 0.0054 0.0281
vn -0.9996 0.0083 0.0265
vn -0.9998 0.0031 0.0205
vn -0.9599 0.2775 0.0394
vn -0.9566 0.2909 0.0151
vn -0.9660 0.2581 0.0169
vn 0.7677 0.2109 -0.6051
vn 0.7703 0.1835 -0.6107
vn 0.7282 0.0955 -0.6786
vn -0.9999 0.0136 -0.0080
vn -1.0000 0.0054 -0.0060
vn -0.9995 0.0077 -0.0309
vn -0.9613 0.2754 -0.0004
vn -0.9970 -0.0351 0.0685
vn -0.9974 -0.0212 0.0695
vn -0.9979 -0.0114 0.0637
vn -0.0648 0.2476 0.9667
vn -0.1956 0.9806 0.0134
vn -0.0336 0.9907 0.1318
vn -0.0157 0.9996 0.0236
vn 0.0301 0.9980 0.0553
vn -0.5326 0.3110 0.7872
vn -0.1023 0.9173 0.3849
vn -0.0839 0.9964 -0.0082
vn -0.0836 0.9965 -0.0083
vn -0.0829 0.9965 -0.0085
vn 0.5018 0.5728 0.6481
vn 0.5217 0.0052 0.8531
vn 0.7723 0.1817 0.6087
vn 0.6196 -0.4914 0.6121
vn 0.8778 0.0239 0.4784
vn 0.9990 -0.0158 0.0429
vn 0.9986 -0.0208 0.0488
vn 0.9986 -0.0213 0.0485
vn 0.2601 -0.1683 0.9508
vn 0.6814 0.4671 0.5635
vn 0.9982 -0.0360 0.0476
vn 0.9991 -0.0271 0.0323
vn 0.9988 -0.0282 0.0397
vn 0.9882 -0.1042 0.1121
vn 0.3841 -0.7390 0.5535
vn -0.0161 0.9989 -0.0451
vn 0.3004 0.9334 -0.1963
vn 0.1222 0.9904 -0.0646
vn 0.0832 0.9962 -0.0274
vn -0.2225 0.9103 -0.3491
vn -0.9953 0.0314 0.0917
vn -0.9913 0.0865 0.0993
vn -0.9899 -0.0172 0.1409
vn 0.9950 0.0113 0.0994
vn 0.9955 0.0246 0.0915
vn 0.9960 0.0142 0.0887
vn 0.9989 -0.0156 0.0432
vn 0.9987 -0.0229 0.0452
vn 0.9995 -0.0018 0.0324
vn 0.9219 -0.3772 0.0880
vn 0.9179 -0.3851 0.0957
vn 0.9176 -0.3858 0.0957
vn 0.9219 0.3762 -0.0926
vn 0.9249 0.3696 -0.0894
vn 0.9250 0.3691 -0.0907
vn -0.5410 0.4417 0.7157
vn -0.8101 -0.3122 0.4963
vn -0.4714 0.5395 0.6977
vn -0.9841 0.1690 0.0548
vn -0.9794 0.1907 0.0668
vn -0.9825 0.1731 0.0682
vn -0.9043 -0.0499 0.4241
vn -0.0109 0.1523 0.9883
vn -0.0111 0.1512 0.9884
vn 0.0081 0.1513 0.9885
vn -0.8654 0.1922 0.4628
vn -0.6260 -0.1698 0.7611
vn 0.2555 0.5390 0.8026
vn 0.9678 0.2434 0.0647
vn 0.0008 -0.9999 0.0153
vn 0.0029 -0.9999 0.0150
vn 0.0011 -0.9999 0.0152
vn -0.9999 -0.0110 -0.0108
vn -0.9997 -0.0145 -0.0211
vn -0.9997 -0.0042 -0.0249
vn -0.9853 0.1220 0.1195
vn -0.9865 0.1137 0.1183
vn -0.9864 0.1140 0.1181
vn -0.9969 -0.0045 0.0780
vn -0.9979 -0.0070 0.0645
vn -0.9964 -0.0155 0.0837
vn -0.9965 0.0231 0.0807
vn -0.9978 -0.0128 0.0657
vn -0.7198 -0.4684 0.5124
vn -0.9999 0.0058 -0.0142
vn -0.9998 0.0104 -0.0186
vn -1.0000 0.0046 -0.0023
vn 0.9998 -0.0088 0.0195
vn 0.9994 -0.0000 0.0342
vn 0.9997 -0.0130 0.0220
vn -0.3337 -0.3890 0.8587
vn -0.9724 -0.1185 0.2010
vn -0.9734 -0.1074 0.2025
vn -0.9759 -0.1112 0.1876
vn -0.1774 -0.0627 0.9821
vn -0.4919 0.0514 0.8691
vn -0.1523 -0.1548 0.9761
vn 0.3166 -0.4515 0.8342
vn 0.0363 -0.4864 0.8730
vn -0.3906 -0.6760 0.6248
vn -0.4039 0.7481 -0.5265
vn -0.0452 0.0792 -0.9958
vn -0.7457 0.6559 0.1170
vn -0.6316 0.1935 -0.7508
vn -0.3597 -0.0686 0.9305
vn -0.4504 0.1915 0.8721
vn 0.0067 0.9986 0.0530
vn 0.9990 -0.0350 0.0279
vn 0.9990 -0.0388 0.0217
vn 0.9987 -0.0388 0.0322
vn -0.2310 0.9411 -0.2470
vn 0.8697 0.0994 0.4834
vn -0.3246 0.9330 0.1554
vn 0.4288 0.0134 0.9033
vn 0.4278 0.0138 0.9038
vn 0.4283 0.0135 0.9035
vn 1.0000 0.0050 -0.0079
vn 0.9998 0.0151 -0.0086
vn 1.0000 0.0067 0.0050
vn 0.1520 0.0054 -0.9884
vn -0.9425 -0.2765 -0.1876
vn -0.3721 -0.6825 -0.6291
vn 0.3227 0.4537 -0.8307
vn 0.4375 -0.8139 -0.3823
vn 0.3457 -0.8233 -0.4502
vn 0.4310 -0.8586 -0.2776
vn 0.4310 -0.8585 -0.2779
vn 0.4310 -0.8584 -0.2782
vn 0.7360 -0.5974 -0.3185
vn 0.7325 -0.6037 -0.3148
vn 0.7371 -0.6011 -0.3087
vn 0.9931 -0.0387 -0.1110
vn 0.9928 -0.0307 -0.1157
vn 0.9930 -0.0307 -0.1140
vn 0.4730 -0.7592 -0.4471
vn 0.2211 -0.5561 -0.8011
vn 0.1333 -0.0136 -0.9910
vn -0.0239 -0.1195 -0.9926
vn -0.0411 -0.1235 -0.9915
vn -0.0371 -0.1138 -0.9928
vn 0.9908 -0.0197 -0.1338
vn 0.9909 -0.0186 -0.1331
vn 0.9908 -0.0263 -0.1329
vn 0.3173 -0.9074 -0.2757
vn -0.9809 0.0427 -0.1896
vn 0.4798 -0.0172 -0.8772
vn 0.4797 -0.0175 -0.8773
vn 0.4628 -0.0174 -0.8863
vn 0.4876 -0.0086 -0.8730
vn -0.9880 0.0695 -0.1382
vn -0.4837 -0.0547 -0.8735
vn -0.0318 -0.2335 0.9718
vn 0.0014 -0.2379 0.9713
vn -0.0416 -0.2463 0.9683
vn -0.9999 -0.0035 -0.0127
vn -0.9998 0.0013 -0.0182
vn -0.9998 -0.0095 -0.0180
vn -0.3380 -0.4268 -0.8388
vn 0.9897 0.1340 -0.0505
vn -0.7757 0.2523 0.5785
vn -0.3648 0.8560 -0.3662
vn -0.1501 -0.6519 0.7433
vn 0.6068 0.4351 -0.6652
vn -0.7940 0.6059 0.0499
vn -0.7820 0.5063 -0.3635
vn 0.1280 0.9598 -0.2500
vn -0.7886 0.5116 0.3410
vn -0.5660 0.2828 -0.7744
vn 0.1378 0.8703 -0.4728
vn 0.8684 0.4875 0.0904
vn 0.9391 0.1224 -0.3211
vn -0.9958 0.0900 0.0183
vn -0.0976 0.9950 0.0205
vn -0.5408 -0.6067 -0.5826
vn 0.0240 -0.0373 -0.9990
vn -0.9300 -0.3482 -0.1173
vn -0.9146 -0.3844 -0.1252
vn -0.9301 -0.3492 -0.1141
vn 0.9997 0.0231 0.0024
vn 0.9997 0.0234 0.0024
vn 0.9999 0.0167 -0.0028
vn -0.1014 -0.9947 0.0165
vn -0.1227 -0.9923 0.0138
vn -0.0885 -0.9958 0.0215
vn -0.0317 -0.9991 0.0296
vn -0.0354 -0.9992 0.0162
vn -0.0364 -0.9991 0.0201
vn 0.3294 0.0958 0.9393
vn 0.6427 0.4121 0.6459
vn 0.5400 -0.0374 0.8408
vn 0.4599 -0.5838 0.6691
vn 0.5261 0.2606 0.8095
vn 0.0715 0.9876 0.1395
vn -0.0184 -0.9969 -0.0770
vn -0.0194 -0.9969 -0.0768
vn -0.0185 -0.9969 -0.0770
vn 0.0574 -0.9962 0.0649
vn 0.0517 -0.9968 0.0605
vn 0.0590 -0.9966 0.0571
vn 0.6194 0.6453 0.4471
vn 0.3664 0.6729 0.6426
vn 0.1565 -0.2139 0.9642
vn 0.1949 0.8484 0.4921
vn 0.9938 -0.0810 -0.0765
vn 0.9908 -0.0995 -0.0917
vn 0.9932 -0.0776 -0.0869
vn 0.9936 -0.0221 0.1105
vn 0.7876 0.3570 0.5023
vn 0.9385 0.1210 0.3233
vn -0.9915 -0.1287 0.0183
vn -0.9886 -0.1426 -0.0477
vn -0.9912 -0.1276 -0.0360
vn -0.9887 -0.1499 -0.0049
vn -0.9898 -0.1426 -0.0020
vn -0.9873 -0.1591 0.0027
vn 0.0046 0.9999 0.0119
vn 0.7898 0.1642 0.5910
vn 0.7874 0.1698 0.5927
vn 0.7934 0.1723 0.5838
vn -0.7786 -0.0829 -0.6221
vn -0.7789 -0.0935 -0.6202
vn -0.7747 -0.0877 -0.6262
vn -0.1645 0.2466 0.9551
vn -0.1659 0.2461 0.9549
vn -0.1688 0.2378 0.9565
vn -0.9887 0.0455 0.1428
vn -0.9876 0.0561 0.1467
vn -0.9877 0.0474 0.1492
vn -0.9964 0.0801 -0.0289
vn -0.9942 0.0897 -0.0591
vn -0.9959 0.0872 -0.0243
vn -0.9836 -0.1576 -0.0877
vn -0.9831 -0.1649 -0.0793
vn -0.9854 -0.1505 -0.0789
vn -0.2115 0.7289 0.6511
vn -0.2590 -0.3446 0.9023
vn -0.9262 -0.0128 -0.3767
vn -0.1669 -0.9006 -0.4012
vn -0.6611 -0.4459 -0.6034
vn -0.8268 0.1705 -0.5361
vn -0.9966 0.0750 0.0338
vn -0.9877 0.1334 -0.0819
vn -0.6037 0.7653 0.2235
vn -0.9993 0.0302 0.0218
vn -0.9993 0.0331 0.0155
vn -0.9994 0.0301 0.0139
vn -0.7811 0.0666 -0.6209
vn -0.9697 0.2374 0.0576
vn -0.9037 0.3610 0.2303
vn 0.2763 -0.6712 -0.6879
vn 0.0852 -0.7090 -0.7001
vn -0.0978 0.0507 -0.9939
vn 0.1046 -0.0885 -0.9906
vn -0.3192 0.5903 -0.7414
vn -0.9796 -0.1887 0.0688
vn -0.9795 -0.1893 0.0686
vn -0.9798 -0.1879 0.0693
vn -0.9418 0.1340 -0.3083
vn -0.9417 0.1341 -0.3085
vn -0.9418 0.1340 -0.3082
vn -0.4825 -0.8276 -0.2870
vn -0.4752 -0.8315 -0.2877
vn -0.4769 -0.8280 -0.2950
vn 0.9992 0.0233 -0.0313
vn 0.9990 0.0253 -0.0382
vn 0.9989 0.0276 -0.0381
vn -0.5416 0.0094 -0.8406
vn 0.1250 0.3392 -0.9324
vn 0.1153 -0.2802 -0.9530
vn 0.6632 0.0629 -0.7458
vn -0.4868 -0.5140 -0.7063
vn 0.2641 0.5068 -0.8206
vn -0.3974 0.4999 -0.7695
vn -0.9586 0.2289 -0.1693
vn -0.8685 -0.3058 -0.3902
vn -0.0934 0.7198 -0.6879
vn 0.0419 0.6892 -0.7233
vn -0.9998 -0.0142 0.0116
vn 0.0916 -0.9807 -0.1726
vn 0.0873 -0.9822 -0.1662
vn 0.1085 -0.9765 -0.1862
vn 0.4159 -0.7105 -0.5676
vn 0.9914 0.0453 -0.1227
vn 0.9926 0.0299 -0.1177
vn 0.9923 0.0631 -0.1069
vn -0.5058 -0.1719 0.8453
vn -0.0798 0.0427 0.9959
vn 0.0798 -0.5502 0.8312
vn 0.1418 -0.8595 0.4911
vn 0.4230 -0.9059 -0.0189
vn 0.0638 -0.5641 0.8232
vn 0.1287 -0.8177 0.5610
vn -0.3896 -0.9145 0.1096
vn -0.9998 -0.0084 0.0193
vn -0.9990 -0.0132 0.0417
vn -0.9994 -0.0112 0.0340
vn -0.0326 0.9891 -0.1434
vn -0.4367 -0.0244 0.8993
vn -0.0336 -0.5097 0.8597
vn -0.0400 -0.5021 0.8639
vn -0.0331 -0.5095 0.8598
vn -0.5040 0.7910 0.3469
vn -0.5062 0.7903 0.3453
vn -0.5017 0.7917 0.3485
vn -0.8192 -0.5386 -0.1971
vn -0.5250 0.8210 0.2241
vn -0.4321 0.8719 0.2303
vn -0.5718 -0.5072 -0.6448
vn -0.5640 -0.2076 -0.7992
vn -0.5869 0.1076 0.8025
vn -0.6537 -0.6882 0.3148
vn -0.8591 -0.1537 0.4881
vn 0.0625 0.9965 -0.0552
vn -0.0301 -0.0415 -0.9987
vn -0.0336 -0.0402 -0.9986
vn -0.0319 -0.0413 -0.9986
vn 0.0610 -0.1086 -0.9922
vn 0.0645 -0.1150 -0.9913
vn 0.0688 -0.1101 -0.9915
vn 0.8661 0.4181 0.2740
vn 0.8420 0.5365 0.0563
vn 0.7609 0.5407 0.3587
vn -0.9865 0.1553 -0.0520
vn -0.9847 0.1655 -0.0552
vn -0.9870 0.1549 -0.0434
vn 0.2491 0.9616 0.1153
vn 0.9972 0.0009 -0.0751
vn 0.9975 0.0093 -0.0698
vn 0.9977 -0.0054 -0.0683
vn -0.4914 0.1707 -0.8540
vn 0.9988 0.0111 -0.0484
vn -0.2226 -0.1027 -0.9695
vn 0.9611 -0.0091 -0.2761
vn 0.0809 0.9705 -0.2273
vn 0.0207 0.8447 0.5348
vn 0.9981 0.0619 -0.0031
vn 0.9992 0.0403 0.0078
vn 0.9989 0.0461 -0.0018
vn 0.9941 -0.0979 -0.0458
vn 0.9898 -0.1279 -0.0629
vn 0.9936 -0.0989 -0.0542
vn -0.9925 -0.1050 -0.0633
vn -0.9915 -0.1180 -0.0548
vn -0.9928 -0.0985 -0.0678
vn -0.9802 0.0894 -0.1769
vn -0.9782 0.0985 -0.1830
vn -0.9796 0.0979 -0.1757
vn -0.2783 -0.8872 -0.3681
vn -0.2318 -0.4255 -0.8748
vn -0.1825 -0.3374 -0.9235
vn -0.9978 -0.0582 -0.0313
vn -0.2262 -0.9552 0.1911
vn -0.9988 -0.0410 0.0260
vn -0.9910 -0.1248 -0.0486
vn -0.9894 -0.1378 -0.0453
vn -0.9905 -0.1302 -0.0439
vn 0.9361 -0.3473 0.0557
vn -0.3394 -0.1078 -0.9344
vn -0.6982 -0.0567 -0.7136
vn 0.9980 0.0467 -0.0435
vn 0.9980 0.0511 -0.0379
vn 0.9982 0.0443 -0.0396
vn 0.9008 -0.0253 0.4335
vn 0.9002 -0.0229 0.4348
vn 0.9004 -0.0244 0.4343
vn 0.9997 0.0185 -0.0159
vn 0.9998 0.0111 -0.0181
vn 0.9998 0.0109 -0.0174
vn 0.0938 0.9920 -0.0850
vn 0.7567 0.6104 -0.2342
vn 0.6000 0.4066 -0.6890
vn -0.1805 0.8411 -0.5099
vn -0.1780 0.8330 -0.5239
vn -0.1652 0.8114 -0.5606
vn 0.9993 0.0363 0.0067
vn 0.9996 0.0282 0.0056
vn 0.9995 0.0305 0.0019
vn -0.2576 -0.9374 0.2344
vn 0.5999 0.3757 -0.7064
vn 0.6096 0.3904 -0.6900
vn 0.5969 0.3498 -0.7220
vn 0.2346 0.5661 -0.7903
vn -0.0507 0.8560 -0.5146
vn 0.0010 0.8789 -0.4771
vn -0.0096 0.8716 -0.4901
vn -0.1617 0.9867 0.0187
vn 0.6112 0.7877 -0.0767
vn -0.9980 0.0432 0.0457
vn -0.9996 0.0229 0.0170
vn -0.9977 0.0549 0.0406
vn 0.0065 0.5244 -0.8514
vn -0.3134 0.8696 -0.3816
vn 0.6128 0.7100 -0.3469
vn 0.0872 0.8641 -0.4958
vn 0.1629 -0.9853 -0.0518
vn 0.1628 -0.9852 -0.0530
vn 0.1622 -0.9853 -0.0539
vn -0.0886 -0.9944 0.0577
vn -0.0895 -0.9943 0.0579
vn -0.0894 -0.9943 0.0579
vn -0.0564 -0.9983 0.0131
vn -0.0501 -0.9987 0.0120
vn -0.0608 -0.9981 0.0097
vn 0.6463 -0.0462 -0.7617
vn 0.9885 -0.1402 -0.0568
vn 0.9878 -0.1466 -0.0533
vn 0.9877 -0.1439 -0.0606
vn 0.6847 -0.6242 -0.3763
vn -0.0212 -0.9998 0.0060
vn -0.0210 -0.9998 0.0063
vn -0.0213 -0.9998 0.0059
vn -0.0427 -0.9933 -0.1076
vn -0.0448 -0.9935 -0.1043
vn -0.0426 -0.9930 -0.1104
vn -0.1162 -0.9930 -0.0228
vn -0.1152 -0.9923 -0.0449
vn -0.1175 -0.9930 -0.0111
vn 1.0000 -0.0014 0.0036
vn 1.0000 -0.0014 0.0039
vn 1.0000 -0.0014 0.0037
vn 0.0292 -0.9979 0.0576
vn 0.0267 -0.9986 0.0464
vn 0.0282 -0.9979 0.0575
vn -0.0271 -0.9549 0.2958
vn -0.0354 -0.9574 0.2867
vn -0.0349 -0.9551 0.2942
vn 0.2249 -0.9673 0.1173
vn 0.1365 -0.9906 0.0025
vn 0.0445 -0.9961 -0.0761
vn 0.0422 -0.9747 -0.2196
vn -0.0669 -0.9836 -0.1673
vn -0.1124 -0.9838 0.1396
vn -0.1506 -0.9852 -0.0820
vn -0.0208 -0.0731 0.9971
vn -0.0264 -0.0768 0.9967
vn -0.0241 -0.0656 0.9976
vn 0.2443 0.7401 -0.6265
vn -0.7357 0.2804 -0.6166
vn 0.0041 0.9999 0.0153
vn 0.0033 0.9999 0.0146
vn 0.0030 0.9999 0.0139
vn -0.9994 0.0050 -0.0334
vn -0.9994 0.0066 -0.0333
vn -0.9994 0.0062 -0.0333
vn -0.0087 0.9999 -0.0068
vn 0.0121 0.9999 0.0009
vn 0.0095 0.9990 0.0426
vn -0.9999 -0.0083 -0.0125
vn -0.9999 -0.0079 -0.0110
vn -0.9999 -0.0083 -0.0133
vn 0.1495 -0.9872 0.0561
vn 0.1502 -0.9871 0.0559
vn 0.1479 -0.9874 0.0560
vn -0.0199 -0.9997 0.0106
vn -0.0346 -0.9994 0.0012
vn -0.0281 -0.9980 -0.0567
vn 0.2006 -0.9765 0.0784
vn 0.1996 -0.9764 0.0820
vn 0.2007 -0.9764 0.0795
vn -0.9220 0.0205 0.3867
vn -0.1574 0.9846 0.0756
vn -0.8559 0.4534 -0.2488
vn -0.8559 0.4534 -0.2489
vn -0.8503 0.4687 -0.2392
vn -0.9993 0.0360 -0.0023
vn -0.9998 0.0189 0.0025
vn -0.9990 0.0438 -0.0112
vn 0.6797 0.0292 -0.7329
vn 0.7542 0.0611 -0.6538
vn 0.3045 -0.3702 -0.8776
vn 0.9916 0.0414 -0.1225
vn 0.9989 -0.0088 -0.0467
vn 0.9985 -0.0071 -0.0536
vn 0.9985 -0.0073 -0.0538
vn -0.2860 -0.9381 0.1954
vn -0.0432 -0.6064 -0.7940
vn -0.8704 0.0481 -0.4900
vn -0.9937 -0.1106 0.0162
vn -0.5531 -0.0927 -0.8279
vn 0.1869 -0.2930 -0.9377
vn -0.8172 0.3089 0.4865
vn 0.2353 0.9273 0.2912
vn -0.7817 0.5757 0.2398
vn -0.9984 0.0553 0.0107
vn -0.9982 0.0565 0.0178
vn -0.9985 0.0546 0.0109
vn -0.9784 -0.1900 -0.0818
vn 0.9928 0.1192 -0.0104
vn 0.9931 0.1174 -0.0077
vn 0.9939 0.1094 -0.0104
vn 0.8273 -0.5580 0.0651
vn 0.8257 -0.5604 0.0653
vn 0.8262 -0.5576 0.0804
vn 0.9944 0.0990 0.0379
vn 0.9944 0.0982 0.0381
vn 0.9945 0.0979 0.0381
vn -0.0429 0.9988 -0.0229
vn -0.0129 0.6574 0.7535
vn -0.9972 -0.0711 -0.0234
vn -0.9968 -0.0771 -0.0187
vn -0.9969 -0.0737 -0.0267
vn -0.9988 -0.0030 0.0485
vn -0.9990 0.0256 0.0376
vn -0.9989 0.0245 0.0393
vn -0.4164 0.1476 0.8971
vn -0.4072 0.1527 0.9005
vn -0.4073 0.1528 0.9004
vn 0.3154 -0.8994 0.3027
vn -0.5114 0.2479 0.8228
vn -0.8378 -0.3885 0.3836
vn -0.3995 0.5622 0.7241
vn -0.2360 0.8722 0.4284
vn -0.1665 -0.9859 -0.0181
vn -0.1642 -0.9863 -0.0178
vn -0.1618 -0.9865 -0.0253
vn -0.0241 -0.9995 -0.0196
vn -0.0327 -0.9994 -0.0128
vn -0.0322 -0.9993 -0.0212
vn 0.9960 -0.0883 0.0146
vn 0.9966 -0.0799 0.0180
vn 0.9956 -0.0914 0.0209
vn 0.9860 -0.1505 -0.0724
vn 0.6476 0.7244 0.2362
vn 0.9836 -0.1215 -0.1332
vn 0.7909 0.3591 -0.4955
vn -0.0174 -0.9998 -0.0135
vn -0.0133 -0.9999 -0.0077
vn -0.0064 -0.9999 -0.0109
vn 0.4451 -0.8955 0.0008
vn 0.4467 -0.8947 0.0027
vn 0.4465 -0.8948 0.0021
vn 0.6840 0.7226 0.1000
vn 0.6835 0.7220 0.1076
vn 0.6831 0.7223 0.1079
vn 0.9895 0.0268 -0.1419
vn 0.2263 -0.9740 0.0055
vn -0.0017 -0.9998 0.0199
vn 0.0049 -0.9999 0.0166
vn 0.0010 -0.9998 0.0209
vn -0.0053 -0.9994 0.0351
vn -0.0026 -0.9994 0.0345
vn -0.0069 -0.9994 0.0345
vn 0.0205 0.9996 -0.0171
vn 0.4440 0.1431 0.8845
vn 0.7965 -0.1275 0.5911
vn -0.0916 -0.9919 -0.0883
vn -0.0970 -0.9908 -0.0941
vn -0.5806 -0.1748 0.7952
vn -0.2422 0.8753 0.4186
vn -0.1733 0.7624 0.6234
vn -0.2505 0.4475 0.8585
vn 0.1863 -0.9823 -0.0188
vn -0.4908 -0.0162 0.8711
vn -0.1559 -0.4203 0.8939
vn 0.3553 -0.9141 0.1954
vn -0.9949 0.0459 -0.0903
vn -0.9948 0.0470 -0.0902
vn -0.9945 0.0529 -0.0905
vn 0.4871 -0.2708 -0.8303
vn -0.2014 -0.8684 -0.4531
vn 0.3207 0.0458 -0.9461
vn 0.1813 0.6313 -0.7540
vn 0.9013 -0.0680 -0.4278
vn 0.0478 -0.8671 -0.4959
vn 0.9272 -0.0016 0.3746
vn 0.9241 0.0028 0.3821
vn 0.9167 -0.0027 0.3996
vn 0.9603 -0.0270 0.2775
vn 0.7695 0.4953 0.4032
vn 0.7596 0.6465 -0.0714
vn 0.2910 0.7136 -0.6373
vn 0.5469 0.5982 -0.5857
vn 0.0844 -0.2955 -0.9516
vn 0.4497 -0.7515 0.4827
vn 0.2789 -0.8986 -0.3387
vn 0.0416 0.0079 -0.9991
vn 0.0452 0.0095 -0.9989
vn 0.0440 0.0139 -0.9989
vn 0.5983 0.0283 -0.8007
vn 0.9915 -0.0013 -0.1304
vn 0.9877 -0.0213 -0.1547
vn 0.9904 -0.0005 -0.1383
vn 0.9957 0.0032 -0.0928
vn 0.9963 0.0003 -0.0864
vn 0.9964 0.0079 -0.0847
vn -0.4024 0.0158 0.9153
vn -0.3959 0.0135 0.9182
vn -0.3961 0.0132 0.9181
vn -0.4458 0.0878 0.8908
vn 0.0698 -0.9970 0.0332
vn -0.0356 -0.9994 -0.0016
vn -0.0350 -0.9994 -0.0017
vn -0.0359 -0.9994 -0.0016
vn 0.1123 -0.9911 0.0712
vn -0.3059 0.6648 0.6815
vn 0.3582 0.4359 0.8256
vn -0.2740 0.3087 0.9108
vn -0.3908 0.0643 0.9182
vn -0.3918 -0.1022 0.9144
vn -0.2782 -0.0944 0.9559
vn 0.0160 -0.8276 0.5611
vn 0.0190 -0.8249 0.5650
vn -0.0021 -0.8290 0.5593
vn -0.8505 0.2975 0.4337
vn -0.7313 0.5561 -0.3950
vn -0.6881 -0.0599 0.7231
vn 0.9878 0.0680 0.1401
vn 0.6357 -0.7152 -0.2903
vn 0.8835 -0.0636 0.4641
vn 0.9998 -0.0131 0.0171
vn 0.9998 -0.0068 0.0188
vn 0.9998 -0.0066 0.0186
vn 0.9999 0.0013 0.0114
vn 0.9999 0.0014 0.0114
vn 0.1831 0.9821 -0.0433
vn -0.9998 0.0173 0.0030
vn -1.0000 0.0094 -0.0000
vn -1.0000 0.0087 0.0013
vn 0.0924 0.2396 0.9665
vn 0.5988 0.0720 0.7977
vn -0.0341 -0.2783 0.9599
vn -0.0284 -0.3064 0.9515
vn -0.0483 -0.2849 0.9573
vn 0.9930 0.0793 -0.0874
vn 0.9988 -0.0283 0.0392
vn 0.9292 -0.3461 -0.1297
vn 0.3338 -0.5235 0.7839
vn 0.3586 -0.5022 0.7869
vn 0.3623 -0.5186 0.7745
vn 0.8249 0.3100 0.4726
vn 0.9980 -0.0408 -0.0487
vn 0.9977 -0.0438 -0.0513
vn 0.9978 -0.0339 -0.0562
vn 0.7272 0.0549 0.6842
vn 0.4591 -0.0653 0.8860
vn 0.5629 -0.5101 0.6503
vn 0.2085 -0.3524 0.9123
vn -0.3899 -0.3433 0.8545
vn -0.9473 -0.3121 0.0718
vn 0.8648 -0.1662 0.4738
vn 0.4732 -0.8443 0.2516
vn 0.4613 -0.8535 0.2424
vn 0.4737 -0.8441 0.2511
vn 0.5275 -0.7784 0.3404
vn 0.5039 -0.8028 0.3187
vn 0.5337 -0.7772 0.3335
vn 0.9997 -0.0188 -0.0148
vn 0.9997 -0.0187 -0.0146
vn 0.9997 -0.0195 -0.0152
vn 0.9987 0.0243 0.0441
vn 0.9981 0.0306 0.0530
vn 0.9984 0.0310 0.0463
vn -0.9954 0.0417 0.0867
vn -0.9955 0.0219 0.0918
vn -0.9958 0.0192 0.0891
vn 0.4927 -0.0034 0.8702
vn 0.4960 -0.0043 0.8683
vn 0.4119 -0.2317 -0.8813
vn 0.6447 -0.2076 -0.7357
vn 0.7724 -0.0168 -0.6350
vn 0.4917 -0.1141 -0.8632
vn -0.9999 0.0084 -0.0141
vn -0.9999 0.0094 -0.0135
vn -0.9999 0.0107 -0.0121
vn 0.9989 0.0154 0.0439
vn 0.9988 0.0195 0.0457
vn 0.9989 0.0235 0.0414
vn 0.6384 -0.7673 0.0603
vn 0.8313 -0.5031 0.2365
vn 0.9104 -0.2559 0.3251
vn 0.8060 0.1327 -0.5768
vn 0.7837 0.1106 -0.6112
vn 0.8032 0.1270 -0.5821
vn 0.9996 0.0218 -0.0150
vn 0.7843 0.1273 -0.6071
vn 0.4721 0.1542 -0.8680
vn -0.9583 0.0188 -0.2852
vn 0.9499 0.1355 0.2817
vn 0.9505 0.1358 0.2794
vn 0.9517 0.1388 0.2740
vn 0.9100 -0.2035 0.3613
vn -0.0616 -0.0626 -0.9961
vn -0.0538 -0.0610 -0.9967
vn -0.0613 -0.0619 -0.9962
vn -0.0934 -0.8439 -0.5283
vn 0.2727 -0.3859 -0.8813
vn 0.2199 -0.6343 -0.7412
vn 0.9664 -0.1362 -0.2180
vn 0.7483 -0.3652 -0.5538
vn 0.2948 -0.4813 -0.8255
vn 0.3771 -0.8878 -0.2638
vn 0.4713 -0.7465 -0.4696
vn 0.7905 -0.5359 -0.2966
vn 0.6147 0.7642 -0.1954
vn 0.6317 0.2788 -0.7234
vn 0.0402 0.7368 -0.6749
vn 0.2740 0.2392 -0.9315
vn 0.2999 0.2471 -0.9214
vn 0.2703 0.2463 -0.9307
vn 0.9982 0.0057 -0.0589
vn 0.9982 0.0060 -0.0597
vn 0.9983 0.0054 -0.0585
vn -0.9616 0.0760 -0.2639
vn -0.9654 0.0748 -0.2497
vn -0.9712 0.0532 -0.2323
vn -0.9927 0.1027 -0.0625
vn -0.9906 0.1104 -0.0808
vn -0.9929 0.0958 -0.0710
vn 0.9375 -0.3127 -0.1529
vn -0.3814 -0.8753 0.2975
vn 0.1489 -0.3806 0.9127
vn -0.9973 0.0716 0.0137
vn -0.9978 0.0578 0.0329
vn -0.9972 0.0654 0.0370
vn -0.7230 0.2001 0.6612
vn -0.9861 -0.0502 0.1587
vn -0.6917 -0.3996 0.6016
vn -0.0333 0.1922 -0.9808
vn 0.1224 -0.9135 -0.3880
vn 0.1222 -0.9142 -0.3864
vn 0.1222 -0.9142 -0.3865
vn 0.1084 0.2834 0.9529
vn -0.3118 -0.5384 0.7828
vn -0.4006 0.7579 -0.5150
vn 0.1832 0.3776 0.9077
vn -0.7129 -0.0030 0.7013
vn 0.8435 -0.3569 -0.4014
vn 1.0000 0.0023 0.0009
vn -0.4228 0.0532 0.9046
vn -0.2090 -0.1071 0.9720
vn 0.7902 -0.0247 0.6123
vn 0.0805 -0.3813 0.9209
vn 0.9999 0.0126 -0.0052
vn -0.3125 -0.1518 0.9377
vn 0.6827 -0.7226 0.1088
vn -0.0601 0.1699 -0.9836
vn -0.0408 0.1463 -0.9884
vn -0.0476 0.1464 -0.9881
vn -0.9995 -0.0134 -0.0282
vn -0.9993 -0.0342 -0.0180
vn -0.9992 -0.0214 -0.0338
vn -0.1024 0.4400 0.8922
vn 0.9854 0.0418 -0.1649
vn 0.9886 0.0124 -0.1501
vn 0.9861 0.0474 -0.1590
vn -0.9854 -0.0769 0.1518
vn -0.9858 -0.0285 -0.1653
vn -0.9863 -0.0356 -0.1609
vn -0.9856 -0.0298 -0.1664
vn -0.9493 -0.2234 -0.2210
vn -0.9506 -0.2183 -0.2208
vn -0.9464 -0.2273 -0.2293
vn 0.4623 -0.3468 -0.8161
vn 0.9993 0.0373 0.0015
vn 0.8930 -0.4472 -0.0504
vn 0.0165 0.1399 -0.9900
vn -0.1753 -0.9844 0.0151
vn -0.1782 -0.9840 0.0046
vn -0.1791 -0.9838 0.0050
vn -0.0572 -0.9973 -0.0462
vn -0.0553 -0.9973 -0.0493
vn -0.0570 -0.9973 -0.0473
vn -0.0235 -0.9976 -0.0656
vn -0.0344 -0.9972 -0.0669
vn -0.0302 -0.9977 -0.0614
vn 0.9886 -0.1220 0.0881
vn 0.9982 0.0599 -0.0037
vn 0.9675 -0.2525 -0.0145
vn -0.1600 -0.0687 -0.9847
vn -0.2472 -0.9583 -0.1431
vn -0.2746 -0.9423 -0.1916
vn -0.2484 -0.9580 -0.1430
vn -0.0039 -0.0249 -0.9997
vn -0.0039 -0.0246 -0.9997
vn -0.0036 -0.0240 -0.9997
vn -0.0200 -0.0041 -0.9998
vn -0.0174 -0.0115 -0.9998
vn -0.0168 -0.0113 -0.9998
vn -0.5123 0.0331 -0.8582
vn -0.1475 -0.0796 -0.9858
vn 1.0000 -0.0011 -0.0006
vn 1.0000 -0.0011 -0.0003
vn 1.0000 -0.0012 -0.0000
vn 0.2413 0.8750 0.4198
vn -0.2375 0.9362 0.2591
vn -0.5234 0.8520 0.0119
vn -0.9111 0.2809 -0.3017
vn -0.8044 -0.5054 -0.3121
vn -0.5538 -0.6933 -0.4613
vn -0.5413 -0.8052 -0.2421
vn -0.5609 -0.3621 -0.7445
vn 0.6400 -0.6687 0.3785
vn 0.6395 -0.6760 0.3661
vn 0.6561 -0.6628 0.3609
vn -0.3218 -0.3587 0.8763
vn 0.0347 -0.9935 0.1083
vn 0.0329 -0.9937 0.1076
vn 0.0352 -0.9934 0.1090
vn -0.0658 0.9978 -0.0047
vn -0.1643 0.0129 -0.9863
vn -0.9943 0.0576 -0.0894
vn -0.9937 0.0519 -0.0990
vn -0.9940 0.0656 -0.0879
vn -0.5893 0.8013 0.1034
vn 0.1401 -0.9894 0.0384
vn 0.1380 -0.9896 0.0394
vn 0.1374 -0.9897 0.0403
vn 0.9998 0.0024 0.0201
vn 0.9998 0.0041 0.0205
vn 0.9998 0.0010 0.0203
vn 0.0349 0.9965 0.0765
vn 0.0555 0.9980 -0.0315
vn 0.0241 0.9995 0.0215
vn -1.0000 0.0022 -0.0086
vn 0.9998 -0.0213 -0.0038
vn 0.9999 -0.0051 -0.0138
vn 0.9970 -0.0562 -0.0526
vn 0.9968 -0.0634 -0.0493
vn 0.0261 -0.9994 -0.0219
vn 0.0278 -0.9995 -0.0174
vn 0.0317 -0.9995 -0.0013
vn 0.0921 -0.9957 0.0005
vn 0.0935 -0.9956 0.0003
vn 0.0931 -0.9957 0.0004
vn 0.0887 -0.2689 -0.9591
vn 0.1122 0.0139 -0.9936
vn 0.0957 0.0096 -0.9954
vn 0.0873 -0.0198 -0.9960
vn 0.1026 -0.0142 -0.9946
vn 0.9945 0.0423 0.0954
vn 0.9878 -0.0167 0.1546
vn 0.9998 -0.0209 0.0020
vn 0.9766 -0.0033 -0.2149
vn 0.9979 0.0591 0.0278
vn 0.3433 -0.8490 -0.4016
vn 0.2664 -0.8756 -0.4029
vn 0.2903 -0.8556 -0.4285
vn 0.9648 0.0789 0.2510
vn 1.0000 -0.0061 -0.0057
vn 0.9988 -0.0110 -0.0479
vn 0.9986 -0.0276 -0.0460
vn 0.9983 -0.0319 -0.0494
vn -0.0177 -0.0064 0.9998
vn -0.0194 0.0010 0.9998
vn -0.2025 -0.6870 -0.6979
vn -0.1046 -0.9828 -0.1521
vn 0.2223 -0.9368 -0.2702
vn 0.1581 -0.9207 -0.3570
vn -0.1487 -0.8276 -0.5413
vn 0.2044 -0.8854 0.4175
vn 0.3126 -0.7388 -0.5971
vn 0.3723 -0.7483 0.5491
vn 0.3722 -0.7486 0.5487
vn 0.3723 -0.7483 0.5490
vn 0.0681 -0.9976 0.0109
vn 0.0679 -0.9976 0.0105
vn 0.0680 -0.9976 0.0111
vn -0.0470 -0.9987 -0.0175
vn -0.0466 -0.9987 -0.0184
vn -0.0461 -0.9988 -0.0190
vn -0.0236 -0.9595 0.2807
vn 0.8602 0.1688 0.4812
vn -0.7151 -0.6686 -0.2038
vn 0.7914 -0.0710 0.6071
vn -0.9114 -0.4111 -0.0174
vn -0.9084 -0.4172 -0.0292
vn -0.9149 -0.4029 -0.0255
vn -0.0111 0.9999 0.0129
vn -0.0115 0.9998 0.0137
vn -0.0131 0.9998 0.0148
vn 0.1417 0.9695 -0.2001
vn -0.9964 -0.0073 0.0843
vn 0.1044 0.9889 0.1061
vn -0.0429 0.7186 0.6941
vn 0.1356 0.9908 0.0031
vn 0.1332 0.9911 0.0043
vn 0.1359 0.9907 0.0027
vn -0.0047 0.0096 0.9999
vn -0.0041 0.6808 0.7325
vn 0.0131 0.0112 0.9999
vn 0.0120 0.0112 0.9999
vn 0.0081 0.0153 0.9998
vn -0.0196 0.9997 0.0129
vn -0.0214 0.9996 0.0209
vn -0.0206 0.9996 0.0210
vn -0.1228 0.9917 0.0387
vn 0.0183 0.0330 0.9993
vn 0.0170 0.0333 0.9993
vn 0.0208 0.0311 0.9993
vn 0.9947 0.0221 -0.1003
vn 0.9939 0.0173 -0.1090
vn 0.9951 0.0361 -0.0917
vn -0.4736 -0.2547 -0.8431
vn 0.0063 -0.2453 -0.9694
vn -0.9645 -0.1190 -0.2357
vn -0.1271 -0.4359 -0.8910
vn -0.2340 -0.8298 -0.5066
vn -0.9995 -0.0037 -0.0329
vn -0.9997 -0.0005 -0.0237
vn -0.9994 0.0085 -0.0350
vn -0.9999 0.0094 0.0036
vn -0.9998 0.0118 0.0184
vn -1.0000 -0.0045 -0.0067
vn -1.0000 -0.0085 0.0040
vn -1.0000 -0.0083 0.0028
vn -0.9999 -0.0011 0.0125
vn -0.9392 -0.0686 0.3363
vn -0.9998 -0.0189 -0.0052
vn -0.2800 0.7439 0.6068
vn 0.0420 -0.9972 0.0623
vn 0.0338 -0.9971 0.0679
vn 0.0456 -0.9966 0.0690
vn -0.9383 -0.2617 0.2260
vn -0.5149 0.2353 0.8243
vn -0.3438 -0.6854 0.6419
vn -0.0321 -0.1085 0.9936
vn -0.0902 -0.9959 0.0021
vn -0.1016 -0.9948 0.0052
vn -0.1081 -0.9941 0.0009
vn 1.0000 0.0068 0.0052
vn 0.9997 0.0175 0.0169
vn 1.0000 0.0026 -0.0015
vn 1.0000 0.0066 -0.0070
vn -0.1016 0.9738 -0.2035
vn -0.1111 0.0850 0.9902
vn -0.1108 0.0809 0.9905
vn -0.1073 0.0785 0.9911
vn -0.0364 -0.9988 -0.0335
vn -0.0363 -0.9988 -0.0337
vn -0.0363 -0.9988 -0.0336
vn 0.0567 -0.9943 0.0901
vn 0.1224 -0.9333 0.3375
vn 0.0018 -0.9985 0.0547
vn -0.0121 -0.0750 0.9971
vn -0.0129 -0.0736 0.9972
vn -0.0120 -0.0757 0.9971
vn 0.0101 -0.1440 0.9895
vn 0.0172 -0.1456 0.9892
vn 0.0133 -0.1545 0.9879
vn -0.1385 -0.7113 0.6892
vn -0.0655 -0.3804 0.9225
vn -0.0917 -0.0276 0.9954
vn 0.0299 -0.3277 -0.9443
vn 0.8438 0.4639 -0.2698
vn 0.7344 -0.2921 -0.6127
vn 0.1156 -0.1964 -0.9737
vn 0.7028 -0.1283 -0.6997
vn 0.9466 0.0953 -0.3079
vn 0.4852 0.1317 -0.8644
vn -0.2883 0.1222 -0.9497
vn -0.4154 -0.3080 -0.8559
vn -0.8281 0.0188 0.5603
vn -0.6655 -0.6900 -0.2845
vn -0.6500 -0.7118 0.2661
vn -0.6356 -0.7231 0.2705
vn -0.6487 -0.7128 0.2668
vn -0.0568 -0.9980 0.0261
vn -0.0564 -0.9981 0.0261
vn -0.0562 -0.9981 0.0260
vn -0.1072 -0.9938 -0.0311
vn -0.0981 -0.9942 -0.0439
vn -0.1135 -0.9929 -0.0359
vn 0.2960 -0.9414 -0.1615
vn 0.3130 -0.9327 -0.1793
vn 0.0532 -0.9026 -0.4271
vn 0.9999 0.0096 -0.0110
vn 0.9999 0.0093 -0.0113
vn 0.9999 0.0089 -0.0120
vn 0.9911 0.0660 0.1152
vn 0.9903 0.0849 0.1103
vn 0.9912 0.0781 0.1065
vn 0.3648 -0.8960 0.2531
vn 0.4531 -0.3142 0.8342
vn 0.0383 0.4105 -0.9111
vn 0.6149 -0.1933 0.7646
vn 0.5401 0.8410 -0.0318
vn 0.0213 0.9998 -0.0022
vn 0.9073 -0.2996 -0.2951
vn 0.5889 -0.5180 -0.6204
vn 0.8721 -0.0388 -0.4878
vn -0.5492 0.4872 -0.6790
vn -0.1747 0.9842 0.0300
vn 0.0038 0.0012 1.0000
vn -0.0133 0.0095 0.9999
vn 0.0113 0.0023 0.9999
vn 0.0419 0.0056 0.9991
vn 0.0343 0.0115 0.9993
vn 0.0484 0.0092 0.9988
vn 0.3557 -0.1698 0.9191
vn 0.3330 -0.2023 0.9210
vn 0.3535 -0.1303 0.9263
vn 0.1472 -0.6024 -0.7845
vn -0.5888 -0.2229 -0.7769
vn -0.3671 -0.8928 -0.2611
vn -0.2290 -0.9681 -0.1018
vn -0.2388 -0.9668 -0.0905
vn -0.2466 -0.9648 -0.0917
vn 0.0500 -0.9878 0.1477
vn -0.2148 -0.2956 -0.9309
vn -0.0450 -0.9984 -0.0328
vn -0.5233 -0.5585 -0.6437
vn -0.1710 -0.9760 -0.1350
vn 0.0122 -0.0230 -0.9997
vn 0.9994 -0.0285 -0.0218
vn 0.9995 -0.0282 -0.0143
vn 0.9995 -0.0284 -0.0143
vn 0.9828 0.1115 -0.1472
vn -0.6375 -0.1136 -0.7620
vn -0.4591 -0.1427 -0.8768
vn -0.2675 -0.8677 -0.4189
vn -0.4955 -0.5789 -0.6476
vn -0.0258 -0.0827 -0.9962
vn -0.0187 -0.0736 -0.9971
vn -0.0271 -0.0747 -0.9968
vn -0.9988 0.0474 0.0109
vn -0.9991 0.0404 0.0106
vn -0.9987 0.0512 0.0059
vn -0.0129 0.9999 0.0091
vn 0.6956 0.7177 -0.0321
vn 0.3206 0.9471 0.0126
vn -0.9309 0.0555 -0.3610
vn -0.9352 0.0475 -0.3510
vn -0.9354 0.0518 -0.3499
vn -0.9960 0.0202 -0.0873
vn -0.9960 0.0199 -0.0871
vn -0.9968 0.0185 -0.0776
vn -0.9963 -0.0022 -0.0863
vn -0.9963 0.0067 -0.0860
vn -0.9971 -0.0070 -0.0754
vn -0.9979 0.0253 -0.0592
vn -0.9978 0.0328 -0.0573
vn -0.9983 0.0254 -0.0517
vn 0.9995 0.0314 0.0038
vn 0.9908 0.0699 -0.1161
vn 0.9913 0.0805 -0.1038
vn 0.9914 0.0804 -0.1034
vn -0.9981 -0.0554 -0.0279
vn -0.9979 -0.0608 -0.0213
vn -0.9974 -0.0665 -0.0290
vn -0.9874 0.1261 -0.0952
vn -0.9870 0.1245 -0.1017
vn -0.9913 0.0949 -0.0913
vn -0.2144 -0.1007 -0.9716
vn 0.9999 -0.0097 -0.0085
vn 0.9999 -0.0097 -0.0091
vn 0.9999 -0.0097 -0.0093
vn 0.0039 0.9994 0.0330
vn -0.0804 -0.9958 -0.0437
vn -0.0840 -0.9958 -0.0366
vn -0.0745 -0.9964 -0.0413
vn -0.1313 -0.9846 -0.1155
vn -0.1409 -0.9784 -0.1511
vn -0.1456 -0.9818 -0.1221
vn 0.0333 -0.9935 0.1093
vn -0.0805 -0.9777 -0.1941
vn 0.6891 -0.6971 -0.1981
vn 0.0089 -0.9998 -0.0188
vn 0.0133 -0.9998 -0.0138
vn 0.0074 -0.9998 -0.0186
vn -0.1497 -0.9848 0.0884
vn -0.1389 -0.9855 0.0973
vn -0.1589 -0.9842 0.0779
vn -0.9786 0.2055 -0.0095
vn -0.9772 0.2117 -0.0182
vn -0.9772 0.2122 -0.0111
vn 0.9921 0.1234 -0.0243
vn 0.9899 0.1385 -0.0303
vn 0.9910 0.1314 -0.0263
vn -0.0004 0.9989 0.0459
vn 0.9962 -0.0644 -0.0590
vn 0.9961 -0.0552 -0.0694
vn 0.9977 -0.0406 -0.0542
vn 0.0068 0.9968 -0.0794
vn 0.0023 -0.0007 1.0000
vn 0.0058 0.9973 0.0732
vn -0.9929 0.1155 -0.0278
vn -0.9953 0.0937 -0.0240
vn -0.9938 0.1078 -0.0258
vn 0.0723 -0.9965 -0.0423
vn 0.0736 -0.9964 -0.0426
vn 0.0730 -0.9964 -0.0424
vn -0.0052 -0.0057 1.0000
vn -0.0792 -0.9968 0.0065
vn -0.0116 0.0163 0.9998
vn -0.0154 0.0091 0.9998
vn -0.0003 -0.0023 1.0000
vn 0.0005 -0.0032 1.0000
vn 0.0081 -0.0046 1.0000
vn 0.2238 -0.9569 -0.1850
vn 0.1155 -0.9149 -0.3868
vn -0.3259 -0.8272 -0.4577
vn 0.2993 -0.9171 0.2633
vn 0.0981 -0.4407 -0.8923
vn -0.0007 -1.0000 -0.0000
vn -0.0482 -0.9967 -0.0646
vn -0.2912 -0.9546 -0.0628
vn -0.6546 -0.7538 0.0584
vn -1.0000 -0.0023 0.0021
vn -1.0000 0.0083 -0.0023
vn -1.0000 0.0057 -0.0060
vn -1.0000 0.0084 -0.0020
vn 0.0125 -0.0015 -0.9999
vn 0.0169 -0.0081 -0.9998
vn -0.1742 0.8825 -0.4368
vn 0.0084 -0.9595 0.2814
vn -0.0345 -0.9620 0.2707
vn -0.0017 -0.9579 0.2871
vn -0.0106 -0.9622 0.2720
vn 0.0066 -0.9615 0.2748
vn -0.0193 -0.9642 0.2644
vn -0.7742 0.2781 -0.5686
vn -0.1107 -0.9939 -0.0016
vn -0.1057 -0.9944 0.0041
vn -0.1151 -0.9932 -0.0186
vn 0.0028 -0.9530 -0.3029
vn -0.0129 -0.9156 -0.4018
vn 0.0245 -0.9140 -0.4050
vn 0.0068 -0.9248 -0.3805
vn 0.0036 -0.9086 -0.4176
vn -0.0138 -0.9228 -0.3851
vn 0.1263 -0.7918 -0.5976
vn 0.0759 0.1123 -0.9908
vn -0.1966 0.2762 -0.9408
vn -0.1898 0.2759 -0.9423
vn -0.1893 0.2790 -0.9414
vn 0.0025 -0.0036 -1.0000
vn 0.0024 -0.0038 -1.0000
vn 0.0026 -0.0035 -1.0000
vn -0.0096 0.0045 0.9999
vn -0.2869 0.7200 0.6319
vn -0.0269 0.9823 0.1853
vn 0.0917 0.9645 -0.2478
vn -0.0131 0.9990 0.0438
vn -0.9782 0.2065 0.0221
vn -0.9800 0.1989 -0.0003
vn -0.9819 0.1891 -0.0080
vn 0.9051 0.4251 0.0083
vn 0.9119 0.4101 0.0155
vn 0.9048 0.4254 0.0195
vn 0.4834 0.7467 -0.4570
vn 0.0096 0.0168 0.9998
vn 0.3063 0.5879 -0.7487
vn 0.0671 0.9874 -0.1436
vn -0.2837 0.9388 -0.1956
vn -0.1894 0.6525 -0.7338
vn -0.1886 0.6613 -0.7260
vn -0.1894 0.6538 -0.7325
vn -0.9966 0.0781 -0.0264
vn 1.0000 0.0005 -0.0035
vn 0.0488 0.9988 -0.0019
vn -0.0176 0.9998 0.0137
vn -0.0020 -0.0030 1.0000
vn -0.0006 -0.0107 0.9999
vn -0.0026 -0.0064 -1.0000
vn -0.0914 -0.9952 0.0348
vn -0.0577 -0.9979 -0.0287
vn 1.0000 0.0011 0.0016
vn 1.0000 -0.0065 0.0037
vn 1.0000 -0.0067 0.0029
vn 0.9999 -0.0116 -0.0063
vn -0.0100 -0.0015 -0.9999
vn 0.0007 -0.5199 -0.8542
vn 0.0110 0.7098 -0.7043
vn -0.0686 0.7013 -0.7095
vn 0.0387 -0.9992 -0.0018
vn 0.0386 -0.9993 -0.0018
vn 0.0075 -0.9999 0.0113
vn 0.0058 -0.9998 0.0169
vn 0.0055 -0.9999 0.0087
vn -0.0408 -0.5775 -0.8154
vn 0.0005 -0.9999 0.0114
vn -0.0118 -0.9999 0.0055
vn -0.0120 -0.9999 0.0056
vn -0.0108 -0.9999 0.0056
vn -0.0365 -0.9993 -0.0048
vn -0.0363 -0.9993 -0.0053
vn -0.0275 -0.9996 -0.0064
vn 0.9998 -0.0021 0.0173
vn 0.9999 0.0032 0.0114
vn 0.9998 0.0119 0.0127
vn 0.0378 0.9989 -0.0269
vn -0.0185 0.9998 0.0020
vn 0.0449 0.9989 0.0138
vn -0.2849 0.9313 0.2271
vn -0.0513 0.9987 0.0074
vn -0.2058 -0.9594 -0.1928
vn 0.0141 -0.0043 0.9999
vn -0.1057 0.9705 0.2167
vn -0.1055 0.9706 0.2162
vn -0.0537 0.9932 0.1033
vn 0.0649 0.9976 0.0241
vn -0.3957 0.7234 -0.5658
vn 0.1896 0.7389 -0.6466
vn -0.3169 0.8815 -0.3500
vn -1.0000 -0.0002 0.0028
vn -1.0000 -0.0004 0.0027
vn -1.0000 -0.0000 0.0028
vn -1.0000 0.0020 0.0011
vn 0.0831 0.6430 -0.7613
vn 0.0682 0.6617 -0.7467
vn 0.0536 0.6520 -0.7563
vn -0.0246 0.9993 0.0275
vn -0.0022 -0.0063 1.0000
vn 1.0000 0.0031 0.0006
vn 0.0098 0.0009 1.0000
vn 1.0000 0.0044 0.0013
vn -0.0075 -0.0098 0.9999
vn 0.0236 0.0348 0.9991
vn 0.0656 0.9977 0.0142
vn 0.0400 0.9992 -0.0030
vn 0.0445 0.9989 0.0152
vn -0.0499 0.0892 0.9948
vn -0.9545 0.2962 -0.0346
vn 0.9735 0.2251 0.0413
vn 0.9741 0.2225 0.0397
vn 0.9739 0.2232 0.0399
vn 0.0569 0.1350 -0.9892
vn -0.1307 0.0060 -0.9914
vn 0.0331 0.1123 0.9931
vn 0.0351 0.1134 0.9929
vn 0.0360 0.1144 0.9928
vn 0.6667 0.3237 0.6713
vn -0.0733 0.1408 0.9873
vn -0.9937 0.1084 -0.0293
vt 0.265758 0.664100
vt 0.656313 0.588398
vt 0.653546 0.563375
vt 0.208243 0.460449
vt 0.923419 0.853106
vt 0.339229 0.491253
vt 0.172349 0.808861
vt 0.688930 0.590759
vt 0.268958 0.632936
vt 0.871724 0.502892
vt 0.691160 0.562990
vt 0.241265 0.626992
vt 0.972963 0.215854
vt 0.976807 0.217529
vt 0.984907 0.530698
vt 0.674898 0.820344
vt 0.078609 0.933843
vt 0.922816 0.833042
vt 0.311217 0.492898
vt 0.542650 0.943918
vt 0.677312 0.679617
vt 0.363014 0.604075
vt 0.796143 0.166748
vt 0.063792 0.175739
vt 0.441420 0.846649
vt 0.786861 0.177559
vt 0.628244 0.820157
vt 0.163703 0.664849
vt 0.467649 0.909167
vt 0.351555 0.622567
vt 0.061719 0.180965
vt 0.781470 0.902440
vt 0.673819 0.853227
vt 0.103756 0.934568
vt 0.795224 0.500786
vt 0.038502 0.509666
vt 0.636793 0.677624
vt 0.206816 0.488853
vt 0.202831 0.488804
vt 0.715573 0.647840
vt 0.643441 0.677975
vt 0.205811 0.456787
vt 0.340068 0.505202
vt 0.590556 0.828246
vt 0.629805 0.853291
vt 0.136511 0.657042
vt 0.946507 0.618885
vt 0.794825 0.465325
vt 0.358887 0.653808
vt 0.152343 0.488524
vt 0.846262 0.178241
vt 0.636466 0.703916
vt 0.735239 0.698397
vt 0.341309 0.539073
vt 0.570856 0.835655
vt 0.820198 0.171507
vt 0.309818 0.540041
vt 0.554227 0.929241
vt 0.129880 0.843505
vt 0.677005 0.704104
vt 0.717366 0.710096
vt 0.160501 0.214421
vt 0.166962 0.198513
vt 0.686042 0.557149
vt 0.973145 0.521964
vt 0.978772 0.527117
vt 0.247190 0.664888
vt 0.635887 0.584205
vt 0.851712 0.568318
vt 0.131780 0.647148
vt 0.942554 0.620953
vt 0.314407 0.541484
vt 0.426653 0.860002
vt 0.799957 0.152875
vt 0.240091 0.622858
vt 0.873172 0.502099
vt 0.705503 0.592639
vt 0.987782 0.203171
vt 0.220477 0.015573
vt 0.341382 0.539959
vt 0.570186 0.837421
vt 0.928253 0.834726
vt 0.171480 0.797635
vt 0.926259 0.822223
vt 0.550279 0.942013
vt 0.936554 0.834107
vt 0.204468 0.473711
vt 0.187116 0.813337
vt 0.086051 0.929132
vt 0.132341 0.856141
vt 0.042899 0.533663
vt 0.810713 0.155985
vt 0.649253 0.556684
vt 0.651175 0.672399
vt 0.211720 0.531839
vt 0.632423 0.701316
vt 0.731842 0.672243
vt 0.199934 0.719747
vt 0.184104 0.470464
vt 0.686730 0.549901
vt 0.973161 0.211090
vt 0.232789 0.004760
vt 0.974483 0.522278
vt 0.196788 0.460423
vt 0.611328 0.821287
vt 0.673055 0.813570
vt 0.472233 0.915143
vt 0.074637 0.937543
vt 0.133648 0.875783
vt 0.630195 0.688619
vt 0.629844 0.696238
vt 0.726750 0.666939
vt 0.930953 0.829491
vt 0.339007 0.548365
vt 0.578656 0.841302
vt 0.680314 0.546337
vt 0.765386 0.987063
vt 0.983816 0.524642
vt 0.916992 0.590576
vt 0.764648 0.986572
vt 0.675505 0.549344
vt 0.839891 0.504757
vt 0.990514 0.401144
vt 0.319222 0.551080
vt 0.097226 0.849962
vt 0.093913 0.850774
vt 0.630884 0.684648
vt 0.715709 0.654247
vt 0.139655 0.647018
vt 0.972728 0.212931
vt 0.973392 0.522217
vt 0.977051 0.525391
vt 0.269577 0.667524
vt 0.082668 0.208490
vt 0.160077 0.656337
vt 0.442388 0.855664
vt 0.647917 0.670975
vt 0.204953 0.517630
vt 0.060277 0.161202
vt 0.451153 0.851807
vt 0.467041 0.867188
vt 0.452637 0.856445
vt 0.938132 0.827931
vt 0.185096 0.791143
vt 0.570801 0.943115
vt 0.073371 0.934313
vt 0.134163 0.867659
vt 0.687542 0.533900
vt 0.708588 0.594421
vt 0.971097 0.215088
vt 0.969551 0.207125
vt 0.231127 0.020336
vt 0.942081 0.604552
vt 0.780800 0.976926
vt 0.985840 0.524414
vt 0.686832 0.547964
vt 0.972290 0.210705
vt 0.977031 0.525078
vt 0.140594 0.641292
vt 0.276611 0.646729
vt 0.279297 0.652344
vt 0.277251 0.634456
vt 0.054853 0.203580
vt 0.643688 0.989146
vt 0.840897 0.518871
vt 0.994743 0.410772
vt 0.839827 0.513169
vt 0.274176 0.664909
vt 0.270750 0.629570
vt 0.987742 0.407173
vt 0.862506 0.505994
vt 0.675984 0.549110
vt 0.918365 0.590557
vt 0.763587 0.985667
vt 0.933802 0.821622
vt 0.560416 0.943018
vt 0.628697 0.575785
vt 0.855543 0.556050
vt 0.677227 0.671902
vt 0.685155 0.676700
vt 0.920536 0.544560
vt 0.158281 0.533798
vt 0.151961 0.541859
vt 0.180038 0.180883
vt 0.198433 0.186843
vt 0.447541 0.275641
vt 0.232001 0.606170
vt 0.708666 0.596376
vt 0.950109 0.605178
vt 0.450153 0.858535
vt 0.174585 0.652822
vt 0.171210 0.644780
vt 0.605208 0.976365
vt 0.485478 0.913238
vt 0.274684 0.669161
vt 0.080552 0.207504
vt 0.006619 0.583939
vt 0.003947 0.579790
vt 0.076904 0.207475
vt 0.043917 0.164178
vt 0.774138 0.919351
vt 0.679809 0.544537
vt 0.768196 0.988869
vt 0.238596 0.612879
vt 0.583896 0.842209
vt 0.344069 0.555858
vt 0.074352 0.842034
vt 0.637856 0.672867
vt 0.642258 0.671784
vt 0.199009 0.493366
vt 0.336211 0.551992
vt 0.437579 0.862227
vt 0.156414 0.654493
vt 0.197861 0.455831
vt 0.611935 0.829153
vt 0.634809 0.707627
vt 0.732420 0.685838
vt 0.813966 0.157524
vt 0.272917 0.668197
vt 0.076475 0.206818
vt 0.273193 0.667704
vt 0.007080 0.583496
vt 0.076283 0.207223
vt 0.277033 0.669345
vt 0.006306 0.578960
vt 0.639642 0.998480
vt 0.322410 0.548742
vt 0.645805 0.554101
vt 0.003792 0.413212
vt 0.650614 0.549666
vt 0.914397 0.570697
vt 0.005634 0.415558
vt 0.052751 0.209092
vt 0.016822 0.577925
vt 0.646682 0.993804
vt 0.995585 0.836087
vt 0.996054 0.913922
vt 0.996085 0.835315
vt 0.995417 0.913192
vt 0.673381 0.544244
vt 0.912144 0.589766
vt 0.676235 0.549122
vt 0.763916 0.986084
vt 0.785894 0.501463
vt 0.088866 0.600346
vt 0.025178 0.511401
vt 0.493307 0.875704
vt 0.209936 0.491431
vt 0.713305 0.648329
vt 0.675290 0.546838
vt 0.916079 0.590293
vt 0.764893 0.986816
vt 0.006302 0.582306
vt 0.077396 0.205846
vt 0.077522 0.207146
vt 0.067862 0.200829
vt 0.839495 0.525903
vt 0.996470 0.836799
vt 0.996464 0.914307
vt 0.009887 0.580317
vt 0.070575 0.208049
vt 0.925748 0.592285
vt 0.762804 0.979022
vt 0.326728 0.563230
vt 0.084315 0.844312
vt 0.675537 0.546631
vt 0.765200 0.986241
vt 0.642351 0.557115
vt 0.924109 0.564428
vt 0.641525 0.553197
vt 0.918174 0.569310
vt 0.012133 0.414467
vt 0.708186 0.649248
vt 0.211224 0.495532
vt 0.263772 0.668333
vt 0.004161 0.582741
vt 0.078198 0.200456
vt 0.840737 0.553623
vt 0.838567 0.544697
vt 0.144234 0.458536
vt 0.064346 0.190492
vt 0.845536 0.533142
vt 0.120142 0.870222
vt 0.462041 0.864537
vt 0.559304 0.930178
vt 0.064792 0.147500
vt 0.448313 0.864969
vt 0.113748 0.856080
vt 0.029616 0.533372
vt 0.488883 0.892424
vt 0.813722 0.144999
vt 0.722327 0.677837
vt 0.097213 0.843170
vt 0.932701 0.570593
vt 0.203818 0.505881
vt 0.563760 0.933773
vt 0.143300 0.628411
vt 0.714110 0.699938
vt 0.164058 0.232947
vt 0.154389 0.633667
vt 0.237805 0.605264
vt 0.871840 0.522918
vt 0.307487 0.560365
vt 0.109056 0.844290
vt 0.173753 0.635960
vt 0.460773 0.963005
vt 0.618015 0.965906
vt 0.497208 0.905820
vt 0.091678 0.840234
vt 0.855029 0.521190
vt 0.057269 0.146054
vt 0.444452 0.868749
vt 0.923098 0.577717
vt 0.590192 0.852939
vt 0.077843 0.834316
vt 0.595974 0.848127
vt 0.476722 0.922403
vt 0.123022 0.875282
vt 0.779999 0.923430
vt 0.328136 0.592486
vt 0.982866 0.616617
vt 0.700421 0.660878
vt 0.220535 0.512077
vt 0.894356 0.524186
vt 0.634461 0.558834
vt 0.930207 0.565386
vt 0.188309 0.458115
vt 0.614533 0.829163
vt 0.074300 0.195080
vt 0.840515 0.541688
vt 0.421707 0.870748
vt 0.802101 0.139388
vt 0.720950 0.863266
vt 0.942241 0.817904
vt 0.573101 0.934980
vt 0.856195 0.623293
vt 0.182807 0.465969
vt 0.614868 0.833952
vt 0.202004 0.724908
vt 0.309005 0.769243
vt 0.820285 0.127437
vt 0.118499 0.461319
vt 0.304550 0.865750
vt 0.832748 0.145825
vt 0.174788 0.210405
vt 0.175448 0.200843
vt 0.476005 0.965251
vt 0.151682 0.621247
vt 0.762691 0.455560
vt 0.932972 0.582410
vt 0.562249 0.924803
vt 0.102429 0.814681
vt 0.186212 0.482694
vt 0.200829 0.814506
vt 0.615916 0.839408
vt 0.311100 0.769472
vt 0.939507 0.571048
vt 0.705476 0.676350
vt 0.029784 0.171930
vt 0.133341 0.623007
vt 0.951673 0.652577
vt 0.770827 0.456186
vt 0.935316 0.599239
vt 0.769373 0.969510
vt 0.775626 0.493113
vt 0.023031 0.506582
vt 0.050273 0.147592
vt 0.435048 0.875593
vt 0.725914 0.875282
vt 0.845855 0.543632
vt 0.699327 0.665932
vt 0.899375 0.521665
vt 0.829000 0.146560
vt 0.306510 0.863056
vt 0.235598 0.603848
vt 0.867379 0.529950
vt 0.252520 0.297908
vt 0.396838 0.939005
vt 0.949058 0.598339
vt 0.157820 0.143165
vt 0.008944 0.808751
vt 0.595659 0.858580
vt 0.096418 0.836095
vt 0.851819 0.535426
vt 0.304199 0.865723
vt 0.822565 0.140194
vt 0.239732 0.530053
vt 0.702074 0.672297
vt 0.024897 0.171875
vt 0.719765 0.686157
vt 0.046740 0.149885
vt 0.765331 0.927374
vt 0.723922 0.877399
vt 0.620831 0.966554
vt 0.487297 0.918434
vt 0.232224 0.526272
vt 0.224824 0.523216
vt 0.899669 0.526699
vt 0.016771 0.196293
vt 0.842124 0.548175
vt 0.263543 0.321868
vt 0.611446 0.842815
vt 0.567963 0.929013
vt 0.097358 0.809091
vt 0.840424 0.549090
vt 0.893901 0.980190
vt 0.260755 0.325671
vt 0.272432 0.321803
vt 0.481307 0.017259
vt 0.328073 0.618517
vt 0.168340 0.461093
vt 0.317627 0.596924
vt 0.428874 0.536521
vt 0.627951 0.559412
vt 0.118399 0.125900
vt 0.938858 0.564709
vt 0.205172 0.795641
vt 0.224690 0.529135
vt 0.017782 0.183281
vt 0.628996 0.557984
vt 0.117770 0.125436
vt 0.937828 0.564383
vt 0.781554 0.206722
vt 0.700409 0.669702
vt 0.236291 0.528203
vt 0.899676 0.517758
vt 0.623197 0.572692
vt 0.857947 0.550008
vt 0.947621 0.572411
vt 0.127985 0.424145
vt 0.497045 0.921567
vt 0.230469 0.530518
vt 0.703366 0.679617
vt 0.031544 0.184766
vt 0.042827 0.157757
vt 0.766254 0.926942
vt 0.763184 0.926514
vt 0.852171 0.509400
vt 0.841943 0.620675
vt 0.094633 0.816734
vt 0.939846 0.584725
vt 0.842188 0.547128
vt 0.263075 0.318211
vt 0.238522 0.530038
vt 0.026529 0.172230
vt 0.815941 0.119521
vt 0.119283 0.457131
vt 0.298094 0.891576
vt 0.195362 0.787387
vt 0.979874 0.645903
vt 0.572514 0.941037
vt 0.174375 0.212741
vt 0.850626 0.624925
vt 0.571039 0.928994
vt 0.096332 0.806481
vt 0.707311 0.696201
vt 0.045640 0.189726
vt 0.753904 0.785648
vt 0.170743 0.234067
vt 0.805299 0.131045
vt 0.610821 0.854522
vt 0.321220 0.759096
vt 0.861426 0.543875
vt 0.242499 0.312152
vt 0.949318 0.583909
vt 0.138912 0.141936
vt 0.247993 0.308055
vt 0.860330 0.538822
vt 0.123661 0.424742
vt 0.503406 0.915674
vt 0.237236 0.528794
vt 0.021065 0.198753
vt 0.043059 0.152701
vt 0.762136 0.931616
vt 0.725932 0.881000
vt 0.663525 0.670707
vt 0.903564 0.528564
vt 0.018260 0.184921
vt 0.219560 0.536778
vt 0.146242 0.500390
vt 0.138703 0.531774
vt 0.985283 0.377344
vt 0.193966 0.981879
vt 0.476622 0.968687
vt 0.101319 0.431940
vt 0.759984 0.470554
vt 0.808753 0.121375
vt 0.288195 0.889319
vt 0.603003 0.852991
vt 0.315963 0.753591
vt 0.084858 0.826386
vt 0.823488 0.624107
vt 0.041475 0.158589
vt 0.768816 0.924553
vt 0.760498 0.927246
vt 0.805741 0.132454
vt 0.765143 0.476279
vt 0.704246 0.675762
vt 0.027864 0.199240
vt 0.029476 0.171242
vt 0.093264 0.823066
vt 0.837183 0.617611
vt 0.804546 0.130139
vt 0.282565 0.880127
vt 0.710925 0.870190
vt 0.804853 0.132165
vt 0.282810 0.879883
vt 0.714111 0.866699
vt 0.949455 0.590074
vt 0.146447 0.142939
vt 0.464398 0.972835
vt 0.112585 0.425799
vt 0.501297 0.909394
vt 0.984096 0.381476
vt 0.776125 0.493684
vt 0.085710 0.611575
vt 0.022266 0.505374
vt 0.700994 0.671586
vt 0.239500 0.529578
vt 0.022217 0.198835
vt 0.224027 0.732942
vt 0.219448 0.734270
vt 0.309184 0.751477
vt 0.819336 0.624830
vt 0.042236 0.157227
vt 0.766298 0.926536
vt 0.768377 0.924919
vt 0.761741 0.927198
vt 0.235862 0.527594
vt 0.901620 0.518655
vt 0.019401 0.198004
vt 0.764039 0.930333
vt 0.108750 0.859292
vt 0.479123 0.889899
vt 0.700180 0.670651
vt 0.237793 0.528564
vt 0.903323 0.513620
vt 0.775293 0.777128
vt 0.020718 0.198713
vt 0.702302 0.674213
vt 0.035533 0.200736
vt 0.764684 0.779145
vt 0.828125 0.144043
vt 0.304220 0.866555
vt 0.116960 0.414209
vt 0.396184 0.752718
vt 0.805420 0.132080
vt 0.284008 0.879624
vt 0.805420 0.132080
vt 0.295295 0.874515
vt 0.711267 0.864118
vt 0.701509 0.672536
vt 0.023387 0.199098
vt 0.025635 0.171143
vt 0.823863 0.796716
vt 0.988825 0.644199
vt 0.576947 0.936334
vt 0.861637 0.620300
vt 0.307499 0.741850
vt 0.816724 0.618105
vt 0.327601 0.644856
vt 0.154184 0.462378
vt 0.415697 0.503086
vt 0.119536 0.446980
vt 0.466696 0.493475
vt 0.305312 0.886650
vt 0.106276 0.415868
vt 0.748368 0.783911
vt 0.181859 0.233528
vt 0.125939 0.129556
vt 0.135034 0.416100
vt 0.483229 0.923180
vt 0.400776 0.735784
vt 0.119357 0.879858
vt 0.834434 0.604011
vt 0.306894 0.863352
vt 0.101929 0.426639
vt 0.247784 0.319048
vt 0.126784 0.140600
vt 0.620117 0.847168
vt 0.312097 0.764367
vt 0.149457 0.130472
vt 0.828608 0.611428
vt 0.840087 0.602405
vt 0.627686 0.558350
vt 0.119855 0.128791
vt 0.783862 0.205016
vt 0.755519 0.765598
vt 0.983161 0.161405
vt 0.143131 0.454165
vt 0.447430 0.490850
vt 0.780825 0.280805
vt 0.166238 0.114779
vt 0.223666 0.987742
vt 0.206487 0.987524
vt 0.196533 0.983398
vt 0.742400 0.470062
vt 0.970243 0.376554
vt 0.201981 0.781502
vt 0.827376 0.809785
vt 0.985975 0.658487
vt 0.193003 0.986757
vt 0.098349 0.431495
vt 0.161983 0.144676
vt 0.016594 0.805473
vt 0.795548 0.288256
vt 0.996582 0.246094
vt 0.769429 0.935608
vt 0.464355 0.548828
vt 0.991512 0.025644
vt 0.473303 0.547161
vt 0.720810 0.888185
vt 0.263880 0.274297
vt 0.520389 0.048944
vt 0.902237 0.523458
vt 0.723372 0.879815
vt 0.822646 0.805882
vt 0.990179 0.650344
vt 0.907602 0.523248
vt 0.147572 0.499407
vt 0.203343 0.791023
vt 0.113999 0.877418
vt 0.439307 0.995955
vt 0.264997 0.300579
vt 0.127209 0.122011
vt 0.294241 0.867659
vt 0.697188 0.866110
vt 0.310890 0.853077
vt 0.257714 0.287890
vt 0.400241 0.916639
vt 0.252308 0.323251
vt 0.470568 0.030615
vt 0.123788 0.143240
vt 0.800974 0.214735
vt 0.106786 0.873563
vt 0.217949 0.545370
vt 0.140923 0.517150
vt 0.994780 0.600193
vt 0.185505 0.202468
vt 0.209244 0.731819
vt 0.303958 0.768208
vt 0.444580 0.989990
vt 0.269156 0.314104
vt 0.121652 0.110628
vt 0.779158 0.217151
vt 0.717214 0.882352
vt 0.979483 0.390678
vt 0.744968 0.481611
vt 0.255930 0.278814
vt 0.390878 0.931890
vt 0.520730 0.059950
vt 0.008132 0.817861
vt 0.073242 0.000732
vt 0.995605 0.245850
vt 0.142022 0.124990
vt 0.765010 0.769643
vt 0.370643 0.931272
vt 0.056464 0.128395
vt 0.088688 0.418402
vt 0.364885 0.931818
vt 0.190052 0.995003
vt 0.090702 0.429953
vt 0.725243 0.483153
vt 0.739817 0.482919
vt 0.013745 0.815882
vt 0.072357 0.000153
vt 0.994629 0.244873
vt 0.353575 0.918521
vt 0.218488 0.989518
vt 0.964926 0.389345
vt 0.200878 0.994738
vt 0.150592 0.446334
vt 0.153817 0.450129
vt 0.423165 0.497701
vt 0.983459 0.158753
vt 0.041504 0.984863
vt 0.274572 0.267377
vt 0.517053 0.034643
vt 0.142239 0.513486
vt 0.994134 0.598098
vt 0.910403 0.532718
vt 0.219922 0.545257
vt 0.147383 0.504374
vt 0.989527 0.599883
vt 0.970021 0.381654
vt 0.215232 0.722920
vt 0.215848 0.812892
vt 0.171589 0.488537
vt 0.950903 0.248533
vt 0.149027 0.117029
vt 0.056180 0.131061
vt 0.062838 0.131229
vt 0.099612 0.406412
vt 0.390366 0.759894
vt 0.968679 0.395804
vt 0.190902 0.996199
vt 0.725952 0.481730
vt 0.829399 0.596591
vt 0.352031 0.917660
vt 0.225203 0.987974
vt 0.966084 0.384681
vt 0.921641 0.506031
vt 0.926379 0.510676
vt 0.769605 0.762402
vt 0.378608 0.261638
vt 0.989450 0.619709
vt 0.989491 0.014220
vt 0.729668 0.482745
vt 0.014404 0.820068
vt 0.015920 0.815970
vt 0.995190 0.245372
vt 0.732704 0.477549
vt 0.975901 0.390952
vt 0.742536 0.487188
vt 0.830112 0.807383
vt 0.210709 0.786645
vt 0.742189 0.752931
vt 0.384279 0.248067
vt 0.914478 0.987264
vt 0.513127 0.023527
vt 0.428228 0.985106
vt 0.274532 0.282158
vt 0.269957 0.290581
vt 0.428841 0.989508
vt 0.013915 0.821283
vt 0.804418 0.278287
vt 0.073916 0.000303
vt 0.995578 0.245841
vt 0.994385 0.246338
vt 0.776003 0.931653
vt 0.772949 0.934082
vt 0.986146 0.626943
vt 0.989224 0.023671
vt 0.761591 0.500122
vt 0.096013 0.617428
vt 0.090995 0.623214
vt 0.358838 0.919025
vt 0.218157 0.993303
vt 0.205780 0.995840
vt 0.058196 0.095813
vt 0.514776 0.059072
vt 0.013185 0.820811
vt 0.148231 0.517514
vt 0.439515 0.288434
vt 0.349768 0.724656
vt 0.114006 0.609139
vt 0.489637 0.863226
vt 0.897076 0.980049
vt 0.272587 0.312286
vt 0.439955 0.987724
vt 0.704390 0.887462
vt 0.298503 0.741171
vt 0.809381 0.608609
vt 0.130082 0.104297
vt 0.348389 0.931396
vt 0.724460 0.492088
vt 0.136211 0.114355
vt 0.747133 0.492752
vt 0.085060 0.639484
vt 0.689981 0.873626
vt 0.495701 0.515476
vt 0.319990 0.850899
vt 0.150831 0.103806
vt 0.378549 0.722267
vt 0.105551 0.869456
vt 0.467308 0.889534
vt 0.099137 0.872700
vt 0.319470 0.591880
vt 0.992219 0.611858
vt 0.992901 0.010587
vt 0.451355 0.548515
vt 0.919703 0.517034
vt 0.346480 0.921798
vt 0.224622 0.997532
vt 0.065444 0.087517
vt 0.707981 0.890842
vt 0.218421 0.729092
vt 0.896783 0.985114
vt 0.434252 0.983408
vt 0.001985 0.135286
vt 0.920185 0.522229
vt 0.844848 0.587800
vt 0.328123 0.911382
vt 0.390563 0.728791
vt 0.108995 0.880257
vt 0.821649 0.603190
vt 0.739534 0.494770
vt 0.093563 0.644594
vt 0.729830 0.780863
vt 0.198705 0.198733
vt 0.444579 0.242678
vt 0.919446 0.543402
vt 0.153742 0.510411
vt 0.434241 0.282005
vt 0.061369 0.120064
vt 0.891110 0.986366
vt 0.892025 0.980245
vt 0.002904 0.137545
vt 0.485221 0.014740
vt 0.296100 0.734871
vt 0.806379 0.602357
vt 0.296044 0.915858
vt 0.086241 0.426090
vt 0.722930 0.485152
vt 0.358147 0.929057
vt 0.827380 0.589695
vt 0.322163 0.916429
vt 0.811239 0.593428
vt 0.922660 0.518721
vt 0.122905 0.103204
vt 0.893148 0.988782
vt 0.003241 0.135905
vt 0.491749 0.013337
vt 0.215979 0.992157
vt 0.359835 0.924225
vt 0.221349 0.715516
vt 0.169087 0.480851
vt 0.704638 0.892180
vt 0.459970 0.547846
vt 0.996687 0.017913
vt 0.891577 0.989714
vt 0.490100 0.016245
vt 0.822704 0.586626
vt 0.313661 0.917694
vt 0.318848 0.917725
vt 0.378077 0.917749
vt 0.056884 0.118025
vt 0.730835 0.495514
vt 0.097576 0.654348
vt 0.900568 0.988944
vt 0.493624 0.014490
vt 0.139364 0.096848
vt 0.908007 0.988318
vt 0.508509 0.023245
vt 0.808449 0.594799
vt 0.298668 0.917046
vt 0.306106 0.917866
vt 0.122380 0.100026
vt 0.776941 0.222175
vt 0.059513 0.101395
vt 0.930297 0.522743
vt 0.387215 0.280974
vt 0.811041 0.591588
vt 0.708008 0.898193
vt 0.700023 0.893040
vt 0.703605 0.898177
vt 0.488588 0.542748
vt 0.344971 0.750451
vt 0.111451 0.646364
vt 0.428009 0.493392
vt 0.428722 0.489163
vt 0.022549 0.989635
vt 0.989782 0.989177
vt 0.441394 0.494892
vt 0.973874 0.160864
vt 0.042055 0.989069
vt 0.997803 0.984375
vt 0.775879 0.255456
vt 0.153683 0.094821
vt 0.461726 0.541484
vt 0.352722 0.929469
vt 0.719382 0.490809
vt 0.068732 0.120635
vt 0.380105 0.763894
vt 0.288137 0.742762
vt 0.297630 0.913195
vt 0.318383 0.913981
vt 0.503912 0.058028
vt 0.014264 0.829670
vt 0.776371 0.266355
vt 0.162108 0.093506
vt 0.120129 0.094267
vt 0.774490 0.229460
vt 0.344536 0.930031
vt 0.078474 0.089700
vt 0.350192 0.755486
vt 0.725119 0.496409
vt 0.105975 0.655411
vt 0.847788 0.798983
vt 0.220151 0.793828
vt 0.947260 0.264317
vt 0.274263 0.751365
vt 0.871135 0.608436
vt 0.325161 0.906619
vt 0.439169 0.499574
vt 0.997161 0.986543
vt 0.491117 0.019447
vt 0.799500 0.228322
vt 0.803420 0.255286
vt 0.171142 0.457398
vt 0.431209 0.500243
vt 0.066372 0.089130
vt 0.976250 0.164229
vt 0.324440 0.862404
vt 0.492172 0.504949
vt 0.376093 0.747701
vt 0.096402 0.876642
vt 0.231837 0.724643
vt 0.164746 0.484117
vt 0.948717 0.232666
vt 0.271705 0.766414
vt 0.440642 0.811283
vt 0.029432 0.217015
vt 0.025486 0.321741
vt 0.175727 0.161517
vt 0.109752 0.072085
vt 0.879725 0.051738
vt 0.103406 0.304843
vt 0.099076 0.308127
vt 0.062852 0.967325
vt 0.979123 0.296773
vt 0.035601 0.297108
vt 0.209135 0.932035
vt 0.191779 0.161086
vt 0.043179 0.654025
vt 0.437218 0.798560
vt 0.275458 0.526944
vt 0.700633 0.535724
vt 0.877930 0.901846
vt 0.062826 0.600629
vt 0.654378 0.307086
vt 0.640165 0.266549
vt 0.443953 0.475540
vt 0.694629 0.306902
vt 0.921532 0.358181
vt 0.898853 0.010251
vt 0.032229 0.666237
vt 0.476277 0.812510
vt 0.518296 0.483137
vt 0.639170 0.323264
vt 0.637695 0.358642
vt 0.515868 0.445558
vt 0.065917 0.637191
vt 0.002929 0.711425
vt 0.695404 0.333458
vt 0.694022 0.342344
vt 0.919434 0.323977
vt 0.059814 0.017334
vt 0.586252 0.266872
vt 0.570592 0.409299
vt 0.072598 0.620592
vt 0.655027 0.321190
vt 0.653112 0.330532
vt 0.209910 0.922028
vt 0.201671 0.152337
vt 0.074655 0.636147
vt 0.006736 0.703583
vt 0.650230 0.341236
vt 0.678093 0.340762
vt 0.178001 0.140880
vt 0.842998 0.052865
vt 0.047802 0.917310
vt 0.006772 0.892483
vt 0.602652 0.436799
vt 0.577395 0.442138
vt 0.587073 0.300813
vt 0.008545 0.906006
vt 0.047613 0.666146
vt 0.727053 0.534425
vt 0.979324 0.594650
vt 0.640213 0.419734
vt 0.626218 0.389398
vt 0.637017 0.405840
vt 0.598596 0.438175
vt 0.007599 0.906882
vt 0.959150 0.586505
vt 0.619044 0.431360
vt 0.958984 0.591372
vt 0.924570 0.061856
vt 0.018382 0.885489
vt 0.615480 0.433324
vt 0.600771 0.441370
vt 0.000394 0.898532
vt 0.063324 0.637276
vt 0.411464 0.997813
vt 0.635076 0.440501
vt 0.929810 0.065474
vt 0.638425 0.441765
vt 0.977022 0.574605
vt 0.643434 0.436121
vt 0.583683 0.318405
vt 0.569568 0.909139
vt 0.598193 0.439474
vt 0.009394 0.899773
vt 0.661064 0.342244
vt 0.042605 0.296839
vt 0.056157 0.494377
vt 0.709400 0.528613
vt 0.974847 0.593176
vt 0.969973 0.585959
vt 0.724265 0.531401
vt 0.553721 0.904012
vt 0.937163 0.067475
vt 0.058065 0.615640
vt 0.924991 0.068471
vt 0.016607 0.894641
vt 0.567953 0.905767
vt 0.284224 0.514460
vt 0.704454 0.514102
vt 0.433083 0.971690
vt 0.692821 0.297845
vt 0.969183 0.988086
vt 0.892665 0.011554
vt 0.011230 0.666260
vt 0.012262 0.670786
vt 0.875872 0.060690
vt 0.093284 0.318089
vt 0.064763 0.958812
vt 0.983084 0.282857
vt 0.829606 0.992422
vt 0.430287 0.811564
vt 0.414932 0.994262
vt 0.050657 0.633974
vt 0.166374 0.421336
vt 0.419118 0.994801
vt 0.903082 0.425253
vt 0.054210 0.631282
vt 0.633195 0.443941
vt 0.963449 0.573239
vt 0.434740 0.817621
vt 0.030660 0.214516
vt 0.828025 0.983300
vt 0.926534 0.031596
vt 0.009660 0.920924
vt 0.219062 0.925425
vt 0.209948 0.156532
vt 0.090820 0.062256
vt 0.459229 0.446776
vt 0.455747 0.007509
vt 0.899916 0.351749
vt 0.893637 0.001810
vt 0.002629 0.678734
vt 0.249659 0.496281
vt 0.815353 0.052580
vt 0.036400 0.936850
vt 0.165233 0.402327
vt 0.063232 0.638428
vt 0.411069 0.985701
vt 0.009665 0.706408
vt 0.004757 0.713084
vt 0.160189 0.417304
vt 0.731740 0.651368
vt 0.648438 0.360986
vt 0.055407 0.599631
vt 0.872191 0.896870
vt 0.930170 0.070829
vt 0.562985 0.904048
vt 0.061768 0.637762
vt 0.412109 0.999512
vt 0.003839 0.712268
vt 0.061308 0.637758
vt 0.413818 0.999023
vt 0.004395 0.711670
vt 0.723232 0.524110
vt 0.925269 0.050900
vt 0.966549 0.595019
vt 0.278320 0.525583
vt 0.700563 0.530543
vt 0.441154 0.971918
vt 0.218726 0.937245
vt 0.094513 0.069266
vt 0.970518 0.576215
vt 0.413583 0.999652
vt 0.004796 0.712239
vt 0.038722 0.671937
vt 0.015641 0.926419
vt 0.860042 0.064230
vt 0.091797 0.345459
vt 0.053155 0.930548
vt 0.930154 0.043663
vt 0.615715 0.368209
vt 0.579164 0.242156
vt 0.307620 0.250197
vt 0.213910 0.136986
vt 0.615806 0.898484
vt 0.646453 0.399403
vt 0.006761 0.931062
vt 0.562826 0.384352
vt 0.580910 0.258858
vt 0.703232 0.525283
vt 0.058058 0.492084
vt 0.651426 0.417503
vt 0.922755 0.040815
vt 0.972468 0.596343
vt 0.021434 0.923566
vt 0.453999 0.427300
vt 0.316650 0.401367
vt 0.042188 0.294780
vt 0.047421 0.298911
vt 0.215673 0.940865
vt 0.617035 0.265775
vt 0.429889 0.446694
vt 0.362484 0.391013
vt 0.615367 0.322648
vt 0.367936 0.441465
vt 0.359058 0.450973
vt 0.368425 0.411824
vt 0.210272 0.151734
vt 0.932936 0.030393
vt 0.639147 0.389173
vt 0.001452 0.925138
vt 0.021001 0.217307
vt 0.449409 0.826670
vt 0.247233 0.340009
vt 0.236529 0.343043
vt 0.076281 0.162608
vt 0.218398 0.139907
vt 0.727167 0.519014
vt 0.038589 0.476955
vt 0.057847 0.959181
vt 0.987319 0.289380
vt 0.188079 0.122563
vt 0.115811 0.037373
vt 0.823888 0.032420
vt 0.979034 0.800063
vt 0.817633 0.039455
vt 0.574458 0.880706
vt 0.970209 0.736513
vt 0.043166 0.295182
vt 0.046103 0.298132
vt 0.055664 0.495117
vt 0.217041 0.942871
vt 0.700684 0.527595
vt 0.045151 0.297021
vt 0.441182 0.968677
vt 0.056423 0.493183
vt 0.707874 0.521204
vt 0.055026 0.488824
vt 0.053046 0.603893
vt 0.906743 0.424409
vt 0.685271 0.353095
vt 0.056276 0.018672
vt 0.890200 0.007603
vt 0.010010 0.666016
vt 0.053519 0.495161
vt 0.441512 0.959957
vt 0.216859 0.941427
vt 0.839850 0.988998
vt 0.836462 0.995652
vt 0.427273 0.803899
vt 0.008302 0.429892
vt 0.278177 0.474351
vt 0.309789 0.468397
vt 0.940086 0.041848
vt 0.933321 0.032109
vt 0.644687 0.383920
vt 0.556363 0.882707
vt 0.960007 0.727018
vt 0.046336 0.300461
vt 0.218030 0.941915
vt 0.046907 0.297771
vt 0.055420 0.495440
vt 0.216309 0.941895
vt 0.217285 0.942383
vt 0.061988 0.958355
vt 0.986741 0.285315
vt 0.045878 0.297330
vt 0.440704 0.964754
vt 0.217041 0.942139
vt 0.050405 0.603290
vt 0.915109 0.428623
vt 0.866656 0.894612
vt 0.875748 0.071487
vt 0.099510 0.326004
vt 0.045556 0.305849
vt 0.220095 0.941921
vt 0.097063 0.072446
vt 0.046804 0.486302
vt 0.076096 0.420232
vt 0.922490 0.421331
vt 0.933561 0.938837
vt 0.090088 0.227783
vt 0.050647 0.608730
vt 0.910234 0.422500
vt 0.050292 0.617658
vt 0.071801 0.417152
vt 0.852739 0.902724
vt 0.921184 0.430143
vt 0.098849 0.311551
vt 0.979547 0.288909
vt 0.572452 0.912917
vt 0.578090 0.320072
vt 0.889883 0.001632
vt 0.006139 0.670202
vt 0.854926 0.895681
vt 0.031192 0.681574
vt 0.044111 0.677963
vt 0.474340 0.827462
vt 0.090619 0.162018
vt 0.771653 0.549057
vt 0.074286 0.425000
vt 0.939819 0.937603
vt 0.632277 0.897804
vt 0.041301 0.482651
vt 0.977678 0.729508
vt 0.583951 0.878915
vt 0.942095 0.157746
vt 0.289197 0.246411
vt 0.869222 0.885900
vt 0.707690 0.517882
vt 0.055737 0.485547
vt 0.428530 0.973339
vt 0.640193 0.377470
vt 0.957954 0.715763
vt 0.862477 0.889869
vt 0.429480 0.816406
vt 0.835583 0.986411
vt 0.003174 0.429932
vt 0.272808 0.469578
vt 0.099982 0.062123
vt 0.634404 0.380183
vt 0.958868 0.709616
vt 0.045177 0.479947
vt 0.041348 0.491280
vt 0.635933 0.903744
vt 0.871734 0.882705
vt 0.760360 0.638438
vt 0.909045 0.416417
vt 0.614924 0.350776
vt 0.512079 0.416645
vt 0.345825 0.457306
vt 0.047151 0.499183
vt 0.438844 0.955667
vt 0.119370 0.063512
vt 0.123397 0.320670
vt 0.895944 0.421310
vt 0.747410 0.643152
vt 0.216353 0.142094
vt 0.623434 0.899911
vt 0.037214 0.479568
vt 0.099365 0.025879
vt 0.718576 0.511421
vt 0.071149 0.434323
vt 0.946764 0.935364
vt 0.041990 0.935937
vt 0.166103 0.405935
vt 0.047538 0.629170
vt 0.944566 0.927810
vt 0.164640 0.415559
vt 0.891671 0.427884
vt 0.746867 0.648801
vt 0.874729 0.889049
vt 0.654116 0.290425
vt 0.767388 0.630899
vt 0.285705 0.506995
vt 0.701669 0.507874
vt 0.059078 0.411049
vt 0.844175 0.898137
vt 0.041773 0.497273
vt 0.637087 0.909866
vt 0.438325 0.949122
vt 0.066087 0.064464
vt 0.737837 0.518322
vt 0.632578 0.375123
vt 0.966741 0.712278
vt 0.306382 0.247459
vt 0.964459 0.980788
vt 0.016068 0.678378
vt 0.066093 0.418456
vt 0.846254 0.904601
vt 0.580387 0.906548
vt 0.571775 0.327879
vt 0.654538 0.409832
vt 0.019155 0.934274
vt 0.427178 0.958188
vt 0.872597 0.873377
vt 0.914853 0.407776
vt 0.005978 0.023034
vt 0.006217 0.013442
vt 0.094238 0.233716
vt 0.632192 0.902978
vt 0.428957 0.966122
vt 0.291455 0.501191
vt 0.702086 0.503278
vt 0.278789 0.913051
vt 0.269980 0.893502
vt 0.745464 0.516931
vt 0.042958 0.467561
vt 0.725539 0.511463
vt 0.073158 0.779078
vt 0.871033 0.875998
vt 0.055213 0.480088
vt 0.420944 0.973426
vt 0.423378 0.971570
vt 0.507380 0.968048
vt 0.955381 0.984355
vt 0.022705 0.681396
vt 0.706001 0.616674
vt 0.686499 0.361339
vt 0.901266 0.248736
vt 0.444738 0.007402
vt 0.908673 0.328429
vt 0.076271 0.034836
vt 0.848073 0.889664
vt 0.633200 0.913969
vt 0.063979 0.061975
vt 0.864428 0.881313
vt 0.106875 0.319020
vt 0.947266 0.931396
vt 0.155544 0.406126
vt 0.676620 0.889077
vt 0.704208 0.798326
vt 0.110206 0.330295
vt 0.984375 0.781494
vt 0.932200 0.933445
vt 0.084423 0.234344
vt 0.842597 0.895164
vt 0.435282 0.948277
vt 0.559526 0.313664
vt 0.007413 0.430190
vt 0.277999 0.472194
vt 0.721203 0.508346
vt 0.277274 0.906148
vt 0.750863 0.517192
vt 0.656814 0.282455
vt 0.761385 0.628116
vt 0.507596 0.978576
vt 0.964113 0.989292
vt 0.021918 0.211981
vt 0.836644 0.982889
vt 0.231805 0.336627
vt 0.003529 0.432936
vt 0.202213 0.128267
vt 0.105639 0.032014
vt 0.509573 0.972020
vt 0.959711 0.987045
vt 0.509259 0.423064
vt 0.496338 0.956543
vt 0.011236 0.683829
vt 0.959682 0.463030
vt 0.958740 0.978271
vt 0.008668 0.682810
vt 0.250428 0.498375
vt 0.966969 0.464772
vt 0.045004 0.308626
vt 0.103563 0.067175
vt 0.091928 0.271128
vt 0.713902 0.619198
vt 0.082031 0.064453
vt 0.052961 0.416746
vt 0.838707 0.985434
vt 0.004273 0.430685
vt 0.272629 0.470151
vt 0.629439 0.923123
vt 0.066595 0.052636
vt 0.117067 0.048855
vt 0.125588 0.942874
vt 0.093444 0.160845
vt 0.780725 0.548788
vt 0.973449 0.801988
vt 0.057338 0.437461
vt 0.813669 0.046015
vt 0.047042 0.944816
vt 0.170975 0.391207
vt 0.119288 0.051461
vt 0.119975 0.333311
vt 0.991172 0.786427
vt 0.128378 0.941815
vt 0.637169 0.915993
vt 0.060420 0.065396
vt 0.209755 0.132408
vt 0.617544 0.905631
vt 0.102463 0.024279
vt 0.463885 0.423126
vt 0.190674 0.120605
vt 0.992491 0.797160
vt 0.146186 0.941404
vt 0.051610 0.430784
vt 0.109863 0.339111
vt 0.991526 0.790492
vt 0.134850 0.939968
vt 0.046863 0.424776
vt 0.065186 0.949219
vt 0.621068 0.911488
vt 0.493787 0.417288
vt 0.227264 0.160306
vt 0.107649 0.046580
vt 0.939645 0.923736
vt 0.152484 0.411346
vt 0.078380 0.239299
vt 0.737475 0.648365
vt 0.110352 0.145264
vt 0.762444 0.523479
vt 0.297366 0.487880
vt 0.269195 0.904191
vt 0.062807 0.791207
vt 0.431116 0.952037
vt 0.057296 0.407807
vt 0.841145 0.887030
vt 0.655430 0.967642
vt 0.021240 0.210074
vt 0.002883 0.430556
vt 0.272461 0.468750
vt 0.432907 0.435161
vt 0.353407 0.393538
vt 0.421177 0.964330
vt 0.072987 0.979336
vt 0.862126 0.870398
vt 0.001253 0.022524
vt 0.664170 0.957765
vt 0.429282 0.685889
vt 0.004150 0.017564
vt 0.426355 0.683787
vt 0.982860 0.459078
vt 0.088559 0.252865
vt 0.735162 0.628670
vt 0.428990 0.947496
vt 0.064423 0.066271
vt 0.214844 0.328125
vt 0.294344 0.475961
vt 0.267989 0.907081
vt 0.841071 0.984359
vt 0.003589 0.430420
vt 0.003145 0.435679
vt 0.852081 0.878986
vt 0.662922 0.963185
vt 0.504741 0.411992
vt 0.983572 0.465489
vt 0.744160 0.628080
vt 0.161284 0.846039
vt 0.499499 0.981947
vt 0.168393 0.835928
vt 0.487305 0.972412
vt 0.236572 0.516113
vt 0.966797 0.438477
vt 0.084297 0.272797
vt 0.896870 0.249182
vt 0.081698 0.045928
vt 0.191406 0.120605
vt 0.617113 0.924886
vt 0.120728 0.039229
vt 0.150147 0.938630
vt 0.393619 0.704495
vt 0.157405 0.830694
vt 0.313815 0.480150
vt 0.454268 0.685626
vt 0.255158 0.901880
vt 0.119137 0.935626
vt 0.050125 0.401249
vt 0.539296 0.582576
vt 0.638905 0.970984
vt 0.010879 0.430515
vt 0.306564 0.470791
vt 0.994952 0.467294
vt 0.092501 0.241299
vt 0.148707 0.856526
vt 0.991254 0.947242
vt 0.055741 0.052541
vt 0.800083 0.956372
vt 0.118485 0.942361
vt 0.538833 0.565136
vt 0.018311 0.208008
vt 0.229226 0.336091
vt 0.267578 0.462891
vt 0.275480 0.458703
vt 0.143799 0.406494
vt 0.984183 0.457280
vt 0.078659 0.244307
vt 0.896270 0.258739
vt 0.718980 0.798735
vt 0.611432 0.924468
vt 0.151481 0.933701
vt 0.053019 0.440936
vt 0.170320 0.386922
vt 0.608659 0.567786
vt 0.262438 0.893749
vt 0.058569 0.469739
vt 0.411954 0.973346
vt 0.053676 0.408793
vt 0.648600 0.972850
vt 0.164942 0.820894
vt 0.155041 0.823342
vt 0.095775 0.167080
vt 0.069037 0.810146
vt 0.082895 0.240603
vt 0.737145 0.516695
vt 0.078313 0.773680
vt 0.218644 0.136480
vt 0.922909 0.003778
vt 0.097525 0.162973
vt 0.064825 0.817643
vt 0.053917 0.068085
vt 0.003040 0.013760
vt 0.092529 0.240234
vt 0.996137 0.939746
vt 0.420192 0.683790
vt 0.588605 0.895719
vt 0.563971 0.337209
vt 0.954972 0.151324
vt 0.017929 0.214424
vt 0.234500 0.341195
vt 0.269528 0.346923
vt 0.085205 0.183346
vt 0.482002 0.662207
vt 0.162894 0.396450
vt 0.610351 0.596190
vt 0.673240 0.882719
vt 0.216958 0.135439
vt 0.613453 0.898699
vt 0.928636 0.005485
vt 0.414600 0.970719
vt 0.078293 0.976106
vt 0.567038 0.445851
vt 0.556944 0.322321
vt 0.303204 0.313712
vt 0.553098 0.290560
vt 0.951649 0.137954
vt 0.455934 0.414213
vt 0.328367 0.393064
vt 0.146657 0.845590
vt 0.994565 0.949519
vt 0.415871 0.696054
vt 0.510257 0.407057
vt 0.480953 0.408153
vt 0.326173 0.443847
vt 0.048348 0.077082
vt 0.422900 0.952923
vt 0.065920 0.071660
vt 0.009399 0.452064
vt 0.653967 0.961354
vt 0.645968 0.967005
vt 0.250789 0.506564
vt 0.971783 0.455899
vt 0.970947 0.464600
vt 0.970988 0.457940
vt 0.229403 0.352388
vt 0.010045 0.438787
vt 0.304932 0.466309
vt 0.166183 0.826385
vt 0.238184 0.504278
vt 0.909370 0.253119
vt 0.753434 0.796620
vt 0.433309 0.009303
vt 0.061385 0.071897
vt 0.094328 0.185442
vt 0.092902 0.777859
vt 0.080742 0.813597
vt 0.505849 0.698280
vt 0.912901 0.005434
vt 0.978760 0.828369
vt 0.921164 0.008716
vt 0.673963 0.889791
vt 0.592529 0.594727
vt 0.660401 0.867189
vt 0.843579 0.984807
vt 0.231308 0.352682
vt 0.004081 0.440044
vt 0.318669 0.466084
vt 0.942625 0.138921
vt 0.056587 0.074600
vt 0.050472 0.082114
vt 0.007448 0.457800
vt 0.410882 0.973462
vt 0.254836 0.893227
vt 0.081406 0.982890
vt 0.671903 0.896965
vt 0.978399 0.831906
vt 0.191720 0.842131
vt 0.920967 0.016481
vt 0.658674 0.954335
vt 0.432729 0.691936
vt 0.649485 0.901500
vt 0.421932 0.686156
vt 0.813011 0.950544
vt 0.557032 0.567733
vt 0.229533 0.342350
vt 0.299805 0.458496
vt 0.601593 0.922844
vt 0.233935 0.850216
vt 0.599458 0.566842
vt 0.096843 0.177381
vt 0.076680 0.814736
vt 0.166934 0.820534
vt 0.145508 0.824744
vt 0.385258 0.708705
vt 0.236939 0.500699
vt 0.546191 0.594290
vt 0.637586 0.956118
vt 0.044318 0.083116
vt 0.463740 0.713850
vt 0.233866 0.345678
vt 0.252927 0.457280
vt 0.751942 0.803291
vt 0.444802 0.021477
vt 0.524493 0.014709
vt 0.661546 0.883060
vt 0.242185 0.349140
vt 0.229039 0.349473
vt 0.304452 0.464250
vt 0.060848 0.074658
vt 0.051269 0.086176
vt 0.008559 0.455242
vt 0.667007 0.894170
vt 0.195435 0.839890
vt 0.935283 0.015992
vt 0.425551 0.696898
vt 0.456939 0.695935
vt 0.245504 0.898041
vt 0.079864 0.992585
vt 0.462075 0.709758
vt 0.169561 0.825034
vt 0.239559 0.503896
vt 0.679233 0.898732
vt 0.068463 0.987971
vt 0.969714 0.849535
vt 0.646906 0.956783
vt 0.530866 0.006641
vt 0.417247 0.953462
vt 0.068553 0.983769
vt 0.973214 0.848432
vt 0.051250 0.085404
vt 0.010315 0.456389
vt 0.418263 0.949957
vt 0.051271 0.085191
vt 0.010794 0.455416
vt 0.996139 0.049450
vt 0.049080 0.083651
vt 0.245938 0.498123
vt 0.970703 0.465820
vt 0.965079 0.849153
vt 0.993025 0.038661
vt 0.968696 0.840211
vt 0.490354 0.715689
vt 0.068254 0.992084
vt 0.966177 0.851375
vt 0.042208 0.084797
vt 0.994438 0.042587
vt 0.462982 0.712949
vt 0.651900 0.906219
vt 0.436277 0.699033
vt 0.431888 0.696713
vt 0.647361 0.904216
vt 0.643283 0.954703
vt 0.677358 0.900780
vt 0.641176 0.947255
vt 0.539539 0.006948
vt 0.558761 0.593199
vt 0.978848 0.852193
vt 0.302046 0.986863
vt 0.051100 0.086522
vt 0.182347 0.858988
vt 0.009598 0.456949
vt 0.506187 0.705222
vt 0.911843 0.008945
vt 0.650034 0.955700
vt 0.648049 0.892723
vt 0.524569 0.008402
vt 0.933319 0.134858
vt 0.296798 0.262211
vt 0.559274 0.253177
vt 0.324549 0.295578
vt 0.050836 0.085654
vt 0.008545 0.457520
vt 0.994183 0.052241
vt 0.293250 0.989671
vt 0.049874 0.086371
vt 0.432078 0.707432
vt 0.260400 0.807002
vt 0.232254 0.488730
vt 0.040809 0.081040
vt 0.470933 0.710521
vt 0.782139 0.950373
vt 0.506850 0.699274
vt 0.913086 0.008545
vt 0.913647 0.007952
vt 0.658187 0.873378
vt 0.588095 0.593512
vt 0.966005 0.842029
vt 0.989640 0.038539
vt 0.477867 0.706783
vt 0.359626 0.395287
vt 0.241811 0.356678
vt 0.321500 0.473541
vt 0.322423 0.467289
vt 0.459555 0.675385
vt 0.671407 0.906428
vt 0.434345 0.711234
vt 0.706053 0.817848
vt 0.276038 0.777289
vt 0.602420 0.898099
vt 0.206313 0.838631
vt 0.937845 0.007015
vt 0.996094 0.318604
vt 0.996094 0.318848
vt 0.996338 0.318359
vt 0.968994 0.829834
vt 0.493174 0.706839
vt 0.908936 0.010254
vt 0.996348 0.318609
vt 0.001221 0.147217
vt 0.000467 0.540283
vt 0.001549 0.147186
vt 0.000488 0.540039
vt 0.001221 0.146729
vt 0.000516 0.540311
vt 0.705898 0.814194
vt 0.681979 0.905240
vt 0.280167 0.813114
vt 0.456324 0.018450
vt 0.242431 0.488749
vt 0.297997 0.996706
vt 0.183563 0.864128
vt 0.786610 0.942981
vt 0.000393 0.548943
vt 0.000244 0.758840
vt 0.000365 0.549439
vt 0.000732 0.758789
vt 0.000611 0.549440
vt 0.000732 0.759033
vt 0.228753 0.856806
vt 0.810408 0.931970
vt 0.592171 0.568060
vt 0.535398 0.012506
vt 0.652042 0.882432
vt 0.564535 0.592963
vt 0.294067 0.801262
vt 0.734440 0.813800
vt 0.431946 0.019863
vt 0.307967 0.808841
vt 0.746501 0.826105
vt 0.987852 0.046415
vt 0.472916 0.710640
vt 0.781848 0.949937
vt 0.203283 0.843036
vt 0.936818 0.010476
vt 0.796061 0.929354
vt 0.040981 0.077500
vt 0.988834 0.051012
vt 0.291678 0.997553
vt 0.785839 0.948844
vt 0.293643 0.811931
vt 0.237335 0.453612
vt 0.746249 0.812202
vt 0.431087 0.022653
vt 0.283054 0.801191
vt 0.283772 0.810810
vt 0.357171 0.444840
vt 0.286023 0.806527
vt 0.464471 0.756143
vt 0.603887 0.035310
vt 0.913419 0.191406
vt 0.758530 0.404074
vt 0.313581 0.147725
vt 0.870527 0.125909
vt 0.722774 0.603250
vt 0.710390 0.248614
vt 0.467317 0.730418
vt 0.873242 0.640649
vt 0.529062 0.695375
vt 0.873676 0.635860
vt 0.256184 0.754696
vt 0.520639 0.723248
vt 0.302482 0.215589
vt 0.910013 0.704840
vt 0.445664 0.738714
vt 0.570115 0.028175
vt 0.733010 0.414188
vt 0.331287 0.144839
vt 0.872943 0.105806
vt 0.223389 0.774658
vt 0.245240 0.773714
vt 0.285400 0.188241
vt 0.359279 0.185867
vt 0.341842 0.199827
vt 0.838168 0.069335
vt 0.414685 0.413204
vt 0.574109 0.749988
vt 0.291009 0.669458
vt 0.711659 0.211896
vt 0.732026 0.574001
vt 0.448546 0.726682
vt 0.540855 0.033317
vt 0.866206 0.677860
vt 0.222766 0.748079
vt 0.203886 0.753087
vt 0.279205 0.173615
vt 0.345138 0.185308
vt 0.727787 0.401116
vt 0.610807 0.187272
vt 0.531230 0.549405
vt 0.945823 0.025623
vt 0.252939 0.708014
vt 0.592859 0.233932
vt 0.364018 0.082097
vt 0.589631 0.195743
vt 0.371338 0.111571
vt 0.275883 0.709228
vt 0.549807 0.759521
vt 0.260369 0.681406
vt 0.964848 0.046871
vt 0.343025 0.151113
vt 0.021983 0.851556
vt 0.621559 0.163588
vt 0.865782 0.667086
vt 0.845374 0.081853
vt 0.866396 0.643716
vt 0.859649 0.108082
vt 0.686525 0.194359
vt 0.687747 0.182961
vt 0.058851 0.840066
vt 0.540860 0.059410
vt 0.300907 0.220495
vt 0.903810 0.701066
vt 0.471110 0.754149
vt 0.601458 0.044941
vt 0.323629 0.136658
vt 0.406860 0.486648
vt 0.852614 0.125902
vt 0.034312 0.362540
vt 0.738404 0.587073
vt 0.302358 0.673794
vt 0.565405 0.737746
vt 0.555599 0.482897
vt 0.731605 0.603519
vt 0.707637 0.255902
vt 0.041124 0.367462
vt 0.843740 0.090505
vt 0.861078 0.662047
vt 0.761021 0.399480
vt 0.913913 0.195723
vt 0.580304 0.037964
vt 0.855554 0.665326
vt 0.303922 0.690639
vt 0.543135 0.483866
vt 0.862921 0.645188
vt 0.813612 0.084247
vt 0.413072 0.434080
vt 0.901701 0.684402
vt 0.908940 0.681848
vt 0.388349 0.132139
vt 0.219807 0.773572
vt 0.278489 0.183235
vt 0.733402 0.612106
vt 0.039540 0.360969
vt 0.899558 0.712673
vt 0.562383 0.046274
vt 0.911274 0.198514
vt 0.358078 0.019074
vt 0.899286 0.752440
vt 0.201615 0.767056
vt 0.263253 0.179982
vt 0.767578 0.662109
vt 0.964230 0.414201
vt 0.901948 0.156142
vt 0.860548 0.647472
vt 0.853255 0.107962
vt 0.682145 0.264036
vt 0.485092 0.727751
vt 0.795631 0.606593
vt 0.487335 0.742282
vt 0.472776 0.756969
vt 0.602697 0.052265
vt 0.293943 0.230173
vt 0.291411 0.227106
vt 0.901052 0.705799
vt 0.764028 0.409126
vt 0.909854 0.202595
vt 0.710271 0.260633
vt 0.045074 0.363983
vt 0.735448 0.614231
vt 0.920101 0.200839
vt 0.760320 0.381584
vt 0.037209 0.356807
vt 0.711373 0.264747
vt 0.735682 0.612308
vt 0.744060 0.585806
vt 0.031210 0.345842
vt 0.709272 0.262961
vt 0.734475 0.614161
vt 0.044109 0.362556
vt 0.835774 0.091480
vt 0.804005 0.662316
vt 0.908928 0.131754
vt 0.280451 0.228019
vt 0.758729 0.591495
vt 0.031982 0.345215
vt 0.035400 0.345947
vt 0.775812 0.613535
vt 0.699787 0.267893
vt 0.047317 0.353093
vt 0.590573 0.977838
vt 0.758633 0.606057
vt 0.037047 0.345423
vt 0.590844 0.060741
vt 0.713712 0.265036
vt 0.740390 0.609061
vt 0.035422 0.353169
vt 0.578260 0.042984
vt 0.709091 0.261604
vt 0.044819 0.360543
vt 0.477295 0.751940
vt 0.600777 0.060951
vt 0.295718 0.224812
vt 0.900989 0.701415
vt 0.829323 0.111281
vt 0.412756 0.466604
vt 0.844423 0.655892
vt 0.558902 0.694330
vt 0.597739 0.052589
vt 0.306488 0.724190
vt 0.521243 0.520023
vt 0.851384 0.637047
vt 0.539508 0.700201
vt 0.548001 0.715158
vt 0.910136 0.708556
vt 0.766991 0.594787
vt 0.047140 0.346710
vt 0.769590 0.607444
vt 0.845153 0.669338
vt 0.486148 0.751403
vt 0.588124 0.068328
vt 0.817568 0.106507
vt 0.409038 0.456499
vt 0.578074 0.056855
vt 0.563129 0.705344
vt 0.551434 0.727396
vt 0.902612 0.722979
vt 0.481182 0.750566
vt 0.598271 0.063881
vt 0.610082 0.241525
vt 0.392667 0.080050
vt 0.836379 0.670262
vt 0.571668 0.700762
vt 0.565620 0.485616
vt 0.580178 0.506282
vt 0.536566 0.742793
vt 0.174087 0.529320
vt 0.173783 0.536922
vt 0.532434 0.987555
vt 0.535158 0.541990
vt 0.268322 0.725659
vt 0.576448 0.063681
vt 0.291734 0.225954
vt 0.549375 0.707373
vt 0.844811 0.679193
vt 0.915547 0.203624
vt 0.487843 0.748203
vt 0.587646 0.075195
vt 0.762385 0.414122
vt 0.901139 0.216448
vt 0.316971 0.135503
vt 0.390300 0.483223
vt 0.327731 0.199918
vt 0.704328 0.386287
vt 0.393185 0.440255
vt 0.397798 0.476817
vt 0.259426 0.200550
vt 0.912720 0.141295
vt 0.116126 0.007625
vt 0.973946 0.027826
vt 0.616565 0.232401
vt 0.900447 0.726593
vt 0.891809 0.723213
vt 0.695331 0.988613
vt 0.561858 0.059531
vt 0.400051 0.459888
vt 0.029379 0.846835
vt 0.789138 0.599818
vt 0.491225 0.728338
vt 0.496378 0.743373
vt 0.576837 0.072326
vt 0.706833 0.182373
vt 0.753860 0.567260
vt 0.777198 0.592538
vt 0.911262 0.213213
vt 0.691162 0.382568
vt 0.767783 0.577235
vt 0.891712 0.717088
vt 0.894134 0.713844
vt 0.702219 0.975514
vt 0.282277 0.230831
vt 0.763019 0.378838
vt 0.359214 0.956930
vt 0.918735 0.204552
vt 0.692999 0.274152
vt 0.587016 0.977293
vt 0.787997 0.609142
vt 0.964753 0.073671
vt 0.688268 0.181239
vt 0.782778 0.570933
vt 0.057624 0.844010
vt 0.910626 0.235596
vt 0.702187 0.383022
vt 0.388775 0.456918
vt 0.976215 0.033437
vt 0.533606 0.765911
vt 0.114193 0.006620
vt 0.808420 0.098663
vt 0.404402 0.443130
vt 0.382657 0.136086
vt 0.035623 0.842286
vt 0.025077 0.844791
vt 0.910206 0.678515
vt 0.903846 0.223367
vt 0.388019 0.473498
vt 0.780967 0.607428
vt 0.966979 0.066233
vt 0.889659 0.449008
vt 0.560923 0.713271
vt 0.550966 0.070680
vt 0.781658 0.574557
vt 0.062682 0.850603
vt 0.781289 0.612356
vt 0.238697 0.991521
vt 0.938169 0.366121
vt 0.582368 0.984458
vt 0.973343 0.075565
vt 0.497529 0.736036
vt 0.567890 0.076662
vt 0.558491 0.722369
vt 0.912050 0.739124
vt 0.783912 0.588395
vt 0.500022 0.726351
vt 0.898616 0.448352
vt 0.057323 0.872078
vt 0.919922 0.236084
vt 0.712622 0.378375
vt 0.834459 0.680280
vt 0.908990 0.748060
vt 0.201372 0.754233
vt 0.577616 0.709164
vt 0.555734 0.073312
vt 0.903623 0.453422
vt 0.064182 0.857828
vt 0.251488 0.424691
vt 0.698731 0.979281
vt 0.275602 0.237176
vt 0.559862 0.718597
vt 0.559677 0.075990
vt 0.158864 0.866149
vt 0.496925 0.730751
vt 0.891788 0.444504
vt 0.247446 0.418907
vt 0.729427 0.369487
vt 0.360895 0.959004
vt 0.919434 0.208984
vt 0.942005 0.734955
vt 0.357317 0.212948
vt 0.785438 0.642736
vt 0.939453 0.416992
vt 0.167544 0.885963
vt 0.576072 0.970284
vt 0.961151 0.067145
vt 0.890137 0.446695
vt 0.169169 0.867037
vt 0.936136 0.753928
vt 0.765182 0.356137
vt 0.230453 0.044687
vt 0.355608 0.224797
vt 0.798139 0.637173
vt 0.371338 0.237181
vt 0.357189 0.059361
vt 0.698903 0.373079
vt 0.234155 0.070269
vt 0.235792 0.049605
vt 0.357943 0.230535
vt 0.916748 0.214111
vt 0.936908 0.742839
vt 0.693199 0.380288
vt 0.220703 0.061768
vt 0.242956 0.065602
vt 0.909827 0.456192
vt 0.069909 0.857647
vt 0.253685 0.428396
vt 0.701636 0.365489
vt 0.262116 0.083005
vt 0.354529 0.357212
vt 0.901860 0.465980
vt 0.072126 0.862600
vt 0.971209 0.057092
vt 0.891501 0.453386
vt 0.377767 0.237297
vt 0.361747 0.053124
vt 0.152923 0.875119
vt 0.156252 0.878669
vt 0.262591 0.413183
vt 0.920264 0.467379
vt 0.914946 0.460559
vt 0.250618 0.435569
vt 0.993890 0.266121
vt 0.902101 0.480722
vt 0.305610 0.651102
vt 0.278788 0.409786
vt 0.258970 0.428867
vt 0.161949 0.878720
vt 0.352825 0.212869
vt 0.790197 0.648536
vt 0.359851 0.037253
vt 0.385384 0.233256
vt 0.956262 0.417534
vt 0.366989 0.054436
vt 0.358400 0.949450
vt 0.762370 0.374833
vt 0.977034 0.025371
vt 0.116556 0.011522
vt 0.571842 0.974939
vt 0.104239 0.955162
vt 0.171915 0.874282
vt 0.392636 0.116983
vt 0.914072 0.962129
vt 0.018336 0.718493
vt 0.944583 0.958662
vt 0.030962 0.690708
vt 0.787015 0.653749
vt 0.251225 0.074854
vt 0.899172 0.686524
vt 0.392343 0.125042
vt 0.024935 0.720218
vt 0.357349 0.250365
vt 0.370633 0.065522
vt 0.670895 0.260967
vt 0.413324 0.110841
vt 0.116284 0.749976
vt 0.371864 0.061628
vt 0.399641 0.115724
vt 0.913828 0.954672
vt 0.105250 0.749335
vt 0.043160 0.218366
vt 0.258902 0.438954
vt 0.257105 0.058135
vt 0.166072 0.889182
vt 0.898084 0.961439
vt 0.243051 0.390867
vt 0.797288 0.651778
vt 0.262042 0.399938
vt 0.261044 0.069284
vt 0.530751 0.743876
vt 0.528055 0.987668
vt 0.886196 0.471290
vt 0.680764 0.933241
vt 0.894379 0.497357
vt 0.654370 0.940526
vt 0.982236 0.262128
vt 0.302859 0.591488
vt 0.346293 0.235969
vt 0.295862 0.429694
vt 0.981559 0.266645
vt 0.063085 0.256293
vt 0.302000 0.625720
vt 0.036171 0.844673
vt 0.948327 0.760217
vt 0.752539 0.328965
vt 0.247077 0.038477
vt 0.245617 0.038450
vt 0.366108 0.967972
vt 0.947878 0.741001
vt 0.766309 0.356859
vt 0.366981 0.149229
vt 0.040765 0.845051
vt 0.905894 0.661392
vt 0.177232 0.504560
vt 0.526985 0.967572
vt 0.373738 0.950145
vt 0.768500 0.368592
vt 0.768555 0.366455
vt 0.387696 0.043943
vt 0.919038 0.162040
vt 0.373089 0.963271
vt 0.774860 0.359332
vt 0.112387 0.018044
vt 0.996792 0.710441
vt 0.555855 0.539205
vt 0.528076 0.742676
vt 0.523943 0.986744
vt 0.484894 0.839527
vt 0.183752 0.536359
vt 0.904720 0.954764
vt 0.246459 0.384015
vt 0.987199 0.749806
vt 0.057557 0.288582
vt 0.246721 0.993086
vt 0.011285 0.329260
vt 0.947350 0.368406
vt 0.982604 0.744680
vt 0.249163 0.393415
vt 0.366788 0.018814
vt 0.911479 0.143695
vt 0.070257 0.279422
vt 0.291705 0.637200
vt 0.968048 0.752878
vt 0.266707 0.395570
vt 0.295181 0.639849
vt 0.272156 0.398657
vt 0.795786 0.656240
vt 0.762233 0.365863
vt 0.334334 0.221125
vt 0.814296 0.638465
vt 0.884990 0.483653
vt 0.883610 0.478015
vt 0.673975 0.937312
vt 0.177613 0.535574
vt 0.241626 0.982985
vt 0.878561 0.465506
vt 0.680285 0.920966
vt 0.981246 0.068603
vt 0.370885 0.969251
vt 0.766295 0.360784
vt 0.364071 0.157225
vt 0.897359 0.644565
vt 0.670895 0.191168
vt 0.127356 0.751929
vt 0.543627 0.548110
vt 0.975579 0.016399
vt 0.116451 0.020822
vt 0.993599 0.716102
vt 0.892969 0.686769
vt 0.915554 0.949048
vt 0.032903 0.716809
vt 0.043842 0.223725
vt 0.173101 0.895652
vt 0.896142 0.954682
vt 0.254969 0.989814
vt 0.666798 0.917416
vt 0.384827 0.058263
vt 0.350133 0.261475
vt 0.101360 0.785677
vt 0.075641 0.219509
vt 0.258578 0.035117
vt 0.331834 0.344427
vt 0.318767 0.333846
vt 0.266430 0.038708
vt 0.329228 0.350683
vt 0.340742 0.250516
vt 0.873291 0.734375
vt 0.801217 0.660634
vt 0.681707 0.970456
vt 0.271320 0.234629
vt 0.973776 0.749068
vt 0.266711 0.391932
vt 0.271965 0.061697
vt 0.340605 0.350744
vt 0.003787 0.314742
vt 0.006531 0.594380
vt 0.003076 0.748030
vt 0.002203 0.222136
vt 0.255182 0.992996
vt 0.662231 0.917876
vt 0.003714 0.326027
vt 0.955935 0.372187
vt 0.897286 0.949536
vt 0.057013 0.285771
vt 0.007126 0.326237
vt 0.953579 0.370567
vt 0.902184 0.951473
vt 0.064791 0.284090
vt 0.988676 0.754395
vt 0.059955 0.285567
vt 0.056356 0.288409
vt 0.253943 0.995717
vt 0.008331 0.329904
vt 0.954360 0.374436
vt 0.656975 0.917495
vt 0.006063 0.314583
vt 0.007587 0.593752
vt 0.522708 0.743080
vt 0.489742 0.838708
vt 0.102922 0.011336
vt 0.475995 0.981442
vt 0.880429 0.471689
vt 0.671975 0.938632
vt 0.900426 0.948970
vt 0.060387 0.284714
vt 0.055582 0.288061
vt 0.956084 0.372560
vt 0.661585 0.919644
vt 0.900886 0.951203
vt 0.972168 0.754883
vt 0.062199 0.282929
vt 0.005348 0.749403
vt 0.004552 0.220469
vt 0.988079 0.753184
vt 0.058539 0.287184
vt 0.336610 0.346680
vt 0.346115 0.264814
vt 0.391185 0.058250
vt 0.068510 0.283873
vt 0.983716 0.753280
vt 0.340591 0.244461
vt 0.404697 0.059241
vt 0.004041 0.315366
vt 0.007583 0.592527
vt 0.551582 0.540513
vt 0.983336 0.706197
vt 0.559827 0.536427
vt 0.104379 0.013950
vt 0.476257 0.988487
vt 0.253831 0.994985
vt 0.956298 0.372751
vt 0.658963 0.917796
vt 0.635762 0.254392
vt 0.412106 0.079351
vt 0.001653 0.749971
vt 0.000363 0.220457
vt 0.260818 0.445648
vt 0.986439 0.268851
vt 0.269490 0.445206
vt 0.254639 0.996747
vt 0.005615 0.329328
vt 0.954884 0.373126
vt 0.812728 0.661847
vt 0.260503 0.238277
vt 0.730301 0.362531
vt 0.887503 0.951155
vt 0.058928 0.281925
vt 0.390823 0.047481
vt 0.547291 0.539662
vt 0.989053 0.720442
vt 0.952125 0.374380
vt 0.649206 0.920704
vt 0.885265 0.680670
vt 0.046380 0.234107
vt 0.125202 0.755102
vt 0.508641 0.838880
vt 0.458826 0.986823
vt 0.462966 0.849261
vt 0.193961 0.558569
vt 0.572993 0.516603
vt 0.168253 0.544604
vt 0.485523 0.851243
vt 0.716680 0.339638
vt 0.351559 0.342287
vt 0.397770 0.016866
vt 0.817162 0.660494
vt 0.257995 0.227146
vt 0.921625 0.141327
vt 0.077401 0.222774
vt 0.106054 0.786695
vt 0.557123 0.498292
vt 0.744352 0.329641
vt 0.261895 0.022639
vt 0.320246 0.321251
vt 0.345637 0.340830
vt 0.071241 0.270972
vt 0.969096 0.755118
vt 0.298863 0.628626
vt 0.330104 0.246090
vt 0.406007 0.048588
vt 0.825192 0.635750
vt 0.487989 0.847319
vt 0.083010 0.961364
vt 0.176086 0.886963
vt 0.175421 0.892459
vt 0.876002 0.948372
vt 0.286134 0.625548
vt 0.055336 0.275060
vt 0.953280 0.382506
vt 0.646469 0.925109
vt 0.567077 0.983439
vt 0.090175 0.968878
vt 0.052583 0.253261
vt 0.287708 0.595789
vt 0.496818 0.851606
vt 0.557865 0.530652
vt 0.474643 0.994768
vt 0.953708 0.743384
vt 0.758798 0.357672
vt 0.650528 0.209129
vt 0.119880 0.192889
vt 0.705013 0.476536
vt 0.118949 0.912578
vt 0.122313 0.164279
vt 0.696081 0.456066
vt 0.452079 0.943641
vt 0.695125 0.910756
vt 0.152152 0.813044
vt 0.505067 0.123440
vt 0.423325 0.584335
vt 0.031250 0.412842
vt 0.844482 0.843262
vt 0.779007 0.427182
vt 0.602963 0.797186
vt 0.481468 0.953113
vt 0.353264 0.992673
vt 0.723145 0.434827
vt 0.289703 0.542562
vt 0.198501 0.240303
vt 0.953568 0.905230
vt 0.367209 0.814700
vt 0.358460 0.858340
vt 0.349793 0.865378
vt 0.450187 0.140368
vt 0.789497 0.373651
vt 0.083802 0.495784
vt 0.036541 0.106210
vt 0.037756 0.389613
vt 0.841339 0.861453
vt 0.787820 0.383480
vt 0.070456 0.478840
vt 0.785021 0.409559
vt 0.779928 0.416772
vt 0.729169 0.459488
vt 0.263372 0.535670
vt 0.151268 0.188895
vt 0.497350 0.093068
vt 0.977883 0.810513
vt 0.020297 0.120714
vt 0.797485 0.823975
vt 0.823001 0.832520
vt 0.150391 0.350341
vt 0.234618 0.232793
vt 0.227730 0.237166
vt 0.743922 0.844491
vt 0.414381 0.811535
vt 0.822998 0.777828
vt 0.787109 0.407715
vt 0.821042 0.383545
vt 0.222388 0.237912
vt 0.198485 0.293338
vt 0.199130 0.268500
vt 0.399811 0.813391
vt 0.036101 0.129615
vt 0.801328 0.847501
vt 0.933192 0.912494
vt 0.367434 0.845690
vt 0.766268 0.677921
vt 0.863724 0.767303
vt 0.815399 0.428658
vt 0.604978 0.771981
vt 0.420305 0.043524
vt 0.476927 0.324293
vt 0.437806 0.107430
vt 0.207955 0.374357
vt 0.118117 0.813665
vt 0.494390 0.086422
vt 0.755130 0.879395
vt 0.811522 0.671143
vt 0.414840 0.845285
vt 0.815755 0.379582
vt 0.815657 0.772203
vt 0.609088 0.790390
vt 0.784544 0.854248
vt 0.044597 0.124172
vt 0.244938 0.842043
vt 0.242275 0.225958
vt 0.753504 0.851888
vt 0.354449 0.991105
vt 0.725405 0.433393
vt 0.107407 0.542232
vt 0.212312 0.254591
vt 0.950431 0.885163
vt 0.623438 0.951076
vt 0.383147 0.812271
vt 0.693511 0.932799
vt 0.007419 0.286997
vt 0.500433 0.135691
vt 0.118170 0.199110
vt 0.364268 0.856700
vt 0.491503 0.139646
vt 0.710560 0.929066
vt 0.742147 0.451843
vt 0.290122 0.548389
vt 0.357527 0.983997
vt 0.099073 0.544387
vt 0.731513 0.433165
vt 0.116487 0.538837
vt 0.128750 0.809158
vt 0.505673 0.093615
vt 0.809467 0.369555
vt 0.026216 0.384225
vt 0.776399 0.856001
vt 0.044817 0.112160
vt 0.793111 0.366035
vt 0.249781 0.541306
vt 0.152076 0.190740
vt 0.879529 0.982518
vt 0.027272 0.406792
vt 0.849727 0.858185
vt 0.145811 0.809326
vt 0.510617 0.116137
vt 0.509033 0.100586
vt 0.355579 0.974669
vt 0.103352 0.541592
vt 0.194573 0.950685
vt 0.192801 0.954833
vt 0.196101 0.957415
vt 0.458560 0.925005
vt 0.692222 0.463380
vt 0.455377 0.936042
vt 0.356146 0.988054
vt 0.103088 0.543925
vt 0.727855 0.433350
vt 0.110596 0.542969
vt 0.770347 0.679948
vt 0.927652 0.904338
vt 0.757743 0.686194
vt 0.789204 0.361527
vt 0.087176 0.487288
vt 0.102105 0.543696
vt 0.111751 0.542311
vt 0.621378 0.800133
vt 0.407450 0.850444
vt 0.253468 0.874462
vt 0.817356 0.685486
vt 0.814869 0.678078
vt 0.867096 0.753833
vt 0.622739 0.772830
vt 0.214833 0.220033
vt 0.225066 0.296421
vt 0.813891 0.367361
vt 0.812734 0.756831
vt 0.926789 0.898069
vt 0.601419 0.950599
vt 0.760635 0.690314
vt 0.207543 0.247226
vt 0.946902 0.895955
vt 0.481817 0.950821
vt 0.353819 0.989701
vt 0.104980 0.542969
vt 0.104000 0.542728
vt 0.125493 0.809354
vt 0.500976 0.084222
vt 0.962629 0.811923
vt 0.835319 0.826341
vt 0.609671 0.799915
vt 0.193922 0.957314
vt 0.458502 0.933132
vt 0.025572 0.387913
vt 0.041371 0.107254
vt 0.034672 0.566195
vt 0.279401 0.568033
vt 0.241010 0.549369
vt 0.220552 0.231906
vt 0.207259 0.296481
vt 0.026992 0.390563
vt 0.191523 0.956651
vt 0.184036 0.951569
vt 0.460548 0.930106
vt 0.172831 0.951216
vt 0.170289 0.963732
vt 0.482858 0.940205
vt 0.349022 0.977547
vt 0.099932 0.539283
vt 0.101765 0.522323
vt 0.745888 0.427100
vt 0.115922 0.527112
vt 0.610341 0.805973
vt 0.070935 0.467389
vt 0.770785 0.430454
vt 0.288747 0.558614
vt 0.026333 0.402961
vt 0.941711 0.896051
vt 0.613825 0.955395
vt 0.789025 0.355181
vt 0.089757 0.480355
vt 0.795611 0.361361
vt 0.127968 0.505852
vt 0.757159 0.440338
vt 0.293443 0.569794
vt 0.031964 0.392471
vt 0.116322 0.202373
vt 0.349045 0.973163
vt 0.101467 0.529533
vt 0.191920 0.952006
vt 0.458767 0.924345
vt 0.169664 0.956225
vt 0.135822 0.211635
vt 0.234173 0.559814
vt 0.223442 0.228882
vt 0.120287 0.207241
vt 0.231272 0.563803
vt 0.137623 0.208279
vt 0.239891 0.559760
vt 0.143551 0.199387
vt 0.183787 0.963761
vt 0.117779 0.212458
vt 0.236897 0.570123
vt 0.235840 0.567871
vt 0.194698 0.959413
vt 0.191905 0.953412
vt 0.612135 0.804024
vt 0.188070 0.956071
vt 0.933085 0.890141
vt 0.612880 0.947315
vt 0.813362 0.351229
vt 0.820370 0.746009
vt 0.109415 0.479095
vt 0.127950 0.891383
vt 0.113626 0.201769
vt 0.800472 0.530042
vt 0.967025 0.285501
vt 0.193510 0.953098
vt 0.194039 0.961815
vt 0.688435 0.468945
vt 0.699256 0.909868
vt 0.156508 0.809091
vt 0.698621 0.914731
vt 0.001948 0.287257
vt 0.509370 0.126326
vt 0.195557 0.941008
vt 0.691109 0.787244
vt 0.086828 0.462658
vt 0.399695 0.350505
vt 0.460599 0.068850
vt 0.010169 0.502698
vt 0.348849 0.876670
vt 0.445809 0.150725
vt 0.126282 0.799002
vt 0.822317 0.750366
vt 0.811953 0.690124
vt 0.958013 0.667272
vt 0.256435 0.877855
vt 0.151832 0.896927
vt 0.113950 0.219030
vt 0.241822 0.572427
vt 0.044948 0.133259
vt 0.793499 0.845510
vt 0.037813 0.576393
vt 0.256747 0.567457
vt 0.694564 0.489547
vt 0.131699 0.910030
vt 0.017980 0.388131
vt 0.779805 0.847348
vt 0.623880 0.789991
vt 0.715526 0.913376
vt 0.155000 0.796122
vt 0.620655 0.808056
vt 0.673965 0.796584
vt 0.071304 0.451601
vt 0.767026 0.429751
vt 0.225569 0.269521
vt 0.787655 0.842179
vt 0.169170 0.970844
vt 0.114393 0.513977
vt 0.291533 0.571717
vt 0.973100 0.264355
vt 0.180551 0.973841
vt 0.100540 0.505369
vt 0.972935 0.813177
vt 0.157772 0.326709
vt 0.984697 0.962936
vt 0.951137 0.671272
vt 0.254463 0.882342
vt 0.109505 0.135621
vt 0.821217 0.689422
vt 0.251186 0.558125
vt 0.785307 0.703773
vt 0.607062 0.934449
vt 0.144244 0.891923
vt 0.109277 0.208070
vt 0.096144 0.469597
vt 0.728428 0.978493
vt 0.017582 0.394628
vt 0.772580 0.848669
vt 0.872872 0.980573
vt 0.860945 0.979442
vt 0.967303 0.668187
vt 0.258587 0.875123
vt 0.700756 0.926178
vt 0.002897 0.280515
vt 0.202416 0.341209
vt 0.140738 0.790750
vt 0.187885 0.316614
vt 0.991570 0.969312
vt 0.229296 0.258948
vt 0.629271 0.939502
vt 0.956676 0.682973
vt 0.097929 0.131086
vt 0.371942 0.864054
vt 0.185681 0.330947
vt 0.726591 0.920180
vt 0.297680 0.927992
vt 0.973913 0.678237
vt 0.762358 0.877841
vt 0.412984 0.849783
vt 0.264504 0.869324
vt 0.238437 0.212406
vt 0.823973 0.755848
vt 0.224236 0.364945
vt 0.113087 0.798325
vt 0.416011 0.753311
vt 0.454102 0.086670
vt 0.462907 0.333989
vt 0.201130 0.366283
vt 0.027839 0.399443
vt 0.402458 0.584173
vt 0.952172 0.810010
vt 0.844340 0.827268
vt 0.225574 0.218101
vt 0.104538 0.124299
vt 0.697867 0.716320
vt 0.813348 0.697100
vt 0.816032 0.693658
vt 0.407835 0.761868
vt 0.910852 0.280907
vt 0.218809 0.360422
vt 0.172407 0.368710
vt 0.413695 0.748568
vt 0.190977 0.970416
vt 0.968273 0.278692
vt 0.774008 0.698933
vt 0.597664 0.936383
vt 0.417245 0.052623
vt 0.462677 0.345395
vt 0.963143 0.818708
vt 0.153287 0.313398
vt 0.980947 0.969741
vt 0.048344 0.575519
vt 0.144053 0.898699
vt 0.246794 0.574174
vt 0.123686 0.502662
vt 0.286488 0.570262
vt 0.040507 0.560856
vt 0.105159 0.501255
vt 0.966902 0.260524
vt 0.968737 0.813928
vt 0.981815 0.966010
vt 0.899225 0.624820
vt 0.132767 0.890311
vt 0.141174 0.889297
vt 0.109645 0.202123
vt 0.790659 0.710071
vt 0.237339 0.258283
vt 0.615103 0.934919
vt 0.966902 0.676345
vt 0.210465 0.355972
vt 0.125653 0.790250
vt 0.978868 0.869773
vt 0.872937 0.987061
vt 0.861378 0.856377
vt 0.760010 0.834229
vt 0.871343 0.983037
vt 0.106807 0.466892
vt 0.830122 0.744482
vt 0.901262 0.623393
vt 0.897997 0.624720
vt 0.138545 0.892434
vt 0.448733 0.920797
vt 0.445896 0.925388
vt 0.198730 0.331055
vt 0.721143 0.911081
vt 0.765625 0.433350
vt 0.620321 0.803111
vt 0.900357 0.622489
vt 0.137625 0.891710
vt 0.851928 0.749480
vt 0.731109 0.974779
vt 0.859858 0.980758
vt 0.802321 0.527268
vt 0.683099 0.482154
vt 0.959331 0.277000
vt 0.409997 0.759088
vt 0.217464 0.359673
vt 0.118496 0.793604
vt 0.786794 0.830660
vt 0.136836 0.328493
vt 0.972066 0.689844
vt 0.963212 0.263351
vt 0.690947 0.490732
vt 0.105930 0.493093
vt 0.137971 0.909709
vt 0.623667 0.765076
vt 0.545166 0.137695
vt 0.865481 0.747424
vt 0.552530 0.682468
vt 0.799858 0.534726
vt 0.950062 0.285412
vt 0.621025 0.809161
vt 0.689941 0.804932
vt 0.074374 0.450478
vt 0.446089 0.921720
vt 0.717829 0.910941
vt 0.154213 0.792840
vt 0.730229 0.962447
vt 0.760636 0.827640
vt 0.761240 0.835284
vt 0.868980 0.986778
vt 0.231369 0.198554
vt 0.445537 0.924670
vt 0.722303 0.910104
vt 0.151922 0.791733
vt 0.802711 0.528449
vt 0.683029 0.479080
vt 0.201392 0.333485
vt 0.172616 0.342677
vt 0.724773 0.909280
vt 0.148038 0.790022
vt 0.767178 0.833269
vt 0.442153 0.936783
vt 0.412447 0.787622
vt 0.202037 0.340459
vt 0.175705 0.348582
vt 0.141208 0.788208
vt 0.460120 0.333815
vt 0.760876 0.834806
vt 0.871355 0.987192
vt 0.737482 0.983411
vt 0.772729 0.841940
vt 0.414520 0.768362
vt 0.075522 0.452878
vt 0.374236 0.587709
vt 0.781162 0.829118
vt 0.137802 0.304593
vt 0.730263 0.972546
vt 0.766699 0.841537
vt 0.861327 0.983666
vt 0.189757 0.346564
vt 0.379610 0.589350
vt 0.148427 0.307548
vt 0.419691 0.759075
vt 0.458600 0.310641
vt 0.193484 0.360422
vt 0.540123 0.124056
vt 0.849061 0.742762
vt 0.919034 0.606112
vt 0.109927 0.494205
vt 0.146698 0.913652
vt 0.820299 0.515531
vt 0.118928 0.499186
vt 0.821687 0.504156
vt 0.040103 0.559369
vt 0.920446 0.609486
vt 0.149832 0.910707
vt 0.053134 0.568410
vt 0.238068 0.280558
vt 0.761681 0.835659
vt 0.871094 0.987305
vt 0.692131 0.800129
vt 0.088442 0.451783
vt 0.686162 0.730805
vt 0.800145 0.707533
vt 0.241086 0.262337
vt 0.529603 0.117726
vt 0.838756 0.736602
vt 0.100803 0.459791
vt 0.698403 0.787120
vt 0.674509 0.796633
vt 0.072218 0.451148
vt 0.380762 0.863386
vt 0.447808 0.919753
vt 0.445903 0.926471
vt 0.172767 0.338014
vt 0.147697 0.789307
vt 0.536610 0.132747
vt 0.856275 0.738314
vt 0.772560 0.718084
vt 0.739160 0.983088
vt 0.360917 0.591480
vt 0.770976 0.842285
vt 0.767048 0.822955
vt 0.857975 0.985925
vt 0.621451 0.808239
vt 0.673692 0.799401
vt 0.234332 0.272846
vt 0.670439 0.730399
vt 0.692863 0.720004
vt 0.809715 0.703349
vt 0.624376 0.765618
vt 0.548844 0.136587
vt 0.795455 0.732284
vt 0.730209 0.961206
vt 0.977552 0.868343
vt 0.760742 0.834473
vt 0.870605 0.987305
vt 0.871699 0.987490
vt 0.761020 0.834045
vt 0.450616 0.306993
vt 0.916909 0.278218
vt 0.186084 0.365069
vt 0.240497 0.276127
vt 0.356344 0.832078
vt 0.664681 0.732137
vt 0.730615 0.971434
vt 0.763211 0.824193
vt 0.859816 0.983273
vt 0.622348 0.808228
vt 0.673931 0.796196
vt 0.071777 0.450684
vt 0.900764 0.296347
vt 0.420903 0.735287
vt 0.689174 0.745156
vt 0.635010 0.764648
vt 0.545875 0.123573
vt 0.362414 0.579385
vt 0.677732 0.794138
vt 0.355822 0.843121
vt 0.667019 0.737742
vt 0.372354 0.581245
vt 0.140112 0.298029
vt 0.198475 0.935302
vt 0.699141 0.776301
vt 0.786381 0.730453
vt 0.779904 0.727923
vt 0.735801 0.971879
vt 0.900644 0.302056
vt 0.429455 0.739706
vt 0.215258 0.216979
vt 0.233792 0.297138
vt 0.350501 0.813395
vt 0.459109 0.337767
vt 0.198827 0.921839
vt 0.527654 0.109621
vt 0.708238 0.782940
vt 0.522846 0.829160
vt 0.108439 0.108201
vt 0.699284 0.757501
vt 0.062331 0.555976
vt 0.220799 0.095020
vt 0.814537 0.526380
vt 0.910841 0.603803
vt 0.590822 0.687087
vt 0.813756 0.497893
vt 0.580701 0.691278
vt 0.812348 0.511549
vt 0.748956 0.701895
vt 0.358294 0.574275
vt 0.061816 0.564804
vt 0.214482 0.084880
vt 0.919203 0.619541
vt 0.680966 0.800124
vt 0.374035 0.868354
vt 0.107194 0.113332
vt 0.703634 0.717938
vt 0.438602 0.921818
vt 0.147136 0.788295
vt 0.820419 0.497806
vt 0.043147 0.558581
vt 0.906942 0.620474
vt 0.806348 0.523959
vt 0.952890 0.281980
vt 0.455576 0.335228
vt 0.591709 0.678567
vt 0.611983 0.690933
vt 0.036131 0.551036
vt 0.823241 0.493409
vt 0.051677 0.548673
vt 0.219193 0.106390
vt 0.043600 0.548387
vt 0.240531 0.095556
vt 0.904564 0.625097
vt 0.893350 0.621705
vt 0.029556 0.638876
vt 0.542073 0.100962
vt 0.534438 0.104770
vt 0.237569 0.189642
vt 0.011577 0.475285
vt 0.280279 0.939244
vt 0.263192 0.843329
vt 0.540023 0.098715
vt 0.786640 0.752481
vt 0.961543 0.890925
vt 0.420249 0.559785
vt 0.855911 0.837261
vt 0.217804 0.215731
vt 0.391292 0.589103
vt 0.959564 0.818407
vt 0.151243 0.310579
vt 0.965088 0.699219
vt 0.964111 0.699463
vt 0.096864 0.117079
vt 0.023530 0.493583
vt 0.975281 0.689686
vt 0.268506 0.864503
vt 0.685623 0.749649
vt 0.817086 0.532917
vt 0.036542 0.634127
vt 0.904746 0.601772
vt 0.570559 0.129148
vt 0.551514 0.136230
vt 0.639391 0.774657
vt 0.189113 0.920249
vt 0.528824 0.096969
vt 0.430765 0.766248
vt 0.614168 0.683853
vt 0.799513 0.006975
vt 0.035332 0.546589
vt 0.244097 0.102278
vt 0.788203 0.733215
vt 0.219955 0.208335
vt 0.763152 0.709262
vt 0.357619 0.582622
vt 0.671180 0.793029
vt 0.629588 0.807193
vt 0.803656 0.519003
vt 0.560788 0.684621
vt 0.947553 0.284394
vt 0.435828 0.305267
vt 0.915754 0.285383
vt 0.022705 0.492920
vt 0.284354 0.931383
vt 0.267369 0.863037
vt 0.436082 0.935274
vt 0.432422 0.934047
vt 0.419172 0.777003
vt 0.890765 0.625936
vt 0.198087 0.082148
vt 0.910065 0.626098
vt 0.533732 0.096322
vt 0.625137 0.805675
vt 0.548760 0.098288
vt 0.961269 0.695664
vt 0.092402 0.120633
vt 0.921034 0.625572
vt 0.208717 0.086685
vt 0.025879 0.491699
vt 0.967415 0.699475
vt 0.100032 0.110196
vt 0.346632 0.844783
vt 0.516911 0.867579
vt 0.663440 0.744290
vt 0.420560 0.066040
vt 0.448635 0.346998
vt 0.219892 0.195911
vt 0.041967 0.737921
vt 0.335729 0.814204
vt 0.378935 0.872175
vt 0.793707 0.733041
vt 0.796972 0.736489
vt 0.973164 0.866336
vt 0.814720 0.024074
vt 0.219434 0.882076
vt 0.228487 0.113610
vt 0.212146 0.116901
vt 0.605399 0.092632
vt 0.187743 0.938171
vt 0.684238 0.771166
vt 0.373528 0.316444
vt 0.385515 0.867384
vt 0.440229 0.918712
vt 0.629415 0.804047
vt 0.758217 0.716002
vt 0.353235 0.578736
vt 0.807403 0.510524
vt 0.574414 0.686516
vt 0.424853 0.774358
vt 0.382224 0.870404
vt 0.480509 0.065083
vt 0.010742 0.502686
vt 0.371675 0.879298
vt 0.373830 0.880710
vt 0.527861 0.844944
vt 0.684085 0.760499
vt 0.212486 0.208392
vt 0.345221 0.813412
vt 0.920953 0.294457
vt 0.433785 0.758998
vt 0.214455 0.209946
vt 0.206314 0.094375
vt 0.598839 0.100103
vt 0.599937 0.114998
vt 0.668881 0.776074
vt 0.641029 0.803531
vt 0.631760 0.808332
vt 0.422852 0.077881
vt 0.439940 0.350096
vt 0.576104 0.682112
vt 0.577673 0.671121
vt 0.175135 0.914785
vt 0.542078 0.089570
vt 0.564341 0.679497
vt 0.793716 0.743717
vt 0.968835 0.873094
vt 0.516479 0.853577
vt 0.677245 0.751261
vt 0.637464 0.799557
vt 0.881479 0.624755
vt 0.190913 0.095263
vt 0.886763 0.625795
vt 0.195889 0.090216
vt 0.951989 0.220682
vt 0.551757 0.085937
vt 0.564925 0.092273
vt 0.645103 0.769424
vt 0.967642 0.693132
vt 0.632347 0.802106
vt 0.773629 0.730558
vt 0.282199 0.921974
vt 0.020045 0.487815
vt 0.092591 0.104094
vt 0.426275 0.921014
vt 0.414459 0.934818
vt 0.433602 0.775056
vt 0.222777 0.177092
vt 0.019969 0.476756
vt 0.057183 0.757296
vt 0.539064 0.834977
vt 0.093019 0.092422
vt 0.795004 0.541851
vt 0.744639 0.722185
vt 0.365004 0.561770
vt 0.378299 0.303552
vt 0.424282 0.916945
vt 0.772127 0.728959
vt 0.551106 0.093181
vt 0.787743 0.744150
vt 0.886027 0.620884
vt 0.019570 0.653412
vt 0.558762 0.670982
vt 0.789797 0.542562
vt 0.479009 0.069582
vt 0.005640 0.503544
vt 0.385301 0.327250
vt 0.381208 0.883931
vt 0.274546 0.925714
vt 0.006167 0.492283
vt 0.603319 0.085439
vt 0.181299 0.938090
vt 0.344407 0.850283
vt 0.524885 0.871471
vt 0.879727 0.622257
vt 0.017719 0.655205
vt 0.188159 0.878691
vt 0.183533 0.096074
vt 0.174669 0.931928
vt 0.555377 0.666049
vt 0.792038 0.545804
vt 0.528398 0.863268
vt 0.204519 0.106229
vt 0.442169 0.064336
vt 0.418497 0.346661
vt 0.433559 0.138143
vt 0.634558 0.790198
vt 0.572830 0.666150
vt 0.170236 0.918032
vt 0.558394 0.660480
vt 0.790960 0.547907
vt 0.205079 0.878340
vt 0.199133 0.108874
vt 0.531659 0.848253
vt 0.174662 0.934357
vt 0.531543 0.866075
vt 0.051316 0.736722
vt 0.334409 0.815916
vt 0.189018 0.877774
vt 0.183044 0.100425
vt 0.405081 0.549299
vt 0.767211 0.735521
vt 0.425890 0.308769
vt 0.936034 0.292969
vt 0.412199 0.936319
vt 0.446044 0.767091
vt 0.004784 0.502044
vt 0.385094 0.301242
vt 0.414762 0.919998
vt 0.272483 0.935296
vt 0.006015 0.484517
vt 0.886246 0.615113
vt 0.014287 0.654840
vt 0.187990 0.881734
vt 0.181463 0.105988
vt 0.929708 0.220819
vt 0.593996 0.085848
vt 0.170778 0.939596
vt 0.580056 0.091630
vt 0.559079 0.649893
vt 0.793624 0.552983
vt 0.024792 0.629804
vt 0.196528 0.910140
vt 0.537083 0.845676
vt 0.590337 0.662595
vt 0.813427 0.007864
vt 0.212063 0.908353
vt 0.579983 0.661439
vt 0.166128 0.916125
vt 0.951076 0.222100
vt 0.545705 0.082908
vt 0.066987 0.741895
vt 0.335307 0.858311
vt 0.539632 0.870368
vt 0.404054 0.578122
vt 0.477295 0.069580
vt 0.009382 0.502836
vt 0.477073 0.069587
vt 0.395040 0.339831
vt 0.479492 0.070068
vt 0.006347 0.503520
vt 0.394405 0.337282
vt 0.396409 0.343867
vt 0.477093 0.069588
vt 0.009521 0.502686
vt 0.009766 0.502930
vt 0.606087 0.512621
vt 0.985888 0.320188
vt 0.615956 0.497104
vt 0.855355 0.960258
vt 0.242958 0.789506
vt 0.190300 0.703990
vt 0.526356 0.279042
vt 0.733148 0.244145
vt 0.543661 0.256583
vt 0.797729 0.902753
vt 0.519742 0.572039
vt 0.098669 0.390179
vt 0.281260 0.133565
vt 0.081290 0.758969
vt 0.075928 0.721436
vt 0.317404 0.949090
vt 0.925321 0.672090
vt 0.923032 0.659473
vt 0.827051 0.893072
vt 0.088073 0.361702
vt 0.725014 0.289557
vt 0.473148 0.225345
vt 0.710693 0.153870
vt 0.460422 0.232895
vt 0.742368 0.300804
vt 0.268369 0.120681
vt 0.285513 0.127532
vt 0.742672 0.025166
vt 0.201158 0.017717
vt 0.962038 0.113231
vt 0.163295 0.994903
vt 0.232362 0.829962
vt 0.248731 0.818518
vt 0.212455 0.701891
vt 0.482903 0.559740
vt 0.067629 0.370849
vt 0.930936 0.669950
vt 0.531002 0.245363
vt 0.245614 0.133304
vt 0.028012 0.743286
vt 0.210657 0.050795
vt 0.196508 0.051318
vt 0.953856 0.106903
vt 0.494877 0.563234
vt 0.075442 0.408199
vt 0.649706 0.529604
vt 0.210753 0.673632
vt 0.348293 0.949851
vt 0.902060 0.088962
vt 0.921252 0.647137
vt 0.649126 0.502035
vt 0.904798 0.109691
vt 0.063718 0.663499
vt 0.931153 0.645513
vt 0.688646 0.855890
vt 0.694336 0.844238
vt 0.958643 0.104167
vt 0.695901 0.857422
vt 0.963015 0.112726
vt 0.980116 0.315565
vt 0.613640 0.490349
vt 0.161627 0.992699
vt 0.717486 0.170103
vt 0.483267 0.202651
vt 0.337897 0.939889
vt 0.908448 0.080176
vt 0.644025 0.493762
vt 0.617507 0.492899
vt 0.907604 0.084784
vt 0.979926 0.105881
vt 0.091045 0.743059
vt 0.172993 0.013774
vt 0.930778 0.676167
vt 0.085159 0.756850
vt 0.243424 0.823150
vt 0.235444 0.829457
vt 0.317228 0.944797
vt 0.410460 0.861791
vt 0.831612 0.908655
vt 0.078999 0.346564
vt 0.286816 0.142217
vt 0.380591 0.990713
vt 0.601210 0.515429
vt 0.830893 0.952197
vt 0.231352 0.786640
vt 0.750209 0.021313
vt 0.753906 0.021484
vt 0.942839 0.526844
vt 0.976516 0.313206
vt 0.980226 0.315834
vt 0.164290 0.992008
vt 0.862929 0.940511
vt 0.622154 0.488418
vt 0.161173 0.986729
vt 0.711749 0.139036
vt 0.763918 0.297631
vt 0.902850 0.807730
vt 0.522867 0.792974
vt 0.597753 0.868696
vt 0.235657 0.824087
vt 0.317108 0.939271
vt 0.219487 0.678000
vt 0.694373 0.847314
vt 0.147228 0.984302
vt 0.320486 0.940873
vt 0.910524 0.073203
vt 0.942139 0.526367
vt 0.979894 0.316242
vt 0.164795 0.989502
vt 0.614014 0.489990
vt 0.745906 0.960360
vt 0.009985 0.558485
vt 0.866524 0.945285
vt 0.166043 0.982695
vt 0.616103 0.487260
vt 0.979094 0.317127
vt 0.614258 0.489502
vt 0.849688 0.973406
vt 0.229461 0.825526
vt 0.221183 0.697558
vt 0.942012 0.525083
vt 0.977918 0.315904
vt 0.164609 0.987316
vt 0.613766 0.488313
vt 0.826806 0.281207
vt 0.809098 0.917807
vt 0.511320 0.581174
vt 0.797726 0.918280
vt 0.647684 0.493038
vt 0.021833 0.733923
vt 0.113189 0.378768
vt 0.197682 0.072172
vt 0.953532 0.086912
vt 0.852318 0.964353
vt 0.233901 0.818419
vt 0.708693 0.847065
vt 0.743986 0.954445
vt 0.159451 0.982285
vt 0.168593 0.011785
vt 0.933648 0.675753
vt 0.515896 0.795461
vt 0.755852 0.241175
vt 0.547752 0.240360
vt 0.476321 0.796630
vt 0.759616 0.230081
vt 0.538231 0.228586
vt 0.869900 0.286087
vt 0.490092 0.576494
vt 0.290629 0.138300
vt 0.735556 0.060928
vt 0.600262 0.869126
vt 0.088868 0.756084
vt 0.238352 0.824023
vt 0.293353 0.144527
vt 0.112948 0.702119
vt 0.596677 0.872238
vt 0.318916 0.937920
vt 0.010536 0.560809
vt 0.866522 0.947443
vt 0.974094 0.318321
vt 0.843822 0.961125
vt 0.231214 0.800310
vt 0.608763 0.865764
vt 0.989359 0.096495
vt 0.115541 0.710118
vt 0.324897 0.937825
vt 0.752649 0.951534
vt 0.072490 0.561191
vt 0.123125 0.707965
vt 0.755725 0.957219
vt 0.009929 0.544177
vt 0.120716 0.702282
vt 0.989135 0.085647
vt 0.331146 0.937374
vt 0.913777 0.082593
vt 0.088234 0.561352
vt 0.287818 0.963562
vt 0.164605 0.005881
vt 0.937741 0.673337
vt 0.843525 0.970255
vt 0.725520 0.031381
vt 0.710896 0.944472
vt 0.221508 0.663559
vt 0.089770 0.552225
vt 0.961338 0.093339
vt 0.007071 0.866496
vt 0.698045 0.840096
vt 0.126013 0.705703
vt 0.078624 0.555058
vt 0.873885 0.280456
vt 0.876362 0.272781
vt 0.477838 0.576713
vt 0.397614 0.894074
vt 0.057449 0.388017
vt 0.535214 0.228609
vt 0.758533 0.947388
vt 0.690918 0.832520
vt 0.013098 0.870953
vt 0.748222 0.963468
vt 0.012589 0.554356
vt 0.015946 0.968704
vt 0.852234 0.304350
vt 0.743583 0.901201
vt 0.070531 0.675060
vt 0.939386 0.646052
vt 0.970167 0.363031
vt 0.674437 0.530038
vt 0.725007 0.004450
vt 0.192451 0.647490
vt 0.852778 0.938117
vt 0.865068 0.283998
vt 0.492919 0.577683
vt 0.602292 0.872918
vt 0.747574 0.944740
vt 0.606910 0.867850
vt 0.091506 0.752022
vt 0.986376 0.102235
vt 0.756281 0.023630
vt 0.012629 0.566558
vt 0.721428 0.848779
vt 0.973154 0.313991
vt 0.740969 0.952245
vt 0.612365 0.865248
vt 0.992084 0.510145
vt 0.116101 0.714188
vt 0.871924 0.777677
vt 0.123631 0.697900
vt 0.069690 0.541951
vt 0.036867 0.280759
vt 0.099849 0.557865
vt 0.921866 0.093023
vt 0.631667 0.057682
vt 0.072032 0.651755
vt 0.007700 0.857323
vt 0.942269 0.350657
vt 0.660600 0.490247
vt 0.114718 0.693310
vt 0.600019 0.881882
vt 0.765137 0.947510
vt 0.010982 0.863670
vt 0.923731 0.176491
vt 0.654723 0.490678
vt 0.866699 0.912842
vt 0.979131 0.087232
vt 0.096091 0.571265
vt 0.761010 0.011729
vt 0.737932 0.950991
vt 0.016358 0.566545
vt 0.867920 0.789062
vt 0.224075 0.673638
vt 0.085065 0.550363
vt 0.709998 0.834744
vt 0.759580 0.030596
vt 0.731079 0.843022
vt 0.368804 0.982889
vt 0.857704 0.945996
vt 0.603159 0.513526
vt 0.973232 0.327339
vt 0.016178 0.551971
vt 0.768365 0.016862
vt 0.742349 0.947208
vt 0.282766 0.345418
vt 0.286583 0.158440
vt 0.001401 0.124272
vt 0.318523 0.974889
vt 0.874733 0.775882
vt 0.121645 0.692001
vt 0.761230 0.959961
vt 0.015253 0.545663
vt 0.933066 0.195268
vt 0.971933 0.103668
vt 0.097902 0.736731
vt 0.096775 0.895045
vt 0.085938 0.702881
vt 0.172853 0.006438
vt 0.932617 0.678223
vt 0.449053 0.570342
vt 0.407801 0.886654
vt 0.057745 0.363833
vt 0.612685 0.873964
vt 0.074973 0.545006
vt 0.836281 0.965915
vt 0.614860 0.867904
vt 0.740236 0.946505
vt 0.768212 0.033253
vt 0.731910 0.834410
vt 0.293679 0.151816
vt 0.980957 0.183594
vt 0.748366 0.062625
vt 0.876004 0.780091
vt 0.070477 0.534638
vt 0.776510 0.033298
vt 0.127694 0.391900
vt 0.708386 0.828281
vt 0.951541 0.078419
vt 0.595204 0.010641
vt 0.077199 0.563872
vt 0.127197 0.716309
vt 0.039231 0.271820
vt 0.988608 0.574832
vt 0.603456 0.012869
vt 0.087051 0.573531
vt 0.626626 0.053991
vt 0.018254 0.974759
vt 0.291732 0.969766
vt 0.939505 0.671149
vt 0.069400 0.706597
vt 0.988067 0.439205
vt 0.367964 0.995661
vt 0.849397 0.947025
vt 0.110072 0.732114
vt 0.972286 0.091406
vt 0.092933 0.575511
vt 0.624037 0.045231
vt 0.647010 0.021419
vt 0.078819 0.667398
vt 0.119404 0.689529
vt 0.965390 0.343209
vt 0.660889 0.477295
vt 0.844359 0.928368
vt 0.019263 0.545432
vt 0.018606 0.731651
vt 0.108258 0.366777
vt 0.983460 0.183677
vt 0.964864 0.183330
vt 0.338134 0.972405
vt 0.794707 0.069348
vt 0.755641 0.061974
vt 0.411298 0.646918
vt 0.469759 0.598032
vt 0.160887 0.368521
vt 0.955864 0.084820
vt 0.001215 0.860471
vt 0.087318 0.713068
vt 0.179614 0.006238
vt 0.924683 0.677682
vt 0.939697 0.207275
vt 0.370069 0.994217
vt 0.848586 0.945686
vt 0.086034 0.703750
vt 0.894287 0.323242
vt 0.286943 0.969823
vt 0.098881 0.290382
vt 0.105957 0.679932
vt 0.171113 0.003230
vt 0.280102 0.381289
vt 0.244233 0.156297
vt 0.020732 0.744243
vt 0.978118 0.556231
vt 0.483690 0.640415
vt 0.118713 0.351941
vt 0.115810 0.685586
vt 0.609929 0.883793
vt 0.759046 0.008042
vt 0.984367 0.420490
vt 0.024877 0.557478
vt 0.338623 0.979241
vt 0.765496 0.061839
vt 0.987356 0.422037
vt 0.022527 0.550913
vt 0.938429 0.180090
vt 0.007887 0.848572
vt 0.951035 0.349427
vt 0.658936 0.485107
vt 0.933210 0.175619
vt 0.000244 0.567139
vt 0.000244 0.339355
vt 0.873620 0.795914
vt 0.728580 0.023893
vt 0.713825 0.944743
vt 0.233786 0.674658
vt 0.628358 0.867503
vt 0.995862 0.514763
vt 0.992702 0.580963
vt 0.606934 0.019775
vt 0.119107 0.723865
vt 0.001251 0.124815
vt 0.966098 0.172722
vt 0.321264 0.973974
vt 0.100342 0.895508
vt 0.085349 0.702065
vt 0.032193 0.000349
vt 0.000732 0.567139
vt 0.000928 0.339600
vt 0.939697 0.207520
vt 0.369128 0.994244
vt 0.851074 0.947754
vt 0.000244 0.567016
vt 0.000244 0.339600
vt 0.855739 0.303103
vt 0.070302 0.299178
vt 0.741859 0.900927
vt 0.075119 0.677631
vt 0.974457 0.342903
vt 0.837207 0.932312
vt 0.951394 0.190210
vt 0.292742 0.154070
vt 0.980395 0.183537
vt 0.004781 0.121536
vt 0.969370 0.178459
vt 0.863915 0.324002
vt 0.628153 0.023214
vt 0.832047 0.936123
vt 0.955935 0.193610
vt 0.826689 0.967671
vt 0.891749 0.778150
vt 0.743408 0.006104
vt 0.243164 0.695557
vt 0.868164 0.217042
vt 0.399538 0.885923
vt 0.067984 0.357077
vt 0.122788 0.685631
vt 0.987120 0.426205
vt 0.023769 0.543954
vt 0.938087 0.200195
vt 0.953258 0.176961
vt 0.973433 0.356359
vt 0.731710 0.004698
vt 0.893195 0.791848
vt 0.879838 0.790747
vt 0.453902 0.569804
vt 0.053655 0.376262
vt 0.378039 0.994978
vt 0.833084 0.943271
vt 0.827887 0.957625
vt 0.526719 0.218107
vt 0.468430 0.574073
vt 0.152775 0.370502
vt 0.698611 0.829070
vt 0.953761 0.079964
vt 0.951972 0.183143
vt 0.973145 0.349130
vt 0.737278 0.006148
vt 0.891340 0.785302
vt 0.099615 0.895323
vt 0.085298 0.702075
vt 0.894287 0.323242
vt 0.173235 0.002652
vt 0.947266 0.981689
vt 0.776316 0.046918
vt 0.133694 0.382325
vt 0.611167 0.879750
vt 0.780114 0.037495
vt 0.128166 0.373939
vt 0.873762 0.562182
vt 0.287241 0.972809
vt 0.087381 0.298397
vt 0.644583 0.012728
vt 0.103760 0.714111
vt 0.869125 0.323822
vt 0.095459 0.666016
vt 0.073340 0.887267
vt 0.103192 0.724630
vt 0.620079 0.028997
vt 0.869629 0.326660
vt 0.291966 0.155280
vt 0.002686 0.126709
vt 0.003408 0.122162
vt 0.969005 0.176938
vt 0.620408 0.872427
vt 0.990731 0.512966
vt 0.098146 0.895265
vt 0.085208 0.704362
vt 0.174171 0.003211
vt 0.085239 0.708367
vt 0.888314 0.324764
vt 0.178764 0.005254
vt 0.004122 0.126902
vt 0.004266 0.122302
vt 0.970664 0.179536
vt 0.741589 0.202500
vt 0.538930 0.221901
vt 0.472202 0.796129
vt 0.625412 0.867895
vt 0.993279 0.514569
vt 0.085647 0.884113
vt 0.872540 0.319728
vt 0.410000 0.626431
vt 0.789206 0.040340
vt 0.263839 0.972015
vt 0.089706 0.895009
vt 0.884401 0.325366
vt 0.178648 0.004623
vt 0.858185 0.310770
vt 0.737793 0.891602
vt 0.720306 0.177621
vt 0.485182 0.198661
vt 0.785409 0.032351
vt 0.142729 0.378873
vt 0.743777 0.932811
vt 0.686035 0.819139
vt 0.970410 0.186694
vt 0.939697 0.983643
vt 0.788089 0.064282
vt 0.063148 0.722711
vt 0.955217 0.200486
vt 0.876277 0.911505
vt 0.891990 0.770299
vt 0.098584 0.895492
vt 0.084961 0.704602
vt 0.893243 0.323227
vt 0.005371 0.733398
vt 0.116085 0.356937
vt 0.069076 0.708238
vt 0.940378 0.207535
vt 0.367676 0.996338
vt 0.990056 0.431055
vt 0.940505 0.198927
vt 0.894617 0.908682
vt 0.880773 0.773076
vt 0.126507 0.684997
vt 0.637090 0.865439
vt 0.996774 0.580066
vt 0.610873 0.023340
vt 0.065583 0.897521
vt 0.084961 0.701660
vt 0.892258 0.321215
vt 0.033137 0.000333
vt 0.893688 0.913887
vt 0.880968 0.766730
vt 0.030316 0.274195
vt 0.603405 0.007502
vt 0.851372 0.319200
vt 0.148662 0.958788
vt 0.005375 0.126250
vt 0.973079 0.180994
vt 0.963264 0.919006
vt 0.950579 0.170032
vt 0.893805 0.802899
vt 0.162559 0.365478
vt 0.473260 0.601755
vt 0.297088 0.337309
vt 0.978908 0.186177
vt 0.006627 0.124616
vt 0.418671 0.650622
vt 0.098288 0.897161
vt 0.893018 0.320649
vt 0.033447 0.000732
vt 0.469121 0.593601
vt 0.965798 0.913633
vt 0.004210 0.855407
vt 0.931903 0.172513
vt 0.869711 0.799764
vt 0.710588 0.952653
vt 0.000193 0.606530
vt 0.765248 0.012968
vt 0.735361 0.944135
vt 0.020015 0.947426
vt 0.847682 0.306240
vt 0.128500 0.955746
vt 0.736143 0.882988
vt 0.109608 0.232227
vt 0.357181 0.907128
vt 0.016214 0.269696
vt 0.032685 0.949318
vt 0.133327 0.967978
vt 0.868406 0.802957
vt 0.714303 0.950680
vt 0.857503 0.303125
vt 0.063479 0.303562
vt 0.786849 0.036046
vt 0.256753 0.973278
vt 0.774169 0.019402
vt 0.740234 0.935059
vt 0.739109 0.937627
vt 0.990538 0.547708
vt 0.476319 0.649292
vt 0.867663 0.305957
vt 0.901141 0.579258
vt 0.056980 0.316786
vt 0.030273 0.613037
vt 0.989170 0.436476
vt 0.940317 0.206167
vt 0.367443 0.995951
vt 0.058483 0.720745
vt 0.876192 0.915884
vt 0.901992 0.909542
vt 0.127410 0.676729
vt 0.032228 0.968886
vt 0.889423 0.551539
vt 0.292773 0.973664
vt 0.883982 0.316091
vt 0.911888 0.913889
vt 0.117691 0.680060
vt 0.616054 0.883193
vt 0.294716 0.333735
vt 0.974455 0.191350
vt 0.335693 0.991455
vt 0.929534 0.981217
vt 0.766113 0.070312
vt 0.894226 0.561274
vt 0.097113 0.902739
vt 0.891071 0.314328
vt 0.706033 0.945229
vt 0.353142 0.895997
vt 0.032381 0.277060
vt 0.094718 0.557744
vt 0.283304 0.339415
vt 0.321697 0.989468
vt 0.923752 0.771652
vt 0.507202 0.779027
vt 0.762454 0.234541
vt 0.827112 0.215296
vt 0.397756 0.878409
vt 0.834339 0.916269
vt 0.883403 0.310382
vt 0.895830 0.567699
vt 0.771971 0.203121
vt 0.939006 0.773038
vt 0.471686 0.779296
vt 0.637058 0.876039
vt 0.064476 0.906835
vt 0.700003 0.956568
vt 0.366380 0.892932
vt 0.020184 0.094518
vt 0.255136 0.966136
vt 0.777298 0.016756
vt 0.629476 0.871490
vt 0.769379 0.004147
vt 0.436128 0.595074
vt 0.041479 0.594258
vt 0.049132 0.587962
vt 0.976131 0.423039
vt 0.887139 0.562660
vt 0.021231 0.596804
vt 0.066424 0.693039
vt 0.981290 0.439916
vt 0.903906 0.924037
vt 0.458481 0.600573
vt 0.121402 0.228582
vt 0.689061 0.957518
vt 0.358014 0.900913
vt 0.809298 0.885578
vt 0.055438 0.689860
vt 0.036105 0.609874
vt 0.981657 0.432494
vt 0.416948 0.621684
vt 0.265359 0.963567
vt 0.552916 0.786122
vt 0.911044 0.918095
vt 0.620821 0.887311
vt 0.004889 0.082194
vt 0.048082 0.708141
vt 0.022210 0.045196
vt 0.537728 0.816450
vt 0.876244 0.923884
vt 0.457600 0.589380
vt 0.779096 0.884073
vt 0.976900 0.907467
vt 0.123877 0.277226
vt 0.024417 0.956541
vt 0.743487 0.891351
vt 0.809325 0.879979
vt 0.030741 0.595362
vt 0.973827 0.426821
vt 0.123338 0.674967
vt 0.907947 0.915823
vt 0.291519 0.339214
vt 0.831560 0.268730
vt 0.827393 0.919678
vt 0.381350 0.897497
vt 0.010756 0.081175
vt 0.623640 0.883296
vt 0.433006 0.597020
vt 0.257681 0.951846
vt 0.771813 0.004760
vt 0.070587 0.319115
vt 0.879945 0.583578
vt 0.426575 0.609804
vt 0.264978 0.950036
vt 0.061661 0.687841
vt 0.433637 0.601321
vt 0.262925 0.947842
vt 0.287774 0.344296
vt 0.144287 0.229004
vt 0.383530 0.903212
vt 0.730959 0.167726
vt 0.943566 0.787613
vt 0.462343 0.603854
vt 0.803365 0.880198
vt 0.036929 0.602987
vt 0.042148 0.590986
vt 0.975867 0.426066
vt 0.570582 0.786281
vt 0.708920 0.963062
vt 0.012552 0.097261
vt 0.006881 0.609328
vt 0.909819 0.920355
vt 0.041504 0.594971
vt 0.042236 0.593018
vt 0.043213 0.591309
vt 0.974467 0.424561
vt 0.908635 0.923676
vt 0.041597 0.594032
vt 0.044802 0.590354
vt 0.459273 0.604212
vt 0.039610 0.596719
vt 0.041260 0.592529
vt 0.974803 0.424910
vt 0.147354 0.233269
vt 0.631403 0.887977
vt 0.386141 0.907820
vt 0.896890 0.549480
vt 0.043004 0.963800
vt 0.067910 0.914354
vt 0.806857 0.880945
vt 0.036139 0.591616
vt 0.430542 0.600987
vt 0.264290 0.949235
vt 0.813870 0.880238
vt 0.062079 0.688532
vt 0.021467 0.588099
vt 0.352433 0.906489
vt 0.017713 0.274694
vt 0.461905 0.610834
vt 0.438272 0.589305
vt 0.798963 0.880163
vt 0.045146 0.587389
vt 0.538133 0.788697
vt 0.911865 0.925781
vt 0.903491 0.930480
vt 0.907744 0.928585
vt 0.738215 0.134975
vt 0.924473 0.807291
vt 0.295164 0.385011
vt 0.984015 0.548902
vt 0.466200 0.649908
vt 0.082741 0.310149
vt 0.888454 0.571313
vt 0.459097 0.610342
vt 0.046157 0.019462
vt 0.780341 0.893142
vt 0.984645 0.913425
vt 0.040210 0.015722
vt 0.983643 0.918946
vt 0.576320 0.816315
vt 0.893595 0.813567
vt 0.430812 0.610021
vt 0.544825 0.789369
vt 0.912857 0.921664
vt 0.429138 0.607934
vt 0.264351 0.947475
vt 0.814370 0.881865
vt 0.060322 0.687238
vt 0.573624 0.789566
vt 0.883911 0.815674
vt 0.718621 0.960788
vt 0.008287 0.602797
vt 0.140784 0.233844
vt 0.379213 0.907607
vt 0.862549 0.267578
vt 0.050199 0.688647
vt 0.043504 0.037688
vt 0.803275 0.886425
vt 0.994365 0.060995
vt 0.995597 0.061033
vt 0.995602 0.061279
vt 0.296912 0.350055
vt 0.281076 0.162936
vt 0.429603 0.651556
vt 0.268382 0.958845
vt 0.660099 0.429416
vt 0.858282 0.183697
vt 0.181124 0.752591
vt 0.632232 0.601991
vt 0.171753 0.776956
vt 0.626306 0.642442
vt 0.847891 0.469819
vt 0.904993 0.393933
vt 0.854978 0.351814
vt 0.659512 0.059734
vt 0.219792 0.576205
vt 0.662234 0.021443
vt 0.670040 0.023127
vt 0.183684 0.568364
vt 0.783669 0.151548
vt 0.866744 0.428605
vt 0.363814 0.516832
vt 0.844484 0.385008
vt 0.202363 0.606504
vt 0.179687 0.598875
vt 0.933006 0.480362
vt 0.052981 0.518555
vt 0.368893 0.545402
vt 0.957057 0.963119
vt 0.696291 0.432241
vt 0.298134 0.828365
vt 0.654753 0.631505
vt 0.681309 0.406167
vt 0.159404 0.569824
vt 0.984083 0.361721
vt 0.302562 0.841145
vt 0.888672 0.200172
vt 0.687918 0.400941
vt 0.328617 0.112295
vt 0.189188 0.277091
vt 0.674550 0.100639
vt 0.581836 0.629827
vt 0.551508 0.397949
vt 0.705806 0.101557
vt 0.536263 0.297707
vt 0.656578 0.153774
vt 0.282791 0.110590
vt 0.180554 0.403414
vt 0.187666 0.249558
vt 0.208495 0.406994
vt 0.164091 0.252897
vt 0.216508 0.959703
vt 0.656686 0.985905
vt 0.985106 0.250728
vt 0.230056 0.396309
vt 0.160647 0.276851
vt 0.689941 0.167722
vt 0.541258 0.337404
vt 0.885076 0.196405
vt 0.862081 0.350193
vt 0.025497 0.144143
vt 0.669154 0.066331
vt 0.159668 0.567627
vt 0.984395 0.359442
vt 0.888252 0.196885
vt 0.834967 0.466525
vt 0.884037 0.380130
vt 0.771019 0.081630
vt 0.061622 0.510871
vt 0.384138 0.538533
vt 0.178735 0.588846
vt 0.755185 0.112072
vt 0.837270 0.472826
vt 0.891911 0.396440
vt 0.783819 0.090726
vt 0.393176 0.366960
vt 0.877428 0.396540
vt 0.104426 0.983871
vt 0.157959 0.569306
vt 0.889528 0.196410
vt 0.690156 0.398505
vt 0.854732 0.475342
vt 0.899075 0.401184
vt 0.657618 0.437555
vt 0.862187 0.174755
vt 0.632141 0.655545
vt 0.163910 0.772291
vt 0.670576 0.463283
vt 0.812193 0.814184
vt 0.171289 0.747667
vt 0.672892 0.031215
vt 0.359492 0.509216
vt 0.562809 0.965301
vt 0.673223 0.035950
vt 0.654158 0.646974
vt 0.170908 0.588010
vt 0.879176 0.441534
vt 0.363368 0.498541
vt 0.672761 0.022459
vt 0.173876 0.573297
vt 0.156889 0.569656
vt 0.640868 0.655293
vt 0.642304 0.109779
vt 0.547142 0.628424
vt 0.653140 0.091477
vt 0.145023 0.577863
vt 0.990301 0.364736
vt 0.863012 0.467684
vt 0.155093 0.569202
vt 0.983398 0.353760
vt 0.296548 0.847309
vt 0.889398 0.195588
vt 0.691013 0.398157
vt 0.992011 0.352433
vt 0.884111 0.185903
vt 0.559117 0.962603
vt 0.282921 0.834638
vt 0.686521 0.612334
vt 0.864954 0.346883
vt 0.018708 0.142351
vt 0.659201 0.992130
vt 0.966336 0.231560
vt 0.235762 0.419091
vt 0.005886 0.210243
vt 0.676047 0.018682
vt 0.170069 0.575711
vt 0.857506 0.480563
vt 0.653871 0.438063
vt 0.863780 0.169107
vt 0.283846 0.089084
vt 0.179988 0.425754
vt 0.638556 0.661087
vt 0.158531 0.774321
vt 0.359460 0.504464
vt 0.565643 0.958117
vt 0.435501 0.366461
vt 0.875532 0.360620
vt 0.013627 0.159224
vt 0.853932 0.490710
vt 0.890759 0.406738
vt 0.783213 0.100210
vt 0.877820 0.175621
vt 0.697270 0.015934
vt 0.170319 0.593628
vt 0.870235 0.171073
vt 0.135170 0.772612
vt 0.675222 0.656063
vt 0.136579 0.598092
vt 0.886104 0.165835
vt 0.144281 0.768318
vt 0.144494 0.779035
vt 0.660638 0.647896
vt 0.979308 0.231632
vt 0.228524 0.424196
vt 0.655279 0.442127
vt 0.866347 0.163559
vt 0.157246 0.768343
vt 0.784718 0.116514
vt 0.871222 0.484533
vt 0.868679 0.351172
vt 0.014542 0.144176
vt 0.877645 0.162981
vt 0.693492 0.027434
vt 0.867127 0.464346
vt 0.789978 0.137642
vt 0.767790 0.812991
vt 0.132446 0.766111
vt 0.683662 0.656472
vt 0.148907 0.592968
vt 0.994306 0.355704
vt 0.885926 0.180003
vt 0.682825 0.053130
vt 0.644798 0.475062
vt 0.888297 0.157018
vt 0.129222 0.599254
vt 0.777874 0.109309
vt 0.653045 0.451022
vt 0.645815 0.466354
vt 0.876959 0.154904
vt 0.869022 0.156233
vt 0.654094 0.450616
vt 0.353186 0.493407
vt 0.352970 0.516407
vt 0.910425 0.889995
vt 0.964288 0.491607
vt 0.963815 0.969279
vt 0.515888 0.886453
vt 0.023682 0.367676
vt 0.358154 0.465576
vt 0.930054 0.872321
vt 0.542727 0.953372
vt 0.706771 0.031977
vt 0.791540 0.812433
vt 0.153915 0.761186
vt 0.023717 0.150018
vt 0.698441 0.039264
vt 0.713264 0.022327
vt 0.167971 0.613037
vt 0.165371 0.604396
vt 0.353381 0.515311
vt 0.355532 0.501432
vt 0.558258 0.968706
vt 0.566409 0.957685
vt 0.715211 0.034492
vt 0.178704 0.619468
vt 0.780836 0.814392
vt 0.143705 0.762680
vt 0.871722 0.354762
vt 0.017084 0.156910
vt 0.588105 0.962722
vt 0.684970 0.042183
vt 0.775310 0.115177
vt 0.769706 0.124600
vt 0.274683 0.835253
vt 0.111090 0.570717
vt 0.689577 0.617183
vt 0.772387 0.804956
vt 0.688511 0.653152
vt 0.358706 0.496510
vt 0.776757 0.137524
vt 0.856482 0.409308
vt 0.105842 0.993102
vt 0.341527 0.691183
vt 0.718381 0.066720
vt 0.205903 0.632807
vt 0.112934 0.576284
vt 0.021973 0.345709
vt 0.366698 0.484397
vt 0.770478 0.101506
vt 0.477880 0.366369
vt 0.401534 0.958641
vt 0.592132 0.142452
vt 0.585938 0.163086
vt 0.334660 0.691337
vt 0.714733 0.067210
vt 0.767018 0.111852
vt 0.132779 0.582282
vt 0.589789 0.958605
vt 0.389271 0.980001
vt 0.793664 0.807138
vt 0.144370 0.077358
vt 0.668588 0.467903
vt 0.502090 0.942109
vt 0.783101 0.792823
vt 0.810633 0.813141
vt 0.514840 0.381260
vt 0.358373 0.488184
vt 0.554915 0.971917
vt 0.566406 0.952881
vt 0.874268 0.842529
vt 0.651615 0.455508
vt 0.650157 0.459271
vt 0.357342 0.492292
vt 0.026352 0.154597
vt 0.582642 0.958731
vt 0.681347 0.067216
vt 0.766369 0.803069
vt 0.768818 0.805515
vt 0.684736 0.640534
vt 0.110045 0.572678
vt 0.114192 0.579052
vt 0.133363 0.043247
vt 0.765382 0.799744
vt 0.694214 0.631408
vt 0.653455 0.456471
vt 0.715054 0.043330
vt 0.186901 0.624870
vt 0.449774 0.359703
vt 0.595102 0.965682
vt 0.398885 0.983501
vt 0.286727 0.020011
vt 0.788118 0.794761
vt 0.799293 0.808745
vt 0.793933 0.804727
vt 0.157673 0.747892
vt 0.139472 0.073173
vt 0.275179 0.841182
vt 0.117237 0.572713
vt 0.698985 0.045807
vt 0.764639 0.131072
vt 0.355302 0.490105
vt 0.922619 0.880894
vt 0.553711 0.974060
vt 0.687652 0.050800
vt 0.648845 0.472308
vt 0.524120 0.948734
vt 0.125975 0.594366
vt 0.772666 0.144243
vt 0.013966 0.342044
vt 0.372659 0.489996
vt 0.875685 0.448272
vt 0.587158 0.939453
vt 0.387207 0.963623
vt 0.700264 0.066020
vt 0.699701 0.057042
vt 0.188891 0.297795
vt 0.330076 0.071287
vt 0.229216 0.964474
vt 0.495695 0.934973
vt 0.132105 0.055006
vt 0.769304 0.796374
vt 0.873619 0.844284
vt 0.874494 0.840118
vt 0.650185 0.455124
vt 0.652552 0.461045
vt 0.516430 0.954228
vt 0.891860 0.824376
vt 0.504695 0.936907
vt 0.285323 0.031683
vt 0.131628 0.060296
vt 0.020210 0.342455
vt 0.367850 0.489765
vt 0.522081 0.898786
vt 0.009445 0.363276
vt 0.086597 0.517429
vt 0.676885 0.641629
vt 0.919834 0.716893
vt 0.519366 0.936772
vt 0.117587 0.583297
vt 0.755326 0.135175
vt 0.008634 0.349587
vt 0.087158 0.511963
vt 0.523337 0.891195
vt 0.246285 0.946249
vt 0.919599 0.723457
vt 0.585218 0.747773
vt 0.115659 0.581132
vt 0.132396 0.035552
vt 0.874045 0.843281
vt 0.651326 0.455566
vt 0.875031 0.841637
vt 0.652198 0.457520
vt 0.456096 0.367215
vt 0.295149 0.017511
vt 0.795632 0.806641
vt 0.153074 0.074134
vt 0.875735 0.841985
vt 0.651870 0.456036
vt 0.507781 0.930992
vt 0.429128 0.901934
vt 0.413394 0.202695
vt 0.527007 0.911105
vt 0.940915 0.475600
vt 0.741873 0.117585
vt 0.454839 0.185650
vt 0.521904 0.906357
vt 0.083676 0.517715
vt 0.447284 0.395049
vt 0.561695 0.172083
vt 0.426202 0.182842
vt 0.563456 0.178524
vt 0.347975 0.713422
vt 0.565569 0.186862
vt 0.950962 0.447882
vt 0.427065 0.896034
vt 0.258700 0.923351
vt 0.413314 0.195753
vt 0.841811 0.322931
vt 0.432862 0.173321
vt 0.141925 0.065364
vt 0.934064 0.715852
vt 0.566380 0.152644
vt 0.417062 0.900866
vt 0.261246 0.929451
vt 0.530304 0.910423
vt 0.874073 0.832472
vt 0.925055 0.711450
vt 0.924886 0.706008
vt 0.517716 0.922867
vt 0.836354 0.308498
vt 0.439608 0.166075
vt 0.356615 0.710013
vt 0.941586 0.452539
vt 0.454936 0.396643
vt 0.565451 0.150284
vt 0.366659 0.711313
vt 0.933381 0.457680
vt 0.591300 0.713382
vt 0.948015 0.719520
vt 0.143799 0.026123
vt 0.159405 0.026168
vt 0.922926 0.728133
vt 0.587616 0.741722
vt 0.145995 0.036411
vt 0.586422 0.753408
vt 0.130050 0.026444
vt 0.224186 0.428179
vt 0.425656 0.889038
vt 0.010464 0.999589
vt 0.892945 0.831495
vt 0.291104 0.030809
vt 0.444413 0.905785
vt 0.399436 0.191637
vt 0.880701 0.848151
vt 0.548594 0.999136
vt 0.651775 0.455543
vt 0.839648 0.330910
vt 0.423825 0.173387
vt 0.220235 0.437519
vt 0.960961 0.771263
vt 0.833650 0.326970
vt 0.535248 0.899898
vt 0.252903 0.931012
vt 0.894124 0.881822
vt 0.667165 0.990281
vt 0.236610 0.426205
vt 0.007118 0.394120
vt 0.008603 0.206039
vt 0.159787 0.046835
vt 0.424032 0.891175
vt 0.891624 0.883934
vt 0.001514 0.992789
vt 0.254029 0.924666
vt 0.835873 0.334299
vt 0.412418 0.173959
vt 0.442683 0.365939
vt 0.016326 0.162513
vt 0.593506 0.966064
vt 0.589289 0.962881
vt 0.003308 0.395334
vt 0.004666 0.204635
vt 0.171751 0.044029
vt 0.299200 0.090127
vt 0.512364 0.623920
vt 0.141663 0.024841
vt 0.181585 0.033818
vt 0.610930 0.718292
vt 0.550237 0.180880
vt 0.530695 0.894392
vt 0.250284 0.940442
vt 0.552454 0.999643
vt 0.876104 0.848145
vt 0.869526 0.834324
vt 0.923554 0.693165
vt 0.437507 0.888868
vt 0.432129 0.891846
vt 0.007894 0.990860
vt 0.896986 0.886413
vt 0.207764 0.964721
vt 0.663358 0.992320
vt 0.004648 0.393143
vt 0.002533 0.205421
vt 0.443532 0.375951
vt 0.944103 0.445452
vt 0.604140 0.746556
vt 0.453468 0.386771
vt 0.572533 0.148197
vt 0.013230 0.057805
vt 0.498570 0.375977
vt 0.609063 0.708190
vt 0.019672 0.793974
vt 0.946730 0.708254
vt 0.208248 0.972735
vt 0.665431 0.977793
vt 0.236725 0.437927
vt 0.395778 0.169273
vt 0.820508 0.326906
vt 0.587467 0.618422
vt 0.821524 0.726214
vt 0.716553 0.989990
vt 0.939363 0.704214
vt 0.450157 0.382253
vt 0.454738 0.887357
vt 0.025227 0.906214
vt 0.936833 0.495861
vt 0.298367 0.013178
vt 0.170943 0.069920
vt 0.445524 0.390608
vt 0.549209 0.152378
vt 0.928664 0.690923
vt 0.555360 0.996909
vt 0.284430 0.069574
vt 0.181324 0.442583
vt 0.455408 0.171919
vt 0.373801 0.165221
vt 0.808841 0.312744
vt 0.454965 0.898453
vt 0.951763 0.500698
vt 0.051025 0.331299
vt 0.882146 0.855946
vt 0.546431 0.991138
vt 0.439303 0.377630
vt 0.927947 0.488788
vt 0.930664 0.481934
vt 0.529546 0.880388
vt 0.982519 0.502457
vt 0.965084 0.948875
vt 0.555414 0.206792
vt 0.795132 0.976716
vt 0.929001 0.441566
vt 0.211674 0.436164
vt 0.939931 0.852411
vt 0.952399 0.771686
vt 0.252716 0.924591
vt 0.899580 0.884496
vt 0.335222 0.047150
vt 0.216067 0.976807
vt 0.669662 0.976046
vt 0.157983 0.063931
vt 0.929418 0.486094
vt 0.529939 0.881095
vt 0.241035 0.948045
vt 0.906287 0.885858
vt 0.390812 0.388683
vt 0.504497 0.151298
vt 0.121039 0.991468
vt 0.382562 0.691897
vt 0.806222 0.968695
vt 0.914557 0.443605
vt 0.442103 0.385296
vt 0.547710 0.150343
vt 0.585602 0.625241
vt 0.591733 0.620708
vt 0.529305 0.459003
vt 0.503752 0.386998
vt 0.020506 0.054682
vt 0.820801 0.725586
vt 0.716786 0.990749
vt 0.608701 0.706125
vt 0.018528 0.796152
vt 0.946533 0.701660
vt 0.946279 0.703782
vt 0.558056 0.197428
vt 0.942431 0.437006
vt 0.053272 0.332302
vt 0.827011 0.701341
vt 0.541504 0.983887
vt 0.551317 0.985020
vt 0.942212 0.689624
vt 0.536381 0.655648
vt 0.302462 0.010862
vt 0.166727 0.075236
vt 0.006842 0.376173
vt 0.548023 0.197399
vt 0.801835 0.987326
vt 0.389096 0.176256
vt 0.389513 0.182307
vt 0.811384 0.329485
vt 0.546488 0.190743
vt 0.809343 0.988307
vt 0.005458 0.949723
vt 0.003656 0.657122
vt 0.002987 0.191092
vt 0.007791 0.305889
vt 0.005090 0.944902
vt 0.003718 0.653532
vt 0.006088 0.191046
vt 0.007390 0.300495
vt 0.538574 0.656738
vt 0.004798 0.379279
vt 0.173514 0.072742
vt 0.824710 0.723792
vt 0.716330 0.987864
vt 0.017085 0.796830
vt 0.283730 0.054536
vt 0.208222 0.444988
vt 0.951149 0.858856
vt 0.973843 0.775823
vt 0.821008 0.725623
vt 0.946496 0.701800
vt 0.608887 0.706543
vt 0.018966 0.795410
vt 0.946858 0.701537
vt 0.056584 0.332056
vt 0.882819 0.864058
vt 0.542047 0.985395
vt 0.605914 0.748685
vt 0.524542 0.599594
vt 0.129007 0.022032
vt 0.428721 0.385745
vt 0.538567 0.155575
vt 0.538694 0.655873
vt 0.008060 0.378926
vt 0.954520 0.829636
vt 0.967238 0.790516
vt 0.955133 0.799377
vt 0.615570 0.607766
vt 0.536837 0.413842
vt 0.819892 0.722457
vt 0.018427 0.795538
vt 0.947845 0.700630
vt 0.062146 0.341319
vt 0.835510 0.703333
vt 0.545965 0.985469
vt 0.517273 0.640999
vt 0.174359 0.043370
vt 0.835133 0.720674
vt 0.829641 0.721027
vt 0.615788 0.714092
vt 0.014067 0.793908
vt 0.534755 0.653677
vt 0.011429 0.377740
vt 0.178654 0.070244
vt 0.535416 0.192435
vt 0.817432 0.980913
vt 0.815746 0.982032
vt 0.799061 0.976812
vt 0.175212 0.065177
vt 0.912993 0.867258
vt 0.237110 0.934669
vt 0.385842 0.164613
vt 0.817037 0.329813
vt 0.059212 0.335829
vt 0.050720 0.330312
vt 0.831107 0.702559
vt 0.542820 0.983378
vt 0.546805 0.984486
vt 0.062448 0.335212
vt 0.828746 0.701930
vt 0.884258 0.864031
vt 0.027279 0.081190
vt 0.473308 0.397492
vt 0.007075 0.193112
vt 0.005371 0.301062
vt 0.060848 0.335994
vt 0.543878 0.984542
vt 0.928847 0.488190
vt 0.529207 0.880220
vt 0.923974 0.866152
vt 0.237668 0.945636
vt 0.003556 0.949102
vt 0.005431 0.656201
vt 0.539067 0.657469
vt 0.013095 0.376635
vt 0.176464 0.070471
vt 0.171997 0.072201
vt 0.377367 0.184847
vt 0.174622 0.722772
vt 0.543042 0.457420
vt 0.481896 0.381156
vt 0.030020 0.053816
vt 0.799155 0.966720
vt 0.918927 0.440604
vt 0.238086 0.923218
vt 0.904377 0.879203
vt 0.172602 0.677738
vt 0.490724 0.334468
vt 0.274902 0.022457
vt 0.540662 0.654067
vt 0.308825 0.009531
vt 0.002632 0.374060
vt 0.175287 0.072980
vt 0.029786 0.914061
vt 0.925538 0.494385
vt 0.971680 0.943360
vt 0.493367 0.347207
vt 0.271227 0.013033
vt 0.072371 0.334222
vt 0.852399 0.706959
vt 0.889366 0.869695
vt 0.634909 0.737287
vt 0.538400 0.634005
vt 0.317894 0.031699
vt 0.390632 0.374757
vt 0.385049 0.200213
vt 0.453124 0.885257
vt 0.054446 0.898189
vt 0.902344 0.895260
vt 0.964351 0.512206
vt 0.977870 0.949906
vt 0.315515 0.007103
vt 0.542696 0.648097
vt 0.843959 0.723065
vt 0.614304 0.719954
vt 0.523909 0.607604
vt 0.380953 0.164870
vt 0.808619 0.320419
vt 0.173593 0.713158
vt 0.171988 0.695185
vt 0.489497 0.375518
vt 0.278826 0.007988
vt 0.584466 0.605269
vt 0.557095 0.454676
vt 0.160382 0.719584
vt 0.670776 0.081278
vt 0.175496 0.726728
vt 0.618411 0.753638
vt 0.513689 0.622577
vt 0.300958 0.043792
vt 0.677262 0.984876
vt 0.224060 0.440796
vt 0.969785 0.773414
vt 0.606461 0.137451
vt 0.136757 0.677003
vt 0.492175 0.294480
vt 0.630614 0.080083
vt 0.546388 0.604006
vt 0.134278 0.734369
s 1
usemtl tripo_mat_2cba86f1-2195-4984-ae89-26e89142e6c3
f 1903/4612/1 1663/4031/2 1662/4029/3
s 0
f 1662/4029/4 1902/4609/4 1903/4612/4
f 1635/3972/5 1902/4609/6 1662/4029/7
f 1663/4030/8 1903/4613/8 1899/4598/8
s 1
f 1634/3968/9 1899/4598/10 1821/4384/11
s 0
f 1821/4384/12 1842/4438/12 1634/3968/12
f 1842/4439/13 1821/4384/14 1865/4503/15
s 1
f 1821/4384/11 1899/4598/10 1865/4503/16
s 0
f 1899/4602/17 1898/4594/18 1885/4554/19
s 1
f 1885/4555/20 1842/4440/21 1865/4504/16
f 1885/4555/20 1865/4504/16 1899/4599/10
s 0
f 1899/4600/22 1903/4614/22 1902/4610/22
f 1898/4595/23 1902/4610/24 1888/4562/24
f 1663/4031/25 1899/4601/25 1633/3967/25
f 1634/3970/26 1633/3967/26 1899/4601/26
f 1633/3967/27 1662/4029/28 1663/4031/29
f 1634/3970/30 1639/3983/30 1635/3972/30
f 1662/4029/31 1633/3967/32 1635/3972/33
f 1634/3969/34 1842/4441/35 1730/4172/36
s 1
f 1730/4172/37 1842/4441/38 1817/4375/39
f 1634/3969/40 1730/4172/37 1639/3984/41
f 1817/4375/39 1639/3984/41 1730/4172/37
f 1891/4572/42 1639/3984/41 1817/4375/39
f 1898/4596/43 1891/4572/42 1817/4375/39
f 1898/4596/44 1878/4538/45 1885/4556/20
s 0
f 1817/4374/46 1842/4442/47 1878/4537/48
s 1
f 1878/4537/45 1842/4442/21 1885/4557/20
f 1899/4602/49 1902/4610/50 1898/4595/51
f 1639/3984/41 1891/4572/42 1888/4563/52
f 1888/4563/52 1902/4611/53 1639/3984/41
s 0
f 1878/4538/54 1898/4596/55 1817/4375/54
f 1862/4496/56 1893/4580/57 1647/4002/58
f 1647/4002/59 1678/4062/60 1862/4496/61
s 1
f 1647/4002/62 1893/4580/63 1840/4430/64
s 0
f 1840/4430/65 1893/4580/65 1862/4496/66
s 1
f 1862/4496/67 1678/4062/68 1831/4408/69
s 0
f 1831/4408/70 1841/4436/71 1862/4496/72
s 1
f 1813/4369/73 1831/4408/69 1802/4342/74
f 1802/4342/74 1831/4408/69 1678/4062/68
f 1802/4342/74 1739/4194/75 1763/4259/76
f 1763/4259/76 1739/4194/75 1724/4156/77
s 0
f 1802/4342/78 1763/4259/79 1813/4369/80
s 1
f 1823/4388/81 1831/4408/69 1813/4369/73
f 1841/4436/82 1831/4408/69 1823/4388/81
f 1763/4259/76 1823/4388/81 1813/4369/73
f 1826/4394/83 1841/4436/82 1816/4372/84
f 1816/4372/84 1823/4388/81 1763/4259/76
f 1816/4372/84 1763/4259/76 1724/4156/77
f 1823/4388/81 1816/4372/84 1841/4436/82
f 1782/4300/85 1826/4394/83 1816/4372/84
s 0
f 1782/4300/86 1768/4274/87 1826/4394/88
f 1635/3971/89 1639/3984/89 1902/4611/89
f 1678/4063/90 1647/4003/91 1627/3949/92
f 1678/4063/93 1627/3949/94 1624/3940/95
s 1
f 1712/4134/96 1678/4063/68 1641/3986/97
f 1712/4134/96 1641/3986/97 1691/4086/98
f 1670/4045/99 1691/4086/98 1641/3986/97
f 1678/4063/68 1624/3940/100 1641/3986/97
f 1802/4343/74 1678/4064/68 1712/4135/96
s 0
f 1734/4180/101 1706/4121/102 1641/3987/103
s 1
f 1641/3987/97 1706/4121/104 1670/4046/99
s 0
f 1712/4135/105 1706/4121/106 1734/4180/107
s 1
f 1670/4046/99 1706/4121/104 1712/4135/96
f 1712/4135/96 1691/4087/98 1670/4046/99
f 1739/4195/75 1802/4344/74 1727/4164/108
f 1727/4164/108 1802/4345/74 1712/4136/96
f 1712/4136/96 1734/4181/109 1727/4164/108
f 1727/4164/108 1734/4181/109 1748/4218/110
f 1748/4219/110 1724/4157/77 1727/4165/108
f 1727/4165/108 1724/4157/77 1739/4196/75
f 1898/4597/43 1888/4564/52 1891/4573/42
f 1720/4147/111 1627/3949/112 1647/4003/62
s 0
f 1633/3967/113 1634/3970/114 1635/3972/115
f 1346/3193/116 1375/3265/116 1361/3233/116
f 1375/3265/117 1604/3893/117 1587/3847/117
f 1361/3233/118 1375/3265/118 1587/3847/118
f 1587/3847/119 1517/3656/119 1361/3233/119
s 1
f 1558/3778/120 1517/3656/121 1587/3847/122
f 1517/3656/121 1558/3778/120 1511/3641/123
s 0
f 1555/3770/124 1558/3779/124 1604/3894/124
f 1558/3779/125 1587/3848/125 1604/3894/125
s 1
f 1375/3266/126 1346/3195/127 1391/3312/128
f 1340/3178/129 1346/3195/127 1345/3191/130
s 0
f 1361/3234/131 1517/3657/132 1494/3596/133
s 1
f 1361/3234/134 1494/3596/135 1412/3365/136
f 1494/3596/135 1517/3657/121 1511/3642/123
f 1494/3596/135 1511/3642/123 1392/3316/137
f 1604/3894/138 1375/3267/139 1555/3770/140
s 0
f 1361/3234/141 1345/3192/142 1346/3194/141
s 1
f 1412/3365/136 1494/3596/135 1392/3316/137
s 0
f 1392/3314/143 1511/3643/144 1558/3780/145
s 1
f 1392/3314/146 1558/3780/147 1555/3771/148
s 0
f 1375/3268/149 1391/3311/150 1555/3771/149
f 1620/3928/151 1585/3844/152 1533/3702/153
s 1
f 1585/3844/154 1620/3928/155 1437/3432/156
f 1551/3756/157 1578/3828/158 1554/3768/159
f 1533/3702/160 1578/3828/158 1551/3756/157
f 1533/3702/160 1585/3844/161 1578/3828/158
s 0
f 1585/3844/162 1437/3432/163 1554/3768/164
s 1
f 1585/3844/161 1554/3768/159 1578/3828/158
s 0
f 1467/3516/165 1620/3928/166 1605/3895/167
f 1555/3772/168 1391/3312/169 1392/3315/168
s 1
f 1506/3626/170 1437/3433/171 1484/3567/172
f 1484/3567/172 1437/3433/171 1449/3457/173
f 1396/3324/174 1449/3457/173 1437/3433/171
s 0
f 1449/3457/175 1396/3324/176 1394/3319/177
s 1
f 1370/3251/178 1396/3324/174 1437/3433/171
s 0
f 1467/3517/179 1352/3209/180 1620/3929/181
f 1352/3209/182 1347/3196/183 1342/3183/184
s 1
f 1370/3251/178 1394/3319/185 1396/3324/174
f 1370/3251/178 1437/3433/171 1342/3183/186
f 1370/3251/178 1342/3183/186 1394/3319/185
s 0
f 1394/3319/187 1342/3183/188 1347/3197/189
f 1342/3183/190 1437/3433/191 1620/3929/192
f 1352/3209/193 1342/3183/194 1620/3929/195
s 1
f 1551/3757/157 1519/3662/196 1530/3696/197
f 1551/3757/157 1530/3696/197 1533/3703/160
f 1533/3703/160 1484/3568/172 1449/3458/173
s 0
f 1533/3703/198 1449/3458/199 1462/3494/200
s 1
f 1477/3547/201 1437/3434/171 1510/3638/202
f 1477/3547/201 1510/3638/202 1506/3627/170
f 1530/3695/197 1510/3638/202 1437/3434/171
f 1437/3434/171 1533/3704/160 1530/3695/197
f 1484/3569/172 1533/3704/160 1510/3639/202
f 1506/3628/170 1510/3639/202 1533/3704/160
f 1533/3704/160 1437/3434/171 1506/3628/170
f 1484/3570/172 1477/3548/201 1506/3629/170
f 1462/3495/203 1477/3548/201 1484/3570/172
f 1510/3640/202 1462/3495/203 1484/3570/172
f 1510/3640/202 1530/3696/197 1462/3495/203
f 1462/3495/203 1530/3696/197 1519/3662/196
s 0
f 1554/3769/204 1437/3435/205 1477/3549/206
s 1
f 1477/3549/201 1470/3527/207 1554/3769/159
f 1554/3769/159 1470/3527/207 1551/3758/157
f 1470/3527/207 1477/3549/201 1462/3496/203
f 1461/3492/208 1467/3518/209 1522/3672/210
f 1387/3300/211 1352/3210/212 1467/3518/209
f 1387/3300/211 1467/3518/209 1461/3492/208
f 1605/3896/213 1543/3736/214 1467/3519/215
s 0
f 1862/4497/216 1841/4437/217 1826/4395/218
f 1768/4275/219 1862/4497/220 1826/4395/221
s 1
f 1808/4354/222 1862/4497/223 1768/4275/224
s 0
f 1871/4520/225 1840/4431/225 1862/4497/225
f 1833/4414/226 1847/4460/227 1844/4449/228
s 1
f 1777/4288/229 1768/4275/230 1782/4301/85
f 1777/4288/229 1782/4301/85 1816/4373/84
f 1816/4373/84 1724/4158/77 1777/4288/229
f 1768/4275/230 1777/4288/229 1724/4159/77
f 1771/4279/231 1768/4275/230 1724/4159/77
s 0
f 1770/4277/232 1768/4275/233 1771/4279/234
s 1
f 1647/4004/62 1840/4432/64 1720/4148/111
f 1840/4433/64 1783/4302/235 1720/4149/111
f 1783/4302/235 1781/4298/236 1720/4149/111
s 0
f 1771/4278/237 1724/4160/238 1781/4298/239
s 1
f 1720/4149/111 1781/4298/236 1724/4160/240
s 0
f 1749/4221/241 1734/4182/242 1697/4098/243
s 1
f 1734/4182/109 1749/4221/244 1748/4220/110
f 1697/4098/245 1742/4205/246 1749/4221/247
f 1742/4205/246 1697/4098/245 1745/4210/248
s 0
f 1742/4205/249 1745/4210/250 1707/4122/251
f 1707/4122/252 1745/4210/253 1713/4137/254
f 1707/4122/255 1738/4192/256 1742/4205/257
f 1704/4118/258 1738/4192/259 1707/4122/260
f 1710/4130/261 1738/4192/262 1704/4118/263
s 1
f 1707/4122/264 1713/4137/265 1655/4020/266
s 0
f 1697/4098/267 1713/4137/268 1745/4210/269
s 1
f 1713/4137/265 1697/4098/270 1655/4020/266
f 1748/4220/110 1749/4221/244 1724/4161/77
s 0
f 1720/4150/271 1724/4161/272 1738/4192/273
f 1749/4221/274 1742/4205/275 1738/4192/276
f 1724/4161/277 1749/4221/278 1738/4192/279
f 1734/4182/280 1641/3988/281 1624/3941/282
f 1697/4098/283 1734/4182/284 1624/3941/285
f 1697/4098/286 1624/3941/287 1655/4020/288
f 1655/4020/289 1624/3941/290 1625/3943/291
f 1653/4017/292 1655/4020/293 1625/3943/294
s 1
f 1655/4020/266 1653/4017/295 1693/4089/296
f 1655/4020/266 1693/4089/296 1707/4122/264
s 0
f 1653/4017/297 1672/4051/298 1693/4089/299
s 1
f 1681/4069/300 1693/4089/296 1672/4051/301
f 1681/4069/300 1708/4123/302 1693/4089/296
f 1693/4089/296 1708/4123/302 1704/4118/303
f 1710/4130/304 1704/4118/303 1708/4123/302
s 0
f 1738/4193/305 1710/4131/306 1627/3950/307
s 1
f 1628/3951/308 1627/3950/309 1710/4131/304
f 1720/4151/111 1738/4193/310 1627/3950/112
s 0
f 1862/4497/311 1808/4354/312 1871/4520/313
s 1
f 1871/4520/314 1808/4354/315 1850/4465/316
f 1770/4277/317 1771/4279/318 1808/4354/222
f 1844/4449/319 1808/4354/222 1771/4279/318
f 1844/4449/319 1847/4460/320 1808/4354/222
s 0
f 1808/4354/321 1847/4460/322 1850/4465/323
s 1
f 1808/4354/222 1768/4275/224 1770/4277/317
f 1844/4450/319 1771/4280/318 1814/4370/324
f 1844/4450/319 1781/4299/236 1833/4416/325
f 1781/4299/236 1783/4303/235 1833/4416/325
f 1814/4370/324 1771/4280/318 1781/4299/236
f 1814/4370/324 1781/4299/236 1844/4450/319
f 1886/4558/326 1840/4434/327 1871/4521/314
f 1850/4466/316 1847/4461/328 1872/4523/329
f 1693/4089/296 1704/4118/303 1707/4122/264
f 1628/3951/308 1710/4131/304 1708/4124/302
s 0
f 1708/4125/330 1681/4070/331 1628/3951/332
s 1
f 1892/4574/333 1867/4508/334 1877/4534/335
f 1877/4534/335 1867/4508/334 1880/4541/336
f 1877/4534/335 1880/4541/336 1876/4529/337
f 1845/4451/338 1860/4490/339 1877/4534/335
f 1845/4451/338 1830/4405/340 1876/4530/337
s 0
f 1867/4509/341 1892/4575/342 1896/4589/343
f 1867/4509/344 1896/4589/345 1869/4513/346
s 1
f 1867/4509/334 1869/4514/347 1856/4478/348
f 1866/4505/349 1856/4478/348 1858/4485/350
f 1866/4505/349 1858/4485/350 1843/4443/351
f 1858/4485/350 1856/4478/348 1822/4385/352
f 1866/4505/349 1845/4452/338 1877/4535/335
f 1877/4535/335 1876/4531/337 1866/4505/349
f 1867/4509/334 1856/4478/348 1866/4505/349
f 1867/4509/334 1866/4505/349 1876/4531/337
s 0
f 1830/4406/353 1892/4576/354 1877/4536/355
f 1877/4536/356 1860/4491/357 1830/4406/358
f 1851/4467/359 1882/4547/360 1853/4471/361
s 1
f 1851/4468/362 1853/4472/363 1882/4548/364
f 1880/4542/336 1860/4492/339 1876/4532/337
f 1876/4532/337 1860/4492/339 1845/4453/338
f 1880/4542/336 1867/4510/334 1860/4492/339
f 1876/4533/337 1830/4407/340 1867/4510/334
f 1810/4357/365 1793/4321/366 1827/4397/367
f 1827/4397/367 1830/4407/340 1845/4454/338
f 1871/4522/314 1850/4466/316 1886/4558/326
f 1872/4523/329 1833/4415/368 1886/4558/326
f 1850/4466/316 1872/4523/329 1886/4558/326
s 0
f 1833/4415/369 1872/4523/370 1847/4461/371
s 1
f 1822/4386/352 1856/4479/348 1843/4444/351
f 1815/4371/372 1807/4353/373 1896/4590/374
f 1807/4353/373 1786/4309/375 1784/4304/376
s 0
f 1784/4304/377 1818/4376/378 1807/4353/379
s 1
f 1818/4376/380 1843/4445/351 1859/4487/381
f 1869/4515/347 1896/4590/374 1807/4353/373
f 1869/4515/347 1807/4353/373 1818/4376/380
f 1818/4377/380 1859/4488/381 1866/4506/349
f 1818/4377/380 1866/4506/349 1869/4516/347
f 1869/4516/347 1866/4506/349 1843/4446/351
f 1869/4516/347 1843/4446/351 1856/4480/348
s 0
f 1886/4559/382 1833/4416/383 1840/4435/384
s 1
f 1830/4407/340 1860/4492/339 1867/4510/334
f 1793/4320/366 1810/4358/365 1752/4228/385
f 1793/4320/366 1752/4228/385 1761/4255/386
f 1793/4320/366 1761/4255/386 1762/4257/387
f 1765/4263/388 1732/4176/389 1762/4257/387
f 1762/4257/387 1732/4176/389 1793/4320/366
f 1791/4316/390 1793/4320/366 1765/4263/388
f 1765/4263/388 1762/4257/387 1752/4229/385
f 1765/4263/388 1752/4229/385 1779/4292/391
f 1779/4292/391 1752/4229/385 1810/4359/365
f 1765/4263/388 1753/4233/392 1791/4316/390
f 1791/4316/393 1892/4576/394 1830/4406/395
s 0
f 1791/4316/396 1830/4406/397 1793/4320/398
s 1
f 1822/4387/399 1845/4455/338 1866/4507/349
s 0
f 1845/4455/400 1822/4387/401 1827/4396/402
s 1
f 1859/4489/381 1843/4447/351 1858/4486/350
f 1822/4387/352 1859/4489/381 1858/4486/350
s 0
f 1859/4489/403 1822/4387/404 1866/4507/405
s 1
f 1843/4448/351 1818/4378/380 1822/4387/352
f 1818/4378/380 1784/4305/376 1776/4287/406
f 1822/4387/352 1818/4378/380 1776/4287/406
f 1776/4287/406 1784/4305/376 1786/4308/375
f 1786/4308/375 1760/4251/407 1776/4287/406
s 0
f 1760/4251/408 1757/4243/409 1776/4287/410
f 1776/4287/411 1757/4243/412 1779/4293/413
s 1
f 1822/4387/352 1776/4287/406 1810/4360/365
f 1822/4387/352 1810/4360/365 1827/4396/367
f 1793/4321/366 1830/4407/340 1827/4397/367
f 1840/4435/64 1833/4416/325 1783/4303/235
f 1765/4264/388 1737/4191/414 1732/4177/389
f 1732/4177/389 1737/4191/414 1761/4256/386
f 1762/4258/387 1761/4256/386 1737/4191/414
f 1762/4258/387 1737/4191/414 1752/4231/385
f 1765/4264/388 1793/4322/366 1701/4107/415
f 1793/4322/366 1732/4177/389 1701/4107/415
f 1752/4230/385 1732/4177/389 1761/4256/386
f 1732/4177/389 1700/4103/416 1701/4107/415
f 1765/4264/388 1701/4107/415 1737/4191/414
f 1737/4191/414 1729/4168/417 1752/4231/385
f 1732/4178/389 1752/4231/385 1700/4104/416
f 1746/4211/418 1698/4099/419 1700/4104/416
f 1746/4211/418 1700/4104/416 1752/4231/385
f 1698/4100/419 1692/4088/420 1700/4105/416
f 1692/4088/420 1698/4100/419 1684/4075/421
f 1692/4088/420 1682/4071/422 1701/4106/415
f 1701/4106/415 1682/4071/422 1688/4082/423
f 1700/4105/416 1692/4088/420 1701/4106/415
s 0
f 1701/4107/424 1652/4014/425 1737/4191/426
s 1
f 1650/4010/427 1701/4107/415 1688/4081/423
f 1652/4014/428 1701/4107/415 1650/4010/427
s 0
f 1652/4014/429 1650/4010/430 1621/3932/431
f 1631/3959/432 1630/3956/432 1621/3932/432
s 1
f 1650/4010/427 1688/4081/423 1674/4054/433
f 1696/4095/434 1684/4074/421 1726/4163/435
f 1746/4213/418 1726/4163/435 1684/4074/421
f 1684/4074/421 1698/4101/419 1746/4213/418
f 1726/4163/435 1741/4204/436 1664/4032/437
f 1664/4032/437 1741/4204/436 1666/4035/438
f 1648/4005/439 1631/3960/440 1660/4027/441
f 1631/3960/440 1664/4032/437 1660/4027/441
f 1648/4005/439 1660/4027/441 1642/3989/442
f 1642/3989/442 1660/4027/441 1666/4035/438
f 1666/4035/438 1660/4027/441 1664/4032/437
s 0
f 1644/3997/443 1628/3951/444 1681/4070/445
s 1
f 1628/3951/308 1625/3945/446 1627/3950/309
f 1627/3950/309 1625/3945/446 1624/3942/447
f 1664/4032/437 1696/4095/434 1726/4163/435
f 1667/4040/448 1696/4096/449 1642/3990/442
s 0
f 1642/3990/450 1696/4096/451 1664/4033/452
f 1664/4033/453 1631/3961/454 1642/3990/455
s 1
f 1667/4040/448 1642/3990/442 1666/4036/438
f 1631/3962/440 1666/4037/438 1741/4203/436
s 0
f 1741/4203/456 1669/4043/456 1631/3962/456
s 1
f 1716/4140/457 1669/4043/458 1741/4203/459
f 1631/3962/460 1669/4043/458 1630/3957/461
f 1788/4311/462 1760/4252/407 1861/4493/463
f 1896/4590/374 1861/4493/463 1815/4371/372
f 1786/4309/375 1815/4371/372 1760/4252/407
f 1815/4371/372 1786/4309/375 1807/4353/373
f 1776/4287/406 1779/4294/391 1810/4360/365
s 0
f 1900/4603/464 1896/4590/464 1892/4577/464
s 1
f 1815/4371/372 1861/4493/463 1760/4252/407
f 1729/4168/417 1737/4191/414 1652/4014/465
s 0
f 1779/4295/466 1757/4244/467 1765/4265/468
f 1753/4234/469 1765/4265/470 1757/4244/471
s 1
f 1729/4169/472 1751/4225/473 1753/4234/474
s 0
f 1746/4212/475 1752/4232/476 1729/4169/477
f 1746/4212/478 1729/4169/479 1753/4234/480
s 1
f 1757/4244/481 1746/4212/482 1753/4234/483
s 0
f 1684/4075/484 1680/4068/485 1692/4088/486
f 1682/4071/487 1692/4088/488 1680/4068/489
f 1680/4068/490 1696/4097/491 1667/4041/492
s 1
f 1696/4097/434 1680/4068/493 1684/4075/421
s 0
f 1726/4163/494 1746/4213/495 1757/4245/496
s 1
f 1760/4253/497 1736/4187/498 1757/4245/499
f 1741/4204/459 1736/4187/500 1721/4152/501
f 1741/4204/459 1721/4152/501 1716/4141/457
f 1721/4152/501 1736/4186/500 1716/4141/457
f 1726/4163/502 1757/4245/499 1736/4187/498
s 0
f 1726/4163/503 1736/4187/504 1741/4204/505
s 1
f 1628/3951/308 1644/3997/506 1625/3945/446
s 0
f 1571/3807/507 1533/3705/507 1462/3499/507
s 1
f 1571/3807/508 1620/3930/509 1533/3705/510
s 0
f 1620/3930/511 1607/3900/511 1605/3897/511
f 1620/3930/512 1583/3839/513 1610/3908/514
s 1
f 1610/3908/515 1583/3839/516 1612/3911/517
f 1610/3908/515 1612/3911/517 1584/3842/518
f 1581/3834/519 1584/3842/518 1599/3878/520
f 1581/3834/519 1563/3790/521 1584/3842/518
s 0
f 1584/3842/522 1563/3790/523 1567/3799/524
f 1567/3799/525 1563/3790/526 1574/3817/527
s 1
f 1595/3866/528 1567/3799/529 1588/3849/530
s 0
f 1610/3908/531 1567/3799/532 1607/3900/533
s 1
f 1607/3900/534 1567/3799/529 1595/3866/528
f 1588/3849/530 1567/3799/529 1463/3500/535
f 1588/3849/530 1463/3500/535 1607/3900/534
f 1463/3500/535 1532/3701/536 1607/3900/534
f 1535/3709/537 1463/3500/535 1567/3799/529
s 0
f 1535/3709/538 1567/3799/539 1574/3817/540
f 1620/3930/541 1610/3908/541 1607/3900/541
s 1
f 1584/3842/518 1567/3799/542 1610/3908/515
f 1605/3897/213 1601/3885/543 1543/3737/214
f 1467/3520/215 1543/3737/214 1532/3701/536
f 1532/3701/536 1543/3737/214 1601/3885/543
f 1607/3900/534 1601/3885/543 1605/3897/213
f 1519/3663/196 1551/3759/157 1500/3609/544
f 1462/3497/203 1519/3664/196 1514/3649/545
s 0
f 1394/3320/546 1462/3498/547 1449/3459/548
f 1462/3498/549 1394/3320/550 1347/3198/551
s 1
f 1470/3528/207 1500/3610/544 1551/3760/157
s 0
f 1470/3528/552 1448/3455/553 1500/3610/554
f 1448/3455/555 1470/3528/556 1462/3498/557
s 1
f 1462/3498/558 1433/3423/559 1448/3455/560
f 1347/3198/561 1433/3423/559 1462/3498/558
s 0
f 1347/3198/562 1372/3256/563 1433/3423/564
s 1
f 1433/3423/559 1372/3257/565 1422/3388/566
s 0
f 1571/3807/567 1462/3499/568 1514/3648/569
f 1514/3649/570 1519/3664/571 1500/3610/572
s 1
f 1500/3610/573 1448/3455/560 1451/3462/574
f 1542/3731/575 1514/3649/576 1518/3658/577
f 1502/3613/578 1518/3658/577 1500/3610/579
s 0
f 1518/3658/580 1514/3649/581 1500/3610/582
f 1463/3501/583 1496/3598/584 1532/3700/585
s 1
f 1496/3598/586 1518/3659/577 1502/3614/578
s 0
f 1502/3614/587 1500/3611/588 1451/3463/589
f 1502/3614/590 1451/3463/591 1387/3301/592
f 1502/3614/593 1387/3301/594 1461/3493/595
s 1
f 1502/3614/596 1461/3493/208 1522/3673/210
f 1496/3598/597 1522/3673/210 1467/3521/209
s 0
f 1496/3598/598 1467/3521/599 1532/3700/600
f 1502/3614/601 1522/3673/602 1496/3598/603
s 1
f 1352/3211/212 1387/3302/211 1353/3212/604
s 0
f 1347/3199/605 1352/3211/606 1353/3212/607
s 1
f 1653/4017/608 1659/4025/609 1672/4051/301
f 1653/4017/608 1625/3944/446 1659/4025/609
f 1657/4022/610 1659/4026/609 1625/3945/446
f 1625/3945/446 1644/3997/506 1657/4022/610
f 1657/4022/610 1644/3997/506 1681/4070/611
s 0
f 1657/4022/612 1681/4070/613 1659/4026/614
s 1
f 1681/4070/300 1672/4052/301 1659/4026/609
f 1583/3840/516 1620/3931/509 1571/3808/508
f 1584/3843/518 1612/3912/517 1599/3879/520
f 1583/3840/516 1581/3835/519 1599/3879/520
s 0
f 1561/3786/615 1581/3835/616 1571/3808/617
s 1
f 1561/3786/618 1571/3808/619 1542/3732/575
f 1588/3849/530 1607/3900/534 1595/3866/528
f 1601/3885/543 1607/3900/534 1532/3701/536
f 1581/3835/519 1583/3840/516 1571/3808/508
s 0
f 1542/3732/620 1571/3808/621 1514/3650/620
s 1
f 1432/3422/622 1433/3424/559 1422/3390/566
f 1448/3456/560 1433/3424/559 1432/3422/622
f 1422/3390/566 1389/3306/623 1409/3357/624
f 1378/3273/625 1360/3228/626 1359/3225/627
f 1378/3273/625 1359/3226/627 1409/3357/628
s 0
f 1389/3306/629 1378/3273/630 1409/3357/631
s 1
f 1581/3836/519 1561/3787/618 1563/3789/521
f 1430/3416/632 1469/3524/633 1537/3716/634
f 1469/3524/633 1563/3789/521 1537/3716/634
f 1436/3430/635 1537/3716/634 1561/3787/618
f 1561/3787/618 1537/3716/634 1563/3789/521
f 1542/3733/575 1436/3430/635 1561/3787/618
f 1518/3660/577 1420/3384/636 1542/3734/575
f 1542/3735/575 1420/3384/636 1436/3431/635
f 1420/3384/636 1518/3660/577 1413/3366/637
f 1420/3384/636 1413/3366/637 1401/3337/638
f 1403/3340/639 1413/3366/637 1428/3409/640
f 1403/3340/639 1428/3409/640 1439/3438/641
f 1403/3340/639 1414/3369/642 1381/3281/643
f 1403/3340/639 1401/3337/638 1413/3366/637
f 1381/3281/643 1401/3337/638 1403/3340/639
f 1401/3337/638 1381/3281/643 1389/3307/623
f 1422/3392/566 1430/3417/632 1436/3431/635
f 1430/3417/632 1447/3454/644 1436/3431/635
f 1447/3454/644 1430/3417/632 1537/3717/634
f 1451/3464/574 1448/3456/560 1432/3422/622
f 1432/3422/622 1409/3357/645 1496/3599/586
f 1409/3357/645 1518/3661/577 1496/3599/586
f 1409/3357/645 1413/3367/637 1518/3661/577
f 1451/3464/574 1432/3422/622 1496/3599/586
f 1436/3431/635 1447/3454/644 1537/3717/634
s 0
f 1602/3886/646 1574/3817/647 1563/3790/648
s 1
f 1451/3465/574 1496/3600/586 1387/3303/649
f 1463/3502/650 1387/3303/649 1496/3600/586
s 0
f 1387/3303/651 1463/3502/652 1409/3355/653
f 1387/3303/654 1409/3355/655 1359/3227/656
f 1359/3227/657 1353/3213/658 1387/3303/659
s 1
f 1359/3227/627 1360/3229/626 1347/3200/660
f 1353/3213/661 1359/3227/627 1347/3200/660
f 1674/4055/433 1688/4082/423 1682/4071/422
f 1640/3985/662 1631/3963/663 1621/3933/664
s 0
f 1650/4011/665 1640/3985/666 1621/3933/667
s 1
f 1650/4011/668 1667/4041/448 1640/3985/662
f 1650/4011/427 1674/4055/433 1682/4071/422
f 1640/3985/662 1667/4041/448 1666/4038/438
f 1666/4038/438 1648/4006/439 1640/3985/662
f 1640/3985/662 1648/4006/439 1642/3991/442
f 1642/3991/442 1631/3963/663 1640/3985/662
s 0
f 1667/4041/669 1650/4011/670 1682/4071/671
f 1667/4041/672 1682/4071/673 1680/4068/674
s 1
f 1617/3925/675 1618/3926/676 1619/3927/677
f 1619/3927/677 1618/3926/676 1617/3925/675
f 1599/3880/520 1612/3913/517 1576/3823/678
f 1576/3823/678 1612/3913/517 1569/3803/679
f 1569/3803/679 1598/3876/680 1576/3823/678
f 1598/3876/680 1569/3803/679 1602/3887/681
f 1589/3850/682 1598/3876/680 1602/3887/681
f 1602/3887/681 1569/3803/679 1616/3924/683
f 1602/3887/681 1616/3924/683 1574/3818/684
f 1569/3804/679 1583/3841/516 1565/3796/685
f 1569/3804/679 1612/3914/517 1583/3841/516
s 0
f 1523/3674/686 1546/3745/687 1455/3477/688
s 1
f 1523/3674/689 1520/3665/690 1546/3745/691
s 0
f 1573/3813/692 1569/3804/693 1546/3745/694
s 1
f 1573/3813/695 1616/3922/683 1569/3804/679
f 1648/4007/439 1666/4039/438 1631/3964/440
f 1616/3923/683 1573/3814/695 1608/3901/696
f 1609/3904/697 1608/3901/696 1573/3814/695
s 0
f 1616/3924/698 1608/3902/699 1574/3818/700
f 1608/3903/701 1535/3710/702 1574/3819/703
s 1
f 1535/3710/537 1609/3905/697 1531/3697/704
f 1608/3903/696 1609/3905/697 1535/3710/537
f 1583/3841/516 1599/3881/520 1565/3796/685
f 1565/3795/685 1599/3882/520 1576/3824/678
f 1545/3741/705 1565/3795/685 1570/3805/706
f 1576/3824/678 1570/3805/706 1565/3795/685
f 1570/3805/706 1576/3824/678 1589/3851/682
f 1596/3867/707 1576/3824/678 1563/3791/708
f 1596/3867/707 1563/3791/708 1592/3859/709
f 1576/3824/678 1594/3864/710 1563/3791/708
f 1594/3864/710 1576/3824/678 1598/3877/680
f 1596/3868/707 1594/3864/710 1598/3877/680
f 1594/3864/710 1596/3868/707 1592/3860/709
f 1596/3868/707 1598/3877/680 1589/3852/682
f 1589/3852/682 1602/3888/681 1594/3865/710
f 1602/3888/681 1563/3792/708 1594/3865/710
f 1589/3852/682 1594/3865/710 1592/3861/709
f 1589/3853/682 1576/3825/678 1596/3869/707
f 1589/3853/682 1592/3862/709 1563/3793/708
s 0
f 1570/3806/711 1589/3853/712 1563/3793/713
s 1
f 1489/3583/714 1563/3793/521 1469/3525/633
f 1563/3793/521 1489/3583/714 1570/3806/706
f 1471/3529/715 1489/3583/714 1469/3525/633
f 1570/3806/706 1489/3583/714 1524/3677/716
f 1545/3742/705 1570/3806/706 1524/3677/716
f 1430/3418/632 1422/3389/566 1398/3328/717
f 1398/3328/717 1381/3282/643 1414/3370/642
f 1414/3370/642 1403/3341/639 1435/3429/718
f 1403/3341/639 1439/3439/641 1435/3429/718
f 1398/3328/717 1414/3370/642 1435/3429/718
f 1469/3526/633 1398/3328/717 1435/3429/718
f 1398/3328/717 1469/3526/633 1430/3418/632
f 1469/3526/633 1435/3429/718 1471/3530/715
s 0
f 1455/3477/719 1569/3804/720 1565/3796/721
f 1569/3804/722 1455/3477/723 1546/3745/724
s 1
f 1565/3797/685 1545/3742/705 1455/3478/725
f 1460/3491/726 1439/3439/641 1489/3584/714
f 1460/3491/726 1489/3584/714 1471/3530/715
f 1460/3491/726 1471/3530/715 1435/3429/718
f 1439/3439/641 1460/3491/726 1435/3429/718
f 1463/3503/535 1535/3711/537 1426/3404/727
f 1428/3410/640 1463/3503/535 1426/3404/727
f 1463/3503/535 1428/3410/640 1409/3356/645
f 1428/3410/640 1413/3368/637 1409/3356/645
f 1426/3404/727 1535/3711/537 1473/3532/728
f 1439/3440/641 1428/3411/640 1473/3535/729
s 0
f 1472/3531/730 1473/3535/731 1531/3698/732
s 1
f 1472/3531/733 1439/3440/641 1473/3535/729
f 1524/3678/716 1472/3531/733 1483/3566/734
s 0
f 1483/3566/735 1472/3531/736 1497/3601/737
f 1472/3531/738 1490/3586/739 1497/3601/740
s 1
f 1490/3586/741 1472/3531/742 1531/3698/743
f 1472/3531/733 1524/3678/716 1439/3440/641
s 0
f 1524/3678/744 1483/3566/745 1523/3675/746
f 1523/3675/747 1483/3566/748 1520/3666/749
f 1524/3678/750 1523/3675/751 1545/3743/752
s 1
f 1545/3743/705 1523/3675/753 1465/3507/754
f 1465/3507/754 1523/3675/753 1480/3555/755
f 1524/3678/716 1489/3585/714 1439/3440/641
s 0
f 1416/3376/756 1426/3405/757 1473/3533/758
f 1459/3488/759 1416/3376/760 1473/3533/761
f 1490/3587/762 1416/3376/763 1459/3488/764
f 1490/3587/765 1459/3488/766 1497/3602/767
s 1
f 1497/3602/768 1459/3488/769 1483/3564/770
f 1473/3534/729 1428/3412/640 1459/3489/769
s 0
f 1428/3412/771 1426/3406/772 1386/3299/773
s 1
f 1428/3412/640 1386/3299/774 1363/3237/775
f 1428/3412/640 1363/3237/775 1373/3263/776
f 1363/3237/775 1357/3221/777 1364/3238/778
f 1357/3221/777 1363/3237/775 1386/3299/774
f 1426/3406/779 1357/3221/777 1386/3299/774
s 0
f 1357/3221/780 1355/3216/781 1339/3173/782
s 1
f 1426/3406/779 1416/3377/783 1357/3221/777
f 1416/3377/783 1355/3216/784 1357/3221/777
f 1531/3698/704 1473/3535/728 1535/3712/537
f 1455/3479/725 1545/3744/705 1465/3508/754
f 1455/3479/725 1480/3556/755 1523/3676/753
f 1465/3508/754 1480/3556/755 1371/3252/785
s 0
f 1371/3252/786 1480/3556/787 1434/3425/788
s 1
f 1493/3593/789 1465/3508/754 1371/3252/785
f 1480/3557/755 1455/3480/725 1434/3426/790
f 1455/3480/725 1465/3509/754 1434/3426/790
s 0
f 1398/3329/791 1434/3426/792 1373/3262/793
s 1
f 1373/3262/776 1434/3426/790 1417/3380/794
f 1373/3262/776 1417/3380/794 1428/3413/640
f 1428/3413/640 1417/3380/794 1459/3490/769
s 0
f 1373/3262/795 1381/3283/796 1398/3329/797
s 1
f 1434/3426/790 1465/3509/754 1417/3380/794
f 1459/3490/769 1417/3380/794 1465/3509/754
f 1493/3594/789 1486/3573/798 1483/3565/770
f 1483/3565/770 1459/3490/769 1493/3594/789
f 1465/3509/754 1493/3594/789 1459/3490/769
s 0
f 1371/3253/799 1434/3427/800 1339/3171/801
s 1
f 1483/3566/770 1486/3574/798 1520/3666/802
f 1345/3192/130 1361/3234/134 1412/3365/136
f 1412/3365/136 1351/3208/803 1345/3192/130
f 1351/3208/803 1340/3177/129 1345/3192/130
s 0
f 1005/2419/804 1311/3108/805 1124/2692/806
f 1257/3000/807 1124/2692/808 1311/3108/809
f 1276/3043/810 1257/3000/811 1311/3108/812
f 1311/3109/813 1081/2592/813 1336/3163/814
s 1
f 1338/3167/815 1336/3163/816 1081/2592/817
s 0
f 1081/2595/818 1214/2910/819 1269/3028/820
f 1111/2658/821 1214/2910/822 1081/2595/823
s 1
f 1111/2658/824 992/2379/825 1016/2447/826
f 1111/2658/827 1268/3025/828 1214/2910/829
f 1081/2593/817 1269/3026/830 1335/3160/831
f 1269/3026/830 1336/3162/816 1338/3168/815
f 1336/3162/816 1269/3026/830 1302/3089/832
f 1336/3162/816 1302/3089/832 1337/3164/833
f 1338/3169/815 1081/2594/817 1337/3165/833
f 1338/3170/815 1335/3161/831 1269/3027/830
f 1337/3165/833 1081/2594/817 1324/3131/834
f 1081/2594/817 1335/3161/831 1324/3131/834
f 1335/3161/831 1338/3170/815 1337/3165/833
f 1335/3161/831 1337/3165/833 1302/3090/832
f 1335/3161/831 1302/3090/832 1324/3131/834
f 1337/3166/833 1324/3132/834 1336/3163/816
s 0
f 1311/3109/835 1336/3163/835 1324/3132/835
f 1276/3044/836 1311/3109/837 1324/3132/838
f 1323/3127/839 1276/3044/839 1324/3132/839
s 1
f 1324/3132/834 1302/3091/832 1263/3016/840
s 0
f 1263/3016/841 1296/3080/842 1324/3132/843
s 1
f 1259/3005/844 1269/3028/830 1214/2910/829
f 1259/3005/844 1268/3025/828 1269/3028/830
f 1268/3025/828 1259/3005/844 1214/2910/829
f 1111/2658/827 1180/2828/845 1263/3017/840
f 1111/2658/827 1263/3017/840 1268/3025/828
f 1263/3017/840 1302/3092/832 1268/3025/828
f 1268/3025/828 1302/3092/832 1269/3029/830
f 1276/3044/846 1220/2920/847 1257/3001/848
f 1257/3001/848 1220/2920/847 1159/2783/849
f 1220/2920/847 1276/3044/846 1189/2856/850
s 0
f 1159/2783/851 1220/2920/852 1189/2856/853
f 1169/2800/854 1159/2783/855 1189/2856/856
s 1
f 1124/2693/857 1257/3001/848 1204/2889/858
s 0
f 1204/2889/859 1159/2783/860 1124/2693/861
s 1
f 1116/2672/862 1124/2693/863 1159/2783/864
f 1124/2693/863 1116/2672/862 1005/2420/865
f 1204/2889/858 1257/3001/848 1159/2783/849
f 1340/3178/129 1391/3312/128 1346/3195/127
f 1412/3365/136 1392/3316/137 1351/3208/803
s 0
f 1392/3316/866 1391/3313/867 1351/3208/868
f 1351/3208/869 1391/3313/869 1340/3179/869
s 1
f 1216/2913/870 1296/3081/871 1263/3018/840
f 1296/3081/871 1216/2913/870 1291/3069/872
s 0
f 1291/3069/873 1324/3133/874 1296/3081/875
f 1324/3133/876 1291/3069/877 1292/3070/878
s 1
f 1263/3018/840 1180/2829/845 1151/2760/879
f 1151/2760/879 1180/2829/845 1138/2727/880
f 1138/2728/880 1180/2830/845 1154/2768/881
f 1154/2768/881 1180/2830/845 1216/2913/870
f 1216/2913/870 1263/3018/840 1151/2760/879
f 1151/2760/879 1154/2768/881 1216/2913/870
f 1158/2778/882 1248/2981/883 1216/2913/870
f 1291/3069/872 1216/2913/870 1248/2982/883
f 1291/3069/872 1248/2982/883 1292/3070/884
s 0
f 1272/3035/885 1323/3130/886 1239/2962/887
s 1
f 1267/3024/888 1239/2962/889 1292/3071/884
f 1248/2983/883 1239/2962/889 1267/3024/888
f 1121/2683/890 1248/2983/883 1158/2779/882
f 1144/2741/891 1162/2788/892 1121/2683/890
f 1144/2741/891 1115/2670/893 1162/2788/892
f 1162/2788/892 1115/2670/893 1168/2799/894
f 1162/2788/892 1248/2983/883 1121/2683/890
f 1267/3024/888 1292/3071/884 1248/2983/883
f 1276/3044/846 1323/3127/895 1246/2976/896
f 1276/3044/846 1246/2976/896 1189/2856/850
f 1323/3128/895 1272/3034/897 1246/2977/896
f 1189/2857/850 1246/2977/896 1121/2684/898
f 1246/2977/896 1193/2868/899 1121/2684/898
f 1246/2977/896 1272/3034/897 1202/2884/900
s 0
f 1246/2977/901 1202/2884/902 1193/2868/903
s 1
f 1153/2767/904 1258/3002/905 1228/2934/906
s 0
f 1258/3002/907 1153/2767/908 1119/2678/909
f 1203/2886/910 1271/3032/911 1231/2943/912
s 1
f 1271/3032/913 1273/3036/914 1231/2943/915
f 1242/2968/916 1231/2943/915 1273/3036/914
f 1119/2678/917 1231/2943/915 1242/2968/916
s 0
f 1113/2666/918 999/2400/919 1119/2678/920
f 999/2400/921 1113/2666/922 1011/2434/923
s 1
f 1324/3133/924 1292/3070/884 1323/3129/925
f 1239/2962/889 1323/3130/925 1292/3071/884
f 1242/2968/916 1258/3002/926 1119/2678/917
s 0
f 1113/2666/927 1119/2678/928 1153/2767/929
f 1258/3002/930 1293/3072/931 1228/2934/932
s 1
f 1228/2934/906 1011/2434/933 1153/2767/904
f 1258/3002/926 1273/3036/914 1271/3032/913
f 1258/3002/926 1242/2968/916 1273/3036/914
f 1119/2678/917 1203/2886/934 1231/2943/915
s 0
f 1247/2979/935 1303/3093/936 1290/3066/937
s 1
f 1325/3134/938 1247/2979/939 1228/2936/940
f 1325/3134/938 1303/3093/941 1247/2979/939
f 1290/3067/942 1228/2935/940 1293/3073/943
f 1234/2950/944 1290/3067/942 1255/2994/945
f 1290/3067/942 1234/2950/944 1247/2978/946
s 0
f 1303/3094/947 1325/3135/948 1290/3067/949
s 1
f 1290/3067/942 1325/3135/938 1228/2935/940
f 1162/2788/892 1239/2962/889 1248/2983/883
f 1239/2962/889 1162/2788/892 1168/2799/894
s 0
f 1272/3035/950 1239/2962/951 1168/2799/952
s 1
f 1272/3035/897 1168/2799/894 1202/2885/900
s 0
f 1112/2661/953 1228/2936/954 1247/2979/955
s 1
f 1233/2947/956 1287/3063/957 1255/2995/945
f 1253/2990/958 1287/3063/957 1233/2948/956
s 0
f 1255/2995/959 1287/3063/960 1234/2951/961
s 1
f 1105/2646/962 1112/2662/963 1146/2746/964
f 1146/2746/964 1112/2662/963 1234/2951/944
s 0
f 1105/2646/965 1146/2746/966 1132/2714/967
s 1
f 1085/2600/968 1105/2646/962 1132/2714/969
f 1085/2600/968 1132/2714/969 1110/2656/970
f 1085/2600/968 1110/2656/970 1099/2631/971
f 1132/2714/969 1287/3063/957 1110/2656/970
f 1110/2656/970 1287/3063/957 1253/2990/958
f 1132/2714/969 1146/2746/964 1287/3063/957
f 1146/2746/964 1234/2951/944 1287/3063/957
f 1247/2980/946 1234/2952/944 1112/2665/963
f 1011/2433/933 1228/2937/906 1112/2665/963
f 1085/2601/968 1099/2632/971 1034/2492/972
s 0
f 1111/2658/973 1081/2595/974 992/2380/975
f 1081/2596/976 1311/3110/977 992/2381/978
f 1311/3110/979 1005/2421/979 992/2381/979
s 1
f 1005/2421/865 1006/2424/980 997/2394/981
f 992/2381/825 1005/2421/865 997/2394/981
f 1116/2671/862 1006/2424/980 1005/2421/865
s 0
f 1116/2672/982 1159/2783/983 1169/2800/984
f 174/410/985 11/30/985 17/49/985
f 17/49/986 231/561/986 174/410/986
f 11/30/987 9/22/988 17/49/989
s 1
f 997/2394/981 987/2366/990 992/2381/825
f 1014/2445/991 1016/2448/826 987/2366/990
f 144/344/992 20/56/993 160/373/994
s 0
f 20/56/995 84/218/996 160/373/997
s 1
f 84/218/998 34/92/999 160/373/1000
f 160/373/1000 34/92/999 164/386/1001
f 160/373/1000 164/386/1001 224/543/1002
f 1111/2659/1003 1166/2796/1004 1169/2801/1005
s 0
f 1169/2801/1006 1180/2831/1007 1111/2659/1008
f 1016/2449/1009 1092/2614/1010 1111/2660/1011
f 1092/2614/1012 1079/2586/1013 1078/2584/1014
s 1
f 1079/2586/1015 987/2364/990 1078/2584/1016
s 0
f 1111/2659/1017 1138/2729/1018 1156/2773/1019
f 1111/2659/1020 1156/2773/1021 1158/2780/1022
f 1133/2715/1023 1169/2801/1024 1107/2650/1025
f 1107/2650/1026 1169/2801/1027 1166/2796/1028
f 1158/2780/1029 1166/2796/1030 1111/2659/1031
s 1
f 1158/2780/882 1107/2650/1032 1166/2796/1033
s 0
f 1144/2742/1034 1121/2685/1035 1133/2715/1036
f 1116/2673/1037 1133/2715/1038 1121/2685/1039
f 1169/2801/1040 1133/2715/1041 1116/2673/1042
s 1
f 1006/2422/980 1116/2673/862 1121/2685/898
f 1006/2422/980 1121/2685/898 1115/2668/893
f 1092/2614/1043 1138/2730/880 1111/2660/1044
s 0
f 1180/2831/1045 1169/2801/1046 1158/2781/1047
f 1158/2781/1048 1169/2801/1049 1121/2686/1050
f 1169/2801/1051 1189/2858/1052 1121/2686/1053
s 1
f 1180/2831/845 1158/2781/1054 1156/2774/1055
f 1092/2614/1043 1151/2761/879 1138/2730/880
f 1138/2730/880 1154/2769/881 1156/2775/1055
f 1156/2776/1055 1154/2770/881 1092/2615/1043
f 1092/2615/1043 1107/2651/1032 1156/2776/1055
f 1144/2743/891 1133/2716/1056 1082/2597/1057
f 1082/2597/1057 1133/2716/1056 1107/2651/1032
f 1107/2651/1032 1092/2615/1043 1025/2468/1058
f 1082/2597/1057 1025/2468/1058 1019/2456/1059
f 1041/2510/1060 1082/2597/1057 1019/2456/1059
f 1144/2743/891 1082/2597/1057 1041/2510/1060
f 1144/2743/891 1041/2510/1060 1115/2669/893
s 0
f 1115/2669/1061 1041/2510/1062 1006/2423/1063
s 1
f 1025/2468/1058 1092/2615/1043 1078/2585/1016
f 1025/2468/1058 1078/2585/1016 987/2365/990
f 1107/2651/1032 1025/2468/1058 1082/2597/1057
f 1107/2651/1032 1180/2832/845 1156/2776/1055
f 1180/2832/845 1107/2651/1032 1216/2914/870
f 1158/2782/882 1216/2914/870 1107/2651/1032
f 987/2366/990 1016/2448/826 992/2381/825
f 1016/2449/826 1079/2586/1064 1092/2614/1065
f 1106/2648/1066 1079/2586/1064 1016/2449/826
f 1106/2648/1066 1016/2449/826 1014/2443/991
f 20/56/993 9/23/1067 27/74/1068
f 117/291/1069 34/92/999 27/74/1068
s 0
f 164/386/1070 117/291/1071 141/332/1072
s 1
f 164/386/1073 141/332/1074 206/496/1075
f 141/332/1074 194/460/1076 211/506/1077
f 211/506/1077 227/549/1078 206/496/1075
f 211/506/1077 206/496/1075 141/332/1074
f 206/496/1075 227/549/1078 226/547/1079
f 206/496/1075 226/547/1079 194/460/1076
f 194/460/1076 226/547/1079 211/506/1077
f 194/460/1076 141/332/1074 210/503/1080
f 210/503/1080 203/487/1081 194/460/1076
s 0
f 194/460/1082 203/487/1083 189/446/1084
f 194/460/1085 189/446/1086 164/386/1087
f 189/446/1088 144/341/1089 164/386/1090
f 164/386/1091 206/496/1092 194/460/1093
s 1
f 987/2366/990 997/2394/981 1025/2469/1058
f 1041/2511/1060 1019/2457/1059 997/2394/1094
s 0
f 1041/2511/1095 997/2394/1096 1006/2424/1097
s 1
f 1151/2762/879 1092/2615/1043 1154/2770/881
s 0
f 1079/2587/1098 1106/2649/1099 1014/2444/1100
s 1
f 1153/2767/904 1011/2434/933 1113/2666/1101
s 0
f 1119/2678/1102 1048/2522/1103 1036/2497/1104
s 1
f 1066/2558/1105 1048/2522/1106 1119/2678/1107
f 1036/2497/1108 1203/2886/934 1119/2678/917
f 999/2400/1109 1066/2558/1105 1119/2678/1107
f 1048/2522/1106 1066/2558/1105 999/2400/1109
s 0
f 1184/2843/1110 1174/2814/1111 1094/2620/1112
s 1
f 1094/2620/1113 1174/2814/1114 1036/2498/1108
s 0
f 1184/2843/1115 1094/2620/1116 1109/2654/1117
f 1174/2814/1118 1184/2843/1119 1190/2859/1120
f 1174/2814/1121 1190/2859/1122 1203/2887/1123
s 1
f 1203/2887/934 1036/2498/1108 1174/2814/1114
s 0
f 1001/2407/1124 1048/2522/1125 999/2401/1126
f 1036/2498/1127 1048/2523/1128 1001/2408/1129
f 1094/2620/1130 1036/2498/1131 1001/2409/1132
f 991/2376/1133 1039/2504/1134 1013/2439/1135
s 1
f 1079/2588/1015 1014/2445/991 987/2366/990
s 0
f 1025/2470/1136 997/2394/1137 1019/2457/1138
f 1011/2435/1139 1007/2425/1140 999/2402/1141
s 1
f 1011/2435/933 1112/2663/963 1007/2425/1142
s 0
f 1001/2410/1143 999/2403/1144 1007/2427/1144
f 15/42/1145 3/4/1146 40/104/1147
f 38/99/1148 3/4/1149 32/87/1150
s 1
f 3/4/1151 38/99/1152 40/104/1153
f 82/214/1154 40/104/1153 139/327/1155
f 38/99/1152 143/337/1156 139/327/1155
f 19/54/1157 21/57/1158 7/19/1159
f 1112/2664/963 1034/2491/972 1007/2427/1142
f 1001/2410/1160 1007/2427/1142 991/2378/1161
s 0
f 3/5/1162 7/18/1163 30/82/1164
s 1
f 1193/2869/899 1202/2885/900 1121/2687/898
f 1121/2687/898 1202/2885/900 1115/2670/893
f 1168/2799/894 1115/2670/893 1202/2885/900
f 1034/2492/972 1112/2665/963 1105/2647/962
f 1105/2647/962 1085/2601/968 1034/2492/972
s 0
f 30/82/1165 57/143/1166 32/86/1166
s 1
f 57/143/1167 30/82/1168 43/113/1169
f 67/175/1170 142/334/1171 57/143/1167
f 43/113/1169 67/175/1170 57/143/1167
f 7/18/1159 43/113/1169 30/82/1168
f 7/18/1159 31/84/1172 43/113/1169
f 31/84/1172 67/175/1170 43/113/1169
f 1320/3121/1173 1333/3156/1174 1293/3074/1175
s 0
f 1320/3121/1176 1293/3074/1177 1258/3003/1178
s 1
f 1384/3291/1179 1372/3258/565 1380/3277/1180
s 0
f 1409/3357/1181 1432/3422/1182 1422/3390/1183
s 1
f 1372/3259/565 1384/3292/1179 1422/3391/566
f 1398/3330/717 1382/3286/1184 1339/3172/1185
f 1339/3172/1185 1382/3286/1184 1360/3230/626
f 1360/3230/626 1382/3286/1184 1372/3260/565
f 1372/3260/565 1382/3286/1184 1380/3278/1180
s 0
f 1434/3428/1186 1398/3330/1187 1339/3172/1188
s 1
f 1382/3286/1184 1398/3330/717 1384/3292/1179
f 1422/3391/566 1384/3292/1179 1398/3330/717
f 1374/3264/1189 1380/3279/1180 1360/3232/626
f 1380/3279/1180 1374/3264/1189 1384/3293/1179
f 1384/3293/1179 1389/3308/623 1381/3284/643
f 1389/3308/623 1374/3264/1189 1360/3232/626
f 1384/3293/1179 1374/3264/1189 1389/3308/623
f 1422/3392/566 1436/3431/635 1420/3384/636
f 1422/3392/566 1420/3384/636 1389/3307/623
f 1420/3384/636 1401/3337/638 1389/3307/623
f 1305/3097/1190 1333/3157/1174 1256/2997/1191
f 1256/2997/1191 1333/3157/1174 1320/3122/1173
f 1190/2860/1192 1198/2875/1193 1256/2997/1191
f 1320/3122/1173 1190/2860/1192 1256/2997/1191
s 0
f 1190/2860/1194 1320/3122/1195 1203/2888/1196
f 1203/2888/1197 1320/3122/1198 1271/3033/1199
f 1320/3122/1200 1258/3004/1201 1271/3033/1202
s 1
f 1270/3030/1203 1206/2893/1204 1293/3075/943
s 0
f 1270/3030/1205 1293/3075/1206 1329/3148/1207
s 1
f 1293/3075/1175 1333/3158/1174 1329/3148/1208
f 1317/3118/1209 1333/3158/1174 1319/3120/1210
f 1319/3120/1210 1333/3158/1174 1305/3098/1190
s 0
f 1282/3052/1211 1305/3098/1212 1256/2998/1213
s 1
f 1319/3120/1210 1309/3106/1214 1270/3030/1203
f 1319/3120/1210 1270/3030/1203 1317/3118/1209
s 0
f 1282/3052/1215 1309/3106/1215 1305/3098/1216
s 1
f 1305/3098/1190 1309/3106/1214 1319/3120/1210
f 1253/2991/958 1233/2949/956 1120/2679/1217
f 1120/2679/1217 1110/2657/970 1253/2991/958
f 1290/3068/942 1293/3076/943 1255/2996/945
f 1206/2894/1204 1255/2996/945 1293/3076/943
f 1255/2996/945 1206/2894/1204 1215/2911/1218
f 1233/2949/956 1215/2911/1218 1120/2679/1217
f 1215/2911/1218 1233/2949/956 1255/2996/945
f 1120/2679/1217 1099/2633/971 1110/2657/970
f 1194/2870/1219 1206/2895/1204 1235/2953/1220
f 1194/2870/1221 1177/2819/1222 1185/2845/1223
s 0
f 1215/2912/1224 1206/2895/1225 1120/2680/1226
f 1120/2680/1227 1206/2895/1228 1194/2870/1229
s 1
f 1185/2845/1223 1120/2680/1217 1194/2870/1221
f 1333/3158/1174 1317/3118/1209 1329/3148/1208
f 1329/3148/1208 1317/3118/1209 1270/3030/1203
f 1270/3030/1203 1309/3106/1214 1282/3052/1230
f 1256/2999/1191 1198/2876/1193 1282/3053/1231
s 0
f 1184/2844/1232 1177/2819/1233 1194/2870/1234
f 1282/3053/1235 1198/2876/1236 1194/2870/1237
s 1
f 1282/3053/1230 1194/2870/1219 1235/2953/1220
f 1282/3053/1230 1235/2953/1220 1270/3031/1203
f 1270/3031/1203 1235/2953/1220 1206/2895/1204
f 1382/3287/1184 1384/3294/1179 1364/3238/778
f 1382/3287/1184 1364/3238/778 1380/3280/1180
f 1360/3231/626 1380/3280/1180 1364/3238/778
f 1360/3231/626 1364/3238/778 1339/3173/1185
f 1364/3238/778 1384/3294/1179 1381/3285/643
f 1381/3285/643 1373/3263/776 1364/3238/778
f 1364/3238/778 1373/3263/776 1363/3237/775
f 1364/3238/778 1357/3221/777 1339/3173/1185
f 1360/3232/626 1372/3261/565 1347/3201/660
f 1389/3308/623 1360/3232/626 1378/3274/625
s 0
f 1308/3104/1238 1315/3114/1239 1313/3112/1240
s 1
f 1278/3046/1241 1308/3104/1242 1313/3112/1243
f 1149/2754/1244 1301/3087/1245 1280/3049/1246
s 0
f 1280/3049/1247 1301/3087/1248 1278/3046/1249
s 1
f 1278/3046/1241 1301/3087/1245 1308/3104/1242
f 1313/3112/1243 1331/3152/1250 1278/3046/1241
s 0
f 1278/3046/1251 1331/3152/1251 1330/3149/1252
s 1
f 1331/3152/1250 1328/3144/1253 1330/3149/1254
f 1313/3112/1243 1315/3114/1255 1328/3144/1253
f 1331/3152/1250 1313/3112/1243 1328/3144/1253
f 1330/3149/1256 1240/2963/1257 1222/2922/1258
f 1222/2922/1258 1221/2921/1259 1330/3149/1256
s 0
f 1222/2922/1260 1209/2900/1261 1221/2921/1262
s 1
f 1277/3045/1263 1209/2900/1264 1266/3023/1265
f 1266/3023/1265 1209/2900/1264 1210/2902/1266
f 1280/3049/1246 1245/2974/1267 1149/2754/1244
s 0
f 1277/3045/1268 1280/3049/1269 1278/3046/1270
f 1278/3046/1271 1330/3149/1272 1221/2921/1273
s 1
f 1278/3046/1274 1221/2921/1275 1209/2900/1276
s 0
f 1277/3045/1277 1278/3046/1278 1209/2900/1279
s 1
f 1266/3023/1265 1280/3049/1246 1277/3045/1263
f 1328/3145/1253 1315/3115/1255 1308/3105/1280
f 1294/3077/1281 1308/3105/1242 1301/3088/1245
f 1301/3088/1245 1149/2755/1244 1294/3077/1281
s 0
f 1308/3105/1282 1294/3077/1283 1328/3145/1284
s 1
f 1155/2771/1285 1149/2755/1244 1077/2579/1286
f 1149/2755/1244 1155/2771/1285 1236/2954/1287
f 1236/2954/1287 1155/2771/1285 1208/2898/1288
f 1208/2898/1288 1155/2771/1285 1219/2918/1289
f 1219/2918/1289 1155/2771/1285 1143/2738/1290
s 0
f 1219/2918/1291 1210/2903/1292 1208/2898/1293
s 1
f 1210/2903/1266 1219/2918/1289 1245/2973/1267
f 1266/3022/1265 1210/2903/1266 1245/2973/1267
s 0
f 1149/2755/1294 1236/2954/1295 1328/3145/1296
f 1328/3145/1297 1294/3077/1298 1149/2755/1299
s 1
f 1280/3049/1246 1266/3023/1265 1245/2974/1267
f 1077/2580/1286 1149/2756/1244 1143/2740/1290
f 1077/2580/1286 1143/2740/1290 1122/2689/1300
f 1122/2689/1300 1128/2704/1301 1097/2625/1302
s 0
f 1147/2747/1303 1128/2704/1304 1143/2740/1305
s 1
f 1149/2756/1244 1219/2919/1289 1143/2740/1290
f 1219/2919/1289 1149/2756/1244 1245/2975/1267
s 0
f 1236/2955/1306 1225/2931/1307 1328/3146/1308
f 1173/2811/1309 1208/2899/1310 1171/2804/1311
s 1
f 1173/2811/1312 1212/2908/1313 1208/2899/1314
f 1236/2956/1287 1208/2899/1288 1140/2733/1315
s 0
f 1218/2917/1316 1140/2733/1317 1208/2899/1318
s 1
f 1254/2992/1319 1249/2986/1320 1212/2908/1313
f 1218/2917/1321 1249/2986/1320 1225/2929/1322
f 1218/2917/1321 1225/2929/1322 1137/2724/1323
f 1137/2724/1323 1140/2733/1315 1218/2917/1321
f 1140/2733/1315 1130/2707/1324 1225/2930/1322
f 1130/2707/1324 1137/2725/1323 1225/2930/1322
f 1249/2984/1320 1285/3057/1325 1284/3055/1326
f 1284/3055/1326 1225/2930/1322 1249/2984/1320
f 1300/3085/1327 1225/2930/1322 1284/3055/1326
f 1284/3055/1326 1306/3099/1328 1300/3085/1327
s 0
f 1225/2930/1329 1300/3085/1330 1326/3136/1331
s 1
f 1236/2956/1287 1140/2733/1315 1225/2930/1322
f 1330/3150/1256 1261/3009/1332 1240/2964/1257
f 1222/2923/1258 1240/2965/1257 1217/2916/1333
s 0
f 1094/2620/1334 1001/2409/1335 1013/2439/1336
s 1
f 1084/2599/1337 1120/2681/1217 1185/2846/1223
f 1185/2846/1223 1177/2820/1222 1084/2599/1337
f 1084/2599/1337 1177/2820/1222 1101/2636/1338
s 0
f 1177/2820/1339 1131/2711/1340 1101/2636/1341
s 1
f 1029/2483/1342 1084/2599/1337 1123/2690/1343
f 1084/2599/1337 1029/2483/1342 1007/2426/1142
f 1003/2415/1344 1007/2426/1142 1029/2483/1342
s 0
f 1101/2636/1345 1123/2690/1346 1084/2599/1347
f 1038/2503/1348 1029/2483/1349 1123/2690/1350
f 1029/2483/1351 1038/2503/1352 1003/2415/1353
s 1
f 1084/2599/1337 1034/2493/972 1099/2634/971
f 1099/2634/971 1120/2682/1217 1084/2599/1337
f 1034/2494/972 1084/2599/1337 1007/2426/1142
s 0
f 1198/2876/1354 1190/2861/1355 1184/2844/1356
s 1
f 1131/2712/1357 1184/2843/1358 1109/2654/1359
s 0
f 1177/2821/1360 1184/2843/1361 1131/2712/1362
s 1
f 1109/2654/1363 1094/2620/1364 1013/2439/1365
s 0
f 1194/2870/1366 1198/2876/1367 1184/2844/1368
f 1039/2505/1369 1056/2541/1370 1013/2440/1371
f 1074/2572/1372 1056/2541/1373 1038/2501/1374
s 1
f 1056/2541/1375 1039/2505/1376 1030/2484/1377
f 1039/2505/1376 1003/2413/1344 1030/2484/1377
f 1039/2505/1376 991/2377/1161 1003/2413/1344
s 0
f 1038/2501/1378 1056/2541/1379 1030/2484/1380
f 1131/2713/1381 1013/2441/1382 1074/2573/1383
f 1074/2573/1384 1013/2441/1385 1056/2542/1386
f 1131/2713/1387 1109/2655/1388 1013/2441/1389
s 1
f 1131/2713/1390 1074/2573/1391 1101/2637/1392
f 1123/2691/1393 1101/2637/1392 1074/2573/1391
f 1074/2573/1391 1038/2502/1394 1123/2691/1393
s 0
f 1013/2442/1395 1001/2410/1396 991/2378/1397
s 1
f 1003/2414/1344 991/2378/1161 1007/2427/1142
f 3/6/1398 19/54/1157 7/19/1159
s 0
f 19/54/1399 3/6/1400 15/43/1401
s 1
f 26/72/1402 48/124/1403 21/57/1158
f 48/124/1403 26/72/1402 88/227/1404
f 44/114/1405 88/227/1404 26/72/1402
f 26/72/1402 29/80/1406 44/114/1405
f 88/227/1404 79/211/1407 48/124/1403
f 79/211/1407 88/227/1404 44/114/1405
s 0
f 21/57/1408 48/124/1409 127/303/1409
f 77/205/1410 15/44/1411 134/316/1411
f 15/44/1412 77/205/1412 44/115/1412
f 171/402/1413 204/489/1414 134/316/1415
s 1
f 171/402/1416 134/316/1417 151/355/1418
s 0
f 151/355/1419 134/316/1419 15/44/1420
f 204/489/1421 171/402/1422 195/461/1423
s 1
f 133/314/1424 204/489/1425 162/382/1426
s 0
f 133/314/1427 134/316/1428 204/489/1429
s 1
f 133/314/1430 77/205/1431 134/316/1432
f 26/72/1402 21/57/1158 29/80/1406
f 29/80/1406 21/57/1158 19/54/1157
s 0
f 1063/2553/1433 1027/2473/1434 1077/2581/1435
s 1
f 1063/2553/1436 1077/2581/1286 1071/2569/1437
f 1071/2569/1437 1027/2474/1438 1050/2525/1439
f 1071/2569/1437 1050/2525/1439 1073/2571/1440
f 1050/2525/1439 1044/2515/1441 1077/2582/1286
f 1044/2515/1441 1071/2568/1437 1077/2582/1286
f 1071/2568/1437 1044/2515/1441 1027/2475/1438
f 1073/2571/1440 1050/2525/1439 1077/2582/1286
f 1071/2569/1437 1073/2571/1440 1063/2553/1436
s 0
f 1051/2528/1442 1050/2526/1443 1063/2553/1444
f 1063/2553/1445 1064/2555/1446 1051/2528/1447
s 1
f 1064/2555/1448 1063/2553/1436 1073/2571/1440
s 0
f 1064/2555/1449 1073/2571/1450 1051/2529/1451
s 1
f 1096/2622/1452 1051/2529/1453 1097/2626/1454
s 0
f 1069/2564/1455 1122/2688/1456 1097/2626/1457
s 1
f 1077/2582/1286 1069/2564/1458 1073/2571/1440
s 0
f 1073/2571/1459 1069/2564/1460 1051/2529/1461
f 1097/2626/1462 1051/2529/1463 1069/2564/1464
s 1
f 1077/2582/1286 1122/2688/1300 1069/2564/1458
f 1147/2748/1465 1143/2739/1290 1155/2772/1285
f 1089/2609/1466 1147/2748/1465 1155/2772/1285
f 1089/2609/1466 1155/2772/1285 1077/2583/1286
s 0
f 1089/2609/1467 1077/2583/1468 985/2359/1469
s 1
f 1050/2527/1439 1027/2476/1438 1063/2554/1470
f 1050/2527/1439 986/2363/1471 1044/2516/1441
f 1050/2527/1439 1051/2530/1453 986/2363/1471
f 1051/2530/1453 1040/2506/1472 986/2363/1471
f 1040/2506/1472 990/2372/1473 986/2363/1471
s 0
f 1096/2623/1474 1097/2627/1475 1128/2703/1476
s 1
f 1171/2805/1477 1128/2703/1478 1147/2749/1479
s 0
f 1128/2703/1480 1171/2805/1481 1172/2808/1482
f 1096/2623/1483 1128/2703/1484 1172/2808/1485
s 1
f 1096/2623/1486 1172/2808/1487 1127/2700/1488
f 1038/2503/1489 1030/2485/1377 1003/2415/1344
f 1051/2531/1453 1062/2551/1490 1026/2471/1491
f 990/2373/1473 1040/2507/1472 1012/2436/1492
f 1028/2479/1493 1040/2507/1472 1018/2452/1494
f 1018/2452/1494 1040/2507/1472 1051/2531/1453
f 1051/2532/1453 1026/2472/1491 1018/2453/1494
f 1040/2508/1472 1026/2472/1491 1012/2438/1492
f 1026/2472/1491 1040/2509/1472 1032/2488/1495
f 1032/2488/1495 1040/2509/1472 1028/2480/1493
f 1032/2488/1495 1018/2453/1494 1026/2472/1491
f 1062/2552/1490 1051/2533/1453 1096/2623/1452
f 1059/2546/1496 1052/2535/1497 1096/2623/1452
s 0
f 1062/2552/1498 1052/2535/1499 1026/2472/1500
s 1
f 1052/2534/1497 1059/2547/1496 1018/2454/1494
f 1018/2454/1494 1059/2547/1496 1017/2450/1501
f 1018/2454/1494 1017/2450/1501 990/2374/1502
f 990/2374/1473 1012/2437/1492 1028/2481/1493
s 0
f 990/2374/1503 1028/2481/1503 1018/2454/1503
s 1
f 1018/2455/1494 1032/2489/1495 1052/2535/1497
f 1012/2438/1492 1032/2489/1495 1028/2482/1493
f 1032/2489/1495 1012/2438/1492 1052/2535/1497
f 1012/2438/1492 1026/2472/1491 1052/2535/1497
f 1062/2552/1490 1096/2623/1452 1052/2535/1497
s 0
f 1027/2477/1504 986/2362/1505 985/2359/1506
f 985/2359/1507 1077/2583/1508 1027/2477/1509
s 1
f 985/2359/1510 990/2374/1502 996/2391/1511
s 0
f 990/2374/1512 985/2359/1513 986/2362/1514
s 1
f 1027/2478/1438 1044/2516/1441 986/2363/1471
s 0
f 109/275/1515 24/67/1516 52/133/1517
f 24/67/1518 1/1/1519 52/133/1520
s 1
f 85/219/1521 73/195/1522 52/133/1523
f 86/221/1524 85/219/1521 52/133/1523
s 0
f 52/133/1525 1/1/1526 64/168/1527
s 1
f 126/301/1528 28/75/1529 76/204/1530
f 76/204/1530 70/187/1531 161/375/1532
f 76/204/1530 161/375/1532 126/301/1528
s 0
f 4/9/1533 64/168/1534 1/1/1535
f 64/168/1536 4/9/1537 62/160/1538
f 64/168/1539 62/161/1540 87/224/1541
s 1
f 73/195/1522 86/221/1524 64/168/1542
f 64/168/1542 86/221/1524 52/133/1523
s 0
f 87/224/1543 73/195/1544 64/168/1545
s 1
f 65/169/1546 62/162/1547 4/9/1548
f 1122/2689/1300 1143/2740/1290 1128/2704/1301
f 1210/2903/1266 1209/2901/1264 1172/2809/1549
s 0
f 1172/2809/1550 1209/2901/1551 1217/2915/1552
f 1209/2901/1553 1222/2924/1554 1217/2915/1555
f 1171/2807/1556 1210/2903/1557 1172/2809/1558
f 1130/2708/1559 985/2360/1560 1076/2577/1561
f 985/2360/1562 1130/2708/1563 1089/2610/1564
s 1
f 1089/2610/1466 1130/2708/1324 1140/2734/1315
f 1089/2610/1466 1140/2734/1315 1147/2750/1465
f 1126/2698/1565 1140/2734/1315 1137/2726/1323
f 1137/2726/1323 1130/2709/1324 1102/2638/1566
f 1102/2638/1566 1126/2698/1565 1137/2726/1323
s 0
f 1102/2638/1567 1086/2602/1568 1126/2698/1569
f 1147/2750/1570 1126/2698/1571 1173/2812/1572
f 1171/2806/1573 1147/2750/1574 1173/2812/1575
f 1208/2898/1576 1210/2903/1577 1171/2807/1578
s 1
f 1127/2702/1488 1172/2810/1487 1217/2916/1579
f 1217/2916/1333 1240/2965/1257 1224/2927/1580
s 0
f 1173/2813/1581 1217/2916/1582 1212/2906/1583
f 1207/2896/1584 1212/2906/1585 1217/2916/1586
s 1
f 1207/2896/1587 1217/2916/1333 1224/2927/1580
s 0
f 1207/2896/1588 1224/2927/1589 1223/2925/1590
f 1127/2701/1591 1059/2548/1592 1096/2624/1593
f 1059/2548/1594 1127/2701/1595 1054/2539/1596
s 1
f 1046/2520/1597 1054/2539/1598 1127/2701/1488
f 1046/2520/1597 1017/2451/1501 1054/2539/1598
s 0
f 1017/2451/1599 1059/2548/1600 1054/2539/1601
f 1015/2446/1602 1076/2578/1602 985/2361/1603
f 985/2361/1604 984/2358/1605 1015/2446/1606
f 984/2358/1607 985/2361/1608 996/2393/1609
s 1
f 996/2392/1511 990/2375/1502 1017/2451/1501
f 996/2392/1511 1017/2451/1501 1023/2463/1610
f 1017/2451/1501 1046/2520/1597 1023/2463/1610
s 0
f 1047/2521/1611 1023/2463/1612 1100/2635/1613
s 1
f 1046/2520/1597 1100/2635/1614 1023/2463/1610
s 0
f 1892/4579/1615 1791/4317/1616 1764/4260/1617
f 1889/4566/1618 1895/4587/1619 1892/4579/1620
s 1
f 1900/4604/1621 1892/4578/1622 1895/4588/1623
f 1895/4588/1623 1889/4565/1624 1870/4517/1625
f 1889/4565/1624 1863/4498/1626 1870/4517/1625
f 1863/4498/1626 1889/4565/1624 1883/4549/1627
f 1863/4498/1626 1883/4549/1627 1855/4475/1628
f 1863/4498/1626 1846/4456/1629 1870/4517/1625
f 1870/4517/1625 1868/4511/1630 1895/4588/1623
f 1895/4588/1623 1868/4511/1630 1806/4350/1631
f 1895/4588/1623 1806/4350/1631 1900/4604/1621
f 1861/4494/463 1896/4591/374 1806/4350/1631
f 1806/4350/1631 1896/4591/374 1900/4604/1621
f 1753/4235/392 1740/4197/1632 1791/4317/390
f 1740/4197/1632 1764/4260/1633 1791/4317/390
f 1846/4457/1629 1764/4260/1633 1825/4392/1634
s 0
f 1892/4579/1635 1764/4260/1636 1846/4457/1637
f 1892/4579/1638 1846/4457/1639 1889/4566/1640
s 1
f 1837/4425/1641 1825/4393/1634 1764/4262/1633
s 0
f 1804/4348/1642 1825/4393/1643 1837/4425/1644
s 1
f 1775/4286/1645 1837/4425/1641 1764/4262/1633
f 1846/4458/1629 1825/4393/1634 1883/4552/1627
s 0
f 1804/4348/1646 1837/4425/1647 1799/4335/1648
f 1775/4286/1649 1753/4236/1650 1751/4226/1651
f 1740/4202/1652 1753/4236/1653 1775/4286/1654
f 1751/4226/1655 1736/4188/1656 1775/4286/1657
f 1775/4286/1658 1736/4188/1659 1787/4310/1660
s 1
f 1787/4310/1661 1736/4188/498 1760/4254/497
s 0
f 1787/4310/1662 1760/4254/1663 1788/4312/1664
s 1
f 1788/4312/462 1861/4495/463 1806/4351/1631
f 1788/4312/462 1806/4351/1631 1785/4306/1665
f 1788/4312/462 1785/4307/1665 1787/4310/1666
f 1837/4425/1641 1775/4286/1645 1799/4335/1667
s 0
f 1799/4335/1668 1775/4286/1669 1787/4310/1670
s 1
f 1785/4307/1665 1799/4335/1671 1787/4310/1666
f 1785/4307/1665 1804/4348/1672 1799/4335/1671
s 0
f 1804/4348/1673 1785/4307/1674 1806/4352/1675
s 1
f 1804/4348/1676 1806/4352/1631 1868/4512/1630
f 1728/4166/1677 1729/4170/417 1740/4198/1678
s 0
f 1751/4227/1679 1729/4170/1680 1728/4166/1681
f 1751/4227/1682 1735/4183/1683 1736/4189/1684
f 1751/4227/1685 1728/4166/1686 1717/4143/1687
s 1
f 1717/4143/1688 1711/4132/1689 1695/4092/1690
f 1717/4143/1688 1735/4184/1691 1751/4227/1692
f 1652/4015/465 1740/4199/1678 1729/4171/417
f 1764/4261/1633 1740/4200/1632 1705/4119/1693
f 1705/4119/1693 1728/4166/1677 1764/4261/1633
f 1705/4119/1693 1711/4132/1689 1728/4166/1677
s 0
f 1728/4166/1694 1711/4132/1695 1717/4143/1696
f 1705/4120/1697 1740/4201/1698 1652/4016/1699
s 1
f 1711/4133/1689 1685/4076/1700 1695/4093/1690
s 0
f 1676/4059/1701 1686/4077/1701 1683/4072/1702
f 1676/4059/1703 1683/4072/1704 1685/4076/1705
s 1
f 1685/4076/1700 1683/4072/1706 1695/4093/1690
f 1676/4059/1707 1685/4076/1700 1705/4120/1693
f 1676/4059/1707 1705/4120/1693 1689/4083/1708
f 1705/4120/1693 1685/4076/1700 1711/4133/1689
s 0
f 1705/4120/1709 1652/4016/1710 1689/4083/1711
f 1689/4083/1712 1652/4016/1713 1651/4013/1714
f 1622/3936/1715 1651/4013/1716 1652/4016/1717
s 1
f 1740/4202/1678 1775/4286/1645 1728/4167/1677
f 1728/4167/1677 1775/4286/1645 1764/4262/1633
f 1716/4142/457 1736/4190/500 1735/4185/1691
f 1669/4044/458 1716/4142/457 1756/4242/1718
f 1669/4044/458 1756/4242/1718 1630/3958/461
f 1735/4185/1691 1717/4144/1688 1695/4094/1690
f 1756/4242/1718 1716/4142/457 1735/4185/1691
f 1656/4021/1719 1686/4078/1720 1676/4058/1721
f 1661/4028/1722 1656/4021/1719 1676/4058/1721
f 1651/4012/1723 1661/4028/1722 1676/4058/1721
f 1651/4012/1723 1622/3937/1724 1661/4028/1722
f 1622/3937/1724 1656/4021/1719 1661/4028/1722
f 1630/3958/461 1686/4078/1720 1656/4021/1719
f 1630/3958/461 1656/4021/1719 1622/3937/1724
f 1683/4073/1706 1735/4185/1691 1695/4094/1690
f 1735/4185/1691 1683/4073/1706 1756/4242/1718
f 1683/4073/1706 1686/4078/1720 1756/4242/1718
f 1889/4567/1624 1846/4459/1629 1855/4476/1628
f 1855/4476/1628 1846/4459/1629 1863/4499/1626
f 1870/4518/1625 1846/4459/1629 1883/4550/1627
f 1873/4524/1725 1870/4519/1625 1883/4551/1627
f 1883/4551/1627 1889/4568/1624 1873/4524/1725
f 1889/4568/1624 1855/4477/1628 1825/4393/1634
f 1889/4568/1624 1825/4393/1634 1873/4524/1725
f 1825/4393/1634 1855/4477/1628 1883/4552/1627
f 1868/4512/1630 1870/4519/1625 1873/4524/1725
s 0
f 1804/4348/1726 1868/4512/1727 1873/4524/1728
s 1
f 1804/4348/1729 1873/4524/1725 1825/4393/1634
s 0
f 1884/4553/1730 1792/4319/1731 1894/4581/1732
f 1897/4592/1733 1884/4553/1734 1829/4401/1735
f 1884/4553/1736 1897/4592/1737 1849/4463/1738
f 1884/4553/1739 1849/4463/1740 1792/4319/1741
f 1849/4463/1742 1848/4462/1743 1792/4319/1744
f 1820/4382/1745 1801/4341/1746 1848/4462/1747
f 1792/4319/1748 1801/4341/1749 1769/4276/1750
f 1792/4319/1751 1769/4276/1752 1773/4283/1753
f 1766/4267/1754 1773/4283/1755 1769/4276/1756
s 1
f 1767/4271/1757 1766/4267/1758 1769/4276/1759
f 1767/4271/1760 1780/4297/1761 1829/4400/1762
s 0
f 1884/4553/1763 1894/4581/1764 1829/4401/1765
s 1
f 1854/4473/1766 1879/4539/1767 1852/4469/1768
f 1852/4470/1768 1879/4540/1767 1854/4474/1766
f 1848/4462/1769 1849/4463/1770 1820/4382/1771
f 1820/4382/1771 1849/4463/1770 1875/4527/1772
f 1875/4528/1772 1849/4464/1770 1897/4593/1773
f 1897/4593/1773 1820/4383/1771 1875/4528/1772
s 0
f 1774/4284/1774 1796/4327/1775 1780/4296/1776
s 1
f 1780/4296/1761 1820/4383/1777 1829/4402/1762
s 0
f 1829/4402/1778 1820/4383/1779 1897/4593/1780
f 1780/4296/1781 1796/4327/1782 1820/4383/1783
s 1
f 1774/4284/1784 1794/4323/1785 1796/4327/1786
s 0
f 1651/4013/1787 1676/4059/1788 1689/4083/1789
s 1
f 1794/4323/1785 1801/4340/1790 1796/4327/1786
f 1796/4327/1786 1801/4340/1790 1820/4383/1791
f 1714/4138/1792 1725/4162/1793 1723/4155/1794
f 1714/4138/1792 1723/4155/1794 1699/4102/1795
f 1699/4102/1795 1690/4084/1796 1714/4138/1792
f 1690/4084/1796 1699/4102/1795 1679/4067/1797
f 1715/4139/1798 1714/4138/1792 1690/4084/1796
f 1714/4138/1792 1715/4139/1798 1725/4162/1793
f 1645/3998/1799 1725/4162/1793 1715/4139/1798
f 1719/4146/1800 1715/4139/1798 1690/4084/1796
f 1719/4146/1800 1690/4084/1796 1694/4091/1801
s 0
f 1699/4102/1802 1723/4155/1803 1679/4067/1804
f 1723/4155/1805 1643/3994/1806 1679/4067/1807
s 1
f 1756/4242/1718 1686/4078/1720 1630/3958/461
f 1725/4162/1793 1645/3998/1799 1723/4155/1794
f 1723/4155/1794 1645/3998/1799 1643/3994/1808
s 0
f 1652/4016/1809 1621/3934/1810 1622/3936/1811
s 1
f 1622/3937/1724 1621/3935/1812 1630/3958/461
s 0
f 1611/3909/1813 1573/3815/1814 1603/3889/1815
f 1572/3809/1816 1590/3854/1817 1613/3915/1818
f 1572/3809/1819 1613/3915/1820 1611/3909/1821
s 1
f 1573/3815/695 1611/3909/1822 1613/3915/1823
f 1613/3915/1823 1609/3906/697 1573/3815/695
f 1690/4085/1796 1673/4053/1824 1694/4090/1801
f 1673/4053/1824 1665/4034/1825 1694/4090/1801
f 1673/4053/1824 1649/4008/1826 1665/4034/1825
s 0
f 1690/4085/1827 1679/4065/1828 1673/4053/1829
s 1
f 1649/4008/1826 1673/4053/1824 1679/4065/1830
f 1623/3938/1831 1649/4008/1826 1646/3999/1832
f 1649/4008/1826 1623/3938/1831 1665/4034/1825
s 0
f 1665/4034/1833 1623/3938/1834 1694/4090/1835
f 1626/3947/1836 1694/4090/1837 1623/3938/1838
s 1
f 1626/3947/1839 1623/3938/1831 1643/3992/1840
f 1597/3870/1841 1614/3919/1842 1586/3845/1843
s 0
f 1568/3800/1844 1614/3919/1845 1539/3722/1846
f 1575/3820/1847 1539/3722/1847 1614/3919/1847
f 1575/3820/1848 1614/3919/1849 1597/3870/1850
s 1
f 1646/4000/1832 1649/4009/1826 1679/4066/1830
f 1643/3993/1840 1623/3939/1831 1646/4000/1832
f 1643/3994/1840 1646/4001/1832 1679/4067/1830
f 1603/3890/1851 1593/3863/1852 1611/3910/1853
f 1593/3863/1852 1577/3827/1854 1591/3858/1855
f 1591/3858/1855 1572/3810/1856 1593/3863/1852
f 1591/3858/1855 1577/3827/1854 1572/3810/1856
f 1572/3810/1856 1577/3827/1854 1550/3753/1857
f 1611/3910/1853 1593/3863/1852 1572/3810/1856
s 0
f 1528/3689/1858 1573/3816/1859 1546/3746/1860
f 1573/3816/1861 1528/3689/1862 1603/3891/1863
f 1603/3891/1864 1528/3689/1865 1566/3798/1866
s 1
f 1577/3827/1854 1566/3798/1867 1547/3747/1868
f 1525/3679/1869 1547/3747/1868 1528/3689/1870
f 1528/3689/1870 1547/3747/1868 1566/3798/1867
f 1520/3667/690 1528/3689/1871 1546/3746/691
s 0
f 1371/3254/1872 1399/3331/1873 1493/3595/1874
f 1399/3331/1875 1339/3174/1876 1388/3304/1875
f 1407/3350/1877 1388/3304/1878 1383/3288/1879
s 1
f 1388/3304/1880 1407/3350/1881 1399/3331/1882
f 1407/3350/1881 1383/3288/1883 1445/3452/1884
f 1383/3288/1883 1486/3575/798 1445/3452/1884
f 1407/3350/1881 1445/3452/1884 1399/3331/1882
s 0
f 1445/3452/1885 1486/3575/1886 1493/3595/1887
f 1525/3680/1888 1528/3690/1889 1520/3668/1890
s 1
f 1424/3396/1891 1438/3436/1892 1450/3460/1893
f 1525/3680/1869 1450/3460/1893 1438/3436/1892
f 1450/3460/1893 1525/3680/1869 1491/3590/1894
f 1450/3460/1893 1491/3590/1894 1475/3538/1895
f 1450/3460/1893 1475/3538/1895 1431/3419/1896
f 1475/3538/1895 1540/3727/1897 1536/3713/1898
f 1540/3727/1897 1475/3538/1895 1531/3699/704
f 1531/3699/704 1475/3538/1895 1491/3590/1894
f 1540/3727/1897 1609/3907/697 1613/3916/1823
f 1531/3699/704 1609/3907/697 1540/3727/1897
s 0
f 1491/3590/1899 1525/3680/1900 1520/3668/1901
s 1
f 1491/3590/1902 1520/3668/802 1486/3576/798
f 1491/3590/1902 1486/3576/798 1498/3604/1903
f 1445/3452/1884 1493/3595/1904 1399/3331/1882
f 1577/3826/1854 1547/3748/1868 1550/3754/1857
f 1488/3582/1905 1468/3522/1906 1550/3754/1857
f 1438/3437/1892 1427/3407/1907 1458/3487/1908
f 1404/3342/1909 1397/3325/1910 1424/3397/1891
f 1427/3407/1907 1424/3397/1891 1397/3325/1910
f 1427/3407/1907 1438/3437/1892 1424/3397/1891
f 1424/3397/1891 1410/3358/1911 1404/3342/1909
f 1404/3342/1909 1410/3358/1911 1402/3339/1912
s 0
f 1397/3325/1913 1404/3342/1914 1402/3339/1915
s 1
f 1400/3335/1916 1397/3325/1910 1402/3339/1912
s 0
f 1550/3754/1917 1547/3748/1918 1488/3582/1919
s 1
f 1488/3582/1905 1547/3748/1868 1525/3681/1869
f 1525/3681/1869 1438/3437/1892 1488/3582/1905
f 1488/3582/1905 1438/3437/1892 1458/3487/1908
f 1427/3407/1907 1468/3522/1906 1458/3487/1908
f 1468/3522/1906 1488/3582/1905 1458/3487/1908
f 1498/3603/1903 1486/3577/798 1475/3539/1895
f 1408/3351/1920 1416/3378/783 1490/3588/1921
f 1490/3588/1922 1498/3603/1903 1475/3539/1895
s 0
f 1408/3351/1923 1490/3588/1924 1475/3539/1925
f 1531/3699/1926 1491/3590/1927 1490/3589/1928
f 1498/3604/1929 1490/3589/1930 1491/3590/1931
s 1
f 1553/3764/1932 1408/3352/1920 1536/3714/1933
f 1568/3801/1934 1553/3764/1932 1560/3783/1935
f 1560/3783/1935 1553/3764/1932 1536/3714/1933
f 1590/3855/1936 1560/3783/1935 1536/3714/1933
f 1536/3714/1898 1540/3728/1897 1613/3917/1823
s 0
f 1536/3714/1937 1408/3352/1938 1475/3540/1939
s 1
f 1593/3863/1852 1603/3892/1851 1566/3798/1867
f 1566/3798/1867 1577/3827/1854 1593/3863/1852
f 1559/3781/1940 1597/3871/1841 1580/3833/1941
f 1580/3833/1942 1572/3811/1856 1550/3755/1857
f 1580/3831/1941 1597/3872/1841 1586/3846/1843
s 0
f 1568/3802/1943 1560/3784/1944 1580/3831/1945
s 1
f 1568/3802/1946 1586/3846/1843 1614/3920/1842
f 1586/3846/1843 1568/3802/1946 1580/3831/1941
f 1568/3802/1934 1539/3723/1947 1600/3883/1948
f 1553/3765/1932 1568/3802/1934 1600/3883/1948
f 1572/3812/1856 1580/3832/1942 1560/3785/1935
f 1560/3785/1935 1590/3856/1936 1572/3812/1856
f 1468/3523/1906 1501/3612/1949 1550/3755/1857
f 1395/3321/1950 1397/3326/1910 1376/3269/1951
f 1419/3383/1952 1397/3326/1910 1395/3321/1950
f 1397/3326/1910 1419/3383/1952 1427/3408/1907
f 1419/3383/1952 1443/3450/1953 1501/3612/1949
f 1395/3321/1950 1421/3385/1954 1419/3383/1952
f 1443/3450/1953 1419/3383/1952 1421/3385/1954
f 1550/3755/1857 1501/3612/1949 1443/3450/1953
f 1400/3333/1916 1423/3393/1955 1421/3385/1954
f 1423/3393/1955 1446/3453/1956 1421/3385/1954
f 1443/3450/1953 1421/3385/1954 1446/3453/1956
f 1468/3523/1906 1427/3408/1907 1419/3383/1952
f 1501/3612/1949 1468/3523/1906 1419/3383/1952
f 1443/3450/1953 1507/3630/1957 1550/3755/1857
f 1507/3630/1957 1562/3788/1958 1580/3833/1942
s 0
f 1559/3781/1959 1580/3833/1960 1562/3788/1961
f 1526/3682/1962 1559/3781/1963 1476/3542/1964
s 1
f 1476/3542/1965 1559/3781/1966 1562/3788/1958
f 1446/3453/1956 1423/3393/1955 1507/3630/1957
f 1580/3833/1942 1550/3755/1857 1507/3630/1957
f 1446/3453/1956 1507/3630/1957 1443/3450/1953
s 0
f 1613/3918/1967 1590/3857/1968 1536/3715/1969
s 1
f 1600/3884/1948 1539/3724/1947 1529/3691/1970
s 0
f 1600/3884/1971 1529/3691/1972 1553/3766/1973
s 1
f 1425/3399/1974 1553/3766/1932 1453/3469/1975
s 0
f 1453/3469/1976 1553/3766/1977 1529/3691/1978
f 1792/4319/1979 1848/4462/1980 1801/4341/1981
f 1894/4582/1982 1792/4318/1983 1811/4361/1983
f 1824/4389/1984 1829/4403/1984 1894/4582/1984
f 1811/4362/1985 1792/4318/1986 1790/4314/1987
s 1
f 1790/4314/1988 1792/4318/1989 1766/4266/1990
f 1790/4314/1988 1766/4266/1990 1772/4281/1991
f 1790/4314/1988 1772/4281/1991 1800/4336/1992
f 1890/4569/1993 1824/4390/1994 1894/4583/1995
f 1890/4570/1993 1832/4409/1996 1824/4391/1994
f 1832/4409/1996 1881/4543/1997 1824/4391/1994
f 1881/4543/1997 1838/4426/1998 1824/4391/1994
s 0
f 1629/3952/1999 1838/4426/2000 1832/4410/2001
s 1
f 1824/4391/1994 1838/4426/1998 1629/3952/2002
f 1824/4391/1994 1629/3952/2002 1767/4269/1760
f 1829/4404/1762 1824/4391/1994 1767/4269/1760
f 1766/4266/1990 1778/4289/2003 1772/4281/1991
f 1801/4341/1790 1794/4324/1785 1769/4276/2004
f 1774/4285/1784 1769/4276/2004 1794/4324/1785
f 1766/4267/1990 1792/4319/1989 1773/4283/2005
s 0
f 1743/4206/2006 1747/4214/2007 1758/4246/2008
s 1
f 1747/4214/2009 1743/4206/2010 1715/4139/1798
f 1715/4139/1798 1743/4206/2010 1645/3998/1799
f 1645/3998/1799 1743/4206/2010 1758/4246/2011
s 0
f 1645/3998/2012 1758/4246/2013 1767/4270/2014
s 1
f 1645/3998/1799 1767/4270/1760 1643/3994/1808
s 0
f 1719/4146/2015 1747/4214/2016 1715/4139/2017
s 1
f 1719/4146/1800 1694/4091/1801 1747/4214/2018
s 0
f 1747/4214/2019 1694/4091/2020 1626/3946/2021
f 1767/4271/2022 1769/4276/2023 1774/4285/2024
f 1774/4285/2025 1780/4297/2026 1767/4271/2027
s 1
f 1800/4337/1992 1835/4421/2028 1811/4364/2029
f 1800/4338/1992 1811/4363/2029 1790/4315/1988
f 1797/4329/2030 1835/4420/2028 1800/4339/1992
f 1797/4329/2030 1800/4339/1992 1778/4290/2003
f 1800/4339/1992 1772/4282/1991 1778/4290/2003
f 1838/4427/1998 1759/4249/2031 1703/4113/2032
f 1881/4544/1997 1832/4411/1996 1703/4113/2033
s 0
f 1703/4113/2034 1832/4411/2035 1838/4427/2036
s 1
f 1759/4249/2031 1755/4239/2037 1703/4113/2032
s 0
f 1809/4355/2038 1797/4328/2039 1755/4239/2040
s 1
f 1778/4291/2003 1755/4239/2041 1797/4328/2030
f 1759/4249/2031 1809/4355/2042 1755/4239/2037
f 1887/4560/2043 1797/4329/2030 1874/4526/2044
f 1797/4329/2030 1809/4356/2042 1874/4526/2044
s 0
f 1766/4268/2045 1767/4272/2046 1755/4239/2047
s 1
f 1766/4268/1990 1755/4239/2041 1778/4291/2003
f 1703/4114/2032 1754/4237/2048 1722/4153/2049
s 0
f 1747/4215/2050 1754/4237/2051 1758/4247/2052
s 1
f 1758/4247/2053 1754/4237/2048 1755/4240/2037
f 1755/4240/2037 1754/4237/2048 1703/4114/2032
f 1747/4216/2054 1733/4179/2055 1754/4238/2048
s 0
f 1626/3948/2056 1654/4018/2057 1658/4024/2058
s 1
f 1709/4126/2059 1654/4018/2060 1702/4109/2061
f 1702/4109/2061 1654/4018/2060 1626/3948/2062
f 1754/4238/2048 1733/4179/2055 1722/4154/2049
f 1733/4179/2055 1731/4173/2063 1722/4154/2049
f 1731/4173/2063 1733/4179/2055 1744/4207/2064
f 1733/4179/2055 1702/4108/2061 1744/4207/2064
f 1702/4108/2061 1733/4179/2055 1709/4127/2059
f 1733/4179/2055 1677/4060/2065 1709/4127/2059
f 1718/4145/2066 1677/4060/2065 1733/4179/2055
s 0
f 1747/4216/2067 1658/4024/2068 1733/4179/2069
s 1
f 1718/4145/2066 1733/4179/2055 1658/4024/2070
f 1703/4115/2032 1722/4154/2049 1731/4173/2063
s 0
f 1767/4273/2071 1758/4248/2072 1755/4241/2073
s 1
f 1767/4273/1760 1629/3953/2002 1643/3995/1808
s 0
f 1747/4217/2074 1626/3947/2075 1658/4023/2076
f 1629/3954/2077 1626/3948/2078 1643/3996/2079
f 1626/3948/2080 1629/3954/2081 1702/4109/2080
s 1
f 1677/4060/2065 1658/4024/2070 1654/4018/2060
f 1718/4145/2066 1658/4024/2070 1677/4060/2065
s 0
f 1548/3750/2082 1552/3761/2083 1564/3794/2084
s 1
f 1552/3761/2085 1548/3750/2086 1597/3873/2087
f 1564/3794/2088 1552/3761/2089 1557/3777/2090
s 0
f 1597/3874/2091 1548/3749/2091 1575/3821/2091
s 1
f 1538/3718/2092 1539/3725/1947 1575/3821/2093
s 0
f 1415/3371/2094 1575/3821/2095 1454/3474/2096
f 1575/3821/2097 1548/3749/2098 1454/3474/2099
s 1
f 1597/3875/1841 1559/3782/1940 1515/3651/2100
s 0
f 1597/3875/2101 1515/3651/2102 1552/3762/2103
s 1
f 1562/3788/1958 1507/3630/1957 1476/3542/1965
f 1476/3542/1965 1507/3630/1957 1512/3644/2104
s 0
f 1515/3651/2105 1526/3685/2106 1505/3622/2107
f 1515/3651/2108 1505/3622/2109 1513/3646/2110
f 1515/3651/2111 1441/3443/2112 1521/3669/2113
s 1
f 1521/3669/2114 1441/3443/2115 1508/3632/2116
f 1499/3605/2117 1478/3550/2118 1534/3706/2119
f 1521/3669/2114 1499/3605/2117 1534/3706/2119
s 0
f 1515/3651/2120 1521/3669/2121 1552/3762/2122
f 1552/3762/2123 1521/3669/2124 1534/3706/2125
s 1
f 1512/3645/2104 1423/3394/1955 1476/3543/1965
f 1507/3631/1957 1423/3394/1955 1512/3645/2104
f 1505/3623/2126 1456/3481/2127 1440/3442/2128
f 1395/3322/1950 1366/3241/2129 1421/3386/1954
f 1368/3244/2130 1366/3241/2129 1395/3322/1950
s 0
f 1343/3184/2131 1366/3241/2132 1368/3244/2133
s 1
f 1526/3683/2134 1476/3544/1965 1453/3470/2135
s 0
f 1429/3414/2136 1405/3343/2137 1400/3334/2138
f 1400/3334/2139 1421/3387/2140 1366/3240/2141
s 1
f 1440/3441/2142 1429/3414/2143 1366/3240/2144
s 0
f 1440/3441/2145 1456/3482/2146 1429/3414/2147
f 1400/3334/2148 1366/3240/2149 1429/3414/2150
s 1
f 1505/3624/2151 1526/3684/2134 1453/3471/2135
s 0
f 1505/3624/2152 1453/3471/2153 1485/3572/2154
s 1
f 1452/3466/2155 1453/3471/2135 1476/3545/1965
s 0
f 1485/3572/2156 1453/3471/2157 1529/3692/2158
f 1464/3504/2159 1366/3241/2160 1343/3185/2160
f 1440/3442/2161 1366/3241/2162 1464/3504/2163
f 1440/3442/2164 1464/3504/2165 1505/3623/2166
s 1
f 1505/3623/2167 1464/3504/2168 1504/3619/2169
s 0
f 1515/3651/2170 1559/3782/2171 1526/3685/2172
s 1
f 1456/3484/2127 1505/3624/2126 1485/3572/2173
s 0
f 1457/3485/2174 1485/3572/2175 1504/3618/2176
f 1457/3485/2177 1425/3402/2178 1485/3572/2179
s 1
f 1456/3483/2180 1453/3472/2181 1429/3415/2182
f 1429/3415/2182 1453/3472/2181 1405/3346/2183
s 0
f 1405/3346/2184 1453/3472/2185 1452/3467/2186
s 1
f 1405/3346/2187 1452/3467/2155 1410/3359/1911
f 1452/3467/2155 1402/3338/1912 1410/3359/1911
f 1410/3359/1911 1424/3398/1891 1444/3451/2188
f 1410/3359/1911 1444/3451/2188 1431/3421/1896
f 1444/3451/2188 1450/3461/1893 1431/3421/1896
f 1444/3451/2188 1424/3398/1891 1450/3461/1893
f 1508/3633/2116 1509/3635/2189 1521/3670/2114
f 1466/3510/2190 1508/3633/2116 1499/3606/2117
f 1527/3686/2191 1478/3551/2118 1466/3510/2190
f 1478/3551/2118 1499/3606/2117 1441/3444/2115
f 1478/3551/2118 1441/3444/2115 1466/3510/2190
f 1466/3510/2190 1504/3619/2169 1464/3504/2168
f 1508/3633/2116 1466/3510/2190 1509/3635/2189
f 1466/3510/2190 1464/3504/2168 1509/3635/2189
f 1505/3625/2167 1504/3620/2169 1513/3647/2192
f 1513/3647/2192 1504/3620/2169 1485/3571/2193
s 0
f 1485/3571/2194 1516/3654/2195 1513/3647/2196
f 1516/3654/2197 1485/3571/2198 1529/3693/2199
s 1
f 1538/3719/2092 1415/3372/2200 1529/3693/1970
f 1529/3693/1970 1415/3372/2200 1516/3654/2201
s 0
f 1541/3729/2202 1544/3738/2203 1516/3654/2204
f 1541/3729/2205 1516/3654/2206 1482/3560/2207
s 1
f 1557/3776/2090 1552/3763/2089 1549/3752/2208
f 1549/3752/2208 1515/3652/2209 1513/3647/2210
f 1549/3752/2208 1527/3687/2191 1509/3636/2189
f 1527/3687/2191 1521/3671/2114 1509/3636/2189
f 1521/3671/2114 1527/3687/2191 1466/3511/2190
f 1521/3671/2114 1466/3511/2190 1499/3607/2117
f 1515/3652/2209 1549/3752/2208 1509/3636/2189
f 1513/3647/2211 1516/3654/2212 1544/3738/2213
f 1513/3647/2211 1544/3738/2213 1557/3776/2090
f 1527/3687/2191 1549/3752/2208 1552/3763/2089
f 1557/3777/2090 1544/3739/2213 1582/3838/2214
s 0
f 1549/3752/2215 1513/3647/2216 1557/3776/2217
s 1
f 1515/3653/2209 1509/3637/2189 1441/3445/2218
s 0
f 1509/3637/2219 1464/3505/2220 1441/3445/2221
s 1
f 1499/3608/2117 1508/3634/2116 1441/3445/2115
s 0
f 1441/3445/2222 1464/3505/2223 1367/3242/2224
s 1
f 1529/3694/1970 1539/3726/1947 1538/3720/2092
f 1544/3740/2213 1541/3730/2225 1582/3837/2214
f 1582/3837/2214 1541/3730/2225 1482/3561/2226
f 1582/3837/2214 1482/3561/2226 1503/3617/2227
s 0
f 1582/3837/2228 1503/3617/2229 1606/3898/2230
s 1
f 1811/4364/2029 1835/4421/2028 1839/4429/2231
s 0
f 1894/4584/2232 1811/4364/2233 1839/4429/2234
s 1
f 1835/4421/2028 1797/4330/2030 1887/4561/2043
s 0
f 1744/4208/2235 1874/4525/2236 1881/4545/2237
f 1703/4116/2238 1744/4208/2239 1881/4545/2240
s 1
f 1839/4429/2231 1835/4421/2028 1887/4561/2043
s 0
f 1839/4429/2241 1887/4561/2242 1874/4525/2243
f 1839/4429/2244 1874/4525/2245 1744/4208/2246
s 1
f 1744/4208/2064 1702/4110/2061 1839/4429/2247
f 1839/4429/2247 1702/4110/2061 1894/4584/2248
s 0
f 1894/4585/2249 1702/4111/2250 1832/4412/2251
s 1
f 1805/4349/2252 1750/4223/2253 1632/3965/2254
s 0
f 1750/4223/2255 1805/4349/2256 1828/4398/2257
f 1828/4398/2258 1857/4481/2258 1750/4223/2258
f 1901/4605/2259 1750/4223/2259 1857/4481/2259
f 1709/4128/2260 1731/4174/2261 1744/4209/2262
f 1744/4209/2263 1668/4042/2264 1709/4128/2265
s 1
f 1654/4019/2060 1709/4128/2059 1668/4042/2266
f 1654/4019/2060 1668/4042/2266 1677/4061/2065
f 1677/4061/2065 1668/4042/2266 1731/4175/2063
f 1677/4061/2065 1731/4175/2063 1709/4129/2059
f 1703/4117/2032 1731/4175/2063 1668/4042/2266
s 0
f 1703/4117/2267 1668/4042/2268 1744/4209/2269
s 1
f 1632/3966/2254 1750/4222/2253 1638/3982/2270
s 0
f 1836/4422/2271 1750/4223/2271 1901/4605/2271
s 1
f 1750/4224/2253 1836/4423/2272 1638/3978/2270
f 1819/4379/2273 1812/4365/2274 1638/3978/2270
f 1819/4379/2273 1638/3978/2270 1836/4423/2272
s 0
f 1675/4056/2275 1828/4398/2276 1805/4349/2277
f 1636/3973/2278 1805/4349/2279 1632/3965/2280
f 1805/4349/2281 1636/3973/2282 1675/4056/2283
s 1
f 1809/4356/2042 1838/4428/1998 1881/4546/1997
f 1759/4250/2031 1838/4428/1998 1809/4356/2042
f 1809/4356/2042 1881/4546/1997 1874/4526/2044
s 0
f 1702/4112/2284 1629/3955/2285 1832/4413/2286
f 1832/4413/2287 1890/4571/2288 1894/4586/2289
s 1
f 1819/4380/2273 1836/4424/2272 1901/4606/2290
f 1812/4366/2274 1819/4380/2273 1798/4331/2291
f 1671/4047/2292 1638/3979/2270 1812/4366/2274
f 1687/4079/2293 1638/3980/2270 1671/4048/2292
s 0
f 1857/4482/2294 1828/4399/2294 1675/4057/2295
s 1
f 1834/4417/2296 1857/4482/2297 1637/3976/2298
f 1795/4325/2299 1834/4417/2296 1789/4313/2300
f 1834/4417/2296 1637/3976/2298 1789/4313/2300
f 1789/4313/2300 1687/4080/2293 1798/4332/2291
s 0
f 1637/3976/2301 1857/4482/2301 1675/4057/2301
f 1675/4057/2302 1636/3974/2302 1637/3976/2302
s 1
f 1637/3976/2298 1687/4080/2293 1789/4313/2300
f 1638/3981/2270 1687/4080/2293 1637/3976/2298
f 1798/4332/2291 1687/4080/2293 1671/4049/2292
f 1798/4332/2291 1819/4381/2273 1901/4607/2290
f 1795/4325/2299 1789/4313/2300 1798/4332/2291
f 1901/4607/2290 1795/4325/2299 1798/4332/2291
f 1798/4333/2291 1803/4346/2303 1812/4367/2274
f 1812/4368/2274 1803/4347/2303 1671/4050/2292
f 1803/4347/2303 1798/4334/2291 1671/4050/2292
f 1864/4500/2304 1857/4483/2297 1834/4418/2296
f 1901/4608/2305 1857/4484/2297 1864/4501/2304
s 0
f 1864/4502/2306 1795/4326/2307 1901/4608/2308
f 1795/4326/2309 1864/4502/2310 1834/4419/2311
f 1637/3977/2312 1632/3966/2312 1638/3982/2312
s 1
f 1557/3777/2090 1606/3899/2313 1564/3794/2088
f 1606/3899/2313 1557/3777/2090 1582/3838/2214
f 1564/3794/2088 1606/3899/2313 1503/3615/2314
s 0
f 1503/3615/2315 1548/3750/2316 1564/3794/2317
s 1
f 1527/3687/2191 1552/3763/2089 1534/3707/2119
f 1478/3552/2118 1527/3688/2191 1534/3708/2119
f 1503/3616/2227 1454/3475/2318 1548/3751/2319
f 1503/3616/2227 1466/3512/2190 1454/3475/2318
f 1454/3475/2318 1466/3512/2190 1406/3347/2320
f 1482/3561/2226 1466/3513/2190 1503/3617/2227
f 1487/3579/2321 1615/3921/2322 1579/3829/2323
f 1615/3921/2322 1487/3579/2321 1411/3361/2324
s 0
f 1418/3381/2325 1385/3295/2326 1615/3921/2327
f 1579/3829/2328 1615/3921/2329 1385/3295/2330
f 1579/3829/2331 1556/3773/2331 1487/3579/2331
s 1
f 1482/3562/2226 1516/3655/2201 1415/3373/2200
f 1415/3373/2200 1538/3721/2092 1575/3822/2093
f 1393/3317/2332 1418/3381/2333 1411/3360/2324
f 1385/3298/2334 1341/3180/2335 1344/3189/2336
f 1411/3361/2324 1418/3381/2333 1615/3921/2322
s 0
f 1411/3362/2337 1442/3447/2338 1495/3597/2339
f 1354/3214/2340 1418/3382/2341 1393/3318/2342
s 1
f 1393/3318/2332 1411/3362/2324 1349/3205/2343
f 1393/3318/2332 1349/3205/2343 1354/3214/2344
s 0
f 1636/3975/2345 1632/3966/2345 1637/3977/2345
s 1
f 1492/3591/2346 1411/3362/2324 1495/3597/2347
s 0
f 1495/3597/2348 1442/3447/2349 1492/3591/2350
f 1385/3296/2351 1369/3249/2352 1556/3775/2353
s 1
f 1442/3448/2354 1411/3363/2324 1487/3580/2321
s 0
f 1487/3580/2355 1556/3774/2355 1369/3248/2355
s 1
f 1385/3296/2356 1556/3775/2357 1579/3830/2358
s 0
f 1348/3203/2359 1368/3245/2360 1395/3323/2361
s 1
f 1368/3246/2362 1348/3202/2363 1376/3270/1951
f 1383/3289/1883 1388/3305/2364 1376/3270/1951
f 1388/3305/2364 1395/3323/1950 1376/3270/1951
f 1383/3289/1883 1376/3270/1951 1348/3202/2363
s 0
f 1395/3323/2365 1388/3305/2366 1348/3203/2367
f 1348/3203/2368 1388/3305/2369 1339/3175/2370
f 1399/3332/2371 1371/3255/2372 1339/3175/2373
s 1
f 1416/3379/783 1408/3353/1920 1355/3217/784
s 0
f 1339/3176/2374 1355/3217/2375 1348/3204/2376
s 1
f 1383/3290/1883 1348/3204/2363 1377/3272/2377
f 1377/3272/2377 1348/3204/2363 1355/3217/784
f 1377/3272/2377 1431/3420/1896 1383/3290/1883
f 1383/3290/1883 1431/3420/1896 1475/3541/1895
f 1383/3290/1883 1475/3541/1895 1486/3578/798
f 1423/3395/1955 1400/3335/1916 1402/3339/1912
f 1402/3339/1912 1452/3468/2155 1476/3546/1965
f 1402/3339/1912 1476/3546/1965 1423/3395/1955
f 1376/3271/1951 1379/3275/2378 1368/3247/2362
f 1379/3275/2378 1343/3186/2379 1368/3247/2362
f 1379/3275/2378 1376/3271/1951 1397/3327/1910
f 1379/3275/2378 1397/3327/1910 1400/3336/1916
f 1379/3275/2378 1400/3336/1916 1405/3344/2380
f 1343/3186/2379 1379/3275/2378 1362/3235/2381
f 1362/3235/2381 1356/3218/2382 1343/3186/2379
f 1405/3345/2380 1362/3236/2381 1379/3276/2378
f 1405/3345/2380 1365/3239/2383 1362/3236/2381
s 0
f 1365/3239/2384 1405/3345/2385 1425/3401/2386
s 1
f 1356/3219/2382 1425/3401/2387 1358/3222/2388
f 1405/3346/2187 1410/3359/1911 1431/3421/1896
f 1408/3353/1920 1431/3420/1896 1377/3272/2377
f 1408/3353/1920 1377/3272/2377 1355/3217/784
f 1431/3421/1896 1408/3354/1920 1405/3346/2187
f 1405/3346/2187 1408/3354/1920 1553/3767/1932
f 1405/3346/2187 1553/3767/1932 1425/3400/1974
f 1425/3401/2387 1356/3219/2382 1365/3239/2383
f 1356/3219/2382 1362/3236/2381 1365/3239/2383
f 1326/3137/2389 1300/3086/1327 1306/3100/1328
s 0
f 1326/3137/2390 1328/3146/2391 1225/2931/2391
s 1
f 1261/3010/2392 1326/3138/2389 1316/3116/2393
s 0
f 1328/3147/2394 1326/3138/2395 1330/3151/2396
f 1326/3138/2397 1261/3010/2398 1330/3151/2397
f 1274/3037/2399 1284/3056/2400 1285/3058/2401
s 1
f 1285/3058/1325 1249/2985/1320 1254/2993/1319
f 1285/3058/1325 1254/2993/1319 1274/3037/2402
f 1254/2993/1319 1207/2897/2403 1274/3037/2402
f 1254/2993/1319 1212/2907/1313 1207/2897/2403
f 1310/3107/2404 1274/3037/2402 1207/2897/2403
f 1310/3107/2404 1207/2897/2403 1223/2926/2405
f 1224/2928/1580 1240/2966/1257 1223/2926/2405
f 1261/3011/1332 1223/2926/2405 1240/2966/1257
f 1212/2908/1313 1249/2986/1320 1218/2917/1321
f 1212/2908/1313 1218/2917/1321 1208/2899/1314
f 1310/3107/2404 1223/2926/2405 1261/3012/1332
f 1321/3123/2406 1326/3138/2389 1306/3101/1328
s 0
f 1304/3096/2407 1307/3103/2408 1262/3014/2409
s 1
f 1307/3103/2410 1318/3119/2411 1314/3113/2412
s 0
f 1279/3047/2413 1307/3103/2414 1314/3113/2415
s 1
f 1314/3113/2412 1332/3153/2416 1279/3047/2417
s 0
f 1262/3014/2418 1307/3103/2419 1238/2960/2420
f 1262/3014/2421 1238/2960/2422 1200/2879/2423
f 1205/2890/2424 1200/2879/2425 1238/2960/2426
s 1
f 1238/2960/2427 1307/3103/2428 1279/3047/2429
f 1314/3113/2412 1318/3119/2411 1327/3142/2430
f 1332/3153/2416 1314/3113/2412 1327/3142/2430
f 1286/3059/2431 1332/3154/2416 1327/3140/2430
f 1306/3102/1328 1284/3056/1326 1321/3124/2406
s 0
f 1284/3056/2432 1310/3107/2433 1321/3124/2434
s 1
f 1321/3124/2406 1310/3107/2435 1316/3117/2393
s 0
f 1316/3117/2436 1310/3107/2437 1261/3012/2437
s 1
f 1326/3139/2389 1321/3124/2406 1316/3117/2393
s 0
f 1310/3107/2438 1284/3056/2439 1274/3037/2440
f 1332/3155/2441 1286/3060/2442 1298/3083/2443
f 1304/3095/2444 1275/3038/2445 1327/3141/2446
f 1304/3095/2447 1262/3013/2448 1275/3038/2449
f 1332/3155/2450 1298/3083/2451 1279/3048/2452
s 1
f 1238/2961/2427 1279/3048/2429 1250/2987/2453
f 1229/2938/2454 1227/2933/2455 1250/2987/2453
f 1250/2987/2453 1279/3048/2429 1229/2938/2454
f 1229/2938/2454 1252/2989/2456 1226/2932/2457
s 0
f 1227/2933/2458 1229/2938/2459 1226/2932/2460
s 1
f 1227/2933/2455 1238/2961/2427 1250/2987/2453
f 1238/2961/2427 1227/2933/2455 1205/2891/2461
s 0
f 1195/2872/2462 1226/2932/2463 1252/2989/2464
f 1298/3083/2465 1286/3061/2466 1252/2989/2467
s 1
f 1279/3048/2429 1298/3083/2468 1252/2989/2456
f 1279/3048/2429 1252/2989/2456 1229/2938/2454
f 1195/2872/2469 1252/2989/2470 1286/3061/2471
s 0
f 1453/3473/2472 1456/3484/2473 1425/3402/2474
f 1485/3572/2475 1425/3402/2476 1456/3484/2477
f 1367/3243/2478 1464/3506/2479 1343/3187/2480
s 1
f 1406/3349/2320 1390/3310/2481 1367/3243/2482
s 0
f 1406/3349/2483 1367/3243/2484 1350/3207/2485
f 1350/3207/2486 1367/3243/2487 1343/3187/2488
f 1343/3188/2489 1356/3220/2490 1358/3224/2491
f 1358/3224/2492 1350/3207/2493 1343/3188/2494
f 1454/3476/2495 1350/3207/2496 1358/3224/2497
s 1
f 1425/3403/2387 1415/3374/2200 1358/3223/2388
f 1425/3403/2387 1457/3486/2498 1415/3374/2200
f 1466/3514/2190 1482/3563/2226 1457/3486/2498
f 1482/3563/2226 1415/3374/2200 1457/3486/2498
f 1457/3486/2498 1504/3621/2169 1466/3514/2190
s 0
f 1415/3375/2499 1454/3476/2500 1358/3224/2501
s 1
f 1304/3096/2502 1327/3142/2430 1318/3119/2411
f 1318/3119/2411 1307/3103/2410 1304/3096/2502
s 0
f 1327/3143/2503 1275/3039/2504 1286/3061/2505
f 1237/2957/2506 1286/3061/2507 1275/3039/2508
f 1195/2872/2509 1227/2933/2510 1226/2932/2511
f 1205/2891/2512 1227/2933/2513 1195/2872/2514
s 1
f 1178/2822/2515 1195/2872/2516 1170/2802/2517
f 1195/2872/2516 1178/2822/2515 1205/2891/2518
f 1200/2879/2519 1080/2589/2520 1262/3014/2521
f 1275/3040/2522 1262/3015/2521 1080/2590/2520
s 0
f 1275/3040/2523 1080/2590/2524 1192/2866/2525
f 1275/3040/2526 1192/2866/2527 1244/2971/2528
s 1
f 1080/2590/2529 1197/2874/2530 1192/2866/2531
s 0
f 1080/2590/2532 1176/2817/2533 1197/2874/2534
f 1275/3041/2535 1312/3111/2536 1237/2959/2536
f 1283/3054/2537 1312/3111/2537 1275/3041/2538
f 1283/3054/2539 1275/3042/2540 1244/2972/2541
s 1
f 1283/3054/2542 1244/2972/2543 1288/3064/2544
f 1288/3064/2544 1244/2972/2543 1264/3019/2545
f 1264/3019/2545 1244/2972/2543 1251/2988/2546
s 0
f 1139/2732/2547 1244/2972/2548 1192/2865/2549
s 1
f 1183/2841/2550 1139/2732/2551 1192/2865/2531
f 1183/2841/2550 1150/2757/2552 1093/2616/2553
s 0
f 1183/2841/2554 1093/2616/2555 1139/2732/2556
s 1
f 1072/2570/2557 1139/2732/2558 1053/2536/2559
f 1043/2514/2560 1053/2536/2559 989/2371/2561
f 1053/2536/2559 1043/2514/2560 1072/2570/2557
f 1139/2732/2558 1251/2988/2546 1244/2972/2543
f 1033/2490/2562 1264/3019/2545 1139/2732/2558
f 1264/3019/2545 1251/2988/2546 1139/2732/2558
f 1288/3064/2544 1264/3019/2545 1033/2490/2562
f 1288/3064/2544 1033/2490/2562 1283/3054/2542
f 1312/3111/2563 1283/3054/2542 1033/2490/2562
s 0
f 1286/3062/2564 1237/2959/2564 1195/2871/2565
s 1
f 1186/2847/2566 1237/2959/2567 1035/2496/2568
s 0
f 1091/2613/2569 1035/2496/2570 1237/2959/2571
s 1
f 1148/2751/2572 1186/2847/2566 1035/2496/2568
f 1186/2848/2566 1195/2872/2573 1237/2958/2567
s 0
f 1195/2872/2574 1186/2848/2575 1170/2802/2576
f 1181/2833/2577 1170/2802/2578 1186/2848/2579
s 1
f 1181/2833/2580 1186/2848/2566 1148/2752/2572
s 0
f 1088/2607/2581 1173/2813/2582 1126/2697/2583
f 1217/2916/2584 1173/2813/2585 1088/2607/2586
f 1217/2916/2587 1088/2607/2588 1046/2519/2589
s 1
f 1127/2702/1488 1217/2916/1579 1046/2519/1597
f 1126/2698/1565 1147/2750/1465 1140/2734/1315
f 1102/2639/1566 1070/2565/2590 1086/2603/2591
f 1070/2565/2590 1102/2639/1566 1067/2559/2592
f 1130/2710/1324 1067/2559/2592 1102/2639/1566
f 1067/2559/2592 1130/2710/1324 1076/2578/2593
f 1065/2556/2594 1067/2559/2592 1061/2550/2595
s 0
f 1068/2561/2596 1065/2556/2597 1015/2446/2598
f 1015/2446/2599 1065/2556/2600 1061/2550/2601
s 1
f 984/2358/2602 996/2393/1511 1015/2446/2603
f 1068/2562/2604 1086/2604/2591 1070/2566/2590
f 1047/2521/2605 1088/2608/2606 1068/2562/2604
f 1086/2604/2591 1068/2562/2604 1088/2608/2606
f 1088/2608/2606 1047/2521/2605 1100/2635/2607
s 0
f 1088/2608/2608 1100/2635/2609 1046/2520/2610
f 1088/2608/2611 1126/2699/2612 1086/2604/2613
s 1
f 1067/2559/2592 1076/2578/2593 1061/2550/2595
s 0
f 1061/2550/2614 1076/2578/2615 1015/2446/2616
s 1
f 1031/2486/2617 1058/2545/2618 1022/2462/2619
f 1031/2486/2617 1022/2462/2619 993/2382/2620
f 1008/2428/2621 993/2382/2620 1022/2462/2619
f 1008/2428/2621 1022/2462/2619 1020/2458/2622
f 993/2382/2620 1008/2428/2621 1000/2406/2623
f 993/2382/2620 1000/2406/2623 995/2387/2624
f 1037/2499/2625 1008/2428/2621 1020/2458/2622
f 1037/2499/2625 1020/2458/2622 1058/2545/2626
s 0
f 1022/2462/2627 1058/2545/2628 1020/2458/2629
f 1058/2545/2630 1031/2486/2631 1075/2574/2632
f 1031/2486/2633 1057/2543/2634 1075/2574/2634
f 1058/2545/2635 1075/2574/2636 1037/2499/2637
f 1067/2560/2638 1065/2557/2639 1068/2562/2640
f 1067/2560/2641 1068/2562/2642 1070/2567/2643
s 1
f 1047/2521/2605 1068/2562/2604 1023/2463/1610
f 1037/2500/2625 1000/2404/2623 1008/2429/2621
f 1037/2500/2625 1075/2575/2644 1083/2598/2645
f 1000/2404/2623 1037/2500/2625 1114/2667/2646
f 1083/2598/2645 1075/2575/2644 1136/2723/2647
s 0
f 1178/2823/2648 1141/2735/2649 1136/2723/2650
s 1
f 1141/2735/2651 1178/2823/2515 1170/2803/2517
f 1170/2803/2652 1181/2834/2580 1148/2753/2572
s 0
f 1170/2803/2653 1148/2753/2654 1141/2735/2655
s 1
f 1148/2753/2572 1035/2495/2568 1000/2404/2623
f 1114/2667/2646 1037/2500/2625 1083/2598/2645
f 1114/2667/2646 1083/2598/2645 1136/2723/2647
f 4/8/2656 1/2/2657 2/3/2658
s 0
f 1/2/2659 24/68/2660 2/3/2661
f 180/427/2662 175/414/2663 68/177/2664
s 1
f 175/414/2665 138/325/2666 68/177/2667
f 138/325/2666 175/414/2665 245/585/2668
f 138/325/2666 245/585/2668 178/420/2669
s 0
f 106/268/2670 35/93/2671 24/68/2672
s 1
f 106/268/2673 89/228/2674 35/93/2675
f 106/268/2673 107/270/2676 89/228/2674
s 0
f 2/3/2677 5/11/2678 4/8/2679
s 1
f 5/11/2680 2/3/2681 23/64/2682
s 0
f 23/64/2683 2/3/2684 39/100/2685
s 1
f 39/100/2686 66/172/2687 45/116/2688
f 66/172/2687 39/100/2686 46/121/2689
f 46/121/2689 45/116/2688 95/242/2690
f 95/242/2690 45/116/2688 66/172/2687
s 0
f 39/100/2691 45/116/2692 60/156/2693
s 1
f 45/116/2688 75/202/2694 59/148/2695
s 0
f 4/9/2696 5/12/2697 28/75/2698
s 1
f 76/204/1530 28/75/1529 70/187/1531
f 996/2393/1511 1068/2563/2604 1015/2446/2603
f 1023/2464/1610 1068/2563/2604 996/2393/1511
f 1031/2487/2617 993/2383/2620 1057/2544/2699
s 0
f 993/2383/2700 995/2388/2701 1057/2544/2702
s 1
f 1075/2576/2703 1057/2544/2704 1103/2640/2705
s 0
f 1136/2722/2706 1075/2576/2707 1103/2640/2708
s 1
f 1080/2591/2709 1103/2640/2705 1057/2544/2704
f 1178/2824/2710 1136/2722/2711 1103/2640/2712
s 0
f 1103/2640/2713 1080/2591/2714 1178/2824/2715
f 46/121/2716 39/100/2717 2/3/2718
f 46/121/2719 35/93/2720 90/230/2721
f 46/121/2722 90/230/2723 94/240/2724
s 1
f 94/240/2725 98/250/2726 45/116/2688
f 94/240/2725 45/116/2688 46/121/2689
f 45/116/2688 98/250/2726 105/266/2727
s 0
f 2/3/2728 24/68/2729 35/93/2730
f 106/268/2731 24/68/2732 138/325/2733
f 24/68/2734 68/177/2735 138/325/2736
s 1
f 10/27/2737 12/33/2738 16/45/2739
s 0
f 1200/2880/2740 1205/2892/2741 1178/2825/2742
f 1178/2825/2743 1080/2590/2744 1200/2880/2745
s 1
f 1176/2817/2746 1150/2758/2552 1183/2842/2550
f 1213/2909/2747 1176/2817/2746 1183/2842/2550
s 0
f 1176/2817/2748 1213/2909/2748 1197/2874/2749
s 1
f 1183/2842/2550 1197/2874/2530 1213/2909/2747
f 1179/2826/2750 1183/2842/2550 1192/2866/2531
f 1183/2842/2550 1179/2826/2750 1197/2874/2530
f 1093/2617/2553 1192/2866/2531 1197/2874/2530
f 1093/2617/2553 1197/2874/2530 1179/2826/2750
f 1080/2591/2751 1163/2789/2752 1176/2818/2753
s 0
f 1150/2759/2754 1176/2818/2755 1163/2789/2756
s 1
f 1093/2618/2553 1150/2759/2552 1192/2867/2531
f 1192/2867/2531 1150/2759/2552 1179/2827/2750
f 1179/2827/2750 1150/2759/2552 1163/2789/2752
f 1163/2789/2752 1093/2618/2553 1179/2827/2750
f 1093/2618/2553 1163/2789/2752 1080/2591/2751
f 1093/2618/2553 1080/2591/2751 995/2388/2757
s 0
f 995/2388/2758 1080/2591/2759 1057/2544/2760
f 1114/2667/2761 1136/2723/2762 1141/2735/2763
s 1
f 1141/2735/2764 1000/2404/2623 1114/2667/2646
s 0
f 1141/2735/2765 1148/2753/2765 1000/2404/2766
s 1
f 1004/2416/2767 1000/2404/2623 1035/2495/2568
s 0
f 1053/2537/2768 1093/2618/2769 995/2388/2770
s 1
f 6/16/2771 12/33/2738 10/27/2737
f 1000/2405/2623 989/2370/2772 995/2389/2624
f 1004/2417/2767 989/2370/2772 1000/2406/2623
s 0
f 995/2390/2773 989/2370/2774 1053/2538/2775
f 1053/2538/2776 1139/2731/2777 1093/2619/2778
f 6/16/2779 10/27/2780 41/106/2781
s 1
f 1406/3348/2320 1466/3515/2190 1441/3445/2115
f 1406/3348/2320 1441/3445/2115 1390/3309/2481
f 1441/3446/2115 1367/3243/2482 1390/3310/2481
f 1481/3558/2782 1479/3553/2783 1474/3536/2784
f 1479/3554/2783 1481/3559/2782 1474/3537/2784
f 1454/3476/2318 1406/3349/2320 1350/3207/2785
f 1354/3214/2786 1341/3181/2335 1385/3297/2334
s 0
f 1385/3297/2787 1418/3382/2788 1354/3214/2787
f 1354/3215/2789 1349/3206/2790 1341/3182/2791
f 1344/3190/2792 1341/3182/2792 1349/3206/2792
f 1091/2613/2793 1033/2490/2794 1009/2430/2795
f 1033/2490/2796 1091/2613/2797 1312/3111/2798
f 1091/2613/2799 1009/2430/2800 1035/2496/2801
f 1009/2430/2802 1033/2490/2803 989/2371/2804
s 1
f 1009/2430/2805 989/2371/2772 1004/2418/2767
f 1009/2430/2805 1004/2418/2767 1035/2496/2568
s 0
f 1289/3065/2806 1241/2967/2807 1322/3126/2808
f 1322/3126/2809 1241/2967/2810 1299/3084/2811
f 1241/2967/2812 1289/3065/2813 1201/2881/2814
f 1201/2881/2815 1187/2849/2816 1241/2967/2817
s 1
f 1260/3006/2818 1241/2967/2819 1187/2849/2820
f 1322/3126/2821 1297/3082/2822 1289/3065/2823
f 1265/3020/2824 1297/3082/2822 1322/3126/2821
f 1295/3078/2825 1265/3020/2824 1322/3126/2821
f 1289/3065/2823 1297/3082/2822 1201/2882/2826
f 1201/2882/2826 1297/3082/2822 1182/2835/2827
f 1265/3020/2824 1182/2835/2827 1297/3082/2822
s 0
f 1295/3078/2828 1211/2904/2828 1265/3020/2829
s 1
f 1182/2835/2827 1265/3020/2824 1243/2969/2830
s 0
f 1237/2959/2831 1312/3111/2832 1091/2613/2833
s 1
f 1199/2877/2834 1211/2905/2835 1295/3079/2836
f 1243/2970/2830 1265/3021/2824 1211/2905/2837
s 0
f 1243/2970/2838 1211/2905/2839 1196/2873/2840
f 1211/2905/2841 1199/2877/2842 1196/2873/2843
f 1322/3125/2844 1230/2941/2845 1295/3079/2846
f 1295/3079/2847 1230/2941/2848 1334/3159/2849
s 1
f 1182/2837/2827 1243/2970/2830 1196/2873/2850
f 1344/3189/2336 1369/3249/2851 1385/3298/2334
s 0
f 1442/3449/2852 1487/3581/2852 1344/3190/2852
f 1442/3449/2853 1349/3206/2854 1492/3592/2855
s 1
f 1411/3364/2324 1492/3592/2346 1349/3206/2343
s 0
f 1349/3206/2856 1442/3449/2856 1344/3190/2856
s 1
f 1295/3079/2836 1232/2944/2857 1199/2877/2834
s 0
f 1295/3079/2858 1334/3159/2859 1232/2944/2860
f 1164/2790/2861 1199/2877/2862 1167/2797/2863
s 1
f 1118/2675/2864 1232/2944/2857 1334/3159/2865
s 0
f 1281/3050/2866 1299/3084/2867 1241/2967/2868
s 1
f 1241/2967/2819 1260/3007/2818 1281/3050/2869
s 0
f 1281/3050/2870 1230/2939/2871 1299/3084/2872
f 1299/3084/2873 1230/2939/2874 1322/3126/2875
s 1
f 1187/2850/2876 1201/2883/2826 1191/2862/2877
f 1191/2862/2877 1152/2763/2878 1187/2850/2876
f 1142/2736/2879 1165/2793/2880 1191/2862/2877
f 1142/2736/2879 1191/2862/2877 1201/2883/2826
f 1201/2883/2826 1161/2786/2881 1142/2736/2879
f 1142/2736/2879 1161/2786/2881 1104/2641/2882
f 1161/2786/2881 1201/2883/2826 1182/2836/2827
f 1281/3051/2869 1260/3008/2818 1187/2851/2820
s 0
f 1182/2837/2883 1196/2873/2884 1164/2790/2885
f 1196/2873/2886 1199/2877/2887 1164/2790/2888
f 1230/2940/2889 1281/3051/2890 1134/2717/2891
f 1134/2717/2892 1281/3051/2893 1187/2851/2894
f 1369/3250/2895 1344/3190/2895 1487/3581/2895
f 1334/3159/2896 1230/2941/2896 1118/2675/2896
f 1230/2941/2897 988/2367/2897 1118/2675/2897
s 1
f 1232/2945/2857 1118/2676/2864 1042/2512/2898
f 1125/2694/2899 1232/2945/2857 1042/2512/2898
s 0
f 1125/2694/2900 1042/2512/2901 1129/2705/2902
s 1
f 1129/2705/2903 1042/2512/2904 998/2395/2905
s 0
f 998/2395/2906 1098/2628/2907 1129/2705/2908
s 1
f 1033/2490/2562 1139/2732/2558 1072/2570/2557
f 1033/2490/2562 1072/2570/2557 1043/2514/2560
f 1033/2490/2562 1043/2514/2560 989/2371/2561
f 1090/2611/2909 1021/2459/2910 1104/2642/2882
s 0
f 1104/2642/2911 1021/2459/2912 1045/2517/2913
f 1049/2524/2914 1104/2642/2915 1045/2517/2916
f 1104/2642/2917 1049/2524/2918 1055/2540/2919
f 1060/2549/2920 994/2385/2921 1055/2540/2922
f 994/2385/2923 1024/2466/2924 1055/2540/2925
f 1055/2540/2926 1024/2466/2927 1104/2642/2928
s 1
f 1049/2524/2929 994/2385/2930 1060/2549/2931
f 1049/2524/2929 1060/2549/2931 1117/2674/2932
f 1055/2540/2933 1049/2524/2929 1117/2674/2932
f 1117/2674/2932 1060/2549/2931 1055/2540/2933
f 1049/2524/2929 1045/2517/2934 994/2385/2930
f 1090/2612/2909 1104/2643/2882 1161/2787/2881
f 1161/2787/2881 1182/2838/2827 1165/2794/2880
f 1175/2815/2935 1160/2784/2936 1157/2777/2937
f 1160/2784/2936 1188/2855/2938 1157/2777/2937
f 1188/2855/2938 1160/2784/2936 1187/2852/2876
f 1135/2720/2939 1175/2815/2935 1187/2852/2876
f 1187/2852/2876 1175/2815/2935 1188/2855/2938
f 1188/2855/2938 1175/2815/2935 1152/2765/2940
s 0
f 1188/2855/2941 1152/2764/2942 1191/2863/2943
f 1157/2777/2944 1188/2855/2945 1191/2863/2946
f 1157/2777/2947 1191/2863/2948 1182/2839/2949
f 1164/2791/2950 1157/2777/2951 1182/2839/2952
f 1152/2765/2953 1175/2815/2954 1165/2794/2955
f 1165/2794/2956 1175/2815/2957 1161/2787/2958
f 1157/2777/2959 1161/2787/2960 1175/2815/2961
s 1
f 1021/2460/2910 1090/2612/2909 1010/2431/2962
f 1021/2461/2910 994/2384/2930 1045/2518/2934
f 1002/2411/2963 998/2396/2905 994/2384/2930
f 994/2384/2930 1010/2432/2962 1002/2411/2963
f 1182/2840/2827 1191/2864/2877 1165/2795/2880
f 1090/2612/2909 1095/2621/2964 1010/2431/2962
f 1095/2621/2964 1090/2612/2909 1161/2787/2881
f 1087/2606/2965 1095/2621/2964 1145/2744/2966
f 1002/2412/2963 1145/2744/2966 998/2397/2905
s 0
f 1010/2432/2967 1087/2605/2968 1002/2411/2969
s 1
f 1145/2744/2966 1002/2412/2963 1087/2606/2965
f 1010/2431/2962 1095/2621/2964 1087/2606/2965
f 6/17/2771 33/89/2970 12/34/2738
f 994/2384/2930 1021/2461/2910 1010/2432/2962
f 13/37/2971 78/208/2972 14/41/2973
f 14/41/2973 78/209/2972 55/137/2974
s 0
f 14/41/2975 18/52/2976 13/37/2977
s 1
f 13/37/2971 18/52/2978 42/110/2979
f 49/127/2980 13/37/2971 42/110/2979
f 37/96/2981 42/111/2979 18/52/2978
f 14/41/2973 55/137/2974 36/94/2982
f 1187/2853/2876 1152/2766/2878 1135/2721/2939
f 1160/2785/2936 1175/2816/2935 1135/2721/2939
f 1187/2854/2876 1160/2785/2936 1134/2718/2983
f 1134/2718/2983 1160/2785/2936 1135/2721/2939
s 0
f 1024/2465/2984 1134/2718/2985 1135/2721/2986
f 1104/2644/2987 1024/2465/2988 1135/2721/2989
s 1
f 1104/2645/2882 1135/2721/2939 1142/2737/2879
f 1165/2795/2880 1142/2737/2879 1152/2766/2878
f 1152/2766/2878 1142/2737/2879 1135/2721/2939
s 0
f 988/2368/2990 1024/2466/2991 994/2385/2992
f 1161/2787/2993 1157/2777/2994 1164/2791/2995
f 1134/2719/2996 1024/2467/2997 988/2369/2998
f 988/2369/2999 1230/2942/3000 1134/2719/3001
s 1
f 988/2369/3002 994/2386/2930 998/2398/2905
s 0
f 14/41/3003 36/94/3004 8/21/3005
s 1
f 14/41/3006 8/21/3007 18/52/3008
f 37/96/2981 18/52/2978 83/216/3009
s 0
f 1042/2513/3010 1118/2677/3010 988/2369/3010
s 1
f 998/2398/2905 1042/2513/2904 988/2369/3002
s 0
f 18/52/3011 8/21/3012 22/60/2849
f 36/94/3013 201/476/3014 8/21/3015
f 8/21/3016 201/476/3017 69/179/3018
f 69/180/3019 22/60/3019 8/21/3019
f 1164/2791/3020 1095/2621/3021 1161/2787/3022
f 1145/2744/3023 1095/2621/3024 1164/2791/3025
f 1164/2792/3026 1125/2695/3027 1145/2745/3028
f 1164/2792/3029 1167/2798/3030 1125/2695/3031
s 1
f 1125/2695/2899 1167/2798/3032 1232/2946/2857
f 1232/2946/2857 1167/2798/3032 1199/2878/2834
f 1098/2629/3033 1145/2745/2966 1125/2695/3034
f 1098/2629/3033 998/2399/2905 1145/2745/2966
f 1125/2695/3034 1108/2652/3035 1098/2629/3033
f 1125/2696/3034 1129/2706/3036 1108/2653/3035
f 1129/2706/3036 1098/2630/3033 1108/2653/3035
s 0
f 136/320/3037 11/30/3038 174/410/3039
f 9/24/3040 11/31/3041 56/139/3042
f 56/139/3043 11/31/3044 74/200/3045
f 157/367/3046 56/139/3047 74/200/3048
f 56/139/3049 157/367/3050 115/286/3051
s 1
f 205/493/3052 167/391/3053 74/200/3054
f 167/391/3053 205/493/3052 183/435/3055
f 74/200/3054 167/391/3053 157/367/3056
f 200/473/3057 167/391/3053 217/525/3058
f 205/493/3052 200/473/3057 217/525/3058
f 205/493/3052 217/525/3058 183/435/3055
s 0
f 74/201/3059 11/32/3060 136/319/3061
s 1
f 74/201/3062 136/319/3063 305/730/3064
f 74/201/3054 218/527/3065 205/494/3052
f 183/436/3055 218/527/3065 74/201/3054
s 0
f 74/201/3066 305/731/3067 253/608/3068
s 1
f 253/608/3069 183/436/3055 74/201/3054
f 253/608/3069 200/474/3057 220/532/3070
f 183/436/3055 253/608/3069 220/532/3070
f 167/392/3053 183/436/3055 220/532/3070
f 217/526/3058 167/392/3053 220/532/3070
f 220/532/3070 200/474/3057 218/528/3065
f 220/532/3070 218/528/3065 217/526/3058
f 218/528/3065 200/474/3057 205/495/3052
f 217/526/3058 218/528/3065 183/437/3055
f 17/50/3071 144/342/992 110/280/3072
f 17/50/3071 110/280/3072 231/562/3073
s 0
f 376/890/3074 174/411/3074 231/562/3074
f 189/447/3075 110/280/3076 144/342/3077
f 247/590/3078 110/280/3079 189/447/3080
s 1
f 110/280/3081 247/590/3082 282/672/3083
s 0
f 110/280/3084 282/673/3085 231/562/3086
s 1
f 282/674/3083 362/850/3087 376/891/3088
f 376/891/3088 362/851/3087 374/885/3089
f 374/885/3089 363/854/3090 378/895/3091
f 174/413/3092 374/885/3089 378/895/3091
f 374/885/3089 174/413/3092 376/891/3088
s 0
f 174/412/3093 322/768/3094 136/320/3095
s 1
f 347/819/3096 322/771/3097 365/860/3098
f 365/860/3098 253/609/3099 347/819/3096
f 136/321/3063 322/769/3097 295/706/3100
f 136/321/3063 295/706/3100 305/732/3064
f 322/770/3097 305/733/3064 295/707/3100
f 305/733/3064 322/770/3097 253/610/3099
s 0
f 376/891/3101 231/563/3101 282/674/3101
s 1
f 363/855/3090 282/675/3083 247/589/3082
f 378/893/3091 363/855/3090 247/589/3082
s 0
f 247/590/3102 189/447/3103 232/564/3104
s 1
f 378/895/3091 247/591/3082 232/565/3105
s 0
f 131/311/3106 115/286/3107 157/367/3108
s 1
f 322/770/3097 347/820/3096 253/610/3099
f 360/844/3109 325/776/3110 253/612/3069
s 0
f 272/646/3111 313/751/3112 210/505/3113
s 1
f 325/776/3110 313/751/3114 272/646/3115
f 346/818/3116 313/751/3114 325/776/3110
f 360/845/3109 313/751/3114 346/818/3116
s 0
f 210/505/3117 313/751/3118 319/760/3119
s 1
f 210/505/1080 319/760/3120 263/627/3121
f 360/845/3109 319/760/3122 313/751/3114
f 360/846/3109 346/818/3116 325/776/3110
f 272/646/3115 253/612/3069 325/776/3110
f 203/488/1081 210/504/1080 211/507/1077
f 203/488/1081 211/507/1077 226/548/1079
s 0
f 203/488/3123 226/548/3124 227/550/3125
f 203/488/3126 227/550/3127 232/566/3128
f 203/488/3129 232/566/3130 189/448/3131
f 238/576/3132 232/566/3133 224/544/3134
f 224/544/3135 232/566/3136 227/550/3137
s 1
f 224/544/1002 227/550/1078 263/626/3121
f 164/385/1001 144/343/992 224/544/1002
f 224/544/1002 144/343/992 238/576/3138
f 378/894/3091 232/566/3105 238/576/3139
f 238/576/3138 144/343/992 160/374/994
s 0
f 238/576/3140 160/374/3141 319/762/3142
f 319/762/3143 378/894/3144 238/576/3145
s 1
f 393/940/3146 399/954/3147 400/955/3148
f 400/955/3148 399/954/3147 405/964/3149
s 0
f 404/963/3150 402/961/3151 406/967/3152
f 453/1076/3153 402/961/3154 404/963/3155
s 1
f 453/1076/3156 523/1263/3157 402/961/3158
f 456/1082/3159 402/961/3158 523/1263/3157
s 0
f 322/771/3160 174/413/3161 365/860/3162
f 253/611/3163 365/860/3164 360/847/3165
f 365/860/3166 378/895/3167 360/847/3168
s 1
f 378/895/3169 319/761/3122 360/847/3109
f 174/413/3092 378/895/3091 365/860/3170
s 0
f 406/967/3171 399/954/3172 393/940/3173
f 393/940/3174 451/1071/3175 403/962/3176
f 451/1071/3177 393/940/3177 454/1078/3178
f 393/940/3179 400/955/3179 614/1503/3179
f 454/1079/3180 393/939/3180 614/1506/3180
s 1
f 489/1182/3181 614/1506/3182 400/956/3148
f 400/956/3148 413/981/3183 489/1182/3181
s 0
f 393/940/3184 403/962/3185 406/967/3186
s 1
f 438/1047/3187 420/992/3188 467/1117/3189
s 0
f 420/993/3190 411/977/3191 450/1070/3192
s 1
f 450/1070/3193 411/977/3194 442/1055/3195
s 0
f 442/1055/3196 411/977/3197 407/969/3198
s 1
f 442/1055/3195 456/1083/3159 450/1070/3193
f 450/1070/3193 456/1083/3159 431/1023/3199
s 0
f 431/1023/3200 476/1144/3201 450/1070/3202
s 1
f 420/993/3188 450/1070/3203 476/1144/3204
f 476/1145/3204 431/1023/3205 462/1099/3206
s 0
f 502/1211/3207 403/962/3208 451/1071/3209
f 502/1211/3210 451/1071/3211 519/1254/3212
f 502/1211/3213 404/963/3213 403/962/3214
f 404/963/3215 502/1211/3216 462/1100/3217
f 404/963/3218 462/1100/3219 453/1076/3220
s 1
f 462/1100/3206 502/1211/3221 498/1203/3222
f 462/1100/3206 498/1203/3222 476/1146/3204
f 420/992/3188 476/1147/3204 467/1117/3189
f 412/978/3223 429/1018/3224 410/976/3225
f 410/976/3225 429/1018/3224 406/967/3226
f 406/966/3226 429/1019/3224 445/1062/3227
f 407/968/3228 406/966/3226 442/1056/3229
f 442/1056/3229 406/966/3226 418/990/3230
s 0
f 442/1056/3231 417/989/3232 456/1084/3233
s 1
f 418/990/3230 417/989/3234 442/1056/3229
f 418/990/3230 406/966/3226 445/1062/3227
f 418/990/3230 445/1062/3227 412/979/3223
f 429/1019/3224 412/979/3223 445/1062/3227
f 418/990/3230 412/979/3223 402/960/3158
f 418/990/3230 402/960/3158 417/989/3234
f 417/989/3234 402/960/3158 456/1084/3159
s 0
f 438/1047/3235 467/1117/3236 495/1196/3237
s 1
f 522/1261/3238 495/1196/3239 608/1487/3240
f 489/1181/3181 495/1196/3239 522/1261/3238
f 489/1181/3181 413/982/3183 422/997/3241
f 476/1148/3204 495/1195/3242 467/1118/3189
s 0
f 498/1204/3243 519/1255/3244 495/1195/3245
s 1
f 498/1204/3222 495/1195/3242 476/1148/3204
f 502/1212/3221 519/1255/3246 498/1204/3222
f 405/964/3149 408/972/3247 413/983/3183
s 0
f 405/964/3248 399/954/3249 408/972/3250
f 410/976/3251 406/967/3252 402/961/3253
s 1
f 410/976/3225 402/961/3158 412/980/3223
f 411/977/3254 420/993/3188 438/1046/3187
f 411/977/3254 438/1046/3187 422/995/3241
f 407/969/3228 411/977/3254 422/995/3241
f 422/996/3241 413/984/3183 399/953/3255
f 399/953/3255 407/970/3228 422/996/3241
f 413/984/3183 408/973/3247 399/953/3255
f 363/856/3090 362/852/3087 282/676/3083
f 374/886/3089 362/853/3087 363/857/3090
f 400/957/3148 405/965/3149 413/984/3183
f 544/1309/3256 608/1488/3240 614/1504/3182
f 608/1488/3240 544/1309/3256 522/1262/3238
f 522/1262/3238 544/1309/3256 489/1182/3181
f 406/967/3226 407/971/3228 399/954/3255
f 438/1047/3187 495/1196/3239 422/997/3241
f 422/997/3241 495/1196/3239 489/1181/3181
f 71/190/3257 9/25/1067 56/140/3258
f 9/25/1067 71/190/3257 54/136/3259
s 0
f 27/73/3260 80/212/3261 141/331/3262
f 157/368/3263 141/331/3264 80/212/3265
s 1
f 71/190/3257 113/284/3266 115/287/3267
f 115/287/3267 113/284/3266 56/141/3258
f 113/284/3266 71/190/3257 56/142/3258
f 9/25/1067 54/136/3259 27/73/1068
f 157/368/3268 80/212/3269 131/312/3270
f 80/212/3269 27/73/1068 54/136/3259
f 54/136/3259 71/190/3257 115/287/3267
f 54/136/3259 115/287/3267 131/312/3270
f 54/136/3259 131/312/3270 80/212/3269
f 17/51/3071 9/26/1067 20/56/993
f 34/92/999 20/56/993 27/74/1068
f 117/291/1069 164/386/1001 34/92/999
f 141/332/3271 117/291/1069 27/74/1068
s 0
f 150/353/3272 38/99/3273 32/87/3274
s 1
f 139/327/1155 40/104/1153 38/99/1152
f 82/215/1154 139/328/1155 143/338/1156
s 0
f 82/215/3275 15/44/3276 40/105/3277
f 15/44/3278 143/338/3279 151/355/3280
f 143/338/3281 15/44/3282 82/215/3283
s 1
f 195/461/3284 171/402/1416 241/580/3285
f 32/88/3286 3/7/3287 30/83/3288
f 190/449/3289 250/599/3290 259/621/3291
f 259/621/3291 250/599/3290 300/716/3292
s 0
f 176/417/3293 259/621/3294 300/716/3295
s 1
f 176/417/3296 190/449/3289 259/621/3291
f 176/417/3296 57/144/1167 190/449/3289
f 167/393/3053 141/333/1074 157/369/3056
f 141/333/1074 167/393/3053 272/646/3115
f 256/616/3297 272/646/3115 167/393/3053
f 253/612/3069 256/616/3297 167/393/3053
f 272/646/3115 256/616/3297 253/612/3069
f 167/393/3053 200/475/3057 253/612/3069
f 141/333/1074 272/646/3115 210/505/1080
f 227/551/1078 211/508/1077 210/505/1080
f 227/551/1078 210/505/1080 263/627/3121
s 0
f 150/353/3298 288/688/3299 38/99/3300
s 1
f 288/687/3301 150/354/3302 176/417/3296
f 57/144/1167 176/417/3296 150/354/3302
f 57/144/1167 150/354/3302 32/88/3303
f 38/98/1152 287/686/3304 143/339/1156
s 0
f 345/816/3305 380/898/3306 326/777/3307
f 216/521/3308 326/777/3309 380/898/3310
f 326/777/3311 216/522/3312 269/640/3313
s 1
f 287/686/3304 38/98/1152 345/816/3314
f 345/816/3314 326/777/3315 287/686/3304
f 143/339/1156 287/686/3304 269/640/3316
f 269/640/3316 287/686/3304 326/777/3315
s 0
f 20/56/3317 34/92/3318 84/218/3319
s 1
f 20/56/993 144/344/992 17/51/3071
f 21/58/1158 31/85/1172 7/20/1159
f 31/85/1172 21/58/1158 114/285/3320
s 0
f 250/600/3321 257/617/3322 229/555/3323
s 1
f 250/600/3290 229/555/3324 300/715/3292
f 229/555/3324 373/879/3325 300/715/3292
f 263/628/3121 319/762/3120 160/374/1000
f 263/628/3121 160/374/1000 224/544/1002
s 0
f 176/417/3326 300/716/3327 288/687/3328
f 373/880/3329 288/687/3330 300/716/3331
s 1
f 190/450/3289 257/618/3332 250/601/3290
f 229/556/3324 257/618/3332 190/450/3289
s 0
f 345/817/3333 38/99/3334 288/688/3335
f 380/899/3336 345/817/3337 288/688/3338
s 1
f 380/900/3339 288/689/3340 373/881/3341
s 0
f 404/963/3342 406/967/3343 403/962/3344
f 381/902/3345 430/1020/3346 426/1011/3347
s 1
f 388/928/3348 381/902/3349 384/916/3350
s 0
f 381/902/3351 388/928/3352 463/1103/3353
f 426/1011/3354 384/916/3355 381/902/3356
f 426/1011/3357 430/1020/3358 500/1206/3359
s 1
f 430/1021/3360 463/1102/3361 548/1319/3362
f 575/1391/3363 548/1319/3364 596/1452/3365
f 463/1102/3361 430/1021/3360 381/903/3366
f 463/1102/3361 609/1490/3367 548/1319/3362
f 548/1320/3362 500/1207/3368 430/1022/3360
f 500/1207/3368 548/1320/3362 583/1412/3369
s 0
f 557/1341/3370 583/1412/3371 631/1545/3372
f 631/1545/3373 475/1138/3374 557/1341/3375
f 500/1207/3376 557/1341/3377 475/1138/3378
f 500/1207/3379 475/1139/3380 426/1010/3381
s 1
f 448/1066/3382 431/1024/3199 456/1085/3159
f 456/1085/3159 523/1264/3157 448/1066/3382
f 523/1264/3157 453/1077/3156 448/1066/3382
s 0
f 431/1024/3383 453/1077/3384 462/1101/3385
f 453/1077/3386 431/1024/3387 448/1066/3388
s 1
f 388/927/3389 447/1065/3390 492/1186/3391
s 0
f 492/1187/3392 447/1065/3393 401/958/3394
s 1
f 447/1065/3390 388/927/3389 401/958/3395
s 0
f 384/915/3396 401/958/3397 388/927/3398
f 388/928/3399 492/1188/3399 463/1103/3399
s 1
f 602/1473/3400 610/1493/3401 492/1189/3402
f 605/1480/3403 602/1473/3400 559/1348/3404
f 605/1480/3403 559/1348/3404 572/1382/3405
f 492/1189/3402 559/1348/3404 602/1473/3400
s 0
f 546/1314/3406 572/1383/3407 559/1349/3408
f 546/1314/3409 559/1349/3410 492/1190/3411
s 1
f 492/1190/3412 518/1253/3413 546/1314/3414
f 441/1054/3415 419/991/3416 416/988/3417
f 384/918/3418 419/991/3416 401/959/3419
f 419/991/3416 384/918/3418 416/988/3417
s 0
f 676/1650/3420 454/1079/3420 614/1506/3420
f 454/1079/3421 676/1650/3422 451/1072/3423
f 614/1505/3424 675/1649/3424 676/1651/3424
s 1
f 676/1651/3425 675/1649/3426 451/1073/3427
f 489/1182/3181 544/1309/3256 614/1506/3182
f 632/1549/3428 614/1507/3182 608/1489/3240
s 0
f 495/1197/3429 675/1648/3430 632/1549/3431
s 1
f 495/1197/3239 632/1549/3428 608/1489/3240
f 632/1549/3428 675/1648/3432 614/1507/3182
f 829/1986/3433 799/1926/3434 731/1788/3435
f 722/1768/3436 742/1811/3437 749/1823/3438
f 722/1768/3436 749/1823/3438 730/1787/3439
f 785/1900/3440 730/1787/3439 749/1823/3438
s 0
f 742/1812/3441 722/1767/3441 731/1788/3441
f 731/1788/3442 799/1926/3442 742/1812/3442
f 722/1768/3443 730/1787/3443 727/1782/3443
f 727/1782/3444 731/1789/3444 722/1768/3444
s 1
f 829/1985/3433 731/1790/3435 727/1781/3445
f 519/1256/3446 451/1073/3447 495/1198/3448
s 0
f 495/1198/3449 451/1073/3449 675/1649/3449
f 548/1321/3450 609/1491/3451 596/1453/3452
s 1
f 596/1453/3365 640/1566/3453 582/1409/3454
s 0
f 609/1491/3455 640/1566/3456 596/1453/3457
s 1
f 609/1491/3367 646/1581/3458 640/1566/3453
f 646/1581/3458 650/1588/3459 640/1566/3453
f 631/1546/3460 650/1588/3459 646/1581/3458
f 650/1588/3459 631/1546/3460 623/1526/3461
f 646/1581/3458 609/1491/3367 463/1105/3361
s 0
f 649/1587/3462 463/1104/3463 610/1492/3464
f 649/1587/3465 610/1492/3466 685/1672/3467
f 463/1105/3468 649/1587/3469 646/1581/3470
f 685/1672/3471 631/1546/3472 646/1581/3473
f 492/1189/3474 610/1493/3475 463/1106/3476
s 1
f 642/1571/3477 610/1493/3401 602/1473/3400
s 0
f 610/1493/3478 642/1571/3479 627/1535/3480
f 730/1787/3481 785/1900/3481 800/1931/3481
f 649/1587/3482 685/1672/3483 646/1581/3484
s 1
f 714/1742/3485 746/1819/3486 765/1856/3487
s 0
f 714/1742/3488 765/1856/3489 807/1939/3490
s 1
f 913/2185/3491 767/1862/3492 982/2356/3493
f 970/2320/3494 961/2302/3495 846/2034/3496
s 0
f 961/2302/3497 982/2356/3498 767/1862/3499
f 961/2302/3500 767/1862/3501 714/1742/3502
f 725/1778/3503 714/1742/3504 719/1757/3505
f 746/1820/3506 714/1741/3507 767/1861/3508
s 1
f 757/1837/3509 765/1857/3487 746/1820/3486
s 0
f 829/1985/3510 727/1781/3511 811/1950/3512
f 725/1778/3513 840/2017/3513 846/2034/3513
f 846/2034/3514 961/2302/3515 714/1742/3516
f 846/2034/3517 714/1742/3518 725/1778/3519
f 785/1901/3520 749/1824/3521 742/1813/3522
f 800/1930/3523 973/2328/3523 981/2353/3523
f 904/2162/3524 981/2353/3525 954/2284/3526
s 1
f 921/2202/3527 727/1780/3528 964/2306/3529
f 800/1930/3530 964/2306/3529 727/1780/3528
s 0
f 742/1813/3531 799/1924/3531 973/2328/3531
f 785/1901/3532 742/1813/3532 973/2328/3533
f 973/2328/3534 799/1925/3534 969/2317/3534
f 973/2328/3535 969/2317/3535 981/2353/3535
f 973/2328/3536 800/1930/3536 785/1901/3536
f 891/2127/3537 941/2255/3538 905/2163/3539
f 829/1986/3540 941/2255/3541 891/2127/3542
s 1
f 829/1986/3433 891/2127/3543 799/1926/3434
s 0
f 941/2256/3544 967/2313/3545 978/2339/3546
f 941/2256/3547 978/2339/3548 905/2165/3549
s 1
f 978/2339/3550 981/2352/3551 969/2319/3552
f 891/2128/3543 905/2164/3553 900/2152/3554
f 917/2191/3555 799/1927/3434 900/2151/3554
f 900/2151/3554 905/2166/3553 917/2191/3555
s 0
f 969/2318/3556 917/2191/3557 968/2316/3558
s 1
f 917/2191/3555 969/2318/3559 799/1928/3434
f 799/1929/3434 891/2128/3543 900/2152/3554
f 941/2257/3560 829/1987/3561 954/2285/3562
f 829/1987/3563 811/1949/3564 874/2095/3565
s 0
f 904/2160/3566 829/1987/3567 874/2095/3568
s 1
f 829/1987/3561 904/2160/3569 954/2285/3562
f 727/1781/3528 921/2203/3527 874/2094/3565
f 727/1781/3528 874/2094/3565 811/1950/3564
s 0
f 921/2204/3570 904/2160/3571 874/2095/3571
f 978/2339/3572 969/2319/3573 968/2315/3574
s 1
f 978/2339/3575 968/2315/3576 905/2165/3553
f 967/2314/3577 941/2258/3560 954/2286/3562
s 0
f 978/2339/3578 967/2313/3579 981/2352/3580
s 1
f 905/2166/3553 968/2316/3576 917/2191/3555
s 0
f 921/2205/3581 953/2283/3582 904/2161/3583
s 1
f 981/2353/3584 964/2306/3529 800/1930/3530
f 964/2306/3529 981/2353/3584 904/2162/3585
f 904/2162/3585 953/2282/3586 964/2306/3529
f 981/2354/3587 967/2314/3577 954/2286/3562
f 767/1861/3492 825/1974/3588 805/1936/3589
f 767/1861/3492 805/1936/3589 746/1820/3486
f 746/1820/3486 805/1936/3589 757/1837/3509
f 832/1994/3590 822/1965/3591 828/1982/3592
f 828/1982/3592 822/1965/3591 840/2016/3593
s 0
f 832/1994/3594 807/1940/3595 822/1965/3596
s 1
f 765/1857/3487 805/1936/3589 825/1974/3588
f 757/1837/3509 805/1936/3589 765/1857/3487
s 0
f 807/1940/3597 765/1857/3598 822/1965/3599
s 1
f 873/2093/3600 825/1972/3588 767/1862/3492
s 0
f 898/2145/3601 847/2035/3602 903/2158/3603
s 1
f 898/2145/3604 903/2158/3605 919/2196/3606
f 903/2158/3605 847/2035/3607 901/2153/3608
f 901/2153/3608 847/2035/3607 825/1973/3588
s 0
f 825/1973/3609 873/2092/3610 901/2153/3611
s 1
f 825/1974/3588 822/1965/3591 765/1857/3487
f 822/1965/3591 825/1974/3588 857/2057/3612
f 857/2057/3612 825/1974/3588 847/2036/3607
f 851/2046/3613 857/2058/3612 847/2037/3607
s 0
f 847/2037/3614 898/2146/3615 851/2046/3616
s 1
f 982/2355/3617 897/2141/3618 851/2046/3619
f 913/2185/3491 873/2093/3600 767/1862/3492
s 0
f 873/2093/3620 913/2185/3621 901/2154/3622
s 1
f 901/2155/3608 913/2185/3623 919/2197/3606
f 898/2147/3604 919/2197/3606 913/2185/3623
s 0
f 982/2356/3624 898/2147/3625 913/2185/3626
f 898/2147/3627 982/2356/3628 851/2047/3629
f 730/1787/3630 800/1931/3631 727/1782/3631
f 970/2320/3632 974/2329/3632 961/2302/3632
f 961/2302/3633 974/2329/3633 982/2356/3633
f 897/2142/3634 982/2356/3635 974/2329/3636
s 1
f 964/2307/3529 953/2283/3586 921/2205/3527
f 151/355/1418 241/580/3285 171/402/1416
f 241/581/3285 151/356/1418 143/340/3637
s 0
f 241/581/3638 216/523/3639 195/462/3640
s 1
f 216/523/3641 241/581/3285 143/340/3637
s 0
f 216/523/3642 143/340/3643 269/641/3644
s 1
f 380/901/3339 373/882/3341 368/865/3645
s 0
f 314/752/3646 380/901/3647 368/865/3648
f 314/752/3649 368/865/3650 337/800/3651
f 380/901/3652 314/752/3653 216/523/3654
s 1
f 230/559/3655 216/523/3656 314/752/3657
f 216/523/3658 204/490/3659 195/462/3660
f 79/211/1407 104/264/3661 48/124/1403
s 0
f 79/211/3662 77/206/3663 104/264/3664
f 79/211/3665 44/114/3666 77/206/3667
s 1
f 104/265/3661 162/383/3668 129/309/3669
f 204/491/1425 209/501/3670 162/383/1426
f 129/309/3669 162/383/3668 119/293/3671
f 162/383/3668 127/304/3672 119/293/3671
f 104/265/3661 129/309/3669 119/293/3671
f 119/293/3671 127/304/3672 48/125/1403
s 0
f 162/383/3673 185/440/3674 127/304/3675
f 149/352/3676 127/304/3677 185/440/3678
f 209/501/3679 185/440/3680 162/383/3681
f 133/315/3682 162/383/3683 104/265/3684
s 1
f 104/265/3685 77/207/1431 133/315/1430
f 331/786/3686 230/560/3655 314/753/3657
f 359/843/3687 340/808/3688 355/835/3689
f 355/835/3689 340/808/3688 337/801/3690
f 340/808/3688 359/843/3687 339/806/3691
f 359/843/3687 355/835/3689 349/823/3692
s 0
f 339/806/3693 359/843/3694 349/823/3695
f 204/492/3696 216/524/3697 230/560/3698
f 204/492/3699 230/560/3700 243/583/3701
f 192/453/3702 185/439/3703 142/336/3702
f 209/502/3704 142/336/3705 185/439/3706
f 209/502/3707 237/575/3708 142/336/3709
f 142/336/3710 237/575/3711 244/584/3712
f 230/560/3713 331/786/3714 243/583/3715
f 204/492/3716 243/583/3717 209/502/3718
f 209/502/3719 243/583/3720 237/575/3721
f 340/808/3722 339/806/3723 331/786/3724
s 1
f 329/782/3725 292/698/3726 339/806/3727
f 292/698/3726 329/782/3725 244/584/3728
f 237/575/3729 292/698/3726 244/584/3728
f 339/806/3727 292/698/3726 331/786/3730
f 331/786/3730 237/575/3729 243/583/3731
f 237/575/3729 331/786/3730 292/698/3726
f 67/176/1170 31/85/1172 122/296/3732
f 31/85/1172 114/285/3320 122/296/3732
f 57/145/1167 142/335/1171 190/451/3289
f 190/451/3289 142/335/1171 229/557/3324
f 142/335/1171 122/296/3732 172/403/3733
f 192/454/3734 142/335/1171 172/403/3733
f 114/285/3320 172/403/3733 122/296/3732
f 21/58/1158 149/351/3735 114/285/3320
f 149/351/3735 172/403/3733 114/285/3320
f 122/296/3732 142/335/1171 67/176/1170
f 127/304/3736 149/352/3735 21/59/1158
f 185/440/3737 192/455/3734 172/404/3733
s 0
f 149/352/3738 185/440/3739 172/404/3740
s 1
f 373/883/3325 229/558/3324 142/336/1171
f 329/782/3725 373/883/3325 142/336/1171
f 142/336/1171 244/584/3728 329/782/3725
f 119/293/3671 48/126/1403 104/265/3661
s 0
f 475/1140/3741 384/916/3742 426/1011/3743
f 331/786/3744 314/753/3745 337/801/3746
f 331/786/3747 337/801/3748 340/808/3749
f 369/867/3750 368/866/3751 373/884/3752
f 329/783/3753 369/867/3754 373/884/3755
s 1
f 384/917/3756 475/1142/3757 515/1245/3758
s 0
f 475/1142/3759 528/1273/3760 515/1245/3761
f 582/1410/3762 528/1273/3763 475/1142/3764
s 1
f 528/1273/3765 582/1410/3766 572/1384/3767
s 0
f 515/1245/3768 423/998/3769 384/917/3770
f 443/1057/3771 384/917/3772 423/998/3773
s 1
f 583/1413/3369 575/1392/3363 500/1208/3368
f 583/1413/3369 557/1342/3774 575/1392/3363
f 548/1322/3364 575/1392/3363 557/1342/3774
f 545/1310/3775 475/1141/3776 593/1442/3777
f 545/1310/3775 593/1442/3777 557/1342/3774
f 548/1322/3364 557/1342/3774 593/1442/3777
f 548/1322/3364 593/1442/3777 623/1527/3461
s 0
f 583/1414/3778 548/1322/3779 623/1527/3780
s 1
f 631/1547/3460 583/1414/3781 623/1527/3461
f 500/1209/3368 575/1393/3363 545/1311/3775
f 545/1311/3775 575/1393/3363 596/1454/3365
f 557/1343/3774 500/1209/3368 545/1311/3775
f 475/1142/3776 545/1311/3775 596/1455/3365
f 582/1410/3454 475/1142/3776 596/1455/3365
f 582/1410/3454 640/1567/3453 650/1589/3459
f 591/1435/3782 475/1143/3776 685/1673/3783
f 582/1410/3454 650/1589/3459 623/1528/3461
f 582/1410/3454 623/1528/3461 593/1443/3777
s 0
f 591/1435/3784 582/1410/3785 593/1443/3786
s 1
f 475/1143/3776 591/1435/3782 593/1443/3777
s 0
f 631/1548/3787 685/1674/3788 475/1143/3789
s 1
f 492/1190/3412 401/959/3419 518/1253/3413
f 602/1474/3400 605/1481/3403 572/1386/3405
f 511/1232/3790 515/1246/3791 528/1274/3765
s 0
f 511/1232/3792 423/999/3793 515/1246/3794
f 423/999/3795 511/1232/3796 464/1108/3797
s 1
f 464/1108/3798 497/1200/3799 423/999/3800
f 529/1279/3801 511/1232/3790 546/1312/3802
f 497/1200/3799 464/1108/3798 470/1127/3803
f 470/1127/3803 464/1108/3798 441/1054/3415
f 470/1127/3803 441/1054/3415 416/988/3417
f 470/1127/3803 416/988/3417 455/1080/3804
f 528/1274/3765 546/1312/3802 511/1232/3790
s 0
f 582/1411/3805 591/1437/3806 572/1385/3807
s 1
f 634/1554/3808 599/1466/3809 591/1437/3782
f 546/1313/3802 528/1275/3765 572/1385/3767
f 572/1385/3405 591/1437/3782 599/1466/3809
f 599/1466/3809 529/1276/3810 572/1385/3405
s 0
f 464/1108/3811 604/1476/3812 518/1253/3812
s 1
f 441/1054/3415 464/1108/3798 419/991/3416
f 401/959/3419 419/991/3416 518/1253/3413
f 518/1253/3413 419/991/3416 464/1108/3798
s 0
f 529/1277/3813 518/1253/3814 604/1476/3815
f 602/1474/3816 529/1280/3817 604/1477/3818
s 1
f 627/1536/3819 602/1474/3400 604/1477/3820
s 0
f 546/1314/3821 518/1253/3822 529/1277/3823
f 29/81/3824 19/55/3825 15/44/3826
f 15/44/3827 44/115/3828 29/81/3829
f 52/134/3830 73/196/3831 109/277/3832
f 100/256/3833 102/261/3834 91/233/3835
f 100/256/3836 91/233/3837 62/163/3838
s 1
f 100/256/3839 111/281/3840 140/329/3841
f 140/329/3841 109/277/3842 100/256/3839
f 102/261/3843 100/256/3839 109/277/3842
f 102/260/3843 86/222/1524 99/253/3844
f 99/253/3844 86/222/1524 73/197/1522
f 87/225/3845 99/253/3844 109/276/3842
f 87/225/3845 109/276/3842 73/198/3846
f 91/234/3847 102/260/3843 87/225/3845
f 93/238/3848 101/258/3849 92/236/3850
f 93/239/3848 92/237/3850 101/259/3849
f 102/260/3843 99/253/3844 87/225/3845
f 85/220/1521 102/261/3843 109/277/3842
f 86/223/1524 102/261/3843 85/220/1521
f 99/254/3844 85/220/1521 109/277/3842
f 73/199/1522 85/220/1521 99/255/3844
f 62/164/3851 91/235/3847 87/226/3845
s 0
f 65/171/3852 63/167/3853 47/122/3854
s 1
f 62/165/1547 47/122/3855 63/167/3856
s 0
f 184/438/3857 63/167/3858 65/171/3858
f 126/302/3859 184/438/3860 65/171/3861
f 161/376/3862 130/310/3863 126/302/3864
f 161/376/3865 197/468/3866 130/310/3867
f 163/384/3868 130/310/3869 197/468/3870
f 68/178/3871 24/69/3871 109/278/3872
s 1
f 180/428/3873 197/468/3874 196/463/3875
s 0
f 180/428/3876 170/400/3877 158/370/3878
s 1
f 170/400/3879 180/428/3880 68/178/3881
f 109/278/3882 170/400/3879 68/178/3881
f 170/400/3879 109/278/3882 173/405/3883
f 170/400/3879 187/442/3884 158/370/3885
s 0
f 109/279/3886 158/370/3887 187/442/3888
s 1
f 173/405/3883 109/279/3882 187/442/3884
f 109/279/3842 140/330/3841 158/370/3889
f 130/310/3890 163/384/3891 111/282/3840
f 130/310/3890 111/282/3840 62/165/1547
f 62/165/1547 111/282/3840 100/257/3839
f 62/165/1547 63/167/3856 130/310/3890
f 63/167/3856 184/438/3892 130/310/3890
f 65/170/1546 47/123/3855 62/166/1547
s 0
f 352/830/3893 343/811/3894 354/833/3895
s 1
f 354/833/3896 343/811/3897 302/719/3898
f 343/811/3897 327/778/3899 302/719/3898
f 336/796/3900 343/811/3897 348/821/3901
f 312/748/3902 327/778/3899 173/406/3883
f 336/797/3900 173/406/3883 327/778/3899
f 173/407/3883 265/631/3903 170/401/3879
f 265/631/3903 240/578/3904 170/401/3879
s 0
f 240/578/3905 196/464/3906 197/467/3907
s 1
f 312/749/3902 173/408/3883 270/643/3908
s 0
f 161/377/3909 264/629/3909 197/467/3910
f 302/722/3911 254/613/3912 283/677/3913
s 1
f 274/649/3914 254/613/3915 264/629/3916
f 354/834/3917 348/822/3901 352/831/3918
s 0
f 302/720/3919 283/678/3920 354/834/3921
s 1
f 283/678/3922 254/614/3915 370/868/3923
f 254/614/3915 309/741/3924 370/868/3923
s 0
f 336/799/3925 348/822/3926 375/887/3927
s 1
f 375/887/3928 348/822/3901 354/834/3917
f 375/887/3928 354/834/3917 283/678/3929
s 0
f 327/779/3930 312/750/3931 302/721/3932
s 1
f 302/721/3933 312/750/3902 303/724/3934
f 261/623/3935 312/750/3902 270/642/3908
f 303/723/3934 264/629/3936 302/722/3933
s 0
f 264/629/3937 254/613/3938 302/722/3939
s 1
f 261/624/3935 264/629/3936 303/723/3934
f 303/724/3934 312/750/3902 261/623/3935
f 343/812/3897 336/798/3900 327/780/3899
f 348/822/3901 343/813/3897 352/831/3918
f 184/438/3892 126/302/3940 130/310/3890
f 158/370/3889 140/330/3841 111/282/3840
f 158/370/3889 111/282/3840 163/384/3891
s 0
f 163/384/3941 180/428/3942 158/370/3943
s 1
f 4/10/1548 28/76/1529 126/302/1528
f 126/302/1528 65/171/1546 4/10/1548
f 170/401/3879 240/578/3904 187/443/3884
f 270/643/3908 173/408/3883 187/443/3884
f 264/629/3944 187/443/3884 240/578/3904
f 187/443/3884 264/629/3944 270/643/3908
s 0
f 261/624/3945 270/643/3946 264/629/3947
f 173/409/3948 336/799/3949 375/887/3950
f 173/409/3951 375/887/3952 265/632/3953
s 1
f 264/629/3944 240/578/3904 197/467/3954
f 197/468/3874 180/428/3873 163/384/3955
s 0
f 161/378/3956 274/650/3957 264/630/3958
s 1
f 254/614/3915 274/651/3914 309/741/3924
s 0
f 370/868/3959 375/887/3960 283/678/3961
s 1
f 304/725/3962 309/742/3924 297/709/3963
f 297/709/3963 309/742/3924 274/652/3914
f 309/742/3924 304/725/3962 370/869/3923
f 337/802/3690 368/866/3964 355/836/3689
f 368/866/3964 349/824/3692 355/837/3689
f 349/824/3692 368/866/3964 369/867/3965
f 349/825/3692 369/867/3965 339/807/3966
s 0
f 339/807/3967 369/867/3968 329/783/3969
s 1
f 416/988/3417 384/918/3418 455/1080/3804
f 455/1080/3804 384/918/3418 443/1058/3970
f 469/1123/3971 455/1080/3804 443/1058/3970
s 0
f 383/912/3972 415/986/3973 477/1149/3974
s 1
f 383/912/3975 458/1088/3976 415/986/3977
f 458/1088/3976 468/1119/3978 415/986/3977
s 0
f 383/912/3979 477/1149/3980 483/1165/3981
f 382/904/3982 383/912/3983 554/1335/3984
f 554/1335/3985 383/912/3986 483/1165/3987
s 1
f 468/1120/3978 477/1149/3988 469/1124/3971
f 477/1149/3988 468/1120/3978 458/1089/3976
f 477/1149/3988 458/1089/3976 478/1151/3989
f 480/1157/3990 468/1120/3978 469/1124/3971
f 415/986/3977 469/1124/3971 477/1149/3988
f 383/913/3975 444/1060/3991 458/1090/3976
f 444/1060/3991 383/913/3975 432/1025/3992
f 383/913/3975 395/944/3993 432/1025/3992
s 0
f 383/914/3994 398/950/3994 395/945/3994
f 398/950/3995 383/914/3996 382/905/3997
s 1
f 398/950/3998 452/1074/3999 395/945/3993
f 398/950/3998 466/1112/4000 452/1074/3999
s 0
f 466/1112/4001 565/1365/4002 589/1429/4003
f 452/1074/4004 466/1112/4005 549/1323/4006
s 1
f 452/1074/4007 549/1323/4008 563/1361/4009
f 432/1026/3992 395/945/3993 461/1098/4010
f 461/1098/4010 395/945/3993 452/1074/3999
s 0
f 461/1098/4011 452/1074/4012 510/1228/4013
s 1
f 452/1074/4007 464/1107/4014 510/1228/4015
f 452/1074/4007 604/1478/3820 464/1107/4014
f 452/1074/4007 612/1498/4016 604/1478/3820
f 510/1228/4015 570/1376/4017 432/1026/3992
f 461/1098/4010 510/1228/4015 432/1026/3992
f 443/1059/3970 423/1000/3800 469/1125/3971
f 455/1081/3804 469/1126/3971 470/1128/3803
f 470/1128/3803 474/1135/4018 484/1168/4019
f 470/1128/3803 503/1213/4020 497/1201/3799
f 503/1213/4020 470/1128/3803 484/1168/4019
f 531/1282/4021 497/1201/3799 503/1213/4020
f 529/1278/3801 531/1282/4021 503/1213/4020
s 0
f 599/1467/4022 531/1282/4023 529/1278/4024
s 1
f 529/1278/3801 503/1213/4020 464/1109/4014
f 503/1213/4020 494/1194/4025 464/1109/4014
f 494/1194/4025 503/1213/4020 484/1168/4019
f 527/1272/4026 497/1202/3799 532/1284/4027
f 532/1284/4027 497/1202/3799 531/1283/4021
f 497/1202/3799 527/1272/4026 423/1000/3800
f 423/1000/3800 527/1272/4026 480/1158/3990
f 423/1000/3800 480/1158/3990 469/1125/3971
f 524/1265/4028 480/1158/3990 527/1272/4026
f 527/1272/4026 532/1284/4027 577/1396/4029
f 527/1272/4026 577/1396/4029 524/1265/4028
f 577/1396/4029 619/1517/4030 524/1265/4028
f 660/1608/4031 619/1517/4030 577/1396/4029
f 660/1608/4031 661/1613/4032 619/1517/4030
f 613/1501/4033 577/1396/4029 532/1284/4027
f 532/1284/4027 531/1283/4021 613/1501/4033
f 613/1501/4033 599/1468/3809 634/1553/3808
f 599/1468/3809 613/1501/4033 531/1283/4021
f 415/987/3977 468/1121/3978 474/1135/4018
f 474/1135/4018 468/1121/3978 478/1152/3989
f 469/1126/3971 415/987/3977 474/1135/4018
f 469/1126/3971 474/1135/4018 470/1128/3803
f 517/1249/4034 504/1214/4035 507/1222/4036
f 504/1214/4035 474/1135/4018 507/1222/4036
f 474/1135/4018 504/1214/4035 484/1168/4019
f 484/1168/4019 504/1214/4035 494/1194/4025
f 474/1136/4018 480/1158/3990 507/1223/4036
f 507/1223/4036 480/1158/3990 524/1265/4028
f 474/1137/4018 458/1090/3976 444/1060/3991
f 474/1137/4018 478/1153/3989 458/1090/3976
f 477/1150/3988 474/1137/4018 444/1060/3991
f 474/1137/4018 477/1150/3988 480/1159/3990
f 480/1159/3990 477/1150/3988 478/1154/3989
f 480/1159/3990 478/1154/3989 468/1122/3978
f 483/1166/4037 477/1150/3988 444/1060/3991
f 504/1215/4035 526/1271/4038 494/1193/4025
f 510/1229/4015 494/1193/4025 526/1271/4038
f 510/1229/4015 526/1271/4038 563/1362/4009
f 504/1215/4035 536/1295/4039 526/1271/4038
f 536/1295/4039 504/1215/4035 517/1250/4034
f 517/1250/4034 562/1359/4040 536/1295/4039
f 641/1568/4041 687/1680/4042 598/1461/4043
s 0
f 589/1430/4044 568/1374/4045 558/1344/4046
f 536/1295/4047 558/1344/4048 568/1374/4049
f 589/1430/4050 598/1461/4051 568/1374/4052
f 568/1374/4053 598/1461/4054 563/1362/4055
s 1
f 536/1295/4039 568/1374/4056 526/1271/4038
f 568/1374/4056 563/1362/4009 526/1271/4038
f 598/1461/4043 687/1680/4042 612/1499/4016
f 563/1362/4009 598/1461/4043 612/1499/4016
f 563/1362/4009 612/1499/4016 452/1075/4007
f 464/1108/4014 511/1232/3790 529/1279/3801
f 494/1194/4025 510/1230/4015 464/1109/4014
f 483/1167/4037 444/1061/3991 501/1210/4057
f 501/1210/4057 444/1061/3991 432/1027/3992
f 501/1210/4057 432/1027/3992 570/1377/4017
s 0
f 508/1224/4058 382/906/4059 554/1336/4060
f 508/1224/4061 554/1336/4062 561/1355/4063
s 1
f 558/1346/4064 561/1355/4065 554/1336/4066
f 558/1346/4064 554/1336/4066 570/1377/4017
f 570/1377/4017 554/1336/4066 501/1210/4057
f 554/1336/4066 483/1167/4037 501/1210/4057
f 507/1223/4036 524/1265/4028 573/1387/4067
f 524/1265/4028 619/1517/4030 573/1387/4067
f 619/1517/4030 581/1407/4068 573/1387/4067
f 543/1308/4069 581/1407/4068 517/1251/4034
f 581/1407/4068 543/1308/4069 573/1387/4067
f 543/1308/4069 517/1251/4034 507/1223/4036
f 543/1308/4069 507/1223/4036 573/1387/4067
s 0
f 595/1448/4070 536/1296/4071 562/1360/4072
f 536/1296/4073 595/1448/4074 558/1345/4075
s 1
f 517/1252/4034 581/1408/4068 562/1360/4040
f 581/1408/4068 626/1534/4076 562/1360/4040
s 0
f 626/1534/4077 581/1408/4078 619/1518/4079
s 1
f 626/1534/4080 651/1590/4081 633/1550/4082
f 651/1590/4081 626/1534/4080 619/1518/4030
s 0
f 558/1346/4083 466/1113/4084 589/1431/4085
f 466/1113/4086 558/1346/4087 549/1324/4088
f 570/1377/4089 549/1324/4090 558/1346/4091
s 1
f 510/1231/4015 563/1363/4009 549/1324/4008
f 510/1231/4015 549/1324/4008 570/1377/4017
f 591/1436/3782 685/1675/3783 655/1597/4092
f 655/1597/4092 685/1675/3783 680/1661/4093
s 0
f 680/1661/4094 685/1675/4094 683/1670/4094
f 683/1670/4095 685/1675/4095 627/1538/4095
f 627/1538/4096 685/1675/4096 610/1494/4096
s 1
f 627/1537/3819 642/1572/3477 602/1474/3400
f 602/1474/3400 572/1386/3405 529/1280/3810
f 634/1554/3808 591/1437/3782 655/1598/4092
f 613/1502/4033 634/1555/3808 577/1397/4029
s 0
f 634/1555/4097 660/1609/4098 577/1397/4099
f 634/1555/4100 655/1599/4101 660/1609/4102
s 1
f 658/1604/4103 655/1599/4092 666/1624/4104
f 655/1599/4092 658/1604/4103 660/1609/4105
s 0
f 719/1758/4106 721/1763/4106 725/1777/4106
s 1
f 725/1777/4107 721/1764/4108 808/1943/4109
s 0
f 807/1941/4110 740/1806/4111 714/1743/4112
f 840/2017/4113 808/1944/4114 828/1983/4115
s 1
f 840/2017/4116 725/1778/4107 808/1944/4109
s 0
f 740/1808/4117 719/1759/4118 714/1744/4119
s 1
f 719/1759/4120 740/1808/4121 736/1797/4122
f 760/1846/4123 736/1797/4122 740/1808/4121
f 809/1946/4124 740/1807/4125 807/1942/4126
s 0
f 809/1946/4127 807/1942/4128 832/1995/4129
f 809/1946/4130 832/1995/4131 816/1956/4132
s 1
f 828/1984/3592 816/1956/4133 832/1995/3590
f 740/1807/4125 816/1956/4134 782/1896/4135
f 816/1956/4134 740/1807/4125 809/1946/4124
s 0
f 816/1956/4136 828/1984/4137 808/1945/4138
s 1
f 721/1765/4108 734/1795/4139 771/1871/4140
f 721/1765/4108 771/1871/4140 751/1826/4141
f 751/1826/4141 782/1895/4135 792/1912/4142
f 792/1912/4142 830/1988/4143 751/1826/4141
f 734/1795/4139 719/1759/4120 736/1797/4122
f 744/1817/4144 734/1795/4139 736/1797/4122
f 734/1795/4139 721/1765/4108 719/1759/4120
f 734/1795/4139 744/1817/4144 771/1871/4140
s 0
f 760/1846/4145 771/1871/4146 736/1797/4147
f 736/1797/4148 771/1871/4149 744/1817/4150
f 760/1846/4151 740/1808/4152 782/1895/4153
f 760/1846/4154 782/1895/4155 771/1871/4156
s 1
f 771/1871/4140 782/1895/4135 751/1826/4141
f 721/1766/4108 751/1827/4141 830/1989/4143
f 721/1766/4108 830/1989/4143 808/1945/4109
f 782/1896/4135 816/1956/4134 792/1913/4142
f 830/1989/4143 792/1913/4142 816/1956/4134
f 919/2197/3606 903/2159/3605 901/2155/3608
f 822/1966/3591 857/2059/3612 840/2017/3593
f 840/2017/3593 857/2059/3612 854/2053/4157
s 0
f 860/2065/4158 840/2017/4159 854/2053/4160
s 1
f 860/2065/4161 970/2320/3494 846/2034/3496
f 846/2034/3496 840/2017/4162 860/2065/4161
s 0
f 897/2143/4163 974/2330/4164 927/2218/4165
f 927/2218/4166 928/2221/4167 897/2144/4168
s 1
f 897/2144/3618 928/2221/4169 886/2120/4170
s 0
f 858/2061/4171 854/2054/4172 855/2055/4173
f 855/2055/4174 854/2054/4175 851/2048/4176
s 1
f 857/2060/3612 851/2048/3613 854/2054/4157
f 855/2055/4177 851/2048/3619 897/2144/3618
s 0
f 886/2120/4178 858/2061/4179 855/2055/4180
s 1
f 886/2120/4170 855/2055/4177 897/2144/3618
s 0
f 886/2120/4181 928/2221/4182 932/2230/4183
f 879/2105/4184 860/2066/4185 854/2054/4186
f 879/2105/4187 854/2054/4188 858/2061/4189
s 1
f 890/2126/4190 932/2230/4191 860/2066/4161
s 0
f 890/2126/4192 886/2120/4193 932/2230/4194
s 1
f 886/2120/4195 890/2126/4190 879/2105/4196
f 886/2120/4195 879/2105/4196 858/2061/4197
f 860/2066/4161 879/2105/4196 890/2126/4190
f 974/2331/4198 970/2321/4199 975/2332/4200
f 975/2332/4200 932/2231/4201 948/2273/4202
f 975/2332/4200 927/2220/4203 974/2331/4198
s 0
f 830/1989/4204 816/1956/4205 808/1945/4206
s 1
f 970/2321/3494 860/2067/4161 932/2231/4191
s 0
f 970/2321/4207 932/2231/4208 975/2332/4209
s 1
f 658/1605/4103 664/1620/4210 660/1610/4105
f 660/1610/4105 664/1620/4210 665/1622/4211
f 664/1620/4210 683/1668/4212 665/1622/4211
f 665/1622/4211 636/1557/4213 660/1610/4105
s 0
f 672/1638/4214 660/1610/4215 636/1557/4216
s 1
f 664/1620/4210 658/1605/4103 666/1625/4104
f 690/1686/4217 628/1540/4218 636/1557/4213
f 690/1686/4217 636/1557/4213 665/1622/4211
f 618/1516/4219 606/1482/4220 633/1551/4082
s 0
f 633/1551/4221 606/1482/4222 626/1534/4223
s 1
f 626/1534/4076 606/1482/4224 562/1360/4040
f 606/1482/4224 595/1448/4225 562/1360/4040
s 0
f 606/1482/4226 618/1516/4227 707/1727/4228
f 595/1448/4229 606/1482/4230 707/1727/4231
s 1
f 662/1617/4232 645/1579/4233 618/1516/4219
f 618/1516/4219 645/1579/4233 707/1727/4234
s 0
f 707/1727/4235 645/1579/4236 680/1660/4237
s 1
f 662/1617/4232 666/1626/4104 645/1579/4233
s 0
f 678/1656/4238 662/1617/4239 677/1652/4240
s 1
f 618/1516/4219 633/1551/4082 662/1617/4232
f 678/1654/4241 666/1627/4104 662/1616/4232
f 666/1627/4104 678/1654/4241 707/1728/4242
f 666/1627/4104 707/1728/4242 705/1721/4243
f 666/1627/4104 705/1721/4243 664/1621/4210
f 683/1669/4212 664/1621/4210 705/1721/4243
f 666/1628/4104 655/1600/4092 680/1661/4093
f 680/1661/4093 645/1580/4233 666/1628/4104
s 0
f 683/1670/4244 705/1722/4245 680/1661/4246
s 1
f 681/1663/4247 673/1643/4248 627/1538/3819
f 690/1687/4217 627/1538/3819 673/1643/4248
f 627/1538/3819 690/1687/4217 683/1670/4212
f 683/1670/4212 690/1687/4217 665/1623/4211
f 707/1730/4242 680/1662/4249 705/1723/4243
s 0
f 697/1703/4250 701/1711/4251 707/1730/4252
f 707/1730/4253 701/1711/4254 639/1564/4255
f 672/1639/4256 697/1701/4257 678/1655/4258
s 1
f 707/1729/4242 678/1655/4241 697/1701/4259
f 662/1617/4232 633/1551/4082 661/1614/4032
f 661/1614/4032 633/1551/4082 677/1652/4260
f 661/1614/4032 677/1652/4260 651/1591/4081
f 661/1614/4032 660/1611/4031 662/1617/4232
f 660/1611/4031 651/1591/4081 677/1652/4260
f 677/1652/4260 662/1617/4232 660/1611/4031
f 677/1652/4260 672/1640/4261 678/1656/4262
s 0
f 697/1702/4263 672/1641/4264 706/1724/4265
f 672/1641/4266 636/1558/4267 653/1594/4268
f 672/1641/4269 653/1594/4270 706/1724/4271
s 1
f 641/1569/4041 701/1710/4272 687/1681/4042
f 706/1724/4273 687/1681/4042 701/1710/4272
f 612/1500/4016 687/1682/4042 706/1725/4273
f 653/1595/4274 612/1500/4016 706/1725/4273
f 604/1479/3820 612/1500/4016 628/1541/4218
f 612/1500/4016 653/1595/4274 636/1559/4213
f 636/1559/4213 628/1541/4218 612/1500/4016
f 628/1541/4218 690/1688/4217 673/1644/4248
f 628/1541/4218 673/1644/4248 681/1664/4247
f 681/1665/4247 627/1539/3819 604/1479/3820
f 681/1665/4247 604/1479/3820 628/1541/4218
f 677/1653/4260 633/1552/4082 672/1642/4261
f 633/1552/4082 651/1592/4081 672/1642/4261
f 660/1612/4031 672/1642/4261 651/1592/4081
f 651/1592/4081 619/1519/4030 661/1615/4032
s 0
f 707/1730/4275 639/1564/4276 595/1449/4277
s 1
f 820/1962/4278 723/1769/4279 737/1798/4280
f 743/1816/4281 741/1809/4282 754/1834/4283
f 754/1834/4283 768/1863/4284 777/1887/4285
f 775/1883/4286 774/1880/4287 777/1887/4285
f 774/1880/4287 754/1834/4283 777/1887/4285
f 789/1907/4288 774/1880/4287 775/1883/4286
f 743/1814/4281 723/1770/4289 741/1810/4282
f 715/1745/4290 723/1770/4289 743/1814/4281
f 741/1810/4282 723/1770/4289 769/1866/4291
s 0
f 723/1770/4292 820/1963/4293 769/1866/4294
s 1
f 820/1963/4295 773/1875/4296 769/1866/4297
f 773/1875/4296 820/1963/4295 823/1967/4298
f 823/1967/4298 788/1906/4299 773/1875/4296
f 821/1964/4300 788/1906/4299 823/1967/4298
f 821/1964/4300 823/1967/4298 839/2012/4301
s 0
f 839/2012/4302 823/1967/4303 835/2001/4304
s 1
f 833/1996/4305 836/2003/4306 774/1878/4287
f 833/1996/4305 774/1878/4287 789/1908/4288
f 789/1908/4288 775/1882/4286 788/1906/4299
f 775/1882/4286 773/1875/4296 788/1906/4299
s 0
f 833/1996/4307 818/1958/4308 826/1977/4309
f 821/1964/4310 818/1958/4311 833/1996/4312
f 839/2012/4313 818/1958/4314 821/1964/4315
s 1
f 789/1908/4288 821/1964/4300 833/1996/4305
f 788/1906/4299 821/1964/4300 789/1908/4288
f 766/1858/4316 779/1889/4317 743/1815/4281
s 0
f 761/1847/4318 715/1746/4319 743/1815/4320
s 1
f 766/1858/4316 777/1885/4285 779/1889/4317
f 779/1889/4317 777/1885/4285 768/1864/4284
f 779/1889/4317 768/1864/4284 770/1868/4321
f 743/1815/4281 779/1889/4317 774/1879/4287
f 774/1879/4287 761/1847/4322 743/1815/4281
s 0
f 774/1879/4323 826/1975/4324 761/1847/4325
s 1
f 777/1886/4285 766/1860/4316 769/1866/4291
f 768/1865/4284 754/1833/4283 741/1810/4282
f 766/1860/4316 768/1865/4284 741/1810/4282
f 770/1869/4321 768/1865/4284 766/1860/4316
f 766/1859/4316 743/1816/4281 770/1870/4321
f 743/1816/4281 754/1834/4283 770/1870/4321
f 770/1870/4321 754/1834/4283 774/1880/4287
f 770/1870/4321 774/1880/4287 779/1890/4317
f 741/1810/4282 769/1866/4291 766/1860/4316
s 0
f 769/1867/4326 773/1876/4327 777/1887/4328
f 777/1887/4329 773/1877/4330 775/1883/4331
f 701/1711/4332 697/1703/4333 706/1726/4334
s 1
f 762/1850/4335 761/1848/4336 818/1959/4337
f 818/1959/4338 845/2031/4339 837/2008/4340
s 0
f 723/1771/4341 715/1747/4342 718/1755/4343
f 761/1848/4344 762/1850/4344 715/1747/4345
s 1
f 762/1850/4346 806/1937/4347 796/1918/4348
f 791/1910/4349 796/1918/4348 806/1937/4347
s 0
f 762/1850/4350 796/1918/4351 780/1891/4351
f 715/1747/4352 762/1850/4353 780/1891/4354
f 780/1891/4355 763/1851/4356 739/1804/4357
f 780/1891/4358 739/1804/4359 715/1747/4358
f 715/1747/4360 739/1804/4361 713/1739/4362
s 1
f 827/1979/4363 820/1962/4278 737/1799/4280
f 842/2022/4364 837/2009/4340 845/2029/4339
s 0
f 815/1955/4365 837/2009/4366 842/2022/4367
f 815/1955/4368 842/2022/4369 835/2000/4370
f 756/1836/4371 815/1955/4372 835/2000/4373
s 1
f 756/1836/4374 835/2000/4375 737/1801/4280
f 718/1756/4376 756/1836/4374 737/1801/4280
s 0
f 756/1836/4377 718/1756/4378 778/1888/4379
s 1
f 955/2287/4380 935/2236/4381 959/2297/4382
f 907/2171/4383 924/2212/4384 935/2236/4381
f 907/2171/4383 935/2236/4381 955/2287/4380
s 0
f 939/2249/4385 907/2171/4386 955/2287/4387
s 1
f 907/2171/4383 836/2004/4306 918/2192/4388
f 907/2171/4383 918/2192/4388 924/2212/4384
f 866/2081/4389 915/2188/4390 916/2189/4391
f 866/2081/4389 916/2189/4391 892/2129/4392
s 0
f 861/2068/4393 866/2081/4394 892/2129/4393
s 1
f 892/2129/4392 916/2189/4391 942/2259/4395
f 892/2129/4392 862/2071/4396 861/2068/4397
f 862/2071/4396 892/2129/4392 918/2193/4388
s 0
f 924/2213/4398 918/2194/4399 942/2260/4400
s 1
f 944/2265/4401 935/2237/4381 916/2190/4391
f 916/2190/4391 935/2237/4381 942/2260/4395
f 942/2260/4395 935/2237/4381 924/2213/4384
f 942/2260/4395 918/2194/4388 892/2130/4392
f 907/2172/4402 939/2250/4403 937/2242/4404
f 939/2250/4403 959/2298/4382 937/2242/4404
f 959/2298/4382 935/2238/4381 937/2242/4404
f 907/2173/4402 937/2243/4404 965/2308/4405
s 0
f 836/2005/4406 907/2173/4407 980/2346/4408
s 1
f 916/2189/4391 915/2188/4390 893/2131/4409
s 0
f 915/2188/4410 866/2081/4411 893/2131/4412
s 1
f 865/2077/4413 893/2131/4414 866/2081/4415
s 0
f 861/2068/4416 865/2077/4417 866/2081/4418
s 1
f 933/2232/4419 940/2253/4420 952/2280/4421
f 952/2281/4421 940/2254/4420 933/2233/4419
s 0
f 927/2219/4422 932/2231/4423 928/2222/4424
s 1
f 927/2219/4203 948/2273/4202 932/2231/4201
f 937/2243/4404 944/2264/4401 965/2308/4405
f 937/2243/4404 935/2239/4381 944/2264/4401
f 944/2264/4401 955/2288/4380 959/2299/4382
f 965/2308/4405 944/2264/4401 959/2299/4382
f 965/2308/4405 959/2299/4382 939/2251/4403
s 0
f 907/2173/4425 965/2308/4426 980/2346/4427
s 1
f 955/2289/4380 944/2265/4401 939/2252/4403
f 980/2347/4428 965/2309/4405 893/2132/4409
f 893/2132/4409 965/2309/4405 939/2252/4403
f 916/2190/4391 893/2132/4409 939/2252/4403
f 916/2190/4391 939/2252/4403 944/2265/4401
s 0
f 827/1980/4429 823/1967/4430 820/1963/4431
s 1
f 827/1980/4363 835/2001/4375 823/1967/4432
f 948/2273/4202 927/2220/4203 975/2332/4200
f 774/1881/4287 836/2006/4306 826/1976/4433
s 0
f 836/2006/4434 875/2096/4435 826/1976/4436
f 875/2096/4437 836/2006/4438 980/2348/4439
s 1
f 826/1976/4440 875/2096/4441 850/2042/4442
f 761/1849/4336 826/1977/4443 818/1958/4337
f 918/2195/4388 836/2007/4306 833/1997/4305
f 862/2070/4396 918/2195/4388 833/1997/4305
f 833/1997/4305 826/1978/4440 850/2043/4442
s 0
f 869/2085/4444 845/2030/4445 850/2045/4446
f 869/2085/4447 864/2074/4448 845/2030/4449
s 1
f 869/2085/4450 887/2121/4451 864/2075/4452
f 980/2349/4453 979/2340/4454 875/2097/4441
f 839/2013/4455 845/2031/4339 818/1959/4338
s 0
f 818/1959/4456 837/2008/4457 762/1850/4458
f 762/1850/4459 837/2008/4460 819/1960/4461
f 819/1960/4462 806/1937/4463 762/1850/4464
s 1
f 862/2071/4396 833/1998/4305 850/2044/4442
s 0
f 862/2071/4465 850/2044/4466 845/2032/4467
f 839/2014/4468 862/2071/4469 845/2032/4470
f 839/2014/4471 842/2023/4472 862/2071/4473
f 862/2071/4474 842/2023/4475 861/2068/4476
f 861/2068/4477 859/2062/4478 865/2078/4479
s 1
f 861/2069/4480 842/2024/4481 859/2063/4482
f 839/2015/4483 835/2002/4484 842/2024/4485
f 737/1800/4280 835/2002/4375 827/1981/4363
s 0
f 868/2084/4486 859/2064/4487 864/2076/4488
s 1
f 864/2076/4489 859/2064/4482 842/2025/4481
s 0
f 845/2033/4490 864/2076/4491 842/2025/4492
s 1
f 885/2119/4493 865/2079/4413 859/2064/4494
f 865/2079/4413 885/2119/4493 958/2294/4495
f 958/2296/4496 868/2084/4497 867/2083/4498
f 895/2136/4499 958/2296/4496 867/2083/4498
f 893/2133/4414 865/2080/4413 958/2295/4495
s 0
f 958/2295/4500 895/2137/4501 893/2133/4502
s 1
f 120/294/4503 148/350/4504 132/313/4505
f 148/350/4504 103/262/4506 132/313/4505
f 107/271/2676 132/313/4505 90/231/4507
s 0
f 94/241/4508 132/313/4509 98/251/4510
s 1
f 46/119/2689 98/251/2726 66/173/2687
f 98/251/2726 132/313/4505 66/173/2687
f 103/262/4506 66/173/2687 132/313/4505
f 103/262/4506 148/350/4504 186/441/4511
f 152/357/4512 148/350/4504 120/294/4503
f 148/350/4504 152/357/4512 186/441/4511
s 0
f 152/357/4513 180/429/4514 186/441/4515
s 1
f 196/465/3875 186/441/4516 180/429/3873
f 103/262/4506 186/441/4511 155/363/4517
f 106/269/2673 138/326/2666 107/271/2676
f 132/313/4505 107/271/2676 138/326/2666
f 132/313/4505 138/326/2666 120/294/4503
f 70/188/1531 28/77/1529 59/149/4518
f 51/130/4519 5/13/4520 59/150/4518
f 5/13/4520 51/130/4519 39/101/4521
f 39/101/4521 60/157/4522 59/151/4518
f 59/151/4518 60/157/4522 51/130/4519
f 28/78/1529 5/14/4520 39/101/4521
f 28/79/1529 39/102/4521 59/152/4518
f 196/465/4523 212/509/4524 161/379/4525
s 0
f 161/379/4526 186/441/4527 196/465/4528
f 155/363/4529 186/441/4530 161/379/4531
f 161/379/4532 59/153/4533 155/363/4534
f 70/189/4535 59/153/4536 161/379/4537
s 1
f 235/570/4538 245/586/2668 175/415/2665
f 175/415/2665 178/421/2669 235/570/4538
f 235/570/4538 178/421/2669 271/644/4539
f 271/644/4539 262/625/4540 235/570/4538
s 0
f 245/586/4541 235/570/4542 240/579/4543
s 1
f 245/586/2668 240/579/3904 265/633/3903
f 242/582/4544 235/570/4538 262/625/4540
s 0
f 242/582/4545 262/625/4546 275/655/4547
s 1
f 317/757/4548 275/655/4549 262/625/4540
f 317/757/4548 262/625/4540 315/754/4550
f 315/754/4550 262/625/4540 271/644/4539
f 180/429/4551 152/357/4512 175/416/2665
f 152/357/4512 120/294/4503 178/422/2669
f 178/422/2669 120/294/4503 138/326/2666
f 175/416/2665 152/357/4512 178/422/2669
f 245/587/2668 265/634/3903 271/645/4539
f 178/423/2669 245/587/2668 271/645/4539
s 0
f 375/888/4552 271/645/4553 265/634/4554
f 252/604/4555 242/582/4556 248/593/4557
f 161/380/4558 242/582/4559 252/604/4560
f 212/510/4561 242/582/4562 161/380/4563
s 1
f 242/582/4564 212/510/4524 196/466/4523
f 240/579/4565 235/570/4538 242/582/4544
f 317/757/4548 289/690/4566 275/655/4549
s 0
f 317/757/4567 315/754/4568 320/763/4569
f 315/754/4570 353/832/4571 320/763/4572
s 1
f 289/690/4566 317/757/4548 320/763/4573
s 0
f 240/579/4574 242/582/4575 196/466/4576
s 1
f 353/832/4577 371/872/4578 364/859/4579
f 353/832/4577 315/754/4550 356/838/4580
f 353/832/4577 356/838/4580 371/872/4578
f 271/644/4539 356/838/4580 342/810/4581
f 271/644/4539 342/810/4581 315/754/4550
f 356/838/4580 315/754/4550 342/810/4581
f 242/582/4582 275/655/4549 289/690/4566
f 161/381/4583 252/605/4584 280/665/4585
f 280/665/4585 252/605/4584 297/710/4586
f 280/665/4585 274/652/4587 161/381/4583
f 248/592/4588 370/870/3923 304/726/3962
s 0
f 252/606/4589 248/592/4589 304/726/4589
f 375/889/4590 370/870/4591 364/858/4592
s 1
f 274/653/4587 280/666/4585 304/727/4593
f 252/607/4584 274/654/4594 297/711/4586
f 274/654/4594 252/607/4584 304/728/4595
f 280/667/4585 297/711/4586 304/729/4593
f 103/263/4506 155/364/4517 59/154/2695
f 66/174/2687 105/267/2727 95/243/2690
f 95/243/2690 105/267/2727 46/120/2689
f 66/174/2687 103/263/4506 105/267/2727
f 46/120/2689 105/267/2727 98/252/2726
f 75/203/2694 105/267/2727 103/263/4506
f 45/117/2688 105/267/2727 75/203/2694
f 59/154/2695 75/203/2694 103/263/4506
s 0
f 2/3/4596 35/93/4597 46/121/4598
s 1
f 89/228/2674 90/230/4507 35/93/2675
s 0
f 94/241/4599 90/231/4600 132/313/4601
s 1
f 10/28/2737 16/46/2739 25/70/4602
f 50/129/4603 25/70/4602 61/159/4604
f 154/360/4605 61/159/4604 25/70/4602
f 61/159/4604 154/360/4605 123/297/4606
f 147/348/4607 123/297/4606 154/360/4605
s 0
f 72/191/4608 10/28/4609 53/135/4610
f 72/192/4611 53/135/4612 81/213/4613
f 72/192/4614 81/213/4615 125/300/4616
s 1
f 128/305/4617 72/192/4618 125/300/4619
s 0
f 125/300/4620 147/348/4621 128/305/4622
f 125/300/4623 81/213/4624 61/159/4625
s 1
f 125/300/4626 61/159/4604 123/297/4606
f 50/129/4603 61/159/4604 53/135/4627
s 0
f 50/129/4628 53/135/4629 25/70/4630
s 1
f 25/70/4602 53/135/4631 10/28/2737
f 81/213/4632 53/135/4627 61/159/4604
f 90/232/4507 89/229/2674 107/272/2676
f 39/103/4521 51/131/4519 23/65/2682
f 60/158/4522 23/66/2682 51/132/4519
f 23/66/2682 60/158/4522 45/118/4633
f 23/66/2682 45/118/4633 5/15/2680
s 0
f 45/118/4634 59/155/4635 5/15/4636
s 1
f 16/47/2739 154/361/4605 25/71/4602
s 0
f 277/657/4637 344/815/4638 350/826/4639
s 1
f 308/737/4640 350/826/4641 344/815/4642
f 344/815/4642 324/773/4643 281/668/4644
f 281/668/4644 324/773/4643 293/699/4645
f 344/815/4642 366/861/4646 324/773/4643
f 324/773/4643 366/861/4646 372/874/4647
f 372/874/4647 366/861/4646 316/755/4648
f 338/805/4649 366/861/4646 344/815/4642
f 248/593/4588 289/690/4566 320/763/4573
f 289/690/4566 248/593/4588 242/582/4582
f 293/700/4645 308/738/4640 249/594/4650
f 293/700/4645 324/774/4643 308/738/4640
f 344/814/4642 281/669/4644 308/738/4640
f 286/685/4651 293/701/4645 249/598/4650
f 293/701/4645 286/685/4651 298/713/4652
f 293/701/4645 298/713/4652 291/695/4653
f 291/695/4653 281/670/4644 293/701/4645
f 202/482/4654 214/514/4655 249/598/4650
f 281/671/4644 249/595/4650 308/739/4640
f 251/602/4656 249/595/4650 281/671/4644
f 281/671/4644 291/696/4653 278/661/4657
f 251/602/4656 281/671/4644 278/661/4657
s 0
f 249/596/4658 251/602/4659 202/483/4660
f 371/873/4661 375/889/4662 364/858/4663
f 375/889/4664 371/873/4665 356/839/4666
f 271/645/4667 375/889/4668 356/839/4669
s 1
f 382/907/4670 425/1006/4671 398/951/4672
f 398/951/4672 425/1006/4671 449/1067/4673
f 449/1067/4673 425/1006/4671 482/1163/4674
f 398/951/3998 435/1034/4675 466/1114/4000
s 0
f 382/908/4676 508/1225/4677 538/1298/4678
f 538/1298/4679 488/1179/4680 382/909/4681
s 1
f 425/1007/4671 488/1179/4682 482/1164/4674
f 538/1298/4683 482/1164/4674 488/1179/4682
f 382/910/4670 465/1110/4684 425/1008/4671
f 479/1155/4685 425/1008/4671 465/1110/4684
f 488/1180/4682 465/1111/4684 382/911/4670
f 479/1156/4685 465/1111/4684 488/1180/4682
f 479/1156/4685 488/1180/4682 425/1009/4671
s 0
f 538/1298/4686 508/1225/4687 561/1356/4688
s 1
f 561/1356/4689 540/1303/4690 538/1298/4683
f 540/1303/4690 567/1369/4691 449/1068/4673
f 540/1303/4690 449/1068/4673 482/1164/4674
f 482/1164/4674 538/1298/4683 540/1303/4690
s 0
f 561/1358/4692 558/1347/4693 595/1450/4694
f 561/1358/4695 595/1450/4696 592/1438/4697
s 1
f 561/1357/4689 567/1370/4691 540/1304/4690
f 560/1350/4698 567/1370/4691 466/1115/4000
s 0
f 466/1115/4699 567/1370/4700 565/1366/4701
f 565/1367/4702 598/1462/4703 589/1432/4704
f 567/1371/4705 598/1462/4706 565/1367/4707
f 567/1371/4708 561/1358/4709 592/1438/4710
f 567/1372/4711 556/1340/4712 566/1368/4713
f 567/1372/4714 592/1439/4715 556/1340/4716
s 1
f 592/1439/4717 600/1469/4718 556/1340/4719
f 574/1388/4720 516/1247/4721 600/1469/4718
f 556/1340/4719 600/1469/4718 516/1247/4721
f 556/1340/4719 516/1247/4721 521/1259/4722
f 556/1340/4719 560/1351/4698 566/1368/4723
f 521/1259/4722 560/1351/4698 556/1340/4719
f 560/1351/4698 521/1259/4722 512/1233/4724
f 560/1351/4698 598/1463/4725 566/1368/4723
s 0
f 567/1372/4726 566/1368/4727 598/1463/4728
s 1
f 521/1259/4722 487/1176/4729 493/1191/4730
f 487/1176/4729 485/1169/4731 493/1191/4730
f 493/1191/4730 512/1233/4724 521/1259/4722
f 542/1307/4732 516/1248/4721 574/1389/4720
f 535/1294/4733 542/1307/4732 574/1389/4720
f 542/1307/4732 535/1294/4733 516/1248/4721
f 560/1352/4698 466/1116/4000 435/1034/4675
f 248/593/4588 364/859/4579 370/871/3923
f 320/763/4573 364/859/4579 248/593/4588
f 350/827/4641 308/740/4640 335/795/4734
f 357/840/4735 308/740/4640 377/892/4736
f 357/840/4735 335/795/4734 308/740/4640
s 0
f 350/827/4737 335/795/4738 277/658/4739
f 290/691/4740 277/658/4741 335/795/4742
f 290/692/4743 335/795/4744 367/863/4745
f 377/892/4746 372/875/4747 367/863/4748
s 1
f 324/775/4643 377/892/4736 308/740/4640
f 372/875/4647 377/892/4736 324/775/4643
f 367/863/4749 335/795/4734 357/840/4735
f 367/863/4749 357/840/4735 377/892/4736
f 385/920/4750 409/974/4751 421/994/4752
f 428/1017/4753 421/994/4752 440/1051/4754
f 421/994/4752 409/974/4751 440/1051/4754
f 421/994/4752 428/1017/4753 471/1129/4755
f 421/994/4752 471/1129/4755 385/920/4750
f 471/1129/4755 486/1173/4756 481/1160/4757
f 471/1129/4755 481/1160/4757 437/1044/4758
f 471/1129/4755 437/1044/4758 385/920/4750
f 391/933/4759 385/920/4750 394/941/4760
s 0
f 514/1242/4761 385/919/4762 437/1045/4763
s 1
f 437/1045/4758 481/1162/4757 514/1242/4764
s 0
f 514/1242/4765 496/1199/4766 505/1216/4767
s 1
f 525/1266/4768 505/1216/4769 530/1281/4770
f 578/1398/4771 525/1266/4768 530/1281/4770
f 584/1415/4772 578/1398/4771 537/1297/4773
f 578/1398/4771 530/1281/4770 537/1297/4773
f 537/1297/4773 496/1199/4774 499/1205/4775
f 530/1281/4770 505/1216/4769 496/1199/4774
f 496/1199/4774 537/1297/4773 530/1281/4770
f 364/859/4579 320/763/4573 353/832/4577
s 0
f 391/933/4776 394/941/4777 396/946/4778
s 1
f 385/920/4750 391/933/4759 409/974/4751
f 409/974/4751 391/933/4759 436/1037/4779
f 440/1051/4754 409/974/4751 439/1048/4780
s 0
f 435/1035/4781 398/952/4782 449/1069/4783
f 435/1035/4784 449/1069/4785 512/1235/4786
s 1
f 409/975/4751 427/1012/4787 446/1063/4788
f 446/1063/4788 427/1012/4787 428/1015/4753
f 428/1015/4753 440/1052/4754 446/1063/4788
f 446/1063/4788 439/1049/4780 409/975/4751
f 427/1012/4787 409/975/4751 436/1038/4779
f 391/934/4759 396/947/4789 440/1053/4754
f 436/1039/4779 440/1053/4754 396/947/4789
f 440/1053/4754 436/1039/4779 446/1064/4788
f 391/934/4759 440/1053/4754 439/1050/4780
f 391/934/4759 439/1050/4780 436/1040/4779
f 436/1040/4779 439/1050/4780 446/1064/4788
f 481/1162/4757 499/1205/4775 496/1199/4774
f 499/1205/4775 535/1294/4733 584/1415/4772
f 535/1294/4733 499/1205/4775 491/1185/4790
f 535/1294/4733 491/1185/4790 516/1248/4721
f 535/1294/4733 574/1389/4720 584/1415/4772
f 537/1297/4773 499/1205/4775 584/1415/4772
f 481/1162/4757 487/1177/4729 491/1185/4790
f 487/1177/4729 521/1260/4722 516/1248/4721
f 516/1248/4721 491/1185/4790 487/1177/4729
f 491/1185/4790 499/1205/4775 481/1162/4757
f 481/1161/4757 485/1170/4731 487/1178/4729
f 525/1267/4768 485/1170/4731 505/1218/4769
f 486/1174/4756 485/1170/4731 481/1161/4757
f 505/1218/4769 485/1170/4731 486/1174/4756
f 496/1199/4774 514/1242/4764 481/1162/4757
f 428/1016/4753 486/1174/4756 471/1130/4755
f 505/1218/4769 486/1174/4756 513/1240/4791
f 428/1017/4753 513/1237/4791 486/1175/4756
f 428/1017/4753 427/1013/4787 513/1237/4791
f 485/1171/4731 541/1305/4792 493/1192/4730
f 541/1305/4792 571/1378/4793 493/1192/4730
f 493/1192/4730 571/1378/4793 513/1238/4794
f 513/1238/4794 539/1299/4795 512/1234/4724
f 513/1238/4794 512/1234/4724 493/1192/4730
f 567/1373/4691 560/1353/4698 449/1069/4673
f 512/1235/4724 449/1069/4673 560/1353/4698
s 0
f 427/1014/4796 436/1041/4797 513/1239/4798
f 539/1300/4799 513/1239/4800 436/1041/4801
s 1
f 436/1041/4802 571/1379/4803 539/1300/4804
s 0
f 539/1300/4805 571/1379/4806 597/1456/4807
s 1
f 435/1036/4675 539/1300/4795 611/1495/4808
f 539/1300/4795 435/1036/4675 512/1236/4724
f 611/1495/4808 560/1354/4698 435/1036/4675
f 598/1464/4725 560/1354/4698 611/1495/4808
s 0
f 213/511/4809 128/306/4810 147/347/4811
s 1
f 213/511/4812 147/347/4813 202/484/4814
f 72/193/4618 128/307/4617 168/394/4815
f 147/348/4607 125/300/4626 123/297/4606
f 16/48/2739 12/35/2738 156/365/4816
f 12/35/2738 96/244/4817 156/365/4816
f 16/48/2739 156/365/4816 154/362/4605
s 0
f 202/486/4818 154/362/4819 156/365/4820
f 202/486/4821 147/349/4822 154/362/4823
f 233/567/4824 225/545/4825 213/512/4826
f 213/512/4827 239/577/4828 233/567/4829
s 1
f 225/545/4830 233/567/4831 290/693/4832
f 236/571/4833 198/469/4834 225/545/4835
s 0
f 198/469/4836 236/571/4837 181/430/4838
s 1
f 198/469/4834 213/512/4839 225/545/4835
f 290/693/4832 233/567/4831 277/659/4840
f 239/577/4841 277/659/4840 233/567/4831
f 277/659/4840 239/577/4841 251/603/4656
f 202/485/4814 251/603/4656 239/577/4841
f 202/485/4814 239/577/4841 213/512/4812
f 311/745/4842 379/896/4843 361/848/4844
s 0
f 372/876/4845 361/848/4846 379/896/4847
f 367/864/4848 372/876/4849 379/896/4850
s 1
f 277/659/4840 251/603/4656 278/662/4657
f 277/659/4840 278/662/4657 338/803/4649
f 214/515/4655 273/648/4851 249/597/4650
f 273/648/4851 279/664/4852 298/712/4652
f 279/664/4852 296/708/4853 298/712/4652
f 296/708/4853 278/663/4657 291/697/4653
s 0
f 338/804/4854 278/663/4855 316/756/4856
s 1
f 366/862/4646 338/804/4649 316/756/4648
s 0
f 207/497/4857 202/486/4858 156/365/4859
s 1
f 214/515/4655 207/497/4860 156/365/4816
f 296/708/4853 291/697/4653 298/712/4652
f 286/685/4651 249/598/4650 273/647/4851
f 298/713/4652 286/685/4651 273/647/4851
s 0
f 273/648/4861 318/758/4862 299/714/4863
s 1
f 273/648/4851 299/714/4864 279/664/4852
f 279/664/4852 299/714/4864 296/708/4853
s 0
f 296/708/4865 299/714/4866 316/756/4867
s 1
f 306/734/4868 318/758/4869 214/515/4655
f 318/758/4869 273/648/4851 214/515/4655
s 0
f 207/497/4870 214/515/4871 202/486/4872
s 1
f 278/663/4657 296/708/4853 316/756/4873
f 351/828/4874 316/756/4648 299/714/4875
f 299/714/4875 318/758/4869 332/787/4876
f 332/787/4876 351/828/4874 299/714/4875
s 0
f 10/29/4877 72/194/4878 135/317/4879
f 10/29/4880 135/317/4881 41/107/4882
f 135/317/4883 72/194/4884 236/572/4885
s 1
f 236/572/4886 72/194/4618 168/395/4815
f 128/308/4617 213/513/4839 168/395/4815
f 168/395/4815 213/513/4839 198/470/4834
s 0
f 168/395/4887 198/470/4888 181/431/4889
s 1
f 236/572/4886 168/395/4815 181/431/4890
s 0
f 379/896/4891 236/573/4892 225/546/4893
f 379/896/4894 225/546/4895 290/694/4896
f 379/896/4897 290/694/4898 367/864/4899
f 379/896/4900 311/745/4901 321/764/4902
f 236/573/4903 379/896/4904 330/784/4905
f 260/622/4906 236/574/4907 330/785/4908
s 1
f 236/574/4909 260/622/4910 135/318/4911
f 135/318/4911 260/622/4910 112/283/4912
f 266/635/4913 260/622/4910 330/785/4914
f 266/635/4913 112/283/4912 260/622/4910
f 266/635/4913 330/785/4914 321/767/4915
f 112/283/4912 266/635/4913 321/765/4915
s 0
f 112/283/4916 321/765/4917 221/533/4918
s 1
f 318/759/4869 307/736/4919 332/788/4876
f 306/735/4868 361/849/4920 332/788/4876
f 307/736/4919 306/735/4868 332/788/4876
s 0
f 361/849/4921 306/735/4922 311/746/4923
s 1
f 318/759/4869 306/735/4868 307/736/4919
f 344/815/4642 277/660/4840 338/805/4649
s 0
f 397/949/4924 387/924/4925 392/935/4926
s 1
f 397/949/4927 392/936/4928 472/1131/4929
f 397/949/4927 472/1131/4929 436/1043/4779
s 0
f 387/924/4930 394/942/4931 385/921/4932
f 424/1001/4933 387/924/4934 547/1315/4935
s 1
f 385/921/4936 514/1243/4937 387/924/4938
s 0
f 387/924/4939 514/1243/4940 547/1315/4941
s 1
f 396/948/4789 394/943/4942 414/985/4943
s 0
f 397/949/4944 414/985/4945 394/943/4946
s 1
f 436/1043/4779 414/985/4943 397/949/4927
s 0
f 394/943/4947 387/924/4948 397/949/4949
s 1
f 396/948/4789 414/985/4943 436/1043/4779
f 351/828/4874 372/877/4647 316/756/4648
f 372/878/4647 351/829/4874 332/788/4876
f 372/878/4647 332/788/4876 361/849/4920
f 547/1316/4950 514/1244/4951 509/1227/4952
f 509/1227/4952 514/1244/4951 505/1217/4953
s 0
f 505/1218/4954 513/1240/4955 509/1226/4956
s 1
f 525/1268/4768 578/1399/4771 579/1402/4957
f 525/1269/4768 579/1402/4957 607/1483/4958
f 580/1404/4959 597/1457/4960 594/1444/4961
f 580/1404/4959 594/1444/4961 586/1418/4962
f 513/1241/4794 571/1381/4793 509/1227/4952
f 547/1316/4950 509/1227/4952 571/1381/4793
f 547/1316/4950 571/1381/4793 586/1419/4962
f 586/1419/4962 571/1381/4793 580/1406/4959
f 588/1426/4963 580/1405/4964 555/1337/4965
s 0
f 580/1405/4966 588/1426/4967 597/1458/4968
s 1
f 603/1475/4969 597/1458/4960 571/1380/4793
f 603/1475/4969 571/1380/4793 541/1306/4792
f 525/1270/4768 541/1306/4792 485/1172/4731
f 541/1306/4792 525/1270/4768 607/1484/4958
f 541/1306/4792 607/1484/4958 603/1475/4969
f 597/1458/4960 603/1475/4969 594/1445/4961
f 603/1475/4969 607/1484/4958 594/1445/4961
s 0
f 436/1042/4970 534/1288/4971 571/1381/4972
f 534/1288/4973 555/1338/4974 571/1381/4975
f 571/1381/4976 555/1338/4977 580/1406/4978
s 1
f 472/1131/4929 534/1289/4979 436/1043/4779
f 96/245/4817 311/746/4980 214/516/4655
f 311/746/4980 306/735/4868 214/516/4655
s 0
f 586/1420/4981 594/1446/4982 590/1434/4983
f 586/1420/4984 590/1434/4985 587/1422/4986
f 624/1529/4987 587/1422/4988 590/1434/4989
s 1
f 587/1422/4990 624/1529/4991 656/1601/4992
f 643/1573/4993 624/1529/4991 601/1471/4994
s 0
f 594/1446/4995 616/1510/4996 590/1434/4997
f 643/1574/4998 601/1472/4999 590/1434/5000
f 547/1317/5001 586/1421/5002 550/1325/5003
s 1
f 533/1285/5004 550/1325/5005 586/1421/5006
f 533/1285/5004 586/1421/5006 552/1328/5007
f 552/1328/5007 586/1421/5006 587/1423/4990
s 0
f 424/1002/5008 547/1318/5009 520/1257/5010
f 520/1257/5011 547/1318/5012 550/1326/5013
f 520/1257/5014 550/1326/5015 533/1286/5016
s 1
f 520/1257/5017 533/1286/5004 553/1331/5018
f 671/1637/5019 592/1440/5020 639/1565/5021
s 0
f 644/1577/5022 592/1440/5023 671/1637/5024
f 630/1543/5025 641/1570/5025 598/1465/5025
s 1
f 701/1712/4272 641/1570/4041 630/1543/5026
f 598/1465/4725 611/1496/4808 630/1543/5026
f 682/1667/5027 701/1712/4272 630/1543/5026
s 0
f 592/1440/5028 595/1451/5029 639/1565/5028
s 1
f 621/1521/5030 600/1470/4718 592/1441/4717
f 621/1521/5030 592/1441/4717 644/1578/5031
f 621/1521/5030 644/1578/5031 669/1633/5032
f 669/1633/5032 644/1578/5031 671/1635/5033
f 620/1520/5034 659/1606/5035 674/1645/5036
f 637/1560/5037 620/1520/5034 674/1645/5036
f 620/1520/5034 637/1560/5037 584/1416/4772
f 574/1390/4720 620/1520/5034 584/1416/4772
f 584/1416/4772 637/1560/5037 578/1400/4771
f 574/1390/4720 600/1470/4718 621/1521/5030
f 574/1390/4720 621/1521/5030 620/1520/5034
f 620/1520/5034 621/1521/5030 659/1606/5035
f 671/1635/5033 659/1606/5035 669/1633/5032
f 659/1606/5035 621/1521/5030 669/1633/5032
s 0
f 637/1561/5038 654/1596/5039 638/1563/5040
s 1
f 679/1657/5041 654/1596/5042 668/1631/5043
f 679/1657/5041 668/1631/5043 667/1630/5044
f 654/1596/5042 637/1561/5045 668/1631/5043
f 578/1401/4771 637/1561/5037 638/1563/5046
f 638/1563/5046 607/1486/4958 578/1401/4771
f 607/1486/4958 579/1403/4957 578/1401/4771
s 0
f 674/1646/5047 648/1586/5048 637/1562/5049
s 1
f 637/1562/5050 648/1586/5051 652/1593/5052
f 648/1586/5051 611/1497/4808 652/1593/5052
f 629/1542/5053 652/1593/5052 611/1497/4808
f 611/1497/4808 539/1301/4795 629/1542/5053
f 629/1542/5053 539/1301/4795 695/1697/5054
f 635/1556/5055 629/1542/5053 657/1603/5056
f 657/1603/5056 670/1634/5057 635/1556/5055
s 0
f 657/1603/5058 629/1542/5059 695/1697/5060
s 1
f 670/1634/5057 695/1697/5054 686/1676/5061
f 670/1634/5057 686/1676/5061 635/1556/5055
f 686/1676/5061 667/1629/5044 635/1556/5055
f 637/1562/5045 667/1629/5044 668/1632/5043
f 635/1556/5055 652/1593/5052 629/1542/5053
s 0
f 652/1593/5062 635/1556/5063 667/1629/5064
f 652/1593/5065 667/1629/5066 637/1562/5067
f 702/1713/5068 648/1585/5069 674/1647/5070
s 1
f 702/1713/5071 674/1647/5036 659/1607/5035
f 659/1607/5035 671/1636/5033 702/1713/5071
f 679/1657/5041 667/1630/5044 686/1677/5061
f 616/1512/5072 654/1596/5042 679/1657/5041
s 0
f 643/1575/5073 590/1433/5074 679/1657/5075
s 1
f 616/1512/5072 679/1657/5041 590/1433/5076
f 688/1683/5077 691/1689/5078 689/1684/5079
f 691/1689/5078 688/1683/5077 689/1685/5079
f 702/1714/5080 682/1666/5081 648/1586/5082
f 682/1666/5027 630/1544/5026 611/1497/4808
s 0
f 611/1497/5083 648/1586/5084 682/1666/5085
s 1
f 693/1692/5086 692/1690/5087 694/1694/5088
f 694/1695/5088 692/1691/5087 693/1693/5086
f 698/1704/5089 700/1708/5090 699/1706/5091
f 698/1705/5089 699/1707/5091 700/1709/5090
s 0
f 671/1637/5092 639/1565/5093 702/1715/5094
f 702/1715/5095 639/1565/5096 701/1712/5096
s 1
f 695/1696/5054 539/1302/4795 703/1717/5097
f 686/1678/5061 695/1696/5054 703/1717/5097
f 657/1603/5056 695/1697/5054 670/1634/5057
s 0
f 713/1739/5098 718/1755/5099 715/1747/5100
s 1
f 819/1961/5101 801/1932/5102 791/1911/4349
s 0
f 801/1932/5103 819/1961/5104 815/1955/5105
s 1
f 819/1961/5106 837/2009/5107 815/1955/5108
s 0
f 815/1955/5109 793/1914/5110 801/1932/5111
s 1
f 796/1919/4348 791/1911/4349 776/1884/5112
s 0
f 776/1884/5113 793/1914/5114 784/1899/5115
s 1
f 776/1884/5112 791/1911/4349 801/1932/5102
f 801/1932/5102 793/1914/5116 776/1884/5112
f 776/1884/5112 784/1899/5117 796/1919/4348
f 796/1919/4348 784/1899/5117 780/1892/5118
f 718/1756/4376 737/1801/4280 723/1772/4279
f 718/1756/5119 747/1821/5120 778/1888/5121
f 747/1821/5120 763/1852/5122 778/1888/5121
s 0
f 778/1888/5123 793/1914/5124 815/1955/5125
s 1
f 815/1955/5126 756/1836/5127 778/1888/5128
s 0
f 701/1712/5129 682/1667/5130 702/1715/5131
s 1
f 780/1892/5118 784/1899/5117 763/1852/5122
s 0
f 778/1888/5132 784/1899/5133 793/1914/5134
s 1
f 784/1899/5117 778/1888/5121 763/1852/5122
s 0
f 739/1805/5135 763/1852/5136 747/1821/5137
s 1
f 739/1805/5138 747/1821/5120 718/1756/5119
f 739/1805/5138 718/1756/5119 713/1740/5139
f 733/1794/5140 735/1796/5141 716/1748/5142
f 733/1794/5140 716/1748/5142 724/1773/5143
s 0
f 717/1750/5144 724/1773/5145 716/1748/5146
f 708/1731/5147 696/1698/5148 710/1736/5149
s 1
f 709/1735/5150 712/1738/5151 710/1736/5152
s 0
f 712/1738/5153 709/1735/5154 703/1716/5155
f 686/1679/5156 703/1716/5156 709/1735/5156
s 1
f 712/1738/5157 703/1716/5158 704/1719/5159
s 0
f 712/1738/5160 704/1719/5161 708/1731/5162
s 1
f 712/1738/5151 708/1731/5163 710/1736/5152
s 0
f 733/1794/5164 724/1773/5165 748/1822/5166
s 1
f 733/1794/5140 748/1822/5167 745/1818/5168
f 750/1825/5169 759/1845/5170 786/1902/5171
f 783/1897/5172 748/1822/5173 790/1909/5174
f 798/1922/5175 783/1897/5172 790/1909/5174
f 841/2018/5176 798/1922/5175 804/1935/5177
f 790/1909/5174 724/1773/5178 804/1935/5177
s 0
f 724/1773/5179 790/1909/5180 748/1822/5181
f 783/1897/5182 786/1902/5183 748/1822/5184
s 1
f 841/2018/5176 804/1935/5177 724/1773/5178
f 804/1935/5177 798/1922/5175 790/1909/5174
f 735/1796/5141 733/1794/5140 745/1818/5168
f 735/1796/5141 745/1818/5168 750/1825/5169
f 786/1902/5171 716/1748/5142 735/1796/5141
f 786/1902/5171 735/1796/5141 750/1825/5169
s 0
f 750/1825/5185 745/1818/5186 748/1822/5187
f 759/1845/5188 750/1825/5189 748/1822/5190
s 1
f 759/1845/5170 748/1822/5191 786/1902/5171
f 875/2098/4441 979/2341/4454 887/2121/4451
f 887/2121/4451 979/2342/4454 923/2210/5192
f 887/2121/4451 849/2041/5193 875/2098/4441
f 850/2045/4442 875/2098/4441 849/2041/5193
f 887/2121/4451 869/2085/4450 849/2041/5193
s 0
f 849/2041/5194 869/2085/5195 850/2045/5196
s 1
f 819/1961/5101 791/1911/4349 806/1938/4347
f 864/2076/4452 887/2123/4451 908/2175/5197
f 910/2181/5198 889/2125/5199 908/2175/5197
f 885/2119/4493 859/2064/4494 868/2084/5200
f 889/2125/5199 864/2076/4452 908/2175/5197
s 0
f 979/2343/5201 962/2303/5202 923/2211/5203
s 1
f 962/2303/5204 936/2240/5205 923/2211/5192
f 923/2211/5192 936/2240/5205 943/2261/5206
f 923/2211/5192 943/2261/5206 945/2266/5207
f 887/2122/4451 923/2211/5192 906/2167/5208
f 906/2167/5208 923/2211/5192 945/2266/5207
f 906/2167/5208 945/2266/5207 938/2244/5209
s 0
f 895/2138/5210 979/2345/5210 980/2350/5210
s 1
f 945/2268/5207 979/2345/5211 976/2333/5212
f 945/2268/5207 950/2276/5213 938/2245/5209
f 950/2276/5213 945/2268/5207 910/2178/5214
s 0
f 895/2139/5215 980/2351/5215 893/2134/5215
s 1
f 895/2139/5216 976/2335/5212 979/2344/5211
f 910/2179/5214 976/2335/5212 911/2182/5217
s 0
f 885/2119/5218 868/2084/5219 958/2296/5220
f 868/2084/5221 864/2076/5222 867/2083/5223
s 1
f 908/2175/5197 887/2123/4451 906/2168/5208
f 947/2271/5224 938/2246/5209 950/2277/5213
f 910/2180/5214 945/2267/5207 976/2334/5212
s 0
f 950/2277/5225 910/2180/5226 931/2228/5227
s 1
f 906/2169/5208 950/2277/5213 931/2228/5228
f 950/2277/5213 906/2169/5208 947/2271/5224
f 906/2169/5208 931/2228/5228 908/2174/5197
s 0
f 894/2135/5229 925/2215/5230 929/2223/5231
f 894/2135/5232 929/2223/5233 951/2278/5234
s 1
f 949/2274/5235 929/2223/5236 925/2215/5237
f 929/2223/5236 949/2274/5235 951/2278/5238
s 0
f 977/2336/5239 914/2186/5240 951/2278/5241
f 951/2278/5242 914/2186/5243 894/2135/5244
f 894/2135/5245 914/2186/5246 852/2049/5247
s 1
f 931/2229/5228 910/2181/5198 908/2175/5197
f 945/2268/5207 962/2304/5204 979/2345/5211
f 962/2304/5204 945/2268/5207 943/2262/5206
f 962/2304/5204 943/2262/5206 938/2247/5209
f 938/2247/5209 947/2272/5224 962/2304/5204
f 936/2241/5205 962/2304/5204 947/2272/5224
f 943/2263/5206 936/2241/5205 938/2248/5209
f 938/2248/5209 936/2241/5205 906/2170/5208
f 936/2241/5205 947/2272/5224 906/2170/5208
f 934/2234/5248 946/2269/5249 957/2292/5250
f 946/2270/5249 934/2235/5248 957/2293/5250
f 925/2214/5237 963/2305/5251 949/2275/5235
s 0
f 925/2214/5252 881/2110/5253 883/2114/5254
f 925/2214/5255 872/2091/5256 902/2156/5257
f 925/2214/5258 902/2156/5259 963/2305/5260
s 1
f 977/2337/5261 951/2279/5238 949/2275/5235
f 902/2156/5262 977/2337/5261 963/2305/5251
f 977/2337/5261 949/2275/5235 963/2305/5251
s 0
f 902/2156/5263 971/2322/5264 977/2337/5265
s 1
f 758/1838/5266 909/2176/5267 871/2088/5268
f 871/2088/5268 872/2091/5269 863/2073/5270
f 872/2091/5269 925/2214/5271 883/2114/5272
f 863/2073/5270 872/2091/5269 883/2114/5272
f 863/2073/5270 883/2114/5272 881/2110/5273
s 0
f 976/2335/5274 895/2139/5275 911/2182/5276
s 1
f 895/2139/4499 867/2082/4498 911/2182/5277
f 867/2083/4498 864/2076/4452 889/2125/5199
f 867/2083/4498 889/2125/5199 911/2183/5277
s 0
f 910/2181/5278 911/2183/5279 889/2125/5280
s 1
f 909/2176/5267 902/2156/5281 871/2088/5268
f 871/2088/5268 902/2156/5281 872/2091/5269
f 594/1447/4961 607/1485/4958 616/1511/5282
f 616/1512/5282 607/1486/4958 638/1563/5046
s 0
f 616/1512/5283 638/1563/5284 654/1596/5285
s 1
f 601/1472/4994 624/1529/4991 590/1434/5286
s 0
f 663/1618/5287 643/1576/5288 679/1659/5289
f 708/1732/5290 647/1582/5291 696/1700/5292
s 1
f 724/1774/5293 720/1760/5294 753/1831/5295
s 0
f 717/1751/5296 720/1761/5296 724/1774/5296
s 1
f 686/1679/5061 709/1735/5297 679/1658/5041
f 696/1698/5298 679/1658/5041 709/1735/5297
s 0
f 710/1736/5299 696/1698/5300 709/1735/5300
f 786/1903/5301 787/1904/5302 717/1752/5303
f 716/1749/5304 786/1903/5305 717/1752/5306
s 1
f 783/1898/5172 794/1915/5307 786/1903/5308
s 0
f 794/1915/5309 803/1934/5310 786/1903/5311
s 1
f 798/1923/5175 794/1915/5307 783/1898/5172
f 844/2028/5312 838/2010/5313 787/1904/5314
f 834/1999/5315 787/1904/5314 794/1915/5316
f 834/1999/5315 844/2028/5312 787/1904/5314
f 786/1903/5317 803/1934/5318 787/1904/5319
f 838/2010/5313 795/1916/5320 787/1904/5314
f 844/2028/5312 841/2021/5321 838/2010/5313
s 0
f 794/1915/5322 787/1904/5323 803/1934/5324
f 720/1762/5325 717/1753/5326 772/1874/5326
s 1
f 802/1933/5327 772/1874/5328 738/1802/5329
f 738/1802/5329 772/1874/5328 717/1753/5330
f 738/1802/5329 781/1893/5331 802/1933/5327
f 802/1933/5327 781/1893/5331 764/1853/5332
f 802/1933/5327 764/1854/5332 824/1971/5333
f 802/1933/5327 824/1971/5333 772/1874/5328
s 0
f 738/1803/5334 717/1754/5335 755/1835/5336
f 755/1835/5337 717/1754/5338 787/1905/5339
f 755/1835/5340 787/1905/5341 795/1917/5342
s 1
f 755/1835/5343 795/1917/5320 824/1968/5333
f 814/1953/5344 824/1968/5333 795/1917/5320
f 814/1953/5344 758/1839/5266 930/2224/5345
f 814/1953/5344 813/1952/5346 758/1839/5266
f 795/1917/5320 813/1952/5346 814/1953/5344
f 795/1917/5320 758/1839/5266 813/1952/5346
f 758/1839/5266 795/1917/5320 838/2011/5313
f 758/1839/5266 838/2011/5313 841/2019/5321
s 0
f 597/1459/5347 588/1427/5348 534/1290/5349
f 534/1290/5350 625/1531/5351 597/1459/5352
s 1
f 597/1460/5353 703/1717/5097 539/1302/4795
f 708/1733/5354 704/1720/5159 703/1717/5158
f 625/1532/5355 647/1583/5356 703/1717/5097
f 703/1717/5097 597/1460/5353 625/1532/5355
s 0
f 708/1734/5357 703/1718/5358 647/1584/5359
s 1
f 696/1699/5360 647/1584/5356 534/1291/5361
f 625/1533/5355 534/1291/5361 647/1584/5356
s 0
f 434/1029/5362 696/1699/5363 534/1291/5364
f 724/1775/5365 758/1840/5366 841/2020/5367
s 1
f 724/1776/5293 753/1832/5295 758/1841/5266
f 810/1947/5368 753/1832/5295 720/1762/5294
s 0
f 810/1947/5369 720/1762/5370 772/1874/5371
s 1
f 753/1832/5295 810/1947/5368 758/1841/5266
f 834/1999/5315 841/2021/5321 844/2028/5312
f 841/2021/5321 834/1999/5315 794/1915/5316
s 0
f 794/1915/5372 798/1923/5373 841/2021/5374
s 1
f 881/2109/5273 894/2135/5375 853/2051/5376
f 881/2109/5273 925/2215/5377 894/2135/5375
f 853/2051/5376 894/2135/5375 856/2056/5378
f 852/2049/5379 856/2056/5378 894/2135/5375
s 0
f 856/2056/5380 852/2049/5381 853/2051/5382
f 852/2049/5383 871/2089/5384 853/2051/5385
f 863/2072/5386 853/2051/5387 871/2089/5388
s 1
f 848/2038/5389 852/2049/5390 870/2086/5391
f 852/2049/5390 848/2038/5389 871/2089/5268
f 881/2110/5273 853/2052/5376 863/2073/5270
s 0
f 930/2225/5392 888/2124/5393 914/2187/5394
s 1
f 912/2184/5395 878/2104/5396 888/2124/5397
f 878/2104/5396 848/2039/5389 870/2087/5391
f 870/2087/5391 888/2124/5397 878/2104/5396
f 758/1842/5266 848/2039/5389 878/2104/5396
f 758/1842/5266 878/2104/5396 912/2184/5395
f 912/2184/5395 930/2225/5345 758/1842/5266
f 912/2184/5395 888/2124/5397 930/2225/5345
f 930/2225/5345 960/2300/5398 772/1872/5328
s 0
f 930/2225/5399 914/2187/5400 960/2300/5401
f 960/2300/5402 914/2187/5403 971/2323/5404
f 914/2187/5405 977/2338/5405 971/2323/5405
s 1
f 871/2090/5268 848/2040/5389 758/1843/5266
f 758/1844/5266 810/1948/5368 909/2177/5267
f 902/2157/5281 909/2177/5267 971/2325/5406
s 0
f 772/1873/5407 971/2325/5408 810/1948/5409
f 914/2187/5410 870/2087/5411 852/2050/5412
s 1
f 914/2187/5413 888/2124/5397 870/2087/5391
f 58/146/5414 6/17/2771 41/108/5415
f 33/89/2970 6/17/2771 58/146/5414
f 135/318/4911 112/283/4912 58/147/5414
s 0
f 221/533/5416 58/147/5417 112/283/5418
f 221/533/5419 33/90/5420 58/147/5421
s 1
f 221/533/5422 116/288/5423 33/90/5424
f 58/147/5414 41/109/5415 135/318/4911
f 33/91/5424 116/289/5423 96/246/4817
f 97/248/5425 108/274/5426 13/38/2971
f 13/39/2971 108/274/5426 78/210/2972
f 49/128/2980 97/249/5425 13/40/2971
f 49/128/2980 42/112/2979 137/322/5427
f 137/322/5427 108/273/5426 49/128/2980
f 49/128/2980 108/273/5426 97/249/5425
f 159/371/5428 137/322/5427 165/388/5429
f 179/424/5430 159/371/5428 165/388/5429
f 179/424/5430 215/518/5431 222/535/5432
f 165/388/5429 215/518/5431 179/424/5430
f 223/540/5433 165/388/5429 208/498/5434
f 223/540/5433 228/552/5435 165/388/5429
f 228/552/5435 223/540/5433 222/535/5432
f 228/552/5435 222/535/5432 215/518/5431
s 0
f 78/210/5436 108/274/5437 121/295/5438
f 108/274/5439 137/323/5440 55/138/5441
f 55/138/5442 137/323/5443 36/95/5444
s 1
f 36/95/5445 177/418/5446 201/479/5447
s 0
f 182/432/5448 177/418/5449 188/444/5450
f 188/444/5451 177/418/5452 199/471/5453
s 1
f 177/418/5446 169/396/5454 199/471/5455
f 169/396/5454 219/529/5456 179/425/5430
f 199/471/5455 169/396/5454 179/425/5430
f 199/471/5455 179/425/5430 222/536/5432
f 188/444/5457 199/471/5455 165/387/5429
f 165/387/5429 199/471/5455 215/519/5431
f 124/298/5458 83/217/3009 18/53/2978
f 18/53/2978 22/61/5459 124/298/5458
f 83/217/3009 124/298/5458 166/390/5460
f 83/217/3009 166/390/5460 118/292/5461
f 83/217/3009 118/292/5461 37/97/2981
f 37/97/2981 118/292/5461 42/112/2979
f 118/292/5461 153/358/5462 137/322/5427
f 118/292/5461 137/322/5427 42/112/2979
f 153/358/5462 165/388/5429 137/322/5427
f 121/295/5463 55/138/2974 78/210/2972
f 108/274/5464 55/138/2974 121/295/5463
s 0
f 33/91/5465 96/246/5466 12/36/5467
s 1
f 156/366/4816 96/246/4817 214/517/4655
f 153/358/5462 118/292/5461 166/390/5460
s 0
f 311/747/5468 221/534/5469 321/766/5470
f 116/290/5471 221/534/5472 311/747/5473
s 1
f 96/247/4817 116/290/5423 311/747/4980
f 177/418/5446 36/95/5445 169/397/5454
f 137/323/5427 169/397/5454 36/95/5445
f 169/398/5454 137/324/5427 159/372/5428
f 255/615/5474 159/372/5428 258/619/5475
f 159/372/5428 255/615/5474 169/398/5454
f 201/477/5476 169/398/5454 258/619/5475
s 0
f 328/781/5477 285/681/5478 258/619/5479
s 1
f 285/681/5480 328/781/5481 334/792/5482
f 334/792/5482 328/781/5481 358/841/5483
f 69/181/5484 334/792/5482 358/841/5483
f 341/809/5485 358/841/5483 328/781/5481
f 219/530/5456 159/372/5428 179/426/5430
f 258/619/5475 219/530/5456 222/537/5432
f 258/619/5475 169/398/5454 255/615/5474
f 219/530/5456 258/619/5475 159/372/5428
f 165/388/5429 153/358/5462 208/498/5434
s 0
f 153/358/5486 193/456/5487 182/433/5488
s 1
f 193/456/5489 153/358/5462 166/390/5460
f 166/390/5460 124/298/5458 193/456/5489
f 323/772/5490 328/781/5481 258/619/5475
f 323/772/5490 258/619/5475 222/537/5432
f 294/702/5491 323/772/5490 222/537/5432
f 328/781/5481 323/772/5490 341/809/5485
f 341/809/5485 323/772/5490 358/841/5483
f 358/841/5483 323/772/5490 294/703/5491
f 246/588/5492 294/704/5491 276/656/5493
s 0
f 294/704/5494 246/588/5495 301/717/5496
s 1
f 276/656/5493 294/704/5491 222/538/5432
f 276/656/5493 222/538/5432 223/542/5433
f 223/542/5433 246/588/5492 276/656/5493
s 0
f 234/568/5497 246/588/5498 223/542/5499
s 1
f 234/568/5500 333/789/5501 301/717/5502
f 208/499/5434 228/553/5435 215/520/5431
f 215/520/5431 199/472/5455 219/531/5456
f 219/531/5456 199/472/5455 222/539/5432
f 215/520/5431 219/531/5456 169/399/5454
s 0
f 215/520/5503 169/399/5504 208/499/5505
f 208/499/5506 169/399/5507 182/434/5508
f 208/499/5509 182/434/5510 223/541/5511
f 193/457/5512 223/541/5513 182/434/5514
s 1
f 208/500/5434 153/359/5462 188/445/5457
f 208/500/5434 188/445/5457 228/554/5435
f 228/554/5435 188/445/5457 165/389/5429
f 188/445/5457 153/359/5462 182/434/5515
s 0
f 177/419/5516 182/434/5517 201/478/5518
f 182/434/5519 169/399/5520 201/478/5521
s 1
f 223/542/5522 193/458/5523 234/568/5524
f 301/718/5525 358/842/5483 294/705/5491
s 0
f 358/842/5526 301/718/5527 69/186/5528
s 1
f 234/568/5500 301/717/5502 246/588/5529
s 0
f 267/636/5530 201/479/5531 285/682/5532
f 201/480/5533 258/620/5534 285/683/5535
s 1
f 284/679/5536 285/683/5480 310/743/5537
f 284/679/5536 310/743/5537 267/637/5538
s 0
f 267/637/5539 310/743/5540 69/182/5541
s 1
f 201/481/5542 267/637/5543 69/183/5544
f 310/743/5537 285/683/5480 334/793/5482
f 267/638/5538 285/684/5480 284/680/5536
s 0
f 193/459/5545 191/452/5546 234/569/5547
f 193/459/5548 124/299/5549 191/452/5550
s 1
f 124/299/5458 22/62/5459 145/345/5551
s 0
f 191/452/5552 124/299/5553 145/345/5554
s 1
f 146/346/5555 145/345/5551 22/63/5459
s 0
f 146/346/5556 22/63/5556 69/184/5556
s 1
f 268/639/5557 145/345/5551 146/346/5555
s 0
f 234/569/5558 191/452/5559 145/345/5560
s 1
f 145/345/5551 333/790/5501 234/569/5500
f 333/790/5501 145/345/5551 268/639/5557
s 0
f 310/744/5561 334/794/5562 69/186/5563
s 1
f 146/346/5555 333/790/5501 268/639/5557
s 0
f 69/185/5564 333/790/5564 146/346/5564
s 1
f 330/785/4914 379/897/5565 321/767/4915
s 0
f 387/925/5566 434/1030/5566 534/1292/5567
f 387/925/5568 534/1292/5569 392/937/5570
s 1
f 387/926/5571 473/1133/5572 434/1031/5573
f 473/1133/5572 387/926/5571 424/1003/5574
f 490/1183/5575 434/1031/5573 473/1133/5572
f 460/1094/5576 459/1091/5577 386/922/5578
f 389/930/5579 460/1094/5576 386/922/5578
f 389/929/5579 386/923/5578 390/932/5580
s 0
f 390/932/5581 386/923/5582 433/1028/5583
f 389/930/5584 390/931/5585 460/1094/5584
s 1
f 534/1293/4979 472/1132/4929 392/938/4928
f 534/1293/5586 588/1428/4963 555/1339/4965
s 0
f 424/1004/5587 490/1184/5588 473/1134/5589
f 490/1184/5590 424/1005/5591 520/1258/5592
s 1
f 434/1032/5573 490/1184/5575 553/1332/5018
f 520/1258/5017 553/1332/5018 490/1184/5575
f 552/1329/5007 553/1332/5018 533/1287/5004
f 656/1602/4992 624/1530/4991 643/1576/4993
f 656/1602/4992 643/1576/4993 663/1618/5593
s 0
f 663/1618/5594 679/1659/5595 696/1700/5596
s 1
f 663/1618/5597 696/1700/5598 434/1033/5599
s 0
f 434/1033/5600 553/1333/5601 663/1618/5602
s 1
f 587/1424/4990 656/1602/4992 622/1522/5603
f 663/1618/5593 622/1522/5603 656/1602/4992
f 552/1330/5007 587/1425/4990 622/1523/5603
f 553/1334/5604 622/1524/5603 663/1619/5593
s 0
f 622/1525/5605 553/1334/5606 552/1330/5607
f 390/931/5608 506/1219/5609 460/1094/5610
s 1
f 576/1394/5611 615/1508/5612 457/1086/5613
f 564/1364/5614 457/1086/5613 585/1417/5615
s 0
f 585/1417/5616 569/1375/5617 564/1364/5618
f 551/1327/5619 564/1364/5620 569/1375/5621
s 1
f 551/1327/5622 457/1086/5613 564/1364/5614
s 0
f 433/1028/5623 576/1394/5623 457/1086/5623
s 1
f 506/1220/5624 390/932/5625 551/1327/5622
f 506/1220/5624 551/1327/5622 569/1375/5626
s 0
f 506/1220/5627 585/1417/5628 617/1513/5629
s 1
f 569/1375/5626 585/1417/5630 506/1220/5624
f 301/718/5502 333/791/5501 69/186/5631
f 433/1028/5632 457/1086/5613 390/932/5625
f 551/1327/5622 390/932/5625 457/1086/5613
f 617/1514/5633 585/1417/5615 457/1086/5613
s 0
f 576/1394/5634 433/1028/5634 386/923/5634
f 386/923/5635 459/1092/5635 576/1394/5635
f 460/1096/5636 506/1221/5636 617/1515/5636
s 1
f 460/1095/5576 711/1737/5637 684/1671/5638
s 0
f 617/1515/5639 684/1671/5640 711/1737/5641
f 617/1515/5642 576/1395/5642 684/1671/5642
f 617/1515/5643 711/1737/5643 460/1096/5643
s 1
f 755/1835/5343 764/1855/5332 738/1803/5329
f 781/1894/5331 738/1803/5329 764/1855/5332
f 824/1969/5333 764/1855/5332 755/1835/5343
f 726/1779/5644 732/1793/5645 920/2200/5646
s 0
f 797/1920/5647 728/1783/5648 726/1779/5648
f 726/1779/5649 812/1951/5650 797/1920/5651
s 1
f 983/2357/5652 812/1951/5653 726/1779/5644
f 983/2357/5652 726/1779/5644 920/2200/5646
s 0
f 812/1951/5654 983/2357/5655 797/1920/5656
f 797/1920/5657 983/2357/5658 956/2290/5659
s 1
f 882/2111/5660 956/2290/5661 920/2200/5662
f 732/1791/5645 729/1786/5663 752/1830/5664
f 831/1990/5665 732/1791/5645 752/1830/5664
f 876/2099/5666 752/1830/5664 729/1786/5663
f 732/1791/5645 899/2148/5667 920/2198/5646
f 824/1970/5333 814/1954/5344 843/2026/5668
f 930/2226/5345 843/2026/5668 814/1954/5344
f 930/2227/5345 772/1874/5328 824/1971/5333
f 930/2227/5345 824/1971/5333 843/2027/5668
f 971/2324/5669 772/1874/5328 960/2301/5398
s 0
f 971/2325/5670 909/2177/5670 810/1948/5671
s 1
f 896/2140/5672 831/1991/5665 899/2149/5667
f 831/1991/5665 896/2140/5672 817/1957/5673
f 831/1992/5665 817/1957/5673 732/1792/5645
f 732/1792/5645 817/1957/5673 899/2149/5667
f 896/2140/5672 899/2149/5667 817/1957/5673
f 920/2199/5646 899/2150/5667 922/2206/5674
f 966/2310/5675 920/2199/5646 922/2206/5674
f 752/1828/5664 922/2206/5674 899/2150/5667
f 880/2106/5676 922/2206/5674 752/1828/5664
s 0
f 728/1783/5677 729/1785/5678 726/1779/5679
f 732/1793/5680 726/1779/5680 729/1785/5680
s 1
f 460/1097/5576 684/1671/5638 459/1093/5577
s 0
f 884/2115/5681 876/2099/5682 882/2112/5683
s 1
f 729/1786/5663 882/2112/5684 876/2099/5666
s 0
f 576/1395/5685 459/1093/5685 684/1671/5685
f 576/1395/5686 617/1515/5686 615/1509/5686
s 1
f 615/1509/5612 617/1515/5633 457/1087/5613
s 0
f 728/1784/5687 797/1921/5687 729/1786/5687
f 920/2200/5688 956/2290/5688 983/2357/5688
f 797/1921/5689 956/2291/5689 729/1786/5689
f 956/2291/5690 882/2112/5690 729/1786/5690
f 966/2312/5691 882/2113/5692 920/2201/5693
s 1
f 831/1993/5665 752/1829/5664 899/2150/5667
f 752/1830/5664 876/2099/5666 880/2107/5676
f 876/2100/5666 884/2116/5694 877/2102/5695
s 0
f 884/2116/5696 922/2207/5697 877/2102/5698
s 1
f 876/2101/5666 877/2103/5695 880/2108/5676
f 880/2108/5676 877/2103/5695 922/2208/5674
f 972/2326/5699 966/2311/5675 922/2209/5674
f 922/2209/5674 926/2217/5700 972/2326/5699
s 0
f 926/2216/5701 884/2117/5702 972/2327/5703
s 1
f 972/2327/5699 882/2113/5704 966/2312/5675
f 972/2327/5699 884/2117/5705 882/2113/5704
f 922/2209/5674 884/2118/5706 926/2217/5700
