# Blender 3.4.1
# www.blender.org
mtllib Wall.mtl
o tripo_node_2929ca13-f625-4fe4-bce8-077f068a3b54
v -0.021608 -0.327687 0.138774
v -0.007571 -0.227192 0.256642
v 0.007207 -0.233674 0.414431
v -0.011055 0.305606 -0.212087
v 0.014719 -0.112519 0.384117
v 0.002502 -0.220944 -0.126620
v -0.019689 -0.005582 0.076412
v 0.007477 -0.253115 0.231285
v -0.000750 -0.091605 0.003396
v 0.004239 -0.252362 0.492015
v -0.025809 -0.192161 -0.134340
v 0.007335 -0.127353 -0.108592
v -0.003254 -0.248838 0.231631
v -0.019038 -0.217972 -0.088127
v 0.001408 -0.322522 -0.051149
v 0.008890 -0.169273 0.265539
v 0.001840 -0.237494 0.001879
v -0.007433 -0.322040 0.492017
v -0.003740 0.080088 0.068017
v 0.006776 0.214185 -0.145765
v 0.005716 0.090868 -0.071105
v -0.007170 0.228343 0.290711
v -0.009035 -0.166552 0.281122
v 0.008455 -0.269296 0.435623
v -0.008631 -0.324431 -0.099995
v 0.003181 -0.035814 0.394406
v 0.000978 0.085952 0.090940
v 0.005860 -0.180730 -0.186751
v -0.012319 -0.204808 0.222091
v -0.008675 -0.197743 0.389752
v 0.004236 -0.199312 -0.150580
v 0.002708 -0.120225 0.194140
v -0.007505 -0.007955 0.403431
v -0.002048 0.203727 0.016252
v -0.004179 -0.127325 -0.290537
v 0.000449 -0.326538 -0.272948
v 0.005837 0.193172 -0.138799
v 0.000136 0.022317 0.481166
v -0.003115 -0.189172 0.068808
v 0.008247 -0.159427 0.424345
v 0.004300 -0.196755 -0.213054
v -0.014904 0.236681 -0.392128
v 0.006326 -0.179313 -0.453904
v 0.004335 -0.107550 -0.390646
v -0.014134 -0.101158 -0.489702
v 0.001740 -0.095363 -0.079277
v -0.008230 -0.326191 -0.495778
v 0.003497 -0.220442 -0.005211
v -0.018729 -0.098643 0.019456
v 0.006233 0.023992 -0.299560
v -0.000611 0.095968 -0.394295
v 0.008171 -0.186903 -0.391103
v 0.000437 0.112025 0.036891
v 0.004955 -0.238383 -0.351545
v -0.005801 -0.141293 -0.322498
v 0.007777 -0.258137 0.443486
v -0.007831 -0.244444 -0.424868
v 0.009664 0.008713 0.065815
v -0.004685 0.108361 0.273973
v 0.017936 0.063885 -0.488509
v 0.033902 0.328141 -0.077636
v -0.002463 -0.318426 0.078163
v -0.000811 -0.173299 0.436671
v -0.008170 -0.320795 -0.493468
v 0.013193 0.195569 -0.068268
v -0.010737 -0.075439 -0.308196
v 0.003096 -0.254442 -0.106755
v -0.000655 -0.222987 0.002927
v 0.005299 -0.241926 -0.099050
v 0.017259 -0.131881 0.317481
v 0.005427 -0.238892 -0.441791
v 0.008173 -0.264998 0.496094
v -0.000479 0.087654 -0.083030
v -0.011397 -0.326585 -0.313486
v -0.013422 0.226197 0.490001
v 0.022272 0.323894 -0.203934
v -0.013666 -0.198186 0.490673
v 0.001620 -0.117272 -0.297891
v 0.007290 -0.230774 0.487641
v 0.002638 0.044930 -0.483976
v 0.002629 -0.296790 -0.273670
v 0.004649 -0.233353 -0.193586
v 0.002690 -0.218460 0.097318
v -0.000167 -0.291569 0.259818
v -0.005987 -0.199592 0.493036
v -0.010728 -0.199488 -0.489337
v -0.015860 -0.204649 0.222755
v 0.005108 -0.325388 0.036048
v -0.007595 0.250766 -0.073202
v -0.015884 -0.196486 0.386894
v 0.001275 -0.224592 -0.261266
v 0.008096 -0.097788 0.083036
v 0.009352 -0.218204 0.402634
v 0.002663 -0.239375 0.002627
v -0.013278 -0.007185 -0.087320
v 0.003923 -0.260924 0.348348
v -0.004079 0.000060 0.129583
v -0.004495 -0.099398 0.489296
v -0.014371 -0.197662 0.449606
v -0.014487 0.012497 -0.236128
v -0.002244 -0.194629 -0.155624
v 0.004665 -0.301275 -0.258067
v 0.005055 -0.155390 0.263014
v 0.004251 0.211028 0.142155
v 0.006438 -0.138813 -0.327498
v 0.002990 0.121839 -0.023920
v 0.001494 -0.189952 -0.097577
v 0.004521 0.109817 -0.252342
v -0.020646 -0.192124 -0.447164
v -0.005292 -0.326930 0.115112
v 0.003343 -0.314952 -0.276536
v 0.002355 -0.323220 -0.039502
v -0.000547 0.019293 0.165008
v -0.000701 -0.316072 0.348688
v -0.004098 -0.274324 -0.163807
v -0.002820 -0.314112 0.394497
v 0.000947 -0.001288 0.058090
v 0.005519 -0.265164 0.000386
v 0.001183 -0.131196 0.006841
v -0.006869 -0.302673 -0.266751
v 0.006478 -0.122354 0.316546
v 0.001818 -0.176189 0.487525
v 0.004733 -0.259204 0.429605
v 0.001403 -0.315461 -0.269297
v -0.000188 -0.273723 0.257324
v 0.004177 -0.290355 -0.448618
v 0.000780 -0.179137 -0.462397
v 0.004193 -0.192381 -0.079267
v -0.001662 0.210181 -0.317641
v 0.040562 0.321795 -0.327691
v 0.002985 -0.167361 -0.491166
v 0.001070 -0.146867 0.010681
v -0.011708 -0.192486 -0.449094
v -0.017026 -0.203417 0.072726
v 0.000814 -0.246386 -0.237373
v -0.013656 -0.322708 -0.463318
v -0.003833 -0.298780 0.014228
v 0.006931 0.224339 0.212640
v -0.001356 0.217644 0.486451
v 0.003759 -0.195073 0.165159
v 0.012478 -0.112679 -0.147682
v 0.005687 -0.123587 -0.333851
v -0.019514 -0.020668 0.387743
v 0.003316 -0.160930 0.006284
v 0.012495 -0.106371 -0.492398
v -0.000957 -0.170832 -0.182638
v 0.011846 -0.112100 0.234137
v -0.006107 0.239037 -0.383841
v -0.019259 0.034896 0.485666
v 0.005788 0.119140 -0.339870
v 0.018734 -0.321372 -0.337260
v -0.012371 0.320788 -0.380392
v 0.005599 -0.227540 0.008061
v 0.010633 -0.004782 0.390111
v -0.000579 -0.322199 0.271100
v -0.003743 0.318911 0.416625
v 0.012468 -0.241839 0.491154
v 0.001942 -0.014599 0.403869
v 0.008968 -0.108588 0.123013
v -0.009726 0.232093 -0.290076
v -0.001599 0.001734 0.381716
v 0.003976 0.033151 0.484592
v -0.005464 -0.196833 -0.492649
v 0.002316 -0.245924 -0.490509
v -0.015460 0.095671 0.054501
v 0.008531 -0.199011 -0.222798
v -0.008993 -0.202284 0.029199
v -0.009089 0.035723 -0.488186
v -0.019932 -0.069427 -0.001371
v 0.027410 -0.324957 -0.368977
v 0.002174 -0.151458 0.319783
v -0.011206 -0.324125 0.200436
v 0.024672 0.218327 -0.489520
v 0.004495 -0.163857 -0.235079
v -0.005910 0.293296 -0.089116
v 0.002572 -0.306829 -0.270873
v -0.016419 0.323858 -0.227229
v 0.034180 0.325539 -0.122732
v 0.000118 -0.282286 0.080248
v 0.002977 0.221442 -0.397144
v 0.007690 0.084071 0.252896
v 0.032219 0.315829 0.080045
v 0.000026 0.105618 -0.381008
v 0.003600 -0.110155 -0.325168
v 0.023202 0.320654 -0.127303
v 0.005033 -0.275121 0.262023
v 0.013903 0.001949 0.196623
v -0.023478 -0.105335 -0.057113
v 0.011770 -0.188902 -0.394011
v 0.010442 -0.120898 0.034972
v -0.012985 0.225941 0.484898
v 0.008737 0.216492 0.401430
v 0.003768 0.096702 0.388059
v 0.004642 -0.099392 0.394504
v -0.007342 -0.324322 0.143739
v 0.006713 -0.016895 -0.396671
v -0.015265 0.322179 -0.376910
v 0.010375 -0.104574 0.492617
v 0.007679 -0.098987 -0.229927
v 0.010133 -0.120512 0.360889
v -0.005041 -0.202903 -0.112601
v 0.043738 0.323029 -0.045083
v 0.011309 -0.071562 0.312379
v -0.001268 -0.257906 0.442276
v 0.039053 -0.106680 0.204507
v -0.007239 -0.118071 0.352579
v -0.025048 0.322336 0.391407
v 0.004338 -0.173174 -0.495105
v 0.003341 0.203530 -0.110962
v 0.014688 -0.126198 -0.105962
v 0.002106 -0.087088 -0.069999
v 0.031373 -0.001172 -0.488054
v 0.007441 -0.307354 -0.405733
v 0.007582 -0.237380 0.407952
v -0.014313 -0.239136 0.382975
v -0.019458 0.320112 0.188123
v 0.028995 0.096146 -0.491188
v 0.004063 0.098456 0.277230
v 0.009954 -0.123708 -0.259656
v -0.007355 0.215513 -0.300784
v 0.001929 -0.019367 0.396449
v -0.019587 -0.288456 0.153568
v -0.017862 -0.096748 0.137435
v -0.011629 0.228137 0.218329
v 0.032905 0.146228 -0.486756
v 0.000087 -0.006708 0.314486
v 0.041711 -0.097809 0.102840
v 0.000222 -0.023089 0.401294
v 0.028870 0.103067 0.490062
v -0.007065 0.213999 0.305920
v -0.007311 0.292400 0.071798
v -0.000893 -0.188994 0.396469
v 0.008798 0.226658 -0.291878
v 0.001275 -0.315265 0.123413
v 0.000571 0.197069 0.494293
v 0.003178 0.011030 -0.070636
v 0.012877 -0.107222 0.375956
v 0.025522 -0.076855 0.493996
v -0.008108 -0.260600 -0.431343
v 0.004195 -0.227319 -0.231789
v -0.016891 -0.101801 -0.032075
v -0.005495 -0.327594 -0.233048
v 0.001362 -0.227110 -0.076479
v 0.015266 -0.274935 0.178827
v 0.015048 0.101044 -0.488675
v 0.000120 0.225406 0.483421
v -0.015315 0.328217 -0.226266
v 0.020251 0.104346 0.485441
v 0.011812 -0.119345 0.446031
v 0.008750 -0.275473 -0.171891
v 0.012801 -0.244675 -0.489958
v 0.004033 -0.270110 -0.277773
v -0.000704 0.243003 0.051293
v 0.006744 -0.202573 0.109237
v 0.004126 -0.010060 -0.228491
v 0.011736 0.213594 0.224729
v 0.009224 0.011627 -0.239126
v 0.012360 0.327594 0.399071
v 0.007490 -0.245402 -0.422750
v -0.009084 0.322907 0.233455
v 0.007496 0.014886 0.232110
v -0.001149 0.204825 0.499445
v 0.008898 -0.118163 0.294592
v -0.018483 -0.065772 -0.307576
v -0.001672 0.198622 -0.154854
v 0.005697 0.122675 -0.146872
v 0.037306 0.116757 -0.481475
v -0.056832 0.197224 -0.487111
v -0.015495 0.210159 0.401037
v 0.009329 0.217455 -0.208303
v -0.018102 0.323461 0.066380
v 0.016213 -0.112500 0.021261
v 0.043075 0.324236 0.223970
v 0.007860 0.228987 0.399722
v 0.005937 -0.008129 -0.381650
v 0.005231 -0.316325 -0.308633
v 0.004695 0.002454 -0.489119
v 0.042974 0.328849 -0.269876
v 0.006358 -0.223762 -0.400622
v -0.011668 -0.093991 0.226061
v 0.007453 -0.230419 -0.197193
v 0.040694 0.327437 0.316180
v 0.007579 -0.261403 0.454441
v 0.011181 0.207448 0.075230
v 0.009037 -0.104559 -0.441530
v 0.039029 -0.099773 -0.487301
v -0.012066 -0.098810 -0.019093
v -0.006381 0.029597 0.485926
v 0.009449 -0.279524 -0.127035
v 0.007043 0.226667 -0.206892
v 0.005833 -0.299771 -0.398385
v -0.016024 -0.080337 0.217137
v 0.005572 -0.109776 -0.415488
v -0.020192 -0.098023 0.137352
v -0.008201 0.324321 0.221455
v 0.009079 -0.238017 -0.356735
v 0.001207 0.047574 -0.492224
v 0.006757 0.103396 -0.179384
v 0.019815 0.284658 0.085589
v 0.019186 -0.084135 0.313265
v -0.019344 -0.200776 -0.379669
v 0.004288 -0.219417 -0.400410
v -0.018059 0.112604 -0.251007
v 0.007407 0.032083 0.375128
v -0.004606 -0.323873 0.323920
v 0.003338 0.105984 0.142433
v -0.008774 -0.112100 0.350828
v 0.042156 0.325612 0.374664
v -0.001360 0.203180 0.328022
v 0.036972 0.329482 0.087123
v 0.005852 -0.114903 -0.020247
v 0.008334 -0.086213 0.300781
v -0.009249 -0.114966 0.431131
v 0.005154 0.221286 -0.478470
v 0.012895 0.009827 0.016880
v 0.011501 -0.291576 0.156432
v -0.000101 -0.275921 -0.276355
v 0.002015 -0.126388 -0.029096
v 0.005505 -0.091822 -0.487926
v 0.002669 -0.117333 0.286342
v 0.005720 -0.113881 -0.383596
v 0.034294 -0.108593 0.220120
v 0.025839 -0.001968 -0.485712
v -0.044673 0.228096 -0.497766
v -0.061592 0.321064 -0.159345
v -0.026069 0.325253 -0.200977
v 0.010661 -0.292006 0.191750
v 0.011370 -0.119889 -0.024677
v -0.001261 -0.253666 0.429509
v -0.060743 0.100073 0.495089
v 0.005993 0.146608 -0.313684
v -0.016751 -0.211454 0.084546
v 0.003126 -0.256468 0.435749
v 0.047119 0.013126 -0.491472
v 0.004398 0.008451 0.459440
v 0.002784 -0.265097 0.427454
v -0.017909 0.001552 0.214186
v 0.008017 -0.235988 -0.433836
v 0.002798 -0.315145 0.051897
v 0.008659 -0.218272 0.213404
v 0.012094 0.176981 0.314330
v 0.007320 0.046876 -0.485971
v 0.009306 -0.005067 0.068113
v -0.017344 -0.244774 -0.493883
v 0.012076 -0.122920 -0.164838
v 0.037096 0.323171 -0.075823
v 0.009379 -0.271806 -0.128723
v -0.013872 0.215662 -0.500539
v 0.014541 -0.227571 0.103374
v -0.003584 -0.097867 0.063210
v 0.005413 -0.196927 0.358061
v 0.006021 -0.293800 -0.276303
v 0.005523 -0.221559 0.208966
v 0.011042 -0.215364 0.353750
v 0.009837 -0.192165 0.448214
v -0.035515 -0.080051 -0.312806
v 0.006081 -0.156529 -0.235391
v 0.011386 -0.116481 -0.313455
v -0.052621 0.324943 0.088680
v 0.027129 -0.067512 0.491944
v -0.007639 0.020555 0.083998
v 0.024398 0.321936 0.494890
v 0.007725 -0.285370 -0.167402
v 0.004961 -0.243955 0.233932
v -0.001248 0.321452 -0.400640
v 0.000554 0.103542 -0.489616
v -0.000072 -0.242339 0.421086
v 0.003337 -0.301188 -0.273670
v 0.011956 -0.117638 -0.434146
v 0.001211 -0.213782 0.346506
v 0.023501 0.324927 0.497582
v 0.003469 -0.154513 -0.000518
v 0.021361 -0.072813 0.210682
v 0.023506 -0.122987 0.323058
v 0.012360 0.223058 0.470018
v -0.007446 -0.114247 0.328770
v -0.014190 0.003712 -0.490714
v 0.006977 -0.189633 0.451336
v 0.009655 -0.105876 -0.420140
v 0.043385 0.328269 -0.493319
v 0.052643 0.234355 0.498534
v 0.013211 -0.122701 -0.432330
v 0.007784 0.085561 0.117664
v 0.003417 -0.152121 0.000321
v 0.008509 -0.255427 0.428340
v 0.042868 0.084120 0.492315
v 0.056620 0.328981 0.171641
v -0.013272 -0.097814 0.213490
v 0.015808 -0.119270 0.437288
v 0.004143 -0.235057 0.000150
v 0.038734 0.199169 -0.494977
v 0.043148 0.323436 -0.491231
v 0.008303 -0.303118 -0.257317
v 0.003159 -0.109799 0.164151
v 0.015768 -0.103279 -0.085373
v -0.019598 -0.103461 -0.289262
v 0.027390 -0.320663 0.365264
v 0.010313 -0.279382 0.433119
v 0.011198 -0.171142 0.449445
v 0.014863 -0.115464 -0.421978
v 0.008367 -0.151636 -0.044461
v 0.001966 0.325946 -0.394953
v -0.020881 0.232414 -0.495263
v 0.008040 -0.198531 0.169337
v 0.040983 0.318755 -0.153517
v 0.000466 -0.154957 0.420425
v 0.008848 -0.268391 -0.435412
v 0.008571 -0.299543 0.343918
v 0.004552 -0.133596 0.009295
v 0.005129 -0.171608 0.490662
v 0.005592 -0.146157 0.324250
v 0.035591 0.325826 0.068637
v 0.010130 -0.254586 0.428721
v 0.002239 -0.250917 -0.254743
v -0.003049 0.290121 -0.088237
v 0.014956 -0.128169 -0.312985
v 0.009965 0.264575 0.108222
v 0.031852 -0.120371 0.276877
v 0.030006 -0.310903 0.003977
v 0.006382 0.229045 0.085018
v 0.023219 -0.115577 0.331644
v 0.008201 0.120498 0.320158
v 0.006984 -0.109603 0.045829
v 0.010080 -0.001174 0.490942
v 0.010202 0.091262 0.089184
v 0.023232 0.322779 0.289355
v 0.037721 -0.115506 -0.471298
v 0.007418 0.249053 0.092701
v 0.002233 0.112894 0.387321
v 0.032898 0.267283 0.110476
v 0.010428 -0.262485 0.428945
v 0.011494 0.003422 -0.488399
v 0.013376 -0.128179 0.434247
v 0.011085 0.266097 0.095569
v 0.031496 -0.111972 0.025907
v 0.025212 -0.119930 -0.279662
v 0.015125 0.323955 0.396700
v 0.029549 -0.110465 0.082015
v 0.013479 -0.000120 0.486518
v 0.020321 -0.102953 0.389344
v 0.029973 0.203886 -0.483956
v 0.014356 0.094639 0.090965
v 0.014557 -0.116176 -0.261795
v 0.035503 -0.052138 0.203639
v 0.010696 0.088168 -0.086656
v 0.011660 0.253564 0.091135
v 0.038049 0.301879 -0.100486
v 0.034870 -0.113890 -0.420218
v 0.019772 -0.108844 0.388658
v 0.042004 0.232067 0.492083
v 0.013745 0.224975 0.480388
v 0.039837 -0.002913 0.210860
v 0.046536 -0.100170 -0.007014
v 0.033076 -0.138140 0.012899
v 0.012944 0.088858 -0.084806
v 0.013317 0.223568 0.479726
v 0.024928 0.221719 0.220670
v 0.045382 0.328533 -0.324117
v 0.019266 0.243352 0.091053
v 0.014363 0.276922 0.089758
v 0.016308 0.218700 0.093713
v 0.032891 0.328556 0.447383
v 0.026676 -0.117874 -0.387809
v 0.044867 0.319453 -0.146844
v 0.052064 -0.099820 -0.327078
v 0.032200 0.198051 0.486783
v 0.015986 0.120203 0.381725
v 0.026101 0.270809 -0.119930
v 0.050551 0.325072 0.201829
v 0.040912 -0.111701 0.208996
v 0.021904 0.099017 0.382078
v 0.041398 0.272188 0.116221
v 0.053433 0.016082 0.492381
v 0.018860 0.225320 0.472695
v 0.024629 0.020200 0.082824
v 0.036073 0.329014 0.071501
v 0.031790 -0.103685 0.221612
v 0.043903 -0.311601 -0.301287
v 0.023056 0.110642 0.423013
v 0.034407 0.264503 0.216704
v 0.015063 0.212404 -0.361447
v 0.014999 0.210829 -0.397517
v 0.043177 -0.317262 0.015912
v 0.047240 -0.324448 0.230113
v 0.018057 0.223930 0.472336
v 0.019185 0.214946 -0.284605
v 0.063344 -0.313457 -0.270990
v 0.021169 0.125481 0.364002
v 0.028125 0.001172 -0.461094
v 0.047806 -0.311841 -0.019200
v 0.019134 0.209591 0.130989
v 0.019154 0.289809 -0.265642
v 0.021814 0.274546 0.095236
v 0.022542 0.206212 0.068478
v 0.042373 -0.321290 -0.231747
v 0.031009 0.119957 -0.427062
v 0.020015 0.101898 -0.007025
v 0.034697 -0.136630 -0.017904
v 0.048029 0.121883 0.486993
v 0.032936 0.222168 0.473615
v 0.020065 0.290636 -0.269170
v 0.060003 -0.313334 0.038388
v 0.024266 0.096922 -0.389530
v 0.029057 0.210513 -0.278089
v 0.020341 0.115953 0.302177
v 0.019375 0.207224 0.130938
v 0.024704 -0.063961 -0.221488
v 0.022989 0.002082 0.298295
v 0.019555 0.114239 0.298195
v 0.020979 0.216923 0.080367
v 0.037971 -0.135174 -0.009407
v 0.021872 -0.074150 -0.399009
v 0.027665 0.202726 -0.365279
v 0.028463 0.229328 0.402123
v 0.023190 0.117262 -0.285844
v 0.023763 -0.114965 -0.097606
v 0.036673 -0.001568 0.487459
v 0.044578 -0.114908 -0.034214
v 0.022579 -0.116978 -0.237823
v 0.029685 0.162484 0.317113
v 0.026036 0.121924 -0.323357
v 0.052647 -0.118562 0.277419
v 0.021712 0.054280 -0.282968
v 0.027483 0.218453 0.161453
v 0.020535 -0.008510 -0.300344
v 0.042743 -0.309439 0.302401
v 0.023034 0.069230 -0.001724
v 0.043595 -0.095346 -0.289319
v 0.018290 -0.320823 0.267334
v 0.038806 0.113340 -0.426574
v 0.033595 0.100779 -0.391318
v 0.023505 0.115946 0.322844
v 0.024385 0.322882 -0.261995
v 0.028396 0.211853 -0.478629
v 0.022335 -0.006336 -0.238765
v 0.034493 0.288310 0.220964
v 0.027104 0.085249 -0.008122
v 0.024913 -0.025641 -0.391162
v 0.024796 -0.006128 0.374528
v 0.028574 0.005850 -0.392287
v 0.025495 -0.002011 0.065955
v 0.033715 0.202458 -0.321547
v 0.044597 0.322341 -0.396937
v 0.045340 0.218051 -0.013536
v 0.035970 -0.101930 -0.481831
v 0.029070 0.283360 0.289668
v 0.026041 -0.081521 -0.398026
v 0.022808 0.056388 -0.278108
v 0.045194 0.328801 0.214709
v 0.048202 0.183396 0.488770
v 0.027205 0.126178 -0.317622
v 0.049358 0.081379 0.123770
v 0.032290 0.108339 -0.428910
v 0.074897 -0.321049 -0.080566
v 0.043660 0.093346 0.399707
v 0.028353 0.225595 0.397137
v 0.044453 0.008260 -0.483926
v 0.023829 0.199493 0.300812
v 0.036281 -0.307895 -0.296778
v 0.053034 0.051459 -0.463958
v 0.029432 0.116930 -0.283587
v 0.026464 0.019695 0.239981
v 0.022088 0.219735 0.090402
v 0.038899 0.057984 -0.450539
v 0.023021 -0.005966 -0.300130
v 0.027954 0.005276 0.231027
v 0.040378 0.077516 0.008772
v 0.050290 0.010371 0.489601
v 0.030088 0.160241 0.309014
v 0.034228 0.083303 0.239339
v 0.026434 0.113458 0.324900
v 0.046587 0.319281 0.409159
v 0.035862 0.211720 0.375097
v 0.039190 0.157369 -0.271599
v 0.029471 0.010549 0.377067
v 0.028695 -0.009075 -0.450652
v 0.030953 -0.058957 0.202661
v 0.036202 -0.117786 -0.028690
v 0.037071 0.162573 0.352977
v 0.042586 -0.120744 0.276085
v 0.025936 -0.012339 0.417602
v 0.036928 -0.133469 0.297770
v 0.029291 0.185600 -0.321016
v 0.029661 -0.053489 -0.214934
v 0.028155 0.217084 0.161511
v 0.034886 -0.024748 -0.198876
v 0.041617 -0.135388 0.012928
v 0.043110 -0.030052 -0.405369
v 0.042047 0.218077 -0.249689
v 0.023732 0.215897 -0.204942
v 0.030478 0.002652 0.208980
v 0.041666 0.292788 0.080165
v 0.025827 0.168585 -0.140278
v 0.025830 -0.063023 0.394446
v 0.031525 0.098906 -0.034838
v 0.038205 0.214315 0.374574
v 0.043904 0.213376 -0.324890
v 0.047916 0.265511 -0.141801
v 0.026202 0.217946 -0.202698
v 0.024828 0.207603 0.294620
v 0.028836 0.121402 0.200983
v 0.027578 0.215334 0.224256
v 0.085193 -0.114860 -0.286199
v 0.025422 0.033910 0.166894
v 0.027458 0.113645 0.432127
v 0.028877 0.001789 0.069978
v 0.030173 0.012494 0.153609
v 0.042085 0.317313 -0.189829
v 0.028683 0.052436 0.136645
v 0.034306 0.324280 -0.395262
v 0.036332 0.288440 -0.117757
v 0.027641 0.194122 -0.144590
v 0.058829 0.026266 -0.270972
v 0.045598 0.324054 0.378392
v 0.038134 0.201206 -0.366133
v 0.038790 -0.312494 0.317694
v 0.026967 0.084731 0.210018
v 0.036781 -0.006098 0.470645
v 0.044507 0.007000 0.398606
v 0.044243 0.063991 -0.449720
v 0.027495 0.189826 0.184316
v 0.041668 0.261455 -0.132662
v 0.024651 -0.005942 -0.238944
v 0.043106 -0.101746 -0.069678
v 0.027595 0.002343 -0.094077
v 0.037816 -0.109970 0.369877
v 0.027829 -0.017726 0.417005
v 0.028073 0.307263 0.491012
v 0.049988 0.122987 0.441206
v 0.048713 -0.082354 -0.414707
v 0.030850 0.181531 0.459694
v 0.034061 0.105723 -0.137164
v 0.051784 -0.080996 -0.407676
v 0.044859 0.324197 0.290642
v 0.029216 0.007665 0.032546
v 0.029762 0.013790 -0.410357
v 0.058530 -0.081735 -0.374459
v 0.032939 0.197529 -0.489487
v 0.031245 -0.006879 -0.444763
v 0.028337 0.050484 0.171549
v 0.030719 0.098361 0.382378
v 0.029336 -0.009961 0.441901
v 0.039026 0.166815 -0.315218
v 0.033590 0.009106 0.035517
v 0.045555 -0.069304 0.378349
v 0.045621 0.186750 -0.015386
v 0.057147 -0.115484 -0.329599
v 0.050045 0.062786 0.364797
v 0.048058 0.223685 -0.241265
v 0.034695 0.075292 0.139919
v 0.041203 -0.149621 -0.316529
v 0.034278 0.160514 -0.268548
v 0.046813 -0.113728 -0.334648
v 0.049258 0.060871 -0.054100
v 0.029566 0.085956 0.234414
v 0.032098 0.215390 -0.147796
v 0.029827 0.267648 -0.201043
v 0.041756 -0.147740 -0.285737
v 0.052431 0.058224 -0.283666
v 0.030732 0.110342 -0.236845
v 0.043919 0.298371 0.478334
v 0.040185 0.064256 -0.056681
v 0.031098 0.306666 0.489484
v 0.042291 0.186798 -0.321798
v 0.054046 0.021625 -0.075039
v 0.042795 0.100935 0.310111
v 0.054663 0.109943 -0.049232
v 0.031248 0.010830 -0.411586
v 0.034278 0.054600 0.140181
v 0.044477 0.281844 -0.115710
v 0.032880 0.285034 0.459672
v 0.031933 0.099253 -0.035406
v 0.038145 0.091189 0.450066
v 0.045043 0.075245 0.077813
v 0.031828 0.125721 -0.230123
v 0.040783 0.265396 -0.115322
v 0.028137 0.014591 0.237683
v 0.035393 0.007481 0.443961
v 0.037978 0.035251 0.037915
v 0.037317 0.000249 0.145338
v 0.041533 0.160768 0.350778
v 0.045684 0.193583 0.292759
v 0.057720 0.025137 -0.280914
v 0.052636 0.015717 0.338767
v 0.032375 -0.062364 0.395429
v 0.033050 0.302899 0.487536
v 0.061016 0.181491 0.165682
v 0.031797 0.223051 0.279746
v 0.039138 0.074857 0.141072
v 0.044807 0.012712 -0.444525
v 0.047968 0.004710 0.402710
v 0.062797 -0.316102 -0.369808
v 0.051274 0.103871 -0.273892
v 0.036003 0.125656 -0.226282
v 0.041751 0.058392 0.458045
v 0.043806 0.067690 0.072734
v 0.046300 0.177881 0.175110
v 0.038787 -0.007178 0.151620
v 0.036397 -0.065826 0.083672
v 0.036277 0.027578 0.113328
v 0.032218 0.019146 -0.175319
v 0.047802 0.092005 0.120881
v 0.044354 0.293584 0.079402
v 0.047926 0.138375 0.331356
v 0.020370 0.214300 -0.393731
v 0.035935 0.280022 0.283348
v 0.049522 0.045985 -0.473604
v 0.036203 0.109440 0.133841
v 0.057286 0.002282 -0.062459
v 0.047902 -0.070720 0.386147
v 0.032192 0.043124 -0.166887
v 0.030168 0.003259 -0.089676
v 0.036485 0.098263 -0.164828
v 0.047896 0.223940 0.371840
v 0.039549 -0.015109 -0.442942
v 0.033406 0.264193 0.269693
v 0.051482 -0.104762 -0.213942
v 0.040270 0.106312 0.190711
v 0.069254 -0.306152 -0.034210
v 0.050848 0.076580 0.368308
v 0.033084 -0.015023 -0.131959
v 0.034509 -0.036296 0.111748
v 0.047310 0.180349 -0.328020
v 0.045623 0.095830 0.448961
v 0.046042 0.322199 0.153149
v 0.054159 0.220693 -0.477474
v 0.051265 0.080745 -0.405371
v 0.037051 0.266545 0.240740
v 0.038930 0.186585 -0.018059
v 0.054986 -0.009320 0.278437
v 0.036867 0.290223 -0.108077
v 0.036508 -0.024734 -0.199981
v 0.040019 0.275739 0.218244
v 0.051883 0.082873 0.490895
v 0.050322 -0.000941 -0.374751
v 0.034330 0.143092 -0.253459
v 0.056257 -0.005605 0.032143
v 0.049493 0.011086 -0.182449
v 0.064234 -0.117392 -0.276432
v 0.038508 0.124018 0.192962
v 0.033356 0.103212 -0.416215
v 0.057799 0.220440 0.038579
v 0.047314 0.234311 -0.137978
v 0.057431 0.104453 -0.016424
v 0.034114 0.146025 -0.246099
v 0.038923 0.107304 -0.196717
v 0.048496 0.198365 -0.315012
v 0.040643 0.163054 -0.457996
v 0.044710 0.114929 -0.291502
v 0.031390 0.100675 0.131819
v 0.038285 0.321762 0.411732
v 0.033813 -0.011333 -0.121115
v 0.045642 0.185845 0.340086
v 0.051426 -0.013146 0.071830
v 0.040914 0.019419 0.434009
v 0.055788 -0.104007 -0.107238
v 0.056231 -0.068895 0.199547
v 0.044020 0.189220 -0.466012
v 0.034282 0.265914 0.250779
v 0.045263 0.099407 -0.162545
v 0.045851 0.012137 0.444282
v 0.057330 0.245948 -0.192162
v 0.034663 0.128121 -0.230864
v 0.036282 0.010918 -0.388053
v 0.052805 0.080832 0.227818
v 0.052792 0.181457 0.347085
v 0.064604 -0.010382 0.250244
v 0.035054 -0.011627 -0.128414
v 0.041169 0.290571 0.298831
v 0.034503 0.327830 -0.200607
v 0.049864 0.195062 0.296304
v 0.051448 0.204092 -0.133305
v 0.046351 0.217443 0.475909
v 0.036838 0.183134 -0.403726
v 0.036337 0.140284 -0.244826
v 0.045595 0.119555 -0.233892
v 0.052338 -0.091831 -0.247447
v 0.034717 0.269662 0.243364
v 0.054543 -0.087134 0.045328
v 0.055432 0.108229 -0.012250
v 0.042676 -0.011015 -0.439805
v 0.035625 0.263035 0.254369
v 0.048877 0.118285 -0.288821
v 0.050597 0.328408 0.031151
v 0.044038 0.287449 -0.329995
v 0.039289 0.235307 0.409682
v 0.039114 -0.112796 0.377892
v 0.051765 0.117436 0.438026
v 0.039817 0.031368 0.041162
v 0.052733 0.232649 -0.187774
v 0.046901 0.155200 -0.257289
v 0.050227 -0.010460 -0.460524
v 0.056055 0.189235 -0.156782
v 0.058996 0.202021 0.082382
v 0.043483 0.269881 -0.361256
v 0.043334 0.120967 0.202344
v 0.038806 0.078586 -0.435623
v 0.047305 0.027686 -0.071602
v 0.055962 0.119359 0.275972
v 0.045094 -0.311647 0.279246
v 0.043360 0.220568 0.277900
v 0.047922 0.105182 0.313534
v 0.037003 0.140005 -0.249338
v 0.056325 0.124174 -0.339448
v 0.044827 -0.008724 -0.123884
v 0.048022 0.037964 0.430320
v 0.059504 0.024403 -0.107404
v 0.042754 0.001369 0.252101
v 0.037289 -0.150208 0.313310
v 0.045142 0.108822 -0.137673
v 0.036122 0.302185 0.487610
v 0.051027 0.052421 0.455265
v 0.049224 0.099891 -0.270399
v 0.043675 0.106325 0.192822
v 0.048877 0.230772 0.279638
v 0.028745 0.120500 0.190228
v 0.052711 -0.021582 0.063639
v 0.064554 -0.313325 0.331181
v 0.058242 -0.026771 -0.220408
v 0.048897 0.110652 -0.147426
v 0.046120 0.085249 0.248987
v 0.039482 0.297568 0.320654
v 0.043517 0.135985 0.332544
v 0.052298 -0.066222 0.191733
v 0.045015 -0.006999 0.125147
v 0.051096 0.207604 -0.021521
v 0.045283 -0.006807 0.076105
v 0.050795 0.094569 -0.121502
v 0.052446 -0.074584 -0.232052
v 0.043407 0.066150 -0.014862
v 0.041255 0.268391 0.246324
v 0.054346 0.215923 -0.013702
v 0.052171 -0.092948 -0.308594
v 0.066623 0.234515 0.191322
v 0.047221 0.289207 -0.088923
v 0.056156 0.012365 0.338062
v 0.042576 0.297505 0.485715
v 0.061062 0.205247 0.090258
v 0.052431 0.123008 -0.354001
v 0.062921 0.019222 -0.108095
v 0.045528 0.064253 -0.026470
v 0.052680 0.084470 -0.401798
v 0.047558 0.284226 0.280926
v 0.041877 0.220136 -0.069976
v 0.061254 0.034168 0.211285
v 0.039907 0.299387 0.488470
v 0.047286 0.122512 0.289569
v 0.041630 0.323074 -0.276332
v 0.058235 0.234175 0.142357
v 0.043384 0.298615 0.491809
v 0.038453 0.162671 -0.452660
v 0.048902 0.051038 0.434356
v 0.037962 0.248398 -0.254137
v 0.054799 0.013373 -0.301604
v 0.041653 -0.011508 0.267297
v 0.038970 0.124680 0.194819
v 0.059506 -0.031395 -0.149933
v 0.057245 0.117789 -0.456140
v 0.070490 -0.310204 -0.276630
v 0.051294 -0.038595 0.119723
v 0.045762 -0.032087 0.398788
v 0.045690 0.322506 -0.259106
v 0.057080 0.276651 0.059761
v 0.042944 -0.055244 0.082393
v 0.052918 0.126993 0.431887
v 0.041869 0.288822 0.219902
v 0.039028 -0.010495 -0.439809
v 0.050959 0.225040 0.279757
v 0.043445 0.236832 0.407993
v 0.061613 -0.002430 -0.202784
v 0.044191 0.257975 -0.191832
v 0.037065 -0.013158 -0.148596
v 0.055278 0.239412 0.147343
v 0.063167 -0.004753 -0.373609
v 0.041467 -0.115089 -0.071070
v 0.038326 0.228479 -0.246812
v 0.041900 0.136269 0.188096
v 0.047525 -0.090602 -0.303829
v 0.039918 -0.007686 0.260031
v 0.052193 -0.016763 -0.105501
v 0.057785 -0.002126 0.235332
v 0.050820 0.274613 0.457487
v 0.045859 0.069179 -0.013740
v 0.075667 -0.323596 0.380960
v 0.050708 0.065428 0.395063
v 0.057172 0.234055 -0.248178
v 0.044944 0.220596 -0.067531
v 0.062658 -0.084990 -0.376800
v 0.038224 0.273349 0.235681
v 0.055190 0.206606 -0.137803
v 0.041472 -0.006823 0.253777
v 0.042442 -0.002366 0.252443
v 0.059372 0.192864 -0.151981
v 0.052795 0.221262 0.064842
v 0.043849 0.269825 -0.064432
v 0.063801 -0.025749 -0.219018
v 0.060337 0.003464 -0.076472
v 0.054853 -0.041369 0.115952
v 0.057181 0.084578 -0.226016
v 0.045610 -0.006825 0.488174
v 0.041035 -0.009152 0.261837
v 0.042817 0.130197 0.191296
v 0.053650 0.220156 -0.247963
v 0.045143 0.276399 0.283531
v 0.055651 -0.008257 -0.176685
v 0.049531 -0.094951 -0.286277
v 0.051176 0.018942 -0.294169
v 0.058849 0.299700 -0.079295
v 0.058782 0.034456 0.007256
v 0.056024 -0.013869 -0.103819
v 0.048789 0.159058 -0.363841
v 0.055220 -0.106036 -0.218077
v 0.042010 0.124046 0.199142
v 0.052704 0.269157 -0.196662
v 0.058951 -0.003175 0.034717
v 0.048547 -0.027121 0.406523
v 0.054855 -0.092729 0.321660
v 0.051095 -0.077486 0.346289
v 0.043450 0.135475 0.188593
v 0.057868 0.300923 -0.111076
v 0.052554 0.222841 -0.311431
v 0.050431 -0.051728 0.334993
v 0.048409 0.150213 0.181999
v 0.058397 -0.001407 -0.201984
v 0.043494 0.131478 -0.237834
v 0.043353 0.131684 -0.238406
v 0.054104 0.039074 -0.390517
v 0.046881 0.142209 -0.253138
v 0.054994 0.278843 0.151712
v 0.049669 0.294538 0.145388
v 0.048817 0.267267 -0.066676
v 0.059937 -0.013773 0.276776
v 0.043093 -0.147370 -0.305237
v 0.054435 -0.047877 -0.177558
v 0.051280 0.306566 0.035096
v 0.068332 -0.118609 0.332193
v 0.052264 0.124556 0.186111
v 0.043899 0.131766 -0.238209
v 0.050213 0.011143 -0.442939
v 0.063427 0.029956 0.207289
v 0.051182 0.221069 0.374123
v 0.060261 -0.058145 0.342728
v 0.100899 -0.322186 0.074268
v 0.040482 -0.119152 0.032236
v 0.052855 0.122310 0.190375
v 0.062984 -0.313103 0.338006
v 0.054998 -0.103088 -0.273419
v 0.054614 0.238015 -0.139518
v 0.046035 0.258773 0.059893
v 0.057781 0.108666 -0.046772
v 0.049313 0.244447 0.055518
v 0.049616 0.265722 -0.360777
v 0.049068 0.027742 0.120007
v 0.057698 0.099920 0.107084
v 0.049016 -0.061623 0.410850
v 0.047003 -0.058418 0.348065
v 0.050096 0.287639 0.488265
v 0.055573 0.176241 0.178095
v 0.055359 0.227328 -0.475819
v 0.061701 0.033985 0.015147
v 0.053137 0.299695 0.131187
v 0.052712 0.135461 0.190987
v 0.051371 0.157327 -0.402122
v 0.050481 0.171087 -0.406833
v 0.055450 0.097365 -0.125315
v 0.052883 0.083754 -0.388006
v 0.051949 0.278260 0.046223
v 0.048490 0.292531 -0.327356
v 0.066559 -0.113637 0.026891
v 0.049626 -0.103898 0.463447
v 0.047457 0.329027 0.223456
v 0.046807 0.259317 0.260809
v 0.047847 -0.093406 -0.291037
v 0.058883 -0.014624 -0.176649
v 0.054942 0.300158 -0.408010
v 0.049841 -0.046151 -0.472632
v 0.055037 -0.097881 0.467638
v 0.048709 0.240590 0.048193
v 0.053733 0.285508 0.047122
v 0.047870 0.267447 0.054076
v 0.049732 0.298978 -0.038725
v 0.047034 0.144020 -0.131044
v 0.060823 -0.086358 0.242122
v 0.060869 0.085503 -0.229171
v 0.051238 0.194328 -0.452326
v 0.049421 0.139131 0.185630
v 0.061630 -0.111886 -0.027719
v 0.054261 -0.079937 -0.299029
v 0.049234 0.273945 0.054827
v 0.057634 0.231151 -0.124048
v 0.061568 0.097343 0.108598
v 0.063451 0.239714 0.190696
v 0.064821 -0.310137 -0.336024
v 0.054939 0.297250 -0.036158
v 0.058784 -0.107312 -0.105052
v 0.049127 0.305848 0.036001
v 0.060960 -0.092498 0.289990
v 0.052738 0.145169 -0.065013
v 0.059993 0.181507 0.145515
v 0.050272 0.076869 0.226029
v 0.054214 0.260595 0.060797
v 0.053272 0.298647 0.038985
v 0.055484 -0.050792 -0.288555
v 0.061327 0.237017 0.040504
v 0.049664 0.274267 0.276320
v 0.041499 -0.324260 0.075673
v 0.049708 0.144241 -0.134121
v 0.049963 0.305014 0.036412
v 0.057954 0.145085 0.184561
v 0.059390 -0.056186 0.288103
v 0.052274 0.276308 0.060966
v 0.060331 0.019033 -0.257910
v 0.053347 0.271379 0.071243
v 0.075532 -0.320542 0.226792
v 0.056793 -0.029489 0.019915
v 0.054847 0.123782 0.432874
v 0.052323 0.149615 0.183778
v 0.054793 -0.007925 0.030305
v 0.056514 0.236545 -0.410580
v 0.057336 0.249381 -0.008728
v 0.057625 0.293798 0.033367
v 0.058347 0.300766 -0.483481
v 0.056402 0.267132 -0.011298
v 0.061091 -0.028567 -0.327398
v 0.056473 0.150420 -0.039581
v 0.051601 -0.032851 0.023093
v 0.054237 -0.061787 -0.302617
v 0.064605 -0.050844 0.287544
v 0.088713 -0.113195 -0.021444
v 0.055403 0.270018 0.054451
v 0.052957 -0.092654 0.294281
v 0.055190 -0.059974 0.047644
v 0.059273 0.177857 0.176260
v 0.057484 -0.066970 0.054991
v 0.063852 -0.085409 0.237280
v 0.056023 0.145050 -0.058482
v 0.057947 -0.025934 0.020180
v 0.056987 -0.044386 0.035376
v 0.058073 0.257710 0.001034
v 0.080418 -0.122617 0.272726
v 0.057183 -0.052954 0.029173
v 0.058740 -0.044280 0.029464
v 0.057780 -0.084126 -0.299452
v 0.056533 -0.094633 0.011582
v 0.058614 0.234156 -0.404715
v 0.074513 -0.109273 -0.331854
v 0.058409 -0.024565 0.020188
v 0.060562 -0.070075 -0.296821
v 0.056927 -0.000627 0.033956
v 0.056942 -0.043682 -0.043562
v 0.057416 -0.036170 -0.047013
v 0.057507 0.270782 -0.015133
v 0.077097 -0.310315 0.025048
v 0.061348 -0.027629 0.020996
v 0.060826 -0.053242 0.039539
v 0.058501 -0.043525 0.027484
v 0.059565 -0.035855 -0.047246
v 0.061381 -0.040062 0.032586
v 0.060372 -0.047816 0.031020
v 0.058042 -0.042005 -0.043797
v 0.059001 -0.047865 -0.041377
v 0.080322 -0.310495 0.279089
v 0.109120 -0.324585 -0.375091
v 0.060939 -0.045651 -0.046303
v 0.060906 -0.069139 -0.017658
v 0.076359 -0.124193 0.336289
v 0.060397 -0.037571 -0.045828
v 0.061492 -0.044826 0.032024
v 0.071883 -0.314231 -0.332285
v 0.060878 -0.031643 -0.045575
v 0.061582 -0.046689 -0.039967
v 0.097712 -0.310418 -0.280001
v 0.104722 -0.325646 -0.233981
v 0.092709 -0.116079 0.019795
v 0.089906 -0.122123 -0.316261
v 0.130349 -0.322787 -0.254507
v 0.138558 -0.323711 0.036434
v 0.118688 -0.323259 0.245802
v 0.112878 -0.322307 0.363647
v 0.115512 -0.326322 -0.058622
v 0.080541 -0.317523 -0.027034
v 0.090262 -0.316080 0.327021
v 0.102246 -0.318114 0.004450
v 0.100010 -0.309724 0.323256
v 0.096151 -0.131435 -0.006290
v 0.100934 -0.309719 -0.324445
v 0.095885 -0.307272 0.281351
v 0.104465 -0.317769 0.298735
v 0.092784 -0.126502 0.287008
v 0.103774 -0.130236 -0.310588
v 0.089155 -0.115219 -0.282028
v 0.100931 -0.313792 -0.301013
v 0.104927 -0.129946 0.305796
v 0.103905 -0.310057 0.011039
v 0.144352 -0.323407 -0.030640
v 0.148481 -0.322891 -0.309175
v 0.150664 -0.322943 0.310464
v -0.011459 -0.193710 -0.035058
v -0.013077 0.022580 0.234485
v -0.009529 0.148675 -0.290867
v 0.008572 -0.124725 0.057432
v -0.019687 0.028168 0.370720
v -0.021305 -0.328425 0.346060
v -0.009723 0.108613 0.112443
v -0.020480 -0.139130 -0.266101
v 0.008609 -0.170955 0.337361
v -0.012643 0.122758 -0.369569
v -0.015970 0.119240 0.061667
v -0.012295 0.312987 0.208296
v -0.012198 0.124395 0.309955
v -0.009547 -0.316179 0.268832
v -0.014701 -0.324944 0.462436
v -0.018606 -0.009351 0.317560
v -0.040555 -0.323988 -0.215201
v -0.010985 -0.181246 -0.314216
v -0.033994 -0.326456 -0.083890
v -0.009085 -0.193239 0.352090
v -0.012651 0.106478 -0.091078
v -0.076863 -0.108338 -0.494981
v -0.003064 -0.320115 0.025969
v 0.011912 -0.112937 0.258483
v -0.012875 0.086864 0.250292
v -0.017113 -0.325571 -0.354832
v -0.009752 -0.326896 0.494076
v -0.011274 0.004640 0.328400
v -0.012212 0.094361 -0.178747
v -0.011994 0.112710 -0.178678
v -0.010681 -0.209288 0.117297
v -0.020237 0.156902 0.323653
v -0.015071 0.082707 0.115875
v -0.013749 -0.092110 -0.284527
v -0.009846 0.011014 -0.372092
v -0.010017 0.231589 -0.216078
v -0.013705 0.194714 0.127615
v -0.002271 0.020663 0.468682
v -0.020047 0.219614 -0.483235
v -0.002513 -0.221106 -0.003748
v -0.019683 -0.200854 -0.174319
v -0.005332 -0.321589 -0.237947
v -0.021460 0.212854 0.145461
v -0.018319 -0.110086 0.451193
v 0.001240 0.002791 -0.081296
v -0.017163 0.092492 0.126797
v -0.019384 -0.247387 -0.215608
v -0.011864 -0.126309 0.287919
v -0.017963 -0.094188 -0.232175
v -0.018242 0.008184 0.229035
v -0.018246 -0.231482 -0.380581
v -0.073127 0.328004 -0.494688
v -0.017039 -0.148396 -0.261821
v 0.000631 -0.191285 -0.252941
v -0.014118 -0.247272 -0.216736
v -0.022358 -0.109749 -0.287856
v -0.063803 0.126846 -0.476260
v -0.018149 -0.206112 0.127422
v -0.062762 0.319710 -0.074995
v -0.027200 0.317888 -0.026970
v -0.008534 0.121366 -0.046322
v -0.013587 0.300250 -0.205818
v -0.009110 -0.093640 0.288183
v -0.019164 -0.191333 0.363623
v -0.022015 -0.229004 0.213341
v -0.023484 0.000738 0.488108
v -0.001624 0.033011 -0.486267
v -0.009574 0.234875 0.398066
v -0.011851 0.107570 0.393690
v -0.019149 -0.147930 -0.456508
v -0.017931 -0.216396 -0.086072
v -0.005866 -0.218158 -0.398027
v -0.011144 -0.173807 -0.316104
v -0.011036 0.232110 0.406244
v -0.011343 0.231069 -0.100057
v -0.025874 -0.255672 -0.093418
v -0.023583 -0.202822 0.293287
v -0.018598 0.121825 -0.132890
v -0.005541 0.020978 0.479997
v -0.023148 -0.116184 0.049423
v -0.014465 0.096419 0.269670
v -0.017680 -0.199369 0.028416
v -0.020992 -0.327840 -0.246846
v -0.019550 -0.196290 0.128035
v -0.058011 0.327762 0.494262
v -0.024246 -0.257217 -0.092313
v -0.011927 0.022350 -0.249773
v -0.020487 0.097007 0.488713
v -0.025462 0.232941 -0.006461
v -0.007033 -0.165279 -0.292053
v -0.019948 -0.097258 -0.220370
v -0.017049 -0.014134 -0.213453
v -0.007107 0.011038 0.491715
v -0.024800 0.113312 -0.149627
v -0.017346 -0.014039 -0.388587
v -0.019329 0.101867 0.384614
v -0.015929 -0.203464 -0.226345
v -0.015430 0.196351 0.142899
v -0.003193 -0.191905 -0.254401
v -0.015396 0.229694 0.396684
v -0.030281 -0.319045 -0.216610
v -0.016509 -0.326021 -0.402621
v -0.030383 0.204679 0.002354
v -0.012965 0.004627 0.052349
v -0.021870 -0.001243 -0.074755
v -0.026910 -0.319815 0.220113
v -0.017583 -0.087758 -0.075296
v -0.007934 -0.322565 -0.263241
v -0.008494 0.197037 -0.003105
v -0.011592 0.104067 -0.245104
v -0.010020 -0.198683 -0.325969
v -0.007628 -0.094545 0.318483
v -0.007784 -0.171550 -0.294017
v -0.024088 -0.091769 -0.484528
v -0.021569 0.000693 -0.086967
v -0.016616 0.003120 0.219126
v -0.014167 0.099550 -0.385839
v -0.018453 -0.200897 -0.323391
v -0.029303 0.105667 -0.030796
v -0.021615 -0.128865 0.010234
v -0.032144 0.321223 -0.203526
v -0.016862 -0.019066 0.399983
v -0.024736 0.203897 0.089869
v -0.009122 0.202585 0.482918
v -0.022401 -0.112749 -0.423555
v -0.012791 0.027574 0.245640
v -0.026045 -0.170071 0.011537
v -0.015632 -0.170178 0.281234
v -0.029522 -0.329796 0.229237
v -0.008043 -0.210410 0.112792
v -0.008599 0.215973 0.481832
v -0.009779 0.021296 0.155159
v -0.029967 -0.117174 0.296166
v -0.005851 0.325101 0.413995
v -0.019942 -0.006341 -0.225670
v -0.018997 -0.240055 0.382329
v -0.018015 -0.154056 -0.270625
v -0.013472 -0.178787 -0.312804
v -0.018812 -0.198097 0.454642
v -0.022170 -0.100654 0.079548
v -0.021571 0.109682 0.136720
v -0.024261 -0.112722 0.199172
v -0.038542 -0.303145 -0.090275
v -0.009612 0.213725 0.482799
v -0.012459 0.025192 0.480159
v -0.015455 -0.090270 0.335349
v -0.015526 0.219568 0.479134
v -0.022477 0.201593 -0.105465
v -0.022310 -0.103942 -0.376613
v -0.009383 -0.171626 -0.300459
v -0.017025 -0.201302 -0.227941
v -0.074908 0.287894 0.498394
v -0.012036 0.201805 0.487809
v -0.011066 -0.211063 -0.392597
v -0.019334 -0.152358 0.327190
v -0.021416 0.234091 -0.393809
v -0.011903 -0.099413 -0.124281
v -0.013500 0.080022 0.085205
v -0.013759 -0.169221 -0.297825
v -0.013229 -0.206979 -0.389428
v -0.034811 -0.231325 -0.483879
v -0.013211 -0.191336 0.350764
v -0.025337 -0.113183 -0.327396
v -0.017997 0.216764 -0.385300
v -0.020489 -0.024744 0.059474
v -0.027254 0.217513 0.083715
v -0.015197 -0.317461 0.270363
v -0.018149 -0.108840 0.387468
v -0.019236 -0.206557 -0.383666
v -0.013022 0.021468 0.166388
v -0.055686 0.188186 -0.473789
v -0.022003 0.098984 -0.490439
v -0.023249 0.119610 -0.032276
v -0.020269 -0.198544 0.357541
v -0.078699 -0.080750 0.301899
v -0.019848 0.103417 0.488155
v -0.024645 0.326947 0.393341
v -0.021996 -0.250653 0.087732
v -0.015170 0.213210 -0.311623
v -0.025135 0.321656 -0.076161
v -0.023330 0.203878 -0.150463
v -0.035812 -0.318060 0.373979
v -0.034358 -0.204657 -0.493316
v -0.022715 -0.330212 -0.188249
v -0.066189 0.184055 -0.494832
v -0.020552 -0.099740 0.400115
v -0.031753 -0.323788 -0.076673
v -0.021339 -0.141527 -0.269935
v -0.027026 0.320327 -0.392175
v -0.019787 -0.025423 -0.390096
v -0.033335 -0.317754 -0.371427
v -0.017842 -0.000259 0.138645
v -0.023610 -0.102154 -0.288290
v -0.036556 0.242553 -0.042006
v -0.019482 -0.227244 0.219342
v -0.025724 -0.113245 -0.135921
v -0.028901 0.321763 -0.394576
v -0.021520 -0.007907 0.467993
v -0.022744 -0.200153 0.294756
v -0.022205 -0.199117 0.358766
v -0.020473 0.090250 -0.078132
v -0.030167 -0.193038 -0.136106
v -0.047533 -0.093962 0.491695
v -0.026636 0.003282 -0.484730
v -0.021999 -0.102703 -0.288304
v -0.023008 -0.143426 -0.267796
v -0.018934 0.229687 -0.476390
v -0.040562 -0.278474 -0.493713
v -0.026130 0.140321 -0.299389
v -0.023065 -0.285404 0.219596
v -0.018972 -0.080153 0.210649
v -0.024080 -0.325946 0.246194
v -0.022531 -0.136013 -0.273810
v -0.022429 -0.132049 -0.275803
v -0.023111 -0.130582 -0.276017
v -0.072080 0.112463 -0.484612
v -0.066991 0.319260 0.166943
v -0.063189 -0.200332 0.492250
v -0.053885 0.184824 0.473457
v -0.046548 -0.105434 0.488192
v -0.023356 -0.114842 -0.281172
v -0.027631 -0.115571 0.191590
v -0.031239 -0.321403 -0.374190
v -0.057884 -0.112004 -0.321180
v -0.022651 -0.136863 -0.273003
v -0.041901 -0.323097 0.111793
v -0.022753 -0.132447 -0.274951
v -0.037425 -0.324000 -0.085207
v -0.039213 0.190133 -0.069079
v -0.041582 0.203148 0.061175
v -0.034582 0.322410 0.171507
v -0.078255 -0.169748 -0.492126
v -0.044821 -0.324523 0.104380
v -0.022445 -0.116545 -0.020407
v -0.066820 0.323641 -0.077703
v -0.051662 -0.149926 -0.327687
v -0.080981 0.225883 -0.480102
v -0.058497 -0.326634 0.496940
v -0.059333 0.330766 -0.388991
v -0.037556 -0.249702 0.490705
v -0.082861 0.060653 -0.487262
v -0.064458 -0.321795 0.492510
v -0.055160 -0.109711 -0.289838
v -0.051916 -0.116301 -0.330724
v -0.055133 -0.318751 0.223629
v -0.072915 -0.005643 0.488395
v -0.067317 0.181068 -0.493100
v -0.077198 0.324380 -0.088217
v -0.066937 0.324746 0.201100
v -0.069279 0.227506 0.483115
v -0.064619 0.145946 0.493016
v -0.055955 -0.107046 -0.022368
v -0.057032 -0.111159 0.325361
v -0.038392 -0.244585 0.486176
v -0.070806 -0.325076 -0.101450
v -0.055240 0.102356 0.486937
v -0.072444 0.324193 0.271612
v -0.069986 0.325119 -0.023704
v -0.065623 -0.327581 -0.176674
v -0.063005 -0.102776 0.280616
v -0.054213 0.325699 0.465086
v -0.084429 0.220928 -0.478707
v -0.073354 -0.315186 -0.346949
v -0.076985 0.005088 -0.487348
v -0.073133 0.324382 -0.255632
v -0.056287 -0.122588 0.014969
v -0.059338 -0.318743 -0.496062
v -0.068087 -0.106282 0.016644
v -0.053861 -0.269875 -0.101135
v -0.069741 -0.126436 0.315579
v -0.054544 -0.318467 0.384899
v -0.067800 0.326534 0.398107
v -0.058803 -0.144076 -0.292296
v -0.062481 -0.202875 -0.491736
v -0.077052 0.062545 -0.487890
v -0.068765 -0.322005 -0.495700
v -0.070291 0.325311 -0.491361
v -0.040599 -0.314166 -0.371808
v -0.065170 -0.319037 -0.393858
v -0.073337 0.328545 0.168153
v -0.060891 -0.093495 -0.003644
v -0.080680 0.228553 0.492459
v -0.079468 0.074333 0.484539
v -0.073733 0.191966 0.479458
v -0.049612 -0.327203 0.127590
v -0.036671 -0.323078 0.378340
v -0.061890 0.324825 0.396680
v -0.051866 -0.252061 -0.086437
v -0.083339 -0.316319 -0.251745
v -0.067812 -0.095256 -0.307310
v -0.073298 0.214911 -0.479188
v -0.077860 -0.315531 0.351626
v -0.078847 0.327782 0.297682
v -0.083295 -0.313725 -0.350100
v -0.062666 -0.125524 0.282667
v -0.046797 -0.296407 0.374357
v -0.062804 -0.197571 0.491142
v -0.075922 0.118508 0.493952
v -0.068803 0.327737 0.203467
v -0.046487 -0.012095 -0.286573
v -0.047574 0.151904 0.134174
v -0.053462 0.214336 0.134972
v -0.057734 -0.261748 -0.088778
v -0.048070 -0.302333 0.376101
v -0.047703 -0.155964 0.021840
v -0.046320 0.285920 -0.205827
v -0.067565 -0.105267 0.491666
v -0.048855 -0.288431 0.376984
v -0.078354 -0.170718 0.496894
v -0.051879 -0.007584 -0.246001
v -0.059588 0.317448 -0.204871
v -0.048073 0.009194 -0.089713
v -0.049083 -0.008838 -0.287098
v -0.054217 0.311022 0.455703
v -0.049053 0.211785 -0.021139
v -0.082512 -0.301416 -0.063474
v -0.056064 -0.196853 0.001148
v -0.065161 0.314673 0.494010
v -0.054640 0.219064 -0.209563
v -0.057528 -0.245194 0.383065
v -0.057320 -0.263163 -0.090865
v -0.081578 -0.301178 -0.395678
v -0.052298 -0.034307 -0.087596
v -0.049254 0.253463 0.089778
v -0.059270 0.324693 -0.201970
v -0.065593 0.324129 -0.393859
v -0.051939 -0.251497 -0.235584
v -0.074645 0.212519 0.470926
v -0.048995 -0.204972 -0.162014
v -0.053966 -0.203126 -0.283471
v -0.068240 -0.225748 -0.388426
v -0.052961 -0.114055 0.424527
v -0.057119 0.021922 -0.075209
v -0.070625 -0.323661 0.210840
v -0.054661 -0.284967 -0.090109
v -0.045126 0.252370 0.090496
v -0.058076 0.213281 0.137095
v -0.056610 0.088915 -0.093124
v -0.050656 0.103794 0.235590
v -0.057339 -0.106671 -0.295067
v -0.067680 -0.321401 0.438832
v -0.051804 0.211942 -0.019839
v -0.061075 -0.241123 0.379881
v -0.058160 0.110342 -0.003843
v -0.058107 0.088143 -0.090686
v -0.050708 0.179566 -0.286554
v -0.056815 0.113280 0.214797
v -0.059698 0.084343 0.097634
v -0.065260 0.323745 0.455671
v -0.054655 -0.191987 -0.347863
v -0.052098 -0.136524 0.328042
v -0.051513 0.017891 0.238334
v -0.063819 -0.225692 -0.388696
v -0.053355 -0.094677 -0.224890
v -0.060745 -0.101316 -0.142235
v -0.051676 0.220608 0.465338
v -0.052665 0.223013 -0.287439
v -0.071803 -0.328909 0.111280
v -0.056279 0.100878 0.054373
v -0.077567 0.315094 -0.158278
v -0.052703 -0.118834 -0.269665
v -0.058487 -0.185032 -0.135270
v -0.055201 -0.109199 -0.313822
v -0.051881 -0.015107 0.220126
v -0.053840 0.121324 0.291141
v -0.054027 0.095551 0.126160
v -0.050026 -0.108559 -0.389212
v -0.061789 0.213664 -0.263420
v -0.052714 0.085199 0.100756
v -0.051882 -0.004543 -0.483620
v -0.066525 -0.187745 0.326753
v -0.073316 0.317354 -0.189169
v -0.055833 -0.153966 -0.333637
v -0.052471 -0.107024 0.384681
v -0.055821 -0.194059 -0.135016
v -0.055430 -0.106742 -0.134765
v -0.076916 0.214941 0.477470
v -0.052113 0.097715 0.066713
v -0.050568 -0.005112 0.092465
v -0.054763 -0.205666 -0.225603
v -0.055241 0.127005 0.310500
v -0.058594 0.274916 -0.074354
v -0.074126 -0.200738 -0.288059
v -0.055846 0.109513 0.226457
v -0.057141 0.096019 0.127187
v -0.054936 0.010633 0.239747
v -0.056485 -0.193739 -0.343595
v -0.062486 0.210694 0.078202
v -0.060089 0.226927 0.280970
v -0.054182 -0.203085 -0.025771
v -0.056183 0.212439 0.307690
v -0.056672 -0.119493 0.329486
v -0.074210 0.328441 -0.019371
v -0.071477 0.214995 -0.267605
v -0.051378 0.149731 0.133017
v -0.056378 -0.118410 -0.269158
v -0.054818 -0.007823 -0.243197
v -0.054898 -0.206422 -0.084097
v -0.053738 -0.189797 -0.384369
v -0.055388 -0.097372 -0.227051
v -0.087129 -0.301376 -0.064883
v -0.055335 0.105268 -0.025253
v -0.081368 -0.074253 -0.000331
v -0.057048 -0.196396 0.087943
v -0.059093 -0.002585 0.276422
v -0.054715 -0.010802 0.224929
v -0.087393 -0.317695 0.366886
v -0.052060 0.005537 0.173497
v -0.060426 -0.324656 -0.163302
v -0.063136 0.141704 0.344061
v -0.055936 -0.187969 -0.443154
v -0.057215 0.212417 0.080142
v -0.058605 0.118622 0.357789
v -0.057277 -0.135268 -0.016221
v -0.060581 -0.202809 -0.382950
v -0.054518 -0.105033 0.393232
v -0.060094 -0.043987 0.076728
v -0.082995 0.005581 -0.075381
v -0.074491 0.030226 0.172176
v -0.060177 -0.125937 -0.323615
v -0.054535 -0.190288 0.392026
v -0.055552 -0.061690 0.076606
v -0.057739 0.021349 0.043825
v -0.055719 -0.062953 0.075705
v -0.055378 0.112341 0.429417
v -0.063129 -0.215699 -0.228497
v -0.060024 -0.107285 -0.024946
v -0.068445 -0.240639 -0.395505
v -0.056315 -0.043305 0.081680
v -0.055785 -0.059984 0.074475
v -0.054808 -0.094334 -0.086443
v -0.062934 0.022907 0.045250
v -0.067081 -0.107671 0.466333
v -0.057151 -0.188961 -0.418155
v -0.059780 0.220870 0.395799
v -0.059272 0.221106 -0.394699
v -0.067655 -0.209464 -0.085363
v -0.055506 -0.202387 -0.009608
v -0.054738 0.001076 0.172481
v -0.077544 -0.256945 0.424406
v -0.054570 0.111355 -0.447104
v -0.066569 0.189246 0.485403
v -0.053110 -0.107300 -0.389442
v -0.067385 0.211128 0.307921
v -0.083294 -0.074688 -0.484731
v -0.056633 -0.046878 0.078536
v -0.054186 -0.006183 -0.451999
v -0.071557 -0.179751 0.018109
v -0.060401 -0.199365 0.087604
v -0.062686 0.110250 -0.232461
v -0.055716 -0.200238 0.329834
v -0.084395 0.012711 -0.259187
v -0.057995 -0.177831 -0.019261
v -0.057501 -0.090484 0.082807
v -0.060875 0.154301 0.314502
v -0.056440 0.221010 -0.058543
v -0.057134 -0.234903 -0.400744
v -0.058548 0.217580 0.225208
v -0.059375 -0.144999 -0.303731
v -0.082819 0.304146 -0.192543
v -0.057051 0.095419 -0.036706
v -0.057657 -0.202514 0.220083
v -0.079902 0.033295 0.173966
v -0.057679 -0.189368 -0.382499
v -0.056412 -0.088742 0.220965
v -0.063320 -0.157402 -0.270896
v -0.076666 0.082856 0.471582
v -0.065844 -0.006001 -0.097470
v -0.057480 -0.195105 0.414277
v -0.083844 0.093790 0.207289
v -0.078550 -0.121600 0.451428
v -0.071239 0.176957 -0.288916
v -0.061349 0.095271 -0.394002
v -0.063451 0.172316 0.360093
v -0.064948 0.120680 -0.331123
v -0.060467 0.118904 0.359862
v -0.072915 0.285629 0.158978
v -0.058093 0.112939 -0.010820
v -0.059209 -0.018092 -0.396349
v -0.059559 -0.141153 -0.302090
v -0.058554 -0.203720 0.263696
v -0.058343 -0.108147 0.027521
v -0.065648 0.159707 0.208481
v -0.060098 -0.101869 0.128648
v -0.063036 0.297843 0.221295
v -0.056088 0.154904 0.312674
v -0.081503 0.288837 -0.028464
v -0.061962 -0.114532 -0.433761
v -0.056504 -0.033600 -0.206307
v -0.071360 0.078040 0.172102
v -0.054242 -0.002014 0.090335
v -0.061135 0.217755 -0.459979
v -0.061389 -0.196906 0.324747
v -0.056764 0.094385 -0.122398
v -0.059890 -0.129423 -0.324571
v -0.059874 -0.030837 -0.209155
v -0.057881 -0.187593 -0.417181
v -0.057573 -0.195073 0.417222
v -0.058072 -0.113384 0.021771
v -0.065689 0.106694 0.428965
v -0.061130 0.018724 -0.387167
v -0.062033 0.252615 0.400059
v -0.077071 0.037408 0.458915
v -0.060234 -0.278621 -0.183335
v -0.060538 0.087511 -0.168873
v -0.060608 -0.022634 -0.172269
v -0.080676 -0.101337 -0.471761
v -0.083690 -0.273608 -0.245320
v -0.081260 0.186980 -0.281390
v -0.079783 -0.129573 -0.335738
v -0.080213 -0.084335 0.302183
v -0.057122 -0.084091 0.218169
v -0.069556 -0.109496 -0.425619
v -0.070117 -0.158968 -0.324196
v -0.078704 -0.118187 -0.227954
v -0.085121 -0.116578 -0.120448
v -0.060799 0.215734 -0.164226
v -0.083264 0.327302 0.106004
v -0.057159 0.097561 -0.392682
v -0.082904 -0.082943 0.376047
v -0.076126 -0.289042 -0.183815
v -0.059550 -0.199606 0.312635
v -0.057086 -0.323939 -0.464370
v -0.078005 0.327911 -0.261988
v -0.070822 -0.152408 0.015398
v -0.057407 0.091484 -0.166810
v -0.059439 0.211364 -0.327233
v -0.082645 0.102778 0.219811
v -0.059407 0.200439 -0.145886
v -0.070950 -0.306685 -0.178511
v -0.059432 -0.195768 0.418389
v -0.057861 0.219566 0.228458
v -0.068118 -0.051846 0.077993
v -0.080092 0.125318 0.214245
v -0.065532 -0.202140 0.292065
v -0.062998 -0.104229 0.131560
v -0.057494 0.109645 -0.450306
v -0.064658 -0.232648 -0.395042
v -0.059042 -0.194853 0.417894
v -0.088256 -0.290083 0.076538
v -0.060866 -0.193701 0.384728
v -0.063603 0.089000 0.392679
v -0.054718 -0.115794 -0.330978
v -0.066925 -0.193210 -0.464709
v -0.063227 0.218769 -0.392187
v -0.085619 -0.032170 0.231280
v -0.086843 -0.237055 -0.212596
v -0.061995 -0.127754 0.020656
v -0.056996 0.130102 -0.321163
v -0.067108 0.248667 0.403816
v -0.075420 -0.167802 0.015726
v -0.076135 0.161154 0.466800
v -0.060139 -0.192012 -0.381093
v -0.079124 0.266333 -0.087499
v -0.078916 -0.193505 -0.275812
v -0.071724 -0.197623 0.451286
v -0.061256 0.262697 0.209070
v -0.079418 0.292485 -0.060013
v -0.063953 0.211690 -0.455623
v -0.074113 -0.096736 0.465950
v -0.063455 -0.105509 0.280157
v -0.061843 -0.005828 0.487700
v -0.060186 0.098962 -0.126265
v -0.058809 -0.094293 0.084693
v -0.060342 -0.014687 0.402206
v -0.062282 -0.018566 -0.397173
v -0.060594 -0.200312 0.331004
v -0.070332 -0.204348 0.073286
v -0.061784 -0.194828 0.138335
v -0.065791 -0.193640 0.276080
v -0.084269 -0.290689 -0.271124
v -0.078455 0.322233 0.066703
v -0.062937 -0.001300 0.435792
v -0.059417 0.169424 -0.477872
v -0.065138 -0.020634 -0.175113
v -0.078225 0.193436 0.118498
v -0.084200 -0.006459 0.234896
v -0.060173 -0.143135 -0.303530
v -0.060192 -0.144302 -0.303436
v -0.088910 0.196783 0.153821
v -0.072397 -0.009362 -0.097211
v -0.076510 0.091799 0.050861
v -0.067873 0.173146 -0.318553
v -0.082474 -0.029934 -0.222394
v -0.060760 0.206976 -0.098082
v -0.068615 -0.167045 -0.276760
v -0.063134 -0.234204 -0.227453
v -0.061895 -0.006924 0.360494
v -0.058107 -0.091945 -0.486718
v -0.080549 -0.234940 -0.214771
v -0.063067 0.018456 -0.387078
v -0.076849 0.205228 0.377286
v -0.064099 0.106683 -0.238865
v -0.066616 -0.112021 -0.303142
v -0.065413 0.224658 0.396623
v -0.085231 -0.182327 -0.387091
v -0.077507 -0.285346 -0.192170
v -0.062651 0.276778 -0.072611
v -0.060947 -0.199650 0.309293
v -0.077983 -0.222421 -0.002970
v -0.093040 -0.326764 0.229600
v -0.083646 0.123055 0.158166
v -0.084286 0.116928 0.251664
v -0.082245 0.156329 0.302136
v -0.067307 -0.197727 0.448032
v -0.082200 0.194787 0.121325
v -0.071919 -0.142297 -0.301852
v -0.061968 -0.125279 -0.321890
v -0.077467 -0.315459 0.252914
v -0.079177 0.021214 -0.417226
v -0.077356 0.046725 0.075248
v -0.083858 0.103308 0.086337
v -0.078178 -0.184702 0.123400
v -0.084849 0.230702 0.274121
v -0.064791 -0.007883 0.437400
v -0.082367 0.029268 0.456277
v -0.089506 -0.026678 0.101981
v -0.086826 -0.171347 0.000032
v -0.070203 -0.192210 0.152363
v -0.070102 -0.151881 -0.312785
v -0.081148 0.128287 0.207202
v -0.069571 -0.305999 0.221251
v -0.069522 0.259449 0.407537
v -0.062324 -0.005544 0.384606
v -0.075266 0.260728 -0.101499
v -0.074455 0.280770 0.275966
v -0.067381 0.177937 -0.317320
v -0.065358 0.109800 -0.234290
v -0.092548 -0.312586 0.052063
v -0.073338 0.155793 -0.318736
v -0.083936 0.080828 -0.112180
v -0.079918 0.148979 0.324561
v -0.076259 0.297428 -0.217273
v -0.083530 -0.321195 -0.088335
v -0.068868 0.287801 0.207308
v -0.084056 -0.028279 0.102793
v -0.058605 0.098806 0.467214
v -0.081499 0.085208 0.466384
v -0.077012 -0.107079 0.495471
v -0.090434 0.222624 0.104409
v -0.071340 -0.133968 -0.283567
v -0.087990 0.200632 0.002026
v -0.085666 0.120180 0.455851
v -0.088743 0.117047 0.421977
v -0.082747 0.105120 0.250365
v -0.081790 0.020210 0.405185
v -0.067882 0.178013 -0.296694
v -0.082751 -0.098431 -0.209406
v -0.062813 -0.195583 0.129996
v -0.071474 0.274438 -0.127553
v -0.081093 -0.193072 -0.040354
v -0.086449 0.194992 -0.168726
v -0.085774 -0.117696 0.370003
v -0.075522 0.164315 0.350091
v -0.090460 0.089445 0.088361
v -0.085333 -0.101279 -0.214159
v -0.084454 0.206916 -0.266714
v -0.067825 -0.200678 -0.490944
v -0.086984 0.010028 -0.216756
v -0.077692 -0.176674 0.318866
v -0.082288 0.083585 0.113124
v -0.070648 -0.228483 -0.390985
v -0.079645 0.199138 0.293480
v -0.091702 -0.231181 0.405857
v -0.089582 -0.226636 0.412872
v -0.080056 0.147459 0.154036
v -0.083478 0.209460 -0.327386
v -0.082776 0.066041 -0.150432
v -0.077287 -0.237647 0.451465
v -0.080997 -0.126543 0.179914
v -0.082479 0.082637 0.374056
v -0.080977 -0.013442 -0.471940
v -0.071034 -0.181882 -0.296056
v -0.061484 0.095067 0.389579
v -0.078400 0.090305 0.452276
v -0.085574 0.013709 0.463111
v -0.087786 -0.093189 -0.087934
v -0.078245 0.282034 0.224664
v -0.078793 0.253350 -0.074878
v -0.086319 0.042718 -0.061924
v -0.085810 0.194956 0.002983
v -0.076243 -0.283228 -0.445747
v -0.078352 -0.162822 0.063609
v -0.088939 -0.188436 -0.368916
v -0.080885 0.105853 0.085157
v -0.072127 0.107404 -0.243698
v -0.073172 -0.169829 -0.489333
v -0.080107 0.095198 0.408472
v -0.086966 0.099991 -0.404396
v -0.085305 0.230563 0.255478
v -0.084911 -0.196576 -0.116411
v -0.079227 0.009558 -0.483825
v -0.063290 0.191377 -0.138595
v -0.079826 0.239816 -0.146867
v -0.075670 -0.114170 -0.322015
v -0.084508 0.018542 -0.233288
v -0.081150 -0.223708 0.258701
v -0.079996 -0.122259 0.362110
v -0.081233 -0.063013 -0.408869
v -0.089350 -0.217242 -0.350309
v -0.084424 0.049663 -0.372355
v -0.082780 -0.223999 0.063192
v -0.083497 0.272668 0.429351
v -0.082204 -0.000628 -0.369919
v -0.090314 -0.224043 -0.103052
v -0.059183 0.083966 0.173636
v -0.088792 -0.090827 -0.372836
v -0.070834 -0.306948 -0.175176
v -0.084719 -0.009361 -0.471944
v -0.084374 -0.237178 -0.399852
v -0.081948 -0.117912 -0.421776
v -0.071624 -0.194975 0.275164
v -0.085223 0.225202 -0.240923
v -0.090037 0.165161 -0.463119
v -0.073638 -0.269623 -0.203226
v -0.082947 0.223003 -0.283635
v -0.088320 0.221804 -0.239806
v -0.082318 -0.092844 -0.272064
v -0.069315 -0.233139 -0.394681
v -0.067822 -0.230755 -0.392666
v -0.087106 0.236806 0.201001
v -0.076431 0.258156 0.139494
v -0.078302 0.270284 -0.124042
v -0.088005 -0.114186 -0.369953
v -0.086937 0.145964 0.158507
v -0.075019 -0.164816 -0.314077
v -0.080705 -0.234825 0.448343
v -0.083080 -0.097579 0.103707
v -0.078961 -0.098257 -0.309050
v -0.083622 -0.003857 0.047730
v -0.074208 0.262890 0.114110
v -0.071308 -0.318865 0.391889
v -0.079118 -0.029318 0.275974
v -0.087398 0.229947 -0.087678
v -0.075469 0.296172 -0.253107
v -0.082637 0.180458 -0.286117
v -0.084270 0.257354 0.372878
v -0.101695 -0.109968 -0.323535
v -0.086338 0.026927 0.038333
v -0.078217 -0.213811 0.364538
v -0.078729 0.080293 0.371382
v -0.087337 0.121047 0.183805
v -0.085032 -0.090798 0.194898
v -0.082241 -0.287718 -0.440258
v -0.083644 -0.242611 0.491912
v -0.075483 0.284412 -0.245412
v -0.087386 -0.038955 -0.219566
v -0.087311 -0.093597 -0.077045
v -0.079590 -0.319919 0.119003
v -0.080736 -0.170487 -0.448513
v -0.074314 -0.295246 -0.181539
v -0.082501 0.086731 -0.198778
v -0.084797 0.267212 0.415521
v -0.079722 0.004604 -0.071542
v -0.085033 -0.022321 0.386271
v -0.085423 0.018830 0.214496
v -0.083649 -0.131240 0.282175
v -0.087844 -0.090197 0.071440
v -0.062454 0.219942 -0.209898
v -0.078055 -0.075714 0.414326
v -0.086702 -0.037397 0.414842
v -0.080273 0.134730 0.289736
v -0.085052 0.162634 -0.460248
v -0.085569 -0.084676 0.379015
v -0.087184 0.289393 -0.405878
v -0.081394 0.299579 -0.359780
v -0.086246 0.273587 -0.479488
v -0.082224 -0.194847 -0.035146
v -0.082180 -0.211900 0.200476
v -0.084532 0.104224 -0.012040
v -0.082772 0.095177 0.049481
v -0.078052 0.242024 -0.028374
v -0.079414 -0.029554 0.422428
v -0.080562 0.235056 -0.191414
v -0.082651 -0.223788 -0.004469
v -0.087055 -0.313122 0.116433
v -0.085226 0.111274 -0.052540
v -0.082918 0.231550 -0.088450
v -0.082295 0.285973 -0.252784
v -0.078558 -0.015114 0.277944
v -0.077471 0.263789 0.288659
v -0.085188 0.222130 0.060551
v -0.084695 0.084422 -0.102877
v -0.079293 0.196298 0.217047
v -0.083763 -0.297873 0.323409
v -0.099668 -0.111377 -0.296694
v -0.088501 -0.231943 -0.400028
v -0.078816 0.320057 -0.092629
v -0.082128 -0.079236 -0.002237
v -0.083522 0.093781 -0.403223
v -0.082219 0.016408 0.113202
v -0.082547 0.257766 -0.048802
v -0.083977 0.119693 0.007144
v -0.073140 -0.298220 -0.178802
v -0.081802 -0.119912 -0.449840
v -0.081377 0.117341 -0.045057
v -0.085021 0.194018 -0.031280
v -0.076642 -0.153088 0.290203
v -0.082631 -0.138389 0.464517
v -0.083270 0.197080 -0.172301
v -0.085000 0.107521 0.245310
v -0.081729 0.323016 0.109452
v -0.087358 -0.320863 -0.226664
v -0.085574 -0.217171 -0.342920
v -0.086768 -0.319113 0.085407
v -0.087367 0.054232 -0.375356
v -0.079358 0.135194 0.202539
v -0.084807 -0.149936 -0.335244
v -0.079481 -0.214665 0.367886
v -0.082601 -0.130846 0.058735
v -0.085577 -0.116069 0.118131
v -0.084860 -0.220041 -0.105679
v -0.077697 -0.287445 -0.184089
v -0.080604 -0.091509 0.103418
v -0.085970 0.004660 -0.377383
v -0.087469 0.270394 0.378910
v -0.080595 0.293084 0.223128
v -0.085106 -0.090941 -0.470660
v -0.085665 -0.187510 -0.118927
v -0.080134 0.234966 -0.158506
v -0.075860 -0.279787 -0.191383
v -0.072150 -0.167692 0.003767
v -0.073140 0.215768 0.379505
v -0.085617 0.105854 -0.317401
v -0.080859 0.021951 0.212242
v -0.072584 -0.300819 -0.177699
v -0.076669 0.112785 -0.113361
v -0.084528 0.294533 -0.217136
v -0.076442 -0.102687 -0.007781
v -0.082713 -0.117951 -0.036808
v -0.082993 0.030225 -0.056557
v -0.075537 0.303308 -0.157936
v -0.081839 0.104401 -0.317843
v -0.081828 0.319304 0.069839
v -0.090836 0.008462 -0.154758
v -0.085642 -0.082768 -0.374673
v -0.083495 -0.037813 -0.168063
v -0.071003 -0.260571 -0.494591
v -0.084777 -0.220436 0.264414
v -0.084597 0.126048 -0.226197
v -0.082172 -0.212650 0.114858
v -0.080922 -0.091244 0.070321
v -0.086263 -0.094039 0.198789
v -0.085520 -0.210204 0.202179
v -0.086710 -0.222398 -0.247650
v -0.082832 0.127533 -0.204343
v -0.085931 -0.210453 0.113352
v -0.085218 0.186214 0.349808
v -0.078217 0.260498 0.110788
v -0.085604 0.016895 0.407071
v -0.078841 -0.072891 0.255887
v -0.079140 -0.269194 0.257747
v -0.087364 0.125448 -0.348839
v -0.071564 -0.122874 0.023432
v -0.080761 -0.089425 -0.311632
v -0.075857 -0.302769 -0.180763
v -0.070615 -0.172699 -0.446382
v -0.085965 0.017348 0.107280
v -0.074501 -0.298625 -0.178400
v -0.089020 -0.087048 -0.420084
v -0.077976 -0.261137 0.293929
v -0.083021 0.231756 0.290440
v -0.121538 -0.323436 0.368921
v -0.082934 0.110566 0.148773
v -0.087782 -0.123582 -0.224243
v -0.084350 -0.224294 -0.074097
v -0.081841 -0.089727 0.465948
v -0.087321 0.010246 -0.258660
v -0.081324 0.062889 -0.424906
v -0.081474 0.110477 -0.111452
v -0.079144 -0.293253 0.267796
v -0.080926 0.030634 0.037410
v -0.083397 -0.119466 -0.044423
v -0.082491 0.199333 0.223729
v -0.087208 -0.293485 -0.107507
v -0.088106 -0.226752 -0.458935
v -0.083246 0.240360 0.412332
v -0.081700 -0.183478 -0.358488
v -0.083219 0.295135 0.161729
v -0.085460 0.222618 0.107425
v -0.085003 0.299602 -0.360880
v -0.079671 0.197160 -0.036785
v -0.080734 -0.191597 -0.165252
v -0.090350 0.119577 -0.369904
v -0.091474 -0.226646 -0.459885
v -0.084464 -0.255614 0.425752
v -0.084375 0.120278 0.425836
v -0.088231 0.013589 0.288557
v -0.083172 -0.091069 -0.077413
v -0.087310 0.003434 -0.188054
v -0.086253 -0.092094 -0.307422
v -0.084327 0.203314 -0.332991
v -0.090524 -0.308293 0.264653
v -0.081037 -0.294970 -0.178622
v -0.083368 0.024150 -0.406543
v -0.082141 -0.070409 -0.337373
v -0.086350 0.018601 0.294930
v -0.087573 -0.187850 0.126786
v -0.089031 0.014420 -0.146916
v -0.083154 -0.053938 0.269785
v -0.085345 -0.261350 0.267699
v -0.087996 0.219681 0.063789
v -0.083841 -0.249788 0.491622
v -0.079586 -0.292539 -0.319335
v -0.082550 -0.284215 -0.001201
v -0.084945 0.288026 -0.045185
v -0.078687 0.079049 0.112401
v -0.090856 -0.115540 -0.121676
v -0.082555 -0.149713 0.062181
v -0.086537 -0.193087 0.375141
v -0.140577 -0.325157 0.036558
v -0.087031 0.276773 0.163451
v -0.085057 -0.075354 -0.330682
v -0.092809 0.239590 0.206882
v -0.080189 -0.024575 0.386682
v -0.083484 0.093153 -0.028408
v -0.089524 0.218417 -0.285398
v -0.082206 -0.192287 0.364896
v -0.082507 -0.192276 -0.162847
v -0.099250 -0.308707 -0.333704
v -0.084563 -0.059538 0.232778
v -0.088446 0.009973 -0.440786
v -0.087187 0.194719 0.156467
v -0.105574 -0.114864 0.003030
v -0.097704 -0.126843 0.313726
v -0.084210 -0.313781 0.363339
v -0.089766 -0.300154 -0.328895
v -0.085076 -0.302253 0.282626
v -0.084269 -0.091695 -0.093410
v -0.086809 -0.300038 -0.287580
v -0.087325 -0.051874 -0.018741
v -0.087607 -0.035683 -0.167106
v -0.094343 -0.320563 -0.377009
v -0.088369 -0.054698 -0.013694
v -0.085480 -0.291753 0.005475
v -0.093422 -0.300542 0.338518
v -0.094017 -0.302897 0.048024
v -0.086046 -0.307928 0.293060
v -0.113651 -0.322910 -0.067927
v -0.102346 -0.135547 -0.011156
v -0.127443 -0.322473 0.260302
v -0.135303 -0.323096 0.337139
v -0.130323 -0.324036 -0.262576
v -0.140651 -0.323768 -0.336435
v -0.146384 -0.323800 -0.020650
vn -0.0045 0.0452 -0.9990
vn -0.5190 -0.5980 -0.6107
vn -0.5001 0.0250 -0.8656
vn 0.5624 -0.8268 -0.0108
vn 0.4738 -0.6268 -0.6186
vn -0.9880 -0.1340 -0.0770
vn 0.7825 0.0906 -0.6161
vn 0.7826 0.2185 -0.5830
vn 0.3708 -0.7001 0.6101
vn 0.0421 0.0231 -0.9988
vn 0.5572 0.3397 0.7578
vn -0.3864 0.6258 0.6775
vn -0.0562 0.0446 0.9974
vn -0.3069 -0.1307 0.9427
vn -0.5917 0.1120 0.7983
vn 0.4868 0.0109 0.8734
vn 0.9255 0.3783 0.0158
vn 0.4478 -0.6074 -0.6561
vn 0.9869 -0.1185 -0.1099
vn -0.5402 0.0597 0.8394
vn 0.7312 0.0993 0.6749
vn -0.0373 0.9852 0.1672
vn -0.0371 0.9859 0.1629
vn -0.0289 0.9852 0.1690
vn 0.9461 0.0508 0.3198
vn 0.9647 -0.1776 0.1944
vn 0.7174 0.2460 -0.6518
vn -0.9886 0.1457 0.0374
vn -0.9895 0.1395 0.0383
vn -0.9878 0.1513 0.0362
vn 0.0166 0.9921 0.1244
vn -0.0361 0.1303 -0.9908
vn -0.6452 0.0187 -0.7638
vn -0.9477 0.2893 -0.1344
vn -0.8583 0.1984 0.4733
vn -0.8418 -0.3172 0.4368
vn 0.9460 -0.3239 0.0110
vn -0.1376 -0.3595 0.9229
vn 0.9656 0.1183 0.2314
vn -0.9750 0.1328 0.1779
vn -0.9154 0.3733 -0.1506
vn 0.9784 -0.1927 -0.0749
vn 0.8109 0.5823 -0.0579
vn 0.3593 0.7582 0.5441
vn 0.9537 0.2943 0.0625
vn 0.9680 0.2073 -0.1416
vn -0.3730 -0.8782 0.2992
vn 0.9920 0.0026 -0.1259
vn 0.9685 0.0129 0.2487
vn 0.8545 -0.1787 0.4877
vn 0.5700 0.0449 -0.8204
vn 0.5990 0.0600 -0.7985
vn 0.5756 0.0568 -0.8158
vn 0.2689 -0.7757 0.5709
vn -0.2774 0.9565 0.0900
vn 0.4280 -0.8346 0.3467
vn 0.9109 -0.3980 0.1086
vn 0.9883 0.1051 0.1104
vn 0.9880 0.0857 0.1288
vn 0.9842 0.1049 0.1424
vn 0.1590 -0.8302 -0.5343
vn -0.9879 -0.0717 -0.1375
vn -0.9122 0.2736 -0.3050
vn -0.6286 -0.7731 0.0842
vn 0.8957 -0.3306 0.2975
vn -0.9202 -0.3099 -0.2392
vn -0.9270 0.3643 0.0897
vn -0.4182 -0.7358 0.5326
vn 0.6216 -0.7431 -0.2479
vn -0.9623 -0.1328 -0.2374
vn -0.9728 -0.2033 -0.1106
vn 0.1256 -0.9908 -0.0505
vn -0.9723 -0.2215 0.0745
vn 0.9100 0.3266 0.2554
vn -0.9954 -0.0779 0.0549
vn -0.6986 0.7116 0.0748
vn -0.6699 -0.5618 -0.4853
vn -0.6867 0.4101 -0.6003
vn -0.7580 0.5060 -0.4117
vn -0.5450 -0.6086 0.5767
vn 0.6092 -0.0418 -0.7919
vn 0.7783 -0.2889 -0.5575
vn -0.7606 -0.1181 -0.6384
vn -0.7852 -0.3177 -0.5315
vn 0.2849 -0.9321 0.2235
vn -0.9590 -0.2747 -0.0691
vn 0.8289 0.1512 -0.5386
vn -0.6392 -0.5402 0.5473
vn -0.8922 0.4208 0.1640
vn -0.6946 0.7176 -0.0508
vn 0.9688 -0.1249 -0.2142
vn 0.4411 -0.1792 0.8794
vn 0.9010 0.3409 0.2684
vn 0.6802 0.7277 0.0878
vn -0.9736 -0.2277 -0.0160
vn -0.5168 -0.8289 0.2140
vn 0.1607 -0.4754 -0.8650
vn -0.9596 0.2251 0.1691
vn -0.7175 0.3337 -0.6114
vn 0.0575 0.0400 -0.9975
vn 0.0399 0.0027 -0.9992
vn 0.0396 0.0027 -0.9992
vn 0.8334 0.5304 -0.1550
vn 0.8949 -0.4444 -0.0404
vn 0.6944 -0.7191 -0.0256
vn 0.9395 0.3319 0.0851
vn 0.9959 -0.0165 0.0885
vn 0.9964 -0.0224 0.0819
vn 0.9961 -0.0231 0.0847
vn 0.9999 -0.0058 0.0091
vn 0.8502 0.3648 0.3795
vn 0.5986 0.7880 -0.1437
vn 0.8879 0.4597 -0.0179
vn -0.4604 -0.5347 0.7086
vn -0.4440 0.7962 0.4109
vn 0.1882 -0.5596 -0.8071
vn 0.4763 0.5750 -0.6652
vn -0.9803 -0.0959 -0.1728
vn 0.6561 -0.7452 0.1197
vn 0.9104 -0.3048 -0.2797
vn -0.6365 -0.3268 -0.6986
vn -0.9833 0.1818 0.0018
vn -0.9809 0.1904 0.0404
vn -0.9796 0.1968 0.0413
vn -0.8958 -0.4372 -0.0802
vn -0.9971 0.0433 -0.0619
vn -0.9970 0.0222 -0.0745
vn -0.9965 0.0265 -0.0790
vn -0.1417 0.2379 -0.9609
vn -0.6688 0.7294 0.1441
vn 0.2585 -0.8386 -0.4795
vn -0.4834 -0.8518 -0.2022
vn -0.3402 0.9397 0.0354
vn 0.8951 -0.4375 0.0861
vn 0.8933 0.2391 0.3806
vn 0.9284 -0.3715 -0.0041
vn 0.9244 0.3718 0.0848
vn 0.9918 0.0499 0.1178
vn 0.9001 0.1151 -0.4202
vn -0.8956 0.4135 -0.1640
vn -0.9717 -0.0535 -0.2302
vn -0.9696 -0.0633 -0.2362
vn -0.9749 -0.0569 -0.2152
vn -0.8560 0.3362 0.3927
vn 0.7372 0.5662 -0.3686
vn 0.6065 -0.3791 -0.6989
vn 0.9867 -0.0635 -0.1499
vn 0.9767 -0.1398 -0.1628
vn 0.8093 -0.5722 0.1327
vn 0.9603 0.2570 -0.1088
vn 0.9736 -0.1732 0.1484
vn -0.9023 -0.2224 0.3693
vn 0.8908 -0.4340 0.1343
vn 0.9996 -0.0234 -0.0125
vn 0.5648 -0.7373 -0.3707
vn 0.8147 -0.5035 -0.2875
vn 0.9308 0.2631 -0.2537
vn 0.8669 -0.4983 0.0112
vn -0.6446 0.7644 -0.0118
vn -0.9549 -0.2925 -0.0514
vn -0.6267 0.6561 0.4204
vn -0.6911 0.5997 -0.4034
vn 0.5714 0.0530 0.8189
vn -0.9089 0.3674 -0.1971
vn 0.7506 0.4685 -0.4660
vn 0.2584 -0.9389 -0.2272
vn 0.5444 -0.6952 0.4693
vn 0.1713 -0.9694 0.1758
vn 0.2262 -0.9715 0.0702
vn 0.0136 -0.8579 0.5136
vn 0.5999 -0.8000 0.0102
vn -0.9980 -0.0542 -0.0333
vn -0.9974 -0.0595 -0.0396
vn -0.9979 -0.0593 -0.0271
vn -0.9980 0.0019 0.0631
vn -0.9594 0.1827 -0.2147
vn 0.8498 0.1801 -0.4954
vn -0.9939 0.1066 -0.0293
vn -0.9310 -0.1308 -0.3409
vn -0.6117 0.4930 0.6186
vn -0.8677 0.3083 0.3898
vn -0.6935 -0.7037 -0.1547
vn 0.0166 -0.7941 -0.6075
vn -0.9154 -0.3909 0.0957
vn -0.9015 -0.2490 -0.3541
vn -0.9649 -0.0919 -0.2458
vn -0.3220 -0.1884 0.9278
vn 0.9637 -0.2431 -0.1105
vn 0.4321 0.7631 -0.4806
vn 0.8972 -0.0360 0.4402
vn 0.9337 -0.0814 0.3488
vn 0.9167 -0.0197 0.3992
vn 0.8634 0.3022 0.4040
vn 0.9600 -0.0654 0.2723
vn 0.9951 0.0971 0.0210
vn 0.9206 0.3804 0.0876
vn -0.6912 -0.6363 0.3425
vn 0.7528 -0.0028 0.6582
vn 0.0254 0.5913 -0.8060
vn 0.9799 -0.1247 0.1558
vn 0.8883 0.0352 0.4578
vn -0.0151 0.4335 0.9010
vn 0.7328 0.3645 0.5745
vn -0.9627 -0.2371 0.1304
vn -0.8689 0.4289 -0.2472
vn -0.9366 0.2273 -0.2665
vn -0.6637 -0.6855 0.2992
vn -0.9753 0.1257 0.1814
vn -0.9809 0.1164 0.1556
vn -0.9781 0.1048 0.1800
vn -0.7833 -0.1885 -0.5923
vn -0.0932 0.7384 -0.6679
vn 0.6469 -0.2343 -0.7257
vn -0.1904 0.7806 -0.5953
vn 0.5650 0.7491 -0.3458
vn -0.6048 0.7926 0.0769
vn 0.7858 0.0098 0.6184
vn 0.9676 -0.2361 -0.0890
vn -0.5332 -0.8456 -0.0244
vn -0.5591 -0.0412 0.8281
vn 0.9773 -0.1904 0.0932
vn 0.6946 -0.4974 0.5197
vn 0.5941 -0.6158 0.5175
vn 0.9250 0.3795 -0.0184
vn -0.7632 -0.4635 0.4503
vn -0.6981 -0.5664 -0.4380
vn -0.0846 -0.3967 0.9141
vn -0.0052 -0.2707 -0.9627
vn -0.8961 -0.2719 -0.3507
vn 0.4593 -0.4935 -0.7386
vn 0.4032 0.5886 -0.7007
vn 0.9230 0.3195 -0.2144
vn 0.6659 0.4979 0.5556
vn 0.7568 -0.0760 0.6492
vn 0.5096 0.7306 0.4545
vn -0.1303 0.7634 0.6327
vn -0.7809 -0.2422 0.5757
vn 0.4732 -0.0933 0.8760
vn -0.9912 -0.0790 -0.1058
vn 0.9994 -0.0042 0.0348
vn -0.8864 -0.1895 -0.4224
vn -0.5004 -0.6310 -0.5928
vn -0.9315 -0.0634 -0.3582
vn 0.7587 -0.6137 -0.2185
vn 0.8926 -0.1632 -0.4202
vn 0.4923 -0.2824 0.8233
vn -0.6228 0.7370 0.2625
vn -0.3309 -0.1996 -0.9223
vn 0.4607 -0.7225 -0.5155
vn 0.9650 -0.2498 -0.0801
vn 0.9968 -0.0720 -0.0361
vn 0.9968 -0.0719 -0.0362
vn 0.8293 0.3032 0.4694
vn 0.8068 0.5885 0.0522
vn -0.3257 0.9126 0.2472
vn -0.9247 0.3800 0.0218
vn -0.9932 0.0262 0.1139
vn -0.9946 0.0502 0.0905
vn -0.9950 0.0177 0.0984
vn -0.9868 -0.0004 -0.1620
vn -0.9884 -0.0070 -0.1516
vn -0.9931 -0.0009 -0.1171
vn -0.8661 -0.2685 0.4216
vn -0.4428 -0.1687 -0.8806
vn -0.8388 0.5386 0.0802
vn -0.9066 0.1232 0.4036
vn -0.8119 -0.0496 -0.5817
vn -0.9958 0.0196 -0.0899
vn -0.9931 0.0096 -0.1168
vn -0.9954 0.0298 -0.0906
vn -0.9627 0.1143 -0.2451
vn 0.8039 0.4164 0.4246
vn 0.8707 0.0009 -0.4919
vn 0.9788 -0.0984 0.1795
vn 0.8122 -0.5395 0.2220
vn 0.9853 0.1596 0.0608
vn 0.4909 0.0992 0.8656
vn 0.7281 -0.5484 0.4113
vn 0.0123 -0.0428 0.9990
vn 0.0158 -0.0320 0.9994
vn 0.0172 -0.0313 0.9994
vn 0.0354 0.0514 0.9980
vn 0.0224 0.0632 0.9978
vn 0.0262 0.0547 0.9982
vn -0.0440 -0.0200 -0.9988
vn 0.4649 -0.1766 -0.8676
vn 0.0523 0.7855 0.6166
vn -0.4405 0.6606 0.6079
vn -0.9274 0.1144 -0.3561
vn -0.9052 -0.0886 0.4157
vn -0.0056 0.9999 -0.0126
vn 0.0141 0.9994 -0.0313
vn 0.0051 0.9995 -0.0303
vn 0.0309 -0.0351 0.9989
vn 0.0490 -0.0490 0.9976
vn 0.0354 -0.0199 0.9992
vn -0.2176 0.7360 0.6411
vn 0.0657 -0.8692 -0.4901
vn 0.2304 -0.1673 0.9586
vn -0.9321 -0.3488 0.0977
vn -0.9946 -0.0935 0.0459
vn -0.7144 -0.6896 -0.1191
vn -0.8594 0.4810 0.1734
vn -0.3098 0.4955 0.8115
vn -0.9701 0.1420 -0.1968
vn -0.7962 0.5725 -0.1959
vn -0.4124 -0.8566 0.3101
vn 0.7644 -0.1108 0.6352
vn 0.9478 0.3077 0.0839
vn 0.6122 0.7253 -0.3149
vn 0.7285 -0.3340 -0.5981
vn -0.9968 0.0760 -0.0249
vn -0.9862 0.0519 0.1571
vn -0.8588 -0.3246 -0.3963
vn 0.7381 0.6740 -0.0310
vn 0.9881 -0.0838 -0.1289
vn 0.9861 -0.1016 -0.1317
vn 0.9891 -0.0828 -0.1216
vn 0.7868 0.6116 0.0835
vn -0.8238 -0.5381 -0.1784
vn -0.8764 -0.0524 -0.4787
vn -0.8463 0.2059 0.4912
vn -0.8143 -0.3824 -0.4367
vn -0.8073 0.5208 -0.2775
vn 0.9979 -0.0331 -0.0550
vn -0.9497 0.0015 -0.3130
vn -0.9985 0.0435 0.0332
vn -0.9893 0.1028 0.1036
vn -0.7906 0.1399 0.5962
vn -0.7997 0.2549 -0.5436
vn -0.7800 0.1205 0.6140
vn -0.3188 0.4403 0.8393
vn 0.4913 0.2087 -0.8456
vn 0.5158 -0.0101 0.8567
vn 0.2661 0.4480 0.8535
vn -0.3360 0.2653 -0.9037
vn -0.4373 -0.6753 -0.5939
vn 0.8563 0.4274 0.2899
vn 0.8792 0.4603 -0.1234
vn 0.9996 -0.0013 -0.0299
vn 0.9976 -0.0653 0.0251
vn 0.7186 -0.3942 -0.5729
vn 0.9999 0.0107 0.0067
vn 1.0000 -0.0036 -0.0001
vn 1.0000 0.0040 0.0014
vn 0.9963 -0.0164 0.0848
vn 0.9582 -0.2516 -0.1360
vn -0.3919 0.8107 -0.4349
vn 0.6693 0.5780 -0.4668
vn 0.8857 -0.4365 0.1583
vn 0.7954 0.5851 -0.1580
vn -0.9787 -0.1495 -0.1406
vn -0.9145 0.2245 0.3365
vn 0.8444 -0.0538 -0.5330
vn 0.9042 -0.2121 0.3707
vn 0.4266 0.3871 -0.8174
vn 0.3608 -0.6848 -0.6331
vn -0.5412 0.7693 -0.3394
vn -0.1180 0.9885 -0.0948
vn 0.2960 0.2084 0.9322
vn 0.8356 -0.5251 -0.1614
vn 0.1956 0.4602 0.8660
vn 0.3251 0.9443 -0.0511
vn 0.1875 0.7132 0.6754
vn -0.3192 0.6907 0.6488
vn -0.6611 -0.3498 -0.6638
vn -0.9518 0.2822 -0.1200
vn -0.9532 0.2714 -0.1331
vn -0.9568 0.2582 -0.1335
vn -0.9873 0.1064 -0.1179
vn -0.9894 0.1168 -0.0863
vn -0.9899 0.1118 -0.0867
vn -0.9978 -0.0225 0.0626
vn -0.7432 -0.5948 0.3065
vn -0.7407 -0.3813 -0.5531
vn -0.9569 -0.2786 -0.0825
vn -0.8332 -0.5345 0.1414
vn -0.7948 -0.3823 0.4714
vn -0.9944 -0.0830 -0.0651
vn -0.3416 0.7325 -0.5888
vn 0.7637 -0.6346 -0.1186
vn -0.9995 0.0223 0.0235
vn 0.6960 -0.6876 0.2067
vn 0.6827 -0.2361 -0.6915
vn 0.9094 0.4058 0.0908
vn 0.9997 0.0147 0.0212
vn 0.9993 0.0096 0.0375
vn 0.9995 0.0016 0.0320
vn 0.8837 0.4588 0.0920
vn 0.9974 -0.0704 -0.0137
vn -0.7798 0.1816 -0.5991
vn 0.9991 -0.0113 0.0411
vn 0.9990 -0.0040 0.0444
vn 0.9993 -0.0008 0.0378
vn 0.7866 -0.1983 -0.5848
vn 0.8063 0.3118 0.5026
vn 0.1125 0.4462 0.8878
vn 0.9707 0.2066 -0.1227
vn 0.7545 -0.3649 0.5455
vn 0.5719 0.3008 -0.7632
vn 0.9842 -0.1744 -0.0294
vn -0.0952 -0.0376 0.9947
vn 0.5284 0.8325 0.1666
vn 0.9861 -0.1630 0.0321
vn -0.9132 0.1232 -0.3885
vn 0.3817 -0.6353 -0.6714
vn 0.4307 -0.1026 0.8966
vn 0.4870 -0.2696 0.8307
vn -0.7187 -0.5334 -0.4460
vn 0.7368 -0.6656 -0.1188
vn 0.9279 0.3691 -0.0535
vn 0.4826 -0.8671 -0.1234
vn 0.5927 -0.3332 -0.7332
vn -0.9982 0.0606 0.0022
vn -0.0446 -0.9959 0.0783
vn 0.9993 -0.0328 -0.0183
vn -0.8897 -0.3795 0.2540
vn -0.9628 -0.2657 0.0487
vn -0.2793 -0.3180 -0.9060
vn -0.1002 0.2566 0.9613
vn -0.5560 0.3675 0.7455
vn 0.6038 0.7281 0.3244
vn 0.0213 -0.8487 -0.5285
vn -0.9045 0.2670 0.3326
vn 0.1653 0.2169 0.9621
vn -0.3025 -0.2301 0.9250
vn 0.8683 0.0200 -0.4956
vn 0.0808 0.8160 -0.5724
vn 0.5194 -0.0731 -0.8514
vn 0.5263 -0.0668 -0.8477
vn 0.5428 -0.1076 -0.8329
vn -0.5285 0.5197 0.6713
vn 0.1973 -0.8027 0.5629
vn -0.7969 -0.3265 0.5083
vn -0.7221 0.6203 0.3064
vn 0.7089 0.7050 0.0190
vn -0.9453 0.3190 -0.0677
vn -0.7397 0.4911 -0.4601
vn -0.8722 0.4297 -0.2339
vn -0.9987 0.0436 0.0278
vn -0.6920 -0.7193 0.0611
vn -0.9759 0.0923 -0.1977
vn -0.9585 -0.2128 0.1896
vn -0.9968 0.0799 0.0085
vn -0.9949 0.0963 0.0290
vn -0.9961 0.0877 -0.0043
vn -0.9754 0.1402 0.1703
vn 0.0481 -0.9898 0.1343
vn -0.0420 0.1479 0.9881
vn 0.1551 -0.2489 -0.9560
vn -0.6131 0.0701 -0.7869
vn -0.9805 -0.1326 -0.1449
vn -0.1231 -0.9633 -0.2387
vn -0.8816 -0.4036 0.2448
vn -0.3413 -0.0094 -0.9399
vn -0.7758 -0.5884 -0.2279
vn 0.8045 0.2924 0.5171
vn 0.7829 0.3184 -0.5345
vn -0.6647 -0.5777 -0.4738
vn 0.9224 0.3826 -0.0536
vn 0.4121 -0.4519 -0.7912
vn 0.0387 -0.8876 -0.4589
vn 0.8807 -0.1283 -0.4560
vn 0.0461 0.9786 -0.2003
vn -0.4732 -0.8175 0.3283
vn 0.9294 -0.3566 0.0948
vn -0.8131 0.4377 0.3837
vn -0.8319 0.3877 0.3971
vn -0.8301 0.4056 0.3826
vn -0.9812 0.1906 -0.0313
vn -0.9759 -0.1212 0.1817
vn -0.8890 -0.4568 -0.0318
vn -0.9296 -0.3148 -0.1915
vn -0.7402 0.5191 -0.4274
vn 0.2736 -0.9129 -0.3030
vn -0.0382 -0.0308 -0.9988
vn -0.6115 0.7874 0.0787
vn -0.9585 -0.0514 0.2805
vn -0.8251 -0.5387 -0.1705
vn -0.9968 -0.0693 -0.0395
vn -0.9938 0.1016 -0.0457
vn -0.5540 0.5424 -0.6315
vn -0.9867 0.0732 0.1453
vn -0.9941 0.0458 0.0987
vn -0.9942 0.0527 0.0937
vn 0.9827 -0.1604 0.0930
vn 0.7401 -0.2966 -0.6036
vn 0.8665 -0.4967 0.0490
vn 0.8655 -0.5001 0.0286
vn 0.8617 -0.5069 0.0250
vn 0.9532 -0.0627 0.2957
vn -0.0210 -0.9845 0.1743
vn -0.3928 -0.9188 -0.0382
vn 0.1822 -0.0123 0.9832
vn 0.9916 -0.0292 0.1257
vn 0.8365 -0.0879 0.5409
vn 0.9873 0.1146 -0.1103
vn 0.9992 0.0049 -0.0397
vn 0.9997 0.0035 -0.0241
vn 0.9997 0.0141 -0.0180
vn -0.3427 0.6454 0.6827
vn 0.6153 0.0724 -0.7850
vn -0.9687 0.1020 -0.2265
vn 0.8399 -0.0209 0.5424
vn 0.9996 0.0244 0.0150
vn 0.7514 -0.4203 -0.5087
vn 0.8378 0.1704 0.5188
vn 0.9981 -0.0363 0.0506
vn 0.9972 -0.0526 0.0535
vn 0.9973 -0.0419 0.0603
vn 0.8266 0.2642 -0.4969
vn 0.9779 0.2090 0.0037
vn -0.4033 -0.6085 -0.6834
vn -0.6938 0.7183 -0.0518
vn -0.9938 -0.1025 -0.0434
vn -0.9920 -0.1208 -0.0357
vn -0.9948 -0.0969 -0.0306
vn -0.9290 -0.2837 0.2375
vn -0.8827 0.1653 0.4399
vn -0.3187 -0.6337 0.7049
vn -0.7468 -0.6348 -0.1984
vn 0.9868 -0.1431 -0.0756
vn 0.9104 0.2068 -0.3584
vn 0.9435 -0.3293 -0.0373
vn 0.9933 0.0877 0.0758
vn 0.6023 0.3441 0.7203
vn 0.9845 -0.1751 0.0116
vn 0.9818 0.1859 0.0384
vn 0.6399 -0.6913 0.3357
vn 0.9424 -0.3334 0.0259
vn -0.7220 -0.2174 -0.6569
vn 0.2555 0.2468 0.9348
vn -0.7377 -0.4808 0.4739
vn -0.9910 0.1336 0.0131
vn -0.9954 -0.0791 0.0535
vn -0.9956 -0.0815 0.0459
vn -0.9964 -0.0758 0.0374
vn 0.8972 0.1202 0.4249
vn -0.0091 0.9990 -0.0427
vn -0.0342 0.9979 -0.0547
vn -0.0044 0.9983 -0.0577
vn 0.8050 0.5636 -0.1854
vn -0.6854 0.5862 -0.4321
vn -0.9882 0.1472 0.0417
vn -0.9481 0.1969 0.2498
vn -0.1878 0.9818 -0.0299
vn -0.1716 0.9798 -0.1031
vn -0.1882 0.9792 -0.0759
vn -0.9118 -0.3796 -0.1567
vn -0.2280 -0.2076 -0.9513
vn 0.5649 -0.3888 0.7279
vn 0.9291 0.0424 0.3674
vn 0.7725 -0.5584 -0.3025
vn -0.7089 0.4971 -0.5004
vn -0.0104 0.4626 0.8865
vn -0.3512 -0.4718 0.8088
vn 0.6046 -0.4760 0.6386
vn 0.9971 -0.0734 0.0221
vn 0.9961 -0.0871 -0.0151
vn 0.9978 -0.0647 0.0157
vn 0.9801 -0.1482 0.1322
vn 0.9956 0.0111 -0.0926
vn 0.9953 0.0053 -0.0971
vn 0.9969 -0.0128 -0.0774
vn -0.9418 0.3343 -0.0364
vn -0.9202 -0.2818 -0.2717
vn -0.9041 0.4264 -0.0290
vn 0.4976 -0.1743 0.8497
vn -0.8346 -0.5485 0.0496
vn -0.8552 -0.1293 -0.5018
vn 0.4521 -0.8588 0.2410
vn 0.8299 0.4155 -0.3724
vn 0.9165 0.0086 0.4000
vn 0.5069 -0.8396 -0.1951
vn 0.3550 0.3401 0.8708
vn 0.6396 -0.1850 -0.7461
vn 0.6472 -0.1734 -0.7423
vn 0.6472 -0.1743 -0.7421
vn 0.9214 0.0891 -0.3783
vn -0.5583 -0.8240 -0.0965
vn -0.9749 -0.2103 0.0725
vn -0.8466 -0.5321 -0.0090
vn -0.8417 -0.1475 -0.5195
vn 0.8055 -0.5912 0.0394
vn 0.8585 0.0536 -0.5100
vn 0.9047 -0.3756 -0.2012
vn -0.2138 -0.6473 -0.7316
vn 0.0237 -0.0278 0.9993
vn -0.5510 0.7590 0.3469
vn 0.7294 0.5690 0.3797
vn 0.9904 0.0840 0.1093
vn 0.8978 -0.3264 0.2958
vn -0.3904 0.9193 0.0499
vn 0.8877 0.3701 -0.2737
vn -0.9936 -0.0956 -0.0605
vn 0.9417 -0.3166 -0.1135
vn 0.9427 0.3319 -0.0349
vn 0.9261 -0.0398 0.3752
vn 0.9699 -0.2084 -0.1259
vn 0.4423 0.6468 0.6213
vn 0.5924 0.6099 -0.5264
vn 0.9280 0.0233 -0.3719
vn 0.9979 0.0247 -0.0591
vn 0.9982 0.0423 -0.0415
vn 0.9980 0.0345 -0.0536
vn -0.8695 -0.3573 0.3411
vn -0.8996 0.3715 0.2296
vn -0.9528 0.2951 -0.0716
vn -0.8535 -0.5186 0.0521
vn -0.9438 0.0710 0.3229
vn -0.8299 0.5311 0.1709
vn -0.7075 -0.4156 -0.5716
vn -0.6907 0.5677 -0.4479
vn -0.9999 0.0062 0.0089
vn -0.9999 0.0067 0.0093
vn -0.9999 0.0074 0.0099
vn -0.9750 -0.1317 0.1787
vn -0.9771 -0.1259 0.1716
vn -0.9767 -0.1265 0.1733
vn -0.9949 -0.0432 0.0914
vn -0.3871 -0.7622 -0.5188
vn -0.3157 -0.9110 -0.2654
vn -0.9327 -0.3607 0.0043
vn -0.9383 0.0448 -0.3430
vn 0.9267 -0.3420 0.1554
vn -0.8033 0.5117 -0.3049
vn 0.7965 0.3350 -0.5033
vn -0.6792 -0.7339 0.0046
vn -0.9162 -0.1593 -0.3676
vn -0.6499 -0.3154 0.6915
vn -0.5823 0.6321 0.5113
vn 0.4639 0.0411 -0.8849
vn 0.8398 -0.4137 -0.3517
vn -0.9929 -0.0221 -0.1172
vn -0.3816 -0.2830 0.8800
vn 0.8763 0.4309 0.2155
vn 0.9976 0.0514 0.0464
vn 0.9909 -0.1127 0.0730
vn 0.0146 0.4660 -0.8846
vn 0.9330 0.2215 0.2834
vn -0.9812 -0.1139 -0.1560
vn 0.8595 0.2258 0.4586
vn 0.8552 -0.1735 -0.4884
vn 0.0477 0.7987 -0.5999
vn -0.6114 0.7905 -0.0348
vn -0.1322 -0.9857 0.1044
vn 0.4860 -0.8175 -0.3089
vn 0.4690 -0.6911 0.5499
vn -0.5956 -0.4005 -0.6964
vn 0.2973 -0.8568 0.4213
vn -0.9749 0.1847 0.1245
vn -0.9748 0.1850 0.1247
vn -0.9747 0.1853 0.1250
vn -0.0322 -0.9793 -0.1998
vn -0.9283 0.0063 0.3719
vn 0.6191 0.6664 -0.4156
vn 0.6248 0.7770 -0.0766
vn 0.5559 -0.2893 -0.7793
vn -0.8128 -0.4619 0.3550
vn -0.6222 -0.7757 -0.1057
vn 0.9651 -0.1311 -0.2268
vn 0.9650 -0.1428 -0.2201
vn 0.9639 -0.1370 -0.2283
vn 0.9371 -0.0372 0.3471
vn 0.8241 0.0525 0.5640
vn -0.1513 0.3396 0.9283
vn 0.8850 -0.4488 -0.1234
vn 0.8337 0.2895 -0.4703
vn 0.9324 -0.3457 -0.1054
vn 0.7314 0.2409 0.6380
vn 0.6174 0.7207 -0.3154
vn 0.1073 0.8250 -0.5548
vn 0.2768 -0.8672 0.4140
vn -0.9745 0.1315 0.1817
vn -0.9868 0.1556 -0.0453
vn -0.8333 -0.2400 0.4980
vn -0.7819 0.5817 0.2243
vn 0.6590 -0.5532 0.5095
vn -0.9181 0.3063 -0.2515
vn -0.8334 0.1195 0.5396
vn -0.9849 0.1400 0.1014
vn -0.4515 -0.3101 0.8366
vn -0.6368 -0.4052 0.6559
vn 0.1242 0.9918 -0.0286
vn -0.8873 -0.1320 -0.4420
vn -0.0211 -0.0795 -0.9966
vn -0.2403 -0.8161 0.5256
vn 0.5595 -0.3840 -0.7345
vn -0.4968 -0.8651 -0.0688
vn 0.9782 -0.1185 -0.1702
vn 0.9518 -0.1518 0.2666
vn 0.7033 0.7101 -0.0343
vn 0.6536 0.5563 -0.5132
vn 0.4879 -0.4609 -0.7413
vn -0.7192 -0.4327 -0.5436
vn -0.7948 -0.4764 0.3760
vn -0.0416 0.8231 0.5664
vn 0.3603 -0.0309 0.9323
vn 0.6916 0.5268 0.4941
vn 0.2975 -0.4219 0.8565
vn 0.5373 0.4097 -0.7372
vn -0.3397 -0.5366 -0.7724
vn -0.3674 -0.4351 -0.8220
vn -0.1359 -0.2373 0.9619
vn -0.9291 -0.3482 0.1247
vn -0.2279 -0.5689 0.7902
vn 0.6181 0.5498 0.5619
vn -0.9871 0.0321 -0.1568
vn -0.7898 0.4700 -0.3941
vn -0.6956 0.4151 -0.5864
vn 0.1224 -0.9923 -0.0189
vn 0.1122 -0.9932 -0.0319
vn 0.1365 -0.9896 -0.0451
vn -0.6308 0.7758 -0.0173
vn -0.9410 0.1883 0.2810
vn -0.9489 0.1708 0.2652
vn -0.9491 0.1705 0.2648
vn 0.3796 0.8894 0.2548
vn -0.0406 0.0244 0.9989
vn -0.0442 0.0359 0.9984
vn -0.0676 0.0215 0.9975
vn -0.9801 0.0919 -0.1759
vn -0.4644 -0.8564 0.2257
vn -0.2749 0.1281 0.9529
vn -0.4652 0.8380 -0.2852
vn -0.9740 0.1721 0.1475
vn -0.9750 0.1744 0.1377
vn -0.9729 0.1819 0.1425
vn 0.4323 0.0403 -0.9008
vn -0.0368 -0.9914 0.1257
vn -0.1691 -0.9837 0.0605
vn -0.1696 -0.9839 0.0568
vn -0.1759 -0.9843 0.0137
vn -0.9995 -0.0177 -0.0267
vn -0.6206 -0.2812 -0.7320
vn 0.4059 0.3735 -0.8341
vn -0.9002 -0.2893 -0.3256
vn -0.9687 -0.1452 0.2015
vn -0.9034 -0.2472 0.3504
vn -0.7927 -0.1216 -0.5974
vn 0.8059 -0.0253 -0.5915
vn 0.8006 -0.0373 -0.5980
vn 0.8073 -0.0145 -0.5900
vn 0.7695 -0.4852 0.4154
vn 0.6417 0.5393 0.5454
vn 0.9451 0.2155 -0.2457
vn 0.9683 0.1673 0.1855
vn 0.9501 -0.0991 0.2958
vn 0.4975 0.6208 -0.6059
vn 0.9862 -0.1434 -0.0825
vn 0.9861 -0.1447 -0.0822
vn 0.9877 -0.1344 -0.0802
vn 0.9609 0.1547 0.2298
vn -0.9968 0.0800 0.0034
vn 0.8612 0.3190 0.3957
vn 0.2056 0.9766 -0.0636
vn -0.8171 -0.4739 -0.3283
vn -0.9803 -0.1824 0.0753
vn -0.6767 0.7283 -0.1085
vn 0.2899 -0.3344 -0.8967
vn -0.7827 0.4829 -0.3927
vn -0.7348 -0.4384 0.5176
vn -0.8283 0.3623 0.4273
vn -0.6932 -0.5879 0.4169
vn -0.6597 0.5737 -0.4855
vn -0.7792 -0.6258 0.0352
vn 0.6629 -0.4561 -0.5938
vn 0.3770 -0.7138 0.5902
vn 0.9969 -0.0630 -0.0481
vn 0.9994 -0.0085 -0.0338
vn 0.9988 -0.0257 -0.0408
vn -0.4884 -0.2448 -0.8376
vn -0.6427 -0.6516 0.4031
vn -0.9956 0.0119 -0.0933
vn -0.6979 0.4899 0.5224
vn -0.4282 -0.0955 0.8986
vn 0.4271 0.2459 0.8701
vn 0.9830 -0.0975 0.1557
vn 0.9593 -0.0216 0.2815
vn 0.8918 -0.3959 0.2191
vn 0.3808 0.8184 -0.4304
vn -0.6797 -0.6986 -0.2234
vn -0.9497 0.0775 -0.3033
vn 0.8685 -0.4870 -0.0925
vn 0.6981 -0.7071 0.1122
vn -0.8648 0.0697 -0.4973
vn 0.8472 -0.5309 -0.0182
vn -0.9286 0.3568 -0.1021
vn -0.8880 0.4549 0.0671
vn -0.9413 0.3164 0.1175
vn -0.6895 -0.5854 -0.4265
vn -0.8388 0.3890 -0.3809
vn -0.9991 -0.0377 -0.0215
vn -0.9978 -0.0641 -0.0187
vn -0.9986 -0.0490 -0.0200
vn -0.6802 0.5151 -0.5215
vn -0.7756 0.4296 0.4625
vn 0.5847 -0.5436 0.6022
vn 0.6601 -0.5934 -0.4606
vn 0.9994 -0.0097 -0.0347
vn 0.9993 -0.0131 -0.0338
vn 0.9993 -0.0375 -0.0029
vn 0.6619 0.5129 0.5467
vn 0.7268 -0.5425 0.4212
vn 0.9143 0.2410 -0.3256
vn 0.6440 -0.2697 -0.7159
vn -0.7750 0.5434 0.3227
vn -0.9392 -0.0836 -0.3331
vn -0.2597 -0.7287 -0.6337
vn 0.8975 0.1093 -0.4273
vn 0.9998 0.0187 -0.0027
vn 0.6424 0.6454 0.4132
vn 0.9975 0.0295 0.0642
vn 0.9975 0.0295 0.0645
vn 0.9975 0.0295 0.0643
vn 0.8161 0.5761 -0.0458
vn 0.9953 -0.0790 0.0564
vn 0.8821 -0.3659 -0.2967
vn 0.9737 -0.2063 0.0971
vn 0.9752 -0.2013 0.0924
vn 0.9769 -0.1975 0.0821
vn 0.5191 -0.7632 -0.3849
vn 0.4811 -0.7026 -0.5243
vn -0.7780 -0.1828 0.6011
vn -0.0693 0.7967 -0.6003
vn 0.0726 0.9967 -0.0356
vn 0.9564 0.1709 -0.2368
vn 0.9731 0.2151 -0.0827
vn 0.9769 0.1964 -0.0846
vn 0.9757 0.2141 -0.0464
vn -0.1801 -0.3251 0.9284
vn 0.7073 -0.7068 -0.0147
vn 0.0252 0.0226 -0.9994
vn 0.9169 0.3940 -0.0638
vn -0.9712 -0.0105 -0.2382
vn 0.8727 0.4218 0.2461
vn -0.9645 -0.2209 0.1450
vn -0.4852 -0.6503 -0.5846
vn -0.9789 -0.1784 -0.0996
vn -0.6069 0.4956 -0.6213
vn -0.7542 -0.4102 0.5127
vn -0.9918 0.1180 0.0500
vn -0.9987 0.0311 -0.0401
vn -0.9987 0.0427 -0.0281
vn -0.9983 0.0545 -0.0183
vn 0.7562 -0.2845 -0.5893
vn 0.7029 0.5789 0.4133
vn 0.2732 -0.0135 0.9619
vn 0.2730 -0.0027 0.9620
vn 0.2575 0.0515 0.9649
vn -0.2791 0.9447 -0.1720
vn -0.2852 0.9438 0.1668
vn -0.9452 -0.3216 0.0560
vn 0.4337 -0.9010 -0.0115
vn -0.9292 0.2952 0.2225
vn 0.8217 -0.5087 0.2569
vn -0.5992 -0.6602 -0.4529
vn -0.1986 0.2376 0.9508
vn 0.2544 0.4652 0.8478
vn 0.7117 -0.4583 -0.5324
vn 0.0379 -0.9947 -0.0954
vn -0.8350 0.3329 -0.4381
vn 0.5172 -0.4330 -0.7382
vn -0.6209 -0.5540 0.5546
vn -0.9432 -0.3020 -0.1381
vn -0.9479 -0.2870 -0.1383
vn -0.9550 -0.2820 -0.0922
vn -0.5195 0.7851 0.3372
vn -0.5299 0.7846 0.3218
vn -0.5250 0.7931 0.3088
vn -0.9549 -0.0146 0.2965
vn -0.9949 0.0368 -0.0938
vn 0.2653 -0.1543 0.9517
vn 0.9786 -0.2057 0.0051
vn 0.9015 -0.1234 0.4147
vn 0.8415 0.2798 0.4621
vn 0.6469 -0.4685 -0.6017
vn -0.0858 -0.6578 -0.7482
vn -0.7726 0.2480 0.5845
vn -0.9917 -0.1275 0.0161
vn 0.5333 0.7203 -0.4435
vn 0.7263 0.4776 -0.4943
vn 0.9595 0.2795 -0.0350
vn 0.9941 -0.0837 0.0689
vn 0.0048 0.9949 0.1008
vn -0.3004 0.6073 0.7355
vn 0.1289 -0.0776 -0.9886
vn 0.5558 0.6206 -0.5532
vn 0.9579 0.1546 0.2419
vn 0.9602 -0.2685 0.0776
vn 0.8801 -0.3306 -0.3407
vn 0.6649 -0.5192 -0.5370
vn 0.9896 -0.1037 0.0999
vn 0.9543 -0.0599 -0.2928
vn 0.9549 -0.0613 -0.2904
vn 0.9539 -0.0714 -0.2916
vn 0.9989 0.0431 -0.0156
vn 0.9987 0.0487 -0.0133
vn 0.9995 0.0323 -0.0060
vn 1.0000 0.0048 -0.0071
vn 0.9999 0.0034 -0.0114
vn 1.0000 0.0007 -0.0008
vn 0.9926 0.1186 0.0279
vn 0.3290 -0.9097 0.2532
vn 0.1797 -0.2062 0.9619
vn 0.2389 0.8375 -0.4914
vn -0.9267 0.3344 0.1716
vn -0.8472 0.2938 -0.4427
vn -0.8986 0.3619 -0.2480
vn 0.7438 -0.5651 0.3569
vn -0.9582 -0.1618 -0.2361
vn -0.2278 0.1141 -0.9670
vn -0.1640 -0.0716 -0.9838
vn -0.9986 0.0003 0.0537
vn -0.9987 0.0209 0.0465
vn -0.9994 0.0204 0.0286
vn 0.1527 -0.6495 -0.7449
vn 0.9997 -0.0232 0.0071
vn -0.9973 0.0302 -0.0670
vn -0.9919 0.0631 -0.1100
vn -0.9941 0.0161 -0.1072
vn -0.9980 0.0198 -0.0597
vn -0.8071 0.4057 0.4289
vn -0.1052 0.1265 -0.9864
vn 0.9034 -0.1725 0.3925
vn -0.6839 -0.7260 -0.0720
vn 0.1315 0.4986 -0.8568
vn -0.8045 0.3445 0.4837
vn -0.7267 0.0005 0.6869
vn 0.9631 0.2500 0.0995
vn 0.7992 -0.2918 0.5255
vn -0.0702 -0.7730 0.6306
vn 0.7473 -0.3739 -0.5493
vn -0.9542 0.1880 -0.2328
vn 0.5584 0.6385 0.5296
vn -0.9271 0.3188 -0.1968
vn 0.9927 -0.1015 0.0654
vn 0.9934 -0.1109 0.0296
vn 0.9943 -0.0982 0.0414
vn 0.9943 -0.0934 0.0516
vn 0.9853 0.1619 -0.0545
vn 0.9863 0.1566 -0.0513
vn 0.9861 0.1578 -0.0513
vn 0.1054 -0.6806 0.7250
vn 0.0999 -0.6732 0.7327
vn 0.1033 -0.6807 0.7253
vn 0.5525 0.4625 0.6934
vn 0.3236 0.1171 0.9389
vn 0.9857 -0.0928 0.1410
vn -0.9997 0.0234 0.0103
vn -0.9995 0.0168 0.0266
vn -0.9997 0.0164 0.0179
vn -0.9985 -0.0551 -0.0032
vn -0.9981 -0.0613 -0.0010
vn -0.9970 -0.0768 0.0036
vn -0.7881 0.2670 -0.5546
vn -0.7884 0.2768 -0.5494
vn -0.7921 0.2726 -0.5461
vn 0.5391 -0.0882 -0.8376
vn 0.2414 -0.3773 -0.8941
vn -0.6734 0.7132 0.1947
vn 0.6199 0.7826 -0.0578
vn -0.4265 -0.4640 0.7764
vn -0.4391 -0.4731 0.7638
vn -0.4019 -0.4816 0.7788
vn 0.9376 0.3475 0.0075
vn -0.7076 -0.3196 -0.6302
vn -0.9737 -0.1469 -0.1740
vn -0.9751 -0.1303 -0.1797
vn -0.9758 -0.1230 -0.1809
vn -0.9031 -0.4176 0.1005
vn -0.9703 0.0105 -0.2418
vn 0.8447 0.5275 -0.0905
vn 0.9850 -0.0036 -0.1724
vn 0.8278 0.4977 -0.2589
vn -0.6935 0.5653 0.4466
vn -0.9885 0.1479 -0.0322
vn -0.9808 0.1824 -0.0697
vn -0.9864 -0.0334 -0.1607
vn -0.7335 -0.0182 -0.6794
vn -0.9288 0.3346 0.1594
vn -0.8157 -0.0988 -0.5699
vn -0.8037 -0.5321 -0.2664
vn -0.9734 0.2257 0.0388
vn -0.0899 -0.9924 0.0841
vn -0.1016 -0.9909 0.0881
vn -0.0818 -0.9934 0.0798
vn -0.6652 0.7394 -0.1040
vn -0.9763 0.1260 0.1760
vn -0.9745 0.1314 0.1818
vn -0.9994 0.0294 0.0162
vn -0.9994 0.0295 0.0161
vn -0.9998 0.0199 0.0087
vn -0.6573 -0.6229 0.4242
vn -0.8675 0.2021 0.4546
vn -0.9856 -0.0649 0.1561
vn -0.0647 -0.0119 -0.9978
vn -0.0750 -0.0155 -0.9971
vn -0.0856 -0.0189 -0.9961
vn -0.0390 0.0568 -0.9976
vn -0.0437 0.0465 -0.9980
vn -0.0381 0.0610 -0.9974
vn -0.0508 0.0470 -0.9976
vn -0.0495 0.0484 -0.9976
vn -0.0522 0.0461 -0.9976
vn 0.1994 -0.4746 -0.8573
vn 0.1999 -0.4718 -0.8587
vn 0.2118 -0.4592 -0.8627
vn 0.6119 -0.6218 -0.4887
vn 0.4035 -0.1474 -0.9030
vn -0.9068 0.1000 0.4095
vn 0.6705 -0.7146 -0.1993
vn 0.6932 -0.1509 -0.7048
vn 0.8758 0.3743 -0.3048
vn 0.9768 -0.2064 0.0568
vn 0.4642 -0.1220 -0.8773
vn 0.5421 0.4456 -0.7124
vn -0.9871 0.1472 -0.0631
vn -0.7824 -0.1302 -0.6090
vn 0.6958 0.4743 0.5393
vn 0.7935 -0.0001 0.6085
vn 0.0156 0.0742 0.9971
vn 0.0413 0.0961 0.9945
vn 0.0405 0.0847 0.9956
vn 0.0352 0.0908 0.9952
vn -0.8386 0.2748 0.4703
vn 0.0083 0.0092 0.9999
vn 0.0017 0.0055 1.0000
vn 0.0131 0.0043 0.9999
vn 0.9987 -0.0086 0.0500
vn 0.6197 -0.2993 0.7255
vn 0.7687 0.1540 0.6208
vn 0.7663 -0.3456 0.5416
vn -0.7696 0.3062 0.5603
vn -0.5669 -0.6238 0.5381
vn 0.0713 0.3994 0.9140
vn -0.8978 -0.2914 0.3303
vn -0.8996 -0.3215 0.2956
vn -0.5591 -0.0152 0.8290
vn 0.0042 0.0661 0.9978
vn -0.0403 0.0730 0.9965
vn -0.0599 0.0041 0.9982
vn -0.0493 0.0010 0.9988
vn -0.0451 -0.0100 0.9989
vn -0.9969 -0.0615 -0.0494
vn -0.6174 -0.2701 0.7389
vn -0.9740 0.1590 0.1611
vn 0.0365 0.4800 0.8765
vn -0.6354 0.7619 -0.1255
vn -0.9198 -0.1359 0.3681
vn 0.0843 -0.9961 -0.0243
vn 0.9067 -0.1880 -0.3774
vn 0.9458 0.0296 0.3234
vn 0.7892 0.5595 -0.2531
vn 0.9129 -0.3946 -0.1044
vn 0.8430 0.1218 0.5240
vn 0.9961 0.0431 0.0774
vn 0.9963 0.0350 0.0781
vn 0.9960 0.0640 0.0626
vn 0.9993 -0.0366 -0.0101
vn 0.9995 -0.0300 -0.0013
vn 0.9998 -0.0185 -0.0073
vn 0.7692 -0.6272 0.1223
vn 0.9761 -0.0154 -0.2170
vn 0.9819 -0.0515 -0.1825
vn 0.9623 -0.1662 -0.2152
vn 0.9622 -0.1594 -0.2207
vn 0.9624 -0.1670 -0.2142
vn 0.9866 0.1455 0.0744
vn 0.9551 0.0460 -0.2928
vn 0.5384 -0.1767 0.8240
vn 0.9588 -0.0864 -0.2706
vn 0.9527 0.0680 -0.2963
vn 0.4321 0.8171 -0.3815
vn 0.8616 0.0247 0.5070
vn 0.6930 -0.5537 -0.4617
vn 0.9973 -0.0083 0.0723
vn 0.9983 0.0028 0.0581
vn 0.9991 0.0412 0.0104
vn 0.9949 0.0687 0.0732
vn 0.8471 0.4682 -0.2514
vn -0.9916 -0.1104 0.0674
vn -0.5251 0.5975 0.6060
vn -0.9897 0.1420 -0.0197
vn -0.9886 0.1503 0.0037
vn -0.9920 0.1261 0.0088
vn -0.8720 -0.3630 -0.3283
vn -0.9319 -0.3169 0.1763
vn -0.9844 0.0978 -0.1461
vn -0.7476 0.3810 -0.5441
vn -0.7387 -0.2703 0.6174
vn -0.6694 -0.5545 -0.4944
vn -0.9303 -0.3473 -0.1181
vn -0.7449 0.2271 -0.6274
vn -0.7054 -0.3933 -0.5896
vn -0.9958 -0.0846 0.0340
vn -0.9970 -0.0719 0.0296
vn -0.9947 -0.1030 0.0041
vn -0.9387 -0.1837 0.2917
vn -0.9882 -0.0428 -0.1468
vn -0.7218 -0.6756 -0.1506
vn -0.9935 -0.1080 -0.0355
vn 0.6563 -0.3630 0.6615
vn -0.9346 -0.0597 0.3507
vn -0.8882 -0.1240 0.4425
vn -0.8205 0.2096 0.5318
vn -0.3620 0.4743 0.8025
vn -0.7762 0.3813 0.5022
vn 0.6069 -0.6231 -0.4933
vn -0.5455 -0.5505 -0.6320
vn -0.0572 0.9978 -0.0343
vn -0.0718 0.9967 -0.0386
vn -0.0877 0.9959 -0.0200
vn 0.8930 -0.3690 0.2578
vn 0.7982 0.2446 0.5506
vn 0.9778 0.1609 0.1342
vn 0.9978 -0.0028 -0.0661
vn 0.3166 -0.6206 -0.7174
vn 0.9754 0.0607 -0.2118
vn 0.9649 0.1022 -0.2420
vn 0.9748 0.1056 -0.1963
vn 0.0824 -0.0036 -0.9966
vn 0.0595 0.0034 -0.9982
vn 0.0699 -0.0027 -0.9976
vn 0.4012 0.7432 0.5354
vn 0.9311 0.3113 -0.1902
vn 0.9679 0.2203 0.1212
vn 0.7735 -0.5637 0.2895
vn 0.9964 -0.0366 -0.0768
vn 0.9188 0.3905 -0.0573
vn 0.9891 -0.0053 -0.1474
vn 0.9936 0.0673 0.0911
vn 0.8081 -0.5516 -0.2067
vn 0.9819 0.1212 0.1452
vn 0.9981 0.0609 -0.0034
vn 0.9985 0.0494 0.0228
vn 0.9982 0.0595 -0.0039
vn 0.9981 0.0609 -0.0041
vn 0.9983 0.0546 -0.0195
vn 0.9989 0.0474 -0.0040
vn 0.4859 -0.6726 0.5581
vn 0.1575 -0.1576 0.9749
vn -0.5866 -0.3300 0.7396
vn 0.9722 0.1751 0.1553
vn 0.8872 -0.3201 -0.3322
vn 0.5449 -0.5798 -0.6057
vn -0.2571 -0.9660 0.0285
vn -0.2348 -0.9718 0.0214
vn -0.2281 -0.9736 0.0045
vn -0.9980 0.0611 0.0158
vn -0.9977 0.0632 0.0233
vn -0.9974 0.0646 0.0318
vn -0.7634 -0.3626 0.5346
vn -0.9167 -0.0996 0.3870
vn -0.9189 -0.1091 0.3791
vn -0.8991 -0.1441 0.4134
vn -0.8657 -0.4762 -0.1541
vn -0.2281 0.0871 -0.9697
vn -0.8973 0.0807 -0.4339
vn 0.7564 -0.6393 -0.1384
vn -0.9603 -0.2437 -0.1359
vn 0.7622 0.5765 -0.2943
vn -0.9766 0.2151 0.0053
vn -0.9876 -0.1571 -0.0022
vn -0.9859 0.1540 0.0654
vn -0.9646 0.0218 0.2627
vn -0.9723 0.0263 0.2325
vn -0.9697 0.0202 0.2434
vn -0.9944 0.0143 -0.1049
vn 0.1895 -0.9282 0.3203
vn -0.9281 0.3723 -0.0087
vn -0.9660 -0.1908 0.1743
vn -0.9859 0.0613 0.1554
vn -0.1505 0.9595 0.2381
vn -0.3098 -0.9481 0.0715
vn -0.6447 0.3995 -0.6517
vn 0.9986 -0.0137 0.0515
vn 0.9984 -0.0416 0.0391
vn 0.9978 -0.0661 0.0024
vn -0.1072 0.9933 -0.0428
vn 0.7843 -0.5816 -0.2158
vn -0.8969 -0.3324 0.2915
vn 0.8424 0.4330 -0.3206
vn 0.7810 -0.1168 -0.6135
vn 0.8755 -0.3300 0.3529
vn -0.9497 -0.3084 0.0546
vn -0.7728 0.6178 0.1450
vn -0.9567 0.2911 -0.0037
vn -0.8905 -0.0093 0.4550
vn 0.9986 -0.0508 0.0114
vn 0.9992 -0.0408 -0.0036
vn 0.9991 -0.0423 0.0044
vn 0.6148 -0.5584 -0.5569
vn 0.9452 0.2971 -0.1354
vn 0.8330 -0.5131 -0.2068
vn 0.8745 -0.4668 0.1320
vn 0.8709 0.4411 0.2166
vn 0.9561 0.2468 0.1581
vn 0.7707 0.6334 0.0696
vn 0.9735 -0.1500 0.1726
vn 0.9252 -0.1986 0.3233
vn 0.9968 -0.0664 -0.0454
vn 0.9972 -0.0570 0.0487
vn 0.7023 -0.7100 -0.0506
vn -0.8714 0.3901 -0.2974
vn -0.4487 0.7199 -0.5295
vn -0.9443 0.2973 0.1414
vn -0.2700 -0.9601 0.0730
vn -0.2660 -0.9608 0.0783
vn -0.2660 -0.9608 0.0779
vn 0.9325 -0.1555 -0.3260
vn -0.0669 -0.7781 0.6246
vn 0.8806 -0.3478 -0.3219
vn -0.6129 -0.7901 0.0079
vn 0.5000 0.6187 0.6060
vn -0.9072 0.3530 -0.2288
vn -0.5828 0.8056 0.1068
vn 0.9793 0.1882 0.0744
vn 0.0352 0.6944 0.7187
vn 0.9852 -0.0898 -0.1463
vn -0.9429 -0.0409 -0.3305
vn -0.9369 -0.3420 0.0727
vn -0.8889 0.4289 0.1608
vn 0.7988 0.5983 -0.0626
vn 0.9951 0.0794 -0.0587
vn 0.9084 -0.3994 0.1238
vn 0.7273 -0.4928 0.4777
vn -0.9520 0.0908 0.2925
vn -0.5868 0.8031 0.1036
vn -0.7406 -0.4017 -0.5387
vn -0.6821 0.0982 -0.7246
vn -0.5721 -0.6659 0.4788
vn -0.6801 -0.6245 -0.3840
vn -0.8450 0.1888 0.5004
vn -0.8642 -0.0516 0.5004
vn -0.9974 -0.0607 0.0379
vn -0.6961 -0.7168 0.0402
vn -0.1872 -0.9810 0.0519
vn -0.9708 0.0085 0.2398
vn -0.7198 -0.6800 -0.1394
vn -0.9676 -0.1787 -0.1781
vn -0.9683 -0.1819 -0.1709
vn 0.0221 -0.8989 0.4376
vn 0.3391 -0.9234 -0.1800
vn -0.0339 -0.9993 -0.0131
vn -0.0452 -0.9990 -0.0015
vn -0.0497 -0.9988 0.0037
vn -0.0061 -0.8261 0.5635
vn 0.7952 0.6061 0.0166
vn 0.8151 -0.0842 0.5732
vn 0.0203 -0.1836 -0.9828
vn 0.0064 -0.1896 -0.9818
vn 0.0202 -0.1833 -0.9828
vn 0.0076 0.8454 0.5340
vn -0.8865 -0.2804 -0.3681
vn -0.0363 -0.9780 0.2053
vn 0.6419 0.4893 0.5904
vn -0.6909 0.7165 -0.0962
vn 0.4655 0.4464 0.7642
vn -0.1658 -0.8831 0.4388
vn -0.1014 -0.7683 -0.6320
vn -0.8617 0.4418 -0.2498
vn -0.8929 0.1312 0.4307
vn -0.4760 0.8792 -0.0181
vn -0.0054 0.9998 0.0197
vn 0.0108 0.9996 0.0265
vn 0.0058 0.9995 0.0306
vn 0.7477 -0.0744 0.6599
vn 0.2458 0.6400 0.7280
vn 0.6422 -0.1717 0.7471
vn 0.9549 0.1076 -0.2768
vn 0.9493 0.0827 -0.3033
vn 0.9507 0.0709 -0.3020
vn 0.9499 -0.3068 -0.0589
vn 0.0859 0.5714 0.8161
vn 0.9625 0.0514 -0.2663
vn 0.9683 0.0571 -0.2432
vn 0.9661 0.0609 -0.2511
vn -0.0823 -0.9965 -0.0174
vn -0.0617 -0.9981 -0.0031
vn -0.0814 -0.9965 -0.0190
vn 0.1057 -0.9891 -0.1025
vn 0.0969 -0.9885 -0.1164
vn 0.0886 -0.9907 -0.1033
vn -0.0100 -0.9999 0.0046
vn -0.0101 -0.9999 0.0043
vn -0.0030 -1.0000 0.0078
vn -0.3709 -0.9249 -0.0839
vn -0.0087 -0.9998 -0.0155
vn 0.3273 0.8704 -0.3679
vn 0.0406 -0.4389 -0.8976
vn -0.6523 -0.1459 0.7438
vn 0.7764 0.1116 -0.6203
vn 0.7160 0.4179 -0.5592
vn 0.2251 0.9737 0.0359
vn 0.9834 0.1400 0.1152
vn 0.9818 0.1444 0.1230
vn 0.9828 0.1466 0.1119
vn 0.6518 -0.4999 0.5702
vn 0.7097 -0.5634 -0.4229
vn 0.9446 0.3280 -0.0147
vn 0.0190 0.0254 -0.9995
vn 0.0054 0.0266 -0.9996
vn 0.0052 0.0269 -0.9996
vn 0.9611 -0.2264 0.1585
vn -0.8664 -0.4952 -0.0645
vn -0.9315 0.2099 -0.2970
vn -0.9964 0.0846 -0.0084
vn -0.0436 -0.9963 0.0738
vn -0.9575 -0.0013 0.2883
vn -0.8983 0.4342 0.0676
vn -0.0225 0.9991 0.0351
vn -0.0324 0.9986 0.0416
vn -0.0228 0.9995 0.0201
vn -0.0334 0.8996 -0.4354
vn 0.0201 0.9981 -0.0578
vn -0.7440 0.4964 0.4472
vn -0.6098 0.5062 -0.6098
vn -0.8408 -0.2557 -0.4771
vn -0.9991 -0.0389 0.0151
vn -0.9983 -0.0090 0.0578
vn -0.9977 -0.0646 0.0215
vn 0.8622 -0.2522 -0.4393
vn 0.9970 -0.0496 0.0599
vn 0.9964 -0.0564 0.0638
vn 0.9975 -0.0508 0.0501
vn 0.0528 0.9977 0.0416
vn -0.3656 0.8807 0.3011
vn 0.5031 0.6036 0.6185
vn 0.0215 0.9990 0.0380
vn 0.9963 0.0821 -0.0255
vn 0.9963 0.0821 -0.0238
vn 0.9971 0.0704 -0.0283
vn 0.9966 0.0826 -0.0025
vn 0.9971 0.0739 0.0187
vn 0.7033 0.7097 0.0400
vn 0.0798 0.9931 -0.0862
vn 0.1235 0.9836 -0.1311
vn 0.0802 0.9930 -0.0862
vn 0.9745 -0.1679 -0.1489
vn -0.9336 -0.3420 -0.1073
vn -0.8680 0.2456 -0.4317
vn -0.4181 0.9058 0.0686
vn -0.7585 0.6472 0.0756
vn -0.9990 0.0432 0.0087
vn -0.9939 -0.0226 -0.1075
vn -0.9401 -0.3367 0.0538
vn -0.8868 -0.1228 0.4456
vn -0.0177 -0.2558 0.9666
vn 0.2709 -0.9083 0.3188
vn 0.6907 -0.6888 -0.2202
vn -0.6132 0.7862 0.0765
vn -0.6238 0.7782 0.0731
vn -0.6439 0.7560 0.1182
vn -0.9981 -0.0278 -0.0556
vn -0.9967 -0.0356 -0.0723
vn -0.9983 -0.0202 -0.0542
vn -0.9262 0.1169 0.3585
vn -0.9604 0.0385 -0.2759
vn 0.9814 -0.1877 -0.0403
vn 0.8314 0.5081 -0.2247
vn 0.7590 -0.5516 -0.3458
vn 0.8499 -0.3680 -0.3772
vn 0.9241 0.3793 -0.0460
vn 0.5938 -0.5650 -0.5728
vn 0.7569 0.6482 -0.0832
vn 0.8709 -0.4047 0.2789
vn -0.4485 0.8937 -0.0121
vn 0.3290 0.3377 0.8819
vn -0.9818 0.1267 -0.1414
vn 0.9881 0.1485 -0.0403
vn 0.7127 0.7015 0.0031
vn -0.9382 -0.3327 -0.0957
vn -0.8372 0.0086 0.5468
vn -0.4823 -0.8647 0.1402
vn -0.7509 -0.5489 0.3673
vn -0.0117 -0.9996 0.0243
vn -0.0199 -0.9997 0.0167
vn -0.0121 -0.9998 0.0180
vn -0.0064 -0.9997 0.0245
vn -0.0070 -0.9998 0.0167
vn -0.0077 -0.9999 0.0154
vn -0.8542 0.1372 0.5015
vn -0.2345 -0.9668 0.1017
vn -0.2179 -0.9687 0.1191
vn -0.2160 -0.9710 0.1025
vn 0.8561 -0.0933 -0.5084
vn 0.9958 0.0205 -0.0896
vn 0.9879 0.1447 0.0567
vn 0.8594 0.3861 0.3352
vn 0.9998 -0.0112 0.0180
vn 0.7520 -0.5823 0.3090
vn 0.6926 -0.6549 -0.3024
vn 0.9668 0.1626 -0.1973
vn 0.9396 -0.3268 0.1023
vn 0.4223 -0.8895 0.1747
vn -0.1940 -0.9402 -0.2801
vn 0.3623 -0.9321 -0.0065
vn 0.9887 -0.1027 0.1094
vn -0.1240 -0.9102 -0.3952
vn -0.0413 -0.9982 0.0424
vn 0.6571 -0.7529 -0.0372
vn 0.9979 0.0557 -0.0340
vn 0.1542 0.9834 0.0961
vn 0.0861 0.8569 0.5083
vn 0.0980 0.9948 -0.0266
vn 0.3109 0.8843 0.3483
vn 0.0164 0.9998 0.0109
vn 0.0040 1.0000 -0.0023
vn 0.0082 0.9999 0.0072
vn 0.9535 0.0469 -0.2976
vn 0.6879 0.3081 -0.6572
vn -0.2924 0.9454 0.1439
vn 0.7630 -0.3443 0.5471
vn 0.8158 0.5778 0.0250
vn 0.9604 0.1560 0.2308
vn -0.8848 0.4233 0.1948
vn -0.9911 0.1259 0.0429
vn -0.7013 0.3560 -0.6176
vn -0.7009 0.6739 -0.2337
vn -0.9813 0.1739 -0.0820
vn -0.9842 0.1474 -0.0976
vn -0.9843 0.1480 -0.0962
vn -0.6102 -0.0883 0.7873
vn -0.8544 -0.4677 0.2264
vn -0.9997 -0.0140 -0.0182
vn 0.9791 -0.2018 0.0269
vn 0.8869 0.4603 0.0386
vn 0.9509 -0.2766 0.1386
vn 0.8461 -0.4533 -0.2804
vn 0.9412 0.2217 -0.2549
vn -0.3837 -0.5998 0.7021
vn 0.7492 -0.1166 -0.6521
vn -0.8374 -0.1231 -0.5325
vn 0.9109 0.4116 0.0296
vn 0.8886 0.3560 0.2893
vn -0.9896 -0.1186 -0.0819
vn 0.9431 0.3324 0.0044
vn 0.3715 -0.7965 -0.4771
vn -0.9640 0.0971 -0.2477
vn -0.5452 0.8224 -0.1629
vn -0.4493 -0.8686 -0.2089
vn 0.9727 -0.1811 -0.1449
vn 0.8849 0.4583 -0.0830
vn -0.6221 0.4596 0.6338
vn -0.6847 -0.3068 0.6611
vn -0.9472 0.3201 -0.0195
vn 0.2627 0.0592 -0.9631
vn -0.2304 -0.8735 0.4288
vn -0.8161 -0.5687 -0.1030
vn -0.9911 0.1233 -0.0502
vn -0.9730 0.2257 -0.0474
vn -0.8171 -0.5223 -0.2440
vn -0.7462 0.4469 -0.4935
vn -0.9511 -0.1059 -0.2901
vn -0.9487 -0.1031 -0.2989
vn -0.9507 -0.1070 -0.2912
vn 0.5938 0.3236 -0.7367
vn 0.9898 0.1290 0.0610
vn 0.8392 0.5207 0.1570
vn 0.9743 0.2005 -0.1024
vn 0.9733 0.0696 0.2187
vn 0.9756 0.0712 0.2078
vn 0.9749 0.0648 0.2132
vn -0.9301 0.1605 -0.3305
vn -0.2940 -0.9554 -0.0294
vn -0.2872 -0.9575 -0.0257
vn -0.2871 -0.9574 -0.0322
vn -0.9283 0.1400 0.3444
vn -0.9733 0.0692 -0.2189
vn -0.9745 0.2063 -0.0879
vn -0.8951 -0.3381 0.2908
vn -0.9659 0.2499 -0.0680
vn -0.9060 0.1485 -0.3964
vn 0.9461 -0.1565 0.2837
vn 0.9752 -0.1871 0.1179
vn 0.9979 0.0197 -0.0611
vn 0.9823 -0.1847 -0.0315
vn 0.9828 -0.1803 -0.0398
vn 0.9841 -0.1741 -0.0343
vn 0.6904 0.3756 -0.6183
vn 0.7992 -0.0448 -0.5994
vn -0.9518 0.1963 0.2358
vn 0.0503 -0.8559 0.5147
vn 0.3505 0.8971 0.2691
vn -0.4699 -0.8671 0.1651
vn 0.9983 0.0292 -0.0499
vn 0.9999 -0.0076 0.0138
vn 0.9989 0.0310 -0.0353
vn 0.9543 -0.2969 0.0327
vn 0.7294 -0.5724 0.3747
vn 0.9997 -0.0043 0.0224
vn 0.9997 -0.0038 0.0227
vn 0.9999 -0.0074 0.0147
vn -0.8569 -0.3568 -0.3722
vn -0.8354 0.3463 0.4268
vn -0.8503 -0.4067 0.3339
vn -0.9636 0.0942 -0.2501
vn -0.9374 0.2015 -0.2840
vn -0.9946 0.0647 -0.0809
vn -0.8039 0.4490 -0.3900
vn -0.3413 0.8946 -0.2884
vn -0.1276 0.5246 -0.8417
vn -0.9970 0.0516 0.0583
vn -0.9971 0.0659 0.0377
vn -0.9981 0.0538 0.0296
vn -0.9985 0.0459 0.0294
vn -0.9990 0.0435 0.0044
vn -0.9996 0.0273 0.0060
vn -0.9996 0.0194 0.0212
vn -0.7437 0.3169 -0.5886
vn -0.1600 -0.9871 0.0111
vn -0.1696 -0.9854 -0.0123
vn -0.1797 -0.9837 0.0102
vn -0.5979 -0.7948 -0.1040
vn -0.5885 -0.7990 -0.1237
vn -0.6145 -0.7793 -0.1230
vn 0.8668 0.3165 0.3853
vn 0.8653 0.3658 -0.3428
vn 0.8480 -0.3396 -0.4070
vn 0.9778 -0.0238 -0.2082
vn 0.5081 0.8607 -0.0329
vn 0.4947 0.8686 -0.0278
vn 0.4868 0.8733 -0.0195
vn 0.9619 -0.2607 0.0825
vn 0.7649 -0.5070 0.3974
vn 0.7052 -0.2791 0.6518
vn 0.9035 -0.4068 0.1352
vn 0.9797 0.0835 -0.1824
vn 0.5082 0.1136 0.8537
vn 0.5120 0.0914 0.8541
vn 0.5351 0.1003 0.8388
vn 0.7702 -0.5927 -0.2357
vn -0.1348 0.9797 0.1485
vn -0.0397 0.8919 -0.4506
vn -0.8233 -0.5284 -0.2070
vn 0.9027 -0.4154 0.1121
vn 0.2867 0.4030 0.8691
vn -0.0537 0.5136 -0.8563
vn 0.0587 0.2143 -0.9750
vn 0.1166 0.5173 -0.8478
vn 0.6471 0.4872 0.5865
vn -0.9313 0.3221 0.1698
vn -0.5208 0.8535 0.0159
vn -0.9936 0.0983 0.0550
vn -0.9937 0.0981 0.0549
vn -0.9928 0.1032 0.0610
vn -0.9801 0.1844 -0.0736
vn -0.8971 0.3219 0.3028
vn -0.8982 0.1391 -0.4170
vn -0.8099 0.1066 0.5767
vn -0.8224 -0.3375 0.4581
vn -0.7934 0.5310 -0.2977
vn -0.9989 0.0416 -0.0203
vn -0.9985 0.0533 0.0127
vn -0.9978 0.0638 0.0150
vn -0.9325 0.0676 -0.3549
vn -0.9967 -0.0812 -0.0060
vn -0.9961 -0.0882 -0.0028
vn -0.9953 -0.0970 -0.0076
vn -0.8616 0.0200 -0.5072
vn -0.9689 0.2135 -0.1251
vn -0.9611 0.2175 0.1702
vn -0.9762 0.1425 0.1637
vn -0.9178 -0.3859 0.0934
vn -0.5626 0.2264 -0.7951
vn -0.7688 0.3749 -0.5181
vn -0.7256 0.5219 0.4485
vn 0.4921 0.3021 -0.8165
vn 0.9996 0.0271 -0.0033
vn 0.9998 0.0209 0.0059
vn 0.9998 0.0187 0.0072
vn 0.9291 0.3685 -0.0308
vn 0.9634 0.1493 -0.2228
vn -0.2877 0.9111 0.2952
vn -0.2335 0.9235 0.3042
vn -0.2484 0.9259 0.2847
vn 0.4418 0.6839 -0.5806
vn 0.3790 0.9227 0.0712
vn 0.9975 -0.0667 -0.0217
vn 0.9967 -0.0773 -0.0251
vn 0.9974 -0.0647 -0.0329
vn 0.9215 -0.3652 -0.1320
vn 0.8834 -0.4610 0.0845
vn 0.9303 -0.3562 -0.0872
vn 0.8504 -0.4270 0.3074
vn 0.8694 0.3824 0.3128
vn 0.9674 0.1745 -0.1835
vn -0.6266 0.7705 0.1168
vn -0.7673 0.4117 0.4917
vn -0.6610 -0.4859 -0.5718
vn -0.9389 0.3441 -0.0086
vn -0.4570 0.6475 -0.6098
vn -0.9701 0.2426 -0.0017
vn -0.2940 -0.1375 0.9459
vn -0.9602 -0.2112 0.1826
vn 0.3531 -0.4694 -0.8093
vn -0.0715 0.4796 0.8746
vn -0.8929 -0.4012 0.2042
vn 0.9572 -0.1940 0.2150
vn 0.9642 0.1447 -0.2220
vn 0.9198 -0.3780 -0.1053
vn 0.9056 0.3006 0.2992
vn 0.9510 -0.0163 0.3088
vn 0.8382 -0.2616 -0.4786
vn 0.8899 0.3730 -0.2625
vn -0.9032 0.3879 0.1834
vn 0.5072 0.8499 -0.1431
vn -0.9644 0.0921 -0.2481
vn 0.9657 -0.0596 0.2528
vn 0.9948 -0.0148 -0.1007
vn 0.9575 -0.1929 0.2145
vn 0.9548 -0.0483 0.2932
vn -0.9060 -0.2789 0.3184
vn 0.9548 -0.0214 0.2964
vn 0.9096 -0.2705 0.3154
vn 0.0805 -0.9950 -0.0597
vn 0.0801 -0.9950 -0.0603
vn 0.0840 -0.9951 -0.0527
vn 0.9535 0.2294 -0.1955
vn 0.8255 -0.3990 -0.3992
vn 0.9124 0.2974 0.2811
vn 0.8298 0.2881 0.4780
vn -0.9024 -0.3963 -0.1693
vn -0.8338 0.5424 -0.1026
vn -0.6313 -0.0133 0.7754
vn -0.9814 0.1391 0.1324
vn -0.9966 0.0216 -0.0797
vn -0.7038 0.5968 0.3854
vn -0.3993 0.8238 -0.4024
vn -0.7548 -0.2518 -0.6057
vn -0.9924 0.1046 0.0645
vn -0.9940 0.0896 0.0631
vn -0.9925 0.0899 0.0831
vn -0.9894 0.0611 0.1319
vn 0.0484 -0.9973 0.0556
vn 0.0284 -0.9991 0.0310
vn 0.0256 -0.9993 0.0274
vn 0.8369 0.4699 0.2808
vn 0.1469 0.8409 -0.5210
vn 0.6546 -0.6220 -0.4297
vn -0.8881 -0.4342 0.1507
vn -0.9079 0.3082 0.2843
vn 0.9103 0.4112 -0.0481
vn 0.8718 -0.4535 0.1852
vn 0.8920 0.0545 -0.4488
vn 0.8643 -0.4972 -0.0758
vn -0.7364 -0.6444 -0.2061
vn -0.7297 0.6797 0.0743
vn 0.3064 0.9176 -0.2532
vn -0.2871 0.9152 0.2828
vn -0.9494 -0.1649 0.2673
vn -0.0396 -0.5380 -0.8420
vn -0.9681 0.0646 -0.2419
vn -0.4413 -0.6173 0.6513
vn -0.7895 -0.4669 -0.3983
vn -0.7736 -0.6228 0.1169
vn 0.8507 -0.5207 0.0721
vn 0.9301 0.3398 -0.1396
vn 0.8489 -0.2932 -0.4399
vn 0.9856 0.1490 -0.0805
vn 0.9908 0.1103 -0.0789
vn 0.3103 0.9487 0.0609
vn 0.2994 0.9538 0.0265
vn 0.2906 0.9560 0.0400
vn -0.4699 0.8732 0.1296
vn -0.7680 -0.5844 -0.2620
vn -0.2642 0.7218 -0.6397
vn -0.9066 -0.3073 0.2892
vn -0.7207 -0.6123 -0.3252
vn 0.9615 -0.2481 -0.1180
vn 0.8627 -0.3644 0.3506
vn 0.8150 0.4875 -0.3134
vn 0.9044 0.3962 0.1586
vn 0.9863 -0.1634 0.0220
vn 0.8776 -0.1181 0.4647
vn 0.8767 -0.1260 0.4643
vn -0.8976 0.3743 -0.2328
vn -0.4214 -0.9010 -0.1028
vn -0.8388 0.2984 0.4555
vn -0.9939 0.0136 0.1096
vn -0.9072 -0.0550 0.4171
vn 0.9373 -0.0603 0.3434
vn 0.6303 -0.2405 0.7382
vn 0.8286 -0.4303 0.3581
vn -0.9919 0.1264 0.0090
vn -0.9995 0.0249 0.0176
vn -0.9997 0.0184 0.0151
vn -0.9997 0.0036 0.0243
vn -0.6892 -0.7115 -0.1370
vn 0.7916 0.5950 0.1391
vn -0.7149 -0.6973 0.0521
vn -0.4507 -0.7782 -0.4374
vn -0.9218 0.2700 -0.2783
vn -0.9411 -0.2688 -0.2051
vn 0.9953 -0.0713 0.0663
vn 0.9749 0.2059 -0.0849
vn -0.6695 -0.1855 0.7193
vn -0.6828 -0.7269 -0.0732
vn -0.6416 0.6972 0.3199
vn 0.1000 0.9899 -0.1003
vn -0.2872 -0.1693 0.9428
vn 0.9468 0.0235 0.3211
vn 0.7408 -0.3769 -0.5561
vn -0.3985 0.9117 -0.0998
vn 0.0043 0.8001 -0.5999
vn -0.8290 -0.0609 -0.5559
vn -0.0679 -0.9773 0.2007
vn 0.9397 -0.0876 -0.3307
vn 0.9240 0.2791 -0.2613
vn 0.9944 -0.0877 -0.0598
vn -0.5550 -0.2659 0.7882
vn 0.8082 0.4923 0.3231
vn 0.9938 -0.0863 0.0708
vn 0.0730 -0.1878 -0.9795
vn -0.0554 0.0640 0.9964
vn 0.9810 -0.1824 -0.0665
vn -0.0382 -0.9982 0.0468
vn -0.4012 -0.8330 0.3811
vn 0.5085 -0.8551 0.1010
vn 0.9185 0.1435 0.3685
vn -0.8570 -0.5107 0.0692
vn -0.3013 0.9507 -0.0728
vn 0.4145 0.5046 -0.7573
vn -0.6074 -0.7881 0.0995
vn -0.7977 0.3742 0.4730
vn -0.3316 0.9388 -0.0931
vn 0.5363 0.1450 0.8315
vn 0.8453 -0.5301 -0.0671
vn 0.7897 -0.6072 -0.0877
vn 0.0656 0.8526 0.5184
vn 0.8314 -0.4313 -0.3504
vn 0.3274 -0.9084 0.2601
vn 0.9353 -0.0134 -0.3535
vn 0.7095 -0.6112 -0.3507
vn -0.4614 -0.0344 0.8865
vn 0.7830 -0.6188 0.0630
vn -0.4961 -0.0785 0.8647
vn -0.4925 -0.1136 0.8629
vn -0.5132 -0.0681 0.8556
vn -0.5436 -0.0134 0.8393
vn -0.9670 0.1482 -0.2071
vn -0.6024 0.6175 0.5059
vn -0.9316 0.3538 -0.0830
vn -0.8584 0.5048 -0.0915
vn -0.9984 0.0512 -0.0252
vn -0.9984 0.0460 -0.0328
vn -0.9976 0.0692 -0.0043
vn -0.9159 -0.3526 -0.1919
vn -0.9146 0.0706 -0.3982
vn -0.8883 -0.0240 -0.4586
vn 0.0593 0.9979 -0.0274
vn 0.0592 0.9981 -0.0163
vn 0.0850 0.9955 -0.0424
vn 0.1573 0.9876 -0.0003
vn -0.5755 0.8095 0.1161
vn 0.0514 0.9987 0.0070
vn -0.9841 -0.1760 -0.0222
vn -0.9938 0.1010 0.0460
vn 0.1318 0.9911 0.0168
vn 0.1137 0.9934 0.0145
vn 0.1290 0.9916 0.0034
vn 0.2383 0.8745 -0.4224
vn 0.9577 0.1141 -0.2643
vn 0.6750 0.7310 0.1004
vn -0.3883 0.2347 -0.8911
vn 0.0714 0.4627 -0.8836
vn 0.6405 0.3619 -0.6773
vn 0.3801 0.7631 0.5227
vn -0.0518 0.9985 0.0178
vn -0.0508 0.9982 0.0329
vn -0.0467 0.9987 0.0181
vn -0.0538 0.9981 0.0301
vn -0.0609 0.9980 0.0149
vn -0.0976 0.9952 0.0109
vn 0.7303 -0.2600 -0.6317
vn 0.9690 0.0243 -0.2457
vn 0.7491 -0.2567 -0.6106
vn 0.9011 -0.4138 0.1293
vn 0.9960 0.0877 0.0188
vn 0.9976 0.0688 -0.0087
vn 0.9974 0.0717 -0.0064
vn 0.8514 -0.5221 -0.0507
vn 0.8641 -0.5030 -0.0169
vn 0.8609 -0.4886 0.1420
vn -0.0936 -0.7342 0.6724
vn -0.4642 -0.8191 -0.3371
vn -0.9799 -0.1217 0.1579
vn -0.6747 -0.2369 -0.6990
vn 0.5985 -0.2137 -0.7721
vn -0.8715 0.4881 0.0480
vn -0.9008 0.4157 0.1256
vn 0.3720 -0.1522 0.9157
vn 0.9025 -0.1724 0.3946
vn 0.9024 0.1509 0.4037
vn 0.5717 0.4048 -0.7136
vn 0.6605 0.3560 -0.6610
vn 0.9863 -0.1411 -0.0855
vn 0.9876 -0.0790 -0.1354
vn 0.9923 -0.0540 -0.1111
vn 0.9917 -0.0503 -0.1186
vn 0.9800 0.1965 0.0301
vn 0.9764 0.2130 0.0362
vn 0.9776 0.2094 0.0200
vn 0.9968 0.0530 -0.0598
vn 0.9962 0.0604 -0.0625
vn 0.9970 0.0430 -0.0649
vn 0.8407 0.2846 0.4608
vn 0.9151 0.1781 0.3618
vn -0.3740 0.8160 -0.4408
vn -0.9975 -0.0681 -0.0165
vn -0.9968 -0.0654 -0.0463
vn -0.9960 -0.0783 -0.0430
vn -0.7514 0.5114 -0.4169
vn -0.9796 0.0098 -0.2010
vn 0.9733 -0.2261 0.0394
vn 0.9969 0.0547 -0.0571
vn 0.9984 0.0458 -0.0318
vn 0.9970 0.0705 -0.0319
vn 0.9804 0.0939 -0.1732
vn 0.5390 0.6004 0.5908
vn 0.0337 0.9982 -0.0492
vn -0.9860 0.0982 -0.1346
vn 0.6363 -0.0835 0.7669
vn 0.6548 0.0632 -0.7532
vn 0.5798 0.6216 -0.5267
vn 0.4927 -0.5393 -0.6830
vn 0.6207 0.7332 0.2777
vn 0.9957 0.0176 -0.0904
vn 0.9737 0.0533 -0.2217
vn 0.9767 0.0585 -0.2064
vn 0.9761 0.0379 -0.2138
vn 0.9342 -0.3565 -0.0076
vn 0.1353 -0.9319 0.3366
vn -0.6334 0.7691 0.0848
vn 0.6088 0.1435 -0.7803
vn 0.7552 -0.6514 0.0731
vn -0.8043 0.1781 -0.5669
vn 0.8219 0.4015 -0.4040
vn 0.7628 -0.6467 0.0020
vn 0.5362 -0.6706 -0.5126
vn 0.1955 -0.9743 0.1123
vn 0.2004 -0.9712 0.1289
vn 0.1744 -0.9808 0.0874
vn -0.9260 0.3771 -0.0187
vn -0.9080 0.1243 0.4001
vn -0.5597 0.4913 -0.6673
vn -0.7836 -0.0996 0.6132
vn -0.9869 -0.1413 0.0777
vn -0.9113 0.3710 -0.1786
vn -0.4806 -0.8767 0.0193
vn -0.4797 -0.8770 0.0290
vn -0.4864 -0.8734 0.0258
vn -0.6201 -0.7845 0.0037
vn -0.6284 -0.7779 0.0054
vn -0.6225 -0.7825 -0.0133
vn -0.8092 0.5475 0.2131
vn -0.9046 0.1842 -0.3845
vn -0.3085 -0.6624 0.6827
vn 0.5240 0.3078 -0.7942
vn 0.0210 -0.4600 0.8877
vn -0.8734 -0.4309 -0.2268
vn -0.8005 -0.4538 0.3915
vn 0.9427 0.3307 -0.0433
vn 0.9626 -0.2437 0.1186
vn 0.8016 -0.5581 -0.2144
vn 0.8993 0.4006 -0.1756
vn 0.9142 -0.1757 0.3653
vn 0.8634 0.0588 -0.5010
vn 0.9785 -0.0767 -0.1912
vn 0.8676 -0.1975 0.4563
vn 0.4186 0.8904 -0.1786
vn 0.8987 -0.4308 -0.0821
vn 0.1152 -0.9581 -0.2622
vn 0.8730 -0.3703 -0.3173
vn 0.8703 -0.3865 -0.3052
vn 0.8549 -0.4078 -0.3208
vn 0.8248 -0.5637 -0.0434
vn -0.8189 0.2351 0.5236
vn 0.8483 0.3530 -0.3948
vn 0.8776 0.3092 -0.3663
vn 0.8582 0.3373 -0.3869
vn -0.7173 0.6323 -0.2928
vn -0.7839 -0.3243 -0.5295
vn 0.4888 -0.6846 0.5407
vn -0.9121 -0.2738 -0.3051
vn -0.3218 -0.7664 0.5559
vn 0.9596 0.0679 0.2731
vn 0.9432 -0.2903 0.1614
vn 0.9671 0.0071 0.2542
vn -0.9932 -0.0955 0.0661
vn -0.8711 0.4911 -0.0073
vn 0.6966 -0.7029 0.1436
vn -0.9471 -0.3022 -0.1077
vn 0.8944 -0.4454 -0.0409
vn -0.7592 0.6267 0.1756
vn -0.9439 0.3084 0.1180
vn -0.8089 0.4008 -0.4301
vn -0.8005 0.3733 0.4689
vn -0.9985 0.0070 0.0545
vn -0.9990 0.0127 0.0434
vn -0.9993 0.0119 0.0354
vn 0.9987 -0.0334 -0.0387
vn 0.9105 -0.3189 -0.2633
vn 0.5006 0.8496 -0.1662
vn 0.9410 0.3360 -0.0404
vn 0.8041 -0.2759 -0.5265
vn 0.8491 -0.1223 0.5139
vn 0.4605 0.8583 -0.2262
vn 0.8666 0.1995 -0.4574
vn 0.8750 0.4827 -0.0361
vn -0.8597 0.5067 0.0652
vn -0.6889 0.6267 -0.3643
vn -0.2856 0.9255 0.2487
vn -0.8014 0.1372 -0.5823
vn -0.9925 0.1075 0.0590
vn -0.9154 -0.1444 -0.3757
vn -0.9122 -0.1448 -0.3833
vn -0.9086 -0.1434 -0.3923
vn -0.9824 -0.1522 0.1086
vn -0.9813 -0.1489 0.1220
vn -0.9816 -0.1591 0.1053
vn -0.9974 -0.0506 0.0513
vn -0.9972 -0.0581 0.0477
vn -0.9973 -0.0568 0.0472
vn -0.9970 0.0748 0.0181
vn -0.9961 0.0841 0.0266
vn -0.9968 0.0721 0.0332
vn -0.9969 -0.0302 0.0724
vn -0.8159 -0.5730 -0.0775
vn 0.7753 -0.5540 0.3032
vn 0.4233 -0.4045 0.8106
vn -0.9419 0.0962 0.3218
vn -0.9921 0.0799 0.0964
vn -0.8882 0.0826 -0.4519
vn -0.9665 -0.0332 0.2546
vn -0.9879 -0.0760 0.1350
vn 0.9879 0.1407 0.0652
vn 0.6295 0.7428 -0.2282
vn 0.7907 0.5386 0.2912
vn 0.9420 0.0543 0.3312
vn 0.9970 -0.0579 -0.0520
vn 0.9967 -0.0533 -0.0608
vn 0.9973 -0.0493 -0.0541
vn 0.8931 -0.2005 0.4027
vn 0.9957 0.0736 0.0565
vn 0.9155 -0.2745 -0.2942
vn 0.9984 -0.0267 -0.0497
vn 0.9988 -0.0244 -0.0426
vn 0.9979 -0.0304 -0.0566
vn 0.0869 0.1361 0.9869
vn -0.9348 -0.3524 -0.0448
vn -0.9373 0.1679 -0.3055
vn -0.8833 -0.1377 -0.4482
vn -0.4460 0.7792 -0.4403
vn 0.1354 0.0701 -0.9883
vn 0.5745 0.7066 -0.4132
vn 0.9264 0.3748 -0.0368
vn 0.1103 -0.9793 0.1695
vn -0.7118 -0.1963 -0.6744
vn -0.3008 -0.4863 0.8204
vn 0.5988 -0.7983 0.0653
vn 0.1633 -0.7164 -0.6784
vn -0.6127 -0.1086 0.7828
vn -0.8962 0.4231 0.1336
vn -0.4143 -0.7651 -0.4929
vn 0.0436 -0.2487 0.9676
vn 0.7187 0.6152 0.3241
vn -0.0816 0.7412 0.6664
vn 0.9035 -0.1581 -0.3984
vn -0.0224 -0.6196 -0.7846
vn -0.8219 -0.3405 0.4567
vn 0.4457 0.3434 -0.8267
vn 0.2933 0.2792 0.9144
vn -0.5131 -0.8494 0.1237
vn -0.9930 0.0404 -0.1109
vn 0.8147 -0.2036 0.5429
vn 0.9358 0.3481 0.0562
vn -0.6577 0.4107 -0.6315
vn -0.8317 0.4386 0.3404
vn -0.8578 -0.4295 0.2822
vn -0.8850 -0.3278 0.3305
vn -0.4386 -0.2576 -0.8610
vn -0.4281 -0.2550 -0.8670
vn -0.4140 -0.2529 -0.8744
vn -0.8900 0.4383 0.1258
vn -0.4272 0.5419 -0.7237
vn -0.1039 0.6582 -0.7457
vn -0.7669 -0.6395 0.0533
vn -0.8991 -0.4322 0.0700
vn 0.0084 0.9999 -0.0138
vn -0.0029 0.9999 -0.0127
vn -0.0090 0.9998 -0.0177
vn 0.0608 0.9951 0.0776
vn 0.0721 0.9939 0.0831
vn 0.0789 0.9936 0.0805
vn -0.9538 -0.1476 -0.2617
vn -0.9518 -0.1534 -0.2658
vn 0.7436 0.5596 0.3660
vn 0.9829 -0.1647 0.0821
vn 0.9926 0.0745 -0.0958
vn 0.8750 -0.1436 0.4623
vn 0.7805 0.4818 -0.3983
vn 0.4784 0.5452 0.6885
vn 0.9615 -0.0702 0.2658
vn 0.7513 0.5662 -0.3390
vn 0.8579 -0.3552 0.3713
vn 0.9744 0.2243 -0.0169
vn 0.9728 0.0163 -0.2311
vn 0.9748 0.0126 -0.2225
vn 0.9729 0.0087 -0.2310
vn 0.9914 -0.1287 -0.0217
vn 0.9905 -0.1363 -0.0179
vn 0.9899 -0.1393 -0.0255
vn 0.5181 0.6056 0.6040
vn 0.7921 -0.5928 0.1455
vn -0.6686 -0.5845 0.4597
vn -0.6925 -0.5812 -0.4275
vn -0.9854 -0.1099 0.1302
vn -0.8765 0.2508 -0.4109
vn -0.9861 -0.1568 -0.0545
vn -0.9836 -0.1800 -0.0129
vn -0.9899 -0.1357 -0.0421
vn -0.7740 -0.2289 -0.5904
vn -0.6178 0.1220 -0.7768
vn 0.7246 -0.6754 0.1370
vn 0.9948 0.0839 -0.0574
vn -0.8489 0.3684 -0.3789
vn -0.9353 0.0147 -0.3536
vn -0.9955 -0.0739 0.0594
vn -0.8663 -0.3729 0.3323
vn -0.7716 0.5030 -0.3893
vn 0.5206 -0.6656 0.5347
vn -0.9752 -0.0310 0.2193
vn 0.8576 0.0580 0.5111
vn -0.3715 0.5106 0.7754
vn -0.2507 0.2695 -0.9298
vn 0.5195 -0.8521 -0.0642
vn -0.8361 -0.4507 0.3127
vn 0.8097 0.2563 -0.5280
vn 0.9855 0.0952 0.1403
vn 0.9958 -0.0831 -0.0387
vn 0.9955 -0.0908 -0.0255
vn 0.9958 -0.0855 -0.0317
vn -0.9487 -0.3120 -0.0501
vn -0.9952 0.0565 0.0800
vn -0.9964 0.0421 0.0729
vn -0.9958 0.0504 0.0765
vn -0.9606 0.1819 0.2103
vn -0.9589 0.2060 0.1952
vn -0.9601 0.1999 0.1957
vn -0.7026 0.7049 -0.0979
vn -0.9622 -0.2224 -0.1573
vn -0.3138 0.7673 0.5593
vn -0.9823 0.1757 -0.0655
vn -0.9875 0.1127 0.1102
vn -0.9676 0.0432 -0.2487
vn -0.9649 0.0573 -0.2561
vn -0.9654 0.0577 -0.2542
vn 0.9604 0.2774 0.0255
vn 0.9095 0.3161 -0.2700
vn 0.8914 -0.4486 -0.0647
vn 0.9150 -0.3669 0.1679
vn 0.9542 0.1867 -0.2339
vn 0.9767 -0.1734 0.1264
vn 0.8456 0.5069 0.1671
vn 0.5808 -0.5588 0.5920
vn 0.0392 0.1318 0.9905
vn 0.0487 0.1385 0.9892
vn 0.0572 0.1251 0.9905
vn -0.3270 0.2058 -0.9224
vn -0.7874 -0.6163 0.0118
vn -0.7232 0.6605 0.2021
vn -0.9199 -0.1783 -0.3493
vn -0.6569 0.5957 -0.4622
vn 0.9532 0.0502 -0.2980
vn 0.9161 -0.3785 0.1324
vn 0.9925 0.1198 -0.0253
vn -0.7411 -0.3658 0.5630
vn -0.9860 0.1665 -0.0020
vn -0.9857 0.1684 -0.0030
vn -0.9908 0.1344 -0.0179
vn -0.9121 -0.0753 -0.4031
vn -0.9582 -0.2779 -0.0678
vn -0.2552 0.6839 0.6835
vn -0.9899 -0.0869 -0.1120
vn 0.2227 0.5647 0.7947
vn 0.9128 -0.2661 0.3100
vn -0.9911 0.1167 -0.0634
vn -0.9899 0.1406 -0.0201
vn -0.9879 0.1475 -0.0487
vn -0.3976 -0.2344 0.8871
vn 0.5087 -0.8297 0.2297
vn -0.8893 -0.1838 0.4187
vn -0.9182 -0.3939 -0.0411
vn -0.9950 -0.0024 0.0999
vn -0.9968 -0.0114 0.0792
vn -0.9961 -0.0298 0.0835
vn -0.9426 0.0370 -0.3319
vn -0.5929 0.7480 -0.2983
vn 0.8604 -0.1977 -0.4698
vn -0.9511 -0.2401 0.1941
vn -0.9706 -0.1551 0.1839
vn -0.9771 0.2100 -0.0337
vn -0.9769 -0.2057 -0.0582
vn -0.6907 0.7083 -0.1457
vn -0.9585 -0.2650 -0.1053
vn -0.9359 -0.2707 -0.2254
vn -0.8588 -0.4916 -0.1446
vn -0.9743 0.1875 -0.1246
vn -0.7710 -0.2587 -0.5819
vn -0.9803 -0.1791 0.0837
vn 0.9831 0.1334 -0.1253
vn 0.9776 -0.1956 0.0779
vn 0.7561 0.6214 -0.2056
vn 0.7168 -0.5786 -0.3892
vn 0.8517 0.4945 -0.1735
vn -0.9235 0.1298 0.3610
vn -0.5504 -0.7157 -0.4299
vn -0.9742 0.1822 0.1329
vn -0.9807 0.1583 0.1144
vn -0.9783 0.1787 0.1046
vn 0.1629 -0.0091 -0.9866
vn 0.1313 0.0003 -0.9913
vn 0.1336 -0.0055 -0.9910
vn 0.6901 0.7220 0.0502
vn 0.0427 -0.2800 0.9591
vn -0.9855 -0.1528 -0.0736
vn -0.9324 0.0631 0.3558
vn -0.9971 0.0208 -0.0738
vn -0.9971 0.0210 -0.0735
vn -0.9971 0.0217 -0.0727
vn -0.9939 -0.1097 0.0082
vn -0.9943 -0.1062 0.0084
vn -0.9946 -0.1029 0.0134
vn -0.9601 0.2720 -0.0656
vn -0.9610 0.2650 -0.0795
vn -0.9577 0.2813 -0.0605
vn 0.9003 -0.1663 0.4023
vn 0.9868 -0.1613 -0.0168
vn -0.8711 -0.2841 -0.4006
vn -0.6282 0.5125 0.5854
vn -0.8269 0.5395 0.1585
vn 0.9638 -0.1145 -0.2410
vn 0.9628 -0.0863 -0.2562
vn 0.9645 -0.1160 -0.2372
vn 0.9998 0.0198 0.0010
vn 0.9999 0.0087 0.0122
vn 0.9999 0.0147 0.0072
vn -0.1412 0.8149 -0.5622
vn -0.0716 -0.6505 0.7561
vn -0.4047 0.9021 -0.1500
vn -0.8115 0.3323 0.4806
vn -0.1509 0.9442 -0.2929
vn -0.9902 -0.1373 -0.0264
vn 0.9132 0.0208 0.4071
vn 0.9868 0.1273 0.0997
vn 0.2554 0.9668 -0.0005
vn -0.9739 0.2041 -0.0991
vn 0.2503 0.9400 0.2319
vn -0.3261 0.9383 -0.1150
vn -0.5642 0.7776 -0.2774
vn -0.8810 0.1983 -0.4296
vn -0.9582 0.1579 -0.2385
vn -0.9937 0.1115 0.0129
vn -0.9261 0.3272 0.1876
vn -0.9141 -0.3983 0.0760
vn -0.8233 -0.0139 -0.5674
vn 0.5897 -0.7746 -0.2286
vn 0.2203 -0.6416 0.7348
vn -0.0087 -0.9759 0.2180
vn 0.2971 -0.7663 -0.5697
vn -0.8068 -0.0638 -0.5874
vn 0.4120 -0.7042 -0.5782
vn -0.9749 -0.0149 0.2223
vn -0.2297 0.5441 0.8070
vn -0.6814 -0.7102 0.1767
vn 0.7204 0.5347 -0.4416
vn 0.8633 -0.2010 -0.4629
vn 0.1852 -0.1584 0.9699
vn 0.1916 -0.1707 0.9665
vn 0.1780 -0.1866 0.9662
vn 0.4823 0.1182 0.8680
vn 0.2025 -0.0078 0.9792
vn 0.9492 -0.3118 -0.0427
vn 0.3651 0.5324 0.7637
vn 0.0930 0.0982 -0.9908
vn 0.1142 0.0782 -0.9904
vn 0.1095 0.0893 -0.9900
vn 0.9908 0.1346 0.0167
vn -0.4856 0.0376 -0.8734
vn -0.4799 0.0269 -0.8769
vn -0.4654 0.0217 -0.8848
vn 0.6200 -0.1590 0.7683
vn 0.9839 0.1443 0.1054
vn 0.8239 0.5211 0.2227
vn 0.4374 -0.8681 -0.2348
vn -0.7132 -0.6623 -0.2293
vn -0.7711 -0.6221 -0.1355
vn 0.1151 -0.9559 -0.2703
vn 0.7138 -0.4340 0.5497
vn 0.8591 -0.4873 -0.1565
vn 0.9619 0.2544 -0.1002
vn 0.7559 0.6003 0.2612
vn 0.7213 0.6225 0.3037
vn 0.5576 -0.6973 0.4503
vn -0.1376 0.5137 0.8469
vn 0.7481 0.6466 0.1495
vn 0.0936 -0.3572 0.9293
vn -0.9375 0.2753 -0.2127
vn 0.8915 -0.1926 -0.4100
vn -0.2066 -0.2240 -0.9525
vn -0.1397 -0.9613 -0.2375
vn -0.8214 -0.4293 0.3755
vn -0.3216 -0.3645 -0.8739
vn -0.9588 0.2581 -0.1185
vn -0.8506 -0.4546 0.2642
vn -0.9962 0.0509 -0.0711
vn -0.9979 0.0379 -0.0530
vn -0.9940 0.0603 -0.0915
vn -0.9864 0.1485 0.0706
vn -0.9160 -0.0881 0.3914
vn -0.7689 -0.6035 -0.2111
vn 0.5858 0.7326 0.3466
vn 0.1549 -0.9878 -0.0180
vn -0.3588 0.6433 0.6763
vn 0.9228 0.3761 0.0835
vn -0.3636 -0.7266 -0.5829
vn 0.7526 -0.5751 0.3208
vn 0.6135 0.4273 0.6641
vn -0.6084 0.2518 0.7526
vn -0.0654 0.6813 0.7291
vn 0.0388 0.0427 0.9983
vn 0.8829 -0.1140 0.4556
vn 0.8113 0.3442 -0.4726
vn 0.4363 0.4119 0.8000
vn 0.6650 -0.0373 -0.7459
vn 0.6924 -0.3946 -0.6041
vn -0.9007 -0.1762 -0.3972
vn 0.5712 0.0975 0.8150
vn 0.9123 0.4079 -0.0373
vn 0.9682 0.2391 0.0741
vn 0.6997 0.6630 0.2663
vn 0.8049 0.3917 -0.4457
vn 0.8316 0.5467 0.0981
vn 0.9733 0.2242 0.0495
vn 0.9950 0.0271 0.0960
vn 0.8942 -0.3771 -0.2414
vn 0.7544 0.1618 0.6362
vn 0.9513 -0.1945 0.2390
vn 0.7986 -0.2301 0.5562
vn 0.5129 -0.8569 0.0515
vn -0.3871 -0.8923 0.2323
vn -0.6869 -0.3568 0.6331
vn 0.4305 0.9023 0.0238
vn 0.1972 -0.0959 0.9757
vn 0.9363 0.3367 -0.0997
vn -0.9863 -0.0146 0.1643
vn 0.2214 -0.8861 0.4072
vn -0.8208 -0.5710 0.0145
vn 0.0946 -0.8801 -0.4654
vn 0.2034 -0.6945 -0.6902
vn 0.9594 0.2818 -0.0097
vn -0.9882 -0.1440 -0.0514
vn -0.9565 0.0274 -0.2904
vn -0.8270 -0.0380 0.5609
vn 0.0241 -0.8570 0.5148
vn -0.9745 -0.2119 0.0739
vn 0.7832 -0.4402 -0.4391
vn -0.9687 -0.2450 0.0391
vn 0.9404 0.2399 0.2411
vn 0.9852 0.1439 0.0936
vn -0.7733 0.6185 0.1394
vn -0.9727 -0.2322 -0.0026
vn -0.8358 0.2419 0.4928
vn 0.4953 -0.1178 0.8607
vn 0.8587 -0.4946 0.1343
vn 0.9482 0.2572 0.1865
vn 0.9660 -0.1001 0.2386
vn -0.9183 0.0393 -0.3939
vn 0.9991 -0.0386 -0.0184
vn 0.9729 0.1401 -0.1840
vn -0.9426 -0.2098 0.2598
vn -0.8556 -0.0479 -0.5155
vn -0.9378 0.0515 0.3434
vn 0.3808 -0.8960 0.2283
vn -0.8520 -0.2546 -0.4575
vn -0.6410 0.0260 -0.7671
vn -0.9574 0.2179 0.1897
vn -0.7949 0.6068 -0.0026
vn -0.9584 0.2679 0.0982
vn -0.9389 0.3382 -0.0642
vn -0.4052 0.5258 0.7479
vn -0.9828 0.0887 0.1622
vn -0.8366 0.4307 0.3387
vn -0.9549 -0.2894 -0.0669
vn -0.9623 -0.2705 -0.0295
vn -0.9601 -0.2756 -0.0467
vn -0.8050 0.2282 -0.5477
vn -0.4746 0.0072 -0.8802
vn -0.9837 0.1784 -0.0221
vn -0.9845 0.1710 -0.0390
vn -0.9901 0.1401 -0.0110
vn -0.0038 -0.9974 -0.0726
vn 0.0066 -0.9970 -0.0773
vn -0.0007 -0.9974 -0.0727
vn -0.9037 -0.4224 -0.0708
vn -0.9912 0.1144 0.0666
vn 0.5093 0.6182 -0.5987
vn 0.0125 0.0077 -0.9999
vn -0.7917 0.5645 -0.2334
vn 0.8915 -0.4285 -0.1471
vn -0.1476 0.9872 0.0599
vn -0.1482 0.9851 0.0878
vn -0.1763 0.9788 0.1043
vn 0.8321 -0.5511 -0.0615
vn 0.9758 0.1566 -0.1529
vn 0.6733 0.7261 0.1392
vn 0.5070 -0.7375 0.4462
vn 0.6962 -0.6542 -0.2954
vn 0.3515 -0.9278 0.1246
vn 0.8533 0.1565 -0.4975
vn 0.9643 -0.0445 -0.2612
vn 0.6640 -0.6751 -0.3215
vn 0.9611 -0.2657 -0.0749
vn 0.9985 -0.0528 -0.0144
vn 0.5098 -0.0425 0.8593
vn 0.6831 -0.0788 0.7260
vn 0.7891 0.1167 0.6031
vn 0.9888 0.0138 0.1487
vn 0.9231 0.1685 0.3456
vn 0.7644 0.0262 0.6443
vn 0.9902 -0.1389 -0.0160
vn 0.9911 -0.1256 -0.0444
vn 0.9921 -0.1178 -0.0429
vn -0.5029 -0.4977 0.7066
vn -0.0523 -0.0029 0.9986
vn -0.8049 -0.5248 -0.2770
vn 0.9586 -0.2246 0.1753
vn 0.6777 -0.0798 0.7310
vn 0.9085 0.4158 -0.0416
vn 0.8950 0.4129 0.1691
vn -0.9452 -0.1897 -0.2658
vn 0.6231 -0.2643 0.7361
vn -0.5467 -0.0902 0.8325
vn -0.0111 -0.9986 -0.0512
vn -0.0072 -0.9976 -0.0683
vn -0.0076 -0.9976 -0.0684
vn -0.9908 0.1325 -0.0258
vn -0.9909 0.1320 -0.0264
vn -0.9902 0.1381 -0.0223
vn -0.9439 0.1082 0.3120
vn -0.5294 0.6234 -0.5755
vn -0.2919 -0.3737 0.8805
vn -0.9833 0.1782 0.0370
vn 0.7019 -0.0620 -0.7096
vn -0.6834 -0.1600 0.7123
vn -0.9847 0.1471 0.0936
vn -0.9482 0.3039 0.0930
vn -0.9700 -0.0108 0.2428
vn -0.6612 -0.4681 0.5862
vn 0.9681 0.0916 -0.2332
vn -0.8983 0.1793 -0.4012
vn -0.8889 -0.3440 0.3024
vn -0.9907 0.1099 -0.0808
vn -0.6133 0.5414 0.5750
vn -0.2134 0.0952 0.9723
vn -0.6296 -0.0174 0.7768
vn -0.8979 -0.4402 0.0064
vn 0.3913 -0.3200 0.8629
vn 0.3246 -0.1143 0.9389
vn 0.1539 0.0156 0.9880
vn -0.0115 -0.8694 0.4939
vn 0.5857 -0.7314 0.3493
vn -0.4827 0.0645 -0.8734
vn 0.9817 0.0711 -0.1766
vn -0.3935 -0.0500 -0.9180
vn 0.7756 0.0849 -0.6255
vn 0.9935 0.1094 -0.0321
vn 0.9929 0.1154 -0.0274
vn 0.9934 0.1104 -0.0318
vn -0.0934 -0.8410 0.5329
vn -0.0918 -0.8412 0.5329
vn -0.0884 -0.8460 0.5258
vn -0.0880 -0.0500 -0.9949
vn -0.4047 0.5482 0.7319
vn 0.4564 -0.6833 -0.5699
vn 0.2629 -0.1091 -0.9586
vn 0.9352 -0.3491 0.0590
vn 0.7837 0.5105 -0.3540
vn 0.8426 0.2220 0.4907
vn 0.9967 0.0433 -0.0690
vn 0.9975 0.0295 -0.0642
vn 0.9973 0.0323 -0.0660
vn 0.5522 0.0863 -0.8292
vn 0.8964 -0.3678 0.2474
vn 0.9196 0.3925 -0.0175
vn 0.7980 -0.6012 0.0417
vn 0.7942 -0.6072 0.0241
vn 0.7992 -0.6003 0.0301
vn 0.9982 -0.0555 -0.0238
vn 0.9992 -0.0330 -0.0232
vn 0.9988 -0.0475 -0.0127
vn 0.9834 -0.1610 -0.0840
vn 0.8483 0.3390 -0.4066
vn 0.7897 -0.3827 -0.4795
vn 0.4367 0.5486 0.7130
vn 0.9181 -0.0993 0.3838
vn 0.9572 0.2799 0.0737
vn -0.0296 -0.0029 -0.9996
vn -0.0406 -0.0188 -0.9990
vn -0.0179 -0.0233 -0.9996
vn 0.0125 0.0513 -0.9986
vn -0.0368 0.3264 -0.9445
vn 0.8513 0.1130 0.5124
vn 0.9622 -0.1072 -0.2503
vn 0.9674 -0.0850 -0.2384
vn 0.9643 -0.1030 -0.2438
vn -0.7874 -0.6161 0.0205
vn 0.6820 0.2957 -0.6690
vn 0.9625 -0.2657 0.0540
vn -0.2825 -0.9318 0.2279
vn -0.2844 -0.6818 0.6739
vn -0.9455 -0.0923 -0.3121
vn -0.9401 -0.0946 -0.3275
vn -0.9440 -0.0834 -0.3192
vn -0.2227 -0.9366 0.2706
vn -0.8259 0.5450 0.1441
vn -0.8240 0.5416 0.1663
vn -0.8441 0.5097 0.1665
vn -0.9754 0.2110 0.0636
vn -0.9761 0.2100 0.0567
vn -0.9713 0.2272 0.0700
vn 0.7406 -0.6590 -0.1314
vn 0.4993 -0.7504 -0.4332
vn -0.3970 0.6054 0.6899
vn -0.8566 0.1293 0.4995
vn 0.3267 0.8195 -0.4708
vn -0.6596 -0.5407 -0.5221
vn 0.3464 -0.1509 -0.9259
vn -0.1266 -0.9888 0.0795
vn -0.9323 -0.1965 0.3036
vn -0.0083 1.0000 -0.0030
vn -0.0200 0.9997 -0.0108
vn -0.0143 0.9999 -0.0058
vn -0.5092 -0.8495 0.1379
vn 0.8965 -0.4224 0.1335
vn 0.2991 0.9412 0.1573
vn 0.8079 -0.0549 0.5868
vn 0.5974 -0.5060 0.6221
vn -0.6340 0.2902 -0.7168
vn -0.4440 -0.7291 -0.5209
vn 0.6771 0.4780 -0.5595
vn -0.8329 0.3662 -0.4149
vn -0.8075 -0.5299 0.2593
vn 0.9050 0.3016 0.3001
vn -0.7250 0.6542 -0.2155
vn -0.3254 0.1547 -0.9328
vn -0.6487 -0.5924 0.4779
vn -0.2758 0.3488 -0.8957
vn 0.9157 -0.3451 0.2060
vn 0.2617 0.4411 -0.8584
vn 0.6406 -0.7521 0.1550
vn 0.0770 -0.1980 0.9772
vn 0.8602 0.1985 -0.4697
vn 0.7295 -0.2772 0.6252
vn 0.6603 -0.5482 0.5133
vn -0.5717 -0.3171 0.7567
vn -0.5214 -0.8465 -0.1078
vn -0.8858 0.2944 -0.3587
vn 0.9364 -0.3477 -0.0485
vn 0.9958 -0.0909 -0.0050
vn -0.2775 0.7524 0.5974
vn 0.6524 0.5955 0.4687
vn -0.5248 -0.6364 -0.5653
vn -0.8925 -0.3627 -0.2681
vn -0.9181 0.0916 0.3857
vn -0.9756 0.1601 0.1501
vn 0.8539 -0.0984 0.5111
vn 0.9137 0.3764 0.1530
vn -0.3315 -0.7909 -0.5143
vn -0.7042 -0.4805 0.5226
vn -0.9928 0.1188 -0.0133
vn -0.8486 0.4469 -0.2831
vn -0.7990 0.6012 0.0100
vn -0.5730 -0.0973 -0.8137
vn -0.6000 -0.1084 -0.7926
vn -0.7410 -0.6631 -0.1065
vn -0.8489 0.5099 0.1389
vn -0.5494 -0.8354 0.0163
vn -0.8891 0.4539 0.0583
vn 0.9983 -0.0536 0.0228
vn 0.9981 -0.0532 0.0299
vn 0.9977 -0.0631 0.0257
vn 0.7035 0.4335 0.5632
vn 0.7286 -0.6163 0.2988
vn 0.3262 0.9385 -0.1130
vn 0.3229 0.9389 -0.1196
vn 0.3296 0.9383 -0.1047
vn 0.4512 0.8829 -0.1301
vn -0.5995 -0.3212 -0.7331
vn 0.9022 -0.4037 0.1519
vn -0.9179 -0.3041 -0.2548
vn -0.9147 -0.2112 0.3445
vn 0.9205 -0.3857 0.0632
vn 0.0671 0.9412 -0.3311
vn -0.6107 0.5709 -0.5488
vn -0.6872 -0.6916 -0.2221
vn -0.6250 0.3793 0.6823
vn 0.7051 -0.1842 -0.6847
vn 0.7443 -0.2082 -0.6345
vn 0.9845 0.1055 -0.1402
vn 0.8163 -0.2362 0.5272
vn 0.8905 0.2971 -0.3445
vn 0.9277 -0.0043 -0.3732
vn 0.7869 0.4635 -0.4073
vn 0.9999 -0.0150 0.0025
vn 0.9998 -0.0153 0.0150
vn 0.9999 -0.0146 0.0073
vn -0.9825 0.0113 0.1857
vn -0.2914 -0.9463 0.1399
vn -0.9997 -0.0196 -0.0123
vn -0.9996 -0.0177 -0.0236
vn -0.9997 -0.0246 -0.0096
vn -0.7542 0.4300 -0.4963
vn -0.7629 -0.3044 0.5704
vn -0.4924 0.7252 0.4812
vn -0.7097 -0.5287 -0.4657
vn -0.9164 0.3835 -0.1145
vn -0.9622 -0.0950 0.2552
vn 0.3962 -0.8877 -0.2345
vn 0.2457 0.1020 -0.9640
vn -0.7155 0.5041 -0.4837
vn -0.7405 0.6664 0.0872
vn -0.7017 0.7112 0.0420
vn -0.7287 0.6815 0.0671
vn -0.8492 0.1821 0.4956
vn -0.7233 0.1478 0.6746
vn -0.9698 -0.1863 0.1574
vn 0.9767 0.0210 -0.2138
vn 0.1333 0.2974 -0.9454
vn 0.5272 -0.5262 0.6672
vn -0.0887 -0.9902 0.1079
vn -0.0960 -0.9899 0.1046
vn -0.0981 -0.9888 0.1124
vn 0.0154 -0.9976 -0.0680
vn 0.0199 -0.9961 -0.0859
vn 0.0045 -0.9962 -0.0873
vn -0.7245 -0.3315 -0.6043
vn 0.0570 -0.9970 0.0519
vn 0.0896 -0.9951 0.0407
vn 0.0685 -0.9965 0.0474
vn -0.7922 -0.5201 -0.3192
vn -0.1734 -0.9525 -0.2505
vn 0.0041 -1.0000 0.0070
vn 0.6899 -0.7221 0.0516
vn 0.0119 -0.9999 -0.0098
vn 0.7720 -0.5585 0.3035
vn 0.8844 -0.1623 0.4376
vn 0.8678 -0.4932 -0.0597
vn -0.0739 -0.9939 0.0821
vn -0.0790 -0.9942 0.0723
vn -0.0671 -0.9941 0.0854
vn -0.0279 -0.9995 -0.0141
vn -0.0325 -0.9993 -0.0196
vn -0.0250 -0.9997 -0.0035
vn 0.9455 -0.1012 0.3094
vn 0.8954 -0.4374 -0.0834
vn 0.9710 0.1181 -0.2079
vn -0.9620 0.0373 0.2703
vn -0.0966 -0.0987 0.9904
vn 0.6858 -0.5909 0.4249
vn -0.7562 0.6522 0.0532
vn -0.0093 0.1680 0.9857
vn 0.6037 0.3202 -0.7301
vn -0.8747 -0.2830 0.3934
vn -0.5264 0.8464 0.0808
vn -0.9174 0.0089 0.3978
vn -0.8603 -0.4704 -0.1963
vn -0.9658 0.0493 -0.2544
vn 0.0430 0.9793 0.1980
vn 0.8641 -0.1614 0.4767
vn 0.2259 0.8993 0.3744
vn -0.2954 -0.8223 0.4864
vn -0.9897 0.1338 0.0513
vn -0.6817 -0.6253 -0.3797
vn 0.0262 -0.4822 0.8756
vn -0.9047 0.1789 0.3866
vn -0.9049 0.1986 0.3765
vn -0.9026 0.1870 0.3877
vn -0.4104 -0.7150 0.5660
vn -0.2757 -0.0408 -0.9604
vn -0.9799 0.0031 0.1997
vn -0.9933 -0.0348 -0.1101
vn -0.9354 -0.0956 -0.3405
vn -0.8976 0.4409 -0.0051
vn -0.5991 -0.2695 0.7539
vn -0.9926 0.1166 -0.0349
vn -0.9944 0.0962 -0.0448
vn -0.9932 0.1138 -0.0242
vn -0.9983 0.0447 0.0378
vn -0.9982 0.0507 0.0328
vn -0.9982 0.0511 0.0325
vn -0.8161 0.2230 0.5331
vn -0.9286 0.3669 0.0559
vn 0.8905 0.3241 -0.3192
vn -0.7633 0.6085 -0.2171
vn 0.9960 -0.0685 -0.0576
vn 0.9961 -0.0726 -0.0506
vn 0.9968 -0.0655 -0.0465
vn 0.8208 0.1379 -0.5543
vn 0.9535 -0.2533 -0.1634
vn 0.9983 -0.0523 0.0259
vn 0.9635 -0.1396 -0.2284
vn 0.4633 0.8804 -0.1015
vn 0.5364 0.6149 -0.5781
vn 0.9953 0.0126 -0.0964
vn 0.9952 0.0131 -0.0965
vn 0.9947 0.0082 -0.1021
vn 0.9506 -0.2107 0.2281
vn 0.9478 -0.2146 0.2359
vn 0.9474 -0.2022 0.2482
vn 0.9741 0.0639 0.2169
vn 0.9713 0.0475 0.2330
vn 0.9742 0.0583 0.2178
vn 0.5321 -0.8305 -0.1649
vn 0.5663 -0.5165 0.6422
vn -0.9882 0.1367 0.0692
vn -0.4885 0.8507 -0.1940
vn 0.8432 -0.2197 -0.4907
vn -0.2585 0.8799 -0.3987
vn 0.9625 0.1833 -0.2002
vn 0.9237 0.2041 0.3242
vn 0.9554 0.0594 -0.2893
vn -0.6813 0.3644 -0.6348
vn 0.8362 0.5364 -0.1142
vn 0.1705 0.9505 0.2596
vn 0.9908 0.1073 0.0828
vn 0.9904 0.0908 0.1038
vn 0.9877 0.1116 0.1099
vn 0.3085 -0.9501 0.0467
vn -0.9889 0.0715 0.1300
vn -0.9023 0.3925 0.1781
vn -0.8072 0.5253 0.2693
vn -0.7863 0.6082 -0.1087
vn 0.8048 -0.5841 0.1056
vn 0.7042 0.7098 0.0150
vn 0.9961 0.0866 -0.0139
vn 0.9964 0.0841 -0.0060
vn 0.9964 0.0843 -0.0058
vn 0.7085 0.2048 0.6754
vn 0.9247 0.3319 -0.1864
vn 0.8992 0.4297 0.0825
vn 0.9807 -0.1544 0.1196
vn 0.9620 0.2720 -0.0231
vn 0.9683 0.1721 0.1811
vn 0.9218 -0.3659 -0.1281
vn 0.9973 -0.0185 0.0712
vn -0.9899 -0.1408 0.0158
vn -0.9357 0.1415 0.3232
vn -0.9702 -0.2222 0.0961
vn -0.9356 -0.3523 0.0244
vn -0.8293 -0.5550 0.0653
vn -0.9928 -0.0955 0.0727
vn -0.9927 -0.0962 0.0722
vn -0.9925 -0.1049 0.0631
vn -0.7588 -0.1471 -0.6346
vn -0.8321 -0.3693 -0.4139
vn -0.9952 -0.0140 0.0973
vn -0.9979 0.0084 0.0646
vn -0.9975 0.0071 0.0708
vn -0.4566 0.5653 0.6871
vn -0.7507 -0.0919 0.6542
vn -0.7645 -0.1518 0.6265
vn -0.6260 0.6471 -0.4352
vn -0.9973 0.0720 -0.0120
vn -0.9973 0.0720 -0.0117
vn -0.9974 0.0716 -0.0046
vn 0.8083 0.3317 -0.4865
vn -0.2532 -0.0985 -0.9624
vn -0.4046 0.1476 -0.9025
vn -0.4023 0.3596 -0.8419
vn -0.7225 0.3709 -0.5835
vn 0.0898 -0.2462 -0.9651
vn 0.5725 -0.1040 -0.8133
vn 0.2840 0.1601 -0.9454
vn -0.9183 0.3860 -0.0878
vn -0.9246 0.3122 -0.2181
vn -0.9278 0.3169 -0.1967
vn -0.9230 0.3258 -0.2045
vn -0.7659 -0.5633 0.3099
vn 0.7860 -0.2221 0.5770
vn -0.9310 -0.3628 -0.0405
vn 0.9513 -0.2431 0.1893
vn -0.8693 -0.4271 -0.2487
vn -0.9666 -0.0731 0.2457
vn -0.9963 0.0774 0.0368
vn -0.9941 -0.0043 0.1082
vn 0.9022 0.1460 -0.4058
vn 0.9181 0.3723 -0.1355
vn 0.7923 0.6098 -0.0193
vn 0.6057 0.1768 0.7758
vn 0.7416 -0.6647 -0.0906
vn 0.6984 0.2579 0.6677
vn 0.9954 -0.0954 -0.0124
vn 0.9895 0.1013 -0.1026
vn 0.9901 0.1051 -0.0929
vn 0.9912 0.1034 -0.0823
vn 0.4066 -0.8847 -0.2281
vn 0.4476 -0.8647 -0.2278
vn 0.4304 -0.8689 -0.2443
vn 0.9079 -0.4183 -0.0286
vn 0.7498 0.0864 0.6560
vn 0.9418 -0.2110 -0.2616
vn 0.8906 -0.4171 0.1813
vn 0.5304 0.6879 0.4955
vn -0.1710 0.5811 0.7956
vn -0.5741 0.1176 0.8103
vn -0.9445 -0.2885 0.1572
vn 0.0191 -0.0724 0.9972
vn 0.0427 -0.0697 0.9967
vn 0.0293 -0.0921 0.9953
vn -0.9581 0.2583 0.1239
vn -0.9542 0.2595 0.1490
vn -0.9489 0.2724 0.1595
vn -0.9756 0.2187 -0.0189
vn -0.8299 0.3722 0.4157
vn -0.9961 -0.0266 0.0847
vn -0.6733 0.7344 0.0854
vn -0.9428 0.2840 0.1747
vn -0.8261 -0.5391 0.1640
vn -0.9063 -0.0203 0.4221
vn -0.1062 0.9818 -0.1575
vn -0.1352 0.9777 -0.1608
vn -0.1259 0.9793 -0.1586
vn 0.6509 0.7582 0.0380
vn 0.4398 0.8718 0.2157
vn 0.9439 -0.2458 0.2204
vn 0.9412 -0.2566 0.2196
vn 0.6394 -0.4419 -0.6291
vn 0.9971 -0.0658 -0.0393
vn 0.9862 0.1654 -0.0074
vn 0.9785 -0.1729 0.1128
vn 0.7941 0.5976 -0.1110
vn 0.7470 0.4985 0.4399
vn 0.9411 0.0861 -0.3270
vn 0.8590 -0.5076 0.0667
vn 0.7653 0.1925 0.6142
vn 0.6143 -0.7877 -0.0470
vn -0.0310 -0.9902 -0.1362
vn 0.7702 0.0091 0.6377
vn -0.3360 -0.9241 0.1822
vn -0.1912 -0.9775 -0.0892
vn 0.6242 0.7282 -0.2831
vn 0.5993 0.1419 -0.7878
vn 0.5680 -0.6595 -0.4924
vn -0.4869 -0.2935 -0.8227
vn 0.9274 0.3017 0.2212
vn 0.6099 -0.0246 -0.7921
vn -0.0813 0.9840 -0.1584
vn -0.9878 -0.1549 0.0164
vn -0.9911 -0.0455 0.1249
vn -0.9429 0.3021 0.1404
vn -0.9793 0.1894 -0.0718
vn -0.5757 -0.7915 0.2053
vn -0.6326 0.3147 0.7077
vn -0.9867 0.1572 -0.0423
vn -0.9855 0.1656 -0.0358
vn -0.9893 0.1379 -0.0487
vn 0.9812 0.0410 -0.1885
vn 0.3941 -0.9036 -0.1678
vn 0.0035 -0.6958 0.7183
vn -0.9549 -0.2609 -0.1416
vn -0.9500 -0.2776 -0.1429
vn -0.9522 -0.2745 -0.1341
vn 0.4501 -0.1890 0.8727
vn -0.5618 0.6138 -0.5547
vn 0.3346 -0.8247 -0.4560
vn 0.8789 0.2410 0.4116
vn -0.9912 0.0826 0.1031
vn -0.9912 0.0825 0.1034
vn -0.9913 0.0830 0.1024
vn -0.8080 0.4015 0.4312
vn -0.4368 0.7307 0.5247
vn -0.1071 0.9416 -0.3194
vn 0.9952 -0.0962 -0.0199
vn 0.9159 0.1091 0.3862
vn -0.8370 0.3132 -0.4488
vn -0.4581 0.8639 0.2093
vn -0.4516 0.8663 0.2134
vn -0.4585 0.8636 0.2099
vn -0.7878 0.2682 0.5546
vn -0.5264 0.7630 -0.3752
vn -0.6706 -0.2042 -0.7131
vn -0.8562 -0.3135 0.4106
vn -0.9989 -0.0472 0.0067
vn -0.6968 0.5567 -0.4523
vn -0.8468 -0.3787 -0.3734
vn -0.7429 0.0225 -0.6690
vn -0.7800 0.5342 -0.3261
vn 0.9403 -0.2080 -0.2695
vn -0.2480 0.5901 -0.7683
vn 0.5429 -0.6977 -0.4674
vn 0.9775 0.1929 0.0854
vn 0.5179 -0.8276 0.2164
vn -0.0884 -0.9649 -0.2471
vn -0.7754 -0.4568 0.4359
vn 0.9889 0.1213 -0.0856
vn 0.9874 0.1312 -0.0879
vn 0.9877 0.1263 -0.0919
vn 0.2173 -0.8498 0.4801
vn 0.9793 -0.0839 -0.1843
vn 0.9802 -0.0879 -0.1776
vn 0.9826 -0.1068 -0.1522
vn 0.5992 0.6021 -0.5276
vn -0.0156 0.9977 -0.0652
vn 0.9604 0.2521 0.1191
vn 0.5135 -0.2618 0.8172
vn 0.9899 -0.0405 -0.1355
vn 0.9913 -0.0178 -0.1302
vn 0.9918 -0.0241 -0.1254
vn 0.4653 -0.7504 0.4695
vn 0.7530 0.2665 0.6016
vn 0.9398 0.1898 0.2843
vn 0.0736 -0.4008 0.9132
vn -0.1064 0.9196 0.3781
vn -0.6760 -0.4476 -0.5854
vn 0.1506 0.9843 0.0923
vn 0.6182 -0.1222 -0.7765
vn 0.1250 -0.7167 -0.6860
vn 0.0273 0.8136 -0.5808
vn -0.9473 0.0458 0.3171
vn -0.9543 0.0501 0.2946
vn -0.9678 0.0368 0.2491
vn 0.0721 0.0545 -0.9959
vn 0.0515 0.0567 -0.9971
vn 0.0582 0.0445 -0.9973
vn -0.0374 0.1686 -0.9850
vn 0.0965 0.0257 -0.9950
vn 0.1055 0.0453 -0.9934
vn 0.1179 0.0416 -0.9922
vn -0.0054 -0.1411 0.9900
vn 0.0597 -0.6643 0.7451
vn 0.1406 0.2900 -0.9466
vn 0.0707 0.0776 0.9945
vn 0.0947 0.1243 0.9877
vn 0.0635 0.1045 0.9925
vn 0.9828 0.1104 -0.1478
vn 0.1739 -0.9838 0.0424
vn 0.1754 -0.9828 0.0576
vn 0.1730 -0.9839 0.0447
vn 0.0080 0.1439 -0.9896
vn 0.0323 0.1131 -0.9931
vn 0.0100 0.1478 -0.9890
vn -0.8989 0.3668 -0.2397
vn -0.6649 0.4087 0.6252
vn -0.5724 -0.5892 0.5702
vn -0.9867 -0.1526 -0.0554
vn -0.9865 -0.1542 -0.0549
vn -0.9861 -0.1525 -0.0659
vn -0.9528 0.2857 0.1028
vn -0.6579 -0.2740 0.7015
vn -0.9953 0.0948 0.0179
vn 0.0637 0.9011 -0.4289
vn 0.8267 0.3414 0.4473
vn -0.7183 -0.6300 -0.2952
vn 0.0590 -0.9983 0.0009
vn 0.0655 -0.9978 0.0136
vn 0.0435 -0.9990 0.0027
vn -0.5629 -0.6539 -0.5055
vn 0.8173 -0.4670 0.3376
vn 0.9478 0.2857 0.1414
vn 0.9456 0.2930 0.1415
vn 0.9456 0.2931 0.1415
vn 0.9129 0.3586 0.1949
vn 0.2490 0.6248 -0.7400
vn 0.4910 0.8376 0.2394
vn 0.8383 -0.5452 -0.0066
vn -0.6808 -0.7267 0.0918
vn 0.0089 -0.2520 -0.9677
vn 0.8135 0.5412 -0.2130
vn -0.9090 0.3137 -0.2743
vn -0.7093 0.3814 0.5928
vn -0.9672 0.0028 -0.2542
vn -0.9933 -0.0087 -0.1154
vn -0.9952 -0.0092 -0.0975
vn -0.9941 -0.0058 -0.1080
vn -0.7110 0.6911 0.1297
vn -0.0709 0.9973 -0.0193
vn 0.0105 0.9978 0.0648
vn -0.0058 1.0000 0.0044
vn 0.0059 0.9960 0.0891
vn 0.0053 0.9954 0.0955
vn -0.0135 0.9972 0.0739
vn 0.7003 0.6234 0.3479
vn 0.1439 -0.9037 0.4033
vn 0.2551 -0.6446 -0.7207
vn -0.9958 0.0717 0.0573
vn -0.1237 0.3860 -0.9141
vn -0.9385 0.3413 -0.0526
vn -0.9346 0.3547 0.0258
vn -0.9391 0.3437 0.0015
vn 0.0249 0.9997 -0.0011
vn 0.0309 0.9995 -0.0016
vn 0.0410 0.9991 -0.0089
vn 0.8445 -0.5270 -0.0958
vn 0.6932 -0.5518 -0.4636
vn 0.0216 -0.8655 0.5005
vn -0.0587 -0.9972 0.0459
vn 0.1884 -0.9820 -0.0157
vn 0.1906 -0.9816 -0.0125
vn 0.1775 -0.9841 -0.0021
vn 0.0339 0.9982 0.0485
vn -0.0236 0.6297 -0.7765
vn 0.0607 0.4916 -0.8687
vn 0.4034 0.3859 0.8297
vn -0.2621 0.9646 -0.0275
vn 0.3248 -0.6427 0.6938
vn 0.8907 0.3472 0.2935
vn -0.0015 0.0079 1.0000
vn 0.0113 -0.0028 0.9999
vn 0.0015 0.0014 1.0000
vn -0.0046 -0.1585 0.9874
vn -0.0142 0.9631 0.2689
vn -0.1125 0.4318 -0.8949
vn 0.6992 0.7071 0.1054
vn -0.3987 -0.8358 0.3774
vn -0.8045 0.5387 0.2501
vn -0.1661 0.9856 0.0322
vn -0.1380 0.9874 0.0770
vn -0.1172 0.9918 0.0508
vn 0.0669 -0.9407 -0.3327
vn -0.0462 -0.9989 -0.0062
vn -0.0308 -0.9988 0.0391
vn -0.0426 -0.9987 0.0290
vn 0.0049 0.0253 -0.9997
vn -0.0098 0.0394 -0.9992
vn 0.0156 0.0189 -0.9997
vt 0.473650 0.578638
vt 0.015888 0.841743
vt 0.625335 0.990063
vt 0.038047 0.238029
vt 0.906343 0.579854
vt 0.958496 0.143799
vt 0.953468 0.145026
vt 0.019520 0.439868
vt 0.952500 0.384188
vt 0.538732 0.157917
vt 0.890232 0.541331
vt 0.629518 0.641482
vt 0.542747 0.643263
vt 0.665433 0.689351
vt 0.055391 0.374333
vt 0.663164 0.198084
vt 0.595761 0.446256
vt 0.941042 0.073101
vt 0.799095 0.350534
vt 0.713472 0.258168
vt 0.749444 0.117784
vt 0.755486 0.103969
vt 0.180643 0.251389
vt 0.949215 0.143399
vt 0.868219 0.583072
vt 0.019523 0.439923
vt 0.128416 0.544558
vt 0.905815 0.441365
vt 0.072614 0.317874
vt 0.640260 0.671002
vt 0.547195 0.669413
vt 0.551371 0.684369
vt 0.647250 0.661801
vt 0.623986 0.305441
vt 0.387449 0.773102
vt 0.055118 0.650621
vt 0.691719 0.237530
vt 0.428291 0.765236
vt 0.587640 0.989982
vt 0.017561 0.436723
vt 0.538798 0.156299
vt 0.808649 0.348556
vt 0.053280 0.505042
vt 0.696154 0.223761
vt 0.381954 0.091823
vt 0.054087 0.531904
vt 0.194490 0.082261
vt 0.002657 0.811631
vt 0.009506 0.809742
vt 0.963564 0.142934
vt 0.876724 0.545636
vt 0.024280 0.402086
vt 0.754792 0.060849
vt 0.006476 0.801888
vt 0.987305 0.832031
vt 0.985352 0.835938
vt 0.574069 0.673772
vt 0.687172 0.263623
vt 0.690723 0.249074
vt 0.956204 0.747843
vt 0.183175 0.010919
vt 0.342957 0.203958
vt 0.949792 0.880430
vt 0.362017 0.534848
vt 0.558183 0.928882
vt 0.974785 0.728752
vt 0.641578 0.081316
vt 0.642179 0.088177
vt 0.872985 0.538630
vt 0.027710 0.390479
vt 0.546662 0.661726
vt 0.006104 0.001709
vt 0.796091 0.317611
vt 0.579584 0.317423
vt 0.384297 0.193434
vt 0.768755 0.016524
vt 0.017301 0.965417
vt 0.689189 0.260099
vt 0.188048 0.009227
vt 0.807101 0.129275
vt 0.627171 0.286182
vt 0.375327 0.759546
vt 0.954607 0.137380
vt 0.871350 0.602923
vt 0.088094 0.034592
vt 0.768084 0.601914
vt 0.627520 0.296301
vt 0.384446 0.767473
vt 0.087729 0.409136
vt 0.049419 0.596374
vt 0.770364 0.015715
vt 0.976749 0.877905
vt 0.024982 0.908063
vt 0.011601 0.913692
vt 0.039792 0.450739
vt 0.921376 0.209498
vt 0.570231 0.962284
vt 0.568467 0.966371
vt 0.413408 0.150582
vt 0.142124 0.061848
vt 0.702761 0.014240
vt 0.093975 0.452248
vt 0.467804 0.018600
vt 0.978349 0.557651
vt 0.983015 0.196290
vt 0.594164 0.263726
vt 0.444141 0.459181
vt 0.832044 0.569554
vt 0.020277 0.013541
vt 0.579346 0.274170
vt 0.466553 0.057373
vt 0.349210 0.202248
vt 0.710527 0.047609
vt 0.943353 0.866320
vt 0.952486 0.883312
vt 0.381351 0.012277
vt 0.082914 0.094537
vt 0.986320 0.420630
vt 0.312954 0.987262
vt 0.440918 0.194818
vt 0.827322 0.484992
vt 0.645126 0.056745
vt 0.903386 0.814824
vt 0.743303 0.607274
vt 0.753289 0.609005
vt 0.160054 0.390703
vt 0.604492 0.476562
vt 0.935355 0.056457
vt 0.774767 0.363858
vt 0.783928 0.257809
vt 0.009773 0.183466
vt 0.336308 0.366979
vt 0.103450 0.631056
vt 0.114943 0.624063
vt 0.459476 0.594649
vt 0.719139 0.357481
vt 0.750303 0.355586
vt 0.039922 0.977851
vt 0.300670 0.390390
vt 0.261680 0.395617
vt 0.417992 0.772226
vt 0.007497 0.621938
vt 0.289075 0.877979
vt 0.786282 0.901224
vt 0.431875 0.800850
vt 0.435096 0.804472
vt 0.351054 0.083173
vt 0.039183 0.509118
vt 0.002803 0.801368
vt 0.984254 0.833221
vt 0.448365 0.209125
vt 0.679088 0.008476
vt 0.748315 0.543198
vt 0.041401 0.297511
vt 0.068160 0.364354
vt 0.666899 0.644302
vt 0.824417 0.037845
vt 0.821577 0.049568
vt 0.463247 0.410534
vt 0.116510 0.471508
vt 0.259210 0.337336
vt 0.575165 0.946909
vt 0.966465 0.733466
vt 0.963006 0.748216
vt 0.181439 0.008061
vt 0.374072 0.823940
vt 0.403568 0.449349
vt 0.378947 0.460508
vt 0.815684 0.250195
vt 0.872854 0.874852
vt 0.754722 0.566787
vt 0.594124 0.567880
vt 0.643436 0.661500
vt 0.387614 0.792893
vt 0.103775 0.586467
vt 0.970271 0.021336
vt 0.702046 0.268513
vt 0.711384 0.247848
vt 0.188285 0.235710
vt 0.508861 0.085194
vt 0.426630 0.266491
vt 0.436116 0.269697
vt 0.427379 0.371532
vt 0.107713 0.246707
vt 0.283978 0.570698
vt 0.700300 0.691981
vt 0.469394 0.186582
vt 0.601656 0.664155
vt 0.025781 0.784696
vt 0.423438 0.678841
vt 0.382531 0.176568
vt 0.416249 0.169428
vt 0.129892 0.062698
vt 0.055066 0.826127
vt 0.090264 0.127927
vt 0.868874 0.887138
vt 0.800732 0.341420
vt 0.983777 0.835759
vt 0.731765 0.704944
vt 0.608200 0.317002
vt 0.018983 0.381350
vt 0.936613 0.729149
vt 0.994796 0.538353
vt 0.034224 0.009363
vt 0.603321 0.050085
vt 0.401970 0.651304
vt 0.388601 0.788297
vt 0.144099 0.437587
vt 0.111263 0.590817
vt 0.964255 0.023537
vt 0.610525 0.573767
vt 0.342862 0.536905
vt 0.369598 0.535945
vt 0.875820 0.619472
vt 0.874512 0.615967
vt 0.015687 0.546678
vt 0.555885 0.926974
vt 0.845276 0.582001
vt 0.436581 0.448284
vt 0.065932 0.875147
vt 0.764404 0.499268
vt 0.051005 0.490680
vt 0.638222 0.704078
vt 0.754966 0.422900
vt 0.839842 0.957447
vt 0.618394 0.674429
vt 0.544583 0.703209
vt 0.373642 0.428453
vt 0.378496 0.435631
vt 0.803007 0.242413
vt 0.050128 0.817566
vt 0.873506 0.874013
vt 0.868632 0.901924
vt 0.635742 0.669893
vt 0.547511 0.689663
vt 0.539173 0.819005
vt 0.418183 0.367900
vt 0.976628 0.272847
vt 0.017261 0.020477
vt 0.977387 0.772466
vt 0.780323 0.349344
vt 0.727174 0.673343
vt 0.616702 0.965919
vt 0.875621 0.571185
vt 0.023013 0.426392
vt 0.973682 0.384495
vt 0.984542 0.634170
vt 0.608908 0.544560
vt 0.364693 0.184200
vt 0.743126 0.579900
vt 0.728239 0.593486
vt 0.444844 0.633330
vt 0.122543 0.427187
vt 0.588989 0.979357
vt 0.541489 0.145101
vt 0.204838 0.088711
vt 0.696206 0.708800
vt 0.275418 0.486627
vt 0.472485 0.194960
vt 0.404248 0.165295
vt 0.947891 0.414737
vt 0.609158 0.635113
vt 0.276867 0.243389
vt 0.094586 0.032970
vt 0.384905 0.495655
vt 0.769857 0.596430
vt 0.407265 0.470833
vt 0.832881 0.608334
vt 0.766039 0.354498
vt 0.041425 0.315201
vt 0.069685 0.389136
vt 0.882304 0.842409
vt 0.777031 0.117602
vt 0.526784 0.255085
vt 0.762330 0.585504
vt 0.372314 0.075195
vt 0.726756 0.706484
vt 0.007694 0.803849
vt 0.986572 0.835337
vt 0.455207 0.210355
vt 0.966366 0.918962
vt 0.007729 0.168129
vt 0.295622 0.849953
vt 0.283574 0.852114
vt 0.303859 0.526643
vt 0.328919 0.512728
vt 0.956809 0.408853
vt 0.291847 0.231857
vt 0.746638 0.101410
vt 0.172721 0.252156
vt 0.169674 0.237457
vt 0.008320 0.519581
vt 0.484254 0.038182
vt 0.031744 0.808432
vt 0.574765 0.471186
vt 0.406828 0.972288
vt 0.048418 0.071975
vt 0.746133 0.595720
vt 0.959830 0.896706
vt 0.958753 0.914018
vt 0.654943 0.631464
vt 0.651398 0.624370
vt 0.649794 0.280696
vt 0.297399 0.525259
vt 0.789588 0.365645
vt 0.433181 0.741703
vt 0.476936 0.010124
vt 0.018311 0.021240
vt 0.977016 0.768555
vt 0.760156 0.336075
vt 0.580782 0.979241
vt 0.537129 0.132959
vt 0.035512 0.602156
vt 0.986146 0.605983
vt 0.820878 0.146453
vt 0.531523 0.096018
vt 0.512683 0.107868
vt 0.667737 0.098618
vt 0.672509 0.081839
vt 0.310776 0.331929
vt 0.983019 0.575360
vt 0.990816 0.580817
vt 0.752940 0.646790
vt 0.989226 0.195678
vt 0.574719 0.921296
vt 0.555957 0.953948
vt 0.570438 0.948847
vt 0.977783 0.730713
vt 0.698021 0.004574
vt 0.694937 0.230760
vt 0.441590 0.769866
vt 0.648049 0.608574
vt 0.138967 0.153410
vt 0.640989 0.256259
vt 0.865551 0.654283
vt 0.371504 0.808830
vt 0.118294 0.447104
vt 0.227570 0.360728
vt 0.015225 0.835219
vt 0.429105 0.461725
vt 0.971776 0.767247
vt 0.382701 0.085898
vt 0.193885 0.080194
vt 0.162619 0.778274
vt 0.175703 0.782106
vt 0.159728 0.243802
vt 0.977379 0.668291
vt 0.966938 0.667372
vt 0.970831 0.406472
vt 0.786520 0.338838
vt 0.447104 0.500517
vt 0.432008 0.497423
vt 0.637447 0.630358
vt 0.585470 0.603221
vt 0.568734 0.643559
vt 0.777043 0.569495
vt 0.359359 0.478131
vt 0.714924 0.247586
vt 0.750761 0.113630
vt 0.039205 0.519196
vt 0.712614 0.710924
vt 0.005615 0.802490
vt 0.988498 0.831499
vt 0.119629 0.996826
vt 0.022949 0.774414
vt 0.024414 0.767822
vt 0.109961 0.532612
vt 0.025298 0.657948
vt 0.871867 0.451977
vt 0.921843 0.161981
vt 0.017334 0.002441
vt 0.061681 0.311905
vt 0.433596 0.467014
vt 0.478424 0.007185
vt 0.977077 0.775216
vt 0.613209 0.003889
vt 0.932873 0.740157
vt 0.934747 0.695182
vt 0.911023 0.803396
vt 0.998574 0.538739
vt 0.039690 0.010694
vt 0.606254 0.680887
vt 0.381173 0.434136
vt 0.482176 0.021168
vt 0.038149 0.786911
vt 0.542236 0.660156
vt 0.645950 0.997717
vt 0.003211 0.005361
vt 0.427724 0.464013
vt 0.837609 0.583774
vt 0.832874 0.565781
vt 0.480307 0.009264
vt 0.020909 0.014845
vt 0.977051 0.778320
vt 0.611798 0.003189
vt 0.973678 0.769050
vt 0.758545 0.333984
vt 0.022930 0.435570
vt 0.961971 0.384363
vt 0.984886 0.635251
vt 0.767246 0.908920
vt 0.405407 0.671009
vt 0.402006 0.785630
vt 0.439209 0.804443
vt 0.100148 0.573074
vt 0.115251 0.437240
vt 0.231112 0.376398
vt 0.624495 0.323006
vt 0.851582 0.918735
vt 0.497376 0.374177
vt 0.449789 0.627011
vt 0.109584 0.425367
vt 0.232657 0.392535
vt 0.022251 0.659781
vt 0.917830 0.163583
vt 0.108525 0.619106
vt 0.733580 0.683096
vt 0.089960 0.361259
vt 0.987044 0.768427
vt 0.766308 0.347449
vt 0.780944 0.892062
vt 0.420315 0.692318
vt 0.424449 0.795857
vt 0.708985 0.707834
vt 0.651929 0.079204
vt 0.407903 0.877426
vt 0.957589 0.840116
vt 0.018989 0.069959
vt 0.060547 0.490723
vt 0.975859 0.941386
vt 0.590852 0.963713
vt 0.107581 0.406657
vt 0.057711 0.611181
vt 0.398903 0.760079
vt 0.115294 0.488399
vt 0.270544 0.335256
vt 0.377402 0.456173
vt 0.820027 0.260727
vt 0.226412 0.133467
vt 0.762864 0.014268
vt 0.949031 0.008959
vt 0.011937 0.963253
vt 0.631334 0.341316
vt 0.830056 0.507680
vt 0.023245 0.765162
vt 0.195138 0.057005
vt 0.023731 0.659218
vt 0.460261 0.003088
vt 0.922390 0.161827
vt 0.015137 0.002197
vt 0.314421 0.381569
vt 0.783077 0.368104
vt 0.433028 0.727912
vt 0.892082 0.696013
vt 0.017087 0.402036
vt 0.835068 0.796285
vt 0.744047 0.048347
vt 0.839079 0.889681
vt 0.567959 0.063768
vt 0.025050 0.901832
vt 0.909262 0.224558
vt 0.955524 0.527144
vt 0.132141 0.169842
vt 0.444318 0.443630
vt 0.653413 0.317487
vt 0.780957 0.287146
vt 0.021278 0.201052
vt 0.640496 0.922430
vt 0.639603 0.241347
vt 0.987061 0.831787
vt 0.983877 0.837040
vt 0.451202 0.210582
vt 0.729422 0.704570
vt 0.118998 0.996287
vt 0.677496 0.005267
vt 0.227732 0.142229
vt 0.770752 0.017090
vt 0.981463 0.879471
vt 0.973800 0.510492
vt 0.035739 0.447257
vt 0.223912 0.701118
vt 0.354736 0.071564
vt 0.700489 0.435071
vt 0.031762 0.334711
vt 0.095296 0.149729
vt 0.602433 0.424488
vt 0.744749 0.567927
vt 0.605604 0.562436
vt 0.771026 0.016143
vt 0.976562 0.877327
vt 0.012461 0.913012
vt 0.881887 0.822744
vt 0.838839 0.917411
vt 0.078550 0.645081
vt 0.329012 0.234198
vt 0.313092 0.218891
vt 0.224976 0.138203
vt 0.763916 0.008910
vt 0.984212 0.877526
vt 0.006739 0.904449
vt 0.373259 0.007493
vt 0.904869 0.218024
vt 0.215485 0.109798
vt 0.125056 0.617194
vt 0.418887 0.651111
vt 0.140908 0.418179
vt 0.579757 0.931962
vt 0.972724 0.728238
vt 0.961322 0.743791
vt 0.982471 0.546599
vt 0.620225 0.281093
vt 0.627604 0.340059
vt 0.441397 0.199871
vt 0.675123 0.015703
vt 0.830883 0.498175
vt 0.019169 0.660532
vt 0.913912 0.161780
vt 0.660431 0.047223
vt 0.912960 0.511931
vt 0.066612 0.008536
vt 0.542727 0.816228
vt 0.410643 0.370188
vt 0.873327 0.290858
vt 0.974255 0.268243
vt 0.276436 0.783699
vt 0.306381 0.900681
vt 0.742289 0.545587
vt 0.033130 0.291597
vt 0.447632 0.439184
vt 0.081054 0.881155
vt 0.868462 0.532253
vt 0.026136 0.381018
vt 0.935059 0.735352
vt 0.976702 0.443790
vt 0.985111 0.440319
vt 0.033961 0.011360
vt 0.025186 0.237857
vt 0.895265 0.577918
vt 0.893384 0.332435
vt 0.628643 0.834984
vt 0.551171 0.187831
vt 0.378569 0.482952
vt 0.772056 0.367470
vt 0.420987 0.711375
vt 0.488920 0.279307
vt 0.096405 0.254704
vt 0.836914 0.585936
vt 0.478027 0.010216
vt 0.018786 0.017803
vt 0.974822 0.770964
vt 0.741363 0.418651
vt 0.209991 0.295403
vt 0.837561 0.961577
vt 0.858585 0.962349
vt 0.648817 0.686972
vt 0.501036 0.294933
vt 0.459453 0.190455
vt 0.854859 0.890759
vt 0.835771 0.888454
vt 0.907867 0.353729
vt 0.925069 0.346948
vt 0.566640 0.058683
vt 0.300598 0.116988
vt 0.509455 0.073788
vt 0.980378 0.131531
vt 0.429310 0.274305
vt 0.263176 0.558481
vt 0.901611 0.924561
vt 0.743663 0.861637
vt 0.809260 0.037406
vt 0.456723 0.403570
vt 0.460491 0.423864
vt 0.822049 0.046851
vt 0.968065 0.532456
vt 0.768306 0.648235
vt 0.238222 0.289349
vt 0.848027 0.941596
vt 0.958156 0.284410
vt 0.870450 0.573470
vt 0.051024 0.246585
vt 0.902907 0.536589
vt 0.991761 0.635149
vt 0.149782 0.236428
vt 0.024582 0.518140
vt 0.951423 0.042481
vt 0.424632 0.777346
vt 0.007987 0.774414
vt 0.307008 0.881456
vt 0.320698 0.335834
vt 0.081392 0.621590
vt 0.977701 0.574899
vt 0.748486 0.692096
vt 0.018477 0.641680
vt 0.071883 0.359885
vt 0.953942 0.840100
vt 0.951747 0.837070
vt 0.101950 0.679646
vt 0.709849 0.485746
vt 0.012073 0.080691
vt 0.045847 0.487654
vt 0.638795 0.698019
vt 0.977933 0.939847
vt 0.589121 0.021588
vt 0.987542 0.683312
vt 0.102308 0.997180
vt 0.971275 0.822160
vt 0.435226 0.232703
vt 0.985877 0.506902
vt 0.035293 0.426068
vt 0.082607 0.323230
vt 0.650603 0.215432
vt 0.022703 0.981061
vt 0.005725 0.983222
vt 0.571678 0.460786
vt 0.019365 0.841658
vt 0.906027 0.586542
vt 0.723227 0.383658
vt 0.751077 0.383459
vt 0.927052 0.526688
vt 0.068346 0.018534
vt 0.984925 0.256520
vt 0.986816 0.268066
vt 0.845270 0.057737
vt 0.507583 0.356756
vt 0.594220 0.075351
vt 0.589832 0.068317
vt 0.178936 0.407742
vt 0.926576 0.068541
vt 0.588542 0.134813
vt 0.389558 0.739147
vt 0.052548 0.932367
vt 0.766364 0.614087
vt 0.952478 0.063995
vt 0.613330 0.056880
vt 0.621493 0.312363
vt 0.055661 0.641190
vt 0.113739 0.237667
vt 0.385290 0.713958
vt 0.172198 0.125172
vt 0.377435 0.064181
vt 0.996403 0.792402
vt 0.297795 0.726764
vt 0.844896 0.489122
vt 0.639820 0.203082
vt 0.642206 0.650898
vt 0.757622 0.561175
vt 0.587900 0.570622
vt 0.542733 0.664270
vt 0.066987 0.426223
vt 0.924628 0.295467
vt 0.938069 0.338904
vt 0.588683 0.637698
vt 0.659056 0.192372
vt 0.187639 0.751821
vt 0.716853 0.330581
vt 0.018000 0.572450
vt 0.708278 0.433430
vt 0.022057 0.342637
vt 0.205826 0.105793
vt 0.339160 0.386996
vt 0.126622 0.627111
vt 0.951768 0.860628
vt 0.961992 0.882500
vt 0.390121 0.182060
vt 0.412092 0.179238
vt 0.045409 0.637745
vt 0.976287 0.700585
vt 0.719567 0.020912
vt 0.293844 0.878603
vt 0.512734 0.239048
vt 0.385498 0.608154
vt 0.387681 0.614075
vt 0.743915 0.434308
vt 0.626764 0.020466
vt 0.620677 0.026816
vt 0.011283 0.293408
vt 0.430658 0.824454
vt 0.086233 0.563061
vt 0.401911 0.489482
vt 0.769033 0.583804
vt 0.772602 0.575195
vt 0.400084 0.501357
vt 0.765731 0.882335
vt 0.742680 0.947911
vt 0.376616 0.871444
vt 0.490812 0.502622
vt 0.528481 0.834326
vt 0.509443 0.079119
vt 0.429523 0.266313
vt 0.562979 0.136214
vt 0.411489 0.721044
vt 0.853151 0.917909
vt 0.083626 0.647637
vt 0.300930 0.098626
vt 0.334274 0.234652
vt 0.305595 0.210860
vt 0.769338 0.014918
vt 0.977295 0.876953
vt 0.615652 0.988703
vt 0.038558 0.223875
vt 0.738525 0.662598
vt 0.081973 0.399573
vt 0.052979 0.584961
vt 0.649227 0.082990
vt 0.403436 0.883468
vt 0.525407 0.849193
vt 0.796536 0.048829
vt 0.325704 0.093410
vt 0.239665 0.140566
vt 0.933755 0.993294
vt 0.973269 0.862346
vt 0.969228 0.498513
vt 0.064501 0.399653
vt 0.532488 0.259885
vt 0.924247 0.265597
vt 0.769977 0.017092
vt 0.977407 0.876709
vt 0.017325 0.962108
vt 0.007310 0.963888
vt 0.015404 0.913944
vt 0.156506 0.361132
vt 0.991455 0.387939
vt 0.995260 0.394127
vt 0.135732 0.006614
vt 0.064457 0.449632
vt 0.601969 0.642756
vt 0.833147 0.909499
vt 0.297351 0.097616
vt 0.330331 0.234444
vt 0.699697 0.673621
vt 0.627275 0.982991
vt 0.140569 0.314668
vt 0.140167 0.874597
vt 0.022340 0.070287
vt 0.969481 0.938788
vt 0.345097 0.509529
vt 0.661650 0.204353
vt 0.942143 0.073676
vt 0.621067 0.044483
vt 0.190462 0.406169
vt 0.397195 0.791452
vt 0.977015 0.028347
vt 0.102547 0.576555
vt 0.829355 0.610359
vt 0.006661 0.020881
vt 0.605017 0.278759
vt 0.031532 0.631876
vt 0.017608 0.625792
vt 0.978760 0.700928
vt 0.441327 0.464203
vt 0.936536 0.430641
vt 0.578607 0.279590
vt 0.359734 0.092886
vt 0.000896 0.805601
vt 0.025354 0.222717
vt 0.883422 0.596005
vt 0.117519 0.125926
vt 0.431814 0.403323
vt 0.439596 0.381283
vt 0.705203 0.486009
vt 0.060797 0.490814
vt 0.051942 0.492002
vt 0.968540 0.597873
vt 0.586595 0.028708
vt 0.765140 0.496824
vt 0.644915 0.320402
vt 0.625777 0.255553
vt 0.673891 0.689886
vt 0.046166 0.377359
vt 0.162598 0.866556
vt 0.884679 0.227106
vt 0.101918 0.304762
vt 0.116202 0.319962
vt 0.026505 0.797715
vt 0.595536 0.299547
vt 0.793082 0.929157
vt 0.239425 0.107512
vt 0.964600 0.030029
vt 0.130201 0.594193
vt 0.415036 0.466687
vt 0.835123 0.597795
vt 0.010120 0.025431
vt 0.984798 0.777722
vt 0.079101 0.452790
vt 0.733160 0.671041
vt 0.835895 0.474816
vt 0.102666 0.381393
vt 0.891814 0.810817
vt 0.850383 0.525247
vt 0.053067 0.955363
vt 0.968053 0.897409
vt 0.025877 0.166836
vt 0.665360 0.629463
vt 0.650387 0.098478
vt 0.644814 0.080799
vt 0.655614 0.077565
vt 0.402879 0.890212
vt 0.410802 0.876602
vt 0.025053 0.169318
vt 0.661846 0.627855
vt 0.643223 0.281533
vt 0.299852 0.526735
vt 0.810000 0.511885
vt 0.218095 0.214587
vt 0.025376 0.107266
vt 0.045621 0.030184
vt 0.597587 0.740711
vt 0.102881 0.583153
vt 0.115844 0.591287
vt 0.972012 0.025112
vt 0.742041 0.935065
vt 0.376325 0.878754
vt 0.706257 0.090471
vt 0.139276 0.239592
vt 0.963733 0.321699
vt 0.864995 0.804803
vt 0.944333 0.037270
vt 0.934490 0.989989
vt 0.993403 0.132263
vt 0.968249 0.852401
vt 0.173898 0.335896
vt 0.754826 0.488801
vt 0.059999 0.486427
vt 0.961467 0.589810
vt 0.927156 0.744145
vt 0.920671 0.783414
vt 0.787317 0.649438
vt 0.266654 0.030764
vt 0.610171 0.259480
vt 0.347381 0.206482
vt 0.330533 0.194601
vt 0.409127 0.072252
vt 0.700332 0.046360
vt 0.940890 0.874925
vt 0.421190 0.063819
vt 0.418560 0.068750
vt 0.871049 0.622796
vt 0.704740 0.055665
vt 0.007915 0.553945
vt 0.423877 0.408320
vt 0.449697 0.370754
vt 0.968964 0.156137
vt 0.980126 0.293463
vt 0.043667 0.858093
vt 0.313898 0.071756
vt 0.985926 0.687503
vt 0.105886 0.984394
vt 0.966505 0.821315
vt 0.299404 0.085839
vt 0.332816 0.222210
vt 0.843700 0.987368
vt 0.662579 0.148193
vt 0.511402 0.867582
vt 0.263843 0.561674
vt 0.161166 0.146716
vt 0.809932 0.043151
vt 0.890556 0.450714
vt 0.884521 0.449463
vt 0.065888 0.315599
vt 0.371944 0.889893
vt 0.706746 0.086343
vt 0.212913 0.044439
vt 0.106065 0.995670
vt 0.108569 0.991500
vt 0.017300 0.596133
vt 0.974795 0.823368
vt 0.702240 0.462951
vt 0.744323 0.389204
vt 0.049316 0.986328
vt 0.851643 0.566674
vt 0.846697 0.051940
vt 0.673597 0.646591
vt 0.677247 0.661390
vt 0.841856 0.583553
vt 0.067673 0.870170
vt 0.835644 0.564714
vt 0.386233 0.609360
vt 0.934769 0.491954
vt 0.865729 0.295390
vt 0.016929 0.285533
vt 0.474854 0.382812
vt 0.040446 0.388634
vt 0.619357 0.240407
vt 0.859767 0.689455
vt 0.091149 0.593650
vt 0.043952 0.585479
vt 0.984447 0.621412
vt 0.311089 0.704639
vt 0.308654 0.703161
vt 0.938023 0.331575
vt 0.840967 0.793319
vt 0.607824 0.291480
vt 0.374729 0.601093
vt 0.633343 0.167018
vt 0.224726 0.193308
vt 0.933163 0.604592
vt 0.591234 0.570209
vt 0.545408 0.668977
vt 0.647351 0.660896
vt 0.083525 0.442175
vt 0.522777 0.121297
vt 0.546394 0.106296
vt 0.464612 0.035306
vt 0.302104 0.362879
vt 0.449870 0.602645
vt 0.293074 0.382955
vt 0.482659 0.259022
vt 0.478318 0.952086
vt 0.727504 0.429037
vt 0.281309 0.786593
vt 0.304979 0.891289
vt 0.078400 0.088726
vt 0.985372 0.423694
vt 0.311290 0.989957
vt 0.050047 0.753998
vt 0.794209 0.327765
vt 0.328712 0.221341
vt 0.845259 0.986573
vt 0.407226 0.814566
vt 0.939209 0.334473
vt 0.845625 0.792078
vt 0.301065 0.350972
vt 0.874039 0.825302
vt 0.512960 0.266365
vt 0.868783 0.704188
vt 0.221722 0.521115
vt 0.221182 0.533471
vt 0.153251 0.044460
vt 0.370253 0.613080
vt 0.947875 0.604159
vt 0.068195 0.585838
vt 0.439303 0.433216
vt 0.856589 0.603967
vt 0.537743 0.821815
vt 0.422363 0.061768
vt 0.872198 0.634114
vt 0.887757 0.647807
vt 0.069451 0.435726
vt 0.064037 0.443904
vt 0.742948 0.846466
vt 0.901056 0.013051
vt 0.920362 0.756350
vt 0.946363 0.692228
vt 0.940775 0.692608
vt 0.913615 0.792122
vt 0.082895 0.605682
vt 0.859254 0.608363
vt 0.136342 0.463734
vt 0.380510 0.806421
vt 0.951294 0.519151
vt 0.951172 0.514893
vt 0.646237 0.609422
vt 0.145386 0.155785
vt 0.646381 0.264591
vt 0.873835 0.657304
vt 0.980059 0.505692
vt 0.220903 0.689010
vt 0.804456 0.140021
vt 0.503795 0.106710
vt 0.535862 0.080756
vt 0.950131 0.068708
vt 0.616569 0.053310
vt 0.707879 0.315187
vt 0.971083 0.680809
vt 0.093765 0.992762
vt 0.259762 0.546726
vt 0.016865 0.775165
vt 0.118503 0.535164
vt 0.733887 0.032471
vt 0.978027 0.109619
vt 0.917912 0.744486
vt 0.916494 0.784710
vt 0.910923 0.786112
vt 0.635574 0.032607
vt 0.597406 0.465810
vt 0.776851 0.050258
vt 0.829951 0.875714
vt 0.046294 0.860953
vt 0.339161 0.075498
vt 0.916446 0.326760
vt 0.894935 0.336637
vt 0.627164 0.830112
vt 0.353465 0.476185
vt 0.726323 0.245616
vt 0.439847 0.177733
vt 0.030024 0.827128
vt 0.897101 0.594424
vt 0.135288 0.125494
vt 0.982553 0.772883
vt 0.710111 0.231885
vt 0.435116 0.785879
vt 0.012663 0.772762
vt 0.190192 0.058731
vt 0.173340 0.460693
vt 0.422494 0.598396
vt 0.019951 0.391775
vt 0.301585 0.339291
vt 0.300147 0.352100
vt 0.453042 0.602219
vt 0.748047 0.354736
vt 0.036534 0.979920
vt 0.758217 0.632204
vt 0.010365 0.397763
vt 0.833899 0.804982
vt 0.799355 0.176844
vt 0.204367 0.463882
vt 0.389497 0.617339
vt 0.624516 0.023786
vt 0.826533 0.868681
vt 0.632368 0.824624
vt 0.232212 0.303793
vt 0.849477 0.947278
vt 0.663906 0.695204
vt 0.060251 0.377172
vt 0.494988 0.312252
vt 0.890399 0.588908
vt 0.021932 0.618684
vt 0.976712 0.710236
vt 0.728118 0.022782
vt 0.816072 0.083816
vt 0.764275 0.567686
vt 0.544243 0.658829
vt 0.001514 0.001515
vt 0.006836 0.003662
vt 0.221795 0.981002
vt 0.071612 0.078608
vt 0.174864 0.359440
vt 0.038977 0.752255
vt 0.412051 0.052053
vt 0.947741 0.529582
vt 0.958232 0.512062
vt 0.853657 0.930234
vt 0.857664 0.930341
vt 0.124431 0.170593
vt 0.097191 0.649834
vt 0.862341 0.646110
vt 0.885875 0.659348
vt 0.441496 0.190788
vt 0.729620 0.677040
vt 0.834266 0.482185
vt 0.761478 0.563661
vt 0.584208 0.571254
vt 0.767546 0.568159
vt 0.001221 0.002686
vt 0.006348 0.004639
vt 0.615714 0.027567
vt 0.015381 0.288086
vt 0.868821 0.305227
vt 0.010457 0.897671
vt 0.373154 0.011575
vt 0.082131 0.101646
vt 0.317531 0.990523
vt 0.311887 0.983803
vt 0.640348 0.644077
vt 0.541053 0.660815
vt 0.548157 0.656154
vt 0.006592 0.001953
vt 0.140574 0.245369
vt 0.868365 0.796421
vt 0.027650 0.523200
vt 0.964889 0.333142
vt 0.955704 0.042948
vt 0.927103 0.986179
vt 0.378879 0.795977
vt 0.372314 0.807617
vt 0.371094 0.808838
vt 0.142077 0.440403
vt 0.136498 0.463674
vt 0.107245 0.592462
vt 0.381760 0.076607
vt 0.180818 0.080773
vt 0.282343 0.489185
vt 0.466956 0.195503
vt 0.434235 0.180894
vt 0.947261 0.133046
vt 0.873987 0.602022
vt 0.107244 0.123442
vt 0.411470 0.247718
vt 0.464833 0.248300
vt 0.988955 0.398202
vt 0.130072 0.003382
vt 0.534673 0.820257
vt 0.880129 0.297655
vt 0.975526 0.272439
vt 0.712633 0.245664
vt 0.753621 0.110799
vt 0.185674 0.231764
vt 0.800394 0.926231
vt 0.235612 0.114918
vt 0.421718 0.737512
vt 0.383987 0.702535
vt 0.594572 0.313401
vt 0.792904 0.044781
vt 0.783622 0.049771
vt 0.989599 0.296416
vt 0.316033 0.082122
vt 0.314810 0.076329
vt 0.331809 0.069764
vt 0.441307 0.184089
vt 0.022550 0.823868
vt 0.043836 0.310755
vt 0.775130 0.124545
vt 0.992454 0.448772
vt 0.083830 0.030128
vt 0.776836 0.607487
vt 0.837184 0.589102
vt 0.017274 0.020945
vt 0.976807 0.772705
vt 0.598375 0.980331
vt 0.885373 0.517298
vt 0.379990 0.506820
vt 0.738895 0.599002
vt 0.541856 0.314609
vt 0.780343 0.649078
vt 0.258917 0.034040
vt 0.977423 0.546390
vt 0.940494 0.835483
vt 0.975817 0.188539
vt 0.284873 0.023666
vt 0.624759 0.278348
vt 0.368322 0.748526
vt 0.810700 0.243102
vt 0.093262 0.114990
vt 0.874927 0.877798
vt 0.874040 0.907435
vt 0.672779 0.145386
vt 0.509371 0.872944
vt 0.254516 0.564810
vt 0.735651 0.876743
vt 0.732335 0.972638
vt 0.058022 0.065132
vt 0.420669 0.970276
vt 0.703772 0.264927
vt 0.184511 0.242200
vt 0.625138 0.727471
vt 0.624023 0.447998
vt 0.096494 0.164703
vt 0.782798 0.330058
vt 0.867041 0.583116
vt 0.020190 0.439052
vt 0.954590 0.384277
vt 0.900071 0.539942
vt 0.517217 0.365001
vt 0.680123 0.547878
vt 0.590694 0.057147
vt 0.430799 0.401843
vt 0.426085 0.407052
vt 0.440245 0.383779
vt 0.767469 0.573099
vt 0.001463 0.002235
vt 0.836967 0.587708
vt 0.018118 0.019173
vt 0.976562 0.772217
vt 0.254940 0.369877
vt 0.945980 0.409883
vt 0.516264 0.151585
vt 0.273012 0.232487
vt 0.620694 0.727380
vt 0.098391 0.168235
vt 0.022769 0.766293
vt 0.731689 0.035400
vt 0.460693 0.003598
vt 0.538871 0.297008
vt 0.912183 0.299990
vt 0.945146 0.339885
vt 0.850754 0.781290
vt 0.018251 0.377247
vt 0.764330 0.170635
vt 0.607461 0.047314
vt 0.972856 0.830355
vt 0.962553 0.840740
vt 0.703331 0.483992
vt 0.976753 0.947326
vt 0.584421 0.031252
vt 0.767036 0.495253
vt 0.938250 0.724794
vt 0.906248 0.799164
vt 0.995080 0.535579
vt 0.508691 0.225578
vt 0.384059 0.605274
vt 0.929836 0.490482
vt 0.546897 0.811459
vt 0.867647 0.292414
vt 0.605202 0.670086
vt 0.301355 0.352747
vt 0.451215 0.601874
vt 0.034088 0.966932
vt 0.838564 0.836057
vt 0.663468 0.837177
vt 0.617613 0.893111
vt 0.770023 0.511451
vt 0.641594 0.717350
vt 0.108392 0.459944
vt 0.257708 0.357083
vt 0.823926 0.278262
vt 0.195594 0.008348
vt 0.980502 0.650029
vt 0.965875 0.649386
vt 0.802758 0.132942
vt 0.023438 0.768555
vt 0.732178 0.034912
vt 0.460421 0.004164
vt 0.016113 0.002197
vt 0.649391 0.998745
vt 0.002129 0.005759
vt 0.169837 0.864607
vt 0.884906 0.220124
vt 0.242043 0.529614
vt 0.078647 0.417447
vt 0.885572 0.690658
vt 0.046304 0.584423
vt 0.938771 0.335375
vt 0.838711 0.792434
vt 0.841141 0.788475
vt 0.169617 0.392404
vt 0.600539 0.475506
vt 0.929875 0.063654
vt 0.005859 0.802002
vt 0.986475 0.831909
vt 0.119141 0.996582
vt 0.677885 0.005937
vt 0.519688 0.854976
vt 0.328811 0.086601
vt 0.619827 0.836447
vt 0.649563 0.537227
vt 0.580909 0.188522
vt 0.014860 0.016471
vt 0.974121 0.770508
vt 0.585233 0.275157
vt 0.879747 0.708571
vt 0.731469 0.048972
vt 0.333598 0.674719
vt 0.918068 0.883075
vt 0.007466 0.616281
vt 0.288606 0.882450
vt 0.955105 0.652807
vt 0.976483 0.197453
vt 0.309570 0.022929
vt 0.264303 0.018843
vt 0.596350 0.259657
vt 0.221665 0.678058
vt 0.586722 0.579747
vt 0.776076 0.562976
vt 0.643168 0.991713
vt 0.737760 0.606841
vt 0.157723 0.398775
vt 0.304787 0.353068
vt 0.752735 0.633389
vt 0.629189 0.323328
vt 0.050588 0.624228
vt 0.023193 0.766113
vt 0.721599 0.026729
vt 0.923584 0.160645
vt 0.820800 0.826179
vt 0.791734 0.300513
vt 0.794685 0.287560
vt 0.788818 0.302246
vt 0.012991 0.203633
vt 0.629455 0.917958
vt 0.903036 0.324726
vt 0.641215 0.557792
vt 0.556208 0.195727
vt 0.962506 0.126361
vt 0.877188 0.720715
vt 0.740265 0.062451
vt 0.837337 0.941930
vt 0.963105 0.290917
vt 0.761745 0.442406
vt 0.597233 0.652810
vt 0.166918 0.391086
vt 0.019315 0.789175
vt 0.666117 0.196169
vt 0.597518 0.479189
vt 0.610540 0.459260
vt 0.603444 0.466102
vt 0.774063 0.917443
vt 0.400336 0.663635
vt 0.396455 0.786037
vt 0.975288 0.031883
vt 0.054546 0.225409
vt 0.902207 0.517192
vt 0.416172 0.510688
vt 0.022461 0.772949
vt 0.735093 0.027976
vt 0.919390 0.170969
vt 0.016113 0.003407
vt 0.668413 0.051283
vt 0.365052 0.188334
vt 0.724607 0.600921
vt 0.159106 0.410706
vt 0.934822 0.733525
vt 0.986911 0.440447
vt 0.774685 0.617719
vt 0.602234 0.054573
vt 0.169195 0.144315
vt 0.800645 0.031174
vt 0.986499 0.755180
vt 0.582167 0.573271
vt 0.769821 0.567698
vt 0.643716 0.998608
vt 0.649658 0.998535
vt 0.003457 0.008596
vt 0.828211 0.603097
vt 0.006648 0.024364
vt 0.989199 0.773965
vt 0.764646 0.347318
vt 0.948244 0.274990
vt 0.375804 0.695890
vt 0.757539 0.655238
vt 0.805577 0.940242
vt 0.990883 0.198465
vt 0.869023 0.357702
vt 0.748384 0.841625
vt 0.293491 0.710071
vt 0.929788 0.316455
vt 0.180218 0.077618
vt 0.183615 0.781117
vt 0.289943 0.485596
vt 0.059369 0.464207
vt 0.080597 0.438696
vt 0.540396 0.109819
vt 0.748385 0.830521
vt 0.820068 0.176758
vt 0.883627 0.012495
vt 0.291715 0.734776
vt 0.421416 0.250350
vt 0.914303 0.182419
vt 0.661506 0.060293
vt 0.897977 0.832168
vt 0.211650 0.410872
vt 0.382399 0.011232
vt 0.984964 0.361538
vt 0.989979 0.422284
vt 0.056556 0.755886
vt 0.506927 0.170628
vt 0.051534 0.711298
vt 0.923232 0.568502
vt 0.195321 0.714129
vt 0.686837 0.323465
vt 0.724715 0.084387
vt 0.206786 0.056544
vt 0.290185 0.365362
vt 0.476028 0.958699
vt 0.820821 0.176953
vt 0.831680 0.167209
vt 0.428470 0.232848
vt 0.449472 0.230054
vt 0.085258 0.333036
vt 0.091652 0.313194
vt 0.266178 0.525849
vt 0.826967 0.178627
vt 0.770912 0.566593
vt 0.647666 0.996222
vt 0.001709 0.005859
vt 0.386946 0.613114
vt 0.383598 0.619077
vt 0.936966 0.493499
vt 0.986240 0.270831
vt 0.006994 0.289749
vt 0.410279 0.354578
vt 0.169431 0.392795
vt 0.602496 0.476742
vt 0.068234 0.438509
vt 0.825524 0.174403
vt 0.830669 0.169876
vt 0.748335 0.550737
vt 0.035933 0.551595
vt 0.029312 0.303467
vt 0.918868 0.651079
vt 0.986380 0.200316
vt 0.872023 0.366079
vt 0.585598 0.259682
vt 0.716302 0.318811
vt 0.028258 0.575045
vt 0.693619 0.435532
vt 0.608452 0.411610
vt 0.916443 0.194182
vt 0.035624 0.319273
vt 0.902237 0.664649
vt 0.882640 0.848306
vt 0.211854 0.412113
vt 0.054313 0.046031
vt 0.381108 0.009946
vt 0.983491 0.365909
vt 0.908066 0.212182
vt 0.285429 0.752856
vt 0.648843 0.216145
vt 0.567163 0.461370
vt 0.420871 0.985300
vt 0.331254 0.080994
vt 0.623447 0.837355
vt 0.543631 0.599500
vt 0.297641 0.035974
vt 0.588159 0.141844
vt 0.378322 0.741238
vt 0.541384 0.295376
vt 0.907521 0.297016
vt 0.947839 0.341309
vt 0.861521 0.780071
vt 0.151581 0.953057
vt 0.460092 0.095054
vt 0.072329 0.437869
vt 0.820765 0.176061
vt 0.832829 0.165192
vt 0.501656 0.284413
vt 0.949566 0.286651
vt 0.108828 0.254638
vt 0.384480 0.695450
vt 0.300781 0.353271
vt 0.434873 0.619728
vt 0.447281 0.610056
vt 0.688780 0.875830
vt 0.753089 0.256949
vt 0.176479 0.377887
vt 0.660400 0.207275
vt 0.595385 0.444866
vt 0.938605 0.073662
vt 0.623288 0.042012
vt 0.647595 0.426529
vt 0.647441 0.442943
vt 0.630763 0.455446
vt 0.100580 0.667961
vt 0.593403 0.035057
vt 0.087310 0.174212
vt 0.766002 0.497067
vt 0.586970 0.029597
vt 0.555974 0.297246
vt 0.869084 0.782146
vt 0.483001 0.837760
vt 0.295023 0.908454
vt 0.026208 0.924858
vt 0.033011 0.553322
vt 0.022779 0.298595
vt 0.311447 0.686502
vt 0.115963 0.056124
vt 0.214409 0.787929
vt 0.325598 0.484160
vt 0.737624 0.024779
vt 0.924220 0.174847
vt 0.311916 0.763277
vt 0.937489 0.146363
vt 0.586294 0.030385
vt 0.765160 0.494825
vt 0.682443 0.392531
vt 0.224829 0.516020
vt 0.402101 0.895655
vt 0.411775 0.872824
vt 0.662364 0.134935
vt 0.670690 0.274503
vt 0.854248 0.078613
vt 0.627812 0.943641
vt 0.634654 0.230745
vt 0.073322 0.436828
vt 0.819289 0.179019
vt 0.834883 0.163181
vt 0.891493 0.012414
vt 0.065829 0.441535
vt 0.827600 0.173466
vt 0.864684 0.126179
vt 0.961670 0.617432
vt 0.751715 0.830020
vt 0.842529 0.155762
vt 0.883769 0.013993
vt 0.613182 0.736171
vt 0.297352 0.350701
vt 0.457857 0.607181
vt 0.496736 0.979760
vt 0.756410 0.671958
vt 0.688396 0.892261
vt 0.817098 0.941367
vt 0.207428 0.273668
vt 0.823206 0.669354
vt 0.496107 0.302891
vt 0.504650 0.301698
vt 0.780561 0.032720
vt 0.766630 0.670598
vt 0.197029 0.282691
vt 0.136249 0.863658
vt 0.136550 0.871063
vt 0.134108 0.853261
vt 0.964988 0.946551
vt 0.154290 0.831950
vt 0.819232 0.302734
vt 0.947064 0.292855
vt 0.776726 0.455929
vt 0.812108 0.785052
vt 0.817277 0.783128
vt 0.996201 0.994926
vt 0.776149 0.870242
vt 0.384836 0.856639
vt 0.526748 0.279224
vt 0.878677 0.678457
vt 0.841035 0.775216
vt 0.225896 0.234768
vt 0.163985 0.830780
vt 0.754936 0.847447
vt 0.914841 0.054354
vt 0.980469 0.357910
vt 0.052975 0.765203
vt 0.767578 0.496338
vt 0.768066 0.496094
vt 0.585655 0.032296
vt 0.052734 0.738770
vt 0.904506 0.562627
vt 0.294884 0.006105
vt 0.302757 0.004732
vt 0.888184 0.732666
vt 0.273843 0.553583
vt 0.900572 0.928788
vt 0.934359 0.317412
vt 0.451748 0.449591
vt 0.912357 0.365103
vt 0.131798 0.360721
vt 0.398846 0.862339
vt 0.157482 0.110873
vt 0.505539 0.410011
vt 0.558911 0.226817
vt 0.955207 0.783818
vt 0.547776 0.167094
vt 0.212323 0.080508
vt 0.264141 0.479045
vt 0.923010 0.104019
vt 0.206930 0.707316
vt 0.357065 0.064759
vt 0.869586 0.279910
vt 0.767861 0.496457
vt 0.181903 0.111250
vt 0.490625 0.416375
vt 0.824119 0.558386
vt 0.714201 0.609645
vt 0.112868 0.357220
vt 0.386350 0.619207
vt 0.746663 0.464634
vt 0.616342 0.017593
vt 0.008732 0.292085
vt 0.410206 0.339910
vt 0.865454 0.318806
vt 0.209773 0.078369
vt 0.153314 0.780880
vt 0.923322 0.099209
vt 0.533638 0.173379
vt 0.872062 0.121805
vt 0.867770 0.107628
vt 0.709883 0.392248
vt 0.473149 0.386032
vt 0.608612 0.236279
vt 0.067788 0.435445
vt 0.063622 0.440362
vt 0.830473 0.172944
vt 0.857689 0.126411
vt 0.961165 0.617967
vt 0.829922 0.568447
vt 0.821920 0.562756
vt 0.464478 0.049784
vt 0.571113 0.544984
vt 0.982804 0.994092
vt 0.647998 0.014687
vt 0.493124 0.188362
vt 0.855061 0.063103
vt 0.214058 0.792471
vt 0.733960 0.022117
vt 0.820707 0.080929
vt 0.137967 0.320684
vt 0.155762 0.864369
vt 0.648603 0.423896
vt 0.972214 0.952799
vt 0.583292 0.036986
vt 0.770108 0.495616
vt 0.474491 0.386365
vt 0.290908 0.474825
vt 0.055420 0.560791
vt 0.561333 0.534391
vt 0.049832 0.900146
vt 0.000163 0.353373
vt 0.822264 0.114423
vt 0.448736 0.824218
vt 0.986931 0.229290
vt 0.691782 0.619072
vt 0.971853 0.627250
vt 0.652529 0.460690
vt 0.269141 0.499943
vt 0.567072 0.262759
vt 0.363563 0.634278
vt 0.274878 0.117540
vt 0.347264 0.634601
vt 0.898926 0.774658
vt 0.246228 0.729621
vt 0.256171 0.054177
vt 0.867734 0.766855
vt 0.245008 0.252761
vt 0.670396 0.112585
vt 0.861179 0.127756
vt 0.958438 0.618088
vt 0.015958 0.504352
vt 0.404863 0.138523
vt 0.844537 0.155549
vt 0.885246 0.019784
vt 0.954903 0.101772
vt 0.114837 0.523553
vt 0.527465 0.954425
vt 0.671772 0.890866
vt 0.961958 0.775158
vt 0.156167 0.107021
vt 0.617122 0.869202
vt 0.560598 0.226746
vt 0.640851 0.413525
vt 0.636377 0.414483
vt 0.715525 0.288115
vt 0.572312 0.503933
vt 0.128616 0.115061
vt 0.341950 0.674874
vt 0.919242 0.055943
vt 0.977923 0.361000
vt 0.211924 0.800657
vt 0.023619 0.611409
vt 0.018449 0.929817
vt 0.808593 0.080143
vt 0.114446 0.058029
vt 0.861341 0.377763
vt 0.570692 0.265038
vt 0.376902 0.650417
vt 0.485518 0.328263
vt 0.248645 0.238230
vt 0.674205 0.112798
vt 0.142760 0.816113
vt 0.573109 0.516072
vt 0.167447 0.091567
vt 0.927743 0.755377
vt 0.711988 0.135406
vt 0.553727 0.494395
vt 0.520722 0.448751
vt 0.114719 0.108314
vt 0.698345 0.384877
vt 0.154612 0.295594
vt 0.003228 0.993485
vt 0.104246 0.097329
vt 0.204760 0.693777
vt 0.720938 0.169309
vt 0.980665 0.993746
vt 0.648057 0.020063
vt 0.822361 0.969438
vt 0.586990 0.247880
vt 0.585020 0.243476
vt 0.217844 0.702866
vt 0.359815 0.068411
vt 0.486193 0.492931
vt 0.505813 0.844450
vt 0.879301 0.335045
vt 0.497918 0.487064
vt 0.239444 0.247166
vt 0.671631 0.112305
vt 0.470877 0.385269
vt 0.476418 0.374791
vt 0.606440 0.237163
vt 0.742894 0.410483
vt 0.204507 0.295180
vt 0.611214 0.237978
vt 0.933064 0.788116
vt 0.055725 0.857158
vt 0.336109 0.079163
vt 0.626944 0.837930
vt 0.548492 0.184861
vt 0.157573 0.312776
vt 0.256503 0.109729
vt 0.116391 0.086508
vt 0.211306 0.935032
vt 0.225593 0.513608
vt 0.381527 0.893976
vt 0.569765 0.593261
vt 0.799710 0.002081
vt 0.526100 0.957105
vt 0.652461 0.894255
vt 0.729814 0.286063
vt 0.722965 0.647163
vt 0.118436 0.392086
vt 0.531510 0.955199
vt 0.730519 0.477467
vt 0.648308 0.890539
vt 0.037389 0.112859
vt 0.643225 0.896848
vt 0.533587 0.534977
vt 0.865725 0.333633
vt 0.530358 0.494091
vt 0.002920 0.996979
vt 0.095057 0.097653
vt 0.323797 0.040722
vt 0.028216 0.462819
vt 0.673945 0.218514
vt 0.059188 0.733859
vt 0.917035 0.569407
vt 0.296736 0.006266
vt 0.170287 0.105078
vt 0.656704 0.868697
vt 0.618120 0.922267
vt 0.840365 0.133764
vt 0.840607 0.327466
vt 0.425979 0.138687
vt 0.427046 0.611020
vt 0.678045 0.307323
vt 0.646550 0.163329
vt 0.734205 0.072566
vt 0.919383 0.596680
vt 0.213498 0.066050
vt 0.507473 0.971279
vt 0.116248 0.107753
vt 0.519797 0.448990
vt 0.228476 0.525640
vt 0.151280 0.335201
vt 0.765347 0.484072
vt 0.491535 0.464615
vt 0.052163 0.739990
vt 0.921994 0.553371
vt 0.448772 0.358147
vt 0.566704 0.545790
vt 0.167882 0.786549
vt 0.166760 0.837039
vt 0.636963 0.415039
vt 0.796125 0.494946
vt 0.791928 0.491562
vt 0.191024 0.204333
vt 0.381282 0.621335
vt 0.413582 0.346498
vt 0.671101 0.124735
vt 0.069460 0.865450
vt 0.779176 0.706278
vt 0.832044 0.558153
vt 0.878406 0.310337
vt 0.498932 0.452288
vt 0.896717 0.770710
vt 0.264625 0.049004
vt 0.227796 0.276296
vt 0.964818 0.618074
vt 0.646826 0.463825
vt 0.840612 0.156876
vt 0.819092 0.183838
vt 0.272832 0.505779
vt 0.429471 0.353153
vt 0.554154 0.550306
vt 0.824721 0.719590
vt 0.536437 0.461334
vt 0.113811 0.107390
vt 0.525852 0.441466
vt 0.986526 0.927583
vt 0.901711 0.768549
vt 0.963438 0.314952
vt 0.863012 0.811080
vt 0.039906 0.703620
vt 0.479717 0.830331
vt 0.052642 0.004465
vt 0.968391 0.008728
vt 0.266706 0.052804
vt 0.489391 0.182955
vt 0.976335 0.368412
vt 0.191650 0.865368
vt 0.893121 0.211565
vt 0.696212 0.608011
vt 0.297874 0.147358
vt 0.878213 0.766284
vt 0.242925 0.269089
vt 0.698772 0.619331
vt 0.806792 0.516626
vt 0.606999 0.743883
vt 0.684474 0.126410
vt 0.136560 0.828274
vt 0.648767 0.406188
vt 0.709592 0.282703
vt 0.968662 0.966588
vt 0.484735 0.445631
vt 0.036628 0.898180
vt 0.035919 0.890056
vt 0.244233 0.740596
vt 0.240283 0.061561
vt 0.204168 0.248643
vt 0.185410 0.825485
vt 0.395057 0.634829
vt 0.044957 0.091425
vt 0.538576 0.296071
vt 0.909130 0.296108
vt 0.290731 0.899974
vt 0.687152 0.112713
vt 0.141191 0.822096
vt 0.275469 0.691269
vt 0.011546 0.388576
vt 0.797180 0.172321
vt 0.253684 0.749645
vt 0.449962 0.974013
vt 0.896526 0.061127
vt 0.969916 0.366629
vt 0.195677 0.839165
vt 0.193216 0.852155
vt 0.933996 0.749542
vt 0.933848 0.703181
vt 0.719364 0.136947
vt 0.584798 0.513488
vt 0.584416 0.502461
vt 0.169511 0.097713
vt 0.466997 0.325306
vt 0.940158 0.910605
vt 0.658773 0.447868
vt 0.257316 0.500151
vt 0.259848 0.117665
vt 0.341416 0.627621
vt 0.213618 0.917072
vt 0.215652 0.906600
vt 0.230253 0.471889
vt 0.950715 0.103410
vt 0.110747 0.525212
vt 0.057944 0.321852
vt 0.655497 0.882751
vt 0.051937 0.108768
vt 0.479216 0.409853
vt 0.325619 0.110267
vt 0.432496 0.094019
vt 0.789010 0.404339
vt 0.422665 0.092742
vt 0.787343 0.414665
vt 0.780482 0.434278
vt 0.892015 0.295605
vt 0.907050 0.761285
vt 0.870802 0.785294
vt 0.951481 0.339823
vt 0.481830 0.834098
vt 0.915372 0.924471
vt 0.744045 0.852890
vt 0.902519 0.015342
vt 0.809755 0.025680
vt 0.577637 0.017578
vt 0.402293 0.104225
vt 0.792802 0.093367
vt 0.331542 0.786546
vt 0.487019 0.087796
vt 0.842246 0.285879
vt 0.863606 0.836305
vt 0.745716 0.264449
vt 0.191673 0.371035
vt 0.144637 0.950215
vt 0.451019 0.080507
vt 0.655193 0.011148
vt 0.862029 0.066340
vt 0.116416 0.336196
vt 0.310674 0.130944
vt 0.796329 0.484312
vt 0.623113 0.135100
vt 0.188799 0.198222
vt 0.162702 0.113244
vt 0.055803 0.888833
vt 0.556371 0.213532
vt 0.613548 0.209678
vt 0.825386 0.664485
vt 0.819084 0.783460
vt 0.992920 0.989589
vt 0.783962 0.021349
vt 0.004838 0.364240
vt 0.850811 0.654982
vt 0.809385 0.115769
vt 0.230913 0.490692
vt 0.660537 0.428450
vt 0.290585 0.134999
vt 0.669419 0.130769
vt 0.677497 0.281101
vt 0.995216 0.063437
vt 0.643924 0.134527
vt 0.865635 0.094250
vt 0.870447 0.758119
vt 0.531635 0.015785
vt 0.975400 0.225387
vt 0.408544 0.006666
vt 0.256348 0.260254
vt 0.658595 0.433760
vt 0.234720 0.494440
vt 0.937104 0.387184
vt 0.903989 0.400501
vt 0.895327 0.898236
vt 0.893345 0.744083
vt 0.157519 0.848012
vt 0.671500 0.031959
vt 0.543559 0.575197
vt 0.551758 0.566406
vt 0.896398 0.274773
vt 0.902956 0.745144
vt 0.836344 0.949951
vt 0.760486 0.430305
vt 0.521228 0.592998
vt 0.458217 0.862162
vt 0.298162 0.010039
vt 0.379841 0.039248
vt 0.890564 0.736567
vt 0.519699 0.372822
vt 0.676109 0.536030
vt 0.584111 0.160866
vt 0.948983 0.292461
vt 0.810678 0.786079
vt 0.768447 0.453286
vt 0.403548 0.101437
vt 0.792032 0.102867
vt 0.152832 0.310059
vt 0.115564 0.095595
vt 0.215742 0.204689
vt 0.048815 0.191066
vt 0.613809 0.869153
vt 0.565984 0.225609
vt 0.234454 0.686608
vt 0.878781 0.756554
vt 0.215567 0.402627
vt 0.439144 0.961849
vt 0.914818 0.058521
vt 0.976366 0.363597
vt 0.246441 0.743192
vt 0.189832 0.829300
vt 0.524055 0.820911
vt 0.882851 0.314125
vt 0.496389 0.503718
vt 0.667105 0.447635
vt 0.695370 0.400034
vt 0.660041 0.131674
vt 0.401389 0.088943
vt 0.821696 0.296122
vt 0.777924 0.444260
vt 0.836490 0.705294
vt 0.447255 0.339350
vt 0.503470 0.436179
vt 0.989990 0.921631
vt 0.826934 0.345139
vt 0.288330 0.905273
vt 0.284411 0.899061
vt 0.324920 0.675918
vt 0.438195 0.295265
vt 0.319661 0.645655
vt 0.317790 0.647879
vt 0.929150 0.912858
vt 0.146456 0.977889
vt 0.285094 0.744194
vt 0.729972 0.268715
vt 0.213530 0.378203
vt 0.894588 0.069990
vt 0.132232 0.399645
vt 0.624668 0.447685
vt 0.099692 0.168619
vt 0.096728 0.168928
vt 0.154585 0.853413
vt 0.424263 0.638843
vt 0.674508 0.880247
vt 0.062287 0.105001
vt 0.138344 0.856278
vt 0.247376 0.908307
vt 0.167801 0.952589
vt 0.403566 0.112180
vt 0.475116 0.093096
vt 0.500796 0.960829
vt 0.720402 0.447489
vt 0.683174 0.318510
vt 0.642091 0.171501
vt 0.736026 0.080159
vt 0.925865 0.600736
vt 0.329834 0.041748
vt 0.122369 0.979237
vt 0.019080 0.459581
vt 0.966356 0.980060
vt 0.389211 0.634222
vt 0.035417 0.095470
vt 0.536203 0.541970
vt 0.194651 0.275006
vt 0.675938 0.905675
vt 0.459949 0.368068
vt 0.932144 0.783428
vt 0.974826 0.153949
vt 0.056556 0.850625
vt 0.394656 0.638039
vt 0.745975 0.459469
vt 0.042969 0.091553
vt 0.039607 0.094727
vt 0.615382 0.013470
vt 0.460486 0.849043
vt 0.717165 0.620162
vt 0.119339 0.372616
vt 0.217781 0.387259
vt 0.899911 0.064420
vt 0.581462 0.510463
vt 0.905847 0.124938
vt 0.553499 0.572972
vt 0.272630 0.744448
vt 0.108002 0.031884
vt 0.569739 0.625980
vt 0.940969 0.628257
vt 0.926100 0.396764
vt 0.888791 0.881519
vt 0.218390 0.246357
vt 0.468262 0.397949
vt 0.003082 0.352288
vt 0.319485 0.112869
vt 0.328098 0.106930
vt 0.784143 0.404041
vt 0.927528 0.550487
vt 0.304016 0.010179
vt 0.374512 0.026611
vt 0.882438 0.735436
vt 0.787996 0.683495
vt 0.835196 0.521798
vt 0.800052 0.943275
vt 0.871853 0.354734
vt 0.585479 0.498657
vt 0.188632 0.095090
vt 0.480225 0.428467
vt 0.790877 0.684936
vt 0.809872 0.951998
vt 0.857382 0.750753
vt 0.923919 0.141604
vt 0.794336 0.014878
vt 0.449841 0.829506
vt 0.680936 0.631938
vt 0.405458 0.098851
vt 0.795227 0.108704
vt 0.837875 0.288785
vt 0.871053 0.843603
vt 0.830377 0.769425
vt 0.843228 0.662504
vt 0.774087 0.422688
vt 0.829662 0.522085
vt 0.876737 0.357971
vt 0.518255 0.456793
vt 0.575660 0.494383
vt 0.137483 0.104760
vt 0.499358 0.441659
vt 0.239106 0.940387
vt 0.851980 0.357014
vt 0.228977 0.029834
vt 0.221151 0.034726
vt 0.995587 0.035420
vt 0.788153 0.521942
vt 0.624031 0.736383
vt 0.622008 0.434140
vt 0.103517 0.166682
vt 0.140157 0.957223
vt 0.665142 0.017221
vt 0.625571 0.728132
vt 0.623779 0.447021
vt 0.099363 0.168120
vt 0.480469 0.461426
vt 0.475097 0.470590
vt 0.483463 0.457377
vt 0.045231 0.204621
vt 0.041229 0.881330
vt 0.574984 0.211852
vt 0.926139 0.129310
vt 0.234876 0.254275
vt 0.458249 0.079177
vt 0.867184 0.328274
vt 0.894402 0.735390
vt 0.457938 0.859522
vt 0.509767 0.284071
vt 0.770438 0.452973
vt 0.997198 0.989136
vt 0.780331 0.020362
vt 0.808785 0.785363
vt 0.786074 0.521423
vt 0.627357 0.435695
vt 0.298381 0.770788
vt 0.927618 0.151141
vt 0.568766 0.601118
vt 0.794960 0.009134
vt 0.129253 0.033718
vt 0.168245 0.851329
vt 0.548472 0.592512
vt 0.580806 0.492851
vt 0.224765 0.030608
vt 0.221109 0.034310
vt 0.813790 0.780621
vt 0.862793 0.812012
vt 0.471908 0.824751
vt 0.690067 0.657323
vt 0.897343 0.062683
vt 0.191883 0.852953
vt 0.020131 0.467005
vt 0.974059 0.982944
vt 0.486929 0.185996
vt 0.487626 0.174549
vt 0.068963 0.726656
vt 0.557557 0.277204
vt 0.656509 0.252480
vt 0.474808 0.856326
vt 0.707017 0.601134
vt 0.105327 0.343882
vt 0.310728 0.144750
vt 0.669394 0.412665
vt 0.672210 0.405209
vt 0.665587 0.122017
vt 0.524112 0.438618
vt 0.985908 0.917368
vt 0.242348 0.053927
vt 0.209293 0.257615
vt 0.272929 0.752072
vt 0.554752 0.461715
vt 0.442382 0.983368
vt 0.625587 0.729731
vt 0.623209 0.445159
vt 0.100830 0.168457
vt 0.421816 0.849622
vt 0.702071 0.404587
vt 0.524421 0.027477
vt 0.666133 0.456880
vt 0.996808 0.062011
vt 0.865461 0.091621
vt 0.529783 0.606789
vt 0.450247 0.857199
vt 0.385254 0.629883
vt 0.423208 0.335606
vt 0.533098 0.550203
vt 0.724782 0.275645
vt 0.123821 0.395914
vt 0.084899 0.876881
vt 0.503289 0.443880
vt 0.252428 0.928422
vt 0.356848 0.784259
vt 0.224254 0.034223
vt 0.352817 0.009436
vt 0.177876 0.857013
vt 0.497303 0.168036
vt 0.058451 0.715644
vt 0.530506 0.026330
vt 0.692964 0.402647
vt 0.996090 0.110951
vt 0.668046 0.452809
vt 0.672396 0.446977
vt 0.897151 0.279066
vt 0.906479 0.744744
vt 0.905495 0.677471
vt 0.312433 0.048926
vt 0.672333 0.235043
vt 0.054140 0.735215
vt 0.299816 0.009889
vt 0.378500 0.030240
vt 0.220628 0.909970
vt 0.817346 0.371029
vt 0.532312 0.603466
vt 0.268029 0.539477
vt 0.908357 0.921163
vt 0.836282 0.176775
vt 0.804419 0.024784
vt 0.576948 0.018909
vt 0.993879 0.748459
vt 0.702124 0.610879
vt 0.964400 0.780705
vt 0.162808 0.113780
vt 0.510860 0.404918
vt 0.624228 0.863251
vt 0.553315 0.157884
vt 0.549630 0.246736
vt 0.595596 0.935455
vt 0.647745 0.161160
vt 0.671365 0.304892
vt 0.918563 0.593421
vt 0.219776 0.061155
vt 0.422617 0.350931
vt 0.530762 0.609577
vt 0.970680 0.631923
vt 0.439856 0.861754
vt 0.657460 0.470742
vt 0.309132 0.656131
vt 0.938428 0.672876
vt 0.984967 0.905829
vt 0.140736 0.983393
vt 0.749616 0.268788
vt 0.223049 0.911099
vt 0.823106 0.373959
vt 0.337340 0.764651
vt 0.919848 0.909711
vt 0.957236 0.677792
vt 0.312273 0.734760
vt 0.931301 0.122734
vt 0.242330 0.916498
vt 0.232581 0.039407
vt 0.705756 0.287014
vt 0.400699 0.633939
vt 0.743891 0.459934
vt 0.048112 0.093592
vt 0.850831 0.095538
vt 0.672411 0.300191
vt 0.227327 0.059465
vt 0.216903 0.063147
vt 0.366205 0.647281
vt 0.873346 0.749452
vt 0.184150 0.073616
vt 0.179547 0.791050
vt 0.713777 0.629403
vt 0.442066 0.301212
vt 0.438721 0.295654
vt 0.327642 0.639686
vt 0.933825 0.912616
vt 0.550318 0.263958
vt 0.912280 0.264334
vt 0.661944 0.240890
vt 0.908203 0.736084
vt 0.586905 0.517140
vt 0.959722 0.766856
vt 0.164668 0.094117
vt 0.142222 0.369000
vt 0.763116 0.863801
vt 0.633710 0.840429
vt 0.555431 0.541234
vt 0.388531 0.902418
vt 0.380127 0.901611
vt 0.846969 0.089670
vt 0.230513 0.057273
vt 0.849161 0.328866
vt 0.453220 0.073663
vt 0.879924 0.063565
vt 0.515193 0.205901
vt 0.838356 0.125501
vt 0.257163 0.717388
vt 0.028954 0.709222
vt 0.977084 0.008135
vt 0.266871 0.054283
vt 0.816370 0.307013
vt 0.506019 0.283520
vt 0.948323 0.289171
vt 0.804719 0.784782
vt 0.449507 0.326500
vt 0.816674 0.360888
vt 0.810340 0.375000
vt 0.227401 0.512495
vt 0.385803 0.898020
vt 0.155158 0.367246
vt 0.037064 0.763848
vt 0.645411 0.908776
vt 0.172741 0.273841
vt 0.001389 0.995141
vt 0.584717 0.491943
vt 0.585205 0.491455
vt 0.487664 0.442048
vt 0.993652 0.951387
vt 0.330593 0.046151
vt 0.679199 0.043457
vt 0.019129 0.451877
vt 0.218765 0.909682
vt 0.817246 0.367064
vt 0.814445 0.374257
vt 0.908119 0.398499
vt 0.887713 0.902401
vt 0.433704 0.842991
vt 0.530777 0.016008
vt 0.975400 0.224612
vt 0.493718 0.495688
vt 0.509445 0.835862
vt 0.021954 0.494709
vt 0.417544 0.130757
vt 0.848243 0.159056
vt 0.850924 0.162964
vt 0.782191 0.988203
vt 0.405643 0.092248
vt 0.830820 0.293811
vt 0.125371 0.025938
vt 0.570407 0.611883
vt 0.584131 0.493135
vt 0.487793 0.441650
vt 0.220802 0.031408
vt 0.992515 0.949660
vt 0.847758 0.370819
vt 0.349871 0.779513
vt 0.996316 0.030144
vt 0.349202 0.012806
vt 0.047635 0.886254
vt 0.478206 0.496372
vt 0.512320 0.853277
vt 0.610444 0.840737
vt 0.568031 0.506009
vt 0.521187 0.165728
vt 0.929046 0.556647
vt 0.718717 0.404159
vt 0.515116 0.015462
vt 0.102693 0.156124
vt 0.609223 0.420303
vt 0.324923 0.641724
vt 0.929988 0.912668
vt 0.683303 0.119163
vt 0.919173 0.677066
vt 0.679800 0.031250
vt 0.537978 0.573830
vt 0.669961 0.257880
vt 0.190623 0.849044
vt 0.191040 0.841746
vt 0.136951 0.394584
vt 0.342030 0.665278
vt 0.537660 0.289130
vt 0.849574 0.778486
vt 0.934958 0.777079
vt 0.063344 0.851889
vt 0.380210 0.901223
vt 0.846296 0.091907
vt 0.229506 0.056041
vt 0.839387 0.378816
vt 0.336890 0.772161
vt 0.900193 0.057739
vt 0.895279 0.064216
vt 0.969783 0.369041
vt 0.193463 0.856535
vt 0.133702 0.396667
vt 0.142548 0.392668
vt 0.052479 0.780516
vt 0.844664 0.657753
vt 0.801547 0.119713
vt 0.489055 0.441595
vt 0.220686 0.033230
vt 0.995035 0.950348
vt 0.993368 0.032153
vt 0.350464 0.010681
vt 0.820822 0.741643
vt 0.529426 0.491181
vt 0.454286 0.831273
vt 0.703857 0.600098
vt 0.307317 0.141500
vt 0.956095 0.305851
vt 0.035962 0.712087
vt 0.439232 0.296838
vt 0.325422 0.639550
vt 0.931774 0.912723
vt 0.679821 0.311209
vt 0.642669 0.162850
vt 0.212275 0.190619
vt 0.012269 0.362737
vt 0.055283 0.387104
vt 0.843638 0.683436
vt 0.496517 0.309803
vt 0.782545 0.035966
vt 0.679688 0.423096
vt 0.671948 0.429944
vt 0.689003 0.607973
vt 0.287551 0.141239
vt 0.473780 0.071597
vt 0.842739 0.294350
vt 0.141680 0.333002
vt 0.970703 0.589844
vt 0.769490 0.490113
vt 0.950062 0.767498
vt 0.154458 0.100883
vt 0.042412 0.182789
vt 0.608161 0.859818
vt 0.993530 0.950549
vt 0.357820 0.006467
vt 0.578760 0.493540
vt 0.493030 0.442082
vt 0.218744 0.034981
vt 0.569779 0.246011
vt 0.181029 0.321211
vt 0.278609 0.110238
vt 0.380590 0.900732
vt 0.996119 0.815561
vt 0.230718 0.057401
vt 0.027646 0.312574
vt 0.340018 0.026003
vt 0.894157 0.676498
vt 0.863969 0.060057
vt 0.508737 0.201018
vt 0.740643 0.462178
vt 0.846090 0.092878
vt 0.229302 0.056973
vt 0.500485 0.457417
vt 0.111197 0.230446
vt 0.281164 0.558678
vt 0.381709 0.055785
vt 0.904129 0.942806
vt 0.500308 0.384318
vt 0.791081 0.496478
vt 0.635028 0.416196
vt 0.764026 0.173456
vt 0.758746 0.261456
vt 0.618222 0.038772
vt 0.138197 0.354391
vt 0.555660 0.579333
vt 0.806396 0.004820
vt 0.414326 0.086540
vt 0.781595 0.437439
vt 0.587094 0.492692
vt 0.478307 0.428017
vt 0.256502 0.925820
vt 0.992326 0.950815
vt 0.353598 0.003970
vt 0.435272 0.108702
vt 0.743412 0.451488
vt 0.619141 0.014648
vt 0.477098 0.425698
vt 0.410680 0.104118
vt 0.527680 0.189629
vt 0.859496 0.115238
vt 0.510294 0.389322
vt 0.977776 0.223285
vt 0.440158 0.356722
vt 0.560351 0.543133
vt 0.139031 0.970179
vt 0.680664 0.423828
vt 0.985622 0.222241
vt 0.683526 0.614539
vt 0.237206 0.697941
vt 0.229020 0.491391
vt 0.674507 0.278940
vt 0.995757 0.061885
vt 0.865716 0.087456
vt 0.696638 0.626214
vt 0.585205 0.491943
vt 0.486769 0.440458
vt 0.993408 0.951416
vt 0.358445 0.007411
vt 0.485557 0.470254
vt 0.437569 0.295440
vt 0.930908 0.912842
vt 0.926008 0.915223
vt 0.331299 0.732178
vt 0.937471 0.119888
vt 0.182472 0.843392
vt 0.136065 0.390797
vt 0.156706 0.976587
vt 0.035889 0.705566
vt 0.476034 0.821607
vt 0.746061 0.309912
vt 0.054559 0.009763
vt 0.968422 0.005838
vt 0.951422 0.992069
vt 0.945391 0.995492
vt 0.693493 0.662651
vt 0.272042 0.683274
vt 0.012574 0.379611
vt 0.761875 0.163053
vt 0.330856 0.775289
vt 0.625320 0.730166
vt 0.101270 0.168390
vt 0.144981 0.382376
vt 0.037254 0.772364
vt 0.130638 0.108361
vt 0.443173 0.842817
vt 0.678126 0.287980
vt 0.937294 0.550717
vt 0.436076 0.843783
vt 0.441666 0.831171
vt 0.868379 0.748352
vt 0.529837 0.014280
vt 0.975898 0.226693
vt 0.322566 0.048387
vt 0.204761 0.680533
vt 0.729412 0.170561
vt 0.165898 0.318521
vt 0.266128 0.106636
vt 0.252697 0.916118
vt 0.230191 0.040312
vt 0.411673 0.111954
vt 0.450965 0.822493
vt 0.683309 0.635513
vt 0.689928 0.308932
vt 0.241884 0.238581
vt 0.914495 0.289245
vt 0.661319 0.251643
vt 0.473457 0.860242
vt 0.843884 0.323408
vt 0.667495 0.221528
vt 0.057415 0.738801
vt 0.900463 0.556833
vt 0.244606 0.905486
vt 0.166662 0.957718
vt 0.859555 0.716321
vt 0.869213 0.389940
vt 0.476062 0.335939
vt 0.128157 0.956007
vt 0.916411 0.145076
vt 0.974473 0.993580
vt 0.661361 0.024741
vt 0.652372 0.021284
vt 0.220931 0.515796
vt 0.380414 0.899180
vt 0.994451 0.813868
vt 0.923073 0.580646
vt 0.229507 0.057038
vt 0.855649 0.874308
vt 0.107819 0.039363
vt 0.939609 0.621351
vt 0.795066 0.753115
vt 0.008353 0.496384
vt 0.399543 0.075237
vt 0.773794 0.674183
vt 0.817992 0.963041
vt 0.858802 0.745879
vt 0.592285 0.246094
vt 0.244085 0.503178
vt 0.815474 0.310740
vt 0.804025 0.783619
vt 0.113359 0.256345
vt 0.394666 0.698565
vt 0.713154 0.648360
vt 0.622803 0.440186
vt 0.782995 0.525870
vt 0.625036 0.733007
vt 0.622089 0.444326
vt 0.103139 0.168554
vt 0.543263 0.629559
vt 0.965741 0.629099
vt 0.645979 0.465856
vt 0.578036 0.526540
vt 0.325647 0.737634
vt 0.935173 0.121890
vt 0.917974 0.145284
vt 0.658564 0.021954
vt 0.798828 0.013916
vt 0.803923 0.012373
vt 0.880176 0.330398
vt 0.501837 0.494745
vt 0.920282 0.591424
vt 0.219771 0.060155
vt 0.836362 0.310776
vt 0.895695 0.760903
vt 0.625244 0.731445
vt 0.622387 0.445000
vt 0.102539 0.168945
vt 0.418175 0.008348
vt 0.252516 0.250741
vt 0.662961 0.112863
vt 0.481301 0.377825
vt 0.264938 0.509371
vt 0.779988 0.526440
vt 0.628404 0.727103
vt 0.624970 0.731400
vt 0.622493 0.446125
vt 0.462120 0.360870
vt 0.580931 0.555323
vt 0.938089 0.770561
vt 0.065452 0.849745
vt 0.183052 0.846274
vt 0.137773 0.386706
vt 0.600694 0.225213
vt 0.333539 0.124893
vt 0.529372 0.463467
vt 0.033215 0.708806
vt 0.972592 0.005312
vt 0.947253 0.994183
vt 0.432538 0.843133
vt 0.531840 0.016187
vt 0.975685 0.223908
vt 0.404852 0.009255
vt 0.375965 0.686114
vt 0.459129 0.316190
vt 0.939531 0.905858
vt 0.518190 0.839158
vt 0.458762 0.454823
vt 0.121255 0.878193
vt 0.935177 0.367984
vt 0.903856 0.365244
vt 0.462032 0.059055
vt 0.908636 0.269503
vt 0.259811 0.748028
vt 0.465878 0.390487
vt 0.753561 0.407323
vt 0.914817 0.929093
vt 0.579983 0.011538
vt 0.991576 0.743668
vt 0.916437 0.677656
vt 0.671533 0.246075
vt 0.475098 0.867432
vt 0.149242 0.845316
vt 0.961946 0.961177
vt 0.222943 0.516948
vt 0.225610 0.512845
vt 0.988010 0.817726
vt 0.741989 0.459857
vt 0.041992 0.096591
vt 0.225208 0.498430
vt 0.994980 0.057771
vt 0.646805 0.140718
vt 0.637026 0.414921
vt 0.793397 0.499244
vt 0.440716 0.332316
vt 0.821036 0.356847
vt 0.842209 0.661812
vt 0.776947 0.424591
vt 0.777423 0.432487
vt 0.442054 0.304584
vt 0.322586 0.638304
vt 0.330516 0.636087
vt 0.810487 0.383183
vt 0.158387 0.982449
vt 0.332617 0.731666
vt 0.875730 0.125425
vt 0.762101 0.846174
vt 0.704543 0.376274
vt 0.540268 0.967084
vt 0.834496 0.754986
vt 0.821942 0.747420
vt 0.534892 0.492955
vt 0.013655 0.608360
vt 0.946449 0.649167
vt 0.112086 0.063246
vt 0.473206 0.397788
vt 0.324452 0.113468
vt 0.429688 0.843750
vt 0.532033 0.020382
vt 0.995128 0.115420
vt 0.973877 0.220459
vt 0.403208 0.012449
vt 0.820047 0.964787
vt 0.590679 0.246184
vt 0.888959 0.382068
vt 0.585382 0.239845
vt 0.036303 0.705488
vt 0.971191 0.005127
vt 0.948415 0.994033
vt 0.324865 0.647492
vt 0.858950 0.821139
vt 0.478219 0.824620
vt 0.756355 0.315667
vt 0.953210 0.988369
vt 0.787453 0.515647
vt 0.913688 0.145936
vt 0.571684 0.582247
vt 0.654629 0.021674
vt 0.805018 0.010701
vt 0.214748 0.671313
vt 0.223438 0.673765
vt 0.878909 0.246624
vt 0.124857 0.378315
vt 0.598508 0.231995
vt 0.013046 0.359237
vt 0.321937 0.120199
vt 0.613512 0.242718
vt 0.863736 0.668383
vt 0.864322 0.863497
vt 0.808678 0.762757
vt 0.513277 0.984086
vt 0.820017 0.944243
vt 0.847158 0.761639
vt 0.223513 0.508946
vt 0.386198 0.901777
vt 0.382100 0.898856
vt 0.993116 0.816598
vt 0.841760 0.094567
vt 0.324939 0.788828
vt 0.307261 0.792568
vt 0.864875 0.845165
vt 0.037208 0.705614
vt 0.037764 0.704573
vt 0.055420 0.009033
vt 0.950448 0.992254
vt 0.799806 0.102216
vt 0.339564 0.787552
vt 0.408349 0.131226
vt 0.887839 0.025016
vt 0.822455 0.320173
vt 0.398894 0.705896
vt 0.998535 0.798439
vt 0.849165 0.711280
vt 0.457899 0.337689
vt 0.943398 0.680155
vt 0.926616 0.116679
vt 0.558053 0.562158
vt 0.547702 0.267094
vt 0.234555 0.932655
vt 0.211305 0.402769
vt 0.059366 0.046795
vt 0.435820 0.961489
vt 0.980812 0.363446
vt 0.035068 0.706642
vt 0.970703 0.005359
vt 0.947696 0.993825
vt 0.430908 0.843018
vt 0.532412 0.018066
vt 0.974249 0.221191
vt 0.403809 0.011963
vt 0.056997 0.904193
vt 0.600073 0.215804
vt 0.002377 0.351333
vt 0.332236 0.104408
vt 0.679575 0.301674
vt 0.336510 0.627853
vt 0.215956 0.903531
vt 0.173701 0.985684
vt 0.822733 0.970661
vt 0.884105 0.378454
vt 0.584518 0.246488
vt 0.540082 0.505986
vt 0.101423 0.104852
vt 0.116180 0.248315
vt 0.121568 0.964886
vt 0.968194 0.987892
vt 0.925760 0.906581
vt 0.587656 0.530638
vt 0.959394 0.761279
vt 0.376378 0.668022
vt 0.478333 0.323030
vt 0.974954 0.221605
vt 0.405839 0.010700
vt 0.841401 0.665026
vt 0.774858 0.429271
vt 0.784962 0.027671
vt 0.678138 0.041382
vt 0.553173 0.565110
vt 0.736039 0.271033
vt 0.281880 0.715289
vt 0.774797 0.174072
vt 0.760940 0.271196
vt 0.277010 0.731861
vt 0.429411 0.843763
vt 0.532654 0.020080
vt 0.973149 0.219955
vt 0.507508 0.288400
vt 0.496298 0.403252
vt 0.268986 0.729420
vt 0.423828 0.846578
vt 0.533542 0.023567
vt 0.669529 0.460118
vt 0.682751 0.445739
vt 0.402100 0.015587
vt 0.252892 0.120234
vt 0.214235 0.922773
vt 0.696289 0.996582
vt 0.667900 0.996426
vt 0.696289 0.996338
vt 0.667969 0.996582
vt 0.518588 0.487893
vt 0.485056 0.440132
vt 0.036338 0.904303
vt 0.359726 0.786794
vt 0.359160 0.009116
vt 0.825880 0.101514
vt 0.253308 0.518778
vt 0.703085 0.363352
vt 0.764976 0.853995
vt 0.400358 0.846073
vt 0.124109 0.249129
vt 0.796530 0.774390
vt 0.395852 0.071674
vt 0.752427 0.305714
vt 0.945153 0.989936
vt 0.915664 0.398058
vt 0.888810 0.870424
vt 0.883716 0.912175
vt 0.347473 0.639386
vt 0.180078 0.134673
vt 0.178324 0.139404
vt 0.429642 0.125038
vt 0.987548 0.795187
vt 0.908936 0.946777
vt 0.912354 0.939453
vt 0.907850 0.943097
vt 0.944705 0.701151
vt 0.730029 0.137528
vt 0.528118 0.018255
vt 0.696289 0.996393
vt 0.667725 0.996677
vt 0.612612 0.021808
vt 0.870305 0.318443
vt 0.506429 0.504041
vt 0.469991 0.836213
vt 0.625124 0.150209
vt 0.624395 0.140395
vt 0.192229 0.195128
vt 0.769066 0.187246
vt 0.754906 0.279179
vt 0.280293 0.463189
vt 0.325420 0.479744
vt 0.920064 0.181942
vt 0.044173 0.549797
vt 0.910354 0.649516
vt 0.430559 0.845708
vt 0.974120 0.220704
vt 0.964456 0.249185
vt 0.235381 0.677580
vt 0.817343 0.691273
vt 0.818404 0.520901
vt 0.821623 0.971827
vt 0.880398 0.376408
vt 0.843917 0.652765
vt 0.792722 0.114663
vt 0.828775 0.778262
vt 0.436425 0.038013
vt 0.573229 0.010070
vt 0.297294 0.778423
vt 0.124699 0.039587
vt 0.411430 0.124804
vt 0.786888 0.996361
vt 0.443859 0.035836
vt 0.894651 0.024630
vt 0.528974 0.226045
vt 0.604266 0.936056
vt 0.524326 0.585955
vt 0.662598 0.256104
vt 0.661046 0.226358
vt 0.899028 0.554674
vt 0.916051 0.549410
vt 0.901364 0.733854
vt 0.466268 0.864503
vt 0.381131 0.028369
vt 0.519207 0.173334
vt 0.859890 0.105718
vt 0.196388 0.376404
vt 0.769356 0.191115
vt 0.752231 0.279996
vt 0.630492 0.445559
vt 0.534040 0.026916
vt 0.689602 0.406048
vt 0.992130 0.111000
vt 0.401367 0.020741
vt 0.556555 0.182815
vt 0.907764 0.137709
vt 0.565601 0.575731
vt 0.256253 0.528477
vt 0.533447 0.021240
vt 0.680525 0.411898
vt 0.973877 0.219971
vt 0.403867 0.015600
vt 0.652503 0.113988
vt 0.470895 0.485013
vt 0.586514 0.541576
vt 0.951135 0.764940
vt 0.034932 0.183878
vt 0.470842 0.489242
vt 0.588699 0.545171
vt 0.947203 0.765886
vt 0.605382 0.856997
vt 0.825662 0.382419
vt 0.819213 0.384816
vt 0.328144 0.764403
vt 0.556077 0.530775
vt 0.187553 0.135707
vt 0.426514 0.123535
vt 0.909222 0.948144
vt 0.431518 0.028202
vt 0.584065 0.009037
vt 0.530469 0.209407
vt 0.613697 0.948519
vt 0.630288 0.219086
vt 0.227415 0.467218
vt 0.140450 0.514069
vt 0.065630 0.327891
vt 0.558351 0.472641
vt 0.421183 0.979392
vt 0.216724 0.517350
vt 0.938416 0.593355
vt 0.223306 0.504587
vt 0.648985 0.154087
vt 0.843020 0.097200
vt 0.918809 0.584051
vt 0.228318 0.059389
vt 0.821441 0.967879
vt 0.885436 0.379110
vt 0.584782 0.244745
vt 0.441753 0.317062
vt 0.810376 0.377951
vt 0.577362 0.165867
vt 0.410467 0.622939
vt 0.062632 0.099972
vt 0.187331 0.393714
vt 0.026287 0.486500
vt 0.414529 0.124558
vt 0.784204 0.994247
vt 0.431561 0.044791
vt 0.569540 0.009291
vt 0.178055 0.141103
vt 0.186626 0.136446
vt 0.907716 0.942382
vt 0.578857 0.012451
vt 0.988841 0.745097
vt 0.431997 0.039752
vt 0.576539 0.010094
vt 0.392326 0.714837
vt 0.117193 0.237326
vt 0.481050 0.084837
vt 0.852594 0.291795
vt 0.287667 0.709042
vt 0.939036 0.307872
vt 0.929443 0.313431
vt 0.040947 0.728923
vt 0.841099 0.359836
vt 0.616349 0.844061
vt 0.427126 0.845093
vt 0.973297 0.218734
vt 0.401392 0.015673
vt 0.953051 0.091987
vt 0.127376 0.518384
vt 0.072817 0.330730
vt 0.853036 0.736219
vt 0.889891 0.383981
vt 0.890642 0.390886
vt 0.583565 0.238193
vt 0.187801 0.136230
vt 0.915039 0.924316
vt 0.431151 0.034267
vt 0.901572 0.023667
vt 0.578613 0.013184
vt 0.989870 0.743584
vt 0.820456 0.773234
vt 0.539381 0.612439
vt 0.968140 0.637908
vt 0.690383 0.379899
vt 0.410430 0.856270
vt 0.081835 0.864198
vt 0.782434 0.717354
vt 0.395110 0.714482
vt 0.118558 0.237884
vt 0.391016 0.066845
vt 0.382175 0.064973
vt 0.997815 0.794565
vt 0.346223 0.680298
vt 0.931955 0.885303
vt 0.179119 0.137055
vt 0.910146 0.940684
vt 0.908301 0.944951
vt 0.785499 0.175624
vt 0.299791 0.788330
vt 0.466883 0.074330
vt 0.991804 0.851467
vt 0.423070 0.856336
vt 0.660598 0.464633
vt 0.882136 0.761917
vt 0.029541 0.494629
vt 0.779976 0.995762
vt 0.431716 0.037402
vt 0.436710 0.039120
vt 0.573831 0.011383
vt 0.898848 0.023745
vt 0.184082 0.135986
vt 0.178235 0.139934
vt 0.912164 0.938323
vt 0.585964 0.008832
vt 0.852103 0.733341
vt 0.889722 0.392916
vt 0.580180 0.235598
vt 0.183486 0.302371
vt 0.022172 0.490431
vt 0.425985 0.121869
vt 0.786902 0.997359
vt 0.440832 0.027305
vt 0.645700 0.158408
vt 0.670265 0.303098
vt 0.919000 0.588993
vt 0.224120 0.060230
vt 0.278009 0.476974
vt 0.320996 0.786581
vt 0.991997 0.848782
vt 0.910708 0.940326
vt 0.908468 0.945504
vt 0.423244 0.846436
vt 0.973561 0.216073
vt 0.401328 0.016615
vt 0.782735 0.178731
vt 0.282681 0.712275
vt 0.270131 0.716411
vt 0.030285 0.721010
vt 0.916389 0.925673
vt 0.578029 0.014750
vt 0.991900 0.744509
vt 0.523864 0.432952
vt 0.989558 0.917470
vt 0.029840 0.495878
vt 0.843581 0.175822
vt 0.575885 0.016958
vt 0.238819 0.706792
vt 0.356471 0.056544
vt 0.847150 0.262015
vt 0.300537 0.679199
vt 0.301276 0.679350
vt 0.357632 0.025406
vt 0.721001 0.988081
vt 0.331368 0.057387
vt 0.766403 0.991248
vt 0.132082 0.349601
vt 0.779776 0.479703
vt 0.423755 0.846436
vt 0.534180 0.024716
vt 0.401643 0.017899
vt 0.331194 0.051779
vt 0.679443 0.043457
vt 0.558779 0.165784
vt 0.832589 0.331905
vt 0.008484 0.481504
vt 0.430761 0.133680
vt 0.397293 0.068936
vt 0.015506 0.479148
vt 0.022230 0.481319
vt 0.391333 0.060108
vt 0.908543 0.951027
vt 0.583496 0.009033
vt 0.653317 0.843635
vt 0.828013 0.333432
vt 0.009205 0.480697
vt 0.435573 0.128412
vt 0.395277 0.067440
vt 0.395398 0.064843
vt 0.996191 0.799821
vt 0.837290 0.738819
vt 0.306396 0.790039
vt 0.293567 0.785570
vt 0.854486 0.317240
vt 0.849075 0.859348
vt 0.461879 0.070828
vt 0.114309 0.042016
vt 0.992699 0.854482
vt 0.926025 0.668213
vt 0.330795 0.057229
vt 0.764342 0.993086
vt 0.357740 0.024540
vt 0.775126 0.683600
vt 0.186148 0.297237
vt 0.851971 0.735758
vt 0.890870 0.386273
vt 0.786476 0.182702
vt 0.779574 0.187033
vt 0.281250 0.715332
vt 0.757950 0.298745
vt 0.210836 0.807208
vt 0.025681 0.936929
vt 0.034804 0.560523
vt 0.025244 0.484136
vt 0.430719 0.043673
vt 0.579926 0.010530
vt 0.285681 0.717559
vt 0.345256 0.022392
vt 0.897085 0.680283
vt 0.315759 0.056738
vt 0.690399 0.037873
vt 0.766055 0.998512
vt 0.770020 0.992188
vt 0.421321 0.846552
vt 0.678510 0.444501
vt 0.986612 0.212028
vt 0.348538 0.024286
vt 0.924121 0.667632
vt 0.919197 0.667837
vt 0.727735 0.989990
vt 0.692372 0.033238
vt 0.768137 0.996752
vt 0.838857 0.815067
vt 0.795165 0.179811
vt 0.763570 0.308443
vt 0.758301 0.314697
vt 0.298707 0.787629
vt 0.465405 0.073511
vt 0.718166 0.987796
vt 0.329359 0.056683
vt 0.761760 0.992089
vt 0.358788 0.023632
vt 0.763831 0.995283
vt 0.769775 0.991943
vt 0.009850 0.483178
vt 0.433021 0.129200
vt 0.399524 0.071930
vt 0.274913 0.697491
vt 0.947891 0.214422
vt 0.790197 0.162865
vt 0.302490 0.680664
vt 0.350546 0.026383
vt 0.352470 0.025460
vt 0.721436 0.987549
vt 0.766936 0.992028
vt 0.774523 0.678651
vt 0.857394 0.742172
vt 0.888323 0.384368
vt 0.022217 0.301025
vt 0.307915 0.685539
vt 0.113357 0.054768
vt 0.340733 0.037045
vt 0.921137 0.653098
vt 0.013355 0.710731
vt 0.728781 0.995458
vt 0.987216 0.894718
vt 0.634469 0.859843
vt 0.794419 0.685010
vt 0.798270 0.685766
vt 0.805414 0.962388
vt 0.301758 0.677734
vt 0.998256 0.899641
vt 0.332661 0.056586
vt 0.359341 0.025103
vt 0.853345 0.738530
vt 0.889212 0.388692
vt 0.998378 0.905622
vt 0.335482 0.054143
vt 0.679622 0.043783
vt 0.120001 0.984691
vt 0.017285 0.451355
vt 0.553582 0.565323
vt 0.310528 0.670009
vt 0.014654 0.709327
vt 0.015625 0.714355
vt 0.309652 0.667814
vt 0.938647 0.672760
vt 0.016602 0.706299
vt 0.985107 0.897217
vt 0.008245 0.483154
vt 0.393374 0.067077
vt 0.262961 0.467418
vt 0.933937 0.680112
vt 0.093701 0.055947
vt 0.717168 0.988815
vt 0.325925 0.058057
vt 0.686307 0.042989
vt 0.553715 0.563473
vt 0.763184 0.994692
vt 0.923988 0.668427
vt 0.321774 0.057856
vt 0.691106 0.036023
vt 0.763428 0.995117
vt 0.769130 0.993992
vt 0.770020 0.991699
vt 0.353251 0.025899
vt 0.721436 0.988037
vt 0.938743 0.672219
vt 0.984878 0.897697
vt 0.688645 0.039761
vt 0.763104 0.994464
vt 0.769770 0.991466
vt 0.351742 0.025391
vt 0.723176 0.988097
vt 0.767913 0.992362
vt 0.014648 0.708984
vt 0.014511 0.712265
vt 0.016113 0.715332
vt 0.985681 0.896261
vt 0.012937 0.709891
vt 0.203743 0.704155
vt 0.874308 0.276349
vt 0.743330 0.154399
vt 0.709820 0.147757
vt 0.096140 0.873423
vt 0.938572 0.669189
vt 0.014546 0.707880
vt 0.015137 0.713135
vt 0.936200 0.661785
vt 0.107010 0.059153
vt 0.002688 0.710945
vt 0.722586 0.996762
vt 0.272636 0.674843
vt 0.964662 0.232740
vt 0.962786 0.218919
vt 0.769958 0.161595
vt 0.016602 0.706055
vt 0.015625 0.715332
vt 0.936971 0.673660
vt 0.984937 0.896655
vt 0.720237 0.987884
vt 0.721680 0.988281
vt 0.690744 0.037236
vt 0.761924 0.994250
vt 0.768940 0.991955
vt 0.455191 0.442857
vt 0.105586 0.880707
vt 0.922089 0.363757
vt 0.938480 0.673565
vt 0.936035 0.676270
vt 0.098272 0.062689
vt 0.012490 0.712066
vt 0.801236 0.725525
vt 0.820051 0.558267
vt 0.452221 0.047964
vt 0.121236 0.861065
vt 0.452883 0.056356
vt 0.326494 0.470681
vt 0.030917 0.935454
vt 0.042359 0.563348
vt 0.932033 0.395959
vt 0.898440 0.889120
vt 0.102009 0.855991
vt 0.113778 0.857389
vt 0.798961 0.734986
vt 0.447193 0.055043
vt 0.171325 0.808269
vt 0.279324 0.453695
vt 0.359364 0.048320
vt 0.859652 0.272957
vt 0.853092 0.267866
vt 0.954165 0.249968
vt 0.872977 0.249767
vt 0.162644 0.795814
vt 0.152279 0.789622
vt 0.922670 0.090543
vt 0.202600 0.676580
vt 0.881081 0.262564
vt 0.733449 0.166989
vt 0.152072 0.803713
vt 0.265547 0.457151
vt 0.922694 0.085019
vt 0.234433 0.673659
vt 0.859108 0.246303
vt 0.959301 0.248990
vt 0.230448 0.461507
vt 0.952196 0.086142
vt 0.134007 0.507622
vt 0.090464 0.861254
vt 0.792026 0.721698
vt 0.241336 0.706741
vt 0.851672 0.257355
vt 0.950068 0.248219
vt 0.873881 0.268977
vt 0.739992 0.156275
vt 0.924153 0.760476
vt 0.956301 0.700732
vt 0.743777 0.135486
vt 0.709218 0.136135
vt 0.805347 0.689415
vt 0.798800 0.971891
vt 0.815043 0.689435
vt 0.808427 0.978657
vt 0.114784 0.877242
vt 0.931253 0.364724
vt 0.907688 0.895156
vt 0.955805 0.215234
vt 0.779699 0.155590
vt 0.177119 0.805179
vt 0.293465 0.461882
vt 0.026367 0.951660
vt 0.163342 0.803784
vt 0.277007 0.449128
vt 0.107550 0.860869
vt 0.865161 0.262123
vt 0.708865 0.222798
vt 0.179591 0.049063
vt 0.140615 0.243056
vt 0.923687 0.992201
vt 0.992801 0.137547
vt 0.155765 0.169020
vt 0.097961 0.646099
vt 0.881269 0.659938
vt 0.740252 0.675571
vt 0.085182 0.373149
vt 0.954628 0.015744
vt 0.982556 0.497813
vt 0.048810 0.442336
vt 0.063763 0.224833
vt 0.305139 0.306586
vt 0.308010 0.302023
vt 0.976813 0.406187
vt 0.947686 0.735853
vt 0.190247 0.002894
vt 0.786142 0.134607
vt 0.813120 0.130444
vt 0.943115 0.817871
vt 0.976318 0.189826
vt 0.561097 0.145669
vt 0.417249 0.711492
vt 0.595868 0.629745
vt 0.661685 0.181405
vt 0.460400 0.419653
vt 0.958586 0.533192
vt 0.967586 0.524723
vt 0.960677 0.737773
vt 0.769569 0.882772
vt 0.382220 0.873237
vt 0.418149 0.253334
vt 0.448166 0.256405
vt 0.987892 0.391350
vt 0.880783 0.566136
vt 0.972168 0.384766
vt 0.062223 0.244716
vt 0.982551 0.633391
vt 0.984995 0.636821
vt 0.607054 0.601888
vt 0.573433 0.660730
vt 0.238647 0.135160
vt 0.948984 0.021118
vt 0.930772 0.997129
vt 0.982333 0.855817
vt 0.972409 0.492193
vt 0.935377 0.434113
vt 0.580729 0.287221
vt 0.849419 0.623508
vt 0.984455 0.583797
vt 0.980225 0.562500
vt 0.584368 0.328086
vt 0.068382 0.835093
vt 0.729744 0.925278
vt 0.731565 0.941597
vt 0.616773 0.165456
vt 0.382150 0.100677
vt 0.061106 0.533064
vt 0.062252 0.519654
vt 0.876826 0.523669
vt 0.980166 0.451694
vt 0.081230 0.037437
vt 0.715850 0.071475
vt 0.011454 0.548213
vt 0.557893 0.924286
vt 0.549655 0.936538
vt 0.303671 0.416082
vt 0.047121 0.532500
vt 0.201889 0.090760
vt 0.699472 0.706166
vt 0.035115 0.591779
vt 0.982714 0.614357
vt 0.510584 0.070165
vt 0.976871 0.137368
vt 0.526497 0.645091
vt 0.692171 0.986481
vt 0.396704 0.834108
vt 0.427302 0.440680
vt 0.611238 0.592264
vt 0.578778 0.657571
vt 0.979811 0.867946
vt 0.968666 0.494307
vt 0.429427 0.063795
vt 0.877167 0.637637
vt 0.015886 0.554570
vt 0.425509 0.062115
vt 0.882741 0.638983
vt 0.435537 0.186651
vt 0.729980 0.671092
vt 0.837646 0.474121
vt 0.458553 0.252419
vt 0.987860 0.386464
vt 0.128742 0.012971
vt 0.947021 0.744629
vt 0.195111 0.010649
vt 0.975391 0.649582
vt 0.308474 0.027035
vt 0.579786 0.146676
vt 0.060087 0.930390
vt 0.846456 0.048210
vt 0.667926 0.665750
vt 0.328383 0.223193
vt 0.326693 0.219522
vt 0.842355 0.987529
vt 0.850320 0.984000
vt 0.823243 0.142230
vt 0.515560 0.106084
vt 0.094140 0.084797
vt 0.316504 0.991227
vt 0.311194 0.985108
vt 0.991266 0.300162
vt 0.045211 0.861058
vt 0.323109 0.069729
vt 0.908467 0.326692
vt 0.039547 0.507225
vt 0.721560 0.709055
vt 0.984271 0.834326
vt 0.735596 0.704346
vt 0.621921 0.294347
vt 0.435059 0.467773
vt 0.972471 0.766095
vt 0.760856 0.330493
vt 0.524932 0.101387
vt 0.667805 0.089734
vt 0.020393 0.804178
vt 0.592672 0.471588
vt 0.288425 0.852684
vt 0.324205 0.519182
vt 0.351918 0.511628
vt 0.944583 0.740563
vt 0.971452 0.648918
vt 0.794468 0.135042
vt 0.537867 0.076714
vt 0.773604 0.345086
vt 0.522995 0.132242
vt 0.852265 0.476140
vt 0.992471 0.612361
vt 0.307865 0.710402
vt 0.924586 0.734328
vt 0.634374 0.042859
vt 0.042338 0.933546
vt 0.059590 0.932692
vt 0.962908 0.328286
vt 0.928758 0.990761
vt 0.978760 0.847656
vt 0.133118 0.477138
vt 0.378231 0.819519
vt 0.411133 0.442908
vt 0.827327 0.841603
vt 0.658666 0.820090
vt 0.787354 0.303223
vt 0.376355 0.477402
vt 0.288062 0.021336
vt 0.557207 0.147201
vt 0.418707 0.710414
vt 0.841700 0.622483
vt 0.988552 0.553212
vt 0.614935 0.277393
vt 0.598292 0.286477
vt 0.794147 0.239179
vt 0.052004 0.814118
vt 0.925649 0.812552
vt 0.940576 0.829153
vt 0.976529 0.195205
vt 0.293429 0.023249
vt 0.301445 0.022522
vt 0.570068 0.145996
vt 0.259227 0.014583
vt 0.085200 0.133662
vt 0.406118 0.411694
vt 0.449097 0.709936
vt 0.980696 0.166505
vt 0.193561 0.550036
vt 0.434277 0.186145
vt 0.730465 0.669336
vt 0.838507 0.471314
vt 0.604305 0.962941
vt 0.956085 0.113993
vt 0.881458 0.806047
vt 0.868075 0.718552
vt 0.259031 0.303354
vt 0.952282 0.260120
vt 0.356632 0.701818
vt 0.367976 0.717282
vt 0.660745 0.167485
vt 0.153969 0.129458
vt 0.560134 0.948277
vt 0.849453 0.964155
vt 0.302059 0.714476
vt 0.303060 0.721216
vt 0.849071 0.482568
vt 0.604857 0.630298
vt 0.089357 0.035701
vt 0.075348 0.039460
vt 0.024681 0.216983
vt 0.596085 0.985546
vt 0.948649 0.139043
vt 0.872233 0.600507
vt 0.211138 0.421629
vt 0.044432 0.045000
vt 0.018021 0.889519
vt 0.235796 0.956433
vt 0.915948 0.225191
vt 0.080121 0.077583
vt 0.412862 0.361073
vt 0.977883 0.270653
vt 0.005516 0.110198
vt 0.032769 0.024062
vt 0.445823 0.229596
vt 0.039497 0.425663
vt 0.086895 0.326812
vt 0.111789 0.442402
vt 0.235106 0.364969
vt 0.615117 0.321441
vt 0.357267 0.098315
vt 0.679318 0.017764
vt 0.378760 0.803971
vt 0.371429 0.808641
vt 0.137194 0.464129
vt 0.846680 0.627197
vt 0.987120 0.582585
vt 0.110883 0.985344
vt 0.964680 0.818452
vt 0.708057 0.460463
vt 0.961551 0.872325
vt 0.403529 0.174118
vt 0.804665 0.336323
vt 0.731833 0.946328
vt 0.382855 0.212947
vt 0.364856 0.100485
vt 0.061802 0.513142
vt 0.583919 0.982780
vt 0.529674 0.144646
vt 0.421734 0.075111
vt 0.715181 0.058034
vt 0.935236 0.866771
vt 0.082724 0.096315
vt 0.313597 0.989353
vt 0.074673 0.370362
vt 0.511863 0.067152
vt 0.984087 0.142642
vt 0.433205 0.269075
vt 0.038577 0.502262
vt 0.712581 0.212556
vt 0.739702 0.696468
vt 0.186069 0.047867
vt 0.010407 0.649375
vt 0.437084 0.466174
vt 0.976478 0.776713
vt 0.612973 0.003198
vt 0.937595 0.426210
vt 0.967601 0.564270
vt 0.760179 0.326040
vt 0.732199 0.666231
vt 0.837646 0.473877
vt 0.601787 0.960844
vt 0.108325 0.399113
vt 0.685059 0.470703
vt 0.607927 0.709348
vt 0.602894 0.321316
vt 0.731303 0.943797
vt 0.361949 0.099599
vt 0.657267 0.632186
vt 0.893358 0.237505
vt 0.109996 0.309220
vt 0.403314 0.149441
vt 0.146272 0.081621
vt 0.092657 0.463310
vt 0.990218 0.584096
vt 0.978869 0.560864
vt 0.987392 0.187674
vt 0.581064 0.134364
vt 0.397162 0.735719
vt 0.060303 0.931152
vt 0.045045 0.932873
vt 0.047770 0.956570
vt 0.963074 0.899278
vt 0.011719 0.892090
vt 0.083958 0.099433
vt 0.311477 0.994916
vt 0.424072 0.072737
vt 0.717675 0.066343
vt 0.934207 0.869682
vt 0.737532 0.387541
vt 0.915550 0.522977
vt 0.073074 0.017633
vt 0.857122 0.565535
vt 0.845538 0.041011
vt 0.839207 0.059376
vt 0.662354 0.661133
vt 0.442390 0.232569
vt 0.986824 0.504410
vt 0.042221 0.424851
vt 0.829821 0.614729
vt 0.986434 0.548004
vt 0.612501 0.282523
vt 0.830078 0.135742
vt 0.814451 0.155229
vt 0.518632 0.101589
vt 0.504205 0.108028
vt 0.669598 0.094347
vt 0.389585 0.476116
vt 0.109407 0.987096
vt 0.013072 0.594159
vt 0.710346 0.456314
vt 0.962423 0.560284
vt 0.766485 0.328101
vt 0.419357 0.818377
vt 0.566939 0.966690
vt 0.392122 0.152804
vt 0.148021 0.067734
vt 0.146404 0.076931
vt 0.091492 0.467361
vt 0.464571 0.016068
vt 0.342477 0.481676
vt 0.721423 0.242161
vt 0.716052 0.254386
vt 0.749375 0.116096
vt 0.292510 0.851285
vt 0.333627 0.509512
vt 0.352978 0.505324
vt 0.728137 0.238158
vt 0.017260 0.236804
vt 0.888100 0.573599
vt 0.890288 0.717484
vt 0.013126 0.421122
vt 0.975369 0.384279
vt 0.421137 0.775319
vt 0.301603 0.875609
vt 0.286873 0.872595
vt 0.432892 0.465021
vt 0.613061 0.002243
vt 0.561807 0.966587
vt 0.558420 0.969549
vt 0.146299 0.064467
vt 0.705829 0.012004
vt 0.643938 0.255923
vt 0.869783 0.655827
vt 0.074430 0.606797
vt 0.852890 0.619262
vt 0.980274 0.580968
vt 0.542662 0.010608
vt 0.904686 0.793064
vt 0.991202 0.529205
vt 0.845979 0.627838
vt 0.989322 0.584845
vt 0.981233 0.559762
vt 0.299368 0.389415
vt 0.267405 0.396968
vt 0.419151 0.587361
vt 0.960586 0.926653
vt 0.324565 0.515783
vt 0.015536 0.538874
vt 0.867273 0.798208
vt 0.956027 0.041361
vt 0.822643 0.042348
vt 0.462439 0.413812
vt 0.971958 0.531655
vt 0.132067 0.484375
vt 0.121274 0.486058
vt 0.129027 0.485167
vt 0.369523 0.822394
vt 0.390156 0.457026
vt 0.566875 0.942663
vt 0.977311 0.738094
vt 0.975499 0.743101
vt 0.019589 0.649242
vt 0.750746 0.540960
vt 0.876489 0.431742
vt 0.069620 0.363000
vt 0.216989 0.299437
vt 0.852716 0.959353
vt 0.951809 0.006083
vt 0.009033 0.962646
vt 0.019975 0.912687
vt 0.041317 0.444816
vt 0.066319 0.470297
vt 0.526902 0.115669
vt 0.459326 0.034667
vt 0.019614 0.072242
vt 0.058118 0.488978
vt 0.976184 0.937966
vt 0.266566 0.365493
vt 0.924359 0.996358
vt 0.992931 0.140673
vt 0.992682 0.128121
vt 0.974209 0.848775
vt 0.428801 0.280844
vt 0.827301 0.506536
vt 0.194434 0.054120
vt 0.009706 0.657541
vt 0.011774 0.656514
vt 0.530491 0.134518
vt 0.991517 0.605914
vt 0.887792 0.569818
vt 0.544741 0.989016
vt 0.067503 0.247283
vt 0.436784 0.187084
vt 0.729702 0.673343
vt 0.837597 0.474212
vt 0.955811 0.840088
vt 0.060087 0.490479
vt 0.053223 0.491943
vt 0.978027 0.940702
vt 0.162002 0.244866
vt 0.975003 0.668009
vt 0.851596 0.469121
vt 0.974288 0.098761
vt 0.650236 0.031981
vt 0.365490 0.564444
vt 0.054037 0.027104
vt 0.597343 0.733659
vt 0.855746 0.525246
vt 0.044881 0.956964
vt 0.057313 0.956550
vt 0.960713 0.895443
vt 0.653584 0.635611
vt 0.957140 0.411650
vt 0.291993 0.240724
vt 0.456892 0.506242
vt 0.623792 0.629936
vt 0.378630 0.473485
vt 0.846402 0.628804
vt 0.979793 0.555252
vt 0.793498 0.242155
vt 0.492161 0.007470
vt 0.940779 0.803773
vt 0.979424 0.185517
vt 0.286166 0.020413
vt 0.567627 0.147461
vt 0.615212 0.277931
vt 0.385027 0.460498
vt 0.795628 0.244241
vt 0.613185 0.663159
vt 0.047993 0.309460
vt 0.073504 0.380757
vt 0.774415 0.130291
vt 0.780724 0.109789
vt 0.790823 0.138322
vt 0.819432 0.128183
vt 0.807262 0.148609
vt 0.537659 0.072934
vt 0.527964 0.084354
vt 0.435044 0.274316
vt 0.883926 0.696697
vt 0.728040 0.933597
vt 0.062970 0.527140
vt 0.014658 0.071777
vt 0.059509 0.489960
vt 0.054126 0.491276
vt 0.977783 0.939453
vt 0.016548 0.889131
vt 0.083136 0.085790
vt 0.311585 0.988478
vt 0.650763 0.198277
vt 0.954618 0.837747
vt 0.060791 0.490895
vt 0.052662 0.492115
vt 0.955139 0.864936
vt 0.394056 0.178288
vt 0.274663 0.359992
vt 0.464236 0.586195
vt 0.734376 0.346078
vt 0.768738 0.631982
vt 0.044770 0.988033
vt 0.846963 0.627362
vt 0.989014 0.584717
vt 0.394925 0.476294
vt 0.386993 0.479609
vt 0.772030 0.358884
vt 0.676734 0.473954
vt 0.614294 0.699867
vt 0.018506 0.073183
vt 0.056949 0.488244
vt 0.372176 0.808258
vt 0.135517 0.464976
vt 0.516008 0.132732
vt 0.934767 0.727482
vt 0.597484 0.618876
vt 0.064206 0.034460
vt 0.986370 0.536124
vt 0.652543 0.183138
vt 0.843686 0.890234
vt 0.915854 0.351865
vt 0.565565 0.068893
vt 0.566139 0.052226
vt 0.408910 0.765852
vt 0.036426 0.646730
vt 0.004024 0.625878
vt 0.688987 0.255773
vt 0.952185 0.746652
vt 0.187045 0.012628
vt 0.988627 0.585419
vt 0.979909 0.561678
vt 0.373815 0.808553
vt 0.439122 0.643048
vt 0.128332 0.414169
vt 0.513772 0.140993
vt 0.983891 0.449431
vt 0.071165 0.034168
vt 0.078450 0.043015
vt 0.279763 0.350619
vt 0.830943 0.255028
vt 0.546150 0.313939
vt 0.777271 0.644541
vt 0.849027 0.892716
vt 0.918968 0.351388
vt 0.754640 0.121898
vt 0.760818 0.100782
vt 0.067146 0.467745
vt 0.531934 0.113997
vt 0.972286 0.386641
vt 0.980882 0.633831
vt 0.655164 0.209433
vt 0.586520 0.454146
vt 0.015392 0.984749
vt 0.373204 0.811704
vt 0.131019 0.471097
vt 0.160420 0.246110
vt 0.156630 0.244408
vt 0.972346 0.668910
vt 0.981939 0.161978
vt 0.195659 0.553777
vt 0.974288 0.297438
vt 0.040211 0.858413
vt 0.429410 0.394962
vt 0.565387 0.948458
vt 0.879461 0.522554
vt 0.075684 0.040771
vt 0.085435 0.036942
vt 0.374327 0.499366
vt 0.860564 0.496000
vt 0.359462 0.931717
vt 0.637139 0.194470
vt 0.111722 0.310933
vt 0.225749 0.216081
vt 0.361123 0.572891
vt 0.022165 0.113391
vt 0.054597 0.020479
vt 0.718152 0.681613
vt 0.955647 0.504111
vt 0.847553 0.916769
vt 0.084869 0.642936
vt 0.480872 0.274588
vt 0.532996 0.867917
vt 0.092053 0.245304
vt 0.279462 0.575558
vt 0.335957 0.200256
vt 0.410156 0.074830
vt 0.944979 0.873579
vt 0.809577 0.599585
vt 0.315266 0.298567
vt 0.975366 0.410751
vt 0.444580 0.508069
vt 0.804176 0.926992
vt 0.120563 0.893868
vt 0.220682 0.117959
vt 0.939152 0.431845
vt 0.772281 0.322374
vt 0.575708 0.295454
vt 0.553205 0.855110
vt 0.797050 0.061171
vt 0.021363 0.808724
vt 0.581798 0.458794
vt 0.011439 0.983550
vt 0.729861 0.928818
vt 0.060397 0.531950
vt 0.492950 0.006553
vt 0.977041 0.187750
vt 0.288482 0.020858
vt 0.785746 0.288404
vt 0.731720 0.382316
vt 0.920572 0.527275
vt 0.521719 0.651179
vt 0.409192 0.832895
vt 0.170918 0.250685
vt 0.152102 0.245422
vt 0.015377 0.522860
vt 0.310724 0.023992
vt 0.306408 0.021284
vt 0.574893 0.146911
vt 0.266956 0.022448
vt 0.602538 0.264429
vt 0.398896 0.729798
vt 0.397628 0.157526
vt 0.143841 0.083883
vt 0.016593 0.215195
vt 0.594041 0.985356
vt 0.948430 0.139729
vt 0.871245 0.593005
vt 0.011433 0.434759
vt 0.418004 0.753882
vt 0.681530 0.555687
vt 0.588159 0.075880
vt 0.590877 0.050546
vt 0.015688 0.894493
vt 0.100098 0.075928
vt 0.313959 0.994439
vt 0.881525 0.534436
vt 0.515756 0.146319
vt 0.269762 0.239102
vt 0.075931 0.041881
vt 0.375992 0.497592
vt 0.351897 0.533867
vt 0.432597 0.083463
vt 0.718419 0.070444
vt 0.020094 0.547108
vt 0.554983 0.933756
vt 0.975620 0.744849
vt 0.797549 0.360064
vt 0.686362 0.230289
vt 0.431047 0.751554
vt 0.181167 0.424926
vt 0.207526 0.472172
vt 0.384811 0.605003
vt 0.923655 0.491382
vt 0.402684 0.367982
vt 0.309261 0.022754
vt 0.265672 0.020954
vt 0.493900 0.006111
vt 0.950684 0.812744
vt 0.288086 0.020996
vt 0.560391 0.147755
vt 0.782432 0.063039
vt 0.984256 0.303854
vt 0.818788 0.873071
vt 0.828049 0.875337
vt 0.639743 0.585399
vt 0.905864 0.328076
vt 0.804350 0.912364
vt 0.125488 0.915283
vt 0.954551 0.510776
vt 0.150786 0.171541
vt 0.101956 0.644399
vt 0.881229 0.581540
vt 0.942812 0.334393
vt 0.543270 0.986991
vt 0.892520 0.719808
vt 0.976083 0.385036
vt 0.065484 0.242120
vt 0.945557 0.816162
vt 0.976641 0.189524
vt 0.940115 0.820604
vt 0.976596 0.191223
vt 0.938473 0.823261
vt 0.565528 0.147142
vt 0.556318 0.843247
vt 0.756690 0.889356
vt 0.747353 0.957738
vt 0.620389 0.547773
vt 0.344876 0.171870
vt 0.372484 0.955469
vt 0.253165 0.205158
vt 0.398008 0.030743
vt 0.140170 0.299460
vt 0.026729 0.078703
vt 0.324780 0.900495
vt 0.492666 0.039350
vt 0.040485 0.072474
vt 0.926883 0.817502
vt 0.570296 0.144373
vt 0.401143 0.727286
vt 0.082808 0.410907
vt 0.052422 0.590202
vt 0.523673 0.654774
vt 0.414980 0.832226
vt 0.693665 0.980729
vt 0.071877 0.562445
vt 0.437028 0.432167
vt 0.838033 0.228591
vt 0.977768 0.799162
vt 0.070172 0.115841
vt 0.338485 0.003724
vt 0.080559 0.116522
vt 0.947510 0.815918
vt 0.976330 0.188800
vt 0.563232 0.147949
vt 0.591982 0.780562
vt 0.695106 0.681087
vt 0.011830 0.844820
vt 0.629721 0.987672
vt 0.941514 0.820121
vt 0.938205 0.824543
vt 0.976074 0.190918
vt 0.564941 0.147461
vt 0.804227 0.318281
vt 0.384523 0.197898
vt 0.387867 0.169821
vt 0.132680 0.072724
vt 0.073033 0.469467
vt 0.457309 0.028129
vt 0.501952 0.869384
vt 0.227920 0.549801
vt 0.156662 0.216612
vt 0.162240 0.040213
vt 0.205061 0.132935
vt 0.534228 0.930537
vt 0.338043 0.415763
vt 0.594563 0.780703
vt 0.476246 0.583044
vt 0.467356 0.177873
vt 0.695219 0.682972
vt 0.007969 0.836553
vt 0.281710 0.791070
vt 0.008865 0.776882
vt 0.310633 0.890651
vt 0.115479 0.548466
vt 0.473243 0.278126
vt 0.983455 0.474406
vt 0.080310 0.245784
vt 0.887141 0.139215
vt 0.009297 0.693912
vt 0.553598 0.044579
vt 0.838098 0.236231
vt 0.921554 0.022728
vt 0.960126 0.802868
vt 0.645758 0.584629
vt 0.905923 0.319077
vt 0.356532 0.307824
vt 0.627245 0.595499
vt 0.799051 0.831531
vt 0.675743 0.336431
vt 0.783374 0.300226
vt 0.349984 0.284989
vt 0.622395 0.562932
vt 0.363237 0.156436
vt 0.113296 0.659059
vt 0.558259 0.827200
vt 0.384090 0.546445
vt 0.587608 0.677022
vt 0.495839 0.774158
vt 0.531230 0.319217
vt 0.252391 0.028726
vt 0.025074 0.748670
vt 0.564759 0.038556
vt 0.839337 0.242278
vt 0.549118 0.312687
vt 0.476399 0.551214
vt 0.567261 0.797890
vt 0.888916 0.570557
vt 0.548122 0.991830
vt 0.895982 0.715663
vt 0.878662 0.104004
vt 0.208673 0.433194
vt 0.229746 0.955516
vt 0.406818 0.415315
vt 0.976006 0.161789
vt 0.036558 0.853181
vt 0.469836 0.284298
vt 0.751815 0.946805
vt 0.668215 0.498347
vt 0.093705 0.688873
vt 0.638622 0.691620
vt 0.127299 0.300666
vt 0.701079 0.120073
vt 0.876280 0.966262
vt 0.279069 0.799565
vt 0.568823 0.105856
vt 0.114511 0.560171
vt 0.362082 0.922594
vt 0.641412 0.185182
vt 0.383065 0.574587
vt 0.558731 0.698909
vt 0.367346 0.441727
vt 0.575060 0.324113
vt 0.077888 0.838555
vt 0.393500 0.196114
vt 0.379541 0.927677
vt 0.249324 0.585396
vt 0.897163 0.244864
vt 0.114582 0.300581
vt 0.746672 0.932963
vt 0.153707 0.192835
vt 0.157833 0.200328
vt 0.756346 0.934069
vt 0.161865 0.047119
vt 0.178459 0.712929
vt 0.174921 0.707819
vt 0.351592 0.609364
vt 0.979716 0.327591
vt 0.716825 0.090753
vt 0.353959 0.719538
vt 0.668689 0.170198
vt 0.943279 0.437280
vt 0.766846 0.325928
vt 0.961801 0.555104
vt 0.090504 0.843128
vt 0.704101 0.851418
vt 0.863962 0.486185
vt 0.691426 0.469269
vt 0.355501 0.552510
vt 0.039863 0.340623
vt 0.044922 0.347900
vt 0.049072 0.352295
vt 0.601643 0.711027
vt 0.082036 0.151926
vt 0.789015 0.066833
vt 0.815371 0.868820
vt 0.519497 0.637376
vt 0.678442 0.984693
vt 0.484902 0.126674
vt 0.791752 0.442351
vt 0.500951 0.212554
vt 0.071712 0.546254
vt 0.112883 0.643641
vt 0.556817 0.814219
vt 0.213198 0.630302
vt 0.475591 0.351514
vt 0.200880 0.303320
vt 0.973945 0.060754
vt 0.749308 0.534796
vt 0.880228 0.418598
vt 0.105861 0.208186
vt 0.383838 0.991681
vt 0.443228 0.681757
vt 0.015575 0.878649
vt 0.963096 0.451193
vt 0.747483 0.531005
vt 0.724604 0.939827
vt 0.388360 0.212214
vt 0.547920 0.011318
vt 0.888948 0.793531
vt 0.811561 0.597781
vt 0.398089 0.328565
vt 0.421435 0.526374
vt 0.442474 0.508449
vt 0.351436 0.570922
vt 0.008386 0.692131
vt 0.486790 0.771119
vt 0.930826 0.015402
vt 0.869054 0.013657
vt 0.995490 0.092315
vt 0.056234 0.796929
vt 0.247837 0.023728
vt 0.453521 0.638171
vt 0.119088 0.421250
vt 0.403545 0.392846
vt 0.447091 0.733280
vt 0.802457 0.892063
vt 0.116469 0.934898
vt 0.887086 0.620736
vt 0.652893 0.561230
vt 0.069360 0.938952
vt 0.924284 0.616441
vt 0.692316 0.955513
vt 0.065910 0.986182
vt 0.910819 0.615943
vt 0.520333 0.663473
vt 0.689468 0.968296
vt 0.497500 0.870435
vt 0.488877 0.875762
vt 0.149464 0.219497
vt 0.568359 0.111572
vt 0.969542 0.055106
vt 0.119237 0.565809
vt 0.892530 0.416121
vt 0.667745 0.488204
vt 0.626291 0.689446
vt 0.258449 0.583042
vt 0.905876 0.246944
vt 0.381664 0.962013
vt 0.022385 0.088298
vt 0.473624 0.576175
vt 0.586299 0.781597
vt 0.009826 0.842351
vt 0.060616 0.219816
vt 0.302084 0.318364
vt 0.414324 0.522090
vt 0.435385 0.507125
vt 0.386742 0.335002
vt 0.180226 0.751070
vt 0.025093 0.349748
vt 0.719169 0.944673
vt 0.727794 0.945298
vt 0.391243 0.218584
vt 0.386472 0.213430
vt 0.721613 0.103471
vt 0.488418 0.106416
vt 0.858307 0.401164
vt 0.932021 0.423269
vt 0.964834 0.571976
vt 0.974697 0.795962
vt 0.068175 0.126016
vt 0.783948 0.063789
vt 0.980644 0.300291
vt 0.301314 0.292837
vt 0.350407 0.602708
vt 0.678659 0.949776
vt 0.067218 0.972952
vt 0.751229 0.185310
vt 0.684082 0.854980
vt 0.860200 0.468143
vt 0.973070 0.088579
vt 0.806244 0.601067
vt 0.802246 0.603516
vt 0.319210 0.291195
vt 0.407471 0.320557
vt 0.427461 0.530161
vt 0.372363 0.420909
vt 0.336384 0.881209
vt 0.500631 0.020579
vt 0.186222 0.349008
vt 0.406371 0.045783
vt 0.149589 0.206750
vt 0.549964 0.367010
vt 0.497963 0.756401
vt 0.845995 0.188461
vt 0.603106 0.517426
vt 0.575137 0.441877
vt 0.842041 0.191895
vt 0.617721 0.516155
vt 0.044495 0.687566
vt 0.770156 0.981820
vt 0.075835 0.815669
vt 0.721224 0.940069
vt 0.725019 0.942160
vt 0.606432 0.168952
vt 0.805942 0.600760
vt 0.403254 0.325680
vt 0.427243 0.529715
vt 0.629128 0.087424
vt 0.877344 0.043574
vt 0.881348 0.043457
vt 0.105481 0.212627
vt 0.392862 0.988236
vt 0.216365 0.315047
vt 0.326415 0.896060
vt 0.497188 0.037373
vt 0.802408 0.603355
vt 0.407102 0.320910
vt 0.430883 0.534880
vt 0.340519 0.178596
vt 0.157916 0.432675
vt 0.536402 0.368615
vt 0.212608 0.890533
vt 0.518636 0.753005
vt 0.722842 0.745599
vt 0.215276 0.306082
vt 0.361315 0.869595
vt 0.208878 0.843687
vt 0.250878 0.832251
vt 0.765270 0.775187
vt 0.121719 0.756602
vt 0.587474 0.724443
vt 0.549050 0.910804
vt 0.813966 0.211671
vt 0.174800 0.638565
vt 0.692743 0.471820
vt 0.069144 0.701651
vt 0.348264 0.551323
vt 0.042345 0.348279
vt 0.550711 0.760255
vt 0.103068 0.270912
vt 0.627670 0.473989
vt 0.323791 0.707954
vt 0.715578 0.927167
vt 0.628827 0.087834
vt 0.735959 0.008710
vt 0.877221 0.036382
vt 0.077209 0.680247
vt 0.051569 0.353077
vt 0.074674 0.161219
vt 0.217161 0.335686
vt 0.812257 0.648473
vt 0.323968 0.284614
vt 0.407227 0.320557
vt 0.434892 0.551971
vt 0.075180 0.817597
vt 0.724488 0.941491
vt 0.390983 0.214122
vt 0.084493 0.936651
vt 0.911538 0.626743
vt 0.366821 0.857974
vt 0.934001 0.189305
vt 0.122650 0.757163
vt 0.500938 0.895822
vt 0.438242 0.878813
vt 0.431963 0.878841
vt 0.664162 0.704437
vt 0.228647 0.592536
vt 0.503119 0.344839
vt 0.678631 0.565449
vt 0.593708 0.079765
vt 0.470735 0.104051
vt 0.946304 0.569189
vt 0.389893 0.963623
vt 0.106419 0.703090
vt 0.016997 0.090911
vt 0.413957 0.222981
vt 0.043178 0.156426
vt 0.890137 0.152100
vt 0.022183 0.684961
vt 0.039830 0.136271
vt 0.071142 0.921542
vt 0.071695 0.915101
vt 0.044922 0.287354
vt 0.096273 0.974760
vt 0.338585 0.909061
vt 0.117454 0.759501
vt 0.474659 0.559016
vt 0.573745 0.796887
vt 0.072907 0.822745
vt 0.389493 0.209368
vt 0.723290 0.938157
vt 0.609301 0.167989
vt 0.639379 0.508745
vt 0.688203 0.141956
vt 0.747247 0.987007
vt 0.271080 0.173012
vt 0.483976 0.908472
vt 0.232918 0.172363
vt 0.227591 0.168500
vt 0.121585 0.222434
vt 0.114885 0.207731
vt 0.775618 0.750865
vt 0.581934 0.743034
vt 0.546396 0.420802
vt 0.238704 0.660434
vt 0.064298 0.805609
vt 0.070689 0.130844
vt 0.399229 0.537214
vt 0.373788 0.319554
vt 0.617340 0.605941
vt 0.587895 0.666545
vt 0.067443 0.771484
vt 0.659990 0.771395
vt 0.214156 0.014564
vt 0.307766 0.171484
vt 0.797868 0.605793
vt 0.406794 0.302951
vt 0.232729 0.738519
vt 0.555482 0.743391
vt 0.789441 0.795074
vt 0.867701 0.223534
vt 0.099755 0.748505
vt 0.557315 0.882018
vt 0.511336 0.701721
vt 0.167298 0.612081
vt 0.554639 0.425975
vt 0.608021 0.386694
vt 0.235583 0.659282
vt 0.782016 0.820942
vt 0.352121 0.553413
vt 0.040137 0.346726
vt 0.883160 0.149876
vt 0.772277 0.076636
vt 0.022309 0.696810
vt 0.018670 0.696389
vt 0.369742 0.342371
vt 0.545801 0.006643
vt 0.986064 0.530779
vt 0.364724 0.918138
vt 0.643782 0.181624
vt 0.729398 0.848603
vt 0.209152 0.163433
vt 0.543821 0.391304
vt 0.274264 0.661248
vt 0.497389 0.655899
vt 0.493415 0.648990
vt 0.042127 0.282463
vt 0.045326 0.287691
vt 0.752364 0.082764
vt 0.517027 0.331542
vt 0.237679 0.885570
vt 0.346372 0.826160
vt 0.245955 0.855010
vt 0.667392 0.498700
vt 0.101633 0.700846
vt 0.011229 0.086470
vt 0.040179 0.484864
vt 0.184120 0.610276
vt 0.479438 0.578794
vt 0.086426 0.776611
vt 0.351928 0.247290
vt 0.682476 0.076850
vt 0.423541 0.888798
vt 0.650523 0.695493
vt 0.466136 0.301804
vt 0.522960 0.320990
vt 0.985856 0.095137
vt 0.407448 0.228021
vt 0.048797 0.162324
vt 0.731104 0.114891
vt 0.265546 0.859875
vt 0.303081 0.839316
vt 0.977593 0.795519
vt 0.965834 0.799776
vt 0.064992 0.130692
vt 0.337061 0.007869
vt 0.725383 0.842707
vt 0.557704 0.384243
vt 0.235672 0.649187
vt 0.786550 0.825522
vt 0.860365 0.190140
vt 0.583131 0.424836
vt 0.718952 0.764943
vt 0.161508 0.522484
vt 0.570495 0.029235
vt 0.560230 0.315845
vt 0.177813 0.615373
vt 0.207686 0.342821
vt 0.819560 0.648815
vt 0.354897 0.262695
vt 0.789172 0.222340
vt 0.188596 0.464768
vt 0.203816 0.483981
vt 0.401390 0.594817
vt 0.399536 0.369011
vt 0.459449 0.754348
vt 0.223402 0.092754
vt 0.207143 0.760447
vt 0.287868 0.984995
vt 0.225911 0.307838
vt 0.028887 0.262622
vt 0.471179 0.796195
vt 0.347691 0.918959
vt 0.100510 0.803595
vt 0.887428 0.926180
vt 0.102783 0.797852
vt 0.351931 0.827720
vt 0.248742 0.859025
vt 0.867211 0.934726
vt 0.283641 0.832160
vt 0.256690 0.197495
vt 0.667480 0.501465
vt 0.663913 0.506429
vt 0.039513 0.476487
vt 0.784761 0.810093
vt 0.867766 0.204439
vt 0.741943 0.495117
vt 0.735076 0.490126
vt 0.774152 0.825432
vt 0.725604 0.804238
vt 0.007741 0.317145
vt 0.591506 0.383377
vt 0.164332 0.024030
vt 0.176131 0.037177
vt 0.922905 0.458966
vt 0.119028 0.818088
vt 0.626794 0.373589
vt 0.182348 0.909263
vt 0.264036 0.313096
vt 0.652377 0.790943
vt 0.083485 0.263593
vt 0.461235 0.273479
vt 0.345533 0.698333
vt 0.022562 0.250722
vt 0.158680 0.026333
vt 0.186299 0.033967
vt 0.128396 0.811785
vt 0.758696 0.203315
vt 0.911120 0.832039
vt 0.089395 0.014969
vt 0.011004 0.136463
vt 0.615351 0.371680
vt 0.613263 0.378610
vt 0.178878 0.926777
vt 0.352581 0.264982
vt 0.686053 0.063452
vt 0.785358 0.220066
vt 0.910062 0.847149
vt 0.738970 0.223906
vt 0.891392 0.982562
vt 0.608705 0.340991
vt 0.147833 0.926527
vt 0.484892 0.940694
vt 0.109574 0.956696
vt 0.017565 0.258790
vt 0.147644 0.026582
vt 0.286666 0.170462
vt 0.500974 0.908674
vt 0.148313 0.715498
vt 0.705370 0.111242
vt 0.629799 0.792652
vt 0.738736 0.005051
vt 0.873555 0.031658
vt 0.291291 0.798062
vt 0.140759 0.723560
vt 0.287705 0.977228
vt 0.535312 0.885703
vt 0.534931 0.874159
vt 0.995064 0.476980
vt 0.077447 0.232749
vt 0.600462 0.106165
vt 0.649940 0.376239
vt 0.664075 0.747556
vt 0.265775 0.184937
vt 0.923665 0.851602
vt 0.225830 0.153076
vt 0.219435 0.155607
vt 0.094384 0.005286
vt 0.017442 0.150645
vt 0.754907 0.037212
vt 0.017289 0.747202
vt 0.318304 0.832315
vt 0.828451 0.208782
vt 0.315736 0.862728
vt 0.315445 0.865305
vt 0.185876 0.638886
vt 0.604816 0.910498
vt 0.395927 0.226119
vt 0.720058 0.109066
vt 0.881513 0.167430
vt 0.007370 0.739550
vt 0.320276 0.836097
vt 0.731194 0.899493
vt 0.620879 0.175676
vt 0.563747 0.746107
vt 0.113281 0.277100
vt 0.263769 0.794812
vt 0.964146 0.184222
vt 0.735826 0.526360
vt 0.615136 0.805159
vt 0.860102 0.031782
vt 0.374690 0.974162
vt 0.198491 0.172422
vt 0.895677 0.037172
vt 0.340449 0.947990
vt 0.281244 0.654844
vt 0.716801 0.536697
vt 0.740778 0.230664
vt 0.284268 0.299944
vt 0.730054 0.832831
vt 0.573230 0.387314
vt 0.960283 0.547018
vt 0.406799 0.190088
vt 0.089309 0.846201
vt 0.230156 0.635694
vt 0.420625 0.946897
vt 0.111585 0.735095
vt 0.469575 0.629338
vt 0.092419 0.894632
vt 0.866998 0.179249
vt 0.875554 0.187723
vt 0.518814 0.937161
vt 0.627208 0.501768
vt 0.700017 0.147916
vt 0.241183 0.629426
vt 0.415715 0.939255
vt 0.745459 0.006550
vt 0.563735 0.109527
vt 0.113169 0.572139
vt 0.070833 0.904869
vt 0.106414 0.972529
vt 0.885317 0.164794
vt 0.757739 0.074222
vt 0.271235 0.966340
vt 0.960468 0.481954
vt 0.744575 0.498613
vt 0.952311 0.194345
vt 0.936721 0.468707
vt 0.122803 0.757694
vt 0.126642 0.761192
vt 0.573131 0.397825
vt 0.852420 0.021423
vt 0.964558 0.803669
vt 0.332843 0.003550
vt 0.438982 0.570874
vt 0.244658 0.762616
vt 0.358585 0.383090
vt 0.964807 0.479815
vt 0.704299 0.799185
vt 0.714218 0.582743
vt 0.570666 0.712648
vt 0.572153 0.705987
vt 0.757778 0.807381
vt 0.011835 0.315121
vt 0.013067 0.317733
vt 0.964546 0.479582
vt 0.750924 0.502900
vt 0.703980 0.799692
vt 0.177152 0.882652
vt 0.244962 0.611006
vt 0.389179 0.939697
vt 0.261622 0.212998
vt 0.408467 0.031506
vt 0.458895 0.110517
vt 0.032177 0.680872
vt 0.938391 0.568146
vt 0.432132 0.207060
vt 0.039298 0.140998
vt 0.745314 0.005615
vt 0.871341 0.962832
vt 0.958503 0.164513
vt 0.574012 0.102344
vt 0.074753 0.919192
vt 0.496616 0.667347
vt 0.048669 0.277885
vt 0.960449 0.482422
vt 0.744300 0.497333
vt 0.704102 0.796875
vt 0.711088 0.799410
vt 0.719971 0.583008
vt 0.964355 0.479736
vt 0.748163 0.500623
vt 0.703993 0.798718
vt 0.708740 0.798828
vt 0.363488 0.834781
vt 0.240668 0.843960
vt 0.866316 0.945759
vt 0.277919 0.824276
vt 0.940710 0.169522
vt 0.942326 0.476426
vt 0.130821 0.778229
vt 0.123802 0.779754
vt 0.381648 0.247772
vt 0.250336 0.968308
vt 0.178954 0.433217
vt 0.082486 0.895284
vt 0.874302 0.179151
vt 0.148791 0.750187
vt 0.097637 0.713256
vt 0.028911 0.370560
vt 0.194913 0.581149
vt 0.672163 0.593222
vt 0.082845 0.802180
vt 0.597029 0.179226
vt 0.597374 0.198018
vt 0.074109 0.790793
vt 0.617465 0.089010
vt 0.721350 0.545078
vt 0.755960 0.237033
vt 0.416336 0.555393
vt 0.402940 0.408063
vt 0.458208 0.719243
vt 0.185960 0.337275
vt 0.250827 0.198983
vt 0.390839 0.037917
vt 0.049210 0.474880
vt 0.376108 0.141518
vt 0.467706 0.158541
vt 0.486267 0.807934
vt 0.309799 0.599185
vt 0.807744 0.415634
vt 0.474319 0.219257
vt 0.960829 0.481934
vt 0.745117 0.498047
vt 0.710125 0.798992
vt 0.719609 0.583133
vt 0.800507 0.448592
vt 0.075289 0.531118
vt 0.130934 0.639282
vt 0.873578 0.038950
vt 0.389967 0.981888
vt 0.609163 0.814241
vt 0.508188 0.586094
vt 0.610672 0.069841
vt 0.018372 0.043272
vt 0.516200 0.711774
vt 0.162842 0.607910
vt 0.746247 0.726153
vt 0.735119 0.202034
vt 0.222495 0.096709
vt 0.459761 0.566007
vt 0.209264 0.753672
vt 0.353934 0.352928
vt 0.541992 0.374564
vt 0.510644 0.746060
vt 0.593227 0.199398
vt 0.702420 0.115927
vt 0.071568 0.786862
vt 0.741403 0.006004
vt 0.888495 0.965458
vt 0.556210 0.099452
vt 0.557500 0.112010
vt 0.756050 0.510436
vt 0.696230 0.804504
vt 0.191336 0.904469
vt 0.296166 0.595042
vt 0.413262 0.924533
vt 0.645625 0.771353
vt 0.218511 0.017441
vt 0.091982 0.279449
vt 0.484986 0.680431
vt 0.052107 0.285065
vt 0.749482 0.080490
vt 0.900025 0.165470
vt 0.048212 0.668122
vt 0.778170 0.955243
vt 0.144061 0.708603
vt 0.931325 0.010341
vt 0.635441 0.006918
vt 0.433989 0.885668
vt 0.090563 0.762411
vt 0.509726 0.548121
vt 0.581019 0.823024
vt 0.512292 0.044384
vt 0.918685 0.697719
vt 0.904760 0.103790
vt 0.250000 0.095694
vt 0.760793 0.228786
vt 0.070666 0.901561
vt 0.881932 0.165175
vt 0.496187 0.940389
vt 0.871822 0.155947
vt 0.761283 0.072234
vt 0.702932 0.845713
vt 0.873540 0.486558
vt 0.009619 0.683689
vt 0.515090 0.313595
vt 0.985663 0.087854
vt 0.244483 0.599858
vt 0.384488 0.928227
vt 0.217255 0.976310
vt 0.249286 0.590929
vt 0.355458 0.868924
vt 0.761479 0.773396
vt 0.553190 0.911182
vt 0.407227 0.276855
vt 0.432628 0.576321
vt 0.244141 0.761963
vt 0.556863 0.414336
vt 0.381803 0.399077
vt 0.340853 0.897872
vt 0.177087 0.690107
vt 0.600989 0.120821
vt 0.143114 0.667605
vt 0.130466 0.744435
vt 0.422899 0.954156
vt 0.108252 0.730840
vt 0.157973 0.677933
vt 0.179810 0.892972
vt 0.288651 0.213437
vt 0.633648 0.523230
vt 0.755285 0.966360
vt 0.083888 0.769630
vt 0.683725 0.093736
vt 0.491399 0.050821
vt 0.205960 0.017660
vt 0.194383 0.517372
vt 0.932936 0.009345
vt 0.869914 0.017506
vt 0.060344 0.795482
vt 0.510031 0.542426
vt 0.922557 0.701170
vt 0.910327 0.102959
vt 0.737043 0.185219
vt 0.247814 0.095124
vt 0.462646 0.557617
vt 0.967524 0.452971
vt 0.752384 0.525142
vt 0.104326 0.202346
vt 0.378805 0.990978
vt 0.692924 0.802962
vt 0.549263 0.432848
vt 0.251702 0.155072
vt 0.063613 0.672138
vt 0.606821 0.394887
vt 0.613246 0.820218
vt 0.690554 0.818297
vt 0.758855 0.941014
vt 0.230225 0.643705
vt 0.126858 0.724170
vt 0.431201 0.942747
vt 0.680146 0.172324
vt 0.344884 0.714555
vt 0.291418 0.436577
vt 0.236004 0.444442
vt 0.708102 0.742290
vt 0.351778 0.131185
vt 0.831904 0.401574
vt 0.154122 0.502975
vt 0.217444 0.885680
vt 0.769230 0.218882
vt 0.951966 0.488042
vt 0.382172 0.265819
vt 0.729149 0.570783
vt 0.767998 0.248212
vt 0.785315 0.066671
vt 0.196331 0.559389
vt 0.977557 0.303342
vt 0.815219 0.871740
vt 0.644249 0.590054
vt 0.225262 0.095005
vt 0.827168 0.986231
vt 0.356154 0.349210
vt 0.769568 0.743680
vt 0.800486 0.624567
vt 0.586899 0.749620
vt 0.840141 0.231313
vt 0.965363 0.803085
vt 0.960126 0.800629
vt 0.334166 0.002968
vt 0.320338 0.858040
vt 0.082370 0.895674
vt 0.873030 0.179000
vt 0.508147 0.938907
vt 0.406250 0.276611
vt 0.431570 0.577322
vt 0.244873 0.762451
vt 0.360137 0.391742
vt 0.019159 0.877782
vt 0.748279 0.532852
vt 0.104918 0.203621
vt 0.382179 0.991264
vt 0.175814 0.880629
vt 0.195265 0.986828
vt 0.416284 0.035402
vt 0.201999 0.517078
vt 0.569677 0.358859
vt 0.476140 0.748138
vt 0.159537 0.752643
vt 0.690674 0.494141
vt 0.029442 0.367132
vt 0.315752 0.937910
vt 0.265654 0.597662
vt 0.948036 0.555795
vt 0.416516 0.196225
vt 0.755742 0.740859
vt 0.212485 0.872621
vt 0.743205 0.759915
vt 0.296883 0.417109
vt 0.813382 0.405732
vt 0.465444 0.223711
vt 0.479281 0.103254
vt 0.954153 0.574357
vt 0.519110 0.702033
vt 0.165183 0.619754
vt 0.207208 0.344929
vt 0.748969 0.714452
vt 0.831539 0.635108
vt 0.882089 0.137106
vt 0.702334 0.773510
vt 0.554451 0.030919
vt 0.888004 0.483456
vt 0.298865 0.971726
vt 0.922242 0.969836
vt 0.700367 0.537516
vt 0.708865 0.747931
vt 0.358891 0.134718
vt 0.832667 0.404566
vt 0.154706 0.510748
vt 0.479274 0.146351
vt 0.896098 0.139830
vt 0.010086 0.696695
vt 0.508699 0.318072
vt 0.248777 0.888306
vt 0.290256 0.829666
vt 0.440141 0.912104
vt 0.498496 0.876847
vt 0.475876 0.724338
vt 0.348517 0.925539
vt 0.941895 0.446777
vt 0.951584 0.551492
vt 0.416354 0.191056
vt 0.098129 0.836686
vt 0.735822 0.200194
vt 0.736556 0.196994
vt 0.226023 0.095754
vt 0.828670 0.986598
vt 0.790156 0.884809
vt 0.442154 0.689078
vt 0.887477 0.613322
vt 0.525596 0.685059
vt 0.645136 0.338069
vt 0.644344 0.340147
vt 0.682505 0.707362
vt 0.628963 0.092684
vt 0.025941 0.869932
vt 0.974514 0.069433
vt 0.882483 0.042573
vt 0.101390 0.215754
vt 0.577206 0.885854
vt 0.181443 0.595912
vt 0.758024 0.207234
vt 0.231250 0.338356
vt 0.776335 0.728852
vt 0.800066 0.634003
vt 0.082040 0.296896
vt 0.943604 0.444824
vt 0.954938 0.549236
vt 0.405057 0.276678
vt 0.430664 0.577148
vt 0.245744 0.762834
vt 0.360002 0.392403
vt 0.250063 0.172140
vt 0.118799 0.195904
vt 0.311973 0.616329
vt 0.960963 0.478028
vt 0.715662 0.584585
vt 0.064923 0.668067
vt 0.546721 0.431321
vt 0.232244 0.659780
vt 0.129290 0.705907
vt 0.911388 0.093775
vt 0.736816 0.197266
vt 0.234924 0.091129
vt 0.888191 0.501991
vt 0.191822 0.764406
vt 0.078798 0.184843
vt 0.930861 0.944063
vt 0.694226 0.573619
vt 0.122892 0.675519
vt 0.564322 0.844106
vt 0.045582 0.285096
vt 0.405524 0.276614
vt 0.245117 0.762695
vt 0.609701 0.781495
vt 0.417520 0.286386
vt 0.232124 0.756009
vt 0.248980 0.619618
vt 0.401766 0.933473
vt 0.486290 0.800059
vt 0.463584 0.634143
vt 0.881359 0.196989
vt 0.321617 0.975020
vt 0.626214 0.106174
vt 0.792099 0.862953
vt 0.682792 0.368077
vt 0.719018 0.853808
vt 0.200260 0.155900
vt 0.935696 0.450133
vt 0.947425 0.556311
vt 0.422117 0.193606
vt 0.109504 0.825059
vt 0.021942 0.874639
vt 0.975280 0.063112
vt 0.104317 0.207240
vt 0.492620 0.711847
vt 0.165700 0.595158
vt 0.688659 0.497609
vt 0.085206 0.713350
vt 0.030715 0.370044
vt 0.040337 0.357801
vt 0.625745 0.083759
vt 0.628794 0.091706
vt 0.097054 0.215675
vt 0.376281 0.950146
vt 0.399888 0.033318
vt 0.130581 0.292810
vt 0.491538 0.940189
vt 0.108619 0.970530
vt 0.759455 0.072962
vt 0.257587 0.316907
vt 0.076550 0.270012
vt 0.018266 0.678591
vt 0.508991 0.314368
vt 0.047957 0.138665
vt 0.261247 0.893392
vt 0.395398 0.275081
vt 0.254793 0.771225
vt 0.361304 0.394035
vt 0.330658 0.169542
vt 0.038736 0.666131
vt 0.769462 0.947994
vt 0.347432 0.703027
vt 0.315208 0.960638
vt 0.791720 0.072135
vt 0.808363 0.873006
vt 0.325629 0.907901
vt 0.923365 0.975220
vt 0.894710 0.486718
vt 0.306667 0.925944
vt 0.035575 0.048009
vt 0.918954 0.237209
vt 0.440674 0.931152
vt 0.097189 0.738421
vt 0.566860 0.878859
vt 0.971009 0.472464
vt 0.088115 0.189704
vt 0.700870 0.581695
vt 0.710894 0.582831
vt 0.331562 0.936935
vt 0.273794 0.940463
vt 0.210755 0.450735
vt 0.826382 0.449133
vt 0.457341 0.137031
vt 0.443858 0.138819
vt 0.074162 0.507600
vt 0.140946 0.640276
vt 0.911587 0.086116
vt 0.226649 0.095780
vt 0.215196 0.754829
vt 0.506098 0.594191
vt 0.614773 0.073756
vt 0.609131 0.814941
vt 0.610065 0.815851
vt 0.514354 0.567981
vt 0.606753 0.814488
vt 0.016264 0.055087
vt 0.534622 0.045970
vt 0.068794 0.191319
vt 0.676940 0.825173
vt 0.945975 0.942641
vt 0.511426 0.051759
vt 0.739980 0.187727
vt 0.250488 0.094482
vt 0.229477 0.094727
vt 0.680281 0.853274
vt 0.829484 0.994206
vt 0.477846 0.111266
vt 0.941108 0.573613
vt 0.676091 0.152787
vt 0.319464 0.937685
vt 0.822768 0.016812
vt 0.275736 0.601220
vt 0.114315 0.689176
vt 0.559241 0.857608
vt 0.313850 0.951900
vt 0.799856 0.066586
vt 0.332660 0.862554
vt 0.577811 0.904164
vt 0.845301 0.204045
vt 0.613466 0.507647
vt 0.713917 0.528015
vt 0.733140 0.226578
vt 0.170910 0.163388
vt 0.904022 0.988745
vt 0.932129 0.010010
vt 0.633515 0.004270
vt 0.931641 0.010254
vt 0.633057 0.004639
vt 0.232214 0.162626
vt 0.357207 0.867398
vt 0.208860 0.848898
vt 0.758301 0.773438
vt 0.552270 0.734726
vt 0.779359 0.806200
vt 0.497179 0.704482
vt 0.168226 0.599018
vt 0.529129 0.355145
vt 0.220264 0.892929
vt 0.424923 0.927273
vt 0.088826 0.288323
vt 0.186959 0.025785
vt 0.755060 0.027076
vt 0.945278 0.559904
vt 0.116067 0.824331
vt 0.425004 0.196505
vt 0.925337 0.454627
vt 0.870348 0.984633
vt 0.917766 0.037124
vt 0.335938 0.946045
vt 0.284319 0.936423
vt 0.142334 0.904053
vt 0.143432 0.895530
vt 0.297230 0.391058
vt 0.300224 0.396613
vt 0.267457 0.411255
vt 0.712177 0.731451
vt 0.159470 0.475996
vt 0.469201 0.229469
vt 0.413574 0.588135
vt 0.423834 0.209377
vt 0.035191 0.156507
vt 0.081882 0.506941
vt 0.142952 0.644412
vt 0.141183 0.744317
vt 0.411309 0.960114
vt 0.104314 0.721375
vt 0.514832 0.719027
vt 0.742361 0.723901
vt 0.933105 0.009033
vt 0.866246 0.010678
vt 0.970042 0.799536
vt 0.063376 0.127461
vt 0.066113 0.133334
vt 0.631020 0.003802
vt 0.063800 0.800842
vt 0.684715 0.503180
vt 0.322957 0.572244
vt 0.869128 0.170675
vt 0.863787 0.150769
vt 0.682140 0.762587
vt 0.938514 0.447543
vt 0.950928 0.551758
vt 0.654510 0.794518
vt 0.463739 0.274794
vt 0.982360 0.464140
vt 0.342529 0.699951
vt 0.737326 0.197413
vt 0.229004 0.095459
vt 0.228516 0.094971
vt 0.687950 0.935919
vt 0.701033 0.104169
vt 0.629464 0.783029
vt 0.555031 0.986177
vt 0.574337 0.432824
vt 0.625023 0.383864
vt 0.191581 0.922099
vt 0.627930 0.397461
vt 0.193309 0.911114
vt 0.296103 0.604200
vt 0.402807 0.276356
vt 0.428443 0.577568
vt 0.369958 0.402560
vt 0.343768 0.886458
vt 0.275538 0.178118
vt 0.917583 0.859470
vt 0.932659 0.009926
vt 0.864054 0.018519
vt 0.630522 0.005022
vt 0.059198 0.794768
vt 0.851843 0.020394
vt 0.967472 0.802242
vt 0.961670 0.800049
vt 0.331884 0.004298
vt 0.551487 0.980953
vt 0.902739 0.721429
vt 0.285684 0.055854
vt 0.466005 0.747027
vt 0.765955 0.814694
vt 0.018207 0.322942
vt 0.690310 0.068731
vt 0.499472 0.061695
vt 0.903570 0.856866
vt 0.612858 0.814960
vt 0.674383 0.807346
vt 0.040145 0.660643
vt 0.780423 0.941451
vt 0.151311 0.710305
vt 0.269359 0.938659
vt 0.211754 0.444931
vt 0.197562 0.952715
vt 0.215967 0.443957
vt 0.213374 0.959818
vt 0.720601 0.570416
vt 0.592362 0.203936
vt 0.627019 0.092945
vt 0.024770 0.861577
vt 0.515537 0.559016
vt 0.948188 0.953927
vt 0.923257 0.014095
vt 0.857115 0.020145
vt 0.961779 0.803705
vt 0.630803 0.006222
vt 0.551169 0.432059
vt 0.013683 0.132715
vt 0.256483 0.155053
vt 0.612711 0.387617
vt 0.196638 0.923314
vt 0.483078 0.550250
vt 0.549996 0.993743
vt 0.889648 0.104248
vt 0.689974 0.494589
vt 0.331058 0.563543
vt 0.032957 0.365943
vt 0.915332 0.035624
vt 0.275317 0.937180
vt 0.328436 0.938749
vt 0.834341 0.018725
vt 0.152363 0.887459
vt 0.276482 0.636487
vt 0.274162 0.619252
vt 0.189898 0.951835
vt 0.416766 0.907350
vt 0.645405 0.781737
vt 0.452418 0.282463
vt 0.774842 0.938484
vt 0.165390 0.710892
vt 0.979011 0.332414
vt 0.348117 0.987706
vt 0.610166 0.122288
vt 0.188082 0.655296
vt 0.183765 0.681372
vt 0.595669 0.880293
vt 0.699102 0.919198
vt 0.610401 0.773800
vt 0.164430 0.685963
vt 0.351068 0.985204
vt 0.607071 0.125334
vt 0.768854 0.751757
vt 0.189203 0.901504
vt 0.208939 0.311209
vt 0.725183 0.917576
vt 0.140646 0.200176
vt 0.718423 0.808717
vt 0.245920 0.596567
vt 0.217145 0.980748
vt 0.206059 0.983905
vt 0.418113 0.046047
vt 0.208734 0.978007
vt 0.248844 0.596462
vt 0.174646 0.431299
vt 0.493111 0.904817
vt 0.008057 0.687256
vt 0.190142 0.024270
vt 0.475299 0.772823
vt 0.528916 0.318998
vt 0.748084 0.031205
vt 0.993994 0.098137
vt 0.023877 0.748562
vt 0.068687 0.773057
vt 0.485865 0.054744
vt 0.483851 0.058606
vt 0.304629 0.178733
vt 0.911170 0.864672
vt 0.379970 0.936813
vt 0.120276 0.294114
vt 0.270142 0.211750
vt 0.670463 0.518387
vt 0.539133 0.418369
vt 0.256162 0.660462
vt 0.830078 0.021234
vt 0.269944 0.611750
vt 0.507080 0.701416
vt 0.168550 0.605608
vt 0.236253 0.878897
vt 0.514004 0.568934
vt 0.608714 0.813697
vt 0.016610 0.053887
vt 0.244609 0.319575
vt 0.067652 0.278037
vt 0.709999 0.116631
vt 0.294907 0.804489
vt 0.445522 0.920330
vt 0.577484 0.867846
vt 0.217576 0.774450
vt 0.273078 0.979237
vt 0.193677 0.894005
vt 0.302059 0.579765
vt 0.291938 0.202391
vt 0.359513 0.256040
vt 0.327538 0.837597
vt 0.592105 0.108259
vt 0.463460 0.908495
vt 0.588626 0.866408
vt 0.108846 0.895683
vt 0.211616 0.130995
vt 0.534422 0.939499
vt 0.205572 0.884174
vt 0.733067 0.749332
vt 0.738201 0.196457
vt 0.823590 0.992439
vt 0.358533 0.335251
vt 0.556396 0.010010
vt 0.551388 0.005988
vt 0.359079 0.269312
vt 0.784143 0.227917
vt 0.073285 0.915988
vt 0.044956 0.287092
vt 0.538086 0.437500
vt 0.136397 0.717129
vt 0.401806 0.293604
vt 0.425022 0.563348
vt 0.359706 0.401632
vt 0.562684 0.446861
vt 0.060081 0.690606
vt 0.130534 0.695414
vt 0.152847 0.691730
vt 0.337856 0.985395
vt 0.616861 0.111255
vt 0.570016 0.892659
vt 0.376113 0.285365
vt 0.410139 0.567754
vt 0.353585 0.419052
vt 0.336829 0.149289
vt 0.687893 0.836701
vt 0.873895 0.474076
vt 0.167018 0.892667
vt 0.194632 0.486852
vt 0.891774 0.151385
vt 0.015142 0.690175
vt 0.995122 0.085693
vt 0.171772 0.885527
vt 0.184902 0.980433
vt 0.246688 0.603415
vt 0.308392 0.933138
vt 0.278123 0.589845
vt 0.920990 0.243943
vt 0.359939 0.841294
vt 0.768472 0.941774
vt 0.169826 0.703200
vt 0.649041 0.786200
vt 0.456959 0.276402
vt 0.109842 0.767817
vt 0.548220 0.754636
vt 0.854877 0.224783
vt 0.623421 0.474795
vt 0.465383 0.677423
vt 0.504088 0.688304
vt 0.060588 0.265340
vt 0.055048 0.278840
vt 0.863441 0.040523
vt 0.379464 0.977234
vt 0.489558 0.931078
vt 0.012646 0.268825
vt 0.367933 0.109855
vt 0.859777 0.201366
vt 0.181738 0.676421
vt 0.599448 0.879040
vt 0.459675 0.626430
vt 0.232423 0.423337
vt 0.193710 0.978606
vt 0.134767 0.668573
vt 0.125562 0.188830
vt 0.320411 0.613853
vt 0.091518 0.800059
vt 0.889548 0.932635
vt 0.390367 0.379353
vt 0.448855 0.751259
vt 0.431295 0.924232
vt 0.797223 0.630702
vt 0.086168 0.726408
vt 0.586004 0.767695
vt 0.631865 0.762144
vt 0.089932 0.289458
vt 0.086054 0.293702
vt 0.235611 0.333286
vt 0.070563 0.290865
vt 0.854213 0.017282
vt 0.975334 0.802109
vt 0.065503 0.117255
vt 0.317125 0.868175
vt 0.596451 0.905737
vt 0.919969 0.705874
vt 0.726003 0.183860
vt 0.373060 0.354258
vt 0.356531 0.911010
vt 0.175284 0.510706
vt 0.095057 0.959497
vt 0.483050 0.737855
vt 0.619510 0.794004
vt 0.687471 0.487814
vt 0.200121 0.531311
vt 0.568168 0.347537
vt 0.087988 0.809699
vt 0.569185 0.416022
vt 0.454223 0.162253
vt 0.501595 0.808714
vt 0.954460 0.548775
vt 0.957636 0.547077
vt 0.411533 0.189463
vt 0.095838 0.839079
vt 0.801907 0.437461
vt 0.492432 0.209717
vt 0.480549 0.665816
vt 0.898669 0.176822
vt 0.704310 0.750431
vt 0.358276 0.131510
vt 0.513381 0.542169
vt 0.242622 0.087647
vt 0.945811 0.974304
vt 0.204269 0.335730
vt 0.120117 0.690652
vt 0.321904 0.954556
vt 0.933982 0.449338
vt 0.947818 0.556854
vt 0.189083 0.613670
vt 0.201553 0.337907
vt 0.197968 0.330591
vt 0.595207 0.100060
vt 0.643353 0.372538
vt 0.665944 0.740675
vt 0.532535 0.330709
vt 0.073920 0.918428
vt 0.043907 0.283656
vt 0.073028 0.917371
vt 0.044922 0.286865
vt 0.042171 0.671857
vt 0.773899 0.960286
vt 0.483401 0.895268
vt 0.130127 0.223900
vt 0.421974 0.904821
vt 0.455752 0.294380
vt 0.378907 0.132646
vt 0.475352 0.808356
vt 0.227295 0.153076
vt 0.235219 0.153051
vt 0.022487 0.144705
vt 0.032764 0.256548
vt 0.195462 0.026768
vt 0.468320 0.789472
vt 0.388542 0.287157
vt 0.330642 0.154062
vt 0.923601 0.945311
vt 0.702474 0.573895
vt 0.858770 0.014811
vt 0.861544 0.011982
vt 0.066264 0.122674
vt 0.245600 0.798173
vt 0.257812 0.793701
vt 0.734010 0.504044
vt 0.581289 0.701226
vt 0.011041 0.310378
vt 0.636142 0.518869
vt 0.752962 0.979245
vt 0.815506 0.593519
vt 0.286197 0.315990
vt 0.390439 0.326107
vt 0.895369 0.467820
vt 0.871278 0.503418
vt 0.191218 0.164762
vt 0.358723 0.944132
vt 0.417798 0.919155
vt 0.203344 0.628626
vt 0.200871 0.311620
vt 0.187152 0.690218
vt 0.595192 0.118998
vt 0.467927 0.917916
vt 0.159308 0.742882
vt 0.488361 0.788995
vt 0.115627 0.783251
vt 0.377914 0.241613
vt 0.715756 0.200057
vt 0.727800 0.199675
vt 0.317874 0.279364
vt 0.307704 0.279501
vt 0.449189 0.558676
vt 0.252780 0.627652
vt 0.923178 0.833657
vt 0.096998 0.011770
vt 0.703253 0.836734
vt 0.506553 0.680459
vt 0.052729 0.261574
vt 0.354265 0.430816
vt 0.346812 0.150672
vt 0.197169 0.629537
vt 0.201292 0.316386
vt 0.528727 0.765254
vt 0.017414 0.731774
vt 0.830930 0.197080
vt 0.314075 0.854059
vt 0.944979 0.173742
vt 0.590341 0.787931
vt 0.520373 0.929534
vt 0.334163 0.441562
vt 0.348194 0.111808
vt 0.941909 0.445916
vt 0.952569 0.550460
vt 0.587704 0.887780
vt 0.687744 0.499268
vt 0.690617 0.493803
vt 0.334124 0.565143
vt 0.031789 0.368190
vt 0.242972 0.815663
vt 0.588105 0.717128
vt 0.890954 0.461833
vt 0.279555 0.943888
vt 0.722167 0.538440
vt 0.749593 0.224925
vt 0.235396 0.072115
vt 0.936283 0.967502
vt 0.891738 0.494938
vt 0.965957 0.196261
vt 0.965091 0.469343
vt 0.594013 0.101792
vt 0.448798 0.905775
vt 0.658356 0.730968
vt 0.333434 0.920592
vt 0.264167 0.947375
vt 0.207092 0.449749
vt 0.541301 0.430120
vt 0.228223 0.652829
vt 0.125209 0.712954
vt 0.452924 0.703761
vt 0.191008 0.558302
vt 0.887555 0.469400
vt 0.279430 0.961825
vt 0.801826 0.844022
vt 0.218861 0.599141
vt 0.652636 0.574349
vt 0.077372 0.790847
vt 0.887028 0.959012
vt 0.586921 0.818391
vt 0.521109 0.038111
vt 0.090648 0.775866
vt 0.357188 0.228593
vt 0.093750 0.781006
vt 0.359691 0.242525
vt 0.330088 0.711047
vt 0.695312 0.171871
vt 0.325697 0.930636
vt 0.226012 0.330786
vt 0.608182 0.197860
vt 0.503365 0.609510
vt 0.611584 0.088694
vt 0.484429 0.575229
vt 0.085750 0.754435
vt 0.082689 0.281186
vt 0.640774 0.353424
vt 0.679592 0.721709
vt 0.893311 0.460449
vt 0.184176 0.163165
vt 0.895626 0.989165
vt 0.288858 0.941033
vt 0.165960 0.713956
vt 0.333032 0.607981
vt 0.978333 0.341848
vt 0.633038 0.497644
vt 0.323521 0.716291
vt 0.698918 0.156263
vt 0.558742 0.886923
vt 0.054171 0.673442
vt 0.296533 0.069524
vt 0.954537 0.424850
vt 0.711581 0.200420
vt 0.295397 0.288922
vt 0.489159 0.779619
vt 0.080325 0.917755
vt 0.043457 0.282715
vt 0.253677 0.302690
vt 0.956758 0.260481
vt 0.965314 0.177585
vt 0.581324 0.094764
vt 0.008590 0.878313
vt 0.953494 0.452944
vt 0.468380 0.726501
vt 0.778339 0.832857
vt 0.591365 0.395378
vt 0.659210 0.785458
vt 0.307247 0.158686
vt 0.341637 0.700766
vt 0.525054 0.909948
vt 0.690325 0.085123
vt 0.494319 0.054414
vt 0.953357 0.549869
vt 0.414618 0.190455
vt 0.096966 0.838073
vt 0.245066 0.441386
vt 0.261983 0.431167
vt 0.707375 0.729747
vt 0.568133 0.754086
vt 0.071905 0.755836
vt 0.652595 0.760472
vt 0.210196 0.022098
vt 0.750955 0.189095
vt 0.967950 0.086501
vt 0.823379 0.995827
vt 0.554924 0.013924
vt 0.881784 0.784424
vt 0.252077 0.781658
vt 0.250801 0.982126
vt 0.329171 0.175908
vt 0.163714 0.441540
vt 0.209365 0.344089
vt 0.767826 0.724948
vt 0.810001 0.635162
vt 0.621390 0.361224
vt 0.165640 0.925104
vt 0.738450 0.972503
vt 0.651267 0.952039
vt 0.859384 0.414877
vt 0.923876 0.429888
vt 0.483923 0.632825
vt 0.769639 0.087742
vt 0.472214 0.125780
vt 0.026153 0.693085
vt 0.481546 0.593497
vt 0.149328 0.656310
vt 0.551540 0.434504
vt 0.245316 0.153133
vt 0.016449 0.131564
vt 0.248414 0.154407
vt 0.061807 0.684587
vt 0.062611 0.677598
vt 0.022844 0.274097
vt 0.384536 0.120274
vt 0.468980 0.800189
vt 0.902426 0.086713
vt 0.787511 0.599481
vt 0.222474 0.743852
vt 0.621041 0.813815
vt 0.370917 0.982693
vt 0.686154 0.805108
vt 0.077852 0.193485
vt 0.402197 0.221491
vt 0.940918 0.447266
vt 0.951022 0.551270
vt 0.099220 0.835323
vt 0.417406 0.191612
vt 0.701174 0.812238
vt 0.436967 0.148502
vt 0.525177 0.809431
vt 0.524398 0.797714
vt 0.791713 0.203590
vt 0.142750 0.638170
vt 0.335429 0.581052
vt 0.140229 0.194573
vt 0.325886 0.616247
vt 0.989581 0.331564
vt 0.163709 0.488062
vt 0.727623 0.118826
vt 0.304196 0.830555
vt 0.302371 0.828226
vt 0.433139 0.908086
vt 0.937700 0.449094
vt 0.949324 0.553952
vt 0.102291 0.833498
vt 0.420059 0.192836
vt 0.629150 0.087646
vt 0.742497 0.011677
vt 0.562311 0.115763
vt 0.971884 0.072473
vt 0.882805 0.039871
vt 0.286560 0.198340
vt 0.686188 0.512872
vt 0.317321 0.576812
vt 0.162262 0.671422
vt 0.558077 0.392429
vt 0.943359 0.445068
vt 0.953857 0.549561
vt 0.414030 0.190186
vt 0.096648 0.838444
vt 0.584209 0.755189
vt 0.668324 0.717378
vt 0.567139 0.114258
vt 0.966822 0.061680
vt 0.114786 0.572905
vt 0.878093 0.957560
vt 0.573553 0.723309
vt 0.758718 0.790148
vt 0.766804 0.786545
vt 0.236319 0.310301
vt 0.495350 0.721934
vt 0.514727 0.882256
vt 0.336252 0.868966
vt 0.570258 0.908669
vt 0.728415 0.774437
vt 0.170004 0.534839
vt 0.560791 0.319959
vt 0.218867 0.869501
vt 0.815879 0.906079
vt 0.116898 0.919254
vt 0.506834 0.538817
vt 0.903370 0.099370
vt 0.188034 0.685824
vt 0.463772 0.926112
vt 0.593806 0.874590
vt 0.605942 0.808328
vt 0.533826 0.039530
vt 0.750508 0.512120
vt 0.921944 0.960731
vt 0.695641 0.551448
vt 0.506361 0.555280
vt 0.094895 0.949283
vt 0.090008 0.953192
vt 0.857395 0.436279
vt 0.160639 0.018782
vt 0.917740 0.447531
vt 0.756553 0.723013
vt 0.826650 0.629434
vt 0.508404 0.576189
vt 0.020997 0.049610
vt 0.133439 0.738910
vt 0.491982 0.892113
vt 0.193706 0.956416
vt 0.708208 0.854109
vt 0.873100 0.495247
vt 0.184669 0.152114
vt 0.911747 0.714961
vt 0.969628 0.432690
vt 0.713424 0.182460
vt 0.483755 0.709138
vt 0.171229 0.579500
vt 0.167795 0.589502
vt 0.099044 0.207543
vt 0.728382 0.779632
vt 0.544613 0.324577
vt 0.942353 0.444292
vt 0.954102 0.548584
vt 0.095575 0.839820
vt 0.469601 0.626298
vt 0.861059 0.177627
vt 0.228849 0.440552
vt 0.689226 0.737085
vt 0.378123 0.270704
vt 0.773929 0.242756
vt 0.942791 0.445347
vt 0.953052 0.549634
vt 0.096829 0.837837
vt 0.828899 0.420777
vt 0.472025 0.138925
vt 0.959193 0.430803
vt 0.714872 0.192192
vt 0.152373 0.719331
vt 0.808995 0.573618
vt 0.275468 0.303521
vt 0.916885 0.839680
vt 0.177946 0.026158
vt 0.767608 0.034789
vt 0.124240 0.802976
vt 0.318926 0.822336
vt 0.709397 0.946229
vt 0.716427 0.100904
vt 0.250780 0.958487
vt 0.185880 0.434776
vt 0.178696 0.647704
vt 0.607424 0.889551
vt 0.462302 0.736048
vt 0.092433 0.739719
vt 0.905725 0.719831
vt 0.291548 0.060548
vt 0.969340 0.426078
vt 0.762092 0.799723
vt 0.723889 0.124756
vt 0.287509 0.807225
vt 0.251590 0.164668
vt 0.626147 0.400165
vt 0.304063 0.617265
vt 0.397954 0.206376
vt 0.466280 0.652232
vt 0.894068 0.197517
vt 0.088378 0.707644
vt 0.046865 0.354464
vt 0.872948 0.144270
vt 0.682861 0.776123
vt 0.480459 0.887068
vt 0.486847 0.880395
vt 0.137965 0.222205
vt 0.627585 0.512161
vt 0.671213 0.344438
vt 0.558269 0.763439
vt 0.105169 0.278578
vt 0.051869 0.153228
vt 0.263814 0.874562
vt 0.145881 0.681773
vt 0.100702 0.911440
vt 0.391079 0.300212
vt 0.393672 0.946356
vt 0.113317 0.721861
vt 0.612799 0.339895
vt 0.149494 0.915071
vt 0.267975 0.816083
vt 0.326566 0.868396
vt 0.586118 0.908559
vt 0.499047 0.787116
vt 0.027371 0.742050
vt 0.177159 0.592263
vt 0.559934 0.991783
vt 0.267154 0.068705
vt 0.881616 0.101450
vt 0.941406 0.446869
vt 0.097201 0.835877
vt 0.083496 0.528076
vt 0.134384 0.647463
vt 0.189574 0.539390
vt 0.556173 0.329858
vt 0.534675 0.400660
vt 0.271450 0.647564
vt 0.011343 0.051693
vt 0.077514 0.207691
vt 0.070187 0.202190
vt 0.205632 0.867837
vt 0.752077 0.764246
vt 0.897759 0.470609
vt 0.871837 0.499497
vt 0.181898 0.159785
vt 0.897756 0.991204
vt 0.491553 0.539168
vt 0.892579 0.099167
vt 0.212494 0.726192
vt 0.289361 0.163143
vt 0.510823 0.908300
vt 0.398007 0.570638
vt 0.369770 0.285089
vt 0.354321 0.432589
vt 0.353410 0.148131
vt 0.506983 0.625918
vt 0.481357 0.123015
vt 0.852002 0.396251
vt 0.698055 0.925359
vt 0.623795 0.775005
vt 0.663678 0.794002
vt 0.533949 0.892735
vt 0.989338 0.466474
vt 0.784756 0.830872
vt 0.589527 0.416297
vt 0.088379 0.791260
vt 0.876835 0.935481
vt 0.622465 0.068536
vt 0.007742 0.039480
vt 0.087920 0.209525
vt 0.226918 0.766336
vt 0.265394 0.989113
vt 0.710036 0.892663
vt 0.609038 0.762074
vt 0.473792 0.598778
vt 0.475509 0.608204
vt 0.759954 0.964835
vt 0.504945 0.797728
vt 0.125958 0.206914
vt 0.861952 0.503602
vt 0.338507 0.937975
vt 0.560111 0.733398
vt 0.783693 0.787733
vt 0.597656 0.100830
vt 0.651213 0.368632
vt 0.364828 0.367449
vt 0.353506 0.895506
vt 0.175235 0.034056
vt 0.111177 0.801868
vt 0.341096 0.808081
vt 0.660914 0.980188
vt 0.661885 0.980979
vt 0.485220 0.124061
vt 0.847657 0.398275
vt 0.913405 0.977620
vt 0.703004 0.529778
vt 0.900709 0.475049
vt 0.172833 0.160456
vt 0.083305 0.536166
vt 0.122768 0.644167
vt 0.610935 0.525739
vt 0.569058 0.448690
vt 0.050266 0.687886
vt 0.569229 0.087820
vt 0.011980 0.868434
vt 0.886390 0.498288
vt 0.190409 0.766601
vt 0.297823 0.984397
vt 0.802005 0.587965
vt 0.670034 0.945549
vt 0.069326 0.961240
vt 0.841893 0.420950
vt 0.268661 0.078791
vt 0.883806 0.094557
vt 0.234762 0.847416
vt 0.660117 0.946810
vt 0.850933 0.420036
vt 0.918510 0.435216
vt 0.254680 0.800948
vt 0.964139 0.182464
vt 0.943015 0.461352
vt 0.336972 0.856803
vt 0.675458 0.969533
vt 0.253799 0.797424
vt 0.258057 0.795410
vt 0.964570 0.180892
vt 0.949476 0.457813
vt 0.728115 0.889895
vt 0.623752 0.194582
vt 0.489038 0.610189
vt 0.270915 0.080145
vt 0.885554 0.089035
vt 0.793035 0.580683
vt 0.218912 0.718833
vt 0.485640 0.599999
vt 0.289421 0.065678
vt 0.718435 0.912413
vt 0.482359 0.610109
vt 0.587891 0.204102
vt 0.562987 0.091310
vt 0.021972 0.859633
vt 0.560935 0.982267
vt 0.275435 0.066965
vt 0.877747 0.103499
vt 0.284333 0.075334
vt 0.279866 0.076753
vt 0.805416 0.564279
vt 0.268000 0.289993
vt 0.646055 0.967593
vt 0.649063 0.956453
vt 0.855418 0.405977
vt 0.917396 0.423785
vt 0.654135 0.962324
vt 0.843212 0.411722
vt 0.708156 0.905055
vt 0.615685 0.758855
s 1
usemtl tripo_mat_2929ca13-f625-4fe4-bce8-077f068a3b54
f 1305/3839/1 1373/4048/2 1935/5522/3
f 1620/4760/4 1373/4048/2 47/144/5
f 136/421/6 1620/4760/4 47/144/5
f 47/144/5 251/776/7 126/401/8
f 407/1276/9 126/401/8 251/776/7
f 344/1088/10 251/776/7 47/144/5
f 1305/3839/1 344/1088/10 47/144/5
f 1305/3839/1 47/144/5 1373/4048/2
f 1364/4024/11 64/190/12 1258/3705/13
f 1258/3705/13 64/190/12 164/505/14
f 86/252/15 1371/4044/16 1258/3705/13
f 1954/5562/17 1508/4440/18 1641/4813/19
f 131/411/20 1784/5191/21 1371/4044/16
f 1641/4813/19 1371/4044/16 1784/5191/21
f 136/422/6 64/190/12 1364/4024/11
s 0
f 136/422/22 1364/4024/23 1620/4761/24
s 1
f 1620/4761/4 1364/4024/11 1779/5179/25
f 1364/4024/11 1258/3705/13 1371/4044/16
f 1973/5601/26 1779/5179/25 1364/4024/11
f 1364/4024/11 1371/4044/16 1973/5601/26
f 1779/5179/25 1973/5601/26 1807/5236/27
f 1641/4813/19 1973/5601/26 1371/4044/16
s 0
f 71/206/28 164/505/29 64/190/30
s 1
f 64/190/12 136/422/6 126/402/8
f 71/206/31 126/402/8 407/1277/9
f 126/402/8 71/206/31 64/190/12
f 1280/3764/32 344/1088/10 1305/3839/1
f 1954/5562/17 1641/4813/19 1784/5191/21
f 1935/5523/3 1280/3765/32 1305/3840/1
f 1280/3765/32 1935/5523/3 1755/5127/33
f 1755/5127/33 1935/5523/3 1982/5617/34
f 1935/5523/3 1373/4049/2 1982/5617/34
f 1884/5399/35 1982/5617/34 1419/4180/36
f 1419/4180/36 1982/5617/34 1373/4049/2
f 1884/5399/35 1525/4495/37 1759/5139/38
f 1816/5255/39 1884/5399/35 1428/4203/40
f 1375/4052/41 1428/4203/40 1419/4180/36
f 1884/5399/35 1419/4180/36 1428/4203/40
f 1755/5127/33 1982/5617/34 1884/5399/35
f 1884/5399/35 1759/5139/38 1512/4452/42
f 1755/5127/33 1884/5399/35 1508/4441/18
f 1817/5257/43 1759/5139/38 1525/4495/37
f 1817/5257/43 1525/4495/37 1816/5255/39
f 1817/5257/43 1816/5255/39 1428/4204/40
f 1428/4204/40 1512/4452/42 1759/5139/38
f 1884/5399/35 1512/4452/42 1561/4601/44
f 1884/5399/35 1561/4601/44 1508/4441/18
f 1561/4601/44 1531/4518/45 1508/4441/18
f 1531/4518/45 1561/4601/44 1594/4694/46
f 1376/4056/47 1373/4050/2 1620/4762/4
f 1419/4181/36 1373/4050/2 1376/4056/47
f 1376/4056/47 1375/4053/41 1419/4181/36
f 1554/4583/48 1779/5179/25 1807/5236/27
f 1620/4763/4 1779/5180/25 1841/5313/49
f 1620/4763/4 1841/5313/49 1376/4057/47
f 1841/5313/49 1525/4496/37 1376/4057/47
f 1376/4057/47 1525/4496/37 1450/4267/50
s 0
f 1376/4057/51 1450/4268/52 1288/3783/53
s 1
f 1450/4268/50 1360/4008/54 1288/3783/55
f 1123/3284/56 1288/3783/55 1360/4008/54
f 1360/4008/54 1450/4268/50 1901/5444/57
s 0
f 1901/5444/58 2001/5658/59 1360/4008/60
s 1
f 1376/4057/47 1288/3783/55 1320/3874/61
f 126/403/8 136/423/6 239/741/62
f 291/919/63 136/423/6 1199/3517/64
f 213/677/65 1320/3875/61 1199/3517/64
f 1199/3517/64 1320/3875/61 1288/3784/55
f 1199/3517/64 136/423/6 47/145/5
f 213/677/65 47/146/5 126/404/8
f 213/677/65 1199/3517/64 47/146/5
f 136/423/6 302/949/66 239/741/62
f 407/1278/9 239/741/62 71/207/31
f 71/207/31 239/741/62 57/174/67
f 1169/3426/68 338/1064/69 57/174/67
f 1169/3426/68 57/174/67 302/949/66
f 1148/3356/70 1266/3726/71 302/949/66
f 302/949/66 1266/3726/71 1257/3704/72
f 302/949/66 1257/3704/72 109/336/73
f 338/1065/69 109/336/73 1251/3684/74
f 1251/3684/74 109/336/73 1257/3704/72
f 1251/3684/74 1257/3704/72 1266/3726/71
f 1251/3684/74 1266/3726/71 1169/3427/68
f 1169/3427/68 109/336/73 338/1066/69
f 109/336/73 1169/3427/68 1266/3726/71
f 57/174/67 239/741/62 302/949/66
f 136/423/6 291/919/63 302/949/66
f 71/208/31 338/1067/69 164/506/14
f 338/1067/69 86/253/15 164/506/14
f 1258/3706/13 164/506/14 86/253/15
f 131/412/20 1371/4045/16 86/253/15
f 86/253/15 302/948/66 109/337/73
f 302/948/66 86/253/15 338/1067/69
f 1148/3355/70 1215/3568/75 1266/3727/71
f 52/160/76 1215/3569/75 142/435/77
f 86/253/15 109/337/73 127/406/78
f 131/412/20 86/253/15 127/406/78
f 1167/3421/79 127/406/78 109/337/73
f 1251/3685/74 302/948/66 338/1068/69
f 1169/3428/68 302/948/66 1251/3685/74
f 1266/3727/71 1215/3570/75 109/337/73
f 1215/3570/75 52/160/76 109/337/73
f 382/1193/80 109/337/73 52/160/76
f 344/1089/10 163/503/81 251/777/7
f 163/503/81 344/1089/10 1280/3766/32
f 163/503/81 1280/3766/32 1755/5128/33
f 163/503/81 1755/5128/33 208/659/82
f 1329/3905/83 208/659/82 1755/5128/33
f 2030/5725/84 1376/4058/47 1320/3876/61
f 1320/3876/61 1123/3285/56 1360/4009/54
f 2017/5693/85 2030/5725/84 1360/4009/54
f 2041/5755/86 2017/5694/85 2040/5751/87
f 2040/5752/87 1900/5441/88 2041/5755/86
f 2041/5755/86 2027/5718/89 2024/5712/90
f 2030/5725/84 2024/5712/90 1376/4058/47
f 1376/4058/47 2024/5712/90 1391/4097/91
f 1391/4097/91 1375/4054/41 1376/4058/47
f 1360/4009/54 2030/5725/84 1320/3876/61
f 2030/5725/84 2017/5694/85 2041/5755/86
f 2041/5755/86 2024/5712/90 2030/5725/84
f 1841/5314/49 1779/5181/25 1525/4497/37
f 1635/4804/92 1450/4269/50 1816/5256/39
f 1816/5256/39 1450/4269/50 1884/5400/35
f 1884/5400/35 1450/4269/50 1525/4497/37
f 1525/4497/37 1779/5182/25 1554/4584/48
f 1525/4497/37 1554/4584/48 1635/4804/92
f 1817/5258/43 1450/4270/50 1635/4804/92
f 1635/4804/92 1554/4584/48 1759/5140/38
f 1635/4804/92 1759/5140/38 1817/5258/43
f 1759/5140/38 1554/4584/48 1450/4270/50
f 1428/4205/40 1759/5140/38 1450/4270/50
f 1428/4205/40 1450/4270/50 1817/5258/43
f 1635/4804/92 1816/5256/39 1525/4497/37
f 1450/4271/50 1554/4585/48 1512/4455/42
f 1561/4602/44 1512/4454/42 1496/4412/93
f 1561/4602/44 1496/4412/93 1693/4971/94
f 1496/4412/93 1531/4519/45 1594/4695/46
f 1954/5563/17 1693/4971/94 1508/4442/18
f 1594/4695/46 1508/4442/18 1693/4971/94
f 1594/4695/46 1693/4971/94 1496/4412/93
f 1973/5602/26 1641/4814/19 1508/4443/18
f 1496/4412/93 1973/5602/26 1508/4443/18
f 1496/4412/93 1508/4443/18 1531/4519/45
f 1807/5237/27 1973/5602/26 1496/4412/93
f 1512/4454/42 1554/4586/48 1807/5237/27
f 1755/5129/33 1508/4444/18 1847/5325/95
f 1329/3906/83 1755/5129/33 1847/5325/95
f 1781/5185/96 1508/4444/18 1594/4696/46
f 1781/5185/96 1847/5325/95 1508/4444/18
f 1594/4696/46 1561/4603/44 1781/5185/96
f 1650/4840/97 1781/5185/96 1561/4603/44
f 1484/4375/98 1781/5185/96 1650/4840/97
f 208/660/82 1329/3907/83 1119/3276/99
s 0
f 145/451/100 208/660/101 1119/3276/102
s 1
f 208/660/82 145/451/103 43/132/104
f 189/589/105 43/132/104 400/1247/106
s 0
f 105/320/107 189/589/108 400/1247/109
s 1
f 400/1247/106 293/922/110 321/997/111
f 379/1185/112 293/922/110 400/1247/106
f 379/1185/112 400/1247/106 285/904/113
f 285/904/113 400/1247/106 145/451/103
f 145/451/103 1211/3557/114 285/904/113
f 45/139/115 1211/3557/114 145/451/103
f 1211/3557/114 286/906/116 285/904/113
f 286/906/116 1211/3557/114 1686/4946/117
f 45/139/115 145/451/103 1686/4947/117
f 1119/3276/99 1604/4721/118 1686/4947/117
f 1329/3907/83 1847/5326/95 1119/3276/99
f 1119/3276/99 1847/5326/95 1604/4721/118
f 1604/4721/118 1847/5326/95 1585/4666/119
f 145/451/103 1119/3276/99 1686/4947/117
f 131/413/20 1686/4948/117 1784/5192/21
f 1892/5420/120 1954/5564/17 1784/5192/21
f 1954/5564/17 1892/5419/120 1585/4667/119
f 45/140/115 131/413/20 369/1154/121
s 0
f 369/1154/122 131/413/123 127/407/124
s 1
f 369/1154/121 127/407/78 1167/3422/79
f 1222/3592/125 369/1154/121 1167/3422/79
s 0
f 52/161/126 142/436/127 382/1194/128
s 1
f 1167/3422/79 382/1194/80 1222/3592/125
f 45/140/115 369/1154/121 1222/3592/125
f 382/1194/80 1260/3711/129 1222/3592/125
f 1246/3670/130 1222/3592/125 1260/3711/129
f 1784/5192/21 1686/4948/117 1892/5420/120
f 131/413/20 45/140/115 1686/4948/117
f 43/132/104 145/451/103 400/1247/106
f 286/906/116 427/1342/131 285/904/113
f 427/1342/131 463/1465/132 285/904/113
f 285/904/113 463/1465/132 321/998/111
f 293/922/110 285/904/113 321/998/111
f 285/904/113 293/922/110 448/1409/133
f 448/1409/133 293/922/110 379/1185/112
f 133/416/134 163/504/81 43/134/104
f 163/504/81 338/1069/69 251/779/7
f 279/885/135 163/504/81 301/946/136
f 213/678/65 279/885/135 1320/3877/61
f 1320/3877/61 279/885/135 301/946/136
f 133/416/134 189/590/105 301/946/136
f 189/590/105 133/416/134 43/133/104
f 163/504/81 208/661/82 43/134/104
f 338/1069/69 163/504/81 279/885/135
f 279/885/135 259/808/137 57/175/67
f 279/885/135 57/175/67 338/1069/69
f 126/405/8 259/808/137 279/885/135
f 71/209/31 251/779/7 338/1069/69
f 163/504/81 133/416/134 301/946/136
f 1208/3548/138 301/946/136 189/590/105
f 301/946/136 296/931/139 1320/3877/61
f 1391/4098/91 1428/4206/40 1375/4055/41
f 1428/4206/40 1391/4098/91 1797/5220/140
s 0
f 1391/4098/141 2024/5713/142 1797/5220/143
s 1
f 1942/5535/144 1484/4376/98 1797/5220/140
f 1484/4376/98 1650/4841/97 1797/5220/140
f 1797/5220/140 1650/4841/97 1428/4206/40
f 1512/4453/42 1428/4206/40 1650/4841/97
f 2024/5713/90 1942/5536/144 1797/5220/140
f 1807/5237/27 1496/4412/93 1512/4454/42
f 1975/5605/145 1607/4731/146 1447/4254/147
f 1607/4731/146 1333/3920/148 1447/4254/147
f 1333/3920/148 1611/4743/149 1447/4254/147
f 1447/4254/147 1770/5161/150 1427/4200/151
f 1561/4604/44 1693/4972/94 1447/4254/147
f 1447/4254/147 1693/4972/94 1975/5605/145
f 1148/3356/70 302/949/66 291/919/63
f 1288/3784/55 1148/3356/70 291/919/63
f 1288/3784/55 291/919/63 1199/3517/64
f 1148/3356/70 1288/3784/55 1123/3286/56
f 1148/3356/70 54/166/152 1215/3571/75
f 1650/4842/97 1561/4605/44 1447/4255/147
f 1512/4455/42 1650/4842/97 1447/4255/147
f 1512/4455/42 1447/4255/147 1901/5445/57
f 1512/4455/42 1901/5445/57 1450/4271/50
f 2001/5659/153 1668/4900/154 1386/4087/155
f 1605/4724/156 1386/4087/155 1668/4900/154
f 1605/4724/156 1668/4900/154 1424/4193/157
f 2001/5659/153 1901/5446/57 1668/4900/154
f 1668/4900/154 1901/5446/57 1523/4486/158
f 2017/5695/85 1360/4010/54 2001/5659/153
f 2024/5714/90 2027/5719/89 1942/5537/144
f 2041/5756/86 1900/5442/88 2027/5719/89
f 1386/4088/155 2017/5696/85 2001/5660/153
f 2040/5753/87 2017/5696/85 1386/4088/155
f 1205/3540/159 1123/3287/56 1180/3457/160
f 1123/3287/56 1205/3540/159 54/167/152
f 54/167/152 1205/3540/159 111/340/161
f 1180/3457/160 1139/3329/162 111/340/161
f 1180/3457/160 111/340/161 120/373/163
f 120/373/163 111/340/161 1205/3540/159
f 1148/3357/70 1123/3287/56 54/167/152
f 124/389/164 252/780/165 111/340/161
f 54/167/152 111/340/161 252/780/165
f 1123/3287/56 1320/3878/61 296/932/139
f 74/219/166 1123/3287/56 296/932/139
f 1180/3457/160 1123/3287/56 74/219/166
f 1180/3457/160 74/219/166 242/750/167
f 36/107/168 74/219/166 151/464/169
f 151/464/169 1069/3138/170 478/1511/171
f 151/464/169 478/1511/171 36/107/168
s 0
f 252/780/172 91/267/173 54/167/174
s 1
f 1215/3572/75 1248/3677/175 1196/3511/176
f 1215/3572/75 54/167/152 91/267/177
f 91/267/177 1248/3677/175 1215/3572/75
f 142/437/77 1215/3572/75 1235/3641/178
f 1235/3641/178 55/168/179 142/437/77
f 1235/3641/178 1215/3572/75 1196/3511/176
f 1234/3631/180 1235/3641/178 1196/3511/176
f 1234/3631/180 1196/3511/176 1248/3678/175
f 1234/3631/180 1248/3678/175 174/542/181
f 1234/3631/180 174/542/181 1150/3361/182
f 242/750/167 74/219/166 36/107/168
f 859/2539/183 36/107/168 478/1511/171
f 1781/5186/96 1484/4377/98 1470/4323/184
f 1823/5270/185 1484/4377/98 1480/4356/186
f 1823/5270/185 1470/4323/184 1484/4377/98
f 1905/5456/187 1781/5186/96 1470/4323/184
f 301/947/136 1208/3549/138 296/933/139
f 296/933/139 1208/3549/138 1194/3503/188
f 276/874/189 74/218/166 296/933/139
f 124/390/164 276/874/189 352/1106/190
f 352/1106/190 276/874/189 296/933/139
f 176/547/191 124/390/164 368/1151/192
f 368/1151/192 124/390/164 352/1106/190
f 91/268/177 252/781/165 296/933/139
f 1194/3503/188 240/744/193 91/268/177
f 1194/3503/188 91/268/177 296/933/139
f 1194/3503/188 1208/3549/138 1151/3365/194
f 1115/3258/195 1210/3554/196 1247/3675/197
f 1115/3258/195 1247/3675/197 1208/3549/138
f 1247/3675/197 1170/3429/198 1208/3549/138
f 1208/3549/138 1170/3429/198 1210/3554/196
f 1210/3554/196 1115/3258/195 1234/3632/180
f 1210/3554/196 1151/3365/194 1208/3549/138
f 414/1303/199 91/268/177 240/744/193
f 252/781/165 352/1106/190 296/933/139
f 1427/4201/151 1523/4487/158 1901/5447/57
f 1427/4201/151 1901/5447/57 1447/4256/147
f 1770/5162/150 1447/4257/147 1611/4744/149
f 1770/5162/150 1563/4608/200 1427/4201/151
f 1611/4744/149 1333/3921/148 1770/5162/150
f 1370/4037/201 1770/5162/150 1333/3921/148
f 1563/4608/200 1770/5162/150 1738/5085/202
f 1563/4608/200 1652/4845/203 1427/4201/151
f 1480/4357/186 1942/5538/144 1477/4345/204
f 1942/5538/144 1480/4357/186 1484/4378/98
f 1962/5579/205 1683/4934/206 1480/4358/186
f 1477/4346/204 2016/5690/207 1480/4358/186
f 1738/5086/202 1823/5271/185 1683/4934/206
s 0
f 1683/4934/208 1823/5271/209 1480/4358/210
s 1
f 407/1279/9 251/778/7 259/810/137
f 259/810/137 239/742/62 407/1279/9
f 213/678/65 126/405/8 279/885/135
f 259/808/137 126/405/8 239/743/62
f 71/209/31 259/809/137 251/779/7
f 259/810/137 71/210/31 57/176/67
f 1069/3138/170 151/464/169 170/529/211
f 151/464/169 74/219/166 170/529/211
f 170/530/211 692/2110/212 1063/3117/213
f 692/2110/212 993/2889/214 1086/3181/215
f 993/2889/214 692/2110/212 559/1724/216
f 559/1724/216 692/2110/212 276/875/189
f 1063/3117/213 692/2110/212 1086/3181/215
f 1076/3155/217 1096/3206/218 1086/3181/215
f 74/220/166 276/875/189 170/530/211
f 170/530/211 276/875/189 692/2110/212
f 170/530/211 1063/3117/213 1069/3139/170
f 1092/3196/219 1069/3139/170 1063/3117/213
f 1092/3196/219 1063/3117/213 1096/3206/218
f 1096/3206/218 1076/3156/217 1073/3148/220
f 1092/3196/219 1073/3148/220 859/2540/183
f 1096/3206/218 1063/3117/213 1086/3181/215
f 1073/3148/220 1092/3196/219 1096/3206/218
f 1208/3550/138 189/591/105 105/321/221
f 105/321/221 1170/3430/198 1115/3259/195
f 105/321/221 1115/3259/195 1208/3550/138
f 1170/3430/198 105/322/221 1187/3478/222
f 1170/3430/198 1187/3478/222 1210/3555/196
f 1256/3702/223 1170/3430/198 1247/3676/197
f 1256/3702/223 1247/3676/197 1210/3555/196
f 1256/3702/223 1210/3555/196 1187/3478/222
f 1170/3430/198 1256/3702/223 1115/3259/195
f 933/2727/224 478/1512/171 1069/3140/170
f 1069/3140/170 1092/3197/219 1075/3153/225
f 1092/3197/219 859/2541/183 603/1871/226
f 1075/3153/225 647/1985/227 1069/3140/170
f 933/2727/224 1069/3140/170 647/1985/227
f 739/2237/228 603/1872/226 859/2542/183
f 739/2237/228 859/2542/183 933/2727/224
f 859/2542/183 478/1512/171 933/2727/224
f 993/2890/214 559/1725/216 651/1997/229
f 993/2890/214 651/1997/229 653/2004/230
f 1086/3182/215 1046/3061/231 1090/3192/232
f 1091/3194/233 947/2761/234 1072/3145/235
f 1072/3145/235 1076/3157/217 1086/3182/215
f 1090/3192/232 1091/3194/233 1072/3145/235
f 1090/3192/232 1072/3145/235 1086/3182/215
f 993/2890/214 653/2004/230 1046/3060/231
f 1046/3061/231 1086/3182/215 993/2890/214
f 124/391/164 559/1726/216 276/876/189
f 559/1726/216 124/391/164 487/1529/236
f 651/1998/229 559/1726/216 658/2018/237
f 1072/3146/235 947/2762/234 487/1529/236
f 559/1726/216 487/1529/236 658/2018/237
f 947/2762/234 658/2018/237 487/1529/236
f 124/391/164 36/108/168 495/1552/238
f 124/391/164 495/1552/238 487/1529/236
f 1072/3146/235 487/1529/236 495/1553/238
f 120/374/163 124/392/164 176/548/191
f 120/374/163 176/548/191 102/307/239
f 36/109/168 124/393/164 393/1227/240
f 176/549/191 368/1152/192 393/1227/240
f 393/1227/240 368/1152/192 252/782/165
f 368/1152/192 81/239/241 252/782/165
f 368/1152/192 352/1107/190 102/308/239
f 81/239/241 352/1107/190 252/782/165
f 252/782/165 414/1304/199 393/1227/240
f 240/745/193 393/1227/240 414/1304/199
f 252/783/165 124/394/164 1180/3458/160
f 252/783/165 1180/3458/160 317/989/242
f 414/1305/199 252/783/165 317/989/242
f 317/989/242 1180/3458/160 120/375/163
f 317/989/242 120/375/163 81/240/241
f 352/1108/190 81/240/241 120/375/163
f 352/1108/190 120/375/163 102/309/239
f 368/1153/192 102/309/239 81/240/241
f 317/989/242 102/309/239 135/419/243
f 414/1305/199 317/989/242 135/419/243
f 1205/3541/159 124/395/164 120/376/163
f 124/395/164 1205/3541/159 1180/3459/160
f 393/1228/240 102/309/239 176/550/191
f 102/309/239 393/1228/240 124/396/164
f 81/240/241 102/309/239 317/989/242
f 1139/3330/162 124/396/164 111/341/161
f 1194/3504/188 1234/3633/180 166/510/244
f 357/1116/245 166/510/244 1234/3633/180
f 1151/3366/194 1210/3556/196 1234/3633/180
f 1234/3633/180 1187/3479/222 35/104/246
f 1256/3703/223 1187/3479/222 1234/3633/180
f 1234/3633/180 1115/3260/195 1256/3703/223
f 1892/5421/120 1686/4949/117 1585/4668/119
f 1954/5565/17 1585/4668/119 1808/5238/247
f 1808/5238/248 1610/4738/249 1464/4305/250
f 1607/4732/146 1808/5238/248 1464/4305/250
s 0
f 1693/4973/251 1808/5238/251 1607/4732/252
s 1
f 1693/4973/94 1954/5565/17 1808/5238/247
f 1693/4973/94 1607/4732/146 1975/5606/145
f 1933/5518/253 1952/5557/254 1464/4305/250
f 1585/4669/119 1847/5327/95 1808/5239/247
f 1821/5265/255 1610/4739/249 1808/5239/248
f 1540/4539/256 1610/4739/249 1821/5265/255
s 0
f 1905/5457/257 1821/5265/258 1781/5187/259
s 1
f 1847/5327/95 1781/5187/96 1808/5239/247
s 0
f 1808/5239/260 1781/5187/261 1821/5265/262
s 1
f 382/1194/80 1167/3422/79 109/338/73
f 1222/3592/125 1246/3670/130 45/140/115
f 45/140/115 1246/3670/130 1211/3558/114
f 1610/4740/249 1957/5571/263 1604/4722/118
f 1604/4722/118 1585/4670/119 1610/4740/249
f 1542/4543/264 1604/4722/118 1957/5571/263
f 1806/5234/265 1544/4549/266 1361/4011/267
s 0
f 1806/5234/268 1542/4543/269 1957/5571/270
s 1
f 1806/5234/265 1663/4875/271 1544/4549/266
f 1957/5571/263 1663/4875/271 1806/5234/265
f 1585/4671/119 1915/5481/272 1610/4741/249
f 1464/4306/250 1610/4741/249 1796/5219/273
f 1610/4741/249 1915/5481/272 1796/5219/273
f 1464/4306/250 1796/5219/273 1576/4639/274
f 1801/5224/275 1933/5519/253 1464/4306/250
f 1464/4306/250 1576/4639/274 1801/5224/275
f 1598/4708/276 1801/5224/275 1576/4639/274
f 1576/4639/274 1467/4315/277 1598/4708/276
f 1769/5160/278 1467/4315/277 1576/4639/274
f 1769/5160/278 1576/4639/274 1796/5219/273
f 1915/5481/272 1585/4671/119 1686/4950/117
f 1915/5481/272 1686/4950/117 1467/4315/277
f 1915/5481/272 1467/4315/277 1769/5160/278
s 0
f 1467/4314/279 1686/4950/280 319/994/281
f 1301/3823/282 1467/4315/283 323/1006/284
s 1
f 377/1179/285 212/670/286 286/907/116
f 1686/4951/117 1542/4544/264 286/907/116
f 286/907/116 1542/4544/264 377/1179/285
f 1542/4544/264 1686/4951/117 1604/4723/118
f 1542/4544/264 1806/5235/265 1361/4012/267
f 1542/4544/264 1361/4012/267 377/1179/285
f 448/1411/133 379/1186/112 321/999/111
f 1246/3671/130 379/1186/112 319/995/287
f 319/995/287 1211/3559/114 1246/3671/130
f 319/995/287 379/1186/112 285/905/113
f 319/995/287 448/1411/133 545/1698/288
f 545/1698/288 448/1410/133 630/1941/289
f 545/1698/288 630/1941/289 976/2843/290
s 0
f 319/995/291 1686/4952/292 1211/3559/293
f 323/1007/294 1467/4316/295 319/995/296
s 1
f 319/995/287 545/1698/288 323/1007/297
f 277/877/298 323/1007/297 432/1355/299
f 323/1007/297 277/877/298 1301/3824/300
f 277/877/298 212/671/286 1301/3824/300
f 1301/3824/300 212/671/286 377/1180/285
f 976/2843/290 715/2173/301 323/1007/297
f 545/1698/288 976/2843/290 323/1007/297
f 323/1007/297 212/672/286 432/1355/299
f 323/1007/297 576/1775/302 489/1532/303
f 489/1532/303 557/1721/304 432/1356/299
f 489/1532/303 636/1959/305 690/2105/306
f 636/1959/305 576/1775/302 639/1968/307
f 576/1775/302 323/1007/297 715/2173/301
f 576/1775/302 636/1959/305 489/1532/303
f 319/995/287 285/905/113 448/1411/133
f 321/999/111 463/1466/132 448/1411/133
f 286/908/116 633/1949/308 427/1343/131
f 427/1343/131 633/1949/308 463/1467/132
f 633/1949/308 547/1704/309 463/1467/132
f 547/1704/309 874/2580/310 888/2622/311
f 547/1704/309 512/1600/312 538/1671/313
f 512/1600/312 547/1704/309 633/1949/308
f 547/1704/309 538/1671/313 540/1676/314
f 540/1676/314 874/2580/310 547/1704/309
f 888/2622/311 463/1467/132 547/1704/309
f 633/1949/308 540/1676/314 512/1600/312
f 212/673/286 792/2378/315 286/909/116
s 0
f 633/1950/316 286/909/317 792/2378/318
s 1
f 781/2353/319 633/1950/308 792/2378/315
f 540/1677/314 633/1950/308 781/2353/319
f 489/1533/303 540/1677/314 781/2353/319
f 639/1969/307 489/1533/303 781/2353/319
f 639/1969/307 781/2353/319 867/2559/320
f 715/2174/301 792/2378/315 639/1969/307
f 792/2378/315 715/2174/301 867/2559/320
f 867/2559/320 781/2353/319 792/2378/315
f 630/1942/289 448/1412/133 463/1469/132
f 512/1601/312 540/1678/314 588/1809/321
f 538/1672/313 512/1601/312 637/1963/322
f 588/1809/321 630/1942/289 512/1601/312
f 463/1469/132 512/1601/312 630/1942/289
f 1957/5572/263 1610/4742/249 1540/4540/256
f 1804/5228/323 1912/5472/324 1540/4540/256
f 1540/4540/256 1663/4876/271 1957/5572/263
f 1540/4540/256 1912/5472/324 1663/4877/271
f 1796/5219/273 1915/5481/272 1769/5160/278
f 1993/5636/325 1933/5519/253 1801/5224/275
f 1821/5266/255 1640/4812/326 1540/4541/256
f 1804/5229/323 1540/4541/256 1640/4812/326
f 2010/5680/327 1804/5229/323 1988/5626/328
f 1804/5229/323 2010/5680/327 1912/5473/324
f 1912/5474/324 2010/5680/327 1844/5319/329
f 1905/5458/187 1470/4324/184 1640/4812/326
f 1640/4812/326 1470/4324/184 1835/5301/330
f 1835/5301/330 1988/5626/328 1640/4812/326
f 2010/5680/327 1988/5626/328 1844/5319/329
f 1470/4324/184 1823/5272/185 1835/5301/330
f 1835/5301/330 1883/5398/331 1988/5626/328
f 1988/5626/328 1883/5398/331 1340/3940/332
f 1340/3940/332 1883/5398/331 1370/4038/201
f 1370/4038/201 1883/5398/331 1738/5087/202
f 1835/5301/330 1823/5272/185 1883/5398/331
f 1738/5087/202 1883/5398/331 1823/5272/185
f 1821/5266/255 1905/5458/187 1640/4812/326
f 1804/5229/323 1640/4812/326 1988/5626/328
f 1333/3922/148 1607/4733/146 1341/3944/333
f 1607/4733/146 1464/4307/250 1341/3944/333
f 1333/3923/148 1341/3945/333 1260/3712/129
f 1333/3923/148 1260/3712/129 55/169/179
f 1260/3712/129 382/1195/80 142/438/77
f 142/438/77 55/169/179 1260/3712/129
f 1333/3923/148 55/169/179 1321/3879/334
f 1321/3879/334 55/169/179 358/1122/335
f 78/230/336 55/169/179 1235/3642/178
f 1234/3634/180 1153/3369/337 78/230/336
f 78/230/336 1235/3642/178 1234/3634/180
f 1333/3923/148 1321/3879/334 1592/4689/338
f 1341/3946/333 1464/4308/250 1952/5558/254
f 1952/5558/254 1933/5520/253 1993/5637/325
f 1952/5558/254 1993/5637/325 1815/5254/339
f 1458/4288/340 1952/5558/254 1815/5254/339
f 1458/4288/340 1738/5088/202 1340/3941/332
f 1815/5254/339 1451/4272/341 1458/4288/340
f 1681/4930/342 1451/4272/341 1815/5254/339
f 1993/5637/325 1681/4930/342 1815/5254/339
s 0
f 1681/4930/343 1993/5637/344 1801/5225/345
s 1
f 1407/4143/346 1681/4930/342 1397/4114/347
f 1341/3946/333 1952/5558/254 1260/3713/129
f 1260/3713/129 1952/5558/254 356/1113/348
f 1952/5558/254 1340/3941/332 356/1113/348
f 1340/3941/332 1952/5558/254 1458/4288/340
f 1397/4114/347 1801/5225/275 1598/4709/276
f 1801/5225/275 1397/4114/347 1681/4930/342
f 1397/4114/347 1549/4566/349 1407/4143/346
f 1612/4745/350 1458/4288/340 1451/4272/341
f 1612/4745/350 1563/4609/200 1458/4288/340
f 1652/4846/203 1563/4609/200 1612/4745/350
f 379/1186/112 1246/3671/130 44/135/351
f 1246/3672/130 1287/3781/352 44/136/351
f 1246/3672/130 1192/3493/353 1287/3781/352
f 44/136/351 1287/3781/352 196/617/354
f 275/868/355 1192/3493/353 1246/3672/130
f 275/868/355 321/1000/111 44/137/351
f 44/137/351 196/618/354 275/868/355
f 184/575/356 1260/3714/129 356/1114/348
f 184/575/356 321/1002/111 1246/3673/130
f 184/575/356 1246/3673/130 1260/3714/129
f 321/1001/111 379/1187/112 44/138/351
f 1246/3674/130 321/1001/111 275/869/355
f 105/323/221 400/1248/106 321/1002/111
f 105/323/221 321/1002/111 184/575/356
f 105/323/221 184/575/356 416/1309/357
f 416/1309/357 184/575/356 465/1476/358
f 465/1476/358 184/575/356 356/1114/348
f 264/827/359 833/2476/360 356/1114/348
f 463/1468/132 416/1309/357 465/1476/358
f 465/1476/358 356/1114/348 833/2476/360
f 1043/3048/361 1027/2995/362 833/2476/360
f 1027/2995/362 465/1476/358 833/2476/360
f 512/1601/312 463/1469/132 637/1963/322
f 416/1310/357 463/1470/132 653/2005/230
f 653/2005/230 651/1999/229 416/1310/357
f 888/2623/311 653/2005/230 463/1470/132
f 833/2477/360 1046/3062/231 653/2005/230
f 1090/3193/232 1046/3062/231 1091/3195/233
f 1046/3062/231 878/2594/363 1091/3195/233
f 833/2477/360 878/2594/363 1046/3062/231
f 878/2594/363 973/2837/364 1091/3195/233
f 973/2837/364 947/2763/234 1091/3195/233
f 947/2763/234 973/2837/364 528/1641/365
f 528/1641/365 906/2670/366 947/2763/234
f 463/1471/132 465/1477/358 637/1962/322
s 0
f 637/1962/367 1027/2996/368 1003/2921/369
f 465/1477/370 1027/2996/371 637/1962/372
s 1
f 1003/2921/373 735/2225/374 637/1962/322
f 735/2225/374 819/2439/375 525/1634/376
f 1361/4013/267 1544/4550/266 2019/5701/377
f 1544/4550/266 1992/5634/378 2019/5701/377
f 1544/4550/266 1663/4878/271 1688/4955/379
f 1287/3782/352 1301/3825/300 196/619/354
f 1192/3494/353 168/519/380 1301/3825/300
f 1287/3782/352 1192/3494/353 1301/3825/300
f 1301/3825/300 377/1181/285 196/619/354
f 377/1181/285 277/878/298 196/619/354
f 196/619/354 277/878/298 432/1357/299
f 1192/3495/353 196/620/354 168/520/380
f 255/789/381 1232/3622/382 275/870/355
f 275/870/355 1232/3622/382 1192/3496/353
f 976/2844/290 630/1943/289 715/2175/301
f 715/2175/301 630/1943/289 588/1810/321
f 576/1776/302 715/2175/301 639/1970/307
f 715/2175/301 588/1810/321 867/2560/320
f 636/1960/305 639/1971/307 540/1679/314
f 639/1971/307 867/2560/320 540/1679/314
f 540/1679/314 867/2560/320 588/1810/321
f 212/674/286 323/1008/297 639/1972/307
f 792/2379/315 212/674/286 639/1972/307
f 489/1534/303 639/1972/307 323/1008/297
f 489/1534/303 212/675/286 939/2743/383
f 939/2743/383 212/675/286 334/1046/384
f 735/2224/374 538/1672/313 637/1963/322
f 735/2224/374 540/1680/314 538/1672/313
f 1043/3049/361 833/2478/360 653/2006/230
f 888/2624/311 1043/3049/361 653/2006/230
f 1048/3067/385 1043/3049/361 888/2624/311
s 0
f 888/2624/386 1024/2983/387 1048/3067/388
s 1
f 1024/2983/389 1027/2997/362 1048/3067/385
f 1024/2983/389 1003/2918/390 1027/2997/362
f 1027/2997/362 988/2874/391 1048/3067/385
s 0
f 874/2581/392 1024/2983/393 888/2624/394
s 1
f 874/2582/310 764/2306/395 1024/2983/389
f 764/2306/395 896/2644/396 1024/2983/389
f 565/1739/397 896/2644/396 764/2306/395
f 896/2644/396 565/1739/397 623/1919/398
f 1024/2983/389 896/2644/396 1003/2918/390
f 829/2457/399 1003/2918/390 896/2644/396
f 1704/4999/400 1370/4039/201 1556/4590/401
f 1704/4999/400 1556/4590/401 1676/4920/402
f 1370/4039/201 1717/5032/403 1556/4590/401
f 1676/4920/402 1556/4590/401 1577/4640/404
f 1676/4920/402 1577/4640/404 1675/4918/405
f 1577/4640/404 1556/4590/401 1691/4962/406
f 1675/4918/405 1577/4640/404 1704/4999/400
f 1333/3924/148 1717/5032/403 1370/4039/201
f 1792/5210/407 1717/5033/403 1517/4464/408
f 1792/5210/407 1517/4464/408 1705/5003/409
f 1826/5277/410 1717/5033/403 1792/5210/407
f 1717/5033/403 1826/5277/410 1704/5000/400
f 1691/4963/406 1370/4040/201 1577/4641/404
f 1826/5278/410 1691/4963/406 1704/5000/400
f 1321/3880/334 1792/5211/407 1460/4295/411
f 1387/4091/412 1460/4295/411 1792/5211/407
f 1387/4091/412 1792/5211/407 1691/4964/406
f 1691/4964/406 1792/5211/407 1705/5004/409
f 1705/5004/409 1717/5034/403 1691/4964/406
f 1691/4964/406 1717/5034/403 1460/4296/411
f 1705/5004/409 1592/4690/338 1717/5034/403
f 1717/5034/403 1592/4690/338 1517/4465/408
f 1333/3925/148 1592/4691/338 1460/4296/411
f 1333/3925/148 1460/4296/411 1717/5034/403
f 1460/4296/411 1592/4691/338 1705/5005/409
f 1691/4965/406 1826/5279/410 1387/4092/412
f 1460/4297/411 1387/4092/412 1437/4229/413
f 1437/4229/413 1691/4966/406 1460/4297/411
f 1792/5212/407 1321/3881/334 1826/5279/410
f 1826/5279/410 1321/3881/334 1387/4092/412
f 1556/4591/401 1675/4919/405 1691/4967/406
f 1675/4919/405 1556/4591/401 1717/5035/403
f 1675/4919/405 1717/5035/403 1676/4921/402
f 1676/4921/402 1717/5035/403 1704/5001/400
f 1691/4967/406 1675/4919/405 1704/5001/400
f 1517/4466/408 1592/4692/338 1321/3882/334
f 1321/3882/334 1460/4298/411 1517/4466/408
f 1517/4466/408 1460/4298/411 1705/5006/409
f 1738/5089/202 1683/4935/206 1493/4402/414
f 1683/4935/206 1962/5580/205 1493/4402/414
f 1370/4041/201 1738/5090/202 1770/5163/150
f 1738/5090/202 1458/4289/340 1563/4610/200
f 1370/4042/201 1704/5002/400 1577/4642/404
f 1370/4042/201 1437/4228/413 1153/3370/337
f 66/194/415 78/231/336 1153/3370/337
f 1370/4042/201 1691/4968/406 1437/4228/413
f 1285/3777/416 1303/3829/417 1234/3635/180
f 1318/3869/418 1153/3371/337 1234/3636/180
f 1312/3854/419 1234/3636/180 1311/3852/420
f 1234/3636/180 1105/3229/421 1311/3852/420
f 1105/3229/421 1234/3636/180 1310/3850/422
f 1311/3852/420 1105/3229/421 1324/3891/423
f 1310/3850/422 1234/3636/180 1322/3884/424
f 1322/3884/424 1234/3636/180 1303/3830/417
f 1312/3854/419 1311/3852/420 1153/3372/337
f 1324/3892/423 1312/3854/419 357/1117/245
f 1312/3854/419 1153/3372/337 357/1117/245
f 35/105/246 1285/3778/416 1234/3637/180
f 1285/3778/416 1322/3885/424 357/1118/245
f 357/1118/245 1322/3885/424 1105/3230/421
f 1322/3885/424 1285/3778/416 1310/3851/422
f 1105/3230/421 1310/3851/422 357/1118/245
f 357/1118/245 1310/3851/422 1324/3893/423
f 1324/3893/423 1310/3851/422 1311/3853/420
f 1311/3853/420 1310/3851/422 1285/3778/416
f 1311/3853/420 1285/3778/416 1153/3373/337
f 1153/3373/337 1285/3778/416 35/105/246
f 35/105/246 396/1237/425 1153/3373/337
f 105/324/221 436/1370/426 35/105/246
f 105/324/221 416/1311/357 436/1370/426
f 105/324/221 35/105/246 1187/3480/222
f 357/1119/245 1234/3638/180 1150/3362/182
f 1153/3374/337 443/1393/427 357/1119/245
f 1131/3306/428 443/1393/427 1153/3375/337
s 0
f 1302/3827/429 1131/3306/430 1153/3375/431
s 1
f 1290/3788/432 1131/3306/428 396/1238/425
f 1131/3306/428 1302/3827/433 396/1238/425
f 1290/3789/432 1302/3827/433 1153/3375/337
f 1150/3362/182 1285/3779/416 357/1119/245
f 1285/3779/416 1150/3362/182 1303/3831/417
f 1303/3832/417 1150/3363/182 1105/3231/421
f 1303/3832/417 1105/3231/421 1322/3886/424
f 1324/3894/423 1105/3231/421 1312/3855/419
f 1105/3231/421 1318/3870/418 1312/3855/419
f 1318/3870/418 1105/3231/421 219/690/434
f 1290/3790/432 1188/3481/435 1131/3307/428
f 199/629/436 443/1394/427 1131/3307/428
f 1290/3790/432 1153/3376/337 1318/3870/418
f 1318/3870/418 1234/3639/180 1312/3855/419
f 356/1115/348 1340/3942/332 264/828/359
f 264/828/359 1340/3942/332 1290/3791/432
f 1290/3791/432 1340/3942/332 1302/3828/433
f 396/1239/425 1302/3828/433 1340/3942/332
f 1340/3942/332 1370/4043/201 1153/3377/337
f 1153/3377/337 396/1239/425 1340/3942/332
f 1988/5627/328 1493/4403/414 1497/4413/437
f 1988/5627/328 1497/4413/437 1844/5320/329
f 1493/4403/414 1988/5627/328 1340/3943/332
f 1493/4403/414 1340/3943/332 1738/5091/202
f 66/195/415 1321/3883/334 358/1123/335
f 1321/3883/334 66/195/415 1387/4092/412
f 66/195/415 1153/3378/337 1437/4229/413
f 1387/4092/412 66/195/415 1437/4229/413
f 264/829/359 1290/3792/432 396/1240/425
f 833/2479/360 264/829/359 878/2595/363
f 528/1642/365 436/1372/426 906/2672/366
f 528/1642/365 878/2595/363 264/829/359
f 436/1372/426 528/1642/365 264/829/359
f 436/1372/426 264/829/359 396/1240/425
f 436/1372/426 396/1240/425 35/106/246
f 906/2672/366 436/1372/426 777/2342/438
f 1410/4155/439 1912/5475/324 1494/4405/440
f 1844/5321/329 1494/4405/440 1912/5475/324
f 358/1124/335 55/170/179 78/232/336
f 647/1986/227 1075/3154/225 603/1873/226
f 933/2728/224 647/1986/227 358/1124/335
f 603/1873/226 1075/3154/225 1092/3198/219
f 739/2238/228 933/2729/224 78/233/336
f 739/2238/228 78/233/336 66/196/415
f 66/196/415 603/1873/226 739/2238/228
f 358/1124/335 647/1986/227 66/196/415
f 603/1873/226 66/196/415 647/1986/227
f 416/1312/357 651/2000/229 658/2019/237
f 436/1371/426 416/1312/357 658/2019/237
f 519/1619/441 947/2764/234 829/2458/399
f 658/2019/237 947/2764/234 436/1371/426
f 519/1619/441 436/1371/426 947/2764/234
f 829/2458/399 947/2764/234 1043/3050/361
f 829/2458/399 1043/3050/361 1048/3068/385
f 1043/3050/361 947/2764/234 906/2671/366
f 1043/3050/361 906/2671/366 973/2838/364
f 1043/3050/361 973/2838/364 878/2596/363
f 878/2596/363 988/2875/391 1043/3050/361
f 1027/2998/362 1043/3050/361 988/2875/391
f 1048/3068/385 988/2876/391 1003/2919/390
f 1003/2919/390 829/2458/399 1048/3068/385
f 358/1125/335 78/233/336 933/2729/224
f 777/2342/438 436/1372/426 519/1620/441
f 507/1582/442 777/2342/438 519/1620/441
f 973/2839/364 906/2672/366 988/2877/391
f 988/2877/391 906/2672/366 777/2342/438
f 528/1643/365 973/2839/364 988/2877/391
f 528/1643/365 988/2877/391 878/2597/363
f 1003/2920/390 988/2877/391 777/2342/438
f 735/2225/374 1003/2921/373 819/2439/375
f 525/1634/376 819/2439/375 535/1663/443
s 0
f 777/2343/444 819/2439/445 1003/2921/446
s 1
f 613/1896/447 525/1634/376 535/1663/443
f 1900/5443/88 2040/5754/87 1386/4089/155
f 2027/5720/89 1900/5443/88 1942/5539/144
f 1114/3256/448 1942/5539/144 1900/5443/88
f 1114/3256/448 1684/4939/449 1942/5539/144
f 1684/4939/449 1114/3256/448 1812/5246/450
f 1900/5443/88 242/751/167 1114/3256/448
f 1386/4089/155 1180/3460/160 242/751/167
f 1386/4089/155 242/751/167 1900/5443/88
f 1644/4821/451 1812/5246/450 1694/4974/452
f 1644/4821/451 1694/4974/452 1918/5486/453
f 1812/5246/450 1114/3256/448 1694/4974/452
f 1694/4974/452 1114/3256/448 1953/5559/454
f 1910/5467/455 1694/4974/452 1991/5632/456
f 1991/5632/456 1694/4974/452 1953/5559/454
f 1991/5632/456 1953/5559/454 1848/5328/457
f 1991/5632/456 1848/5328/457 1618/4752/458
f 1848/5328/457 1953/5559/454 1956/5568/459
f 1956/5568/459 1953/5559/454 1627/4779/460
f 1956/5568/459 1627/4779/460 1923/5500/461
f 1356/3993/462 1953/5559/454 1114/3256/448
f 1356/3993/462 1114/3256/448 1281/3767/463
f 1198/3515/464 1424/4194/157 1356/3995/462
f 1684/4936/449 1356/3995/462 1424/4194/157
f 1812/5247/450 1356/3995/462 1684/4936/449
f 1618/4753/458 1812/5247/450 1918/5487/453
f 1812/5247/450 1618/4753/458 1356/3995/462
f 1918/5487/453 1812/5247/450 1601/4716/465
f 1601/4716/465 1812/5247/450 1644/4822/451
f 1424/4194/157 1523/4488/158 1684/4936/449
f 1180/3461/160 1386/4090/155 1198/3515/464
f 1424/4194/157 1198/3515/464 1605/4725/156
f 1605/4725/156 1198/3515/464 1386/4090/155
f 1523/4488/158 1424/4194/157 1668/4901/154
f 1506/4434/466 1356/3995/462 1627/4780/460
f 1139/3331/162 102/310/239 124/397/164
f 135/420/243 102/310/239 1139/3331/162
f 1198/3516/464 1139/3331/162 1180/3462/160
s 0
f 1281/3768/467 363/1138/468 1198/3516/469
s 1
f 1281/3768/463 1198/3516/464 1356/3994/462
f 1139/3331/162 1198/3516/464 1144/3343/470
f 1144/3343/470 135/420/243 1139/3331/162
f 414/1306/199 135/420/243 91/269/177
f 1248/3679/175 135/420/243 1144/3343/470
f 91/269/177 135/420/243 1248/3679/175
f 1144/3343/470 1198/3516/464 363/1138/471
f 1144/3343/470 363/1138/471 115/350/472
f 289/916/473 1173/3436/474 115/350/472
f 25/73/475 1173/3436/474 289/916/473
f 289/916/473 115/350/472 363/1138/471
f 1325/3895/476 1173/3436/474 25/73/475
f 289/916/473 363/1138/471 25/73/475
f 25/73/475 363/1138/471 1281/3768/477
f 82/241/478 1144/3343/470 115/350/472
f 1144/3343/470 82/241/478 1248/3679/175
f 82/241/478 115/350/472 6/19/479
f 82/241/478 6/19/479 1299/3819/480
f 14/42/481 6/19/479 67/197/482
f 14/42/481 67/197/482 1173/3436/474
s 0
f 67/197/483 6/19/484 115/350/485
s 1
f 67/197/482 115/350/472 1173/3436/474
f 36/110/168 393/1229/240 242/752/167
f 1114/3257/448 242/752/167 1152/3368/486
f 1152/3368/486 250/775/487 1114/3257/448
f 1114/3257/448 250/775/487 1281/3769/463
s 0
f 1281/3769/488 250/775/489 347/1092/490
s 1
f 25/74/475 1281/3769/477 347/1092/491
f 1116/3261/492 1352/3974/493 25/74/475
f 25/74/475 347/1092/491 1183/3469/494
f 25/74/475 1183/3469/494 1116/3261/492
f 1168/3423/495 1183/3469/494 69/200/496
f 347/1092/491 201/635/497 69/200/496
f 69/200/496 1183/3469/494 347/1092/491
s 0
f 250/775/498 281/892/499 347/1092/500
s 1
f 1152/3368/486 242/752/167 240/746/193
f 242/752/167 393/1229/240 240/746/193
f 1618/4753/458 1918/5487/453 1694/4975/452
f 1618/4753/458 1694/4975/452 1910/5468/455
f 1891/5416/501 1848/5329/457 1956/5569/459
f 1891/5416/501 1923/5501/461 1627/4780/460
f 1891/5416/501 1627/4780/460 1848/5329/457
f 1805/5230/502 1627/4780/460 1953/5560/454
f 1627/4780/460 1805/5231/502 1506/4434/466
f 1627/4780/460 1618/4753/458 1848/5329/457
f 1627/4780/460 1356/3995/462 1618/4753/458
f 1910/5469/455 1644/4824/451 1918/5488/453
f 1684/4937/449 1644/4824/451 1477/4348/204
f 1991/5633/456 1644/4824/451 1910/5469/455
f 1472/4326/503 1477/4348/204 1644/4824/451
f 1480/4359/186 2016/5691/207 1962/5581/205
f 1644/4823/451 1684/4938/449 1601/4717/465
f 1687/4953/504 1684/4938/449 1523/4489/158
f 1601/4717/465 1684/4938/449 1687/4953/504
f 1918/5489/453 1601/4717/465 1910/5470/455
f 1687/4953/504 1426/4198/505 1909/5466/506
f 1426/4198/505 1459/4290/507 1909/5466/506
s 0
f 1687/4953/508 1909/5466/509 1972/5600/510
s 1
f 1506/4435/466 1972/5600/511 1352/3976/493
f 1910/5470/455 1601/4717/465 1618/4754/458
f 1618/4754/458 1601/4717/465 1805/5232/502
f 1891/5417/501 1618/4754/458 1805/5232/502
f 1923/5502/461 1891/5417/501 1805/5232/502
f 1506/4435/466 1805/5232/502 1601/4717/465
f 1506/4435/466 1687/4953/504 1972/5600/511
f 1687/4953/504 1506/4435/466 1601/4717/465
f 1909/5466/506 1459/4290/507 1495/4410/512
f 1366/4029/513 1173/3438/474 1325/3896/476
f 1325/3896/476 1432/4212/514 1366/4029/513
f 1991/5633/456 1618/4755/458 1891/5418/501
f 1891/5418/501 1956/5570/459 1991/5633/456
f 1805/5233/502 1991/5633/456 1956/5570/459
f 1805/5233/502 1956/5570/459 1923/5503/461
f 1991/5633/456 1805/5233/502 1356/3996/462
f 1953/5561/454 1356/3996/462 1805/5233/502
f 1356/3996/462 1352/3975/493 1991/5633/456
s 0
f 1644/4824/515 1991/5633/516 1802/5226/517
s 1
f 1534/4525/518 1802/5226/519 1400/4123/520
f 1400/4123/520 1802/5226/519 1418/4177/521
f 1418/4177/521 1802/5226/519 1352/3975/493
f 1506/4436/466 1352/3975/493 1356/3996/462
f 1352/3975/493 1802/5226/519 1991/5633/456
f 1152/3368/486 240/746/193 1194/3505/188
f 1138/3328/522 1194/3505/188 166/511/244
f 1194/3505/188 1151/3367/194 1234/3640/180
f 1138/3328/522 281/892/523 1194/3505/188
f 1138/3328/522 201/635/497 281/892/523
f 347/1092/491 281/892/523 201/635/497
f 1168/3423/495 69/200/496 201/635/497
f 1168/3423/495 201/635/497 128/408/524
f 167/512/525 1168/3423/495 144/443/526
f 401/1249/527 144/443/526 128/408/524
f 128/408/524 144/443/526 1168/3423/495
f 201/635/497 401/1249/527 128/408/524
f 281/892/523 250/775/487 1152/3368/486
f 1194/3505/188 281/892/523 1152/3368/486
f 201/635/497 1138/3328/522 11/34/528
f 1138/3328/522 31/87/529 11/34/528
f 31/87/529 1138/3328/522 28/81/530
f 28/81/530 1138/3328/522 166/511/244
f 166/511/244 357/1120/245 28/81/530
f 1644/4824/451 1802/5226/519 1472/4326/503
f 1472/4326/503 1802/5226/519 1788/5197/531
f 1472/4326/503 1473/4328/532 2016/5691/207
f 1788/5197/531 1802/5226/519 1534/4525/518
f 1788/5197/531 1534/4525/518 1865/5362/533
f 1865/5362/533 1534/4525/518 1535/4528/534
s 0
f 1788/5197/535 1865/5362/536 2005/5668/537
s 1
f 1352/3975/493 1432/4211/514 1418/4177/521
f 1116/3262/492 1432/4211/514 1352/3975/493
f 1352/3976/493 1972/5600/511 1325/3896/476
f 1432/4212/514 1325/3896/476 1972/5600/511
f 1972/5600/511 1418/4179/521 1432/4212/514
f 1418/4179/521 1972/5600/511 1385/4084/538
f 1972/5600/511 1909/5466/506 1385/4084/538
f 1495/4410/512 1385/4084/538 1909/5466/506
s 0
f 1352/3976/539 1325/3896/540 25/75/541
s 1
f 1477/4347/204 1942/5539/144 1684/4939/449
f 1427/4202/151 1652/4847/203 1426/4199/505
f 1523/4490/158 1427/4202/151 1426/4199/505
f 1687/4954/504 1523/4490/158 1426/4199/505
f 1980/5614/542 1426/4199/505 1652/4847/203
f 1980/5614/542 1459/4291/507 1426/4199/505
f 14/42/481 1299/3819/480 6/19/479
f 1299/3819/480 1248/3679/175 82/241/478
f 1472/4326/503 2016/5691/207 1477/4348/204
f 1299/3819/480 101/305/543 1248/3679/175
f 146/452/544 41/129/545 101/305/543
f 41/129/545 146/452/544 174/543/181
f 174/543/181 1248/3679/175 41/129/545
s 0
f 41/129/546 1248/3679/547 101/305/548
s 1
f 2036/5739/549 1731/5074/550 1116/3263/492
f 2036/5739/549 1116/3263/492 1413/4165/551
f 2042/5757/552 2036/5739/549 1726/5066/553
f 2036/5739/549 1498/4415/554 1731/5074/550
f 1116/3263/492 1731/5074/550 1498/4415/554
f 1240/3655/555 1432/4213/514 1284/3775/556
f 1116/3263/492 1284/3775/556 1413/4165/551
f 1413/4165/551 1284/3775/556 1432/4213/514
f 1366/4028/513 1432/4213/514 1240/3655/555
f 1385/4082/538 1963/5583/557 1400/4124/520
f 1413/4165/551 1432/4213/514 1400/4124/520
f 1413/4165/551 1400/4124/520 1963/5583/557
s 0
f 1413/4165/558 1697/4983/559 2002/5661/560
s 1
f 2002/5661/561 1726/5066/553 1413/4165/551
s 0
f 1963/5583/562 1697/4983/563 1413/4165/564
s 1
f 2036/5739/549 2032/5730/565 1498/4415/554
f 2042/5757/552 2008/5675/566 2036/5739/549
f 1726/5066/553 2036/5739/549 1413/4165/551
f 1116/3264/492 1183/3470/494 1240/3655/555
f 1240/3655/555 1183/3470/494 1366/4028/513
f 1173/3437/474 1385/4083/538 1183/3470/494
f 1183/3470/494 1385/4083/538 1400/4125/520
f 1183/3470/494 1400/4125/520 1418/4178/521
f 1183/3470/494 1418/4178/521 1366/4028/513
f 1366/4029/513 1418/4179/521 1385/4084/538
f 1385/4085/538 1173/3438/474 1366/4029/513
f 1498/4416/554 1400/4126/520 1432/4214/514
f 1534/4526/518 1498/4416/554 1872/5374/567
f 1400/4126/520 1498/4416/554 1534/4526/518
f 1116/3265/492 1498/4416/554 1432/4214/514
f 2032/5731/565 1872/5374/567 1498/4416/554
f 1550/4568/568 1715/5027/569 2037/5741/570
f 1535/4527/534 1715/5027/569 1550/4568/568
f 1535/4527/534 1534/4526/518 1872/5374/567
f 15/45/571 1116/3266/492 243/753/572
f 15/45/571 339/1070/573 112/342/574
f 339/1070/573 15/45/571 94/276/575
f 1183/3471/494 1168/3424/495 243/753/572
s 0
f 1173/3439/576 243/753/577 1116/3266/578
s 1
f 1173/3439/474 1183/3471/494 243/753/572
f 243/753/572 1168/3424/495 48/147/579
f 1284/3776/556 1116/3267/492 15/46/571
f 15/46/571 1240/3656/555 1284/3776/556
f 1173/3440/474 1116/3268/492 1240/3656/555
f 1137/3324/580 14/43/481 48/148/579
f 14/43/481 1137/3324/580 1179/3452/581
f 1120/3277/582 118/360/583 15/46/571
f 1240/3656/555 15/46/571 14/43/481
f 118/360/583 14/43/481 15/46/571
f 14/43/481 118/360/583 48/148/579
f 1240/3656/555 14/43/481 1173/3440/474
f 1697/4985/584 1726/5067/553 2002/5662/561
f 1726/5067/553 1697/4985/584 1637/4807/585
f 1697/4985/584 1799/5222/586 1637/4807/585
f 1726/5067/553 1330/3908/587 2008/5676/566
f 1726/5067/553 1637/4807/585 1330/3908/587
f 1382/4073/588 1323/3887/589 1330/3908/587
f 1846/5324/590 1382/4073/588 1330/3908/587
f 1501/4422/591 1846/5324/590 1330/3908/587
f 1637/4807/585 1501/4422/591 1330/3908/587
f 1501/4422/591 1938/5529/592 1846/5324/590
f 1746/5109/593 1710/5016/594 1546/4554/595
f 1746/5109/593 1501/4422/591 1710/5016/594
f 1546/4554/595 1710/5016/594 1666/4885/596
f 1710/5016/594 1581/4658/597 1666/4886/596
f 1710/5016/594 1501/4422/591 1907/5462/598
f 1726/5067/553 2008/5676/566 2042/5758/552
f 1963/5584/557 1385/4086/538 1495/4411/512
f 1487/4382/599 1963/5584/557 1495/4411/512
f 1916/5482/600 1495/4411/512 1459/4292/507
f 1495/4411/512 1916/5482/600 1748/5113/601
f 1495/4411/512 1748/5113/601 1487/4382/599
f 1963/5584/557 1487/4382/599 1697/4984/584
f 1349/3964/602 1550/4569/568 1487/4382/599
f 1865/5362/533 1535/4528/534 1550/4570/568
s 0
f 1748/5113/603 1916/5482/604 1970/5595/605
s 1
f 12/37/606 1299/3820/480 107/330/607
f 107/330/607 1299/3820/480 14/44/481
f 107/330/607 14/44/481 1098/3208/608
f 1179/3453/581 1098/3208/608 14/44/481
f 107/330/607 1098/3208/608 318/990/609
f 1665/4883/610 1872/5375/567 2034/5737/611
f 1873/5377/612 1944/5542/613 1546/4555/595
s 0
f 1944/5542/614 1873/5377/615 1941/5534/616
f 1941/5534/617 1873/5377/618 1719/5041/619
s 1
f 1330/3909/587 1/1/620 1455/4281/621
f 1455/4281/621 1/1/620 1382/4072/588
f 1382/4072/588 1431/4209/622 1455/4281/621
f 1719/5041/623 1998/5649/624 1559/4594/625
f 1559/4594/625 1936/5524/626 1578/4643/627
f 1559/4594/625 1809/5240/628 1716/5030/629
f 1902/5448/630 1665/4883/610 2034/5737/611
f 1546/4555/595 1665/4883/610 1902/5448/630
f 1872/5375/567 2032/5732/565 2034/5737/611
f 1455/4281/621 1873/5377/612 1546/4555/595
f 1455/4281/621 1546/4555/595 1330/3909/587
f 1546/4555/595 1902/5448/630 1330/3909/587
f 1330/3909/587 1902/5448/630 2008/5677/566
f 2034/5737/611 2008/5678/566 1902/5448/630
f 1944/5542/613 1666/4887/596 1746/5108/593
f 1941/5534/631 1666/4887/596 1944/5542/613
f 1666/4887/596 1941/5534/631 1716/5030/629
f 1719/5041/623 1559/4594/625 1941/5534/631
f 1941/5534/631 1559/4594/625 1716/5030/629
f 1719/5041/623 1873/5377/612 1431/4209/622
f 1342/3947/632 1719/5041/623 1431/4209/622
f 1455/4281/621 1431/4209/622 1873/5377/612
f 1799/5222/586 1697/4985/584 1487/4383/599
f 1487/4383/599 1501/4422/591 1799/5222/586
f 1637/4807/585 1799/5222/586 1501/4422/591
f 1746/5109/593 1666/4888/596 1501/4422/591
f 1501/4422/591 1666/4888/596 1938/5529/592
f 1938/5529/592 1866/5364/633 1846/5324/590
f 1866/5364/633 1342/3948/632 1431/4210/622
f 1559/4595/625 1342/3948/632 1866/5364/633
f 1866/5364/633 1431/4210/622 1846/5324/590
f 1665/4884/610 1535/4529/534 1872/5376/567
f 2006/5670/634 1648/4834/635 1665/4884/610
f 1535/4529/534 1665/4884/610 1648/4834/635
f 2006/5670/634 1665/4884/610 1546/4556/595
f 1402/4130/636 1648/4834/635 1919/5490/637
f 1648/4834/635 1402/4130/636 1535/4529/534
f 1402/4130/636 1414/4166/638 1535/4529/534
f 1535/4529/534 1414/4166/638 1715/5028/569
f 1648/4834/635 1414/4166/638 1919/5490/637
f 1414/4166/638 1648/4835/635 1715/5028/569
f 1715/5028/569 1648/4835/635 1622/4767/639
f 1487/4384/599 1919/5491/637 1414/4167/638
f 1511/4449/640 1550/4571/568 1524/4491/641
f 1487/4384/599 1550/4571/568 1919/5491/637
f 1402/4131/636 1545/4552/642 1414/4168/638
f 1780/5183/643 1414/4168/638 1545/4552/642
f 1501/4423/591 1414/4168/638 1780/5183/643
f 1414/4168/638 1501/4423/591 1487/4385/599
f 1076/3158/217 495/1554/238 1073/3149/220
f 495/1554/238 1076/3158/217 1072/3147/235
f 495/1554/238 859/2543/183 1073/3149/220
f 859/2543/183 495/1554/238 36/111/168
f 719/2182/644 112/343/574 419/1316/645
f 339/1071/573 419/1316/645 112/343/574
f 15/47/571 112/343/574 1120/3278/582
f 88/256/646 1120/3278/582 112/343/574
f 483/1520/647 88/256/646 490/1538/648
f 112/343/574 490/1538/648 88/256/646
f 1137/3325/580 118/361/583 137/424/649
f 137/424/649 118/361/583 1120/3279/582
f 1120/3279/582 88/257/646 62/186/650
f 1120/3279/582 62/186/650 137/424/649
f 137/424/649 62/186/650 94/277/575
f 1137/3325/580 137/424/649 94/277/575
s 0
f 153/473/651 94/277/652 62/186/653
s 1
f 15/48/571 243/754/572 48/149/579
f 94/278/575 15/49/571 48/149/579
f 94/278/575 48/149/579 118/362/583
f 94/278/575 118/362/583 390/1218/654
f 94/278/575 390/1218/654 17/54/655
f 118/363/583 17/55/656 153/470/657
f 17/55/656 118/363/583 1137/3326/580
f 17/55/656 1137/3326/580 390/1219/658
f 390/1219/658 1137/3326/580 48/150/579
f 68/198/659 1137/3326/580 94/279/575
f 17/56/655 68/198/659 94/279/575
f 68/198/659 17/56/655 153/471/660
s 0
f 153/472/661 339/1073/662 94/280/663
s 1
f 339/1073/573 153/472/664 179/557/665
f 179/557/665 153/472/664 332/1038/666
f 39/120/667 332/1038/666 167/513/525
f 167/513/525 332/1038/666 153/472/664
f 167/513/525 153/472/664 48/151/579
f 62/187/650 179/557/665 1330/3910/587
f 349/1099/668 1330/3910/587 332/1038/666
f 332/1038/666 1330/3910/587 179/557/665
f 316/985/669 349/1099/668 340/1074/670
f 1155/3383/671 340/1074/670 349/1099/668
f 1155/3383/671 349/1099/668 1128/3297/672
f 349/1099/668 332/1038/666 1128/3297/672
f 332/1038/666 1227/3607/673 1128/3297/672
f 68/199/659 1179/3454/581 1137/3327/580
f 1179/3454/581 68/199/659 153/473/660
f 153/473/660 134/417/674 1179/3454/581
f 134/417/674 1275/3749/675 332/1039/666
f 83/242/676 1323/3888/589 234/730/677
f 1323/3888/589 1275/3749/675 1330/3911/587
f 1275/3749/675 1323/3888/589 83/242/676
f 1330/3911/587 1275/3749/675 62/186/650
f 134/417/674 153/473/660 62/186/650
f 134/417/674 62/186/650 1275/3749/675
f 1275/3749/675 83/242/676 332/1039/666
f 1227/3608/673 83/242/676 254/785/678
f 254/785/678 83/242/676 1128/3298/672
f 254/785/678 1128/3298/672 1181/3463/679
f 83/242/676 1155/3384/671 1128/3298/672
f 134/417/674 332/1039/666 254/785/680
f 223/701/681 254/785/678 1181/3463/679
f 254/785/680 1101/3216/682 134/417/674
f 83/242/676 1227/3608/673 332/1039/666
f 134/417/674 190/592/683 1179/3454/581
f 167/514/525 48/152/579 1168/3425/495
f 390/1220/658 153/474/664 118/364/684
f 390/1221/658 48/152/579 153/475/664
f 167/515/525 144/444/526 1224/3598/685
f 39/121/667 254/786/680 332/1040/666
f 254/786/678 1155/3385/671 1227/3609/673
f 1128/3299/672 1227/3609/673 1181/3464/679
f 1181/3464/679 1227/3609/673 1155/3385/671
f 554/1715/686 1081/3167/687 112/344/574
f 1081/3167/687 554/1715/686 1080/3166/688
f 1081/3167/687 1080/3166/688 1083/3172/689
f 1080/3166/688 1095/3204/690 1083/3172/689
f 1095/3204/690 719/2183/644 1077/3159/691
f 1077/3159/691 719/2183/644 1094/3201/692
f 719/2183/644 1095/3204/690 554/1715/686
f 1094/3201/692 719/2183/644 1029/3003/693
f 719/2183/644 518/1614/694 1029/3003/693
f 112/344/574 1081/3167/687 490/1539/648
f 498/1560/695 518/1614/694 719/2183/644
f 419/1317/645 498/1560/695 719/2183/644
f 454/1436/696 498/1560/695 419/1317/645
f 554/1715/686 112/345/574 719/2183/644
f 1080/3166/688 554/1715/686 1095/3204/690
f 1094/3202/692 502/1570/697 943/2752/698
f 502/1570/697 1094/3202/692 1074/3150/699
f 502/1570/697 944/2753/700 419/1318/645
f 502/1570/697 419/1318/645 339/1072/573
f 483/1521/647 587/1805/701 969/2825/702
f 483/1521/647 969/2825/702 1053/3084/703
f 1077/3160/691 1083/3173/689 1095/3205/690
f 1083/3173/689 1077/3160/691 1006/2930/704
f 1085/3178/705 1083/3173/689 1053/3084/703
f 969/2825/702 1085/3178/705 1053/3084/703
f 1053/3084/703 1083/3173/689 1006/2930/704
f 483/1521/647 1053/3084/703 1006/2930/704
f 88/258/646 483/1521/647 1006/2930/704
f 339/1072/573 88/258/646 1006/2930/704
f 943/2752/698 1006/2930/704 1077/3160/691
f 943/2752/698 1077/3160/691 1094/3202/692
f 943/2752/698 339/1072/573 1006/2930/704
f 502/1570/697 339/1072/573 943/2752/698
f 1081/3168/687 1083/3174/689 1085/3179/705
f 1085/3179/705 987/2871/706 1081/3168/687
f 490/1540/648 987/2871/706 511/1598/707
f 490/1540/648 1081/3168/687 987/2871/706
f 490/1540/648 511/1598/707 587/1806/701
f 587/1806/701 483/1522/647 490/1540/648
f 944/2753/700 454/1437/696 419/1318/645
f 1493/4404/414 1962/5582/205 1497/4414/437
f 1672/4910/708 1497/4414/437 2029/5724/709
f 1497/4414/437 1753/5123/710 2029/5724/709
s 0
f 1452/4274/711 1753/5123/712 1497/4414/713
s 1
f 1962/5582/205 1452/4274/714 1497/4414/437
s 0
f 1962/5582/715 2016/5692/716 1452/4274/717
s 1
f 1452/4274/718 2016/5692/207 1473/4329/532
s 0
f 1528/4507/719 1420/4182/720 1774/5170/721
s 1
f 1420/4182/722 1409/4148/723 1774/5170/724
f 1409/4148/723 1678/4923/725 1774/5170/724
s 0
f 1678/4923/726 2029/5724/727 1774/5170/728
s 1
f 1528/4507/729 1774/5170/730 1452/4274/718
s 0
f 1452/4274/731 1774/5170/732 1753/5123/733
s 1
f 2029/5724/709 1753/5123/710 1774/5170/734
f 1672/4910/708 2029/5724/709 1565/4615/735
f 2029/5724/709 1678/4923/736 1565/4615/735
f 1565/4615/735 1932/5516/737 1672/4910/708
f 1593/4693/738 1672/4910/708 1987/5624/739
f 1593/4693/738 1987/5624/739 1793/5213/740
f 1593/4693/738 1497/4414/437 1672/4910/708
f 1494/4406/440 1844/5322/329 1593/4693/738
f 1497/4414/437 1593/4693/738 1844/5322/329
f 1980/5615/542 1652/4848/203 1612/4746/350
s 0
f 1459/4293/741 1980/5615/742 1473/4330/743
s 1
f 1980/5615/542 1612/4746/350 1473/4330/532
f 1473/4330/532 1612/4746/350 1451/4273/341
f 1473/4330/532 1451/4273/341 1452/4275/718
f 1934/5521/744 1745/5107/745 1451/4273/341
f 1586/4672/746 1451/4273/341 1681/4931/342
f 1586/4672/746 1756/5130/747 1603/4719/748
f 1603/4719/748 1451/4273/341 1586/4672/746
f 1451/4273/341 1603/4719/748 1934/5521/744
f 1407/4144/346 1586/4672/746 1681/4931/342
f 1452/4275/718 1451/4273/341 2026/5717/749
f 1934/5521/744 2026/5717/749 1745/5107/745
f 1528/4508/729 1452/4275/718 2026/5717/749
s 0
f 1678/4924/750 2026/5717/751 1934/5521/752
s 1
f 1678/4924/736 1934/5521/744 1603/4719/748
f 1409/4149/723 2026/5717/749 1678/4924/725
f 1409/4149/723 1528/4508/729 2026/5717/749
f 1996/5643/753 1678/4924/736 1603/4719/748
f 2026/5717/749 1451/4273/341 1745/5107/745
f 1756/5130/747 1586/4672/746 1407/4144/346
f 1290/3793/432 1293/3801/754 1188/3482/435
f 1293/3801/754 1290/3793/432 1318/3871/418
f 443/1395/427 199/630/436 141/434/755
f 28/82/530 357/1121/245 443/1395/427
f 141/434/755 28/82/530 443/1395/427
f 11/35/528 31/88/529 141/434/755
f 11/35/528 141/434/755 1254/3696/756
f 1188/3482/435 1293/3801/754 1254/3696/756
f 1318/3871/418 219/691/434 1293/3801/754
f 345/1090/757 1293/3801/754 219/691/434
f 174/544/181 219/691/434 1105/3232/421
f 1105/3232/421 1150/3364/182 174/544/181
f 345/1090/757 219/691/434 174/544/181
f 174/544/181 146/453/544 345/1090/757
f 345/1090/757 146/453/544 101/306/543
f 1188/3482/435 1254/3696/756 199/630/436
f 141/434/755 199/630/436 1254/3696/756
f 31/88/529 28/82/530 141/434/755
f 345/1090/757 101/306/543 1293/3801/754
f 101/306/543 1299/3821/480 1293/3801/754
f 12/38/606 1293/3801/754 1299/3821/480
f 12/38/606 107/331/607 318/991/609
f 1293/3801/754 188/586/758 1204/3537/759
f 46/141/760 1254/3696/756 1204/3537/759
f 1204/3537/759 1254/3696/756 1293/3801/754
f 188/586/758 1293/3801/754 12/38/606
f 1146/3351/761 199/631/436 1131/3308/428
f 1188/3484/435 1232/3623/382 1146/3350/761
f 1232/3623/382 1188/3484/435 1189/3485/762
f 255/790/381 199/631/436 1232/3624/382
f 1232/3624/382 199/631/436 1146/3351/761
f 1188/3483/435 1146/3351/761 1131/3308/428
f 255/790/381 1189/3485/762 199/631/436
f 1189/3485/762 1188/3484/435 199/631/436
f 507/1583/442 717/2180/763 934/2730/764
f 717/2180/763 756/2282/765 934/2730/764
f 717/2180/763 507/1583/442 519/1621/441
f 516/1611/766 519/1621/441 912/2681/767
f 912/2681/767 995/2896/768 516/1611/766
s 0
f 912/2681/769 857/2535/770 995/2896/771
s 1
f 516/1611/766 995/2896/768 395/1232/772
f 395/1232/772 756/2282/765 516/1611/766
f 395/1232/772 709/2158/773 625/1929/774
f 709/2158/773 395/1232/772 624/1926/775
f 709/2158/773 624/1926/775 1051/3078/776
f 624/1926/775 1050/3075/777 1051/3078/776
f 1050/3075/777 624/1926/775 1044/3052/778
f 519/1621/441 516/1611/766 756/2282/765
f 519/1621/441 756/2282/765 717/2180/763
f 519/1622/441 829/2459/399 584/1797/779
f 896/2645/396 623/1920/398 732/2217/780
f 584/1797/779 829/2459/399 896/2645/396
f 857/2536/781 912/2682/767 584/1797/779
f 872/2571/782 584/1797/779 732/2217/780
f 721/2185/783 584/1797/779 872/2571/782
f 732/2217/780 584/1797/779 896/2645/396
f 584/1797/779 912/2682/767 519/1622/441
f 872/2571/782 732/2217/780 974/2840/784
f 872/2571/782 805/2403/785 768/2313/786
f 721/2186/783 805/2403/785 625/1927/774
f 623/1920/398 870/2566/787 732/2217/780
f 819/2440/375 777/2344/438 507/1584/442
f 535/1664/443 819/2440/375 586/1801/788
f 924/2706/789 535/1664/443 586/1801/788
f 586/1801/788 819/2440/375 507/1584/442
f 586/1802/788 507/1585/442 872/2573/782
f 721/2187/783 872/2573/782 507/1585/442
f 721/2187/783 507/1585/442 934/2730/764
f 872/2572/782 768/2314/786 625/1928/774
f 625/1928/774 768/2314/786 721/2187/783
f 586/1802/788 872/2573/782 905/2667/790
f 395/1232/772 880/2601/791 756/2282/765
f 880/2601/791 395/1232/772 625/1929/774
f 880/2601/791 625/1929/774 752/2272/792
s 0
f 756/2282/793 880/2601/794 934/2730/795
s 1
f 934/2730/764 880/2601/791 721/2187/783
f 752/2272/792 721/2187/783 880/2601/791
f 188/586/758 12/38/606 318/991/609
f 1472/4327/503 1788/5198/531 2005/5669/796
f 2005/5669/796 1865/5363/533 1927/5509/797
f 1349/3965/602 1865/5363/533 1550/4572/568
f 1865/5363/533 1349/3965/602 1524/4492/641
f 1865/5363/533 1524/4492/641 1927/5509/797
f 1473/4331/532 1472/4327/503 2005/5669/796
f 1473/4331/532 2005/5669/796 1528/4509/729
f 1524/4492/641 1528/4509/729 2005/5669/796
f 1524/4492/641 2005/5669/796 1927/5509/797
f 1916/5483/600 1459/4294/507 1473/4332/532
f 1473/4332/532 1613/4747/798 1916/5483/600
f 1970/5596/799 1613/4747/798 1349/3966/602
f 1613/4747/798 1528/4510/729 1349/3966/602
s 0
f 1916/5484/800 1613/4747/801 1970/5596/802
s 1
f 1528/4510/729 1613/4747/798 1473/4332/532
f 1349/3966/602 1487/4386/599 1748/5114/601
f 1748/5114/601 1970/5596/799 1349/3966/602
f 1986/5623/803 1409/4150/723 1851/5335/804
f 1409/4150/723 1986/5623/803 1528/4510/729
f 1593/4693/738 1793/5213/740 1494/4407/440
f 11/36/528 1254/3697/756 210/666/805
f 210/666/805 201/636/497 11/36/528
f 241/747/806 210/666/805 1254/3697/756
f 401/1250/527 201/636/497 210/666/805
f 1232/3625/382 1189/3486/762 100/299/807
f 1212/3560/808 100/300/807 1189/3486/762
f 1212/3560/808 1189/3486/762 95/281/809
f 255/791/381 95/281/809 1189/3486/762
f 257/799/810 95/282/809 255/792/381
f 584/1798/779 721/2188/783 857/2537/781
f 752/2273/792 768/2315/786 805/2404/785
f 857/2537/781 721/2188/783 768/2315/786
f 721/2188/783 752/2273/792 805/2404/785
f 768/2315/786 752/2273/792 857/2537/781
f 625/1930/774 805/2405/785 712/2166/811
f 752/2273/792 625/1930/774 857/2537/781
f 857/2537/781 625/1930/774 712/2166/811
f 995/2897/768 910/2678/812 395/1233/772
f 395/1233/772 910/2678/812 712/2166/811
s 0
f 910/2678/813 995/2897/814 857/2537/815
s 1
f 712/2166/811 910/2678/812 857/2537/781
f 1349/3966/602 1986/5623/803 1500/4419/816
f 1986/5623/803 1851/5335/804 2028/5721/817
f 1851/5335/804 1827/5280/818 2028/5721/817
s 0
f 2028/5721/819 1827/5280/820 2031/5726/821
s 1
f 1349/3966/602 1528/4510/729 1986/5623/803
f 241/748/806 1254/3698/756 46/142/760
f 46/142/760 395/1234/772 328/1017/822
f 875/2584/823 328/1017/822 395/1234/772
f 518/1615/694 328/1017/822 875/2584/823
f 46/142/760 328/1017/822 241/748/806
f 1331/3913/824 1349/3966/602 287/910/825
f 287/910/825 1349/3966/602 169/525/826
f 1827/5281/818 1500/4419/816 2031/5727/827
s 0
f 2028/5721/828 1500/4419/829 1986/5623/830
s 1
f 1349/3966/602 1500/4419/816 169/525/826
f 1179/3455/581 1224/3599/685 318/993/609
f 1331/3914/824 188/587/758 318/992/609
f 311/967/831 1331/3914/824 318/992/609
f 311/967/831 409/1283/832 119/365/833
f 372/1160/834 318/992/609 144/445/526
f 318/992/609 372/1160/834 401/1251/835
f 318/992/609 401/1251/835 119/366/833
f 318/992/609 119/366/833 384/1200/836
f 318/992/609 384/1200/836 311/967/831
f 318/993/609 1098/3209/608 1179/3455/581
f 144/446/526 318/993/609 1224/3599/685
f 2028/5722/837 1845/5323/838 1886/5403/839
f 1845/5323/838 1524/4493/641 1886/5403/839
f 1845/5323/838 1515/4459/840 1528/4511/729
f 1845/5323/838 1528/4511/729 1524/4493/641
f 2031/5728/827 1500/4420/816 1886/5403/839
f 1500/4420/816 2028/5722/837 1886/5403/839
f 1528/4511/729 1515/4459/840 1420/4183/722
f 1855/5344/841 1515/4459/840 2028/5722/842
s 0
f 1845/5323/843 2028/5722/844 1515/4459/845
s 1
f 1331/3915/824 287/911/825 188/588/758
f 188/588/758 287/911/825 1204/3538/759
f 1142/3336/846 1204/3538/759 211/669/847
s 0
f 1204/3538/848 1142/3336/849 1202/3528/850
s 1
f 211/669/847 395/1235/772 46/143/760
f 624/1924/775 578/1779/851 453/1430/852
f 578/1779/851 287/911/825 453/1430/852
f 287/911/825 578/1779/851 395/1235/772
f 395/1235/772 578/1779/851 624/1925/775
f 395/1235/772 211/669/847 287/911/825
f 211/669/847 1204/3538/759 287/911/825
f 1204/3538/759 1202/3528/853 95/283/809
f 46/143/760 1142/3336/846 211/669/847
f 95/284/809 46/143/760 1204/3539/759
f 46/143/760 95/284/809 1142/3336/846
f 241/749/806 328/1018/822 210/667/805
f 1524/4494/641 1550/4573/568 2037/5742/570
f 1524/4494/641 1349/3967/602 1511/4450/640
f 1378/4062/854 1511/4450/640 1349/3967/602
f 2037/5742/570 2021/5706/855 1524/4494/641
f 2021/5706/855 1886/5404/839 1524/4494/641
f 1550/4574/568 1511/4450/640 1919/5492/637
f 1511/4450/640 1926/5506/856 1919/5492/637
f 1715/5029/569 1622/4768/639 2021/5707/855
f 2021/5707/855 1622/4768/639 1645/4825/857
f 2037/5743/570 1715/5029/569 2021/5707/855
f 2021/5707/855 1645/4825/857 1365/4025/858
f 1596/4701/859 1365/4025/858 1645/4825/857
f 2021/5707/855 1365/4025/858 1886/5405/839
f 1622/4769/639 1363/4019/860 1645/4826/857
f 1926/5507/856 1363/4019/860 1622/4769/639
f 1926/5507/856 1622/4769/639 1919/5493/637
f 1919/5494/637 1622/4770/639 1402/4132/636
f 1363/4019/860 1926/5507/856 1378/4063/854
f 1378/4064/854 311/968/831 9/27/861
f 311/968/831 1378/4064/854 1349/3968/602
f 1349/3968/602 1331/3916/824 311/968/831
f 987/2872/706 9/27/861 311/968/831
f 969/2826/702 987/2872/706 1085/3180/705
f 511/1599/707 987/2872/706 311/968/831
f 511/1599/707 311/968/831 119/367/833
f 511/1599/707 119/367/833 587/1807/701
f 1511/4451/640 1378/4064/854 1926/5508/856
f 190/593/683 1217/3576/862 1179/3456/581
f 1224/3600/685 1179/3456/581 1217/3576/862
f 132/414/863 167/516/525 1224/3601/685
f 1217/3576/862 132/414/863 1224/3601/685
f 119/368/833 132/414/863 1217/3576/862
f 144/447/864 132/414/863 119/368/833
f 287/911/825 169/526/826 453/1430/852
s 0
f 2031/5729/865 1886/5406/866 1855/5345/867
f 2028/5723/868 2031/5729/869 1855/5345/870
s 1
f 1515/4460/840 1855/5345/841 1529/4512/871
f 1588/4674/872 1529/4512/871 1855/5345/841
f 1630/4788/873 1588/4674/872 1855/5345/841
f 1588/4674/872 1630/4788/873 1514/4457/874
f 1588/4674/872 1514/4457/874 1526/4498/875
f 1514/4457/874 1630/4788/873 1543/4545/876
f 1519/4470/877 1630/4788/873 1527/4503/878
f 1527/4503/878 1630/4788/873 1521/4478/879
f 1519/4470/877 1521/4478/879 1661/4868/880
f 1661/4868/880 1521/4478/879 1630/4788/873
f 1579/4649/881 1661/4868/880 1855/5345/841
f 1365/4026/858 1579/4649/881 1855/5345/841
f 1855/5345/841 1886/5406/839 1365/4026/858
f 1855/5345/841 1661/4868/880 1630/4788/873
f 1500/4421/816 1939/5531/882 1365/4027/858
f 1551/4575/883 1579/4650/881 1939/5531/882
f 1939/5531/882 1579/4650/881 1365/4027/858
f 1939/5531/882 1500/4421/816 1827/5282/818
f 1939/5531/882 1514/4458/874 1551/4575/883
f 1521/4479/879 1551/4575/883 1514/4458/874
f 1521/4479/879 1514/4458/874 1527/4504/878
f 1527/4504/878 1514/4458/874 1543/4546/876
f 1526/4499/875 1514/4458/874 1476/4339/884
f 1514/4458/874 1827/5282/818 1476/4340/884
f 1827/5282/818 1514/4458/874 1939/5531/882
f 435/1366/885 169/527/826 49/153/886
f 1500/4421/816 49/153/886 169/527/826
f 1500/4421/816 1365/4027/858 49/153/886
f 1217/3577/862 1365/4027/858 1596/4702/859
f 1217/3577/862 1596/4702/859 1363/4020/860
f 1217/3577/862 49/153/886 1365/4027/858
f 9/28/861 272/857/887 1378/4065/854
f 1378/4065/854 272/857/887 1363/4021/860
f 1217/3578/862 1363/4021/860 272/857/887
f 119/369/833 1217/3578/862 272/858/887
f 210/668/805 328/1019/822 401/1252/527
f 328/1019/822 498/1561/695 409/1284/832
f 401/1252/527 328/1019/822 409/1284/832
f 409/1284/832 498/1561/695 454/1438/696
f 875/2585/823 395/1236/772 897/2646/888
f 395/1236/772 712/2167/811 897/2646/888
f 1064/3118/889 1065/3121/890 875/2585/823
f 1064/3118/889 875/2585/823 897/2646/888
f 1064/3118/889 1057/3100/891 1067/3131/892
f 709/2159/773 1051/3079/776 1070/3141/893
f 1070/3141/893 1051/3079/776 1057/3100/891
f 1064/3118/889 897/2646/888 1057/3100/891
f 1070/3141/893 1057/3100/891 897/2646/888
s 0
f 1070/3141/894 1071/3142/895 1067/3131/896
f 1071/3142/897 1070/3141/898 1054/3085/899
f 1070/3141/900 897/2646/901 1054/3085/902
s 1
f 372/1161/903 401/1252/527 384/1201/836
f 384/1201/836 401/1252/527 311/969/831
f 311/969/831 401/1252/527 409/1284/832
f 1094/3203/692 1029/3004/693 1074/3151/699
f 518/1616/694 453/1431/852 1029/3004/693
f 498/1562/695 328/1020/822 518/1617/694
f 384/1202/836 144/448/864 372/1162/903
f 409/1285/832 167/517/525 132/415/863
f 132/415/863 144/449/864 409/1285/832
f 144/449/864 119/370/833 401/1253/835
f 944/2754/700 409/1285/832 454/1439/696
f 409/1285/832 944/2754/700 423/1327/904
f 438/1377/905 423/1327/904 944/2754/700
f 409/1286/832 384/1203/836 119/371/833
f 384/1203/836 409/1286/832 144/450/864
f 944/2755/700 502/1571/697 1074/3152/699
f 944/2755/700 1074/3152/699 435/1367/885
f 453/1432/852 1074/3152/699 1029/3005/693
f 435/1367/885 1074/3152/699 453/1432/852
f 587/1808/701 119/372/833 272/859/887
f 969/2827/702 587/1808/701 272/859/887
f 272/859/887 9/29/861 969/2827/702
f 969/2827/702 9/29/861 987/2873/706
f 453/1433/852 169/528/826 435/1368/885
f 350/1101/906 49/154/886 1237/3644/907
f 49/154/886 350/1101/906 435/1368/885
f 435/1368/885 350/1101/906 438/1378/905
f 1044/3051/908 435/1368/885 779/2348/909
f 779/2348/909 435/1368/885 438/1378/905
f 438/1378/905 350/1101/906 92/270/910
f 624/1926/775 453/1434/852 1044/3052/778
f 1047/3063/911 1044/3052/912 1015/2953/913
s 0
f 1015/2954/914 1044/3052/915 1041/3043/916
s 1
f 453/1435/852 518/1618/694 1044/3053/778
f 1044/3053/778 518/1618/694 1065/3122/890
f 1065/3122/890 518/1618/694 875/2586/823
f 1065/3122/890 1071/3143/917 1054/3086/918
f 1044/3054/908 779/2349/909 1041/3044/919
s 0
f 779/2349/920 1032/3010/921 1041/3044/922
s 1
f 1041/3044/923 1032/3010/924 1034/3019/925
f 1041/3044/923 1034/3019/925 1059/3105/926
f 1041/3044/923 1059/3105/926 1042/3045/927
f 1041/3044/923 1042/3045/927 1056/3098/928
f 1041/3044/923 1056/3098/928 1015/2955/929
f 944/2756/700 435/1369/885 1044/3055/908
f 944/2756/700 1044/3055/908 438/1379/905
f 1034/3021/925 754/2275/930 864/2551/931
f 864/2551/931 699/2126/932 1034/3021/925
f 1055/3092/933 1034/3020/925 1026/2991/934
f 699/2126/932 438/1379/905 1034/3021/925
f 438/1379/905 1044/3055/908 1034/3021/925
f 438/1379/905 699/2126/932 779/2350/909
f 779/2350/909 699/2126/932 1032/3011/924
f 1065/3123/890 1064/3119/889 1061/3112/935
f 1065/3123/890 1061/3112/935 1071/3144/917
f 1064/3119/889 1067/3129/892 1051/3080/776
f 1064/3119/889 1051/3080/776 1050/3076/777
f 1061/3112/935 1064/3119/889 1060/3108/936
f 1061/3112/935 1060/3108/936 1050/3076/777
f 1044/3056/778 1061/3112/935 1050/3076/777
f 1071/3144/917 1061/3112/935 1044/3056/778
f 1060/3109/936 1071/3144/917 1044/3056/778
f 1071/3144/917 1060/3109/936 1064/3120/889
f 1071/3144/917 1064/3120/889 1050/3077/777
f 1071/3144/917 1050/3077/777 1067/3130/892
f 1067/3130/892 1050/3077/777 1060/3110/936
f 1065/3124/890 1059/3106/937 1044/3057/778
s 0
f 1044/3057/938 1059/3106/939 1034/3022/940
f 1015/2956/941 1059/3106/942 1065/3124/943
f 1054/3087/944 1015/2956/945 1065/3124/946
s 1
f 1054/3087/947 1037/3031/948 1068/3133/949
f 1054/3087/947 1068/3133/949 1015/2956/913
f 1015/2956/929 1056/3099/928 1059/3106/926
f 1059/3106/926 1056/3099/928 1068/3134/949
f 1068/3134/949 1056/3099/928 1042/3046/927
f 1067/3131/892 709/2159/773 1070/3141/893
f 709/2159/773 1067/3131/892 1057/3100/891
f 1060/3111/936 1044/3058/778 709/2160/773
s 0
f 1044/3058/950 1047/3064/951 709/2160/952
f 709/2160/953 1047/3064/954 1049/3069/955
s 1
f 1060/3111/936 1057/3101/891 1051/3081/776
f 1060/3111/936 1051/3081/776 1067/3132/892
f 1057/3101/891 1060/3111/936 709/2160/773
s 0
f 1049/3070/956 1047/3065/957 1037/3032/958
s 1
f 1037/3032/959 737/2231/960 1015/2957/913
f 1015/2957/913 737/2231/960 1047/3065/911
f 1018/2964/961 1015/2957/913 1026/2992/934
f 1026/2992/934 1047/3065/911 737/2231/960
f 1018/2964/961 1026/2992/934 737/2231/960
f 1015/2957/913 1018/2964/961 1037/3032/959
f 1037/3032/959 1018/2964/961 1049/3070/962
s 0
f 1037/3032/963 1054/3088/964 737/2231/965
s 1
f 1054/3088/966 1055/3093/933 1032/3012/924
f 1054/3088/966 1032/3012/924 817/2436/967
f 1032/3012/924 699/2127/932 817/2436/967
s 0
f 737/2231/968 1054/3088/969 817/2436/970
s 1
f 541/1686/971 737/2231/960 817/2436/967
f 737/2231/960 541/1686/971 635/1955/972
f 541/1686/971 817/2436/967 699/2127/932
f 1054/3089/966 1049/3071/962 1018/2965/961
f 1054/3089/966 1018/2965/961 915/2688/973
f 915/2688/973 1018/2965/961 737/2232/960
f 915/2688/973 737/2232/960 1049/3071/962
f 1032/3013/924 1055/3094/933 1068/3135/949
f 1034/3023/925 1055/3094/933 1058/3102/974
f 1058/3102/974 1054/3089/966 915/2688/973
f 1058/3102/974 915/2688/973 754/2276/930
f 915/2688/973 606/1876/975 754/2276/930
f 754/2276/930 1034/3023/925 1058/3102/974
f 1992/5635/378 1786/5194/976 1338/3936/977
f 1992/5635/378 1338/3936/977 2019/5702/377
f 1634/4802/978 1338/3936/977 1786/5194/976
f 1671/4906/979 1634/4802/978 1811/5244/980
f 1786/5194/976 1992/5635/378 1570/4626/981
f 1992/5635/378 1688/4956/379 1570/4626/981
f 1410/4156/439 1688/4956/379 1912/5476/324
f 1570/4626/981 1688/4956/379 1903/5449/982
f 1338/3936/977 1361/4014/267 2019/5702/377
f 1811/5244/980 1634/4802/978 1981/5616/983
f 1570/4626/981 1634/4802/978 1786/5194/976
f 1572/4630/984 1634/4802/978 1570/4626/981
s 0
f 1572/4630/985 1981/5616/986 1634/4802/987
s 1
f 1921/5498/988 1572/4630/984 1570/4626/981
f 1921/5498/988 1570/4626/981 1903/5449/982
s 0
f 1965/5587/989 1783/5189/989 1921/5498/990
f 1965/5587/991 1921/5498/992 1903/5449/993
s 1
f 1965/5587/994 1903/5449/982 1688/4956/379
f 1783/5189/995 1572/4630/984 1921/5498/988
f 1727/5068/996 1572/4630/984 1783/5189/995
f 1361/4015/267 168/521/380 377/1182/285
s 0
f 1361/4015/997 1338/3937/998 297/934/999
f 297/934/1000 1338/3937/1001 1313/3856/1002
f 297/934/1003 1313/3856/1004 217/687/1005
f 1361/4015/1006 297/934/1007 168/521/1008
s 1
f 297/934/1009 342/1082/1010 80/236/1011
f 297/934/1009 80/236/1011 168/521/1012
f 342/1082/1010 297/934/1009 217/687/1013
f 342/1082/1010 217/687/1013 620/1910/1014
f 858/2538/1015 217/687/1013 225/706/1016
f 858/2538/1015 225/706/1016 391/1222/1017
f 1313/3856/1018 1634/4803/978 1671/4907/979
f 1313/3856/1018 1671/4907/979 1282/3770/1019
f 1634/4803/978 1313/3856/1018 1338/3937/977
f 1789/5199/1020 1467/4317/277 1372/4046/1021
f 1372/4046/1021 1467/4317/277 1301/3826/1022
s 0
f 168/522/1023 1372/4046/1024 1301/3826/1025
s 1
f 168/522/1012 80/237/1011 60/183/1026
s 0
f 168/522/1027 60/183/1028 1372/4046/1029
s 1
f 1538/4533/1030 1372/4046/1031 1154/3379/1032
f 1344/3955/1033 1154/3379/1032 267/840/1034
f 707/2153/1035 80/237/1011 1164/3414/1036
f 707/2153/1035 1164/3414/1036 432/1360/299
f 564/1737/1037 707/2153/1035 690/2106/306
f 80/237/1011 707/2153/1035 564/1737/1037
f 60/183/1026 80/237/1011 564/1737/1037
f 60/183/1026 564/1737/1037 797/2386/1038
f 60/183/1026 797/2386/1038 245/759/1039
f 1372/4046/1031 60/183/1040 1269/3735/1041
s 0
f 1269/3735/1042 60/183/1043 245/759/1044
s 1
f 245/759/1039 553/1713/1045 267/841/1034
f 553/1713/1045 245/759/1039 797/2386/1038
f 638/1964/1046 553/1713/1045 851/2519/1047
f 267/841/1034 553/1713/1045 638/1964/1046
f 1154/3379/1032 1269/3735/1041 366/1146/1048
f 366/1146/1048 1269/3735/1041 1107/3235/1049
f 1269/3735/1041 1214/3566/1050 1107/3235/1049
f 1269/3735/1051 245/759/1039 51/159/1052
f 51/159/1052 245/759/1039 183/571/1053
f 366/1146/1048 1107/3235/1049 183/572/1053
f 366/1146/1048 183/572/1053 245/758/1039
f 1269/3735/1041 1154/3379/1032 1372/4046/1031
f 1154/3379/1032 366/1147/1048 267/840/1034
f 1467/4318/277 1789/5200/1020 1707/5010/1054
f 1467/4318/277 1707/5010/1054 1598/4710/276
f 1397/4115/347 1598/4710/276 1549/4567/349
f 1598/4710/276 1616/4750/1055 1798/5221/1056
s 0
f 1966/5589/1057 1707/5010/1058 1372/4047/1059
s 1
f 1598/4710/276 1798/5221/1056 1549/4567/349
s 0
f 1930/5514/1060 1549/4567/1061 1798/5221/1062
s 1
f 1930/5514/1063 1798/5221/1056 1616/4750/1055
f 1690/4960/1064 1930/5514/1063 1646/4828/1065
s 0
f 1549/4567/1066 1930/5514/1067 1690/4960/1068
s 1
f 1547/4558/1069 1443/4246/1070 1606/4726/1071
f 1443/4246/1070 1547/4558/1069 1744/5105/1072
f 1547/4558/1069 1690/4960/1064 1680/4928/1073
f 1690/4960/1064 1646/4828/1065 1680/4928/1073
f 1538/4534/1030 1950/5553/1074 1646/4828/1065
f 1860/5355/1075 1950/5553/1074 1538/4534/1030
f 1538/4534/1030 1154/3380/1032 1860/5355/1075
f 1616/4750/1055 1598/4710/276 1887/5407/1076
s 0
f 1372/4047/1077 1887/5407/1078 1966/5589/1079
s 1
f 1538/4534/1030 1887/5407/1076 1372/4047/1031
f 1887/5407/1076 1538/4534/1030 1616/4750/1055
f 1789/5200/1020 1372/4047/1021 1707/5010/1054
f 1707/5010/1054 1887/5407/1076 1598/4710/276
f 1887/5407/1076 1707/5010/1054 1966/5589/1080
f 277/879/298 377/1183/285 334/1048/384
f 377/1183/285 168/523/380 334/1048/384
f 168/523/380 342/1083/1010 334/1048/384
f 342/1083/1010 620/1911/1014 560/1727/1081
f 334/1048/384 342/1083/1010 560/1727/1081
f 342/1084/1010 168/524/380 1164/3415/1036
f 342/1084/1010 1164/3415/1036 80/238/1011
f 1164/3415/1036 168/524/380 196/621/354
f 1164/3415/1036 196/622/354 432/1358/299
f 1992/5635/378 1544/4551/266 1688/4956/379
f 1912/5476/324 1688/4956/379 1663/4879/271
f 1688/4956/379 1410/4156/439 1965/5587/994
f 1965/5587/994 1410/4156/439 1494/4408/440
f 1725/5063/1082 1965/5587/994 1494/4408/440
f 1214/3565/1050 1192/3497/353 1132/3309/1083
f 51/157/1052 1192/3497/353 1214/3565/1050
f 183/573/1053 1214/3565/1050 1132/3309/1083
f 183/573/1053 1132/3309/1083 275/871/355
f 1192/3498/353 51/158/1052 196/623/354
f 275/871/355 196/623/354 183/573/1053
f 51/158/1052 183/573/1053 196/623/354
f 1616/4750/1055 1538/4534/1030 1646/4828/1065
f 1646/4828/1065 1930/5514/1063 1616/4750/1055
f 212/676/286 277/880/298 334/1047/384
f 432/1359/299 212/676/286 489/1535/303
f 707/2153/1035 432/1360/299 557/1722/304
s 0
f 707/2153/1084 557/1722/1085 690/2106/1086
s 1
f 489/1536/303 690/2106/306 557/1722/304
f 564/1738/1037 690/2107/306 727/2199/1087
f 636/1961/305 727/2199/1087 690/2107/306
f 564/1738/1037 727/2199/1087 797/2387/1038
f 727/2199/1087 503/1572/1088 797/2387/1038
f 496/1555/1089 553/1714/1045 503/1572/1088
f 553/1714/1045 797/2387/1038 503/1572/1088
f 851/2520/1047 553/1714/1045 496/1555/1089
f 727/2199/1087 636/1961/305 503/1572/1088
f 503/1572/1088 636/1961/305 540/1681/314
f 907/2673/1090 966/2816/1091 540/1681/314
f 540/1681/314 966/2816/1091 503/1572/1088
f 907/2673/1090 749/2265/1092 966/2816/1091
f 521/1626/1093 966/2816/1091 749/2265/1092
f 503/1572/1088 966/2816/1091 521/1626/1093
f 839/2494/1094 521/1626/1093 723/2193/1095
s 0
f 911/2679/1096 839/2494/1097 723/2193/1098
s 1
f 643/1978/1099 583/1794/1100 521/1626/1093
f 907/2673/1090 523/1630/1101 515/1609/1102
f 643/1978/1099 776/2339/1103 675/2064/1104
f 660/2021/1105 776/2339/1103 643/1978/1099
f 660/2021/1105 643/1978/1099 515/1609/1102
f 515/1609/1102 521/1626/1093 749/2265/1092
f 583/1795/1100 643/1978/1099 675/2064/1104
f 675/2064/1104 652/2001/1106 583/1795/1100
f 652/2001/1106 675/2064/1104 745/2253/1107
f 791/2372/1108 736/2227/1109 745/2253/1107
f 745/2253/1107 803/2398/1110 652/2001/1106
f 652/2001/1106 803/2398/1110 791/2372/1108
f 791/2372/1108 803/2398/1110 736/2228/1109
f 749/2265/1092 907/2673/1090 515/1609/1102
f 515/1609/1102 643/1978/1099 521/1626/1093
s 0
f 839/2494/1111 496/1555/1112 521/1626/1113
s 1
f 521/1626/1093 496/1555/1089 503/1572/1088
f 334/1048/384 560/1727/1081 939/2744/383
f 489/1537/303 939/2744/383 668/2047/1114
f 668/2047/1114 939/2744/383 842/2501/1115
f 531/1648/1116 540/1682/314 668/2047/1114
f 531/1648/1116 668/2047/1114 842/2501/1115
f 620/1911/1014 939/2744/383 560/1727/1081
f 489/1537/303 668/2047/1114 540/1682/314
f 245/759/1039 267/841/1034 366/1148/1048
f 620/1912/1014 217/686/1013 741/2242/1117
f 620/1912/1014 741/2242/1117 842/2502/1115
f 530/1646/1118 531/1649/1116 741/2242/1117
f 531/1649/1116 842/2502/1115 741/2242/1117
s 0
f 939/2745/1119 620/1912/1120 842/2502/1121
f 540/1683/1122 531/1649/1123 927/2712/1124
s 1
f 531/1649/1116 783/2356/1125 927/2712/1126
f 530/1646/1118 551/1710/1127 531/1649/1116
f 530/1646/1118 804/2402/1128 551/1710/1127
f 664/2038/1129 551/1710/1127 804/2402/1128
f 804/2402/1128 963/2805/1130 664/2039/1129
f 964/2809/1131 963/2805/1130 748/2262/1132
f 530/1646/1118 748/2262/1132 963/2805/1130
f 540/1683/314 764/2307/395 874/2583/310
f 540/1683/314 927/2712/1133 764/2307/395
f 531/1649/1116 551/1710/1127 783/2356/1125
f 551/1710/1127 561/1728/1134 783/2356/1125
s 0
f 783/2356/1135 854/2527/1136 927/2712/1137
f 854/2527/1138 783/2356/1139 659/2020/1140
s 1
f 764/2307/395 927/2712/1133 854/2527/1141
f 854/2527/1141 659/2020/1142 565/1742/397
f 565/1742/397 659/2020/1142 523/1631/1101
f 659/2020/1142 548/1706/1143 523/1631/1101
f 854/2527/1141 565/1740/397 764/2307/395
f 963/2805/1130 804/2402/1128 530/1646/1118
f 660/2023/1105 561/1728/1134 776/2340/1103
f 776/2340/1103 561/1728/1134 551/1710/1127
f 664/2040/1129 776/2340/1103 551/1710/1127
f 664/2040/1129 736/2229/1109 776/2340/1103
f 776/2340/1103 736/2229/1109 763/2301/1144
f 664/2040/1129 574/1768/1145 736/2229/1109
f 928/2713/1146 745/2254/1107 736/2229/1109
f 745/2254/1107 928/2713/1146 803/2399/1110
f 574/1768/1145 928/2713/1146 736/2229/1109
f 1313/3856/1018 1282/3770/1019 225/706/1016
f 217/687/1013 1313/3856/1018 225/706/1016
s 0
f 1214/3566/1147 1269/3735/1148 51/159/1149
s 1
f 391/1222/1017 748/2263/1132 858/2538/1015
s 0
f 1811/5244/1150 1981/5616/1151 1764/5148/1152
s 1
f 1572/4630/984 1727/5068/996 1981/5616/1153
s 0
f 1764/5149/1154 1981/5616/1155 1727/5068/1156
s 1
f 1937/5526/1157 1833/5297/1158 1725/5064/1082
f 1833/5297/1158 1569/4624/1159 1725/5064/1082
f 1783/5189/995 1569/4624/1159 1727/5068/996
f 1569/4624/1159 1783/5189/995 1725/5064/1082
f 1107/3237/1049 150/462/1160 303/950/1161
f 150/462/1160 1107/3237/1049 1214/3567/1050
f 183/574/1053 1107/3236/1049 331/1030/1162
f 183/574/1053 331/1030/1162 150/462/1160
f 150/462/1160 1214/3567/1050 183/574/1053
f 1107/3237/1049 303/951/1161 1306/3841/1163
f 331/1031/1162 1107/3237/1049 1306/3841/1163
f 1276/3750/1164 331/1031/1162 1306/3841/1163
f 217/687/1013 858/2538/1015 741/2243/1117
f 741/2243/1117 748/2263/1132 530/1647/1118
f 741/2243/1117 858/2538/1015 748/2263/1132
f 496/1555/1089 839/2494/1165 851/2520/1047
s 0
f 851/2520/1166 963/2806/1167 964/2810/1168
s 1
f 963/2806/1130 851/2520/1047 839/2494/1165
f 839/2494/1165 911/2679/1169 963/2806/1130
f 774/2333/1170 513/1602/1171 851/2521/1047
f 851/2521/1047 964/2811/1131 774/2333/1170
f 963/2807/1130 723/2194/1095 774/2333/1170
f 758/2285/1172 513/1602/1171 482/1518/1173
f 851/2521/1047 513/1602/1171 758/2285/1172
f 513/1602/1171 705/2142/1174 482/1518/1173
f 638/1965/1046 482/1518/1173 534/1658/1175
f 758/2285/1172 482/1518/1173 638/1965/1046
f 1232/3626/382 1132/3310/1083 1192/3499/353
f 1232/3626/382 1184/3472/1176 1132/3310/1083
f 1184/3472/1176 1232/3626/382 100/301/807
s 0
f 50/156/1177 255/793/1178 275/872/1179
s 1
f 1184/3472/1176 255/793/381 50/156/1180
f 255/793/381 1184/3472/1176 257/800/810
f 1184/3472/1176 100/302/807 303/952/1161
f 1184/3472/1176 303/952/1161 108/332/1181
f 257/800/810 1184/3472/1176 108/332/1181
f 50/156/1180 1132/3310/1083 1184/3472/1176
f 1132/3310/1083 50/156/1180 275/873/355
f 1549/4567/349 1690/4960/1064 1407/4145/346
f 540/1684/314 735/2226/374 525/1635/376
f 540/1685/314 525/1636/376 907/2674/1090
f 523/1632/1101 525/1636/376 565/1741/397
f 525/1636/376 523/1632/1101 907/2674/1090
f 660/2022/1105 613/1897/447 535/1665/443
f 613/1897/447 660/2022/1105 813/2427/1182
f 515/1610/1102 813/2427/1182 660/2022/1105
f 523/1632/1101 548/1705/1143 515/1610/1102
f 613/1897/447 548/1705/1143 565/1741/397
f 515/1610/1102 548/1705/1143 813/2427/1182
f 813/2427/1182 548/1705/1143 613/1897/447
f 525/1636/376 613/1897/447 565/1741/397
f 783/2356/1125 561/1728/1134 659/2020/1142
f 561/1728/1134 548/1706/1143 659/2020/1142
f 548/1706/1143 561/1728/1134 693/2111/1183
f 693/2111/1183 561/1728/1134 660/2023/1105
f 683/2087/1184 693/2111/1183 1012/2945/1185
f 548/1706/1143 693/2111/1183 683/2087/1184
f 693/2111/1183 660/2023/1105 1012/2945/1185
f 1012/2945/1185 660/2023/1105 623/1921/398
f 565/1742/397 548/1706/1143 683/2087/1184
f 1012/2946/1185 623/1922/398 565/1743/397
f 565/1743/397 683/2088/1184 1012/2946/1185
f 1656/4856/1186 1764/5150/1187 1642/4815/1188
f 1727/5069/996 1724/5061/1189 1764/5150/1187
f 1671/4908/979 1811/5245/980 1656/4856/1186
f 1811/5245/980 1764/5150/1187 1656/4856/1186
s 0
f 1860/5356/1190 1989/5628/1191 1950/5554/1192
s 1
f 1989/5628/1193 1860/5356/1075 1589/4679/1194
f 1624/4773/1195 1989/5628/1193 1533/4523/1196
f 1624/4773/1195 1533/4523/1196 1454/4280/1197
f 1950/5555/1074 1989/5628/1193 1646/4829/1065
f 1646/4829/1065 1989/5628/1193 1680/4929/1073
f 1989/5628/1193 1624/4773/1195 1680/4929/1073
f 1744/5106/1072 1680/4929/1073 1624/4773/1195
f 1680/4929/1073 1744/5106/1072 1547/4559/1069
f 1606/4727/1071 1443/4247/1070 1465/4309/1198
f 1813/5248/1199 1465/4309/1198 1454/4280/1197
f 1465/4309/1198 1624/4773/1195 1454/4280/1197
f 1624/4773/1195 1465/4309/1198 1744/5106/1072
f 1443/4247/1070 1744/5106/1072 1465/4309/1198
f 1989/5628/1193 1589/4679/1194 1533/4523/1196
f 1863/5360/1200 1813/5248/1199 1533/4523/1196
f 1423/4189/1201 1863/5360/1200 1533/4523/1196
f 1454/4280/1197 1533/4523/1196 1813/5248/1199
f 1832/5295/1202 1843/5317/1203 1813/5248/1199
f 1832/5295/1202 1863/5360/1200 1362/4016/1204
f 1832/5295/1202 1813/5248/1199 1863/5360/1200
f 1863/5360/1200 1423/4189/1201 1362/4016/1204
f 1724/5062/1189 1727/5070/996 1569/4625/1159
f 1764/5151/1187 1491/4393/1205 1642/4816/1188
f 1764/5151/1187 1724/5062/1189 1491/4393/1205
f 1724/5062/1189 1569/4625/1159 1491/4393/1205
f 1754/5124/1206 1569/4625/1159 1833/5298/1158
f 1491/4393/1205 1569/4625/1159 1754/5124/1206
f 1491/4393/1205 1754/5124/1206 1856/5346/1207
s 0
f 1491/4393/1208 1814/5251/1209 2014/5686/1210
s 1
f 1276/3751/1164 129/409/1211 331/1032/1162
f 331/1033/1162 129/409/1211 220/692/1212
f 180/558/1213 220/692/1212 129/409/1211
f 180/558/1213 129/409/1211 1261/3715/1214
f 148/458/1215 1253/3692/1216 160/493/1217
f 148/458/1215 160/493/1217 233/727/1218
f 148/458/1215 233/727/1218 180/559/1213
f 160/493/1217 1253/3692/1216 1261/3715/1214
f 160/493/1217 1261/3715/1214 1276/3751/1164
f 1276/3751/1164 1261/3715/1214 129/409/1211
f 108/333/1181 303/953/1161 150/463/1160
f 108/333/1181 150/463/1160 331/1034/1162
f 1100/3213/1219 1306/3842/1163 303/953/1161
f 220/693/1212 1276/3752/1164 1100/3214/1219
f 331/1035/1162 220/693/1212 1100/3214/1219
f 1306/3843/1163 1100/3214/1219 1276/3752/1164
f 160/494/1217 1276/3752/1164 220/693/1212
f 723/2194/1095 963/2807/1130 911/2680/1169
f 723/2195/1095 521/1627/1093 583/1796/1100
f 723/2195/1095 583/1796/1100 513/1603/1171
f 513/1603/1171 774/2334/1170 723/2195/1095
f 597/1845/1220 481/1515/1221 705/2143/1174
f 583/1796/1100 542/1692/1222 513/1603/1171
f 542/1692/1222 481/1515/1221 513/1603/1171
f 481/1515/1221 542/1692/1222 486/1527/1223
f 652/2002/1106 542/1692/1222 583/1796/1100
f 542/1692/1222 652/2002/1106 486/1527/1223
f 774/2335/1170 615/1899/1224 664/2041/1129
f 664/2041/1129 963/2808/1130 774/2335/1170
f 664/2042/1129 747/2261/1225 574/1770/1145
f 664/2042/1129 597/1846/1220 747/2261/1225
f 928/2714/1146 574/1769/1145 504/1573/1226
f 574/1770/1145 747/2261/1225 504/1573/1226
f 597/1846/1220 504/1573/1226 747/2261/1225
f 903/2662/1227 504/1573/1226 597/1846/1220
f 486/1528/1223 791/2373/1108 589/1811/1228
f 486/1528/1223 589/1811/1228 921/2699/1229
f 589/1811/1228 791/2373/1108 793/2380/1230
f 791/2373/1108 486/1528/1223 652/2003/1106
f 501/1569/1231 589/1811/1228 876/2587/1232
f 848/2513/1233 589/1811/1228 501/1569/1231
f 501/1569/1231 876/2587/1232 492/1545/1234
f 876/2587/1232 862/2546/1235 492/1545/1234
f 785/2361/1236 848/2513/1233 130/410/1237
f 848/2513/1233 533/1653/1238 130/410/1237
f 130/410/1237 795/2384/1239 785/2361/1236
f 795/2384/1239 130/410/1237 610/1888/1240
f 795/2384/1239 921/2699/1229 785/2361/1236
s 0
f 921/2699/1241 589/1811/1241 785/2361/1242
s 1
f 589/1811/1228 848/2513/1233 785/2361/1236
f 921/2699/1229 705/2144/1174 486/1528/1223
f 481/1516/1221 486/1528/1223 705/2144/1174
f 921/2699/1229 795/2384/1239 705/2144/1174
f 795/2384/1239 610/1888/1240 705/2144/1174
f 130/410/1237 197/624/1243 610/1888/1240
f 197/624/1243 365/1143/1244 610/1888/1240
f 197/624/1243 130/410/1237 1362/4017/1204
s 0
f 197/624/1245 1362/4017/1246 1423/4190/1247
s 1
f 533/1653/1238 1362/4017/1204 130/410/1237
f 533/1653/1238 848/2513/1233 501/1569/1231
f 862/2546/1235 876/2587/1232 649/1988/1248
f 492/1545/1234 862/2546/1235 533/1652/1238
f 501/1569/1231 492/1545/1234 278/881/1249
f 501/1569/1231 278/881/1249 533/1653/1238
f 1154/3381/1032 1344/3956/1033 1268/3731/1250
f 267/842/1034 638/1966/1046 1344/3956/1033
s 0
f 225/707/1251 1282/3771/1252 348/1093/1253
s 1
f 348/1094/1254 1359/4006/1255 314/976/1256
f 1388/4093/1257 314/976/1256 1359/4006/1255
f 348/1094/1254 1282/3771/1019 1359/4006/1255
f 1656/4857/1186 1359/4006/1255 1671/4909/979
f 1589/4678/1194 1388/4093/1257 1359/4006/1255
f 1388/4093/1257 1304/3833/1258 314/976/1256
f 1282/3771/1019 1671/4909/979 1359/4006/1255
f 1154/3382/1032 1268/3732/1250 1860/5356/1075
f 1589/4679/1194 1860/5356/1075 1268/3732/1250
f 1268/3733/1250 268/843/1259 1388/4094/1257
f 348/1095/1254 1388/4094/1257 268/843/1259
f 1136/3320/1260 1388/4094/1257 348/1095/1254
f 1304/3834/1258 1388/4094/1257 1136/3320/1260
f 1268/3733/1250 1388/4094/1257 1589/4680/1194
f 1589/4681/1194 1359/4007/1255 1304/3835/1258
f 1304/3835/1258 1359/4007/1255 324/1009/1261
f 1149/3358/1262 324/1009/1261 1359/4007/1255
f 1642/4817/1188 1862/5359/1263 1359/4007/1255
f 1359/4007/1255 1656/4858/1186 1642/4817/1188
f 314/977/1256 1304/3836/1258 324/1009/1261
f 1149/3358/1262 1359/4007/1255 1862/5359/1263
f 1149/3358/1262 1862/5359/1263 1336/3930/1264
s 0
f 380/1188/1265 1149/3358/1266 402/1254/1267
s 1
f 1862/5359/1263 1642/4817/1188 1336/3930/1264
f 1864/5361/1268 1334/3926/1269 1374/4051/1270
s 0
f 1334/3926/1271 1864/5361/1272 1423/4191/1273
s 1
f 1864/5361/1268 1374/4051/1270 1423/4191/1274
f 1334/3926/1269 403/1261/1275 1374/4051/1270
f 1334/3926/1269 1589/4682/1194 1304/3837/1258
f 1589/4682/1194 1334/3926/1269 1533/4524/1196
s 0
f 1533/4524/1276 1334/3926/1277 1423/4191/1278
f 1294/3802/1279 1423/4191/1280 1374/4051/1281
f 1374/4051/1282 610/1889/1283 365/1144/1284
f 392/1225/1285 610/1889/1286 1374/4051/1287
s 1
f 365/1144/1244 1294/3802/1288 1374/4051/1289
f 268/844/1259 1268/3734/1250 638/1967/1046
f 638/1967/1046 1268/3734/1250 1344/3957/1033
f 1136/3321/1260 268/844/1259 534/1659/1175
f 534/1659/1175 268/844/1259 638/1967/1046
f 758/2286/1172 638/1967/1046 851/2522/1047
f 534/1659/1175 314/978/1256 1136/3321/1260
f 225/708/1016 348/1096/1254 391/1223/1017
f 348/1097/1254 268/845/1259 391/1223/1017
f 268/845/1259 441/1390/1290 391/1223/1017
f 441/1390/1290 268/845/1259 1136/3322/1260
f 441/1390/1290 1136/3322/1260 348/1098/1254
f 314/979/1256 534/1660/1175 441/1390/1290
f 314/979/1256 441/1390/1290 348/1098/1254
f 1136/3323/1260 314/980/1256 180/561/1213
f 403/1260/1275 1334/3927/1269 1304/3838/1258
f 403/1260/1275 1304/3838/1258 173/539/1291
f 1253/3693/1216 1304/3838/1258 1136/3323/1260
f 1304/3838/1258 1253/3693/1216 180/560/1213
f 1304/3838/1258 180/560/1213 173/539/1291
f 173/539/1291 180/560/1213 314/981/1256
f 1261/3716/1214 1253/3693/1216 1136/3323/1260
f 180/561/1213 1261/3716/1214 1136/3323/1260
f 403/1261/1275 392/1225/1292 1374/4051/1270
f 1022/2976/1293 380/1189/1294 543/1693/1295
s 0
f 1022/2976/1296 543/1693/1297 1045/3059/1298
s 1
f 1022/2976/1293 1045/3059/1299 726/2198/1300
f 1045/3059/1299 705/2145/1174 726/2198/1300
f 534/1661/1175 726/2198/1300 705/2145/1174
f 441/1391/1290 534/1661/1175 705/2145/1174
f 391/1224/1017 441/1391/1290 985/2867/1301
f 726/2198/1300 534/1661/1175 173/540/1291
f 314/982/1256 324/1010/1261 173/540/1291
s 0
f 380/1189/1302 324/1010/1303 1149/3359/1304
s 1
f 1022/2976/1293 173/540/1291 380/1189/1294
f 726/2198/1300 173/540/1291 1022/2976/1293
f 324/1010/1261 380/1189/1294 173/540/1291
f 391/1224/1017 985/2867/1301 748/2264/1132
f 964/2812/1131 748/2264/1132 774/2336/1170
f 615/1900/1224 774/2336/1170 748/2264/1132
f 985/2867/1301 615/1900/1224 748/2264/1132
f 441/1391/1290 705/2145/1174 615/1900/1224
f 441/1391/1290 615/1900/1224 985/2867/1301
f 705/2145/1174 513/1604/1171 615/1900/1224
f 1045/3059/1299 543/1693/1305 705/2145/1174
f 2014/5687/1306 1642/4818/1188 1491/4394/1205
f 1978/5611/1307 1642/4818/1188 2014/5687/1306
f 2014/5687/1306 1876/5380/1308 1978/5611/1307
f 1336/3931/1264 1642/4818/1188 1978/5611/1307
f 197/625/1243 1423/4192/1309 1294/3803/1288
f 1253/3694/1216 148/459/1215 197/626/1243
f 1294/3803/1288 1253/3694/1216 197/626/1243
f 148/459/1215 180/562/1213 197/626/1243
f 197/626/1243 180/562/1213 365/1145/1244
f 365/1145/1244 1253/3695/1216 1294/3804/1288
f 2014/5687/1306 1814/5252/1310 1876/5380/1308
f 1876/5380/1308 1621/4765/1311 1978/5611/1307
s 0
f 1621/4764/1312 247/766/1313 1336/3931/1314
s 1
f 1336/3931/1264 1978/5611/1307 1621/4765/1311
f 152/465/1315 1336/3931/1264 247/766/1316
f 180/562/1213 1253/3695/1216 365/1145/1244
f 403/1262/1275 173/541/1291 392/1226/1292
f 959/2796/1317 173/541/1291 534/1662/1175
f 534/1662/1175 482/1519/1173 959/2796/1317
f 482/1519/1173 705/2146/1174 1019/2966/1318
f 482/1519/1173 1019/2966/1318 959/2796/1317
f 705/2146/1174 610/1890/1240 1019/2966/1318
f 975/2842/1319 1019/2966/1318 610/1890/1240
f 610/1890/1240 392/1226/1292 975/2842/1319
s 0
f 975/2842/1320 959/2796/1321 1019/2966/1322
s 1
f 173/541/1291 959/2796/1317 392/1226/1292
f 392/1226/1292 959/2796/1317 975/2842/1319
f 597/1847/1220 705/2147/1174 952/2776/1323
s 0
f 968/2822/1324 597/1847/1325 952/2776/1326
s 1
f 597/1847/1220 513/1605/1171 481/1517/1221
f 664/2043/1129 615/1901/1224 597/1847/1220
f 615/1901/1224 513/1605/1171 597/1847/1220
f 402/1259/1327 543/1694/1295 380/1190/1294
f 402/1255/1328 1336/3932/1264 1286/3780/1329
f 402/1256/1328 1286/3780/1329 42/130/1330
f 152/466/1315 42/130/1330 1286/3780/1329
f 1336/3932/1264 152/466/1315 1286/3780/1329
f 1149/3360/1262 1336/3932/1264 402/1257/1328
f 152/467/1315 402/1258/1328 42/131/1330
f 705/2148/1174 543/1694/1305 952/2777/1323
s 0
f 543/1694/1331 968/2823/1332 952/2777/1333
s 1
f 968/2823/1334 543/1694/1335 458/1451/1336
f 402/1259/1328 152/468/1315 458/1451/1336
s 0
f 458/1451/1337 543/1694/1338 402/1259/1339
s 1
f 233/728/1218 270/849/1340 220/694/1212
f 233/728/1218 220/694/1212 180/563/1213
f 1754/5125/1206 1614/4748/1341 1856/5347/1207
f 1557/4592/1342 1422/4186/1343 1856/5347/1207
f 1422/4187/1343 1557/4592/1342 1457/4285/1344
f 1820/5263/1345 1457/4285/1344 1557/4592/1342
f 1856/5347/1207 1917/5485/1346 1557/4592/1342
f 1557/4592/1342 1917/5485/1346 1820/5263/1345
f 1614/4748/1341 1917/5485/1346 1856/5347/1207
f 1722/5055/1347 1820/5263/1345 1831/5294/1348
f 1831/5294/1348 1790/5201/1349 1682/4932/1350
f 1831/5294/1348 1682/4932/1350 1553/4579/1351
f 1553/4579/1351 1722/5055/1347 1831/5294/1348
s 0
f 1614/4748/1352 1754/5125/1353 1749/5115/1354
f 1754/5125/1355 1833/5299/1356 1937/5527/1357
s 1
f 1790/5201/1349 1749/5115/1358 1660/4865/1359
f 1749/5115/1358 1790/5201/1349 1614/4748/1341
f 1917/5485/1346 1790/5201/1349 1831/5294/1348
f 1917/5485/1346 1614/4748/1341 1790/5201/1349
f 1820/5263/1345 1917/5485/1346 1831/5294/1348
f 1416/4172/1360 1813/5249/1199 1810/5243/1361
f 1813/5249/1199 1416/4172/1360 1465/4310/1198
f 1465/4310/1198 1897/5435/1362 1606/4728/1071
f 903/2663/1227 597/1848/1220 968/2824/1334
f 903/2663/1227 968/2824/1334 278/883/1249
f 968/2824/1334 458/1452/1336 278/883/1249
f 886/2615/1363 492/1546/1234 533/1654/1238
f 903/2663/1227 278/883/1249 492/1546/1234
f 886/2615/1363 853/2525/1364 492/1546/1234
f 853/2525/1364 903/2663/1227 492/1546/1234
f 458/1452/1336 152/469/1315 278/883/1249
f 278/883/1249 152/469/1315 247/767/1316
f 220/695/1212 270/850/1340 265/830/1365
f 20/62/1366 265/830/1365 270/850/1340
f 265/830/1365 20/62/1366 37/112/1367
f 233/729/1218 160/495/1217 270/850/1340
f 160/495/1217 1133/3311/1368 270/850/1340
f 290/917/1369 1133/3312/1368 1278/3757/1370
f 1278/3757/1370 1133/3312/1368 160/496/1217
f 220/696/1212 265/831/1365 1278/3757/1370
f 220/696/1212 1278/3757/1370 160/496/1217
f 1278/3757/1370 20/62/1366 290/917/1369
f 290/917/1369 20/62/1366 270/850/1340
f 903/2664/1227 649/1989/1248 504/1574/1226
f 599/1853/1371 504/1574/1226 649/1989/1248
f 770/2319/1372 599/1853/1371 886/2616/1363
f 886/2616/1363 599/1853/1371 649/1989/1248
f 590/1816/1373 657/2017/1374 649/1992/1248
f 76/224/1375 649/1992/1248 657/2017/1374
f 76/224/1375 657/2017/1374 608/1882/1376
s 0
f 862/2547/1377 76/224/1378 533/1655/1379
s 1
f 862/2547/1235 649/1992/1248 76/224/1375
s 0
f 533/1655/1380 76/224/1381 177/551/1382
s 1
f 903/2665/1227 853/2526/1364 649/1991/1248
f 853/2526/1364 886/2617/1363 876/2588/1232
f 649/1990/1248 876/2588/1232 886/2617/1363
f 876/2588/1232 589/1812/1228 853/2526/1364
f 853/2526/1364 589/1812/1228 649/1991/1248
f 1876/5381/1308 1814/5253/1310 1925/5505/1383
f 1856/5348/1207 1925/5505/1383 1814/5253/1310
f 1856/5348/1207 1422/4188/1343 1925/5505/1383
s 0
f 1491/4395/1384 1856/5348/1385 1814/5253/1386
s 1
f 1810/5243/1361 1813/5250/1199 1843/5318/1203
f 1416/4172/1360 1810/5243/1361 1730/5073/1387
f 1843/5318/1203 1730/5073/1387 1810/5243/1361
f 1626/4775/1388 1416/4172/1360 1791/5208/1389
f 1791/5208/1389 1416/4172/1360 1871/5373/1390
f 1747/5111/1391 1871/5373/1390 1469/4322/1392
f 1871/5373/1390 1747/5111/1391 1791/5208/1389
f 1747/5111/1391 1885/5401/1393 1651/4843/1394
f 1479/4351/1395 1885/5401/1393 1156/3390/1396
f 1651/4843/1394 1885/5401/1393 1479/4351/1395
f 185/576/1397 1885/5401/1393 325/1011/1398
f 325/1011/1398 1885/5401/1393 1929/5513/1399
f 1362/4018/1204 533/1656/1238 177/552/1400
f 177/552/1400 1218/3580/1401 1362/4018/1204
f 1408/4147/1402 1362/4018/1204 1218/3580/1401
f 1730/5073/1387 1403/4135/1403 1416/4172/1360
f 1871/5373/1390 1416/4172/1360 1469/4322/1392
f 1469/4322/1392 1929/5513/1399 1747/5111/1391
f 1747/5111/1391 1929/5513/1399 1885/5401/1393
f 325/1011/1398 1929/5513/1399 1469/4322/1392
f 1469/4322/1392 1218/3580/1401 325/1011/1398
f 1408/4147/1402 1218/3580/1401 1469/4322/1392
f 1469/4322/1392 1403/4135/1403 1408/4147/1402
f 1469/4322/1392 1416/4172/1360 1403/4135/1403
f 1832/5296/1202 1362/4018/1204 1730/5073/1387
f 1730/5073/1387 1362/4018/1204 1408/4147/1402
f 1408/4147/1402 1403/4135/1403 1730/5073/1387
f 1832/5296/1202 1730/5073/1387 1843/5318/1203
f 4/14/1404 247/768/1405 326/1013/1406
f 326/1013/1406 247/768/1405 1422/4188/1343
f 1422/4188/1343 247/768/1405 1621/4766/1311
f 1422/4188/1343 1621/4766/1311 1925/5505/1383
f 1621/4766/1311 1876/5381/1308 1925/5505/1383
f 1457/4286/1344 178/555/1407 1422/4188/1343
f 326/1013/1406 1422/4188/1343 178/555/1407
s 0
f 770/2320/1408 278/882/1409 247/769/1410
s 1
f 4/15/1404 326/1014/1406 770/2320/1372
f 4/15/1404 770/2320/1372 247/769/1405
f 278/883/1249 886/2618/1363 533/1657/1238
f 886/2619/1363 278/884/1249 770/2321/1372
f 762/2299/1411 599/1854/1371 914/2685/1412
f 914/2685/1412 599/1854/1371 770/2321/1372
f 762/2299/1411 914/2685/1412 657/2016/1374
f 657/2016/1374 871/2568/1413 762/2299/1411
f 871/2568/1413 914/2685/1412 948/2765/1414
f 762/2299/1411 871/2568/1413 948/2765/1414
f 464/1472/1415 598/1849/1416 914/2685/1412
f 948/2765/1414 914/2685/1412 598/1849/1416
f 1987/5625/739 1849/5330/1417 1793/5214/740
f 1725/5065/1082 1793/5214/740 1849/5330/1417
f 1494/4409/440 1793/5214/740 1725/5065/1082
f 1783/5190/995 1965/5588/994 1725/5065/1082
f 1937/5528/1157 1725/5065/1082 1660/4867/1359
f 1623/4772/1418 1672/4911/708 1765/5152/1419
f 1672/4911/708 1623/4772/1418 1987/5625/739
f 1987/5625/739 1623/4772/1418 1849/5330/1417
f 1660/4867/1359 1623/4772/1418 1880/5392/1420
f 1880/5392/1420 1623/4772/1418 1765/5152/1419
s 0
f 1880/5392/1421 1765/5152/1422 1932/5517/1423
s 1
f 1880/5392/1424 1565/4617/735 1442/4245/1425
f 1672/4911/708 1932/5517/737 1765/5152/1419
f 1623/4772/1418 1725/5065/1082 1849/5330/1417
f 1725/5065/1082 1623/4772/1418 1660/4867/1359
f 1749/5116/1358 1937/5528/1157 1660/4867/1359
f 1754/5126/1426 1937/5528/1157 1749/5116/1358
f 1880/5392/1424 1932/5517/737 1565/4617/735
f 1602/4718/1427 1756/5131/747 1547/4560/1069
f 1602/4718/1427 1603/4720/748 1756/5131/747
f 1547/4560/1069 1407/4146/346 1690/4961/1064
f 1756/5131/747 1407/4146/346 1547/4560/1069
f 1606/4729/1071 1943/5540/1428 1547/4560/1069
f 1943/5540/1428 1591/4686/1429 1547/4560/1069
f 1547/4560/1069 1591/4686/1429 1602/4718/1427
f 1602/4718/1427 1591/4686/1429 1728/5071/1430
f 1435/4224/1431 1728/5071/1430 1591/4686/1429
f 1435/4224/1431 1565/4616/735 1728/5071/1430
f 1565/4616/735 1435/4224/1431 1409/4151/723
f 1996/5644/753 1565/4616/735 1678/4925/736
f 1602/4718/1427 1996/5644/753 1603/4720/748
f 1943/5540/1428 1897/5436/1362 1591/4686/1429
f 1591/4686/1429 1897/5436/1362 1626/4776/1388
f 1996/5644/753 1728/5071/1430 1565/4616/735
f 1996/5644/753 1602/4718/1427 1728/5071/1430
f 303/954/1161 100/303/807 1207/3546/1432
f 1207/3546/1432 100/303/807 257/801/810
f 257/801/810 108/334/1181 1207/3546/1432
f 257/802/810 100/304/807 1142/3337/846
f 1142/3337/846 100/304/807 1212/3561/808
f 95/285/809 257/802/810 1142/3337/846
f 73/212/1433 1142/3337/846 1212/3561/808
f 1201/3524/1434 315/983/1435 236/736/1436
f 1202/3529/853 1201/3524/1434 236/736/1436
f 1212/3561/808 95/286/809 1202/3529/853
f 1298/3813/1437 1212/3561/808 1202/3529/853
f 1142/3338/846 73/213/1433 236/736/1436
f 73/213/1433 21/64/1438 236/736/1436
f 1202/3529/853 21/64/1438 1298/3813/1437
f 1202/3529/853 236/736/1436 21/64/1438
f 117/357/1439 1142/3338/846 315/983/1435
f 1202/3530/853 1142/3338/846 117/357/1439
f 236/736/1436 315/983/1435 1142/3338/846
f 1191/3490/1440 1127/3295/1441 1126/3292/1442
f 298/935/1443 1127/3295/1441 266/835/1444
f 266/835/1444 1127/3295/1441 1191/3490/1440
f 265/832/1365 266/836/1444 1191/3490/1440
f 1278/3758/1370 1191/3490/1440 1175/3443/1445
f 1191/3490/1440 1126/3292/1442 1298/3814/1437
f 73/214/1433 1126/3293/1442 298/936/1443
f 298/936/1443 266/837/1444 73/215/1433
f 331/1036/1162 298/936/1443 108/335/1181
f 298/936/1443 1126/3293/1442 108/335/1181
f 108/335/1181 1126/3293/1442 1207/3547/1432
f 1207/3547/1432 1126/3293/1442 303/955/1161
f 1127/3296/1441 1100/3215/1219 303/955/1161
f 331/1037/1162 1100/3215/1219 298/937/1443
f 298/937/1443 1100/3215/1219 1127/3296/1441
f 1127/3296/1441 303/955/1161 1126/3293/1442
f 535/1666/443 899/2650/1446 660/2024/1105
f 535/1666/443 924/2707/789 899/2650/1446
f 899/2650/1446 713/2170/1447 660/2024/1105
f 924/2707/789 586/1803/788 738/2234/1448
f 738/2234/1448 711/2163/1449 924/2707/789
f 828/2455/1450 632/1945/1451 711/2163/1449
f 828/2455/1450 711/2163/1449 905/2668/790
f 701/2132/1452 905/2668/790 711/2163/1449
f 701/2132/1452 738/2234/1448 905/2668/790
f 738/2234/1448 586/1804/788 905/2668/790
f 791/2374/1108 694/2112/1453 820/2441/1454
f 632/1945/1451 820/2441/1454 713/2170/1447
f 632/1945/1451 713/2170/1447 711/2163/1449
s 0
f 713/2170/1455 899/2650/1456 924/2707/1457
s 1
f 713/2170/1447 924/2707/789 711/2163/1449
f 870/2567/787 623/1923/398 984/2866/1458
f 660/2025/1105 984/2866/1458 623/1923/398
f 738/2235/1448 732/2218/780 870/2567/787
f 711/2164/1449 870/2567/787 760/2290/1459
f 711/2164/1449 965/2813/1460 701/2133/1452
f 738/2236/1448 701/2133/1452 965/2813/1460
f 870/2567/787 711/2164/1449 738/2235/1448
f 732/2219/780 738/2236/1448 974/2841/784
f 965/2814/1460 872/2574/782 974/2841/784
f 760/2290/1459 984/2866/1458 746/2257/1461
f 746/2257/1461 984/2866/1458 660/2025/1105
f 974/2841/784 738/2236/1448 965/2814/1460
s 0
f 870/2567/1462 984/2866/1463 760/2290/1464
s 1
f 905/2669/790 872/2575/782 828/2456/1450
f 872/2575/782 807/2410/1465 828/2456/1450
f 807/2410/1465 872/2575/782 625/1931/774
s 0
f 709/2161/1466 1049/3072/1467 635/1956/1468
s 1
f 798/2388/1469 635/1956/972 909/2676/1470
f 625/1931/774 635/1956/972 798/2388/1469
f 709/2161/773 635/1956/972 625/1931/774
f 445/1400/1471 625/1931/774 798/2388/1469
f 632/1946/1451 828/2456/1450 445/1400/1471
f 445/1400/1471 807/2410/1465 625/1931/774
f 445/1400/1471 798/2388/1469 662/2033/1472
f 445/1400/1471 662/2033/1472 595/1836/1473
f 828/2456/1450 807/2410/1465 445/1400/1471
f 830/2460/1474 798/2388/1469 909/2676/1470
f 798/2388/1469 830/2460/1474 662/2033/1472
f 872/2576/782 965/2815/1460 840/2495/1475
f 872/2576/782 840/2495/1475 805/2406/785
f 455/1440/1476 965/2815/1460 810/2422/1477
f 760/2291/1459 810/2422/1477 711/2165/1449
f 711/2165/1449 810/2422/1477 965/2815/1460
f 746/2258/1461 694/2113/1453 928/2715/1146
f 746/2258/1461 810/2422/1477 760/2291/1459
s 0
f 810/2422/1478 928/2715/1479 893/2638/1480
s 1
f 810/2422/1477 746/2258/1461 928/2715/1146
f 455/1440/1476 712/2168/811 840/2495/1475
f 455/1440/1476 840/2495/1475 965/2815/1460
f 890/2630/1481 1007/2931/1482 593/1830/1483
f 593/1830/1483 1007/2931/1482 810/2422/1477
f 1025/2984/1484 1007/2931/1482 890/2631/1481
f 1036/3029/1485 1007/2931/1482 998/2902/1486
s 0
f 1036/3029/1487 1025/2985/1488 950/2770/1489
s 1
f 672/2057/1490 810/2422/1477 950/2770/1491
f 455/1440/1476 810/2422/1477 672/2057/1490
f 950/2770/1491 810/2422/1477 1007/2931/1482
f 950/2770/1491 1007/2931/1482 1036/3029/1485
s 0
f 1943/5541/1492 1606/4730/1493 1897/5437/1494
s 1
f 1626/4777/1388 1897/5437/1362 1416/4173/1360
f 1897/5437/1362 1465/4311/1198 1416/4173/1360
f 1591/4687/1429 1626/4777/1388 1790/5202/1349
f 1790/5203/1349 1660/4866/1359 1967/5590/1495
f 1967/5590/1495 1894/5423/1496 1790/5203/1349
f 1442/4244/1425 1874/5378/1497 1967/5590/1495
f 1967/5590/1495 1660/4866/1359 1442/4244/1425
f 1894/5423/1496 1967/5590/1495 1874/5378/1497
f 1874/5378/1497 1558/4593/1498 1894/5423/1496
f 1894/5423/1496 1558/4593/1498 1575/4635/1499
f 1439/4234/1500 1575/4635/1499 1739/5092/1501
f 1558/4593/1498 1874/5378/1497 1442/4244/1425
f 1558/4593/1498 1867/5366/1502 1575/4635/1499
f 1558/4593/1498 1777/5175/1503 1867/5366/1502
f 1867/5366/1502 1456/4282/1504 1575/4635/1499
s 0
f 1867/5366/1505 1836/5302/1506 1868/5368/1507
f 1867/5366/1508 1777/5175/1509 1836/5302/1510
s 1
f 1430/4208/1511 1777/5175/1503 1558/4593/1498
f 1442/4244/1425 1409/4152/723 1430/4208/1511
f 1430/4208/1511 1409/4152/723 1420/4184/722
f 1420/4184/722 1515/4461/840 1430/4208/1511
f 1515/4462/840 1529/4513/871 1430/4208/1511
s 0
f 1529/4514/1512 1836/5302/1513 1430/4208/1514
f 1430/4208/1515 1836/5302/1516 1777/5175/1517
s 1
f 1430/4208/1511 1558/4593/1498 1442/4244/1425
f 1435/4225/1431 1591/4688/1429 1924/5504/1518
f 1435/4225/1431 1924/5504/1518 1893/5422/1519
f 1979/5612/1520 1924/5504/1518 1790/5204/1349
f 1591/4688/1429 1790/5204/1349 1924/5504/1518
f 1851/5336/804 1409/4153/723 1520/4474/1521
s 0
f 1409/4153/1522 1928/5510/1523 1520/4473/1524
s 1
f 1499/4417/1525 1409/4153/723 1435/4225/1431
f 1409/4153/723 1499/4417/1525 2013/5684/1526
f 2013/5684/1526 1928/5510/1527 1409/4153/723
f 1827/5283/818 1851/5336/804 1520/4474/1521
f 1441/4241/1528 2013/5684/1526 1499/4417/1525
f 1979/5612/1520 1893/5422/1519 1924/5504/1518
f 1499/4417/1525 1893/5422/1519 1979/5612/1520
f 1499/4417/1525 1412/4161/1529 1441/4241/1528
s 0
f 1441/4241/1530 1412/4161/1531 1778/5176/1532
s 1
f 1499/4417/1525 1435/4225/1431 1893/5422/1519
f 1679/4926/1533 2013/5684/1526 1441/4241/1528
f 1175/3444/1445 1191/3491/1440 1118/3272/1534
f 1298/3815/1437 1118/3272/1534 1191/3491/1440
f 1175/3444/1445 1118/3272/1534 266/838/1444
f 1175/3444/1445 266/838/1444 37/113/1367
f 37/113/1367 266/838/1444 265/833/1365
f 1553/4580/1351 1790/5205/1349 1894/5424/1496
f 1278/3759/1370 1175/3445/1445 37/114/1367
f 1191/3492/1440 1278/3759/1370 265/834/1365
f 20/63/1366 1278/3759/1370 1172/3434/1535
f 1278/3759/1370 37/114/1367 1245/3668/1536
f 37/114/1367 209/662/1537 1245/3668/1536
f 1245/3668/1536 1172/3434/1535 1278/3759/1370
f 20/63/1366 209/663/1537 37/115/1367
f 1172/3434/1535 209/663/1537 20/63/1366
f 694/2114/1453 660/2026/1105 713/2171/1447
f 675/2065/1104 660/2026/1105 694/2114/1453
f 675/2065/1104 694/2114/1453 745/2255/1107
f 745/2255/1107 694/2114/1453 763/2302/1144
f 694/2114/1453 713/2171/1447 820/2442/1454
f 763/2302/1144 660/2027/1105 675/2066/1104
f 763/2302/1144 675/2066/1104 776/2341/1103
f 775/2337/1538 791/2375/1108 745/2256/1107
f 736/2230/1109 803/2400/1110 775/2337/1538
f 736/2230/1109 775/2337/1538 763/2303/1144
f 775/2337/1538 745/2256/1107 763/2303/1144
f 746/2259/1461 660/2028/1105 763/2304/1144
f 694/2115/1453 746/2260/1461 763/2305/1144
f 694/2115/1453 791/2376/1108 775/2338/1538
f 803/2401/1110 694/2115/1453 775/2338/1538
f 803/2401/1110 928/2716/1146 694/2115/1453
f 938/2741/1539 926/2710/1540 925/2708/1541
f 938/2742/1539 925/2709/1541 926/2711/1540
f 893/2637/1542 928/2717/1146 504/1575/1226
f 893/2637/1542 504/1575/1226 599/1855/1371
f 599/1855/1371 656/2012/1543 893/2637/1542
f 893/2637/1542 656/2012/1543 612/1895/1544
s 0
f 793/2381/1545 791/2377/1546 820/2443/1547
s 1
f 590/1815/1373 793/2381/1230 656/2011/1543
f 589/1813/1228 793/2381/1230 590/1815/1373
f 590/1815/1373 656/2011/1543 743/2249/1548
f 790/2370/1549 743/2249/1548 622/1916/1550
f 743/2249/1548 790/2370/1549 590/1815/1373
f 612/1894/1544 656/2011/1543 632/1947/1451
f 593/1828/1483 612/1894/1544 632/1947/1451
f 632/1947/1451 793/2381/1230 820/2443/1454
f 793/2381/1230 632/1947/1451 656/2011/1543
f 893/2637/1542 612/1895/1544 593/1829/1483
f 656/2012/1543 599/1855/1371 762/2300/1411
f 948/2766/1414 656/2012/1543 762/2300/1411
f 893/2638/1542 593/1830/1483 810/2422/1477
f 632/1948/1451 982/2860/1551 593/1831/1483
f 982/2860/1551 1036/3030/1485 998/2903/1486
f 998/2903/1486 1025/2988/1484 982/2860/1551
f 982/2860/1551 1025/2988/1484 772/2328/1552
f 632/1948/1451 667/2046/1553 982/2860/1551
s 0
f 1025/2988/1554 1036/3030/1555 667/2046/1556
s 1
f 667/2046/1553 1036/3030/1485 982/2860/1551
f 445/1401/1471 667/2046/1553 632/1948/1451
f 667/2046/1553 445/1401/1471 595/1837/1473
f 667/2046/1553 595/1837/1473 729/2205/1557
f 656/2013/1543 982/2861/1551 772/2329/1552
f 982/2861/1551 656/2013/1543 593/1832/1483
s 0
f 826/2451/1558 772/2329/1559 1025/2986/1560
s 1
f 826/2451/1561 729/2204/1557 544/1696/1562
f 544/1696/1562 1020/2967/1563 895/2641/1564
f 772/2329/1552 844/2505/1565 656/2013/1543
f 844/2505/1565 772/2329/1552 826/2451/1561
f 743/2250/1548 656/2013/1543 844/2505/1565
f 1025/2986/1566 729/2204/1557 826/2451/1561
f 844/2505/1565 826/2451/1561 468/1483/1567
f 731/2213/1568 468/1483/1567 826/2451/1561
f 826/2451/1561 895/2641/1564 731/2213/1568
f 835/2481/1569 731/2213/1568 895/2641/1564
f 468/1483/1567 622/1917/1550 743/2250/1548
f 844/2505/1565 468/1483/1567 743/2250/1548
s 0
f 1025/2987/1570 890/2632/1571 832/2470/1572
s 1
f 887/2620/1573 890/2632/1481 656/2014/1543
f 890/2632/1481 887/2620/1573 832/2470/1574
f 593/1833/1483 656/2014/1543 890/2632/1481
f 1409/4154/723 1442/4245/1425 1565/4617/735
s 0
f 1880/5392/1575 1442/4245/1576 1660/4867/1577
s 1
f 73/216/1433 1298/3816/1437 1126/3294/1442
f 266/839/1444 1118/3273/1534 73/216/1433
f 1212/3562/808 1298/3816/1437 73/216/1433
f 1969/5594/1578 1520/4475/1521 1928/5511/1579
f 1969/5594/1578 1679/4927/1533 1520/4475/1521
s 0
f 1679/4927/1580 1969/5594/1581 1928/5511/1582
s 1
f 1679/4927/1533 1928/5512/1527 2013/5685/1526
f 1475/4337/1583 1679/4927/1533 1441/4242/1528
f 1445/4251/1584 1475/4337/1583 1463/4302/1585
f 1476/4341/884 2004/5666/1586 1888/5408/1587
f 1445/4251/1584 1463/4302/1585 2004/5666/1586
f 1476/4341/884 1445/4251/1584 2004/5666/1586
f 1475/4337/1583 1445/4251/1584 1679/4927/1533
f 1445/4251/1584 1708/5011/1588 1679/4927/1533
f 1476/4341/884 1708/5011/1588 1445/4251/1584
f 1679/4927/1533 1708/5011/1588 1520/4475/1521
f 1456/4283/1504 1867/5367/1502 1868/5369/1589
f 1752/5122/1590 1529/4515/871 1588/4675/872
f 1588/4675/872 1955/5566/1591 1466/4312/1592
f 1955/5566/1591 1758/5137/1593 1466/4312/1592
f 1466/4312/1592 1482/4367/1594 1456/4283/1504
f 1456/4283/1504 1752/5122/1590 1466/4312/1592
f 1466/4312/1592 1752/5122/1590 1588/4675/872
f 1868/5369/1589 1752/5122/1590 1456/4283/1504
f 1529/4515/871 1752/5122/1590 1868/5369/1589
f 1836/5303/1595 1529/4515/871 1868/5369/1589
f 1201/3526/1434 7/20/1596 19/59/1597
f 7/20/1596 361/1133/1598 1255/3699/1599
f 1255/3699/1599 361/1133/1598 27/78/1600
f 19/58/1597 27/78/1600 58/177/1601
f 361/1133/1598 58/177/1601 27/78/1600
f 1201/3526/1434 58/178/1601 315/984/1435
f 315/984/1435 58/178/1601 117/358/1439
f 1202/3531/853 117/358/1439 1201/3525/1434
f 58/178/1601 343/1085/1602 117/358/1439
f 19/59/1597 7/20/1596 1255/3699/1599
f 19/59/1597 58/178/1601 1201/3526/1434
f 644/1979/1603 897/2647/888 712/2169/811
f 960/2797/1604 644/1979/1603 665/2044/1605
f 712/2169/811 455/1441/1476 665/2044/1605
f 665/2044/1605 654/2007/1606 960/2797/1604
f 644/1979/1603 712/2169/811 665/2044/1605
f 805/2407/785 840/2496/1475 712/2169/811
f 665/2044/1605 455/1441/1476 654/2007/1606
f 455/1441/1476 672/2058/1490 654/2007/1606
f 654/2007/1606 841/2497/1607 830/2461/1474
f 654/2007/1606 830/2461/1474 883/2607/1608
f 654/2007/1606 883/2607/1608 960/2797/1604
f 541/1687/971 679/2073/1609 635/1957/972
f 737/2233/960 635/1957/972 1049/3073/962
f 789/2368/1610 644/1980/1603 960/2798/1604
f 953/2778/1611 754/2277/930 702/2134/1612
f 702/2134/1612 689/2103/1613 953/2778/1611
f 609/1883/1614 953/2778/1611 689/2103/1613
f 708/2154/1615 689/2103/1613 702/2134/1612
f 991/2885/1616 708/2154/1615 702/2134/1612
s 0
f 991/2885/1617 442/1392/1618 744/2252/1619
s 1
f 442/1392/1620 672/2059/1490 744/2252/1621
f 442/1392/1620 537/1669/1622 672/2059/1490
f 442/1392/1620 674/2063/1623 537/1669/1622
f 883/2608/1608 789/2368/1610 960/2798/1604
f 537/1669/1622 674/2063/1623 789/2368/1610
f 442/1392/1620 991/2885/1616 702/2134/1612
f 674/2063/1623 442/1392/1620 606/1877/975
f 606/1877/975 789/2368/1610 674/2063/1623
f 442/1392/1620 702/2134/1612 606/1877/975
f 702/2134/1612 754/2277/930 606/1877/975
f 606/1877/975 644/1980/1603 789/2368/1610
f 635/1958/972 679/2074/1609 909/2677/1470
f 830/2462/1474 909/2677/1470 679/2074/1609
f 830/2462/1474 679/2074/1609 527/1639/1624
f 679/2074/1609 497/1556/1625 527/1639/1624
f 897/2648/888 644/1980/1603 1049/3074/962
f 897/2648/888 1049/3074/962 1054/3090/966
f 1049/3074/962 644/1980/1603 915/2689/973
f 915/2689/973 644/1980/1603 606/1878/975
f 662/2034/1472 841/2498/1607 595/1838/1473
f 841/2498/1607 662/2034/1472 830/2463/1474
f 595/1838/1473 841/2498/1607 883/2609/1608
f 883/2609/1608 527/1640/1624 595/1838/1473
f 527/1640/1624 883/2609/1608 830/2464/1474
f 497/1557/1625 595/1838/1473 527/1640/1624
f 672/2060/1490 841/2499/1607 654/2008/1606
f 672/2060/1490 883/2610/1608 841/2500/1607
f 537/1670/1622 883/2610/1608 672/2060/1490
f 537/1670/1622 789/2369/1610 883/2610/1608
f 497/1558/1625 679/2075/1609 567/1752/1626
f 497/1558/1625 425/1335/1627 750/2266/1628
f 780/2352/1629 497/1558/1625 750/2266/1628
f 954/2786/1630 780/2352/1629 750/2266/1628
f 425/1335/1627 497/1558/1625 696/2117/1631
f 696/2117/1631 497/1558/1625 567/1752/1626
s 0
f 679/2076/1632 696/2117/1633 567/1752/1634
s 1
f 1216/3573/1635 1118/3275/1534 1298/3817/1437
f 1118/3274/1534 21/65/1438 73/217/1433
s 0
f 165/507/1636 1298/3817/1637 21/65/1638
s 1
f 21/65/1438 1118/3274/1534 106/325/1639
f 1118/3275/1534 1158/3396/1640 106/326/1639
f 1206/3542/1641 1158/3396/1640 1200/3518/1642
f 1200/3518/1642 1158/3396/1640 1270/3736/1643
f 1216/3573/1635 106/327/1639 1270/3736/1643
f 106/327/1639 1216/3573/1635 53/162/1644
f 1118/3275/1534 1216/3573/1635 1270/3736/1643
f 1118/3275/1534 1270/3736/1643 1158/3396/1640
f 106/326/1639 1158/3396/1640 1206/3543/1641
f 34/97/1645 1270/3736/1643 106/327/1639
f 1200/3518/1642 1270/3736/1643 34/98/1645
f 1979/5613/1520 1790/5206/1349 1553/4582/1351
f 1979/5613/1520 1553/4582/1351 1412/4162/1529
f 1412/4162/1529 1499/4418/1525 1979/5613/1520
f 1875/5379/1646 1553/4582/1351 1626/4778/1388
f 1626/4778/1388 1553/4582/1351 1682/4933/1350
f 1875/5379/1646 1747/5112/1391 1553/4582/1351
f 1651/4844/1394 1553/4582/1351 1747/5112/1391
f 1747/5112/1391 1875/5379/1646 1791/5209/1389
f 1875/5379/1646 1626/4778/1388 1791/5209/1389
f 1790/5207/1349 1626/4778/1388 1682/4933/1350
f 65/191/1647 1326/3897/1648 209/664/1537
f 1326/3897/1648 1245/3669/1536 209/664/1537
f 1172/3435/1535 1245/3669/1536 1326/3897/1648
f 1291/3794/1649 1172/3435/1535 1326/3897/1648
f 1291/3794/1649 89/260/1650 1172/3435/1535
f 1291/3794/1649 1326/3897/1648 1200/3519/1642
f 34/99/1645 65/192/1647 89/260/1650
f 1186/3475/1651 34/99/1645 89/260/1650
f 1291/3794/1649 1186/3475/1651 89/260/1650
f 65/192/1647 1172/3435/1535 89/260/1650
f 209/665/1537 1172/3435/1535 65/192/1647
f 1776/5173/1652 1553/4580/1351 1439/4235/1500
f 1439/4235/1500 1889/5410/1653 1479/4352/1395
f 1889/5410/1653 2003/5663/1654 1695/4976/1655
f 1776/5173/1652 1722/5056/1347 1553/4580/1351
f 1439/4235/1500 1479/4352/1395 1776/5173/1652
f 1206/3544/1641 1326/3898/1648 65/193/1647
f 1326/3898/1648 1206/3544/1641 1200/3520/1642
f 34/100/1645 1206/3544/1641 65/193/1647
f 1186/3476/1651 1291/3795/1649 1200/3521/1642
f 1890/5414/1656 1456/4284/1504 1709/5013/1657
f 1456/4284/1504 1482/4368/1594 1709/5013/1657
f 1575/4636/1499 1456/4284/1504 1890/5414/1656
f 1890/5415/1656 1739/5093/1501 1575/4637/1499
f 1890/5415/1656 1709/5014/1657 1739/5094/1501
f 1441/4243/1528 1778/5177/1658 1782/5188/1659
f 1673/4912/1660 1782/5188/1659 1778/5177/1658
f 1782/5188/1659 1673/4912/1660 1463/4303/1585
f 1463/4303/1585 1673/4912/1660 1398/4116/1661
f 1398/4116/1661 1673/4912/1660 1399/4119/1662
f 1441/4243/1528 1782/5188/1659 1475/4338/1583
s 0
f 1463/4303/1663 1475/4338/1664 1782/5188/1665
s 1
f 1108/3238/1666 1216/3575/1635 165/509/1667
f 1108/3238/1666 53/163/1644 1216/3574/1635
f 53/163/1644 21/66/1438 106/328/1639
f 165/508/1667 21/66/1438 53/163/1644
f 1104/3225/1668 53/163/1644 1108/3238/1666
f 1216/3575/1635 1298/3818/1437 165/509/1667
f 53/164/1644 19/60/1597 165/509/1667
f 165/509/1667 1255/3700/1599 1143/3339/1669
f 1143/3339/1669 1255/3700/1599 1130/3303/1670
f 165/509/1667 1143/3339/1669 1108/3238/1666
f 1104/3225/1668 1108/3238/1666 1143/3339/1669
f 165/509/1667 19/60/1597 1255/3700/1599
f 1439/4236/1500 1894/5425/1496 1575/4638/1499
f 1894/5425/1496 1439/4236/1500 1553/4581/1351
f 1553/4582/1351 1651/4844/1394 1412/4162/1529
f 1651/4844/1394 1479/4353/1395 1412/4162/1529
f 1673/4913/1660 1778/5178/1658 1509/4445/1671
f 1509/4445/1671 1399/4120/1662 1673/4913/1660
f 2020/5703/1672 1398/4117/1661 1399/4120/1662
f 1778/5178/1658 1412/4163/1529 1509/4445/1671
f 1412/4163/1529 1879/5389/1673 1509/4445/1671
f 1509/4445/1671 1977/5610/1674 1399/4120/1662
f 1433/4215/1675 1828/5285/1676 1509/4445/1671
f 1509/4445/1671 1828/5285/1676 1977/5610/1674
f 1574/4633/1677 1977/5610/1674 1828/5285/1676
f 1977/5610/1674 1574/4633/1677 1399/4120/1662
f 1439/4237/1500 1739/5095/1501 1485/4379/1678
f 1999/5652/1679 1439/4237/1500 1485/4379/1678
f 1999/5652/1679 1889/5411/1653 1439/4237/1500
f 1703/4997/1680 1485/4379/1678 1739/5095/1501
f 1485/4379/1678 1703/4997/1680 1434/4218/1681
f 1492/4396/1682 1434/4218/1681 1703/4997/1680
f 34/101/1645 106/329/1639 1206/3545/1641
f 729/2205/1557 1025/2988/1566 667/2046/1553
f 744/2251/1621 672/2061/1490 646/1982/1683
f 646/1982/1683 1025/2989/1684 832/2471/1685
f 1025/2989/1684 646/1982/1683 672/2061/1490
f 950/2771/1491 1025/2989/1684 672/2061/1490
f 998/2904/1486 1007/2932/1482 1025/2990/1484
f 729/2206/1557 595/1839/1473 780/2351/1629
f 497/1559/1625 780/2351/1629 595/1839/1473
f 954/2786/1630 750/2266/1628 491/1541/1686
s 0
f 780/2352/1687 954/2786/1688 794/2382/1689
s 1
f 780/2352/1629 794/2382/1690 729/2207/1557
f 646/1983/1683 838/2491/1691 991/2885/1616
f 646/1983/1683 991/2885/1616 744/2252/1621
f 729/2208/1557 494/1550/1692 544/1695/1562
f 494/1550/1692 729/2208/1557 794/2383/1690
f 544/1695/1562 494/1550/1692 510/1592/1693
f 491/1542/1686 873/2577/1694 461/1459/1695
f 794/2383/1690 491/1542/1686 461/1459/1695
f 794/2383/1690 461/1459/1695 494/1550/1692
f 491/1543/1686 794/2383/1690 954/2787/1630
f 838/2492/1691 708/2155/1615 991/2886/1616
f 708/2155/1615 838/2492/1691 506/1579/1696
f 563/1732/1697 494/1551/1692 461/1460/1695
f 838/2492/1691 494/1551/1692 563/1732/1697
f 646/1984/1683 510/1593/1693 494/1551/1692
f 510/1593/1693 646/1984/1683 832/2472/1685
f 646/1984/1683 494/1551/1692 838/2492/1691
f 76/225/1375 1159/3397/1698 290/918/1369
f 290/918/1369 270/851/1340 76/225/1375
f 1133/3313/1368 177/553/1400 76/225/1375
f 76/225/1375 270/851/1340 1133/3313/1368
f 1133/3314/1368 1159/3397/1698 177/554/1400
f 1218/3581/1401 1159/3397/1698 76/225/1375
f 76/225/1375 608/1881/1376 405/1266/1699
f 76/225/1375 405/1266/1699 325/1012/1398
f 1159/3397/1698 1133/3314/1368 290/918/1369
f 1159/3397/1698 1218/3581/1401 177/554/1400
f 1218/3581/1401 76/225/1375 325/1012/1398
f 325/1012/1398 405/1266/1699 185/577/1397
f 1457/4287/1344 1776/5174/1652 1345/3958/1700
f 1345/3958/1700 1776/5174/1652 1695/4977/1655
f 1695/4977/1655 1776/5174/1652 1479/4354/1395
f 1820/5264/1345 1722/5057/1347 1776/5174/1652
f 1820/5264/1345 1776/5174/1652 1457/4287/1344
f 1457/4287/1344 1345/3958/1700 178/556/1407
f 178/556/1407 1345/3958/1700 175/545/1701
f 447/1405/1702 731/2214/1568 920/2698/1703
f 670/2050/1704 920/2698/1703 731/2214/1568
f 447/1405/1702 920/2698/1703 178/556/1407
f 447/1405/1702 178/556/1407 175/545/1701
f 1695/4977/1655 1332/3917/1705 1345/3958/1700
f 1332/3917/1705 1277/3753/1706 175/545/1701
f 1345/3958/1700 1332/3917/1705 175/545/1701
f 770/2322/1372 326/1015/1406 178/556/1407
f 178/556/1407 464/1473/1415 770/2322/1372
f 178/556/1407 920/2698/1703 464/1474/1415
f 464/1474/1415 920/2698/1703 670/2050/1704
f 405/1267/1699 611/1891/1707 447/1406/1702
f 447/1406/1702 185/578/1397 405/1267/1699
f 185/578/1397 447/1406/1702 415/1307/1708
f 1885/5402/1393 185/578/1397 415/1307/1708
f 415/1307/1708 1156/3391/1396 1885/5402/1393
f 731/2215/1568 447/1406/1702 611/1891/1707
f 468/1484/1567 731/2215/1568 611/1891/1707
f 649/1992/1248 589/1814/1228 590/1816/1373
f 657/2017/1374 590/1816/1373 871/2569/1413
f 608/1882/1376 657/2017/1374 914/2686/1412
f 608/1882/1376 914/2686/1412 670/2051/1704
f 914/2686/1412 871/2570/1413 670/2051/1704
f 670/2051/1704 871/2570/1413 622/1918/1550
f 622/1918/1550 871/2570/1413 790/2371/1549
f 790/2371/1549 871/2570/1413 590/1817/1373
f 622/1918/1550 468/1485/1567 670/2051/1704
f 670/2051/1704 405/1268/1699 608/1882/1376
f 887/2621/1573 656/2015/1543 990/2884/1709
f 990/2884/1709 656/2015/1543 676/2067/1710
f 676/2067/1710 656/2015/1543 948/2767/1414
f 990/2884/1709 676/2067/1710 887/2621/1573
f 676/2067/1710 468/1486/1567 611/1892/1707
f 611/1892/1707 670/2054/1704 676/2067/1710
f 670/2054/1704 731/2216/1568 835/2482/1569
f 832/2473/1574 887/2621/1573 670/2054/1704
f 887/2621/1573 676/2067/1710 670/2054/1704
f 931/2723/1711 670/2054/1704 835/2482/1569
f 544/1696/1562 895/2641/1564 826/2451/1561
f 1023/2977/1712 895/2641/1564 1020/2967/1563
f 468/1487/1567 676/2067/1710 598/1850/1416
f 948/2767/1414 598/1850/1416 676/2067/1710
f 405/1268/1699 670/2051/1704 611/1893/1707
f 670/2052/1704 468/1488/1567 598/1851/1416
f 464/1475/1415 914/2687/1412 770/2323/1372
f 670/2053/1704 598/1852/1416 464/1475/1415
f 1479/4355/1395 1869/5370/1713 1412/4164/1529
f 1879/5390/1673 1412/4164/1529 1869/5370/1713
f 1869/5370/1713 1889/5412/1653 1584/4665/1714
f 895/2642/1564 994/2891/1715 981/2858/1716
f 835/2484/1569 895/2642/1564 981/2858/1716
f 202/638/1717 835/2484/1569 981/2858/1716
f 202/638/1717 1157/3393/1718 346/1091/1719
f 1355/3991/1720 1156/3392/1396 1157/3393/1718
f 1157/3393/1718 1156/3392/1396 346/1091/1719
f 415/1308/1708 447/1408/1702 346/1091/1719
f 1889/5412/1653 1869/5370/1713 1479/4355/1395
f 1584/4665/1714 1889/5412/1653 1695/4979/1655
f 1156/3392/1396 1355/3991/1720 1655/4855/1721
f 1655/4855/1721 1355/3991/1720 1584/4665/1714
f 1327/3899/1722 231/725/1723 253/784/1724
f 253/784/1724 34/102/1645 1186/3477/1651
f 1200/3522/1642 1327/3899/1722 1186/3477/1651
f 1186/3477/1651 1327/3899/1722 253/784/1724
f 1327/3899/1722 1220/3586/1725 1263/3719/1726
f 1263/3719/1726 231/725/1723 1327/3899/1722
f 299/939/1727 231/725/1723 1263/3719/1726
f 299/939/1727 1263/3719/1726 420/1319/1728
f 299/939/1727 460/1457/1729 284/900/1730
f 284/900/1730 460/1457/1729 420/1320/1728
f 299/939/1727 284/900/1730 253/784/1724
f 231/725/1723 299/939/1727 253/784/1724
f 284/900/1730 34/102/1645 253/784/1724
f 299/938/1727 459/1453/1731 434/1363/1732
f 299/938/1727 434/1363/1732 493/1547/1733
f 434/1363/1732 459/1453/1731 446/1402/1734
f 434/1363/1732 446/1402/1734 420/1320/1728
f 460/1457/1729 434/1363/1732 420/1320/1728
f 493/1548/1733 460/1457/1729 299/939/1727
f 1869/5371/1713 1584/4664/1714 1879/5391/1673
f 1879/5391/1673 1584/4664/1714 1669/4902/1735
f 1509/4446/1671 1879/5391/1673 1433/4216/1675
f 1879/5391/1673 1669/4902/1735 1433/4216/1675
f 1584/4664/1714 1355/3992/1720 1669/4902/1735
f 1355/3992/1720 271/852/1736 1669/4902/1735
f 271/852/1736 359/1126/1737 1669/4902/1735
f 1669/4902/1735 359/1126/1737 1433/4216/1675
f 271/852/1736 1355/3992/1720 1157/3394/1718
s 0
f 1999/5653/1738 1485/4380/1739 1421/4185/1740
s 1
f 1999/5653/1741 1421/4185/1742 1931/5515/1743
f 1421/4185/1742 359/1127/1744 1931/5515/1743
f 1490/4389/1745 2003/5664/1654 1931/5515/1743
f 1889/5413/1653 1931/5515/1743 2003/5664/1654
s 0
f 1889/5413/1746 1999/5653/1747 1931/5515/1748
s 1
f 1421/4185/1742 1485/4380/1678 1737/5084/1749
f 1434/4219/1681 1737/5084/1749 1485/4380/1678
f 1421/4185/1742 1946/5545/1750 1615/4749/1751
f 359/1127/1744 1421/4185/1742 1615/4749/1751
s 0
f 1615/4749/1752 1377/4059/1753 359/1127/1754
s 1
f 359/1127/1755 1377/4059/1756 1328/3901/1757
f 1737/5084/1749 1946/5545/1750 1421/4185/1742
f 1819/5261/1758 1976/5607/1759 1946/5545/1750
f 1819/5261/1758 1946/5545/1750 1737/5084/1749
f 1819/5261/1758 1737/5084/1749 1434/4219/1681
f 1615/4749/1751 1946/5545/1750 1976/5608/1759
f 1976/5608/1759 1377/4060/1756 1615/4749/1751
f 1931/5515/1743 359/1127/1744 1490/4389/1745
f 1277/3754/1706 359/1127/1737 271/853/1736
s 0
f 1490/4390/1760 359/1127/1761 1277/3754/1762
s 1
f 2003/5665/1654 1490/4391/1745 1332/3918/1705
f 2003/5665/1654 1332/3918/1705 1695/4978/1655
f 1156/3392/1396 1655/4855/1721 1479/4355/1395
f 1655/4855/1721 1584/4665/1714 1479/4355/1395
f 1584/4665/1714 1695/4979/1655 1479/4355/1395
f 1332/3919/1705 1490/4392/1745 1277/3755/1706
f 175/546/1701 1277/3755/1706 61/184/1763
f 447/1407/1702 175/546/1701 61/184/1763
f 908/2675/1764 835/2483/1569 447/1407/1702
f 994/2892/1715 931/2722/1711 981/2859/1716
f 908/2675/1764 981/2859/1716 931/2722/1711
f 784/2357/1765 202/637/1717 61/184/1763
f 61/184/1763 202/637/1717 908/2675/1764
f 981/2859/1716 908/2675/1764 202/637/1717
f 908/2675/1764 447/1407/1702 61/184/1763
f 835/2483/1569 908/2675/1764 931/2722/1711
f 346/1091/1719 1156/3392/1396 415/1308/1708
f 835/2484/1569 346/1091/1719 447/1408/1702
f 346/1091/1719 835/2484/1569 202/638/1717
f 182/567/1766 359/1128/1767 310/966/1768
f 271/854/1736 476/1508/1769 1277/3756/1706
f 476/1508/1769 61/185/1763 1277/3756/1706
f 476/1508/1769 784/2358/1765 61/185/1763
s 0
f 359/1128/1770 1328/3902/1771 310/966/1772
f 387/1208/1773 310/966/1774 1328/3902/1775
s 1
f 271/854/1736 182/567/1766 476/1508/1769
f 182/567/1766 310/966/1768 703/2135/1776
f 703/2135/1776 961/2799/1777 430/1350/1778
f 961/2799/1777 849/2514/1779 430/1350/1778
s 0
f 849/2514/1780 961/2799/1781 929/2718/1782
s 1
f 563/1736/1697 430/1350/1778 849/2514/1779
f 585/1800/1783 849/2514/1779 929/2718/1784
f 585/1800/1783 929/2718/1784 834/2480/1785
f 935/2731/1786 412/1295/1787 202/639/1717
f 412/1295/1787 271/855/1736 1157/3395/1718
f 412/1295/1787 1157/3395/1718 202/639/1717
f 979/2851/1788 996/2898/1789 1002/2915/1790
f 979/2851/1788 412/1295/1787 935/2731/1786
f 967/2817/1791 989/2878/1792 979/2852/1788
f 967/2817/1791 979/2852/1788 1002/2914/1790
f 935/2732/1786 1002/2915/1790 996/2898/1789
f 832/2473/1574 670/2054/1704 931/2723/1711
f 832/2474/1685 1004/2922/1793 742/2244/1794
f 832/2474/1685 742/2244/1794 510/1594/1693
f 1013/2947/1795 742/2244/1794 1001/2908/1796
f 1039/3037/1797 1052/3082/1798 1020/2968/1563
s 0
f 832/2474/1799 1039/3037/1800 1004/2922/1801
f 1039/3037/1802 1023/2978/1803 1004/2922/1804
f 1023/2978/1805 1021/2971/1806 1004/2922/1807
s 1
f 1021/2972/1808 1030/3006/1809 1004/2922/1793
f 1004/2922/1793 1030/3006/1809 978/2846/1810
f 742/2245/1794 1020/2969/1563 544/1697/1562
s 0
f 1020/2969/1811 742/2245/1812 935/2733/1813
s 1
f 935/2733/1786 1023/2979/1712 1039/3038/1797
f 935/2733/1786 1039/3038/1797 1020/2969/1563
f 544/1697/1562 510/1595/1693 894/2639/1814
f 742/2245/1794 544/1697/1562 894/2639/1814
f 894/2639/1814 951/2772/1815 742/2245/1794
f 742/2245/1794 951/2772/1815 978/2847/1810
f 742/2245/1794 967/2818/1791 935/2733/1786
f 967/2818/1791 742/2245/1794 1004/2923/1793
f 832/2475/1574 931/2724/1711 1039/3039/1797
f 1052/3083/1798 931/2724/1711 994/2893/1715
f 1039/3039/1797 931/2724/1711 1052/3083/1798
f 1052/3083/1798 1023/2980/1712 1020/2970/1563
f 1023/2981/1712 1052/3083/1798 1021/2973/1816
s 0
f 1021/2973/1817 1052/3083/1818 994/2894/1819
s 1
f 784/2359/1765 1021/2973/1808 994/2894/1715
f 202/640/1717 784/2359/1765 994/2894/1715
f 703/2135/1776 310/966/1768 961/2799/1777
f 387/1208/1820 961/2799/1777 310/966/1768
f 549/1707/1821 295/927/1822 457/1445/1823
f 549/1707/1821 457/1445/1823 733/2220/1824
f 457/1445/1823 295/926/1822 866/2556/1825
f 866/2556/1825 295/926/1822 971/2830/1826
f 971/2830/1826 831/2465/1827 866/2556/1825
f 733/2220/1824 387/1208/1828 549/1707/1821
f 929/2718/1829 961/2799/1777 387/1208/1820
s 0
f 929/2718/1830 387/1208/1831 834/2480/1832
s 1
f 834/2480/1785 387/1208/1828 733/2220/1824
f 602/1870/1833 801/2393/1834 600/1856/1835
f 834/2480/1785 602/1870/1833 585/1800/1783
f 834/2480/1785 733/2220/1824 602/1870/1833
f 935/2734/1786 202/641/1717 1023/2982/1712
f 1023/2982/1712 202/641/1717 994/2895/1715
f 994/2895/1715 895/2643/1564 1023/2982/1712
f 967/2819/1791 1008/2934/1836 935/2735/1786
f 1008/2934/1836 967/2819/1791 1021/2974/1808
f 979/2853/1788 935/2737/1786 784/2360/1765
f 979/2853/1788 784/2360/1765 996/2899/1789
f 784/2360/1765 1008/2933/1836 996/2899/1789
f 1008/2933/1836 784/2360/1765 1002/2916/1790
f 1008/2933/1836 1002/2916/1790 935/2736/1786
f 784/2360/1765 863/2548/1837 1002/2916/1790
f 476/1509/1769 863/2548/1837 784/2360/1765
f 476/1509/1769 182/568/1766 703/2136/1776
f 476/1509/1769 703/2136/1776 863/2548/1837
f 863/2548/1837 703/2136/1776 989/2879/1792
f 863/2548/1837 989/2879/1792 592/1823/1838
f 592/1823/1838 1011/2942/1839 863/2548/1837
f 2036/5740/549 2008/5678/566 2034/5737/611
f 2036/5740/549 2034/5737/611 2032/5732/565
f 1846/5324/590 1431/4210/622 1382/4073/588
f 179/557/665 62/187/650 339/1073/573
f 62/187/650 88/259/646 339/1073/573
f 349/1100/668 316/986/669 195/615/1840
f 110/339/1841 349/1100/668 195/615/1840
s 0
f 110/339/1842 195/615/1843 1/2/1844
s 1
f 1330/3912/587 110/339/1841 1/2/620
f 1330/3912/587 349/1100/668 110/339/1841
f 1382/4074/588 1/2/620 1323/3889/589
f 1323/3890/589 1/3/620 234/731/677
f 234/731/677 222/699/1845 1162/3405/1846
f 234/731/677 1162/3405/1846 353/1109/1847
f 234/731/677 353/1109/1847 83/243/676
f 13/39/1848 1174/3441/1849 87/254/1850
f 222/699/1845 234/731/677 1/3/620
s 0
f 83/243/1851 87/254/1852 1155/3386/1853
f 353/1109/1854 87/254/1855 83/243/1856
s 1
f 140/431/1857 87/254/1850 103/311/1858
f 172/537/1859 1203/3532/1860 244/755/1861
f 1203/3532/1860 1292/3796/1862 244/755/1861
f 1162/3404/1846 222/700/1845 244/755/1861
f 1/4/620 244/755/1861 222/700/1845
f 244/755/1861 1/4/620 172/537/1859
f 1546/4557/595 1666/4889/596 1995/5640/1863
f 1546/4557/595 1995/5640/1863 2006/5671/634
f 1746/5110/593 1546/4557/595 1944/5543/613
f 1938/5530/592 1666/4890/596 1866/5365/633
f 1866/5365/633 1666/4890/596 1559/4596/625
f 1559/4596/625 1666/4890/596 1667/4894/1864
f 1155/3386/671 87/254/1850 1181/3465/679
f 87/254/1850 140/431/1857 1181/3465/679
f 87/254/1850 353/1109/1847 1162/3405/1846
f 87/254/1850 1162/3405/1846 1292/3797/1862
f 13/39/1848 87/254/1850 1292/3797/1862
f 340/1075/670 1155/3387/671 29/83/1865
f 1155/3387/671 404/1263/1866 29/83/1865
f 2/6/1867 29/83/1865 16/50/1868
f 404/1263/1866 16/50/1868 29/83/1865
f 8/24/1869 1292/3798/1862 29/83/1865
f 29/83/1865 1292/3798/1862 1162/3406/1846
f 8/24/1869 29/83/1865 2/7/1867
f 1203/3533/1860 172/538/1859 1307/3844/1870
f 172/538/1859 1/5/620 195/616/1840
f 172/538/1859 195/616/1840 316/987/669
f 327/1016/1871 1307/3844/1870 172/538/1859
f 327/1016/1871 172/538/1859 316/987/669
f 327/1016/1871 316/987/669 244/756/1861
f 244/756/1861 1307/3844/1870 327/1016/1871
f 1307/3844/1870 1292/3799/1862 8/25/1869
f 8/25/1869 364/1139/1872 186/579/1873
f 1203/3533/1860 1307/3844/1870 8/25/1869
f 1226/3604/1874 1203/3533/1860 8/25/1869
s 0
f 8/25/1875 84/244/1876 1226/3604/1877
s 1
f 1111/3244/1878 1226/3604/1874 84/244/1879
f 1226/3604/1874 1342/3949/632 1203/3533/1860
f 1307/3844/1870 244/756/1861 1292/3799/1862
f 340/1076/670 1162/3407/1846 244/756/1861
f 29/84/1865 1162/3407/1846 340/1076/670
s 0
f 340/1077/1880 244/757/1881 316/988/1882
s 1
f 1719/5042/623 1342/3950/632 1990/5629/1883
f 1698/4986/1884 1226/3605/1874 1706/5007/1885
f 1698/4986/1884 1706/5007/1885 2038/5744/1886
f 1706/5007/1885 1226/3605/1874 1309/3846/1887
f 1698/4986/1884 1342/3950/632 1226/3605/1874
f 2038/5744/1886 1342/3950/632 1698/4986/1884
f 1342/3951/632 1559/4597/625 1949/5550/1888
f 1794/5215/1889 1949/5550/1888 1559/4597/625
f 1578/4644/627 1794/5215/1889 1559/4597/625
f 1309/3847/1887 1342/3951/632 1706/5008/1885
f 1706/5008/1885 1342/3951/632 1968/5591/1890
f 1949/5550/1888 1968/5591/1890 1342/3951/632
f 8/25/1869 186/579/1873 84/244/1879
f 1203/3534/1860 1342/3951/632 1309/3847/1887
f 13/40/1848 1292/3800/1862 1203/3535/1860
f 1203/3535/1860 84/245/1879 13/40/1848
f 13/40/1848 84/245/1879 125/398/1891
f 125/398/1891 364/1140/1872 13/40/1848
f 364/1140/1872 8/26/1869 13/40/1848
f 13/40/1848 8/26/1869 2/8/1867
f 1990/5630/1883 2038/5745/1886 2025/5715/1892
f 2035/5738/1893 2038/5745/1886 1706/5009/1885
f 2035/5738/1893 1706/5009/1885 1968/5592/1890
f 2038/5745/1886 2035/5738/1893 2039/5747/1894
f 1882/5394/1895 2039/5747/1894 2035/5738/1893
f 1882/5394/1895 2035/5738/1893 1968/5592/1890
f 2025/5715/1892 2038/5745/1886 2039/5748/1894
f 2033/5733/1896 2025/5715/1892 2039/5748/1894
f 1342/3952/632 2038/5746/1886 1990/5631/1883
f 2025/5716/1892 2033/5734/1896 1998/5650/624
f 1998/5650/624 1990/5631/1883 2025/5716/1892
f 1990/5631/1883 1998/5650/624 1719/5043/623
f 1998/5650/624 1936/5525/626 1559/4598/625
f 1578/4645/627 1936/5525/626 1632/4794/1897
f 1632/4794/1897 1936/5525/626 1664/4880/1898
f 1906/5459/1899 1664/4880/1898 1936/5525/626
s 0
f 1906/5459/1900 1936/5525/1901 1998/5650/1902
s 1
f 1968/5593/1890 1949/5551/1888 1882/5395/1895
f 1882/5395/1895 1949/5551/1888 1958/5573/1903
f 1837/5305/1904 1958/5574/1903 1794/5216/1889
f 1794/5216/1889 1958/5574/1903 1949/5552/1888
f 1837/5304/1904 1882/5396/1895 1958/5574/1903
f 1837/5305/1904 1794/5216/1889 1578/4646/627
f 1619/4756/1905 1548/4561/1906 1578/4646/627
f 1392/4099/1907 1895/5426/1908 1667/4895/1864
f 1578/4646/627 1667/4895/1864 1619/4757/1905
f 1619/4757/1905 1667/4895/1864 1632/4795/1897
f 1619/4757/1905 1632/4795/1897 1696/4980/1909
f 1696/4980/1909 1667/4895/1864 1757/5132/1910
f 1619/4757/1905 1696/4980/1909 1757/5132/1910
f 1309/3848/1887 1103/3224/1911 1264/3721/1912
f 1264/3721/1912 1103/3224/1911 125/399/1891
f 125/399/1891 1103/3224/1911 114/349/1913
f 1279/3762/1914 96/287/1915 114/349/1913
f 1279/3762/1914 1233/3627/1916 96/287/1915
f 1203/3536/1860 1309/3848/1887 1264/3721/1912
s 0
f 364/1141/1917 125/399/1918 2/9/1919
f 2/9/1920 125/399/1921 370/1155/1922
f 125/399/1923 96/287/1924 370/1155/1925
s 1
f 1111/3245/1878 1264/3721/1912 125/399/1891
f 84/246/1879 1203/3536/1860 1264/3721/1912
s 0
f 114/349/1926 96/287/1927 125/399/1928
s 1
f 90/261/1929 370/1155/1930 96/287/1915
f 1309/3849/1887 1226/3606/1874 1111/3246/1878
f 186/580/1873 1103/3221/1911 1111/3246/1878
f 1103/3221/1911 1309/3849/1887 1111/3246/1878
f 1103/3221/1911 186/580/1873 408/1280/1931
f 408/1280/1931 1383/4075/1932 1103/3221/1911
f 370/1156/1930 1174/3442/1849 13/41/1848
f 370/1156/1930 13/41/1848 2/10/1867
f 1297/3809/1933 1174/3442/1849 370/1156/1930
f 1297/3809/1933 1259/3707/1934 1174/3442/1849
f 1174/3442/1849 1259/3707/1934 1225/3602/1935
f 1225/3602/1935 103/312/1858 1174/3442/1849
f 87/255/1850 1174/3442/1849 103/312/1858
f 1225/3602/1935 1259/3707/1934 1145/3344/1936
f 1259/3707/1934 1252/3686/1937 1145/3344/1936
f 2/11/1867 1296/3808/1938 364/1142/1939
f 16/51/1868 1296/3808/1938 2/11/1867
f 364/1142/1939 1296/3808/1938 354/1110/1940
f 1271/3737/1941 354/1110/1940 1296/3808/1938
s 0
f 408/1281/1942 186/581/1943 364/1142/1944
s 1
f 1296/3808/1938 23/69/1945 1117/3269/1946
f 16/51/1868 23/69/1945 1296/3808/1938
f 1117/3269/1946 1271/3737/1941 1296/3808/1938
f 1117/3269/1946 23/69/1945 171/531/1947
s 0
f 364/1142/1948 354/1110/1949 408/1281/1950
s 1
f 1667/4896/1864 1809/5241/628 1559/4599/625
f 1809/5241/628 1667/4896/1864 1578/4647/627
f 1632/4796/1897 1809/5241/628 1578/4647/627
f 1664/4881/1898 1696/4981/1909 1632/4796/1897
f 1632/4796/1897 1667/4897/1864 1590/4683/1951
f 1590/4683/1951 1667/4897/1864 1696/4982/1909
f 1590/4683/1951 1696/4982/1909 1664/4881/1898
f 1664/4881/1898 1619/4758/1905 1590/4683/1951
f 1619/4758/1905 1664/4881/1898 1548/4562/1906
f 1590/4683/1951 1548/4562/1906 1468/4319/1952
f 1468/4319/1952 1632/4796/1897 1590/4683/1951
f 1809/5241/628 1632/4796/1897 1854/5341/1953
f 155/481/1954 800/2392/1955 1014/2950/1956
f 1087/3183/1957 1014/2950/1956 800/2392/1955
f 800/2392/1955 155/481/1954 305/957/1958
f 529/1644/1959 484/1523/1960 1062/3113/1961
f 529/1644/1959 1062/3113/1961 526/1637/1962
f 526/1637/1962 305/957/1958 529/1644/1959
f 305/957/1958 155/481/1954 529/1644/1959
f 305/957/1958 526/1637/1962 818/2437/1963
f 305/957/1958 818/2437/1963 397/1241/1964
f 800/2392/1955 305/957/1958 397/1241/1964
f 800/2392/1955 397/1241/1964 616/1902/1965
f 1082/3169/1966 884/2611/1967 397/1241/1964
f 397/1241/1964 818/2437/1963 1082/3169/1966
f 1084/3175/1968 397/1241/1964 884/2612/1967
f 397/1241/1964 1084/3175/1968 946/2760/1969
f 155/482/1954 1014/2951/1956 484/1524/1960
f 155/482/1954 484/1524/1960 529/1645/1959
f 484/1524/1960 1014/2951/1956 1078/3161/1970
f 1264/3722/1912 1111/3247/1878 84/247/1879
f 84/247/1879 186/582/1873 125/400/1891
f 125/400/1891 186/582/1873 1111/3248/1878
f 580/1782/1971 800/2392/1955 809/2419/1972
f 1087/3183/1957 800/2392/1955 1040/3040/1973
f 1040/3040/1973 800/2392/1955 580/1782/1971
f 616/1902/1965 946/2760/1969 809/2419/1972
f 616/1902/1965 809/2419/1972 800/2392/1955
f 809/2419/1972 946/2760/1969 1066/3125/1974
f 484/1525/1960 1088/3186/1975 1062/3114/1961
f 1088/3186/1975 484/1525/1960 1078/3162/1970
f 1088/3186/1975 1078/3162/1970 1097/3207/1976
f 1082/3170/1966 1079/3165/1977 884/2613/1967
f 1079/3165/1977 1082/3170/1966 1088/3186/1975
f 1097/3207/1976 1078/3163/1970 1079/3165/1977
f 1078/3163/1970 1084/3176/1968 1079/3165/1977
f 884/2613/1967 1079/3165/1977 1084/3176/1968
f 1078/3163/1970 1014/2952/1956 1087/3184/1957
f 1093/3199/1978 1084/3177/1968 1087/3185/1957
f 1084/3177/1968 1078/3164/1970 1087/3185/1957
f 1084/3177/1968 1066/3126/1974 946/2759/1969
f 1093/3199/1978 1066/3127/1974 1084/3177/1968
f 1040/3041/1973 1093/3199/1978 1087/3185/1957
f 1088/3186/1975 1097/3207/1976 1079/3165/1977
f 1951/5556/1979 1622/4771/639 1648/4836/635
f 1622/4771/639 1951/5556/1979 1402/4133/636
f 1648/4836/635 2006/5672/634 1951/5556/1979
f 1908/5465/1980 1951/5556/1979 2006/5672/634
f 1908/5465/1980 1579/4651/881 1951/5556/1979
f 1908/5465/1980 1633/4799/1981 1661/4869/880
f 1908/5465/1980 1661/4869/880 1579/4651/881
f 1908/5465/1980 2006/5672/634 1995/5641/1863
f 1633/4799/1981 1908/5465/1980 1995/5642/1863
f 1633/4799/1981 1995/5642/1863 1666/4891/596
f 1951/5556/1979 1579/4651/881 1645/4827/857
f 1645/4827/857 1579/4651/881 1596/4703/859
f 1951/5556/1979 1645/4827/857 1402/4133/636
f 1645/4827/857 1363/4022/860 1402/4133/636
f 1780/5184/643 1596/4704/859 1579/4652/881
f 1545/4553/642 1596/4704/859 1780/5184/643
f 1402/4134/636 1596/4704/859 1545/4553/642
f 1402/4134/636 1363/4023/860 1596/4704/859
f 1780/5184/643 1579/4652/881 1501/4424/591
f 1579/4652/881 1907/5463/598 1501/4424/591
f 1217/3579/862 1177/3448/1982 49/155/886
f 1177/3448/1982 1217/3579/862 190/594/683
s 0
f 134/418/1983 1177/3448/1984 190/594/1985
s 1
f 49/155/886 1177/3448/1982 1237/3645/907
f 1177/3448/1982 1101/3217/682 223/702/1986
f 1177/3448/1982 223/702/1986 1237/3645/907
f 92/271/910 1237/3645/907 223/702/1986
f 205/649/1987 223/702/681 388/1209/1988
f 140/432/1857 223/702/681 1181/3466/679
f 223/702/681 140/432/1857 32/89/1989
f 32/89/1989 1319/3872/1990 223/702/681
s 0
f 227/713/1991 92/271/1992 223/702/1993
f 223/702/1994 205/649/1995 227/713/1996
f 223/702/1997 1101/3217/1997 254/787/1998
s 1
f 1101/3217/682 1177/3448/1982 134/418/674
f 409/1287/832 423/1328/904 167/518/525
f 167/518/525 423/1328/904 39/122/667
f 1581/4659/597 1710/5017/594 1907/5464/598
f 1907/5464/598 1579/4653/881 1581/4659/597
f 1581/4659/597 1551/4576/883 1911/5471/1999
f 1666/4892/596 1581/4659/597 1767/5157/2000
f 1667/4898/1864 1666/4892/596 1767/5157/2000
f 1392/4100/1907 1667/4898/1864 1767/5157/2000
f 1767/5157/2000 1581/4659/597 1562/4606/2001
f 1643/4819/2002 1357/3997/2003 1562/4606/2001
f 1357/3997/2003 1643/4819/2002 1948/5547/2004
f 1562/4606/2001 1461/4299/2005 1643/4819/2002
f 1461/4299/2005 1562/4606/2001 1840/5312/2006
f 1733/5076/2007 1461/4299/2005 1840/5312/2006
f 1476/4342/884 1505/4432/2008 1733/5076/2007
f 1505/4432/2008 1461/4299/2005 1733/5076/2007
f 1551/4576/883 1581/4659/597 1579/4653/881
f 1551/4576/883 1521/4480/879 1519/4471/877
f 1519/4471/877 1527/4505/878 1526/4500/875
f 1519/4471/877 1526/4501/875 1551/4576/883
f 1526/4501/875 1527/4506/878 1543/4547/876
f 1476/4342/884 1733/5076/2007 1526/4501/875
f 1526/4501/875 1733/5076/2007 1911/5471/1999
f 1911/5471/1999 1733/5076/2007 1840/5312/2006
f 1581/4659/597 1911/5471/1999 1562/4606/2001
f 1562/4606/2001 1911/5471/1999 1840/5312/2006
f 1911/5471/1999 1551/4576/883 1526/4501/875
s 0
f 159/492/2009 254/788/2010 39/123/2011
f 159/492/2012 39/123/2013 423/1329/2014
s 1
f 159/492/2015 423/1329/904 294/923/2016
f 254/788/678 159/492/2015 1155/3388/671
f 1155/3388/671 159/492/2015 294/923/2016
f 294/923/2016 423/1329/904 92/272/910
f 423/1329/904 438/1380/905 92/272/910
f 1716/5031/629 1633/4800/1981 1666/4893/596
f 1633/4800/1981 1940/5532/2017 1825/5275/2018
f 1940/5532/2017 1633/4800/1981 1609/4736/2019
f 1609/4736/2019 1633/4800/1981 1854/5342/1953
f 1609/4736/2019 1854/5342/1953 1658/4860/2020
s 0
f 1716/5031/2021 1809/5242/2022 1854/5342/2023
s 1
f 1716/5031/629 1854/5342/1953 1633/4800/1981
f 1609/4736/2019 1658/4860/2020 2018/5697/2024
f 1262/3717/2025 350/1102/906 1237/3646/907
f 1201/3527/1434 117/359/1439 7/21/1596
f 7/21/1596 117/359/1439 1262/3717/2025
f 117/359/1439 343/1086/1602 1262/3717/2025
f 350/1102/906 1262/3717/2025 343/1086/1602
f 343/1086/1602 92/273/910 350/1102/906
f 1262/3718/2025 1237/3647/907 7/22/1596
f 1237/3647/907 92/273/910 7/22/1596
f 7/22/1596 92/273/910 343/1086/1602
f 343/1086/1602 97/289/2026 7/22/1596
f 1461/4299/2005 1449/4263/2027 1643/4819/2002
f 1827/5284/818 1520/4476/1521 1476/4343/884
f 1476/4343/884 1520/4477/1521 1708/5012/1588
f 1661/4870/880 1633/4801/1981 1825/5276/2018
f 1940/5533/2017 1714/5026/2028 1825/5276/2018
f 1714/5026/2028 1940/5533/2017 1503/4429/2029
f 1519/4472/877 1661/4871/880 1825/5276/2018
f 1630/4789/873 1519/4472/877 1543/4548/876
f 1543/4548/876 1519/4472/877 1588/4676/872
f 1519/4472/877 1714/5026/2028 1588/4676/872
f 1714/5026/2028 1519/4472/877 1825/5276/2018
f 1543/4548/876 1588/4676/872 1526/4502/875
f 1588/4676/872 1714/5026/2028 1536/4530/2030
f 1503/4429/2029 1536/4530/2030 1714/5026/2028
f 1853/5339/2031 1536/4530/2030 1503/4429/2029
f 1503/4429/2029 1940/5533/2017 1609/4737/2019
f 1609/4737/2019 2018/5698/2024 1674/4914/2032
f 1503/4429/2029 1609/4737/2019 1674/4914/2032
f 470/1491/2033 294/924/2016 92/274/910
f 577/1777/2034 757/2283/2035 444/1396/2036
f 757/2283/2035 577/1777/2034 373/1163/2037
f 92/274/910 227/714/2038 470/1491/2033
f 227/714/2038 722/2189/2039 898/2649/2040
f 680/2078/2041 898/2649/2040 722/2189/2039
f 680/2078/2041 757/2283/2035 898/2649/2040
f 470/1491/2033 227/714/2038 898/2649/2040
f 470/1491/2033 898/2649/2040 757/2283/2035
s 0
f 680/2078/2042 452/1427/2043 444/1396/2044
s 1
f 444/1396/2036 757/2283/2035 680/2078/2041
f 1536/4531/2030 1955/5567/1591 1588/4677/872
f 1955/5567/1591 1536/4531/2030 1560/4600/2045
f 1853/5340/2031 1560/4600/2045 1536/4531/2030
s 0
f 1758/5138/2046 1955/5567/2047 1560/4600/2048
f 1758/5138/2049 1560/4600/2050 1587/4673/2051
s 1
f 1466/4313/1592 1758/5138/1593 1482/4369/1594
f 1758/5138/1593 1587/4673/2052 1482/4369/1594
f 1482/4369/1594 1587/4673/2052 1481/4360/2053
f 1481/4360/2053 1587/4673/2052 1625/4774/2054
f 1853/5340/2031 1587/4673/2055 1560/4600/2045
f 1483/4371/2056 1853/5340/2031 1503/4430/2029
f 1483/4371/2056 1481/4360/2053 1853/5340/2031
f 1625/4774/2054 1853/5340/2031 1481/4360/2053
s 0
f 1853/5340/2057 1625/4774/2058 1587/4673/2059
s 1
f 1476/4344/884 1888/5409/1587 1505/4433/2008
f 1461/4300/2005 1505/4433/2008 1516/4463/2060
f 1516/4463/2060 1922/5499/2061 1461/4300/2005
f 1449/4265/2027 1461/4300/2005 1922/5499/2061
f 1922/5499/2061 1567/4621/2062 1449/4265/2027
f 1567/4621/2062 1803/5227/2063 1444/4248/2064
f 1444/4248/2064 1436/4226/2065 1567/4621/2062
f 1994/5638/2066 1449/4265/2027 1742/5101/2067
s 0
f 1444/4248/2068 1580/4654/2069 1631/4791/2070
s 1
f 1229/3614/2071 7/23/1596 1289/3785/2072
f 361/1134/1598 7/23/1596 1229/3614/2071
f 97/291/2026 343/1087/1602 58/179/1601
f 1229/3614/2071 97/291/2026 58/179/1601
f 1229/3614/2071 58/179/1601 361/1134/1598
f 1289/3785/2072 7/23/1596 97/290/2026
f 1229/3614/2071 1289/3785/2072 1267/3728/2073
f 1289/3786/2072 337/1058/2074 1099/3210/2075
f 1289/3786/2072 1099/3210/2075 1267/3729/2073
f 1099/3210/2075 113/346/2076 1267/3729/2073
f 187/583/2077 113/346/2076 1099/3210/2075
f 187/583/2077 97/291/2026 1229/3614/2071
f 187/583/2077 1229/3614/2071 113/346/2076
f 261/814/2078 187/583/2077 1099/3210/2075
f 722/2190/2039 227/715/2038 860/2544/2079
s 0
f 205/650/2080 860/2544/2081 227/715/2082
s 1
f 824/2448/2083 860/2544/2079 205/650/1987
f 205/650/1987 373/1164/2037 824/2448/2083
f 577/1778/2034 824/2448/2083 373/1164/2037
f 698/2124/2084 824/2448/2083 577/1778/2034
f 577/1778/2034 444/1397/2036 698/2124/2084
f 444/1397/2036 591/1818/2085 698/2124/2084
f 698/2124/2084 607/1879/2086 860/2544/2079
f 860/2544/2079 607/1879/2086 722/2190/2039
f 698/2124/2084 860/2544/2079 824/2448/2083
f 1032/3014/924 1038/3035/2087 1026/2993/934
f 1038/3035/2087 1055/3095/933 1054/3091/966
f 1038/3035/2087 1054/3091/966 1026/2993/934
f 1026/2993/934 1054/3091/966 1058/3103/974
f 1026/2993/934 1058/3103/974 1068/3136/949
f 1037/3033/948 1026/2993/934 1068/3136/949
f 1032/3014/924 1026/2993/934 1034/3024/925
f 1026/2993/934 1059/3107/926 1055/3096/933
f 1059/3107/926 1068/3137/949 1055/3096/933
f 1042/3047/927 1059/3107/926 1026/2993/934
f 1058/3104/974 1038/3036/2087 1068/3137/949
f 1038/3036/2087 1058/3104/974 1055/3097/933
f 1068/3137/949 1038/3036/2087 1032/3015/924
f 1026/2993/934 1015/2958/913 1042/3047/927
f 1042/3047/927 1015/2958/913 1068/3137/949
f 1047/3066/911 1026/2994/934 1037/3034/948
f 864/2552/931 754/2278/930 953/2779/1611
f 825/2449/2088 680/2079/2041 722/2191/2039
f 953/2780/1611 699/2128/932 722/2191/2039
s 0
f 953/2780/2089 827/2452/2090 699/2128/2091
s 1
f 541/1688/971 699/2128/932 827/2452/2092
f 722/2191/2039 699/2128/932 864/2552/931
f 825/2449/2088 722/2191/2039 864/2552/931
f 700/2129/2093 827/2453/2092 475/1503/2094
f 475/1503/2094 827/2453/2092 552/1711/2095
f 541/1689/971 827/2453/2092 700/2129/2093
f 541/1689/971 425/1336/1627 696/2118/1631
f 679/2077/1609 541/1689/971 696/2118/1631
s 0
f 827/2454/2096 953/2781/2097 552/1712/2098
s 1
f 953/2782/1611 650/1993/2099 552/1712/2095
f 650/1993/2099 816/2430/2100 750/2267/1628
f 552/1712/2095 650/1993/2099 750/2267/1628
f 425/1337/1627 541/1690/971 475/1504/2094
f 425/1337/1627 475/1504/2094 552/1712/2095
f 425/1337/1627 552/1712/2095 750/2267/1628
f 953/2783/1611 722/2192/2039 607/1880/2086
f 607/1880/2086 698/2125/2084 591/1819/2085
f 607/1880/2086 669/2048/2101 953/2783/1611
f 669/2048/2101 607/1880/2086 604/1874/2102
f 609/1887/1614 669/2048/2101 604/1874/2102
f 604/1874/2102 650/1996/2099 609/1887/1614
f 617/1903/2103 604/1874/2102 845/2506/2104
f 604/1874/2102 617/1903/2103 650/1996/2099
f 509/1589/2105 601/1864/2106 570/1758/2107
f 601/1864/2106 617/1903/2103 570/1758/2107
f 617/1903/2103 601/1864/2106 816/2433/2100
f 816/2433/2100 718/2181/2108 617/1903/2103
f 617/1903/2103 845/2506/2104 1000/2907/2109
f 1000/2907/2109 845/2506/2104 570/1758/2107
f 845/2506/2104 562/1729/2110 570/1758/2107
f 607/1880/2086 562/1729/2110 845/2506/2104
f 562/1729/2110 566/1744/2111 508/1586/2112
f 570/1758/2107 617/1903/2103 1000/2907/2109
f 607/1880/2086 845/2506/2104 604/1874/2102
f 607/1880/2086 591/1819/2085 566/1744/2111
f 607/1880/2086 566/1744/2111 562/1729/2110
f 953/2784/1611 825/2450/2088 864/2553/931
f 640/1973/2113 680/2080/2041 825/2450/2088
f 640/1973/2113 825/2450/2088 953/2784/1611
f 640/1973/2113 953/2784/1611 669/2049/2101
f 669/2049/2101 609/1884/1614 689/2104/1613
f 669/2049/2101 689/2104/1613 640/1973/2113
f 940/2746/2114 680/2080/2041 640/1973/2113
f 394/1230/2115 404/1264/1866 1155/3389/671
f 394/1230/2115 1155/3389/671 294/925/2016
f 294/925/2016 470/1492/2033 388/1210/1988
f 147/454/2116 1239/3654/2117 388/1210/1988
f 294/925/2016 388/1210/1988 1239/3654/2117
f 1239/3654/2117 394/1230/2115 294/925/2016
f 394/1230/2115 1239/3654/2117 147/454/2116
f 1319/3873/1990 388/1211/1988 223/703/681
f 280/886/2118 388/1211/1988 1319/3873/1990
f 280/886/2118 1319/3873/1990 1121/3280/2119
f 1319/3873/1990 32/90/1989 1121/3280/2119
s 0
f 32/90/2120 103/313/2121 1121/3280/2122
s 1
f 32/90/1989 140/433/1857 103/313/1858
f 1767/5158/2000 1562/4607/2001 1392/4101/1907
f 1357/3998/2003 1392/4101/1907 1562/4607/2001
f 1392/4101/1907 1357/3998/2003 1145/3345/1936
s 0
f 1145/3345/2123 1357/3998/2124 1160/3400/2125
s 1
f 1272/3741/2126 1357/3998/2003 1948/5548/2004
f 1230/3616/2127 1392/4101/1907 1145/3345/1936
f 1658/4861/2020 1608/4734/2128 2018/5699/2024
f 1658/4861/2020 1854/5343/1953 1608/4734/2128
f 1608/4734/2128 1854/5343/1953 2022/5708/2129
f 1632/4797/1897 2022/5708/2129 1854/5343/1953
s 0
f 1608/4734/2130 1861/5357/2131 1852/5337/2132
f 1608/4734/2133 1852/5337/2134 2018/5699/2135
f 2018/5699/2136 1852/5337/2137 1830/5290/2138
s 1
f 1997/5645/2139 2018/5699/2024 1830/5290/2140
f 1830/5290/2141 1852/5337/2142 1877/5382/2143
f 1145/3346/1936 280/887/2118 1121/3281/2119
f 1225/3603/1935 1145/3346/1936 103/314/1858
f 103/314/1858 1145/3346/1936 1121/3281/2119
s 0
f 1830/5291/2144 1272/3741/2145 1997/5646/2146
s 1
f 1997/5646/2139 1272/3741/2126 1948/5548/2004
s 0
f 1830/5291/2147 2012/5682/2148 1272/3741/2149
s 1
f 1160/3400/2150 1357/3998/2003 1272/3741/2126
f 1895/5427/1908 1392/4102/1907 1230/3617/2127
f 1230/3617/2127 312/970/2151 1895/5427/1908
f 1031/3009/2152 983/2862/2153 418/1314/2154
f 1010/2939/2155 983/2862/2153 917/2691/2156
f 1145/3347/1936 1160/3398/2150 280/888/2118
f 418/1314/2154 280/889/2118 1160/3398/2150
f 1031/3009/2152 418/1314/2154 1160/3398/2150
f 1031/3009/2152 917/2691/2156 983/2862/2153
f 917/2691/2156 1031/3009/2152 1028/3001/2157
f 1160/3399/2150 203/642/2158 1031/3009/2152
f 918/2694/2159 1031/3009/2152 421/1325/2160
f 203/642/2158 421/1325/2160 1031/3009/2152
f 440/1386/2161 421/1325/2160 203/642/2158
f 421/1325/2160 440/1386/2161 626/1932/2162
f 645/1981/2163 440/1386/2161 685/2091/2164
f 626/1932/2162 440/1386/2161 645/1981/2163
f 626/1932/2162 645/1981/2163 918/2694/2159
f 421/1325/2160 626/1932/2162 918/2694/2159
f 645/1981/2163 685/2091/2164 581/1785/2165
f 508/1587/2112 581/1785/2165 619/1908/2166
f 619/1908/2166 575/1771/2167 508/1587/2112
f 581/1785/2165 861/2545/2168 645/1981/2163
f 171/532/1947 23/70/1945 320/996/2169
f 374/1167/2170 70/201/2171 809/2420/1972
f 320/996/2169 322/1003/2172 580/1783/1971
f 320/996/2169 580/1783/1971 809/2420/1972
f 322/1003/2172 320/996/2169 147/455/2116
f 16/52/1868 320/996/2169 23/70/1945
f 171/532/1947 320/996/2169 70/201/2171
f 16/52/1868 147/455/2116 320/996/2169
f 320/996/2169 809/2420/1972 70/201/2171
f 205/651/1987 388/1212/1988 1308/3845/2173
f 1308/3845/2173 388/1212/1988 292/920/2174
f 280/890/2118 1308/3845/2173 292/920/2174
f 205/651/1987 1308/3845/2173 373/1165/2037
f 337/1061/2074 373/1165/2037 1308/3845/2173
f 280/890/2118 1147/3352/2175 1308/3845/2173
f 280/890/2118 261/815/2078 1147/3352/2175
f 566/1745/2111 261/815/2078 280/890/2118
f 566/1745/2111 280/890/2118 477/1510/2176
f 767/2311/2177 566/1745/2111 477/1510/2176
f 280/890/2118 418/1315/2154 477/1510/2176
f 767/2311/2177 477/1510/2176 983/2863/2153
f 477/1510/2176 418/1315/2154 983/2864/2153
f 147/456/2116 388/1213/1988 280/891/2118
f 881/2602/2178 1035/3025/2179 322/1004/2172
f 322/1004/2172 147/456/2116 280/891/2118
f 292/921/2174 322/1004/2172 280/891/2118
s 0
f 373/1166/2180 292/921/2181 388/1214/2182
s 1
f 292/921/2183 373/1166/2184 1213/3563/2185
f 373/1166/2184 452/1428/2186 1213/3563/2185
f 452/1428/2186 591/1820/2085 337/1059/2074
f 452/1428/2186 337/1059/2074 1213/3563/2185
f 292/921/2183 1213/3563/2185 261/816/2078
f 292/921/2183 261/816/2078 566/1746/2111
f 322/1004/2172 566/1746/2111 881/2602/2178
s 0
f 292/921/2187 566/1746/2188 322/1004/2189
s 1
f 881/2602/2178 566/1746/2111 677/2068/2190
f 1674/4915/2032 1483/4371/2056 1503/4430/2029
f 337/1060/2074 1289/3787/2072 187/584/2077
f 97/292/2026 187/584/2077 1289/3787/2072
f 373/1165/2037 337/1061/2074 591/1821/2085
s 0
f 373/1165/2191 591/1821/2192 444/1398/2193
s 1
f 1308/3845/2173 1147/3352/2175 337/1061/2074
f 373/1166/2037 388/1214/1988 470/1493/2033
f 373/1166/2184 444/1399/2194 452/1428/2186
f 1213/3564/2185 337/1062/2074 187/585/2077
f 1213/3564/2185 187/585/2077 261/817/2078
f 1643/4820/2002 1449/4264/2027 1830/5292/2141
f 1502/4425/2195 1830/5292/2141 1449/4264/2027
f 1948/5549/2004 1643/4820/2002 1830/5292/2141
f 1997/5647/2139 1948/5549/2004 1877/5383/2143
f 1997/5647/2139 1674/4916/2032 2018/5700/2024
f 1830/5292/2141 1877/5383/2143 1948/5549/2004
f 1272/3741/2126 203/643/2158 1160/3400/2150
f 1674/4917/2032 1997/5648/2139 1877/5384/2143
f 1877/5384/2143 1483/4372/2056 1674/4917/2032
f 1483/4372/2056 1877/5384/2143 1685/4940/2196
f 1685/4941/2196 1502/4426/2195 1721/5047/2197
f 143/439/2198 1113/3251/2199 161/497/2200
f 154/476/2201 161/497/2200 1113/3251/2199
f 226/709/2202 154/476/2201 1113/3251/2199
f 147/457/2116 404/1265/1866 394/1231/2115
f 16/53/1868 404/1265/1866 147/457/2116
f 470/1493/2033 757/2284/2035 373/1166/2037
f 1040/3042/1973 580/1784/1971 997/2901/2203
f 1035/3026/2179 997/2901/2203 580/1784/1971
f 322/1005/2172 1035/3026/2179 580/1784/1971
f 1035/3026/2179 1028/2999/2157 997/2901/2203
f 997/2901/2203 1028/3000/2157 1010/2938/2155
f 997/2901/2203 1010/2938/2155 917/2692/2156
f 917/2692/2156 1028/3000/2157 942/2750/2204
f 917/2692/2156 1066/3128/1974 1093/3200/1978
f 917/2692/2156 1093/3200/1978 997/2901/2203
f 1093/3200/1978 1040/3042/1973 997/2901/2203
f 1028/3000/2157 956/2789/2205 942/2750/2204
f 374/1168/2170 917/2692/2156 787/2364/2206
f 374/1168/2170 1066/3128/1974 917/2692/2156
f 1066/3128/1974 374/1168/2170 809/2421/1972
f 263/825/2207 582/1791/2208 522/1628/2209
f 582/1791/2208 263/825/2207 121/377/2210
f 121/377/2210 263/825/2207 1145/3348/1936
f 121/377/2210 1145/3348/1936 411/1291/2211
f 171/533/1947 121/377/2210 411/1291/2211
f 1252/3687/1937 411/1291/2211 1145/3348/1936
f 411/1291/2211 1252/3687/1937 70/202/2171
f 70/202/2171 1252/3687/1937 376/1176/2212
f 263/825/2207 312/971/2151 1145/3348/1936
f 263/825/2207 522/1628/2209 300/942/2213
f 522/1628/2209 1089/3188/2214 300/942/2213
f 936/2738/2215 300/943/2213 1089/3189/2214
f 936/2738/2215 582/1792/2208 121/378/2210
f 936/2738/2215 121/378/2210 300/944/2213
f 1010/2940/2155 1031/3009/2152 918/2694/2159
f 922/2700/2216 1010/2940/2155 918/2694/2159
f 1010/2940/2155 922/2700/2216 861/2545/2168
f 922/2700/2216 645/1981/2163 861/2545/2168
f 1028/3001/2157 1031/3009/2152 1010/2939/2155
f 1010/2940/2155 861/2545/2168 730/2209/2217
f 581/1785/2165 508/1587/2112 730/2209/2217
f 581/1785/2165 730/2209/2217 861/2545/2168
f 918/2694/2159 645/1981/2163 922/2700/2216
s 0
f 1010/2941/2218 767/2312/2219 983/2865/2220
s 1
f 1010/2941/2155 730/2210/2217 855/2528/2221
f 901/2655/2222 891/2633/2223 855/2528/2221
f 891/2633/2223 901/2655/2222 808/2411/2224
f 891/2633/2223 808/2411/2224 879/2598/2225
f 891/2633/2223 879/2598/2225 892/2634/2226
f 566/1747/2111 891/2633/2223 892/2634/2226
f 891/2633/2223 566/1747/2111 767/2312/2177
f 891/2633/2223 767/2312/2177 855/2528/2221
f 855/2528/2221 767/2312/2177 1010/2941/2155
f 689/2104/1613 814/2428/2227 640/1973/2113
f 740/2239/2228 816/2431/2100 945/2757/2229
f 856/2531/2230 740/2239/2228 945/2757/2229
f 902/2658/2231 856/2531/2230 945/2757/2229
f 877/2589/2232 945/2757/2229 919/2695/2233
f 919/2695/2233 945/2757/2229 986/2868/2234
f 708/2156/1615 945/2757/2229 816/2431/2100
f 708/2156/1615 816/2431/2100 689/2104/1613
f 999/2905/2235 945/2757/2229 708/2156/1615
f 945/2757/2229 999/2905/2235 687/2097/2236
f 1033/3016/2237 1009/2935/2238 1017/2961/2239
f 1033/3016/2237 1017/2961/2239 923/2701/2240
f 986/2868/2234 945/2757/2229 923/2701/2240
f 945/2757/2229 687/2097/2236 923/2701/2240
f 816/2431/2100 814/2428/2227 689/2104/1613
f 640/1973/2113 814/2428/2227 655/2009/2241
f 814/2428/2227 816/2432/2100 655/2009/2241
f 816/2432/2100 505/1576/2242 655/2009/2241
f 680/2080/2041 591/1822/2085 452/1429/2186
f 677/2069/2190 566/1748/2111 591/1822/2085
f 680/2080/2041 940/2746/2114 677/2069/2190
f 680/2080/2041 677/2069/2190 591/1822/2085
f 940/2746/2114 765/2308/2243 677/2069/2190
f 765/2308/2243 655/2009/2241 677/2069/2190
f 808/2412/2224 881/2603/2178 677/2069/2190
f 940/2746/2114 640/1973/2113 765/2308/2243
f 655/2009/2241 765/2308/2243 640/1973/2113
f 655/2009/2241 821/2444/2244 677/2069/2190
f 1028/3002/2157 1035/3027/2179 932/2725/2245
f 932/2725/2245 1035/3028/2179 881/2604/2178
f 808/2413/2224 539/1673/2246 932/2725/2245
f 627/1933/2247 539/1673/2246 691/2108/2248
f 916/2690/2249 539/1673/2246 627/1933/2247
f 916/2690/2249 594/1834/2250 710/2162/2251
f 594/1834/2250 916/2690/2249 627/1933/2247
f 932/2725/2245 539/1673/2246 916/2690/2249
f 932/2725/2245 956/2790/2205 1028/3002/2157
f 917/2693/2156 942/2751/2204 787/2365/2206
f 449/1413/2252 787/2365/2206 710/2162/2251
f 594/1834/2250 449/1413/2252 710/2162/2251
f 710/2162/2251 787/2365/2206 942/2751/2204
f 916/2690/2249 710/2162/2251 956/2790/2205
f 916/2690/2249 956/2790/2205 932/2725/2245
f 956/2790/2205 710/2162/2251 942/2751/2204
f 892/2635/2226 808/2414/2224 566/1749/2111
f 808/2415/2224 901/2656/2222 566/1750/2111
f 566/1750/2111 901/2656/2222 879/2599/2225
f 566/1750/2111 879/2599/2225 855/2529/2221
f 855/2529/2221 730/2211/2217 566/1750/2111
f 932/2726/2245 881/2605/2178 892/2636/2226
f 892/2636/2226 901/2657/2222 932/2726/2245
f 879/2600/2225 901/2657/2222 892/2636/2226
f 892/2636/2226 881/2605/2178 808/2416/2224
f 879/2600/2225 808/2417/2224 855/2530/2221
f 855/2530/2221 808/2417/2224 932/2726/2245
f 901/2657/2222 855/2530/2221 932/2726/2245
f 1906/5460/1899 2033/5735/1896 2023/5711/2253
f 1960/5576/2254 2033/5735/1896 2039/5749/1894
f 1368/4032/2255 1279/3760/1914 2023/5711/2253
f 1279/3760/1914 1401/4127/2256 2023/5711/2253
f 1279/3760/1914 1393/4103/2257 1401/4127/2256
f 1440/4238/2258 1405/4138/2259 1393/4104/2257
f 1405/4138/2259 1440/4238/2258 1401/4127/2256
f 1401/4127/2256 1440/4238/2258 2023/5711/2253
f 2023/5711/2253 2033/5735/1896 1368/4032/2255
f 1368/4032/2255 2033/5735/1896 1829/5287/2260
f 2023/5711/2253 1440/4238/2258 1906/5460/1899
f 1960/5576/2254 1829/5287/2260 2033/5735/1896
f 1882/5397/1895 1504/4431/2261 2039/5750/1894
f 1504/4431/2261 1960/5577/2254 2039/5750/1894
f 1960/5577/2254 1383/4076/1932 1829/5288/2260
f 1504/4431/2261 1383/4076/1932 1960/5577/2254
f 1504/4431/2261 1882/5397/1895 1389/4095/2262
f 1389/4095/2262 1383/4076/1932 1504/4431/2261
f 1383/4076/1932 1389/4095/2262 1103/3222/1911
f 1389/4095/2262 1279/3761/1914 1103/3223/1911
f 1417/4174/2263 1393/4105/2257 1837/5306/1904
f 1279/3761/1914 1389/4095/2262 1393/4105/2257
f 1837/5307/1904 1393/4105/2257 1389/4095/2262
f 1837/5307/1904 1389/4095/2262 1882/5397/1895
f 1103/3224/1911 1279/3762/1914 114/349/1913
f 1401/4128/2256 1368/4033/2255 1829/5289/2260
f 1829/5289/2260 1405/4139/2259 1401/4128/2256
f 1405/4139/2259 1829/5289/2260 1417/4175/2263
f 1417/4175/2263 1829/5289/2260 1393/4106/2257
f 1393/4106/2257 1829/5289/2260 1440/4239/2258
f 1440/4239/2258 1829/5289/2260 1983/5618/2264
f 1440/4239/2258 1983/5618/2264 1761/5143/2265
f 1761/5143/2265 1983/5618/2264 1824/5273/2266
f 1438/4231/2267 1983/5618/2264 1829/5289/2260
f 1440/4239/2258 1761/5143/2265 1638/4808/2268
f 1638/4808/2268 1761/5143/2265 1702/4993/2269
f 1761/5143/2265 1824/5273/2266 1702/4993/2269
f 1638/4808/2268 1636/4805/2270 1566/4618/2271
f 1566/4618/2271 1636/4805/2270 1595/4697/2272
f 1628/4781/2273 1636/4805/2270 1638/4808/2268
f 1628/4781/2273 1638/4808/2268 1702/4993/2269
f 1653/4849/2274 1702/4993/2269 1824/5273/2266
f 1983/5618/2264 1438/4231/2267 2000/5655/2275
f 1824/5273/2266 1983/5618/2264 1766/5153/2276
f 1983/5618/2264 2000/5655/2275 1766/5153/2276
f 1393/4107/2257 1368/4034/2255 1401/4129/2256
f 1368/4034/2255 1393/4107/2257 1405/4140/2259
f 1368/4034/2255 1405/4140/2259 1417/4176/2263
f 1837/5308/1904 1548/4563/1906 1518/4467/2277
f 1837/5308/1904 1578/4648/627 1548/4563/1906
f 1537/4532/2278 1438/4230/2267 1368/4034/2255
f 1537/4532/2278 1368/4034/2255 1417/4176/2263
f 1368/4034/2255 1438/4230/2267 1383/4077/1932
f 1537/4532/2278 1762/5144/2279 1766/5154/2276
f 1702/4994/2269 1762/5144/2279 1566/4619/2271
f 1702/4994/2269 1566/4619/2271 1628/4782/2273
f 1628/4782/2273 1566/4619/2271 1595/4698/2272
f 1762/5144/2279 1518/4467/2277 1566/4619/2271
f 1518/4467/2277 1762/5144/2279 1417/4176/2263
f 1837/5308/1904 1518/4467/2277 1417/4176/2263
f 1417/4176/2263 1762/5144/2279 1537/4532/2278
f 96/288/1915 1233/3628/1916 90/263/1929
f 1279/3763/1914 1368/4035/2255 1383/4078/1932
f 1383/4078/1932 116/351/2280 1279/3763/1914
f 408/1282/1931 215/682/2281 1383/4078/1932
f 1233/3629/1916 1279/3763/1914 116/351/2280
f 215/682/2281 116/352/2280 1383/4078/1932
f 214/679/2282 116/352/2280 215/682/2281
f 215/682/2281 408/1282/1931 354/1111/1940
f 215/682/2281 354/1111/1940 90/265/1929
f 90/265/1929 214/679/2282 215/682/2281
f 354/1111/1940 1271/3740/1941 90/265/1929
f 116/353/2280 3/12/2283 1233/3630/1916
f 336/1054/2284 204/645/2285 3/12/2283
f 56/173/2286 3/12/2283 204/645/2285
f 3/12/2283 56/173/2286 79/234/2287
f 56/173/2286 10/30/2288 79/234/2287
f 1233/3630/1916 3/12/2283 90/262/1929
f 90/262/1929 1236/3643/2289 232/726/2290
f 63/188/2291 232/726/2290 1236/3643/2289
f 1161/3401/2292 90/262/1929 232/726/2290
f 1161/3401/2292 232/726/2290 1106/3233/2293
f 1252/3688/1937 1161/3401/2292 1106/3233/2293
f 232/726/2290 63/188/2291 406/1269/2294
f 1236/3643/2289 378/1184/2295 63/188/2291
f 79/234/2287 1236/3643/2289 3/12/2283
f 90/262/1929 3/12/2283 1236/3643/2289
s 0
f 206/652/2296 1106/3233/2297 406/1269/2298
s 1
f 406/1269/2294 1106/3233/2293 232/726/2290
f 122/382/2299 63/188/2291 378/1184/2295
f 77/226/2300 122/382/2299 378/1184/2295
f 77/226/2300 378/1184/2295 1236/3643/2289
f 1236/3643/2289 79/234/2287 77/226/2300
s 0
f 1906/5461/2301 1998/5651/2302 2033/5736/2303
s 1
f 1906/5461/1899 1440/4240/2258 1638/4809/2268
s 0
f 1638/4809/2304 1653/4850/2305 2007/5673/2306
s 1
f 1638/4809/2268 1518/4468/2277 1653/4850/2274
f 1628/4783/2273 1653/4850/2274 1636/4806/2270
f 1636/4806/2270 1653/4850/2274 1518/4468/2277
f 1636/4806/2270 1518/4468/2277 1595/4699/2272
f 1518/4468/2277 1638/4809/2268 1566/4620/2271
f 2007/5673/2307 1468/4320/1952 1664/4882/1898
f 1664/4882/1898 1638/4809/2268 2007/5673/2307
f 1664/4882/1898 1468/4320/1952 1548/4564/1906
f 1638/4809/2268 1664/4882/1898 1906/5461/1899
f 1896/5431/2308 2007/5673/2307 1653/4850/2274
f 1537/4532/2278 1766/5154/2276 2000/5654/2275
f 1438/4230/2267 1537/4532/2278 1339/3938/2309
f 1537/4532/2278 2000/5654/2275 1339/3938/2309
f 2000/5654/2275 1351/3971/2310 1339/3938/2309
f 1632/4798/1897 1468/4320/1952 2022/5709/2129
f 1750/5117/2311 1468/4320/1952 2007/5673/2307
f 90/263/1929 1297/3810/1933 370/1157/1930
f 1590/4684/1951 1619/4759/1905 1757/5133/1910
f 1757/5133/1910 1667/4899/1864 1895/5428/1908
f 1448/4258/2312 1590/4685/1951 1757/5134/1910
s 0
f 1518/4469/2313 2015/5688/2314 1702/4995/2315
s 1
f 1568/4622/2316 1702/4995/2269 2015/5688/2317
f 1590/4685/1951 2015/5688/2318 1548/4565/1906
f 1548/4565/1906 2015/5688/2318 1518/4469/2277
f 1795/5217/2319 1590/4685/1951 1448/4258/2312
f 1590/4685/1951 1795/5217/2319 2015/5688/2318
f 171/534/1947 1259/3708/1934 1117/3270/1946
f 171/535/1947 351/1103/2320 1259/3708/1934
f 351/1103/2320 171/535/1947 411/1292/2211
f 1595/4700/2272 1518/4469/2277 1702/4995/2269
f 1628/4784/2273 1595/4700/2272 1653/4851/2274
f 1653/4851/2274 1595/4700/2272 1702/4995/2269
f 1766/5155/2276 1762/5145/2279 1702/4995/2269
f 1161/3403/2292 1297/3811/1933 1271/3738/1941
f 1161/3402/2292 1271/3739/1941 30/85/2321
f 90/264/1929 1161/3402/2292 30/85/2321
f 351/1104/2320 30/85/2321 1271/3739/1941
f 351/1104/2320 1271/3739/1941 1117/3271/1946
f 1161/3403/2292 1252/3689/1937 1259/3709/1934
f 1259/3709/1934 351/1104/2320 1161/3403/2292
f 351/1104/2320 1117/3271/1946 1161/3403/2292
f 1161/3403/2292 1117/3271/1946 1297/3811/1933
f 1297/3811/1933 1117/3271/1946 1259/3710/1934
f 1271/3740/1941 1297/3812/1933 90/265/1929
f 93/275/2322 90/266/1929 99/298/2323
f 30/86/2321 99/298/2323 90/266/1929
f 355/1112/2324 40/124/2325 399/1245/2326
f 99/298/2323 355/1112/2324 85/251/2327
f 355/1112/2324 399/1245/2326 410/1289/2328
f 90/266/1929 93/275/2322 214/680/2282
f 93/275/2322 85/250/2327 157/487/2329
f 56/171/2286 93/275/2322 157/487/2329
f 214/680/2282 93/275/2322 367/1149/2330
f 367/1149/2330 56/171/2286 329/1021/2331
f 56/171/2286 367/1149/2330 93/275/2322
f 56/171/2286 204/646/2285 333/1041/2332
f 56/171/2286 333/1041/2332 329/1021/2331
f 99/298/2323 30/86/2321 40/125/2325
s 0
f 40/125/2333 411/1293/2334 200/632/2335
s 1
f 351/1105/2320 411/1293/2211 40/125/2325
f 351/1105/2320 40/125/2325 30/86/2321
f 1335/3928/2336 2000/5655/2275 1438/4231/2267
f 1383/4079/1932 1438/4231/2267 1829/5289/2260
f 1335/3928/2336 1337/3933/2337 2000/5655/2275
f 116/354/2338 398/1242/2339 72/211/2340
f 283/897/2341 413/1298/2342 333/1042/2332
f 283/897/2341 333/1042/2332 204/647/2285
f 413/1298/2342 283/897/2341 398/1242/2339
f 398/1242/2339 283/897/2341 72/211/2340
f 157/488/2329 72/211/2340 283/897/2341
f 1112/3249/2343 1335/3929/2336 1438/4232/2267
f 72/211/2340 1335/3929/2336 1124/3288/2344
f 72/211/2340 1337/3934/2337 1335/3929/2336
f 1315/3859/2345 1337/3934/2337 72/211/2340
f 85/248/2327 1315/3859/2345 157/488/2329
f 157/488/2329 1315/3859/2345 72/211/2340
f 56/172/2286 157/488/2329 283/897/2341
s 0
f 1124/3288/2346 1335/3929/2347 1112/3249/2348
s 1
f 116/354/2338 72/211/2340 1124/3288/2344
f 116/355/2338 1112/3250/2343 336/1056/2284
s 0
f 336/1056/2349 3/13/2350 116/355/2351
s 1
f 24/71/2352 18/57/2353 10/32/2288
f 24/71/2352 10/31/2288 204/648/2285
f 10/31/2288 283/898/2341 204/648/2285
f 204/648/2285 336/1055/2284 123/386/2354
f 204/648/2285 123/386/2354 24/71/2352
f 336/1056/2284 24/71/2352 329/1022/2331
f 1124/3289/2344 1112/3250/2343 116/355/2338
f 18/57/2353 1112/3250/2343 1438/4233/2267
f 1339/3939/2309 18/57/2353 1438/4233/2267
f 1339/3939/2309 1351/3972/2310 10/32/2288
f 10/32/2288 18/57/2353 1339/3939/2309
f 1112/3250/2343 18/57/2353 24/71/2352
f 1112/3250/2343 24/71/2352 336/1056/2284
f 10/32/2288 77/227/2300 79/235/2287
f 10/32/2288 1351/3972/2310 77/227/2300
f 2000/5656/2275 1842/5315/2355 1351/3973/2310
f 1842/5315/2355 1766/5155/2276 1394/4108/2356
f 1842/5315/2355 1394/4108/2356 1351/3973/2310
f 1394/4108/2356 77/228/2300 1351/3973/2310
f 1702/4995/2269 1394/4108/2356 1766/5155/2276
f 1337/3935/2337 1315/3860/2345 1842/5316/2355
f 1842/5316/2355 2000/5657/2275 1337/3935/2337
f 1315/3860/2345 1766/5156/2276 1842/5316/2355
f 1315/3860/2345 1653/4852/2274 1766/5156/2276
f 410/1288/2328 1406/4141/2357 85/249/2327
f 85/249/2327 1406/4141/2357 1315/3860/2345
f 1653/4852/2274 1824/5274/2266 1766/5156/2276
f 77/229/2300 1394/4108/2356 122/383/2299
f 10/33/2288 56/173/2286 283/899/2341
f 2007/5674/2307 1896/5432/2308 1750/5118/2311
f 1750/5118/2311 1530/4516/2358 1513/4456/2359
f 1489/4388/2360 1750/5118/2311 1513/4456/2359
f 1468/4321/1952 1750/5118/2311 1489/4388/2360
f 1468/4321/1952 1489/4388/2360 2022/5710/2129
f 1861/5358/2361 1608/4735/2128 1489/4388/2360
f 1513/4456/2359 1861/5358/2361 1489/4388/2360
f 1861/5358/2361 1513/4456/2359 1662/4873/2362
f 1852/5338/2142 1861/5358/2361 1662/4873/2362
f 1662/4873/2362 1513/4456/2359 1858/5350/2363
f 1896/5432/2308 1530/4516/2358 1750/5118/2311
f 93/275/2322 99/298/2323 85/250/2327
f 40/125/2325 355/1112/2324 99/298/2323
f 85/251/2327 355/1112/2324 410/1289/2328
f 1406/4141/2357 1896/5433/2308 1653/4852/2274
f 1653/4852/2274 1315/3860/2345 1406/4141/2357
f 1964/5585/2364 1513/4456/2359 1530/4516/2358
f 1513/4456/2359 1964/5585/2364 1858/5350/2363
f 1712/5021/2365 1721/5048/2197 1662/4873/2362
f 1736/5083/2366 1406/4142/2357 410/1290/2328
f 1736/5083/2366 1896/5434/2308 1406/4142/2357
f 1530/4517/2358 1896/5434/2308 1736/5083/2366
f 1736/5083/2366 1300/3822/2367 1530/4517/2358
f 1858/5351/2363 1964/5586/2364 1343/3953/2368
f 1858/5351/2363 1343/3953/2368 1712/5022/2365
f 1713/5024/2369 1712/5022/2365 1343/3953/2368
f 1300/3822/2367 198/627/2370 238/740/2371
f 410/1290/2328 198/627/2370 1300/3822/2367
f 1736/5083/2366 410/1290/2328 1300/3822/2367
f 410/1290/2328 399/1246/2326 198/627/2370
f 1300/3822/2367 1964/5586/2364 1530/4517/2358
f 1964/5586/2364 1300/3822/2367 1343/3953/2368
f 1343/3953/2368 1300/3822/2367 238/740/2371
f 1343/3953/2368 900/2651/2372 1163/3408/2373
f 900/2651/2372 1343/3953/2368 238/740/2371
f 977/2845/2374 238/740/2371 198/627/2370
f 977/2845/2374 198/627/2370 449/1414/2252
f 900/2651/2372 238/740/2371 977/2845/2374
f 900/2651/2375 642/1976/2376 618/1904/2377
f 594/1835/2250 627/1934/2247 955/2788/2378
f 955/2788/2378 627/1934/2247 900/2651/2375
f 627/1934/2247 642/1976/2376 900/2651/2375
s 0
f 900/2651/2379 977/2845/2380 955/2788/2381
s 1
f 449/1414/2252 955/2788/2378 977/2845/2374
f 594/1835/2250 955/2788/2378 449/1414/2252
s 0
f 900/2651/2382 424/1330/2383 1163/3408/2384
s 1
f 439/1381/2385 1163/3408/2373 424/1330/2386
f 1702/4996/2269 1568/4623/2316 1394/4109/2356
f 1404/4136/2387 1394/4109/2356 1568/4623/2316
f 1404/4136/2387 1568/4623/2316 1317/3866/2388
f 1429/4207/2389 1657/4859/2390 1317/3866/2388
f 1857/5349/2391 1657/4859/2390 1429/4207/2389
s 0
f 1657/4859/2392 1857/5349/2393 1870/5372/2394
s 1
f 1657/4859/2390 1659/4862/2395 1317/3866/2388
f 1659/4862/2395 1657/4859/2390 1870/5372/2396
f 1659/4862/2395 1870/5372/2396 1662/4872/2362
f 1659/4862/2395 1662/4872/2362 1670/4903/2397
f 1670/4903/2397 1662/4872/2362 1721/5049/2197
f 1685/4942/2196 1662/4872/2362 1502/4427/2195
s 0
f 1502/4427/2398 2012/5683/2399 1830/5293/2400
f 1568/4623/2401 2015/5689/2402 1795/5218/2403
s 1
f 1429/4207/2389 1471/4325/2404 1857/5349/2391
f 1471/4325/2404 1662/4872/2362 1857/5349/2391
f 1471/4325/2404 1617/4751/2405 1662/4872/2362
f 2012/5683/2406 1662/4872/2362 1617/4751/2405
f 1617/4751/2405 1471/4325/2404 1350/3969/2407
f 1471/4325/2404 1429/4207/2389 1795/5218/2319
f 1795/5218/2319 1429/4207/2389 1568/4623/2316
f 1429/4207/2389 1317/3866/2388 1568/4623/2316
f 1870/5372/2396 1857/5349/2391 1662/4872/2362
f 1662/4872/2362 2012/5683/2406 1502/4427/2195
f 1617/4751/2405 1272/3742/2126 2012/5683/2406
f 1670/4903/2397 1600/4714/2408 1773/5167/2409
f 1659/4862/2395 1670/4903/2397 1773/5167/2409
f 1404/4137/2387 1317/3867/2388 1394/4110/2356
s 0
f 122/384/2410 1394/4110/2411 1317/3867/2412
s 1
f 122/384/2413 1317/3867/2388 98/293/2414
f 818/2438/1963 936/2739/2215 1082/3171/1966
f 1082/3171/1966 1089/3190/2214 1088/3187/1975
f 936/2739/2215 818/2438/1963 526/1638/1962
f 1082/3171/1966 936/2739/2215 1089/3190/2214
f 1089/3190/2214 1062/3115/1961 1088/3187/1975
f 526/1638/1962 582/1793/2208 936/2739/2215
f 946/2760/1969 616/1902/1965 397/1241/1964
f 582/1793/2208 526/1638/1962 522/1629/2209
f 522/1629/2209 526/1638/1962 1062/3116/1961
f 522/1629/2209 1062/3116/1961 1089/3191/2214
f 214/681/2282 367/1149/2330 413/1299/2342
f 413/1299/2342 431/1352/2415 214/681/2282
f 214/681/2282 431/1352/2415 398/1243/2339
s 0
f 116/356/2416 214/681/2417 398/1243/2418
s 1
f 333/1043/2332 413/1299/2342 367/1149/2330
f 398/1244/2339 123/387/2354 413/1300/2342
f 431/1353/2415 123/387/2354 398/1244/2339
f 385/1204/2419 431/1353/2415 413/1301/2342
f 123/388/2354 329/1023/2331 24/72/2352
f 329/1023/2331 123/388/2354 367/1150/2330
f 367/1150/2330 385/1205/2419 333/1044/2332
f 333/1045/2332 123/388/2354 336/1057/2284
f 333/1045/2332 336/1057/2284 329/1024/2331
f 123/388/2354 333/1045/2332 385/1205/2419
f 385/1205/2419 413/1302/2342 123/388/2354
f 367/1150/2330 123/388/2354 431/1354/2415
f 367/1150/2330 431/1354/2415 385/1205/2419
f 406/1270/2294 433/1361/2420 40/126/2325
f 433/1361/2420 389/1215/2421 198/627/2370
f 433/1361/2420 198/627/2370 399/1246/2326
f 1141/3334/2422 406/1271/2294 249/774/2423
f 249/774/2423 406/1271/2294 63/189/2291
s 0
f 249/774/2424 122/385/2425 98/294/2426
s 1
f 249/774/2423 98/294/2427 1141/3334/2422
s 0
f 1283/3772/2428 1141/3334/2429 98/294/2430
f 249/774/2431 63/189/2432 122/385/2433
s 1
f 399/1246/2326 40/126/2325 433/1361/2420
f 1608/4735/2128 2022/5710/2129 1489/4388/2360
f 1367/4030/2434 1757/5135/1910 1895/5429/1908
f 1757/5136/1910 1367/4030/2434 1448/4259/2312
f 1209/3551/2435 1448/4259/2312 1367/4030/2434
f 1877/5385/2143 1852/5338/2142 1685/4943/2196
f 1685/4943/2196 1852/5338/2142 1662/4873/2362
f 376/1177/2212 1209/3552/2435 300/945/2213
f 121/379/2210 376/1177/2212 300/945/2213
f 300/945/2213 1209/3552/2435 312/973/2151
f 312/972/2151 263/826/2207 300/945/2213
f 312/973/2151 1209/3552/2435 1895/5430/1908
f 1895/5430/1908 1209/3552/2435 1367/4031/2434
f 1448/4260/2312 1209/3553/2435 376/1178/2212
f 1252/3690/1937 1448/4260/2312 376/1178/2212
f 121/380/2210 70/203/2171 376/1178/2212
f 1145/3349/1936 312/974/2151 1230/3618/2127
f 1471/4325/2404 1448/4261/2312 1350/3969/2407
f 1795/5218/2319 1448/4261/2312 1471/4325/2404
f 1350/3969/2407 1272/3742/2126 1617/4751/2405
f 1272/3743/2126 1350/3970/2407 1243/3664/2436
f 1243/3664/2436 1350/3970/2407 1448/4262/2312
f 1243/3664/2436 1448/4262/2312 1252/3691/1937
f 1106/3234/2293 206/653/2437 1252/3691/1937
f 1252/3691/1937 206/653/2437 1243/3664/2436
f 203/644/2158 1272/3743/2126 1243/3664/2436
f 440/1387/2161 203/644/2158 1243/3664/2436
f 194/611/2438 440/1387/2161 1265/3723/2439
f 1265/3723/2439 440/1387/2161 1243/3664/2436
f 406/1272/2294 5/16/2440 206/653/2437
f 206/653/2437 5/16/2440 1243/3664/2436
f 1243/3664/2436 5/16/2440 237/737/2441
f 1265/3723/2439 1243/3664/2436 237/737/2441
f 1265/3723/2439 237/737/2441 449/1415/2252
f 171/536/1947 70/204/2171 121/381/2210
f 1265/3724/2439 1141/3335/2422 1283/3773/2442
s 0
f 194/614/2443 1283/3773/2444 98/295/2445
s 1
f 1141/3335/2422 389/1216/2421 433/1362/2420
f 1141/3335/2422 433/1362/2420 406/1273/2294
f 389/1216/2421 406/1275/2294 40/127/2325
f 313/975/2446 5/17/2440 406/1274/2294
f 5/17/2440 313/975/2446 1265/3724/2439
f 1265/3724/2439 313/975/2446 1141/3335/2422
f 313/975/2446 406/1275/2294 389/1216/2421
f 313/975/2446 389/1216/2421 1141/3335/2422
f 449/1416/2252 5/17/2440 1265/3724/2439
f 307/961/2447 40/128/2325 200/633/2448
f 307/961/2447 237/738/2441 5/18/2440
f 389/1217/2421 40/128/2325 5/18/2440
f 198/628/2370 389/1217/2421 449/1417/2252
f 5/18/2440 449/1417/2252 389/1217/2421
f 307/961/2447 5/18/2440 40/128/2325
f 411/1294/2211 374/1169/2170 307/962/2447
f 374/1169/2170 411/1294/2211 70/205/2171
f 307/962/2447 374/1169/2170 237/739/2441
f 449/1418/2252 374/1169/2170 787/2366/2206
f 237/739/2441 374/1169/2170 449/1418/2252
f 307/962/2447 200/634/2448 411/1294/2211
f 143/440/2198 161/498/2200 221/697/2449
f 221/697/2449 161/498/2200 228/716/2450
f 143/440/2198 221/697/2449 33/91/2451
f 143/440/2198 33/91/2451 26/76/2452
f 33/91/2451 158/489/2453 26/76/2452
f 26/76/2452 158/489/2453 154/477/2201
f 26/76/2452 154/477/2201 221/697/2449
f 26/76/2452 221/697/2449 228/716/2450
f 1113/3252/2199 143/441/2198 1102/3218/2454
f 1102/3218/2454 143/441/2198 1219/3582/2455
f 1670/4904/2397 1721/5050/2197 1743/5103/2456
f 161/499/2200 154/478/2201 228/717/2450
f 228/717/2450 154/478/2201 158/490/2453
f 154/478/2201 33/92/2451 221/698/2449
f 228/718/2450 194/612/2438 26/77/2452
f 26/77/2452 194/612/2438 143/442/2198
f 1283/3774/2442 143/442/2198 1265/3725/2439
f 143/442/2198 194/612/2438 1265/3725/2439
f 1283/3774/2442 228/719/2450 143/442/2198
f 194/613/2438 228/719/2450 1283/3774/2442
f 228/719/2450 1219/3583/2455 143/442/2198
f 98/295/2414 440/1388/2161 194/614/2438
f 685/2092/2164 440/1388/2161 970/2828/2457
f 440/1389/2161 98/296/2414 970/2829/2457
f 98/296/2414 360/1132/2458 970/2829/2457
f 360/1131/2458 1317/3868/2388 1659/4863/2395
f 1317/3868/2388 360/1131/2458 98/297/2414
f 900/2652/2375 360/1131/2458 439/1382/2385
f 1163/3409/2373 360/1131/2458 1659/4863/2395
f 360/1131/2458 1163/3409/2373 439/1382/2385
f 970/2829/2457 360/1132/2458 900/2653/2375
f 900/2653/2375 618/1905/2377 581/1786/2165
f 581/1786/2165 685/2093/2164 900/2653/2375
f 900/2653/2375 685/2093/2164 970/2829/2457
f 1662/4874/2362 1858/5351/2363 1712/5022/2365
f 1219/3584/2455 1295/3805/2459 149/460/2460
f 1219/3584/2455 149/460/2460 33/93/2451
f 1295/3805/2459 1219/3584/2455 228/720/2450
f 335/1049/2461 228/720/2450 158/491/2453
f 1295/3805/2459 228/720/2450 335/1049/2461
f 158/491/2453 33/94/2451 162/500/2462
f 335/1049/2461 158/491/2453 162/500/2462
f 1242/3661/2463 1163/3410/2373 1295/3805/2459
f 149/460/2460 1295/3805/2459 1163/3410/2373
f 1295/3805/2459 335/1049/2461 1190/3487/2464
f 517/1612/2465 618/1906/2377 642/1977/2376
f 473/1497/2466 517/1612/2465 761/2292/2467
f 517/1612/2465 642/1977/2376 761/2292/2467
f 642/1977/2376 678/2071/2468 581/1787/2165
f 761/2292/2467 642/1977/2376 581/1787/2165
f 678/2071/2468 642/1977/2376 627/1935/2247
f 678/2071/2468 627/1935/2247 761/2293/2467
f 335/1050/2461 162/501/2462 439/1383/2385
f 335/1050/2461 439/1383/2385 38/116/2469
f 439/1383/2385 424/1331/2386 38/116/2469
f 581/1788/2165 618/1907/2377 517/1613/2465
f 581/1788/2165 517/1613/2465 568/1753/2470
f 761/2294/2467 581/1788/2165 568/1753/2470
f 424/1332/2386 517/1613/2465 473/1498/2466
f 424/1332/2386 900/2654/2375 517/1613/2465
f 439/1384/2385 568/1753/2470 517/1613/2465
f 517/1613/2465 900/2654/2375 439/1384/2385
f 19/61/1597 53/165/1644 27/79/1600
f 1130/3304/1670 1255/3701/1599 27/79/1600
f 27/79/1600 53/165/1644 1104/3226/1668
f 27/79/1600 383/1196/2471 1130/3304/1670
f 2004/5667/1586 1463/4304/1585 1803/5227/2063
f 1888/5409/1587 2004/5667/1586 1516/4463/2060
f 1516/4463/2060 2004/5667/1586 1803/5227/2063
f 1505/4433/2008 1888/5409/1587 1516/4463/2060
f 1803/5227/2063 1463/4304/1585 1444/4248/2064
f 1444/4248/2064 1463/4304/1585 1699/4987/2472
f 1463/4304/1585 1398/4118/1661 1699/4987/2472
f 1699/4987/2472 1398/4118/1661 1444/4248/2064
f 1904/5450/2473 1398/4118/1661 1763/5146/2474
f 1904/5450/2473 1444/4248/2064 1398/4118/1661
f 1904/5450/2473 1718/5036/2475 1444/4248/2064
f 1398/4118/1661 2020/5704/1672 1763/5146/2474
f 1516/4463/2060 1803/5227/2063 1567/4621/2062
f 1922/5499/2061 1516/4463/2060 1567/4621/2062
f 1143/3340/1669 1130/3305/1670 1267/3730/2073
f 383/1198/2471 1143/3340/1669 1267/3730/2073
f 1267/3730/2073 1130/3305/1670 1229/3615/2071
f 1229/3615/2071 1130/3305/1670 383/1197/2471
f 113/347/2076 1229/3615/2071 383/1197/2471
f 113/348/2076 383/1198/2471 1267/3730/2073
f 475/1505/2094 541/1691/971 609/1885/1614
f 700/2130/2093 609/1885/1614 541/1691/971
f 650/1994/2099 700/2130/2093 475/1506/2094
f 609/1886/1614 700/2131/2093 953/2785/1611
f 953/2785/1611 700/2131/2093 650/1995/2099
f 609/1887/1614 650/1996/2099 475/1507/2094
f 816/2433/2100 650/1996/2099 718/2181/2108
f 617/1903/2103 718/2181/2108 650/1996/2099
f 1703/4998/1680 1739/5096/1501 1709/5015/1657
f 1492/4397/1682 1703/4998/1680 1482/4370/1594
f 1492/4397/1682 1482/4370/1594 1961/5578/2476
f 1961/5578/2476 1839/5310/2477 1492/4397/1682
f 1839/5310/2477 1482/4370/1594 1481/4361/2053
f 1482/4370/1594 1839/5310/2477 1961/5578/2476
f 1703/4998/1680 1709/5015/1657 1482/4370/1594
f 1238/3648/2478 1104/3227/1668 1143/3341/1669
f 1143/3341/1669 383/1199/2471 306/958/2479
f 306/958/2479 383/1199/2471 104/315/2480
f 1134/3315/2481 104/315/2480 383/1199/2471
f 1134/3315/2481 383/1199/2471 1104/3228/1668
f 1134/3315/2481 1238/3649/2478 1195/3506/2482
f 1104/3228/1668 1238/3649/2478 1134/3315/2481
f 383/1199/2471 27/80/1600 1104/3228/1668
f 1195/3507/2482 1238/3650/2478 306/958/2479
f 1629/4785/2483 1434/4220/1681 1677/4922/2484
f 1629/4785/2483 1677/4922/2484 1971/5597/2485
s 0
f 1677/4922/2486 1492/4398/2486 1822/5267/2487
s 1
f 1492/4399/1682 1677/4922/2484 1434/4221/1681
f 1822/5268/2488 1904/5451/2473 1971/5597/2485
f 1822/5268/2488 1971/5597/2485 1677/4922/2484
f 1220/3587/1725 1134/3316/2481 1195/3508/2482
f 104/317/2480 1134/3316/2481 284/901/1730
f 1220/3587/1725 284/901/1730 1134/3316/2481
f 1263/3720/1726 1140/3332/2489 420/1321/1728
f 1140/3332/2489 1263/3720/1726 1220/3587/1725
f 1195/3508/2482 1140/3332/2489 1220/3587/1725
f 104/316/2480 420/1321/1728 1140/3332/2489
f 284/902/1730 420/1321/1728 104/316/2480
f 1195/3509/2482 306/959/2479 104/317/2480
f 491/1544/1686 750/2268/1628 687/2098/2236
f 621/1914/2490 491/1544/1686 687/2098/2236
f 621/1914/2490 524/1633/2491 491/1544/1686
f 506/1580/1696 687/2100/2236 999/2906/2235
f 621/1913/2490 687/2100/2236 506/1580/1696
f 585/1799/1783 621/1913/2490 506/1580/1696
f 585/1799/1783 602/1869/1833 621/1913/2490
s 0
f 621/1913/2492 602/1869/2493 600/1857/2494
s 1
f 1033/3017/2237 771/2324/2495 799/2389/2496
s 0
f 771/2325/2497 1033/3017/2498 621/1913/2499
s 1
f 600/1857/1835 771/2325/2495 621/1913/2500
f 621/1913/2490 1033/3017/2237 697/2123/2501
f 708/2157/1615 506/1580/1696 999/2906/2235
f 563/1733/1697 506/1580/1696 838/2493/1691
f 306/960/2479 181/564/2502 1143/3342/1669
f 1238/3651/2478 1143/3342/1669 1122/3282/2503
f 1122/3282/2503 1178/3449/2504 1238/3651/2478
f 181/564/2502 1122/3282/2503 1143/3342/1669
f 1238/3652/2478 218/688/2505 306/960/2479
f 181/564/2502 306/960/2479 218/688/2505
f 218/688/2505 1238/3652/2478 59/180/2506
f 1742/5101/2067 1449/4265/2027 1436/4226/2065
f 1449/4265/2027 1567/4621/2062 1436/4226/2065
f 1483/4373/2056 1898/5438/2507 1481/4364/2053
f 1985/5621/2508 1898/5438/2507 1483/4373/2056
f 337/1063/2074 1147/3353/2175 1099/3211/2075
f 1099/3211/2075 1147/3353/2175 1223/3593/2509
f 226/710/2202 1113/3253/2199 1147/3353/2175
f 226/710/2202 1147/3353/2175 261/818/2078
f 261/819/2078 1099/3212/2075 181/565/2502
f 181/565/2502 1099/3212/2075 1122/3283/2503
f 1122/3283/2503 1099/3212/2075 1178/3450/2504
f 1178/3450/2504 1099/3212/2075 1223/3594/2509
f 261/819/2078 181/565/2502 1223/3595/2509
f 1839/5311/2477 1481/4362/2053 1492/4400/1682
f 1822/5269/2488 1492/4401/1682 1718/5037/2475
f 1904/5452/2473 1822/5269/2488 1718/5037/2475
f 1481/4363/2053 1718/5037/2475 1492/4401/1682
f 1971/5597/2485 1904/5453/2473 1580/4655/2510
f 1580/4655/2510 1718/5038/2475 1971/5597/2485
f 1763/5147/2474 2020/5705/1672 1904/5454/2473
f 1881/5393/2511 1904/5454/2473 2020/5705/1672
f 2020/5705/1672 1399/4121/1662 1881/5393/2511
f 1881/5393/2511 1399/4121/1662 1555/4587/2512
f 1881/5393/2511 1580/4656/2510 1904/5455/2473
f 1555/4587/2512 1631/4790/2513 1580/4656/2510
f 1555/4587/2512 1580/4656/2510 1881/5393/2511
f 1555/4587/2512 1399/4121/1662 1818/5259/2514
f 1654/4853/2515 1711/5018/2516 1555/4587/2512
s 0
f 1859/5352/2517 1631/4791/2518 1760/5141/2519
s 1
f 1444/4249/2064 1718/5039/2475 1580/4657/2510
f 1481/4364/2053 1478/4349/2520 1700/4988/2521
f 1481/4365/2053 1700/4988/2521 1718/5039/2475
s 0
f 1971/5598/2522 1718/5039/2523 1701/4990/2524
s 1
f 937/2740/2525 816/2434/2100 740/2240/2228
f 697/2119/2501 937/2740/2525 740/2240/2228
f 877/2590/2232 697/2119/2501 740/2240/2228
f 937/2740/2525 697/2119/2501 687/2099/2236
f 958/2792/2526 877/2590/2232 923/2702/2240
f 958/2792/2526 923/2702/2240 1017/2962/2239
f 962/2800/2527 923/2702/2240 919/2696/2233
f 923/2702/2240 877/2590/2232 919/2696/2233
f 856/2532/2230 902/2659/2231 877/2590/2232
f 601/1865/2106 877/2590/2232 740/2240/2228
f 877/2590/2232 601/1865/2106 856/2532/2230
f 937/2740/2525 750/2269/1628 816/2434/2100
f 750/2269/1628 937/2740/2525 687/2099/2236
f 682/2084/2528 958/2793/2526 962/2801/2527
f 621/1914/2490 958/2793/2526 682/2085/2528
f 621/1914/2490 697/2120/2501 958/2793/2526
f 457/1444/1823 524/1633/2491 621/1914/2490
f 491/1544/1686 524/1633/2491 873/2579/1694
f 992/2887/2529 930/2719/2530 524/1633/2491
f 457/1444/1823 992/2887/2529 524/1633/2491
f 697/2121/2501 877/2591/2232 958/2794/2526
f 697/2122/2501 923/2703/2240 687/2100/2236
f 1033/3017/2237 923/2704/2240 697/2123/2501
f 816/2435/2100 796/2385/2531 799/2390/2496
f 740/2241/2228 856/2533/2230 796/2385/2531
f 856/2533/2230 913/2683/2532 796/2385/2531
f 796/2385/2531 913/2683/2532 902/2660/2231
f 796/2385/2531 902/2660/2231 945/2758/2229
f 945/2758/2229 877/2592/2232 962/2802/2527
f 945/2758/2229 962/2802/2527 796/2385/2531
f 962/2802/2527 919/2697/2233 796/2385/2531
f 796/2385/2531 919/2697/2233 986/2869/2234
f 796/2385/2531 986/2869/2234 1009/2936/2238
f 799/2390/2496 796/2385/2531 1009/2936/2238
f 1009/2936/2238 1033/3018/2237 799/2390/2496
f 799/2390/2496 505/1577/2242 816/2435/2100
f 796/2385/2531 816/2435/2100 601/1866/2106
f 796/2385/2531 601/1866/2106 740/2241/2228
f 913/2684/2532 601/1867/2106 847/2510/2533
s 0
f 847/2510/2534 962/2803/2535 913/2684/2536
s 1
f 962/2803/2527 958/2795/2526 1017/2963/2239
f 962/2803/2527 1017/2963/2239 1009/2937/2238
f 962/2803/2527 1009/2937/2238 923/2705/2240
f 923/2705/2240 1009/2937/2238 986/2870/2234
f 962/2803/2527 877/2593/2232 913/2684/2532
f 913/2684/2532 877/2593/2232 902/2661/2231
f 856/2534/2230 601/1867/2106 913/2684/2532
f 1200/3523/1642 34/103/1645 284/903/1730
f 1220/3588/1725 1327/3900/1722 284/903/1730
f 1327/3900/1722 1200/3523/1642 284/903/1730
f 420/1322/1728 472/1496/2537 417/1313/2538
f 472/1496/2537 420/1322/1728 461/1461/1695
f 873/2578/1694 472/1496/2537 461/1461/1695
f 420/1322/1728 417/1313/2538 299/940/1727
f 417/1313/2538 472/1496/2537 592/1824/1838
f 592/1824/1838 299/940/1727 417/1313/2538
f 930/2720/2530 472/1496/2537 873/2578/1694
f 930/2720/2530 725/2197/2539 472/1496/2537
f 592/1824/1838 472/1496/2537 725/2197/2539
f 592/1824/1838 725/2197/2539 182/569/1766
f 563/1734/1697 510/1596/1693 742/2246/1794
f 461/1462/1695 510/1596/1693 563/1734/1697
f 459/1455/1731 563/1734/1697 493/1549/1733
f 703/2137/1776 563/1734/1697 1013/2948/1795
f 1013/2948/1795 563/1734/1697 742/2247/1794
f 493/1549/1733 563/1734/1697 703/2137/1776
f 430/1351/1778 460/1458/1729 493/1549/1733
f 460/1458/1729 430/1351/1778 434/1364/1732
f 428/1344/2540 434/1364/1732 430/1351/1778
f 446/1403/1734 428/1344/2540 420/1323/1728
f 420/1323/1728 428/1344/2540 459/1454/1731
f 459/1454/1731 428/1344/2540 430/1351/1778
f 563/1735/1697 459/1454/1731 430/1351/1778
f 493/1549/1733 703/2137/1776 430/1351/1778
f 493/1549/1733 434/1365/1732 428/1345/2540
f 428/1345/2540 446/1404/1734 493/1549/1733
f 493/1549/1733 446/1404/1734 459/1455/1731
f 978/2848/1810 1001/2909/1796 742/2248/1794
f 1004/2924/1793 978/2848/1810 951/2773/1815
f 1004/2925/1793 951/2774/1815 967/2820/1791
f 951/2774/1815 949/2768/2541 989/2880/1792
f 951/2774/1815 989/2880/1792 967/2820/1791
f 989/2880/1792 949/2768/2541 980/2856/2542
f 989/2880/1792 980/2856/2542 1001/2910/1796
f 949/2768/2541 951/2774/1815 1001/2911/1796
f 980/2856/2542 949/2768/2541 978/2849/1810
f 1030/3007/1809 980/2856/2542 978/2849/1810
f 978/2850/1810 949/2769/2541 1001/2912/1796
f 1030/3008/1809 1001/2912/1796 980/2857/2542
f 1030/3008/1809 1011/2943/1839 1013/2949/1795
f 1030/3008/1809 1013/2949/1795 1001/2912/1796
f 592/1825/1838 951/2775/1815 894/2640/1814
f 951/2775/1815 592/1825/1838 1001/2913/1796
f 894/2640/1814 510/1597/1693 592/1825/1838
f 510/1597/1693 461/1463/1695 299/941/1727
f 510/1597/1693 299/941/1727 592/1825/1838
f 459/1456/1731 299/941/1727 461/1463/1695
f 461/1463/1695 420/1324/1728 459/1456/1731
f 1001/2913/1796 592/1825/1838 989/2881/1792
f 506/1581/1696 563/1736/1697 849/2514/1779
f 506/1581/1696 849/2514/1779 585/1800/1783
f 524/1633/2491 930/2719/2530 873/2579/1694
s 0
f 725/2197/2543 359/1129/2544 182/569/2545
f 359/1129/2546 725/2197/2547 1314/3857/2548
s 1
f 469/1489/2549 725/2197/2539 930/2720/2530
s 0
f 469/1489/2550 216/683/2551 725/2197/2552
s 1
f 469/1489/2549 1109/3239/2553 216/683/2554
f 216/683/2555 1314/3857/2556 725/2197/2557
f 592/1826/1838 182/570/1766 412/1296/1787
f 412/1296/1787 703/2138/1776 592/1826/1838
f 271/856/1736 412/1296/1787 182/570/1766
f 1433/4217/1675 359/1130/1737 1828/5286/1676
f 1899/5440/2558 359/1130/1737 1314/3858/2556
f 1314/3858/2556 2009/5679/2559 1574/4634/1677
f 1314/3858/2556 1346/3959/2560 2009/5679/2559
f 1346/3959/2560 1314/3858/2556 216/684/2555
f 1314/3858/2556 1574/4634/1677 1899/5440/2558
f 1899/5440/2558 1574/4634/1677 1828/5286/1676
f 1399/4122/1662 2009/5679/2559 1818/5260/2514
f 1818/5260/2514 1654/4854/2515 1555/4588/2512
f 1818/5260/2514 1346/3959/2560 1654/4854/2515
f 1346/3959/2560 1818/5260/2514 2009/5679/2559
f 1828/5286/1676 359/1130/1737 1899/5440/2558
s 0
f 216/684/2561 260/811/2562 1346/3959/2563
f 260/811/2564 1354/3981/2565 1346/3959/2566
s 1
f 1346/3959/2560 1582/4660/2567 1654/4854/2515
f 1574/4634/1677 2009/5679/2559 1399/4122/1662
f 996/2900/1789 1008/2934/1836 1021/2974/1808
f 996/2900/1789 1021/2974/1808 935/2737/1786
f 935/2737/1786 1021/2974/1808 784/2360/1765
f 979/2855/1788 703/2140/1776 412/1297/1787
f 979/2855/1788 1011/2944/1839 703/2140/1776
f 1030/3008/1809 1021/2975/1808 967/2821/1791
f 1030/3008/1809 967/2821/1791 863/2549/1837
f 863/2549/1837 967/2821/1791 1002/2917/1790
f 1030/3008/1809 863/2549/1837 979/2854/1788
f 1030/3008/1809 979/2854/1788 989/2882/1792
f 1030/3008/1809 989/2882/1792 1011/2943/1839
f 1011/2943/1839 592/1827/1838 1013/2949/1795
f 1013/2949/1795 592/1827/1838 703/2139/1776
f 863/2550/1837 1011/2944/1839 979/2855/1788
f 1011/2944/1839 989/2883/1792 703/2140/1776
f 868/2561/2568 801/2393/1834 602/1870/1833
f 733/2220/1824 868/2561/2568 602/1870/1833
f 972/2832/2569 868/2561/2568 733/2220/1824
f 866/2557/1825 972/2832/2569 733/2220/1824
f 972/2832/2569 866/2557/1825 889/2625/2570
f 866/2557/1825 733/2220/1824 536/1667/2571
f 536/1667/2571 457/1445/1823 866/2557/1825
f 549/1707/1821 387/1208/1828 1328/3902/1757
f 549/1707/1821 1328/3902/1757 295/927/1822
f 256/794/2572 1195/3510/2482 104/318/2480
f 104/319/2480 1140/3333/2489 224/704/2573
f 22/68/2574 1195/3510/2482 256/794/2572
f 22/68/2574 224/704/2573 1140/3333/2489
f 22/67/2574 256/795/2572 224/704/2573
f 1195/3510/2482 22/68/2574 1140/3333/2489
f 138/425/2575 256/796/2572 104/319/2480
f 104/319/2480 224/704/2573 138/425/2575
f 2011/5681/2576 1819/5262/1758 1434/4222/1681
f 1976/5609/1759 1819/5262/1758 2011/5681/2576
f 1396/4113/2577 1377/4061/1756 1976/5609/1759
f 1328/3903/1757 1377/4061/1756 1396/4113/2577
f 2011/5681/2576 1434/4223/1681 1629/4786/2483
f 2011/5681/2576 1629/4786/2483 1732/5075/2578
f 1732/5075/2578 1629/4786/2483 1787/5195/2579
f 2011/5681/2576 1396/4113/2577 1976/5609/1759
f 1787/5195/2579 1914/5478/2580 1732/5075/2578
f 2011/5681/2576 1732/5075/2578 1396/4113/2577
f 1396/4113/2577 1732/5075/2578 1914/5478/2580
f 1396/4113/2577 1914/5478/2580 1354/3982/2581
f 1328/3903/1757 1396/4113/2577 1354/3983/2581
f 1711/5019/2516 1775/5171/2582 1723/5058/2583
f 1775/5171/2582 1711/5019/2516 1654/4854/2515
f 1775/5171/2582 1654/4854/2515 1582/4660/2567
f 1582/4660/2567 1354/3984/2581 1775/5171/2582
f 1346/3959/2560 1354/3984/2581 1582/4660/2567
f 224/705/2573 256/797/2572 260/812/2584
f 728/2200/2585 733/2221/1824 457/1446/1823
f 728/2200/2585 889/2626/2570 536/1668/2571
f 536/1668/2571 733/2221/1824 728/2200/2585
f 260/812/2584 256/797/2572 536/1668/2571
f 536/1668/2571 256/797/2572 457/1446/1823
f 536/1668/2571 889/2627/2570 778/2345/2586
f 536/1668/2571 778/2345/2586 759/2287/2587
f 536/1668/2571 759/2287/2587 831/2466/1827
f 759/2287/2587 778/2345/2586 728/2201/2585
s 0
f 536/1668/2588 831/2466/2589 273/860/2590
s 1
f 536/1668/2571 273/860/2591 260/812/2584
f 256/798/2572 138/426/2575 480/1514/2592
f 480/1514/2592 138/426/2575 1109/3240/2553
f 1109/3240/2553 469/1490/2549 480/1514/2592
f 480/1514/2592 992/2888/2529 457/1447/1823
f 256/798/2572 480/1514/2592 457/1447/1823
f 480/1514/2592 469/1490/2549 992/2888/2529
f 992/2888/2529 469/1490/2549 930/2721/2530
f 1109/3240/2553 224/705/2573 260/812/2584
f 224/705/2573 1109/3240/2553 138/426/2575
f 216/685/2554 1109/3240/2553 260/812/2584
f 778/2346/2586 889/2628/2570 831/2467/1827
f 866/2558/1825 831/2467/1827 889/2628/2570
f 295/928/1822 1328/3904/1757 1354/3985/2581
f 1985/5622/2508 1483/4374/2056 1685/4944/2196
f 1552/4577/2593 1573/4631/2594 1751/5119/2595
f 1729/5072/2596 1573/4631/2594 1552/4577/2593
f 1478/4350/2520 1729/5072/2596 1552/4577/2593
f 1478/4350/2520 1552/4577/2593 1701/4991/2597
s 0
f 1718/5040/2598 1700/4989/2599 1701/4991/2600
s 1
f 1898/5439/2507 1478/4350/2520 1481/4366/2053
s 0
f 1985/5622/2601 1768/5159/2602 1898/5439/2603
s 1
f 1768/5159/2604 1985/5622/2508 1721/5051/2197
f 1721/5051/2197 1985/5622/2508 1685/4945/2196
f 1768/5159/2604 1771/5164/2605 1573/4631/2594
f 1721/5051/2197 1771/5164/2605 1768/5159/2604
f 1898/5439/2507 1768/5159/2604 1478/4350/2520
f 1478/4350/2520 1768/5159/2604 1573/4631/2594
f 1478/4350/2520 1573/4631/2594 1729/5072/2596
f 1573/4631/2594 1771/5164/2605 1522/4481/2606
f 1771/5164/2605 1597/4705/2607 1522/4481/2606
f 1502/4428/2195 1994/5639/2066 1721/5052/2197
s 0
f 1994/5639/2608 1742/5102/2609 1838/5309/2610
s 1
f 1994/5639/2066 1838/5309/2611 1639/4810/2612
f 1838/5309/2611 1742/5102/2067 1510/4447/2613
f 1838/5309/2611 1510/4447/2613 1639/4810/2612
f 1449/4266/2027 1994/5639/2066 1502/4428/2195
f 1462/4301/2614 1631/4792/2615 1859/5353/2616
f 1631/4792/2615 1462/4301/2614 1444/4250/2064
f 1444/4250/2064 1462/4301/2614 1436/4227/2065
f 1436/4227/2065 1462/4301/2614 1742/5102/2067
f 1721/5053/2197 1994/5639/2066 1639/4810/2612
f 1639/4810/2612 1743/5104/2456 1721/5053/2197
s 0
f 1600/4715/2617 1743/5104/2618 1772/5166/2619
s 1
f 1510/4447/2613 1742/5102/2067 1462/4301/2614
s 0
f 1639/4810/2620 1772/5166/2621 1743/5104/2622
f 1600/4715/2623 1772/5166/2624 1735/5082/2625
s 1
f 1639/4810/2612 1522/4482/2606 1772/5166/2626
f 1772/5166/2626 1522/4482/2606 1564/4611/2627
f 1734/5077/2628 1735/5082/2629 1772/5166/2626
f 1564/4611/2627 1734/5077/2628 1772/5166/2626
f 1670/4905/2397 1743/5104/2456 1600/4715/2408
f 1380/4068/2630 1600/4715/2408 1564/4614/2627
f 1600/4715/2408 1380/4068/2630 1773/5168/2409
f 1147/3354/2175 1113/3254/2199 1223/3596/2509
f 1113/3254/2199 1125/3290/2631 1223/3596/2509
f 1223/3596/2509 1125/3290/2631 226/711/2202
f 261/820/2078 1223/3596/2509 226/711/2202
f 1859/5353/2616 1583/4661/2632 1462/4301/2614
f 1583/4661/2632 1507/4437/2633 1510/4447/2613
f 1583/4661/2632 1510/4447/2613 1462/4301/2614
f 1478/4350/2520 1701/4991/2597 1700/4989/2521
f 422/1326/2634 59/181/2506 1110/3241/2635
f 1110/3241/2635 341/1078/2636 422/1326/2634
f 422/1326/2634 341/1078/2636 429/1346/2637
s 0
f 429/1346/2638 193/607/2639 422/1326/2640
s 1
f 422/1326/2634 193/607/2641 218/689/2505
f 422/1326/2634 218/689/2505 59/181/2506
f 218/689/2505 1193/3500/2642 1178/3451/2504
f 1110/3242/2635 59/182/2506 1178/3451/2504
f 1129/3300/2643 1110/3242/2635 1193/3500/2642
f 218/689/2505 1178/3451/2504 181/566/2502
f 181/566/2502 1178/3451/2504 1223/3597/2509
f 1238/3653/2478 1178/3451/2504 59/182/2506
f 218/689/2505 193/607/2641 1193/3500/2642
f 1193/3500/2642 1166/3418/2644 429/1347/2637
f 429/1347/2637 341/1079/2636 1193/3500/2642
f 1193/3500/2642 341/1079/2636 1129/3300/2643
f 1178/3451/2504 1193/3500/2642 1110/3242/2635
f 684/2089/2645 508/1588/2112 575/1772/2167
f 730/2212/2217 508/1588/2112 566/1751/2111
f 684/2089/2645 562/1730/2110 508/1588/2112
f 539/1674/2246 677/2070/2190 836/2485/2646
f 836/2485/2646 677/2070/2190 821/2445/2244
f 836/2485/2646 821/2445/2244 802/2397/2647
s 0
f 802/2397/2648 720/2184/2649 836/2485/2650
s 1
f 836/2485/2646 720/2184/2651 539/1674/2246
f 571/1760/2652 720/2184/2651 802/2397/2647
f 720/2184/2651 641/1974/2653 539/1674/2246
f 821/2445/2244 505/1578/2242 802/2397/2647
f 802/2397/2647 505/1578/2242 571/1760/2652
f 821/2445/2244 655/2010/2241 505/1578/2242
f 505/1578/2242 799/2391/2496 771/2326/2495
f 505/1578/2242 771/2326/2495 569/1756/2654
f 571/1760/2652 505/1578/2242 569/1756/2654
f 569/1756/2654 704/2141/2655 571/1760/2652
f 641/1974/2653 571/1760/2652 704/2141/2655
f 488/1530/2656 569/1756/2654 681/2081/2657
f 569/1756/2654 488/1530/2656 704/2141/2655
f 681/2081/2657 569/1756/2654 766/2309/2658
f 641/1974/2653 704/2141/2655 488/1530/2656
f 641/1974/2653 720/2184/2651 571/1760/2652
f 677/2070/2190 539/1674/2246 808/2418/2224
f 562/1731/2110 684/2090/2645 570/1759/2107
f 601/1868/2106 509/1590/2105 847/2511/2533
f 823/2447/2659 520/1623/2660 532/1650/2661
f 520/1623/2660 823/2447/2659 471/1494/2662
f 532/1650/2661 471/1494/2662 823/2447/2659
f 570/1759/2107 684/2090/2645 666/2045/2663
f 509/1590/2105 666/2045/2663 532/1650/2661
f 570/1759/2107 666/2045/2663 509/1590/2105
s 0
f 684/2090/2664 648/1987/2665 666/2045/2666
s 1
f 471/1494/2662 648/1987/2667 575/1773/2167
f 648/1987/2667 471/1494/2662 666/2045/2663
f 666/2045/2663 471/1494/2662 532/1650/2661
f 1721/5054/2197 1712/5023/2365 1947/5546/2668
f 1947/5546/2668 1712/5023/2365 1713/5025/2369
s 0
f 1713/5025/2669 1735/5081/2670 1947/5546/2671
s 1
f 1735/5081/2672 1713/5025/2673 1564/4613/2627
f 1734/5078/2628 1564/4613/2627 330/1025/2674
f 1785/5193/2675 1721/5054/2197 1947/5546/2668
f 1721/5054/2197 1785/5193/2675 1771/5165/2605
s 0
f 1785/5193/2676 1947/5546/2677 1735/5081/2678
s 1
f 1597/4706/2607 1771/5165/2605 1785/5193/2675
f 1735/5081/2629 1734/5079/2628 1785/5193/2675
f 1785/5193/2675 1734/5079/2628 1597/4706/2607
f 1102/3219/2454 1193/3501/2642 193/608/2641
f 304/956/2679 1125/3291/2631 1102/3219/2454
f 1125/3291/2631 1113/3255/2199 1102/3219/2454
f 193/608/2641 154/479/2201 304/956/2679
f 1102/3219/2454 193/608/2641 304/956/2679
f 304/956/2679 154/479/2201 226/712/2202
f 304/956/2679 226/712/2202 1125/3291/2631
f 1193/3502/2642 1102/3220/2454 1219/3585/2455
f 1193/3502/2642 1219/3585/2455 1166/3419/2644
f 33/95/2451 154/480/2201 1219/3585/2455
f 1166/3419/2644 1219/3585/2455 193/609/2641
f 193/609/2641 1219/3585/2455 154/480/2201
f 193/610/2641 1185/3474/2680 1166/3420/2644
f 248/773/2681 429/1348/2637 1273/3744/2682
f 499/1563/2683 248/773/2681 235/732/2684
f 235/732/2684 248/773/2681 1348/3963/2685
f 235/732/2684 1348/3963/2685 1316/3864/2686
f 684/2090/2645 575/1773/2167 648/1987/2667
f 619/1909/2166 581/1789/2165 755/2280/2687
s 0
f 619/1909/2688 755/2280/2689 806/2408/2690
s 1
f 555/1716/2691 619/1909/2166 806/2408/2692
f 673/2062/2693 806/2408/2692 852/2523/2694
f 673/2062/2693 555/1716/2691 806/2408/2692
f 386/1206/2695 673/2062/2693 695/2116/2696
f 695/2116/2696 673/2062/2693 678/2072/2468
f 695/2116/2696 761/2295/2467 568/1754/2470
f 761/2295/2467 695/2116/2696 678/2072/2468
f 581/1790/2165 678/2072/2468 755/2279/2687
f 852/2523/2694 678/2072/2468 673/2062/2693
f 852/2523/2694 755/2280/2687 678/2072/2468
f 575/1774/2167 619/1909/2166 471/1495/2662
f 619/1909/2166 555/1716/2691 471/1495/2662
f 467/1482/2697 471/1495/2662 605/1875/2698
f 605/1875/2698 471/1495/2662 673/2062/2693
f 555/1716/2691 673/2062/2693 471/1495/2662
f 885/2614/2699 691/2109/2248 539/1675/2246
f 806/2409/2692 691/2109/2248 885/2614/2699
f 627/1936/2247 691/2109/2248 761/2296/2467
f 761/2296/2467 806/2409/2692 755/2281/2687
f 806/2409/2692 761/2296/2467 691/2109/2248
f 641/1975/2653 488/1531/2656 479/1513/2700
f 641/1975/2653 885/2614/2699 539/1675/2246
f 885/2614/2699 641/1975/2653 724/2196/2701
f 724/2196/2701 641/1975/2653 479/1513/2700
f 229/721/2702 479/1513/2700 788/2367/2703
f 229/721/2702 724/2196/2701 479/1513/2700
f 724/2196/2701 229/721/2702 734/2222/2704
f 724/2196/2701 734/2222/2704 812/2425/2705
f 885/2614/2699 724/2196/2701 852/2524/2694
f 852/2524/2694 806/2409/2692 885/2614/2699
s 0
f 852/2524/2706 724/2196/2707 812/2425/2708
s 1
f 812/2425/2705 761/2297/2467 852/2524/2694
s 0
f 479/1513/2709 488/1531/2710 1016/2959/2711
s 1
f 788/2367/2703 479/1513/2700 1016/2959/2712
f 788/2367/2703 550/1708/2713 229/721/2702
f 488/1531/2656 681/2082/2657 1016/2959/2714
f 681/2082/2657 596/1840/2715 1016/2959/2714
f 1016/2959/2712 550/1708/2713 788/2367/2703
f 773/2330/2716 550/1708/2713 1016/2959/2712
f 229/721/2702 550/1708/2713 262/821/2717
f 262/821/2717 1539/4535/2718 1395/4111/2719
s 0
f 262/821/2720 1395/4111/2721 229/721/2722
s 1
f 761/2297/2467 755/2281/2687 852/2524/2694
s 0
f 1971/5599/2723 1701/4992/2724 1541/4542/2725
s 1
f 1701/4992/2597 1552/4578/2593 1541/4542/2726
f 1971/5599/2485 1541/4542/2726 1629/4787/2483
f 1787/5196/2579 1878/5387/2727 1914/5479/2580
f 1629/4787/2483 1541/4542/2726 1920/5497/2728
f 1751/5120/2595 1920/5497/2728 1541/4542/2726
f 1369/4036/2729 1692/4970/2730 1850/5333/2731
f 1913/5477/2732 1787/5196/2579 1920/5497/2728
f 1629/4787/2483 1920/5497/2728 1787/5196/2579
s 0
f 295/929/2733 1354/3988/2734 1390/4096/2735
s 1
f 282/893/2736 295/929/1822 1274/3746/2737
f 1541/4542/2726 1552/4578/2593 1751/5120/2595
s 0
f 1631/4793/2738 1555/4589/2739 1760/5142/2739
s 1
f 1760/5142/2740 1488/4387/2741 1859/5354/2616
f 1488/4387/2741 1583/4662/2632 1859/5354/2616
f 1945/5544/2742 1583/4662/2632 1488/4387/2741
f 1532/4520/2743 1486/4381/2744 1959/5575/2745
f 1486/4381/2744 1532/4520/2743 1488/4387/2741
f 1532/4520/2743 1959/5575/2745 1834/5300/2746
f 1486/4381/2744 1488/4387/2741 1555/4589/2512
f 1488/4387/2741 1760/5142/2740 1555/4589/2512
f 1711/5020/2516 1723/5059/2583 1486/4381/2744
f 1711/5020/2516 1486/4381/2744 1555/4589/2512
f 1959/5575/2745 1486/4381/2744 1878/5386/2727
f 1486/4381/2744 1723/5059/2583 1878/5386/2727
f 1945/5544/2742 1488/4387/2741 1689/4957/2747
f 1488/4387/2741 1532/4520/2743 1689/4957/2747
f 1571/4627/2748 1583/4662/2632 1945/5544/2742
f 1384/4080/2749 1834/5300/2746 1354/3986/2750
f 1834/5300/2746 1384/4080/2749 1532/4520/2743
f 1532/4520/2743 1384/4080/2749 1599/4711/2751
f 1354/3986/2750 1834/5300/2746 1959/5575/2745
f 1959/5575/2745 1878/5386/2727 1354/3986/2750
f 426/1338/2752 207/654/2753 1354/3986/2750
f 1384/4080/2749 1354/3986/2750 207/654/2753
f 1723/5059/2583 1775/5172/2582 1354/3987/2581
f 1945/5544/2742 1689/4957/2747 1571/4627/2748
f 1984/5619/2754 1507/4438/2633 1689/4958/2747
f 1510/4448/2613 1507/4438/2633 1984/5619/2754
f 1510/4448/2613 1984/5619/2754 1522/4483/2606
f 1381/4070/2755 1984/5619/2754 1425/4195/2756
f 1381/4070/2755 1316/3861/2686 1522/4483/2606
f 1984/5619/2754 1381/4070/2755 1522/4483/2606
f 1583/4663/2632 1571/4628/2748 1507/4438/2633
f 1510/4448/2613 1522/4483/2606 1639/4811/2612
f 1649/4837/2757 1740/5097/2758 1522/4483/2606
f 1740/5097/2758 1353/3977/2759 1522/4483/2606
f 1522/4483/2606 1353/3977/2759 1564/4612/2627
f 230/722/2760 1110/3243/2635 1129/3301/2643
f 341/1080/2636 1110/3243/2635 230/723/2760
f 569/1757/2654 771/2327/2495 600/1858/1835
f 766/2310/2658 569/1757/2654 600/1858/1835
f 596/1841/2715 681/2083/2657 766/2310/2658
f 596/1841/2715 766/2310/2658 600/1858/1835
f 962/2804/2527 847/2512/2533 682/2086/2528
f 558/1723/2761 621/1915/2490 682/2086/2528
f 621/1915/2490 558/1723/2761 457/1448/1823
f 457/1448/1823 558/1723/2761 600/1859/1835
f 682/2086/2528 847/2512/2533 558/1723/2761
f 847/2512/2533 509/1591/2105 558/1723/2761
f 509/1591/2105 520/1624/2660 558/1723/2761
f 520/1624/2660 509/1591/2105 532/1651/2661
f 753/2274/2762 520/1624/2660 579/1780/2763
f 558/1723/2761 753/2274/2762 573/1763/2764
f 558/1723/2761 520/1624/2660 753/2274/2762
f 600/1859/1835 558/1723/2761 573/1763/2764
f 579/1780/2763 573/1763/2764 753/2274/2762
f 1751/5121/2595 1573/4632/2594 1741/5099/2765
f 1573/4632/2594 1522/4484/2606 1741/5099/2765
f 1751/5121/2595 1741/5099/2765 1920/5495/2728
f 1522/4484/2606 1316/3862/2686 1539/4536/2718
f 1474/4333/2766 1741/5099/2765 1539/4536/2718
f 1539/4536/2718 1741/5099/2765 1522/4484/2606
s 0
f 1474/4335/2767 1920/5496/2768 1741/5100/2769
s 1
f 1453/4276/2770 1347/3960/2771 1474/4334/2766
f 1347/3960/2771 1379/4066/2772 1692/4969/2730
s 0
f 1800/5223/2773 1692/4969/2774 1379/4066/2775
s 1
f 1647/4830/2776 1692/4969/2730 1800/5223/2777
f 1692/4969/2730 1647/4830/2776 1850/5331/2731
f 1692/4969/2730 1920/5496/2728 1474/4335/2766
f 1692/4969/2730 1474/4335/2766 1347/3960/2771
f 1720/5044/2778 1647/4830/2776 1800/5223/2777
f 1720/5044/2778 1850/5332/2731 1599/4712/2751
f 1411/4157/2779 1720/5044/2778 1800/5223/2777
s 0
f 1800/5223/2780 1379/4066/2781 1249/3680/2782
s 1
f 1800/5223/2777 1249/3680/2783 1182/3467/2784
f 1800/5223/2777 1182/3467/2784 1358/3999/2785
f 1800/5223/2777 1358/3999/2785 1411/4157/2779
f 1689/4959/2747 1507/4439/2633 1571/4629/2748
s 0
f 1984/5620/2786 1689/4959/2786 1425/4196/2786
s 1
f 1647/4831/2776 1974/5603/2787 1532/4521/2743
f 1974/5603/2787 1647/4831/2776 1411/4158/2779
f 1689/4959/2747 1532/4521/2743 1425/4196/2756
f 1453/4277/2770 1532/4521/2743 1347/3961/2771
f 1453/4277/2770 1425/4196/2756 1532/4521/2743
f 520/1625/2660 471/1495/2662 467/1482/2697
f 520/1625/2660 467/1482/2697 579/1781/2763
f 467/1482/2697 865/2554/2788 579/1781/2763
f 573/1764/2764 579/1781/2763 865/2554/2788
s 0
f 605/1875/2789 865/2554/2790 467/1482/2791
s 1
f 629/1940/2792 605/1875/2698 499/1564/2683
f 605/1875/2698 631/1944/2793 865/2554/2788
f 631/1944/2793 605/1875/2698 629/1940/2792
f 629/1940/2792 499/1564/2683 466/1478/2794
f 629/1940/2792 466/1478/2794 631/1944/2793
f 235/733/2684 466/1479/2794 499/1564/2683
f 248/770/2681 499/1564/2683 605/1875/2698
f 248/770/2681 605/1875/2698 673/2062/2693
f 673/2062/2693 386/1206/2695 248/770/2681
f 695/2116/2696 568/1754/2470 386/1206/2695
f 865/2554/2788 631/1944/2793 466/1480/2794
f 500/1565/2795 514/1606/2796 573/1765/2764
f 514/1607/2796 500/1565/2795 450/1419/2797
f 514/1607/2796 450/1420/2797 957/2791/2798
f 957/2791/2798 450/1421/2797 628/1937/2799
f 671/2056/2800 957/2791/2798 628/1937/2799
f 514/1607/2796 957/2791/2798 671/2056/2800
f 837/2486/2801 671/2056/2800 686/2095/2802
f 514/1607/2796 671/2056/2800 869/2564/2803
f 556/1717/2804 869/2564/2803 671/2056/2800
f 556/1717/2804 671/2056/2800 786/2363/2805
f 869/2564/2803 786/2363/2805 514/1607/2796
f 437/1376/2806 514/1607/2796 786/2363/2805
f 437/1376/2806 786/2363/2805 751/2271/2807
s 0
f 596/1842/2808 773/2332/2809 1016/2960/2810
s 1
f 556/1719/2804 500/1568/2795 773/2332/2716
f 381/1191/2811 556/1719/2804 786/2362/2805
f 556/1719/2804 381/1191/2811 500/1568/2795
s 0
f 786/2362/2812 882/2606/2813 381/1191/2814
s 1
f 572/1761/2815 869/2565/2803 556/1718/2804
f 556/1718/2804 258/803/2816 572/1761/2815
f 882/2606/2817 572/1761/2815 661/2029/2818
s 0
f 869/2565/2819 572/1761/2820 882/2606/2821
s 1
f 882/2606/2822 786/2362/2805 869/2565/2803
f 882/2606/2817 661/2029/2818 671/2055/2800
f 671/2055/2800 837/2487/2801 850/2515/2823
f 850/2515/2823 381/1191/2824 882/2606/2817
f 381/1191/2811 75/221/2825 246/765/2826
f 451/1425/2827 500/1568/2795 381/1191/2811
f 451/1425/2827 381/1191/2811 246/765/2826
f 451/1425/2827 456/1443/2828 375/1175/2829
f 485/1526/2830 451/1425/2827 375/1175/2829
f 451/1425/2827 485/1526/2830 500/1568/2795
f 485/1526/2830 375/1175/2829 474/1500/2831
f 500/1568/2795 485/1526/2830 474/1501/2831
f 556/1719/2804 773/2332/2716 596/1842/2715
f 550/1709/2713 773/2332/2716 262/822/2717
s 0
f 1343/3954/2832 1564/4613/2833 1713/5025/2834
s 1
f 330/1025/2674 1343/3954/2368 1163/3411/2373
f 330/1025/2674 1564/4613/2627 1343/3954/2368
f 1600/4715/2408 1735/5082/2672 1564/4614/2627
f 1564/4614/2627 1353/3978/2759 1380/4068/2630
f 33/96/2451 149/461/2460 162/502/2462
f 568/1755/2470 439/1385/2385 162/502/2462
f 248/771/2681 386/1207/2695 1185/3473/2680
f 1185/3473/2680 386/1207/2695 1353/3979/2759
f 1353/3979/2759 386/1207/2695 1380/4069/2630
f 1380/4069/2630 149/461/2460 1659/4864/2395
s 0
f 1380/4069/2835 386/1207/2836 149/461/2837
s 1
f 162/502/2462 149/461/2460 386/1207/2838
f 149/461/2460 1163/3412/2373 1659/4864/2395
s 0
f 386/1207/2839 568/1755/2840 162/502/2841
s 1
f 1773/5169/2409 1380/4069/2630 1659/4864/2395
f 288/912/2842 330/1026/2674 1163/3413/2373
f 1242/3662/2463 288/912/2842 1163/3413/2373
f 1242/3662/2463 1295/3806/2459 1135/3317/2843
f 288/912/2842 1190/3488/2464 38/117/2469
f 1176/3446/2844 38/117/2469 1190/3488/2464
f 1176/3446/2844 1190/3488/2464 335/1051/2461
f 38/118/2469 424/1333/2386 288/913/2842
f 288/914/2842 1295/3807/2459 1190/3489/2464
f 1176/3447/2844 288/914/2842 1242/3663/2463
f 288/914/2842 1176/3447/2844 1295/3807/2459
f 1135/3318/2843 1176/3447/2844 335/1052/2461
f 1295/3807/2459 1176/3447/2844 1135/3318/2843
f 1176/3447/2844 1242/3663/2463 38/119/2469
f 38/119/2469 1242/3663/2463 1135/3319/2843
f 1135/3319/2843 335/1053/2461 38/119/2469
s 0
f 330/1027/2845 229/721/2846 1395/4111/2847
s 1
f 734/2222/2704 229/721/2702 330/1027/2674
f 812/2426/2705 473/1499/2466 761/2298/2467
f 734/2223/2704 473/1499/2466 812/2426/2705
f 288/915/2842 473/1499/2466 734/2223/2704
f 288/915/2842 734/2223/2704 330/1028/2674
f 424/1334/2386 473/1499/2466 288/915/2842
f 1395/4112/2719 1734/5080/2628 330/1029/2674
f 1734/5080/2628 1395/4112/2719 1597/4707/2607
f 1597/4707/2607 1395/4112/2719 1649/4838/2757
f 1597/4707/2607 1649/4838/2757 1522/4485/2606
f 1316/3863/2686 1649/4838/2757 1539/4537/2718
f 1395/4112/2719 1539/4537/2718 1649/4838/2757
f 1166/3420/2644 1185/3474/2680 1273/3744/2682
f 1166/3420/2644 1273/3744/2682 429/1348/2637
f 248/772/2681 193/610/2848 429/1349/2637
s 0
f 193/610/2849 248/772/2850 1185/3474/2851
s 1
f 1740/5098/2758 1348/3963/2685 1353/3980/2759
f 1740/5098/2758 1649/4839/2757 1348/3963/2685
s 0
f 1353/3980/2852 1348/3963/2853 1273/3744/2854
s 1
f 248/773/2681 1273/3744/2682 1348/3963/2685
f 1353/3980/2759 1273/3744/2682 1185/3474/2680
f 1348/3963/2685 1649/4839/2757 1316/3864/2686
f 341/1081/2636 230/724/2760 1129/3302/2643
f 801/2394/1834 457/1449/1823 600/1860/1835
f 600/1860/1835 573/1766/2764 714/2172/2855
f 573/1766/2764 514/1608/2796 714/2172/2855
f 815/2429/2856 714/2172/2855 904/2666/2857
s 0
f 822/2446/2858 904/2666/2859 714/2172/2860
s 1
f 716/2177/2861 904/2666/2857 546/1699/2862
f 546/1699/2862 904/2666/2857 822/2446/2863
f 546/1699/2862 822/2446/2863 769/2316/2864
f 769/2316/2864 822/2446/2863 634/1951/2865
f 600/1860/1835 714/2172/2855 815/2429/2856
f 904/2666/2857 716/2177/2861 815/2429/2856
f 716/2177/2861 600/1860/1835 815/2429/2856
f 714/2172/2855 514/1608/2796 308/963/2866
f 308/963/2866 514/1608/2796 437/1373/2806
f 308/963/2866 437/1373/2806 207/655/2753
s 0
f 308/963/2867 426/1339/2868 634/1951/2869
s 1
f 426/1339/2752 308/963/2866 207/655/2753
f 822/2446/2863 308/963/2866 634/1951/2865
f 868/2562/2568 688/2101/2870 801/2395/1834
f 688/2101/2870 868/2562/2568 600/1861/1835
f 941/2748/2871 596/1843/2715 600/1862/1835
f 941/2748/2871 600/1862/1835 868/2563/2568
s 0
f 1005/2926/2872 769/2317/2873 941/2747/2874
s 1
f 769/2317/2864 634/1952/2865 282/894/2736
f 546/1700/2862 769/2317/2864 706/2149/2875
f 769/2317/2864 1005/2926/2876 706/2149/2875
f 868/2563/2568 972/2833/2569 941/2748/2871
f 941/2748/2871 972/2833/2569 1005/2926/2876
f 600/1863/1835 716/2176/2861 688/2102/2870
f 728/2202/2585 688/2102/2870 716/2176/2861
f 716/2176/2861 972/2834/2569 782/2354/2877
f 759/2288/2587 716/2176/2861 782/2354/2877
f 759/2288/2587 728/2202/2585 716/2176/2861
f 688/2102/2870 728/2202/2585 801/2396/1834
f 801/2396/1834 728/2202/2585 457/1450/1823
f 728/2202/2585 782/2354/2877 889/2629/2570
f 889/2629/2570 782/2354/2877 972/2834/2569
f 1005/2927/2876 716/2177/2861 706/2150/2875
f 822/2446/2863 714/2172/2855 308/963/2866
f 192/604/2878 269/846/2879 309/964/2880
f 274/863/2881 192/605/2878 309/965/2880
f 1197/3512/2882 309/965/2880 269/847/2879
f 269/847/2879 1171/3431/2883 1197/3512/2882
f 309/965/2880 1197/3512/2882 274/864/2881
f 1787/5196/2579 1913/5477/2732 1878/5387/2727
f 1390/4096/2884 1354/3988/2750 1878/5387/2727
s 0
f 1878/5387/2885 1913/5477/2886 1390/4096/2887
s 1
f 1390/4096/2888 1913/5477/2732 1369/4036/2729
f 1274/3746/2889 1390/4096/2888 1369/4036/2729
f 1369/4036/2729 1446/4252/2890 1231/3619/2891
s 0
f 1369/4036/2892 1231/3619/2893 1274/3746/2894
s 1
f 1692/4970/2730 1369/4036/2729 1913/5477/2732
f 1850/5333/2731 1720/5045/2778 1411/4159/2779
f 1446/4252/2890 1850/5333/2731 1411/4159/2779
f 1446/4252/2890 1358/4000/2785 1231/3619/2891
f 1850/5333/2731 1446/4252/2890 1369/4036/2729
f 1692/4970/2730 1913/5477/2732 1920/5497/2728
f 1197/3513/2882 207/656/2753 274/865/2881
f 207/656/2753 437/1374/2806 274/865/2881
f 769/2318/2864 282/895/2736 941/2749/2871
f 614/1898/2895 941/2749/2871 282/895/2736
f 282/895/2736 1274/3745/2737 614/1898/2895
f 941/2749/2871 556/1720/2804 596/1844/2715
f 556/1720/2804 941/2749/2871 614/1898/2895
f 258/804/2816 614/1898/2895 1274/3745/2737
f 556/1720/2804 614/1898/2895 258/804/2816
f 375/1170/2829 192/606/2878 274/866/2881
f 269/848/2879 192/606/2878 375/1171/2829
f 1244/3665/2896 375/1171/2829 139/427/2897
f 1244/3665/2896 1228/3610/2898 191/595/2899
f 1244/3665/2896 269/848/2879 375/1171/2829
f 1244/3665/2896 1171/3432/2883 269/848/2879
s 0
f 1171/3432/2900 1244/3665/2901 191/596/2902
s 1
f 671/2055/2800 850/2515/2823 882/2606/2817
f 1878/5388/2727 1723/5060/2583 1914/5480/2580
f 1914/5480/2580 1723/5060/2583 1354/3989/2581
s 0
f 1390/4096/2903 1274/3746/2904 295/929/2905
s 1
f 260/813/2584 273/861/2591 426/1340/2752
f 260/813/2584 426/1340/2752 1354/3990/2750
f 546/1701/2862 634/1953/2865 426/1340/2752
f 971/2831/1826 282/896/2736 634/1954/2865
f 282/896/2736 971/2831/1826 295/930/1822
f 971/2831/1826 634/1954/2865 843/2503/2906
f 831/2468/1827 971/2831/1826 972/2835/2569
f 1005/2928/2876 972/2835/2569 843/2503/2906
f 706/2151/2875 843/2503/2906 546/1702/2862
f 634/1954/2865 546/1702/2862 843/2503/2906
f 971/2831/1826 843/2503/2906 972/2835/2569
f 831/2469/1827 972/2836/2569 716/2178/2861
f 716/2178/2861 1005/2929/2876 831/2469/1827
f 843/2504/2906 273/862/2591 1005/2929/2876
f 1005/2929/2876 273/862/2591 831/2469/1827
f 273/862/2591 843/2504/2906 426/1341/2752
f 426/1341/2752 843/2504/2906 716/2179/2861
f 782/2355/2877 831/2469/1827 759/2289/2587
f 778/2347/2586 831/2469/1827 782/2355/2877
f 728/2203/2585 778/2347/2586 782/2355/2877
f 843/2504/2906 706/2152/2875 716/2179/2861
f 716/2179/2861 546/1703/2862 426/1341/2752
f 1532/4521/2743 1974/5603/2787 1347/3961/2771
f 1347/3961/2771 1974/5603/2787 1415/4169/2907
f 191/597/2899 1347/3961/2771 1415/4169/2907
f 191/597/2899 1415/4169/2907 450/1422/2797
f 207/657/2753 1197/3514/2882 1171/3433/2883
f 1171/3433/2883 156/483/2908 207/657/2753
f 156/483/2908 1171/3433/2883 274/867/2881
f 156/483/2908 274/867/2881 437/1375/2806
f 1171/3433/2883 191/598/2899 274/867/2881
f 191/598/2899 375/1172/2829 274/867/2881
f 191/598/2899 246/760/2826 375/1172/2829
f 1599/4713/2751 1647/4832/2776 1532/4522/2743
f 1850/5334/2731 1647/4832/2776 1599/4713/2751
f 1384/4081/2749 1720/5046/2778 1599/4713/2751
f 207/658/2753 1358/4001/2909 1384/4081/2749
s 0
f 1384/4081/2910 1358/4001/2911 1446/4253/2912
s 1
f 156/484/2908 1358/4001/2909 207/658/2753
f 1446/4253/2890 1720/5046/2778 1384/4081/2749
f 1647/4833/2776 1720/5046/2778 1446/4253/2890
f 1647/4833/2776 1446/4253/2890 1411/4160/2779
f 1411/4160/2779 1358/4002/2785 1974/5604/2787
f 1974/5604/2787 1358/4003/2785 1415/4170/2907
f 1274/3747/2737 1165/3416/2913 258/805/2816
f 1165/3417/2913 1231/3620/2914 258/806/2816
f 1274/3748/2737 1231/3620/2914 1165/3417/2913
f 1221/3589/2915 235/734/2684 1316/3865/2686
f 139/428/2897 235/734/2684 1221/3589/2915
f 1241/3657/2916 1250/3682/2917 191/599/2899
f 191/599/2899 1250/3682/2917 1381/4071/2755
f 1425/4197/2756 1453/4278/2770 191/599/2899
f 1316/3865/2686 1381/4071/2755 1250/3682/2917
f 1316/3865/2686 1250/3682/2917 1221/3589/2915
f 1381/4071/2755 1425/4197/2756 191/599/2899
f 75/222/2825 1539/4538/2718 1250/3683/2917
f 262/823/2717 246/761/2826 1221/3590/2915
f 246/761/2826 1244/3666/2896 139/429/2897
f 246/761/2826 139/429/2897 1228/3611/2898
f 246/761/2826 1228/3611/2898 1241/3658/2916
f 246/761/2826 1241/3658/2916 1221/3590/2915
f 262/823/2717 1221/3590/2915 1250/3683/2917
f 1250/3683/2917 1241/3659/2916 75/222/2825
f 1228/3612/2898 1244/3667/2896 1241/3659/2916
f 75/222/2825 1241/3659/2916 1244/3667/2896
f 75/222/2825 1244/3667/2896 246/762/2826
f 1474/4336/2766 1539/4538/2718 75/222/2825
f 75/222/2825 191/600/2899 1474/4336/2766
f 1474/4336/2766 191/600/2899 1453/4279/2770
f 75/223/2825 1379/4067/2772 191/601/2899
f 362/1135/2918 381/1192/2824 850/2516/2823
f 381/1192/2824 362/1135/2918 371/1158/2919
s 0
f 371/1158/2920 1249/3681/2921 381/1192/2922
s 1
f 1249/3681/2923 1379/4067/2772 75/223/2825
f 1249/3681/2783 371/1158/2924 1182/3468/2784
f 75/223/2825 381/1192/2811 1249/3681/2923
f 850/2516/2823 663/2035/2925 362/1135/2918
f 850/2517/2823 837/2488/2801 462/1464/2926
f 661/2030/2818 572/1762/2815 462/1464/2926
f 462/1464/2926 371/1158/2919 850/2517/2823
f 837/2488/2801 661/2030/2818 462/1464/2926
f 1231/3621/2914 462/1464/2926 258/807/2816
f 258/807/2816 462/1464/2926 572/1762/2815
f 371/1158/2919 663/2035/2925 811/2423/2927
f 663/2035/2925 686/2094/2802 811/2423/2927
f 686/2094/2802 663/2035/2925 850/2516/2823
f 371/1158/2919 811/2423/2927 850/2517/2823
f 846/2507/2928 850/2517/2823 811/2423/2927
s 0
f 1231/3621/2929 371/1158/2930 462/1464/2931
s 1
f 1231/3621/2891 1358/4004/2785 1182/3468/2784
f 1182/3468/2784 371/1158/2924 1231/3621/2891
f 1379/4067/2772 1347/3962/2771 191/601/2899
f 1250/3683/2917 1539/4538/2718 262/823/2717
f 1221/3591/2915 1241/3660/2916 191/602/2899
f 1221/3591/2915 191/602/2899 1228/3613/2898
f 1221/3591/2915 1228/3613/2898 139/430/2897
f 500/1566/2795 139/430/2897 375/1173/2829
f 500/1566/2795 573/1767/2764 865/2555/2788
f 466/1481/2794 235/735/2684 139/430/2897
f 139/430/2897 500/1566/2795 466/1481/2794
f 500/1566/2795 865/2555/2788 466/1481/2794
f 773/2331/2716 246/763/2826 262/824/2717
f 500/1567/2795 474/1502/2831 450/1423/2797
f 191/603/2899 450/1423/2797 246/764/2826
f 451/1426/2827 246/764/2826 450/1423/2797
f 456/1442/2828 451/1426/2827 474/1502/2831
f 451/1426/2827 450/1423/2797 474/1502/2831
f 456/1442/2828 474/1502/2831 246/764/2826
f 474/1502/2831 375/1174/2829 246/764/2826
f 500/1568/2795 375/1175/2829 773/2332/2716
f 773/2332/2716 375/1175/2829 456/1443/2828
f 456/1443/2828 246/765/2826 773/2332/2716
f 786/2363/2805 671/2056/2800 661/2031/2818
f 786/2363/2805 661/2031/2818 751/2271/2807
f 628/1937/2799 362/1136/2918 663/2036/2925
f 628/1937/2799 686/2095/2802 671/2056/2800
f 846/2508/2928 686/2095/2802 850/2518/2823
f 686/2095/2802 846/2508/2928 837/2489/2801
f 1415/4171/2907 1358/4005/2785 362/1137/2932
s 0
f 362/1137/2933 1358/4005/2934 751/2270/2935
s 1
f 156/485/2908 751/2270/2807 1358/4005/2909
f 751/2270/2807 661/2032/2818 362/1137/2918
f 371/1159/2919 362/1137/2918 661/2032/2818
f 663/2037/2925 371/1159/2919 661/2032/2818
f 628/1938/2799 663/2037/2925 661/2032/2818
f 628/1938/2799 661/2032/2818 686/2096/2802
f 686/2096/2802 661/2032/2818 811/2424/2927
f 811/2424/2927 837/2490/2801 846/2509/2928
f 837/2490/2801 811/2424/2927 661/2032/2818
s 0
f 1415/4171/2936 362/1137/2937 450/1424/2938
s 1
f 628/1939/2799 450/1424/2797 362/1137/2918
f 156/486/2908 437/1376/2806 751/2271/2807
