# Blender 3.4.1
# www.blender.org
mtllib PoisonRojo.mtl
o tripo_node_088a33e4-9779-4c3d-b885-0e25f42d78e5
v 0.000033 -0.422754 -0.116566
v -0.000331 0.381499 0.157954
v -0.000058 -0.422506 0.116745
v -0.000133 0.495037 0.110691
v -0.000205 -0.329379 -0.114573
v -0.000260 -0.131768 0.112839
v -0.000150 -0.474073 -0.100722
v -0.000224 0.380151 -0.158626
v 0.000129 0.370077 0.160036
v 0.000192 0.366414 0.123295
v -0.000270 -0.392166 -0.116708
v 0.000321 0.390269 -0.155176
v 0.000333 -0.450704 -0.112726
v 0.000133 0.248120 0.111284
v -0.000029 -0.028013 0.112466
v -0.000078 0.425174 -0.100009
v -0.000709 0.365561 0.122304
v 0.000164 -0.272482 -0.114468
v -0.000601 0.355837 0.119876
v 0.000074 -0.450532 0.112886
v -0.000131 -0.498824 0.077312
v 0.000195 0.385819 -0.154889
v 0.000013 0.376234 -0.159563
v -0.000183 0.498890 0.107461
v 0.000268 -0.473924 0.101145
v 0.000040 0.370343 -0.160055
v 0.000207 -0.034531 -0.112348
v 0.000126 0.497008 0.109736
v 0.000183 0.291461 -0.111909
v 0.000096 -0.137245 -0.112753
v 0.000018 0.351348 0.117713
v 0.006461 -0.009750 0.083658
v 0.000121 0.344621 -0.112534
v 0.000020 0.377572 0.159327
v -0.006407 -0.006771 0.081134
v -0.000287 0.492888 -0.111149
v 0.005459 -0.002487 0.077705
v 0.000064 0.245994 -0.111031
v -0.000211 0.495038 -0.110719
v 0.000665 0.390954 0.155524
v -0.023233 0.400572 -0.100083
v 0.000237 0.397821 0.152097
v 0.012047 0.400512 -0.101146
v -0.000214 0.365026 -0.122186
v 0.000111 0.386060 0.154827
v 0.006048 0.399997 -0.099037
v 0.000445 0.399633 0.149043
v 0.000513 0.013481 0.073993
v 0.001014 0.367352 0.158389
v 0.000469 0.496888 -0.109573
v 0.004434 0.002778 0.074408
v 0.000084 0.393025 -0.154834
v 0.000301 -0.498687 -0.077180
v 0.006232 -0.014058 0.088027
v 0.002566 -0.499711 0.075683
v 0.000705 0.395141 0.154417
v -0.006711 -0.019898 0.095696
v 0.000350 0.351849 -0.117819
v -0.005192 0.003061 0.074315
v -0.000383 0.398825 -0.097524
v 0.000727 0.392672 0.155430
v 0.000658 0.396265 -0.153281
v 0.000678 0.398270 -0.151451
v -0.000201 -0.024005 -0.103050
v -0.002154 0.366299 0.156500
v 0.006509 -0.022676 0.100508
v 0.001600 0.227352 -0.079063
v 0.000481 0.356782 -0.120272
v 0.004983 0.025926 -0.073966
v -0.001110 0.397681 -0.096426
v 0.000190 0.367423 -0.158178
v -0.000895 0.498791 -0.107086
v -0.006746 -0.024396 0.104007
v 0.000105 0.217293 -0.073497
v -0.000362 0.499873 -0.103746
v -0.001145 0.230477 0.111105
v -0.000148 -0.027775 -0.112088
v -0.000111 0.399832 -0.095737
v -0.001253 0.366408 -0.123054
v 0.000083 0.399605 -0.149133
v 0.000086 0.396281 -0.095539
v 0.004228 0.223867 -0.074136
v 0.006806 -0.025537 0.106730
v -0.002541 0.224492 -0.074136
v -0.001498 0.400615 -0.141904
v -0.003911 -0.020039 -0.095626
v -0.002521 0.226748 -0.076313
v 0.001459 0.227168 0.079989
v -0.000189 0.005301 -0.073628
v 0.000285 0.400229 0.099963
v 0.003155 0.400562 0.101887
v 0.003937 0.230253 -0.110541
v 0.000362 -0.499888 0.001148
v 0.002253 -0.499658 -0.075457
v 0.000009 0.397447 0.096591
v -0.001112 0.398761 0.097832
v 0.003873 0.366342 -0.156134
v 0.027264 0.400580 0.140759
v -0.006844 -0.006205 -0.080780
v 0.006114 -0.000521 -0.076496
v 0.006180 -0.011731 -0.085288
v 0.000254 0.396430 0.095853
v -0.006799 -0.015096 -0.089405
v 0.003591 0.226145 0.076113
v 0.004860 0.003695 -0.073881
v 0.004968 0.224600 0.074859
v 0.003229 0.221889 0.074142
v 0.015044 -0.498763 -0.075490
v 0.021915 -0.450404 0.110732
v -0.000309 -0.329242 0.114711
v 0.022128 0.344568 -0.110244
v -0.000045 -0.391223 0.116806
v 0.008218 -0.026971 -0.111464
v -0.000049 -0.275879 0.114662
v 0.018896 0.399826 -0.093978
v 0.022234 -0.038098 -0.109959
v 0.004565 0.061477 0.074224
v 0.018210 0.399462 0.097018
v 0.004249 0.228370 -0.094388
v 0.005773 0.224805 -0.074736
v 0.003019 0.226541 -0.075987
v 0.004628 0.365881 -0.122082
v 0.006964 0.366393 -0.123084
v 0.005915 0.229464 0.110542
v 0.006642 -0.007547 -0.081650
v 0.005170 0.176312 -0.073858
v 0.006800 -0.016561 -0.091116
v 0.014228 0.364512 0.120472
v 0.021962 0.492828 0.108993
v 0.015095 -0.499785 0.074109
v 0.005231 0.226190 -0.076106
v 0.006479 0.396366 -0.095052
v 0.024126 0.356146 0.117741
v 0.005585 0.226121 0.079369
v 0.014833 -0.497689 0.077116
v 0.007469 -0.024092 -0.103768
v 0.022522 -0.329134 0.112381
v 0.005756 0.222134 0.074703
v 0.017256 0.367434 -0.156679
v 0.022566 -0.422538 0.114492
v 0.022505 0.344550 0.110484
v 0.006290 0.221359 -0.074335
v 0.019408 -0.473733 0.099385
v 0.021913 -0.450573 -0.110510
v 0.006730 -0.018845 0.094564
v 0.021610 0.492617 -0.108850
v 0.006893 -0.019776 -0.095680
v 0.021996 -0.129476 -0.110416
v 0.022720 -0.329486 -0.112145
v 0.030341 0.385802 0.151791
v 0.014116 0.235723 -0.109679
v 0.022191 0.302471 -0.109849
v 0.006990 0.225954 -0.084614
v 0.006115 0.003161 0.074683
v 0.006865 0.224677 0.076453
v 0.020898 0.498187 0.106387
v 0.006299 0.003223 -0.074467
v 0.017427 0.399393 -0.096682
v 0.006856 0.087310 -0.074700
v 0.006532 0.162568 -0.074420
v 0.029217 0.399271 0.147022
v 0.008357 -0.026770 0.111600
v 0.006852 0.220655 0.075337
v 0.030487 0.399586 -0.146459
v 0.031314 0.370172 -0.156806
v 0.007997 -0.006078 0.081865
v 0.023561 0.351731 -0.115431
v 0.023018 -0.391291 0.114517
v 0.007073 0.229090 -0.110230
v 0.007179 0.224542 -0.075855
v 0.007830 0.001113 0.077232
v 0.019627 -0.474478 -0.098430
v 0.007156 0.003277 0.075693
v 0.022516 -0.270163 -0.112109
v 0.007806 -0.015896 0.091339
v 0.008657 0.227608 -0.110150
v 0.022338 0.250565 -0.108909
v 0.008432 -0.011421 -0.087020
v 0.007792 -0.002037 -0.078649
v 0.007983 0.003085 -0.076592
v 0.007586 0.221991 -0.075684
v 0.007513 0.222185 0.076809
v 0.008197 0.227579 0.110370
v 0.008829 -0.024570 0.106433
v 0.008757 0.225852 0.104893
v 0.008592 0.224291 -0.092741
v 0.022055 0.499032 0.104601
v 0.007779 0.130026 -0.076684
v 0.008398 -0.016621 0.093198
v 0.021701 0.498098 -0.106329
v 0.008935 0.226080 -0.103277
v 0.016822 0.397282 0.094476
v 0.008935 -0.020639 -0.099211
v 0.009943 0.045413 0.110713
v 0.009777 0.192161 0.110299
v 0.008691 -0.014666 0.091919
v 0.021513 0.499598 -0.102715
v 0.028923 0.499933 -0.098159
v 0.032203 0.370001 0.156740
v 0.008857 -0.021234 0.100546
v 0.030216 0.390685 -0.152059
v 0.034417 0.400627 -0.139469
v 0.009095 -0.024218 -0.106125
v 0.021797 0.249376 0.109157
v 0.009286 0.222954 0.103816
v 0.009306 -0.025229 0.111525
v 0.009315 0.224737 0.110329
v 0.009309 -0.017158 -0.102132
v 0.018394 0.366396 0.154774
v 0.009742 -0.025042 -0.111336
v 0.009869 0.223530 -0.110107
v 0.009976 0.147988 -0.110265
v 0.009995 0.043521 0.110993
v 0.013834 0.396897 -0.094618
v 0.015213 0.366251 0.121477
v 0.023718 0.359725 -0.118729
v 0.022520 0.201927 -0.108385
v 0.020893 0.496514 0.108129
v 0.021860 0.493966 -0.108810
v 0.029671 0.396050 0.150954
v 0.022690 0.499866 0.101223
v 0.032607 0.378068 0.155958
v 0.023421 0.400630 0.099268
v 0.017859 -0.499881 -0.072959
v 0.030594 0.381725 0.154834
v 0.023195 0.365401 -0.120087
v 0.022454 0.173760 0.108486
v 0.022007 0.225474 0.108883
v 0.022647 0.078715 -0.108876
v 0.021078 0.495715 -0.108422
v 0.019286 0.402745 0.094587
v 0.021687 -0.030156 0.110206
v 0.028204 -0.499953 -0.069385
v 0.022705 -0.422656 -0.114329
v 0.030325 0.397418 -0.149661
v 0.019835 0.396471 -0.093461
v 0.029997 0.392989 -0.151894
v 0.049379 -0.499654 -0.004095
v 0.026662 0.366403 0.120158
v 0.024168 0.366063 -0.120581
v 0.022023 -0.124052 0.110510
v 0.024460 0.366423 -0.121493
v 0.041710 0.366399 0.122703
v 0.024498 0.397441 -0.092792
v 0.024300 0.365737 0.119874
v 0.032436 0.366341 -0.153348
v 0.028532 -0.499199 -0.070876
v 0.022635 0.399336 0.095869
v 0.022900 0.395359 -0.151759
v 0.029106 -0.498405 0.072011
v 0.022677 -0.275055 0.112302
v 0.022470 0.397028 0.092997
v 0.023533 0.355286 -0.117294
v 0.052086 -0.499375 -0.054984
v 0.022792 -0.390887 -0.114349
v 0.027286 0.398979 -0.093721
v 0.028717 -0.499910 0.069735
v 0.024228 0.400528 -0.098477
v 0.049809 0.499941 0.087317
v 0.031131 0.367670 0.155465
v 0.026303 0.397137 0.091618
v 0.030269 0.391685 0.152384
v 0.037425 0.407224 0.089767
v 0.043833 -0.329678 -0.105720
v 0.037118 0.399160 -0.088205
v 0.042961 0.344005 0.104137
v 0.043349 0.344180 -0.103761
v 0.024555 0.396778 -0.091983
v 0.032443 0.496537 -0.104503
v 0.024136 0.351780 0.115660
v 0.030971 0.380404 -0.155566
v 0.031247 0.376859 -0.156223
v 0.030026 0.499013 -0.101780
v 0.043886 -0.270366 -0.105624
v 0.028648 0.365495 0.118664
v 0.043118 -0.035827 -0.103429
v 0.037700 0.399544 -0.091137
v 0.043302 -0.140628 -0.103913
v 0.031713 0.494698 0.105770
v 0.027858 0.396597 0.091070
v 0.029225 0.398317 0.092185
v 0.043342 -0.450950 -0.103954
v 0.041571 0.498989 0.098032
v 0.069044 -0.499920 -0.028683
v 0.043903 -0.327492 0.105772
v 0.043004 0.193501 0.102180
v 0.031027 0.399749 0.093876
v 0.029109 0.365430 -0.118501
v 0.041708 0.496279 0.102042
v 0.031863 0.396475 -0.089759
v 0.046115 0.356789 -0.111248
v 0.039240 -0.474239 -0.092690
v 0.043349 -0.450928 0.104059
v 0.037499 0.366423 0.151974
v 0.032825 0.366555 0.153604
v 0.044677 -0.422558 -0.107746
v 0.030552 0.397143 0.090845
v 0.046623 0.366475 -0.114176
v 0.037199 0.357033 0.114195
v 0.031157 0.398811 0.090327
v 0.044507 -0.496868 -0.065179
v 0.031342 0.398010 0.091415
v 0.040202 0.494617 -0.103093
v 0.053786 0.400493 0.133640
v 0.052896 -0.499346 0.054371
v 0.045887 0.366345 0.114760
v 0.036661 0.396972 -0.088172
v 0.033052 0.398720 0.089791
v 0.030350 0.386165 -0.151657
v 0.035411 0.365435 0.116637
v 0.033081 0.398560 0.091476
v 0.042818 0.492841 0.102835
v 0.044577 0.391385 0.148241
v 0.034877 0.395413 -0.149516
v 0.040429 0.397520 -0.146547
v 0.030633 0.368073 -0.155841
v 0.038740 -0.474267 0.093014
v 0.034598 0.397297 0.089151
v 0.036783 0.399627 0.091907
v 0.041819 0.400555 -0.093035
v 0.046973 0.380455 -0.150654
v 0.039324 -0.499639 0.064584
v 0.058513 0.499914 -0.083757
v 0.045805 0.352409 -0.109228
v 0.043246 0.183243 -0.101888
v 0.037069 0.367777 0.153819
v 0.036807 0.397649 0.089049
v 0.044753 0.366363 0.149768
v 0.038290 0.400617 0.095603
v 0.043400 -0.499506 -0.062040
v 0.045980 0.373409 0.152803
v 0.037563 0.398930 0.088259
v 0.045348 -0.392005 0.107647
v 0.062053 0.377839 -0.146936
v 0.046023 0.351427 0.108663
v 0.044881 -0.389767 -0.107630
v 0.051513 0.366332 0.147654
v 0.038558 0.397988 0.087683
v 0.038673 0.398529 0.089470
v 0.043004 0.249682 0.102729
v 0.041504 0.397003 -0.085861
v 0.040858 0.397581 0.087233
v 0.040697 0.498385 -0.099416
v 0.042168 0.493151 -0.102738
v 0.043157 0.249849 -0.102430
v 0.043768 0.392715 0.148179
v 0.044992 -0.422329 0.107744
v 0.042266 0.499455 -0.095606
v 0.046384 0.356262 0.110997
v 0.043153 0.294110 -0.103326
v 0.056744 0.399803 0.137700
v 0.078161 0.400478 -0.120533
v 0.043498 0.365842 -0.114314
v 0.042821 0.365629 0.114485
v 0.042781 0.399685 0.089723
v 0.040771 0.398499 0.086731
v 0.043172 -0.126505 0.103948
v 0.043031 0.496557 -0.100935
v 0.043123 -0.498428 0.064373
v 0.059737 0.382052 0.146358
v 0.042830 0.401446 0.085972
v 0.056178 -0.474095 0.083647
v 0.049238 0.367933 0.150390
v 0.044007 -0.271893 0.105663
v 0.045660 0.366458 -0.149573
v 0.046910 0.396950 -0.082772
v 0.042486 0.398714 0.085910
v 0.046088 0.385625 0.147288
v 0.042633 0.398438 0.087746
v 0.059959 0.386162 -0.142870
v 0.059199 0.396048 0.142187
v 0.048644 0.399397 -0.084942
v 0.054442 0.410770 -0.081131
v 0.043961 0.397196 0.085054
v 0.062133 0.492243 0.092216
v 0.052827 0.400544 0.088610
v 0.044472 0.398560 0.084854
v 0.043227 -0.035182 0.103539
v 0.044727 0.397797 0.085510
v 0.057533 0.398115 -0.140717
v 0.061340 0.370338 -0.147884
v 0.061699 0.166727 0.091969
v 0.062827 0.344254 -0.093190
v 0.062395 -0.137722 -0.093401
v 0.055984 -0.474911 -0.082953
v 0.053514 0.403236 0.080490
v 0.061591 0.247436 -0.092484
v 0.059407 0.391839 -0.143326
v 0.047702 0.365436 0.112655
v 0.049374 0.366038 -0.111941
v 0.046571 0.398788 0.083741
v 0.046478 0.398560 0.085800
v 0.061937 0.496820 0.090772
v 0.063272 0.344457 0.093031
v 0.059115 0.394341 0.143139
v 0.060713 0.498406 0.089216
v 0.063474 -0.269144 -0.094835
v 0.047881 0.397202 0.083087
v 0.051647 0.367777 -0.149397
v 0.062182 -0.039819 0.093095
v 0.059034 0.498603 -0.089383
v 0.063552 -0.327505 -0.094964
v 0.064896 -0.390691 -0.096733
v 0.052438 0.366496 -0.147485
v 0.052103 0.399975 0.085605
v 0.048759 0.397858 0.083473
v 0.059452 0.398073 0.139657
v 0.049653 0.396984 -0.081365
v 0.049327 0.398751 0.082222
v 0.062054 -0.010846 -0.092933
v 0.062586 -0.136067 0.093294
v 0.052029 0.365591 -0.110059
v 0.051891 0.365096 0.110160
v 0.050697 0.397892 0.081458
v 0.059485 0.396365 -0.141653
v 0.055662 -0.497605 0.055126
v 0.063814 -0.271939 0.094767
v 0.059237 0.394272 -0.142764
v 0.060926 0.370500 0.148331
v 0.060561 0.377861 0.148010
v 0.073644 -0.499807 0.017005
v 0.055695 -0.497371 -0.055113
v 0.052444 0.396967 -0.079501
v 0.051515 0.397353 0.081151
v 0.061861 0.249540 0.092311
v 0.056534 0.400450 -0.084591
v 0.053417 0.399454 -0.082191
v 0.068072 0.366566 -0.103082
v 0.053334 0.399729 0.084065
v 0.062166 0.494893 0.091750
v 0.062410 0.493254 -0.092050
v 0.070764 -0.474972 -0.070723
v 0.067177 0.356788 -0.099697
v 0.053552 0.397214 0.079495
v 0.070114 -0.499919 0.027736
v 0.059064 -0.463204 -0.088180
v 0.055885 0.499536 0.088622
v 0.067006 0.357279 0.100169
v 0.058237 0.499461 -0.086990
v 0.062850 -0.450590 -0.093537
v 0.055374 0.397080 0.077599
v 0.059043 0.391124 0.143912
v 0.054994 0.397077 -0.077696
v 0.063022 -0.450482 0.093662
v 0.059944 0.366331 0.145073
v 0.061696 0.495438 -0.091731
v 0.061377 0.168036 -0.092124
v 0.066014 0.352235 0.098085
v 0.066089 0.351475 -0.097417
v 0.058513 0.399261 0.075522
v 0.064900 -0.391365 0.096899
v 0.061115 0.381593 -0.146049
v 0.060885 -0.499508 -0.044714
v 0.055932 0.400038 -0.081826
v 0.056821 0.396909 0.077093
v 0.060501 0.399561 -0.076771
v 0.068139 0.366307 0.102941
v 0.058441 0.398860 0.078600
v 0.061108 0.496926 -0.090959
v 0.063343 -0.498732 0.044212
v 0.060455 0.367847 -0.146817
v 0.059984 0.396964 -0.073356
v 0.064412 0.365332 0.103717
v 0.063386 -0.499627 0.041368
v 0.058838 0.397304 0.075496
v 0.059401 0.385652 0.143442
v 0.063921 -0.498235 -0.043758
v 0.057064 0.399928 -0.137624
v 0.068577 0.366356 0.140473
v 0.061350 0.367700 0.146302
v 0.063212 0.400502 -0.079821
v 0.061958 0.366407 -0.144124
v 0.062445 0.293826 0.092867
v 0.060634 0.400175 0.080131
v 0.060238 0.399374 0.077957
v 0.060333 0.397223 0.073943
v 0.065629 0.400532 0.078561
v 0.060410 0.397675 -0.073883
v 0.073090 0.499880 0.073654
v 0.082037 0.399957 -0.122737
v 0.064991 -0.422887 0.096863
v 0.061742 0.397328 0.073397
v 0.063918 0.385909 0.140872
v 0.061653 0.398538 -0.072584
v 0.079659 -0.450366 -0.079742
v 0.062377 0.397127 0.072029
v 0.062351 0.399231 0.075905
v 0.064702 0.396993 0.069993
v 0.068313 0.365743 -0.101582
v 0.063632 0.399090 -0.073410
v 0.068004 0.398068 -0.135255
v 0.073956 0.377784 0.140506
v 0.067666 0.397285 -0.067338
v 0.079404 -0.123338 -0.079319
v 0.086475 0.389683 -0.129053
v 0.064961 -0.422346 -0.096738
v 0.063728 0.396851 0.071472
v 0.079784 -0.450490 0.079779
v 0.064226 0.399835 0.075759
v 0.068568 0.396078 -0.136875
v 0.064178 0.400238 0.077576
v 0.066424 0.495334 0.088063
v 0.065129 0.397435 -0.069488
v 0.067852 0.397434 0.136227
v 0.064522 0.397858 0.071793
v 0.067475 0.493094 0.087870
v 0.070301 0.399663 0.131175
v 0.073013 0.499889 -0.073750
v 0.079060 0.289715 -0.079019
v 0.065904 0.399676 -0.072750
v 0.080679 -0.269979 -0.080667
v 0.067742 0.397302 0.067539
v 0.078270 0.166164 0.078478
v 0.080674 -0.326671 0.081017
v 0.069020 0.399629 0.071113
v 0.063795 -0.328382 0.094866
v 0.082279 -0.422676 -0.082475
v 0.079331 0.344223 -0.079690
v 0.088983 0.375069 0.133000
v 0.082315 -0.390822 0.082580
v 0.069732 0.365336 0.100430
v 0.089254 0.370546 0.133276
v 0.083455 0.351726 -0.083334
v 0.074821 -0.499790 -0.004335
v 0.085833 0.392339 0.129385
v 0.083667 -0.474588 0.055787
v 0.099928 0.499935 0.027855
v 0.088174 0.367728 -0.132152
v 0.101196 0.400438 0.104529
v 0.072225 -0.498096 0.029540
v 0.072267 0.436674 -0.072046
v 0.074632 0.498863 -0.076494
v 0.073222 -0.499823 -0.016819
v 0.072836 0.400052 -0.068234
v 0.078356 0.492925 -0.078882
v 0.079570 0.344066 0.079532
v 0.074005 0.365363 -0.096738
v 0.070810 0.398881 -0.066563
v 0.085130 0.356940 0.085142
v 0.077344 0.498191 0.075437
v 0.079044 -0.032321 -0.079174
v 0.071889 -0.498131 -0.029474
v 0.082445 -0.422756 0.082456
v 0.072075 -0.474371 0.070038
v 0.085671 0.389266 0.129852
v 0.083729 0.398556 -0.125865
v 0.072203 0.366542 -0.099791
v 0.080849 -0.329200 -0.080709
v 0.071555 0.397826 -0.063766
v 0.079331 -0.140086 0.079747
v 0.071833 0.400469 -0.072525
v 0.072086 0.398729 -0.062651
v 0.078537 0.494503 -0.078405
v 0.086362 0.386269 -0.128807
v 0.080775 -0.269752 0.080759
v 0.078851 0.496104 0.077095
v 0.077755 0.496353 -0.077908
v 0.081244 0.410862 -0.054377
v 0.083533 0.352089 0.083650
v 0.086342 0.365227 0.086361
v 0.076628 0.497702 -0.077165
v 0.078648 0.247653 -0.078444
v 0.074181 0.399121 0.060472
v 0.073039 0.397249 0.061755
v 0.079054 0.294462 0.079269
v 0.075502 0.399686 0.063945
v 0.075572 -0.498483 -0.015823
v 0.074763 0.399730 -0.064273
v 0.077601 0.400591 0.067336
v 0.074141 0.398330 -0.060253
v 0.073875 0.398407 -0.062035
v 0.078964 0.492542 0.078204
v 0.078431 0.252492 0.078768
v 0.083439 -0.474754 -0.055740
v 0.087964 0.381939 -0.131383
v 0.084229 0.398269 0.126108
v 0.088336 0.381501 0.131339
v 0.085431 0.357277 -0.084869
v 0.075590 -0.498604 0.016396
v 0.076959 0.398386 -0.056650
v 0.077211 0.397580 0.057730
v 0.078277 0.175371 -0.078324
v 0.076992 0.398849 0.060438
v 0.085577 0.385726 0.129861
v 0.078289 0.400479 -0.065878
v 0.075722 0.397888 -0.058308
v 0.092627 -0.474420 0.039178
v 0.087156 0.366541 -0.131009
v 0.077659 0.400018 0.062785
v 0.089060 0.370456 -0.133417
v 0.077323 -0.498579 -0.000088
v 0.085686 0.395425 0.128424
v 0.085225 0.395890 -0.128130
v 0.079556 0.494406 0.077374
v 0.077662 0.398905 0.056330
v 0.084199 0.499770 -0.060031
v 0.077406 0.397587 -0.055948
v 0.079097 0.399793 -0.058895
v 0.080934 0.408338 0.054297
v 0.078984 0.399416 -0.057528
v 0.085993 0.393303 -0.128949
v 0.089765 0.498387 0.059264
v 0.086503 0.366424 0.087660
v 0.082277 -0.390294 -0.082420
v 0.079260 0.397824 0.054071
v 0.088054 0.498839 -0.059567
v 0.088409 0.367817 0.131816
v 0.079418 0.397288 -0.053029
v 0.089454 0.366383 0.128876
v 0.079659 0.397797 0.054356
v 0.079967 0.398653 0.053002
v 0.090900 0.496357 -0.061714
v 0.079895 0.398621 0.056065
v 0.080473 0.400494 0.061875
v 0.080546 0.398450 -0.051410
v 0.102500 0.499962 0.003305
v 0.081161 0.397691 -0.050963
v 0.081028 0.398682 0.050970
v 0.081288 0.397323 0.050459
v 0.092815 0.261361 0.061519
v 0.092883 -0.474335 -0.038683
v 0.083032 0.397338 -0.046932
v 0.092437 0.492198 0.061619
v 0.082228 0.399656 -0.054522
v 0.084768 0.399800 0.052071
v 0.093713 -0.450588 0.062551
v 0.093107 -0.014787 0.061942
v 0.081627 0.398254 0.052555
v 0.086969 0.365943 -0.086204
v 0.086398 0.365086 -0.086071
v 0.090947 0.496663 0.061435
v 0.092247 0.248141 -0.061712
v 0.083255 0.397053 0.046392
v 0.092419 0.492344 -0.061514
v 0.088586 0.366530 -0.085585
v 0.083756 0.398629 0.049616
v 0.093446 -0.450853 -0.062630
v 0.093315 0.344364 0.062807
v 0.083946 0.398071 -0.045002
v 0.093692 0.344286 -0.062087
v 0.087214 0.400612 0.054496
v 0.092560 0.499936 -0.041700
v 0.096861 -0.422323 -0.064703
v 0.100859 0.499898 -0.023196
v 0.088861 0.377614 -0.132394
v 0.088428 0.378353 0.132741
v 0.097015 -0.422570 0.064566
v 0.098240 0.351551 -0.064975
v 0.093418 -0.138302 0.062530
v 0.084655 0.398901 -0.043795
v 0.089909 0.497747 -0.060458
v 0.087116 0.397828 0.040783
v 0.098509 -0.474578 0.019707
v 0.085176 0.397432 -0.042978
v 0.086372 0.400499 -0.054987
v 0.093451 -0.136957 -0.062372
v 0.086133 0.399247 0.046453
v 0.085442 0.398193 -0.044655
v 0.086232 0.398703 0.041465
v 0.085945 0.397888 -0.041164
v 0.091955 0.165629 0.061582
v 0.091595 0.499563 0.049006
v 0.106317 0.399294 -0.105773
v 0.087068 0.397317 -0.039122
v 0.108030 0.397645 -0.107531
v 0.087143 0.397949 -0.040726
v 0.088391 0.398782 0.037179
v 0.087820 0.399506 -0.043894
v 0.091736 0.168526 -0.061761
v 0.087448 0.397766 0.039021
v 0.093169 0.294969 -0.061869
v 0.088487 0.401304 -0.037391
v 0.098774 -0.474165 -0.019827
v 0.088587 0.398035 -0.035911
v 0.096507 0.386517 0.120607
v 0.092093 0.494701 0.061323
v 0.082872 0.399878 0.123577
v 0.096631 0.364572 0.073734
v 0.114368 0.400386 -0.088027
v 0.097022 -0.392008 0.064698
v 0.095903 0.366369 0.076994
v 0.088896 0.397024 -0.034732
v 0.094870 -0.271862 -0.063409
v 0.089116 0.397527 0.035151
v 0.089571 0.400043 0.043782
v 0.089184 0.397727 -0.035826
v 0.089203 0.398102 0.037067
v 0.090975 0.399609 0.038240
v 0.092239 0.498734 0.053045
v 0.090137 0.399374 -0.030906
v 0.089737 0.398550 0.033048
v 0.089989 0.396797 -0.031000
v 0.108492 0.396183 0.109016
v 0.107049 0.398100 0.107649
v 0.090464 0.398764 0.030594
v 0.112125 0.367530 0.112187
v 0.100118 0.356967 0.066696
v 0.095187 -0.328268 0.063449
v 0.090859 0.397631 0.031028
v 0.090947 0.397247 0.028100
v 0.092082 0.397128 -0.024376
v 0.091003 0.398315 0.033184
v 0.096977 -0.391376 -0.064496
v 0.094975 -0.274984 0.063543
v 0.091337 0.398064 0.026910
v 0.091789 0.399738 -0.037238
v 0.092330 0.399486 -0.033800
v 0.097404 0.499139 -0.040921
v 0.094006 0.391192 -0.122802
v 0.091933 0.398886 0.025604
v 0.104493 0.400251 -0.102239
v 0.092507 0.399233 -0.023188
v 0.092093 0.494507 -0.061497
v 0.099056 0.370369 -0.124929
v 0.092892 0.396673 0.021129
v 0.101292 0.364985 -0.068168
v 0.122524 0.366435 -0.063517
v 0.092942 0.397753 0.025484
v 0.092712 0.397496 -0.024918
v 0.094242 0.400264 -0.018455
v 0.102086 0.173141 -0.042751
v 0.093193 0.399586 0.032027
v 0.093390 0.396319 -0.019454
v 0.093933 0.400564 0.039318
v 0.111606 0.366540 0.111094
v 0.093334 0.395972 0.017837
v 0.093254 0.398499 0.027172
v 0.093372 0.399052 -0.028228
v 0.093767 0.397385 0.019045
v 0.094054 0.400515 0.019130
v 0.095280 -0.328873 -0.063090
v 0.102205 0.166839 0.042576
v 0.093955 0.396962 -0.017321
v 0.103632 -0.042773 0.043001
v 0.094528 0.397670 -0.018838
v 0.101126 0.365445 0.068754
v 0.102148 0.366488 -0.068770
v 0.097819 0.351725 0.065547
v 0.112488 0.377777 0.113095
v 0.094423 0.397184 0.013176
v 0.101398 0.496465 -0.042214
v 0.098719 0.498623 0.041794
v 0.094495 0.396927 -0.014504
v 0.101382 0.386130 -0.116475
v 0.095313 0.397738 0.002545
v 0.102495 0.252334 -0.042877
v 0.094849 0.394393 0.002641
v 0.094789 0.395650 -0.011051
v 0.095248 0.398026 0.017859
v 0.094763 0.397105 0.014438
v 0.094892 0.397179 -0.016529
v 0.094780 0.394287 0.002424
v 0.094795 0.393402 0.001492
v 0.094795 0.393402 0.001493
v 0.094795 0.393402 0.001572
v 0.094795 0.393402 0.001572
v 0.094894 0.394000 -0.001454
v 0.095678 0.399851 0.026464
v 0.103320 -0.012973 -0.043048
v 0.096368 0.400467 -0.030233
v 0.096877 0.399706 -0.019685
v 0.096135 0.397139 -0.000876
v 0.109609 0.394430 0.109137
v 0.095954 0.399855 -0.024707
v 0.095920 0.400540 -0.000101
v 0.102427 0.392116 0.115917
v 0.121797 0.400473 0.077976
v 0.103871 -0.133804 0.043324
v 0.096998 0.399211 -0.015486
v 0.097162 0.399315 0.015179
v 0.100497 -0.474507 0.000158
v 0.104048 -0.450505 0.043185
v 0.105870 -0.330425 0.043835
v 0.103996 -0.137421 -0.043227
v 0.098296 0.399019 -0.000826
v 0.097956 0.400162 0.021152
v 0.108975 0.395461 -0.109152
v 0.102761 0.494325 0.041302
v 0.101232 0.496942 0.041854
v 0.099661 0.497944 -0.041894
v 0.108916 0.352145 0.046041
v 0.105667 -0.272486 0.043957
v 0.103352 0.290848 -0.042934
v 0.103679 0.344317 0.043447
v 0.104263 -0.450472 -0.043137
v 0.112644 0.378553 -0.112568
v 0.099141 0.400106 -0.015210
v 0.102274 0.493129 -0.043099
v 0.107976 0.366448 -0.114005
v 0.109617 0.392686 -0.109723
v 0.105779 -0.327846 -0.043830
v 0.102712 0.492317 0.042271
v 0.100493 0.400275 0.001817
v 0.097804 0.400493 0.027433
v 0.112658 -0.450783 -0.000017
v 0.104874 0.498776 -0.021678
v 0.108965 0.492416 0.020974
v 0.102801 0.254835 0.042690
v 0.110479 -0.450975 0.022140
v 0.105698 -0.272452 -0.043678
v 0.100025 0.356253 -0.066495
v 0.107756 -0.422542 0.044560
v 0.101021 0.400533 -0.021139
v 0.103693 0.344393 -0.043447
v 0.105066 0.366374 0.064822
v 0.102429 0.365636 -0.066701
v 0.105547 0.399472 0.105788
v 0.111720 0.381897 -0.111774
v 0.105817 0.497469 0.024841
v 0.108894 0.493316 -0.021727
v 0.107763 -0.391425 0.044852
v 0.103128 0.494481 -0.039624
v 0.109675 0.352754 -0.044826
v 0.111526 0.381158 0.112365
v 0.107751 -0.422598 -0.044705
v 0.104588 0.495473 0.033548
v 0.109030 0.248607 -0.021619
v 0.105228 0.498684 0.019987
v 0.105390 0.365377 0.061114
v 0.105267 0.493115 0.033805
v 0.109079 0.250674 0.021823
v 0.107879 0.366569 -0.059539
v 0.108542 0.190116 0.022001
v 0.107669 -0.392296 -0.044806
v 0.113263 0.370160 0.113344
v 0.110099 -0.039301 -0.022103
v 0.111452 0.367334 -0.112609
v 0.110161 0.389467 -0.109576
v 0.109795 0.295608 -0.021980
v 0.106803 0.497429 -0.021699
v 0.107148 0.498780 0.000400
v 0.100646 0.400370 0.013346
v 0.110667 -0.450391 -0.022052
v 0.108692 0.494721 0.021035
v 0.110557 -0.134376 0.022110
v 0.112809 0.369993 -0.113631
v 0.113009 0.372440 -0.113612
v 0.114434 -0.422944 0.022847
v 0.109884 0.298515 0.022118
v 0.108522 0.495347 -0.020980
v 0.110461 -0.130594 -0.022135
v 0.108619 0.160813 -0.021912
v 0.109577 0.385956 0.110097
v 0.107916 0.496572 0.019773
v 0.113029 0.365911 -0.047756
v 0.109570 0.386131 -0.109796
v 0.112306 -0.271227 0.022445
v 0.112834 0.365008 -0.047153
v 0.110078 -0.028645 0.021967
v 0.111337 0.357087 0.046268
v 0.110259 0.344188 0.022410
v 0.109520 0.496731 -0.000504
v 0.110925 0.492936 0.000598
v 0.111165 0.249014 -0.000093
v 0.110570 0.494838 -0.000438
v 0.110828 0.154664 -0.000201
v 0.115701 0.352100 0.023630
v 0.110303 0.344080 -0.021966
v 0.112310 -0.271301 -0.022334
v 0.112957 0.365439 0.046821
v 0.111439 0.356889 -0.045609
v 0.112328 -0.327750 0.022625
v 0.112041 0.300806 0.000067
v 0.114395 -0.390900 0.022928
v 0.112257 -0.027793 0.000117
v 0.112381 -0.328655 -0.022421
v 0.114397 -0.422270 -0.022795
v 0.110787 0.391578 0.108992
v 0.112434 0.344259 -0.000111
v 0.115784 0.352039 -0.023029
v 0.112778 -0.135974 -0.000002
v 0.114649 -0.270231 0.000165
v 0.120627 0.391146 -0.096730
v 0.123832 0.399641 -0.083011
v 0.114408 -0.390732 -0.022443
v 0.114802 0.368169 -0.109809
v 0.113120 0.366255 0.048163
v 0.115542 0.366706 -0.106297
v 0.116642 -0.422673 0.000215
v 0.114680 -0.328458 0.000100
v 0.125431 0.399492 0.081979
v 0.112837 0.373916 0.113543
v 0.131434 0.366478 -0.086828
v 0.114503 0.365827 0.042924
v 0.123768 0.370472 -0.100586
v 0.126696 0.397977 -0.084106
v 0.117962 0.352006 0.000087
v 0.119704 0.365668 0.025181
v 0.120061 0.365878 -0.023743
v 0.132713 0.378421 -0.088208
v 0.118027 0.357045 0.024182
v 0.116423 0.395669 0.100046
v 0.128575 0.393915 -0.086162
v 0.116775 -0.391760 -0.000031
v 0.115756 0.366354 0.042103
v 0.117745 0.356636 -0.024064
v 0.115491 0.366342 -0.043773
v 0.122256 0.366422 0.097342
v 0.127923 0.395905 -0.085739
v 0.120009 0.356127 -0.000303
v 0.120163 0.366055 0.024581
v 0.131555 0.381408 -0.088162
v 0.129166 0.390884 0.086534
v 0.130866 0.366373 0.087552
v 0.132250 0.367911 0.088393
v 0.129228 0.385577 0.086347
v 0.122103 0.364843 -0.000288
v 0.133427 0.370251 0.088854
v 0.122586 0.365992 -0.000750
v 0.127825 0.396240 0.085618
v 0.135500 0.400553 0.050399
v 0.132551 0.367999 -0.087882
v 0.121831 0.366348 0.024037
v 0.123184 0.366423 -0.000264
v 0.121090 0.366330 -0.023358
v 0.128235 0.395031 0.086074
v 0.126671 0.397997 0.084332
v 0.131344 0.380737 0.089042
v 0.129072 0.385794 -0.086220
v 0.134792 0.400482 -0.051990
v 0.132729 0.376354 0.089138
v 0.129324 0.390339 -0.086241
v 0.135727 0.366390 -0.077558
v 0.137417 0.399978 0.056968
v 0.132995 0.391459 -0.079186
v 0.140684 0.397829 0.058602
v 0.133382 0.370353 -0.088713
v 0.143183 0.390286 0.060251
v 0.142458 0.400462 -0.001050
v 0.138956 0.395990 -0.064652
v 0.143178 0.392680 0.059971
v 0.142728 0.385752 -0.060218
v 0.137358 0.399778 -0.057620
v 0.135526 0.367712 0.081842
v 0.136773 0.367562 -0.079244
v 0.133908 0.366318 0.081116
v 0.142671 0.385859 0.060836
v 0.142307 0.395897 0.059155
v 0.136134 0.366400 0.077292
v 0.139800 0.397947 -0.059133
v 0.147731 0.370342 -0.061399
v 0.145967 0.381167 -0.061033
v 0.143596 0.391198 -0.058847
v 0.149688 0.366528 0.044910
v 0.146117 0.366357 -0.054170
v 0.142399 0.394703 -0.059171
v 0.144041 0.366367 0.062067
v 0.147097 0.378098 -0.061071
v 0.141390 0.396609 -0.059043
v 0.145496 0.381828 0.061595
v 0.146243 0.367847 0.061415
v 0.153527 0.366536 -0.031383
v 0.146278 0.367944 -0.061361
v 0.145596 0.366827 -0.059967
v 0.147170 0.377261 0.061254
v 0.148742 0.398396 0.028689
v 0.146726 0.390533 0.049360
v 0.146206 0.396307 -0.044864
v 0.150931 0.396139 0.030270
v 0.148301 0.399547 0.010815
v 0.146783 0.386202 0.046882
v 0.147694 0.370395 0.061318
v 0.152657 0.391718 0.030405
v 0.146705 0.399398 -0.030577
v 0.146474 0.399555 0.029721
v 0.148357 0.392162 -0.043775
v 0.155946 0.366368 0.008470
v 0.151824 0.386275 -0.029600
v 0.148911 0.391096 -0.042313
v 0.149310 0.399652 -0.000413
v 0.148150 0.367515 -0.054579
v 0.151669 0.380240 -0.043732
v 0.148864 0.366485 -0.046722
v 0.155595 0.366444 -0.013689
v 0.149738 0.367581 -0.049065
v 0.150465 0.396868 -0.030288
v 0.155705 0.380080 0.031144
v 0.151505 0.367705 0.043665
v 0.150295 0.397242 0.028434
v 0.151295 0.397012 -0.019053
v 0.152159 0.397984 -0.000535
v 0.151881 0.366430 0.036949
v 0.156381 0.375225 0.032006
v 0.152283 0.393174 -0.030727
v 0.152727 0.391582 -0.029714
v 0.151899 0.386153 0.030509
v 0.155831 0.368157 0.031312
v 0.153701 0.396429 -0.000470
v 0.153465 0.395263 0.009588
v 0.156972 0.370001 0.031015
v 0.156891 0.370205 -0.031090
v 0.155581 0.380142 -0.031293
v 0.153858 0.366640 0.031992
v 0.155484 0.390729 0.000401
v 0.154957 0.394374 -0.000183
v 0.155480 0.392825 -0.000050
v 0.158284 0.381293 -0.000179
v 0.154996 0.386365 -0.000038
v 0.155737 0.367803 -0.029119
v 0.156552 0.367355 0.017455
v 0.159503 0.377035 -0.000468
v 0.156316 0.376433 -0.031174
v 0.158079 0.367136 -0.000001
v 0.157198 0.367349 -0.012010
v 0.160130 0.370307 -0.000450
v -0.002137 0.230675 -0.110691
v -0.005090 0.225263 0.075014
v -0.006907 -0.011746 -0.085700
v -0.002242 0.227105 0.077833
v -0.025393 0.366401 0.154187
v -0.027113 0.400613 0.140606
v -0.000119 0.400236 0.096144
v -0.014564 0.400188 -0.099074
v -0.001346 0.085474 -0.073402
v -0.006454 -0.027354 -0.111659
v 0.000044 0.492646 0.111081
v -0.029171 -0.499897 -0.069360
v -0.007128 0.392285 0.154634
v -0.006593 0.395225 0.153505
v -0.028959 0.398469 -0.148368
v 0.087509 0.499946 -0.051075
v -0.004897 0.223332 0.074271
v -0.005641 0.226287 0.076496
v -0.006498 -0.013144 0.087240
v -0.023515 0.351896 -0.115646
v -0.014875 -0.499788 0.074762
v -0.005391 0.221239 -0.074216
v -0.005251 0.003002 -0.074210
v -0.005083 0.199466 0.073838
v -0.006256 -0.001863 0.077384
v -0.022961 -0.422439 -0.114284
v -0.020250 0.499812 0.102114
v -0.022395 -0.269649 -0.112284
v -0.005058 0.128431 -0.073821
v -0.022413 0.492756 0.108904
v -0.023220 -0.391151 0.114417
v -0.005943 0.396271 0.095335
v -0.005461 0.226045 -0.076247
v -0.005504 0.224743 -0.074852
v -0.005011 0.227033 0.080089
v -0.007248 -0.023866 -0.103270
v -0.005972 0.229709 -0.110387
v -0.005853 0.229506 0.110795
v -0.007968 0.365912 -0.121887
v -0.022977 -0.422810 0.114373
v -0.006054 0.002929 -0.074598
v -0.006422 0.223067 0.074781
v -0.008371 0.227932 0.110530
v -0.007076 0.225138 -0.077049
v -0.007091 0.140243 -0.074917
v -0.006649 0.002572 0.074936
v -0.007207 0.090755 0.075149
v -0.012614 0.399238 -0.097167
v -0.007266 0.224250 -0.075902
v -0.014891 0.367083 -0.156428
v -0.007224 -0.017195 0.092513
v -0.022260 -0.137291 -0.110490
v -0.029577 0.396518 -0.150414
v -0.022816 0.366306 0.121285
v -0.008813 -0.027056 0.111549
v -0.030796 0.385486 -0.151818
v -0.008116 0.228232 -0.110213
v -0.007304 -0.019879 -0.096026
v -0.007441 0.221346 0.075606
v -0.008082 0.000640 -0.077601
v -0.007551 0.224467 0.076534
v -0.007234 0.002435 0.075364
v -0.022215 -0.131546 0.110506
v -0.007949 -0.005735 0.081266
v -0.007441 0.017010 -0.075747
v -0.007776 0.223599 -0.076924
v -0.007938 0.051446 0.076909
v -0.007975 0.108447 -0.076711
v -0.008078 0.002568 -0.076869
v -0.008028 0.223632 0.076918
v -0.008081 -0.009100 -0.084222
v -0.008200 0.001162 0.077345
v -0.009156 -0.025299 0.107901
v -0.008622 -0.017320 -0.094415
v -0.020928 0.495777 -0.108318
v -0.013598 0.396570 0.094835
v -0.008556 -0.026423 -0.111411
v -0.009027 0.226855 0.110402
v -0.008468 -0.013262 0.089377
v -0.021390 0.496509 0.107849
v -0.011014 0.227033 0.110276
v -0.022284 0.299701 -0.109858
v -0.009807 -0.009988 0.111487
v -0.009729 0.396431 -0.094868
v -0.008823 -0.016884 0.094717
v -0.009314 0.226228 -0.110132
v -0.008878 -0.020875 0.100100
v -0.018858 0.398716 0.094089
v -0.029705 0.394957 -0.151299
v -0.025376 0.400520 0.099347
v -0.008928 -0.021878 -0.101978
v -0.023024 0.366973 0.155727
v -0.044555 0.366410 -0.149572
v -0.019712 -0.474201 0.098904
v -0.034867 0.400519 -0.138990
v -0.009799 0.138342 -0.110253
v -0.000193 0.344679 0.112659
v -0.009786 0.024209 -0.111032
v -0.022683 -0.329371 0.112431
v -0.009525 -0.022381 -0.111269
v -0.009486 -0.021921 0.103896
v -0.016819 0.397070 -0.094389
v -0.009671 0.221963 0.110322
v -0.009741 -0.024873 0.111520
v -0.021402 0.493826 -0.108811
v -0.018402 0.399515 0.097124
v -0.022221 -0.450119 -0.110588
v -0.021956 0.250580 -0.109002
v -0.020534 0.499103 -0.104411
v -0.030073 0.399532 0.146404
v -0.022251 -0.450311 0.110654
v -0.022706 0.344310 -0.110174
v -0.056754 0.499955 -0.083955
v -0.031288 0.386195 0.151719
v 0.000474 0.499907 0.103834
v -0.029498 0.399434 -0.146422
v -0.022488 -0.272787 0.112347
v -0.032527 0.366433 -0.153061
v -0.030670 0.368024 0.155918
v -0.021979 0.396919 0.150848
v -0.019975 -0.474138 -0.098698
v -0.022284 0.252906 0.109125
v -0.029817 0.391383 -0.152435
v -0.027675 -0.499862 0.070367
v -0.022065 0.188702 0.108626
v -0.022424 -0.025154 -0.109938
v -0.021755 -0.025903 0.110300
v -0.022257 0.492263 -0.108610
v -0.031642 0.370886 -0.156917
v -0.020415 0.390350 0.153230
v -0.023446 0.365661 0.120199
v -0.015001 -0.499728 -0.074343
v -0.054213 -0.499351 -0.053366
v -0.016031 0.396029 0.094095
v -0.019305 0.400259 -0.094045
v -0.026697 0.393382 0.152439
v -0.031088 0.379795 -0.155801
v -0.022446 0.344436 0.110433
v -0.022484 0.190720 -0.108436
v -0.019123 0.399544 -0.096737
v -0.023690 0.356924 0.118132
v -0.075480 -0.499499 0.002404
v -0.018320 0.396704 0.094303
v -0.023009 -0.391249 -0.114376
v -0.031092 0.370462 0.157098
v -0.021976 0.495188 0.108436
v -0.031377 0.382182 0.154579
v -0.023897 0.366519 -0.121240
v -0.019085 0.397984 0.095139
v -0.023918 0.357573 -0.118264
v -0.018582 0.396969 0.093879
v -0.024935 0.499953 -0.099204
v -0.024718 0.397241 -0.092662
v -0.053063 -0.499317 0.054648
v -0.029423 -0.498377 -0.071579
v -0.021974 0.497324 -0.106982
v -0.021804 0.396787 -0.093037
v -0.024030 0.365803 -0.120274
v -0.022591 0.034885 -0.109243
v -0.022445 -0.328660 -0.112292
v -0.022601 -0.002423 0.109780
v -0.022886 0.396678 0.092957
v -0.029450 -0.498580 0.071619
v -0.032390 0.377513 0.156132
v -0.030341 0.367542 -0.155168
v -0.026022 0.397038 0.091829
v -0.022892 0.351557 0.115655
v -0.039354 -0.473799 0.093214
v -0.037554 0.398582 0.088393
v -0.025349 0.399596 -0.095328
v -0.026491 0.399668 0.095641
v -0.026113 0.495627 -0.106789
v -0.026699 0.498495 -0.103815
v -0.038622 -0.474079 -0.093105
v -0.026993 0.496969 0.105783
v -0.025995 0.397153 -0.091705
v -0.046168 0.357074 -0.111313
v -0.031204 0.396749 0.150213
v -0.036676 0.499055 0.099395
v -0.043499 -0.145538 -0.103867
v -0.043454 0.344472 0.104009
v -0.043506 -0.139932 0.103973
v -0.044078 -0.270326 0.105716
v -0.044865 -0.422380 0.107777
v -0.044063 -0.329689 0.105895
v -0.045033 -0.391711 0.107747
v -0.031051 0.494054 0.106123
v -0.022102 0.498376 0.105576
v -0.069143 -0.499837 0.030555
v -0.046014 0.357618 0.111515
v -0.043196 -0.450578 0.104165
v -0.030274 0.391934 0.152374
v -0.039603 0.499320 -0.097829
v -0.035222 0.499910 0.095136
v -0.029901 0.396263 0.090904
v -0.030139 0.397044 -0.090657
v -0.032030 0.399373 0.093201
v -0.037046 0.399658 -0.091716
v -0.031983 0.397068 -0.089748
v -0.031813 0.397073 0.090178
v -0.042382 -0.499572 0.063410
v -0.053700 0.366269 0.146791
v -0.042832 0.400554 -0.092917
v -0.030521 0.395320 0.151379
v -0.043325 -0.032811 0.103569
v -0.032488 0.366409 0.153378
v -0.040261 0.366338 -0.116097
v -0.043377 0.247402 0.102526
v -0.043119 0.365168 -0.114252
v -0.034566 0.496877 0.103665
v -0.044147 -0.498178 -0.064088
v -0.032612 0.397505 0.090995
v -0.059323 0.397597 0.140371
v -0.042853 0.492191 0.102653
v -0.043707 -0.499689 -0.061812
v -0.044643 -0.422439 -0.107756
v -0.045614 0.352066 0.109035
v -0.040738 0.399703 0.142906
v -0.036189 0.397023 0.088895
v -0.041670 0.390911 -0.148928
v -0.037070 0.398067 0.089668
v -0.043834 -0.272021 -0.105588
v -0.041520 0.498141 -0.099685
v -0.043216 -0.498204 0.064680
v -0.035687 0.397134 -0.088790
v -0.036468 0.397178 -0.088230
v -0.037851 0.393082 0.149768
v -0.043051 0.496647 -0.100978
v -0.043059 0.492884 -0.102315
v -0.043906 -0.329728 -0.105666
v -0.043643 0.379400 -0.152283
v -0.037596 0.399530 0.091939
v -0.046901 0.365312 0.112836
v -0.043145 0.496661 0.101059
v -0.060258 0.378611 0.147542
v -0.042588 0.493902 0.102573
v -0.045210 0.351485 -0.108751
v -0.041520 0.370528 -0.153969
v -0.043897 0.344340 -0.103534
v -0.047439 0.366519 -0.114343
v -0.059848 0.386339 0.142908
v -0.038498 0.397675 0.088036
v -0.043002 0.400495 0.094046
v -0.040805 0.396749 -0.086044
v -0.040778 0.399373 -0.089042
v -0.042900 0.184214 -0.102046
v -0.043263 0.253896 -0.102508
v -0.043301 -0.450574 -0.103986
v -0.039867 0.397059 0.087240
v -0.061019 0.367911 0.146682
v -0.043353 0.187565 0.102076
v -0.063716 0.366390 -0.142541
v -0.041270 0.498153 0.099755
v -0.043144 0.499224 0.096013
v -0.045905 0.397081 -0.083388
v -0.044644 0.395266 0.146885
v -0.042925 0.399554 0.089203
v -0.059297 0.392536 -0.143440
v -0.043314 -0.009277 -0.103125
v -0.042250 0.397021 -0.085404
v -0.061103 0.381328 -0.145955
v -0.046337 0.366400 0.114301
v -0.056350 -0.474018 -0.083490
v -0.056070 -0.474444 0.083696
v -0.053646 0.402616 -0.080269
v -0.047083 0.367811 -0.150685
v -0.044726 0.399568 -0.087489
v -0.061287 0.370402 0.148029
v -0.054667 0.411274 0.081302
v -0.047410 0.365832 -0.113109
v -0.063195 -0.450591 0.093357
v -0.045067 0.397081 0.084436
v -0.071609 0.400494 -0.090137
v -0.062569 0.006510 -0.092378
v -0.058580 0.397441 -0.140909
v -0.044774 -0.390419 -0.107718
v -0.059729 0.396120 0.141895
v -0.060347 0.378914 -0.147401
v -0.062227 0.252286 0.092254
v -0.062745 -0.450404 -0.093560
v -0.055767 0.499371 -0.088822
v -0.055446 -0.497584 0.055533
v -0.062951 0.344253 -0.093015
v -0.048032 0.398914 0.085223
v -0.047804 0.396906 0.082916
v -0.049243 0.399288 -0.084706
v -0.061733 0.492484 -0.092312
v -0.062442 -0.129409 -0.093191
v -0.064925 -0.391554 -0.096793
v -0.055028 -0.497739 -0.055448
v -0.061269 0.492970 0.092682
v -0.059002 0.399799 -0.136645
v -0.058240 0.496191 -0.093256
v -0.062927 -0.134067 0.093175
v -0.064661 0.349027 -0.096153
v -0.050292 0.397211 -0.081118
v -0.062059 0.492219 0.092120
v -0.049569 0.401348 0.082359
v -0.049441 0.400590 -0.089667
v -0.085065 0.366279 0.131360
v -0.061796 0.190437 -0.091698
v -0.063622 -0.273230 -0.094715
v -0.062468 -0.031708 0.093004
v -0.058986 0.400498 0.130661
v -0.051188 0.396757 0.080545
v -0.051971 0.399798 0.084784
v -0.054305 0.365634 -0.109405
v -0.050917 0.398136 0.082214
v -0.061225 0.496153 0.091423
v -0.066257 0.352905 -0.098149
v -0.061131 0.370406 -0.148042
v -0.051262 0.398124 -0.081916
v -0.067995 0.366419 0.102945
v -0.067932 0.357062 0.099339
v -0.063572 -0.329344 -0.094854
v -0.051338 0.398560 -0.080803
v -0.063607 -0.327854 0.095143
v -0.086289 0.400447 0.115330
v -0.054319 0.396748 0.078479
v -0.059369 0.498340 -0.089888
v -0.052669 0.396200 0.079393
v -0.059604 0.385758 -0.143172
v -0.049476 0.399992 -0.086213
v -0.052837 0.397733 -0.079725
v -0.061533 0.494254 -0.092211
v -0.059063 0.395379 -0.142272
v -0.067709 0.357235 -0.099456
v -0.057412 0.397245 -0.075789
v -0.055181 0.399571 0.081609
v -0.057595 0.399608 -0.080029
v -0.054306 0.398224 0.080170
v -0.055589 0.400444 0.085832
v -0.054607 0.398254 -0.079926
v -0.069643 -0.499846 -0.028693
v -0.061742 0.252518 -0.092435
v -0.060631 0.496770 -0.091380
v -0.061251 0.400508 -0.129523
v -0.055649 0.395325 0.077289
v -0.057856 0.399705 0.137273
v -0.060356 0.400589 -0.083150
v -0.061250 0.498360 0.088404
v -0.056181 0.398004 0.078307
v -0.067610 0.365275 0.101626
v -0.063248 -0.499359 -0.043121
v -0.069299 0.366461 -0.102243
v -0.064010 -0.498751 0.043244
v -0.061746 0.159897 0.091990
v -0.062663 0.399187 0.072084
v -0.060216 0.392514 0.142940
v -0.059944 0.396428 0.073408
v -0.057594 0.400146 0.082001
v -0.057908 0.399623 0.079650
v -0.060608 0.366654 -0.145059
v -0.059916 0.396363 0.073941
v -0.060695 0.499445 0.085998
v -0.060585 0.366330 0.144837
v -0.066413 0.365749 0.102742
v -0.063956 -0.499593 0.041132
v -0.073849 -0.499682 -0.015060
v -0.064899 -0.422804 -0.096798
v -0.061133 0.367958 -0.146328
v -0.059740 0.397468 -0.075093
v -0.061202 0.399817 -0.077781
v -0.059844 0.397401 -0.074083
v -0.062646 0.344441 0.093388
v -0.065288 0.400489 0.079439
v -0.083975 0.399740 0.123452
v -0.078768 0.491861 0.078355
v -0.062342 0.397200 0.072280
v -0.063748 -0.274078 0.094855
v -0.062420 0.399068 0.074945
v -0.063667 0.399468 -0.074765
v -0.065073 0.397260 -0.069689
v -0.068533 0.403733 0.068252
v -0.072636 -0.499779 0.019528
v -0.064849 -0.391522 0.096957
v -0.076254 0.498391 -0.075848
v -0.065001 -0.422692 0.096785
v -0.066636 0.499884 0.079025
v -0.060678 0.382301 0.145759
v -0.066147 0.399791 0.073363
v -0.103371 0.400559 0.099979
v -0.071031 -0.474469 0.071207
v -0.068145 0.364800 -0.101111
v -0.088588 0.370460 0.133587
v -0.070678 0.493882 0.084835
v -0.068590 0.366097 -0.101782
v -0.074251 0.398059 -0.131716
v -0.078675 0.252207 0.078702
v -0.065730 0.399269 -0.072366
v -0.075679 0.397751 0.131535
v -0.077921 0.496630 -0.077147
v -0.080807 -0.272053 -0.080711
v -0.079525 -0.135474 -0.079475
v -0.083539 0.499952 0.058496
v -0.080881 -0.273584 0.080814
v -0.078511 0.250335 -0.078688
v -0.067392 0.397435 -0.067753
v -0.079387 0.344148 0.079796
v -0.062632 0.293152 0.092833
v -0.062564 0.499197 -0.084650
v -0.075719 0.366295 0.110847
v -0.066373 0.398884 0.071071
v -0.079091 -0.019797 0.079341
v -0.067251 0.400607 -0.077983
v -0.085235 0.395698 -0.128214
v -0.075344 0.395821 0.133635
v -0.071698 0.496558 0.082632
v -0.078201 0.378289 -0.138331
v -0.079472 0.315588 0.079393
v -0.071060 -0.474475 -0.070970
v -0.075433 0.378192 0.139704
v -0.082430 -0.390826 0.082519
v -0.085436 0.391587 -0.129510
v -0.066345 0.352114 0.097536
v -0.069458 0.397327 0.065643
v -0.082555 -0.422795 -0.082197
v -0.074196 0.499725 -0.073161
v -0.069566 0.400359 -0.073011
v -0.070979 0.399829 0.068319
v -0.069806 0.398204 0.066463
v -0.082533 -0.391033 -0.082326
v -0.079322 0.391482 0.132967
v -0.072443 0.399605 -0.065618
v -0.079149 -0.023377 -0.079173
v -0.078117 0.174526 -0.078419
v -0.071498 -0.498703 0.029572
v -0.070522 0.398676 0.064728
v -0.071674 0.365086 0.098606
v -0.073897 0.400444 0.070359
v -0.071958 -0.498312 -0.029023
v -0.079303 0.313210 -0.079381
v -0.085965 0.364708 -0.086612
v -0.080918 -0.328903 -0.080727
v -0.078535 0.150007 0.078331
v -0.087560 0.367910 -0.132520
v -0.071844 0.398037 -0.062668
v -0.075405 0.399740 -0.127890
v -0.074539 0.400629 -0.060001
v -0.082097 0.415165 -0.054536
v -0.072916 0.398534 0.063140
v -0.077241 0.498129 0.075437
v -0.074052 0.366180 0.097660
v -0.079547 -0.136561 0.079660
v -0.080674 0.365782 -0.091862
v -0.088243 0.370297 -0.133702
v -0.085820 0.386184 -0.129120
v -0.072083 0.398712 -0.064339
v -0.075917 -0.498364 0.016235
v -0.083737 -0.474511 -0.055502
v -0.085386 0.356816 0.085047
v -0.073913 0.398350 -0.060472
v -0.073016 0.399999 0.066683
v -0.079239 0.344375 -0.079796
v -0.083750 0.352407 0.083799
v -0.075215 0.499595 0.073214
v -0.073949 0.399040 0.060739
v -0.074051 0.399324 -0.062549
v -0.086326 0.385530 0.129075
v -0.078915 0.494325 0.077921
v -0.075706 -0.498587 -0.015708
v -0.076353 0.400524 -0.066885
v -0.082480 -0.422854 0.082511
v -0.076654 0.398744 0.057368
v -0.087596 0.367443 0.132095
v -0.074814 0.398560 -0.058945
v -0.078566 0.492157 -0.078484
v -0.083633 0.352105 -0.083409
v -0.075483 0.397688 -0.058119
v -0.075420 0.399002 0.060815
v -0.083246 -0.474564 0.056050
v -0.075535 0.400153 0.064791
v -0.079668 -0.450584 -0.079680
v -0.077750 -0.498305 -0.000138
v -0.079054 0.494451 -0.077566
v -0.077682 0.398122 0.056832
v -0.080827 -0.327311 0.080948
v -0.087688 0.380996 -0.132169
v -0.091613 0.366306 -0.126326
v -0.077969 0.399677 0.059699
v -0.085333 0.357004 -0.084948
v -0.086540 0.499614 0.057878
v -0.077757 0.398166 -0.056137
v -0.077416 0.397331 0.055884
v -0.092571 0.492734 0.061344
v -0.079770 -0.450842 0.079552
v -0.078342 0.398861 -0.055086
v -0.078458 0.400546 0.064516
v -0.078915 0.496460 0.076322
v -0.078432 0.398594 0.055204
v -0.083696 0.397973 -0.126697
v -0.093741 -0.450895 -0.062396
v -0.082155 0.399792 -0.123796
v -0.087812 0.381404 0.131397
v -0.079854 0.398419 -0.053003
v -0.088600 0.366668 -0.130039
v -0.079674 0.398346 -0.054344
v -0.080734 0.406454 0.054241
v -0.079909 0.397769 0.053123
v -0.079924 0.398561 0.054925
v -0.092417 0.492221 -0.061516
v -0.098508 0.499970 0.028520
v -0.080402 0.399134 -0.052219
v -0.087847 0.498876 -0.060013
v -0.093806 -0.140282 0.062072
v -0.084723 0.498455 0.065349
v -0.080910 0.398407 0.051559
v -0.081961 0.399923 -0.054814
v -0.089988 0.497953 -0.059920
v -0.087398 0.496570 0.065788
v -0.081306 0.397153 0.050536
v -0.079783 0.499910 -0.064415
v -0.084941 0.365622 0.087979
v -0.084618 0.397932 0.126326
v -0.093018 -0.474258 -0.038683
v -0.081635 0.398376 -0.050919
v -0.082704 0.398515 -0.047717
v -0.081718 0.397858 -0.049381
v -0.081764 0.398041 0.051388
v -0.088324 0.377889 -0.132782
v -0.096888 -0.392761 0.064988
v -0.086125 0.392434 0.129173
v -0.095332 -0.327874 0.063268
v -0.082815 0.399732 -0.052710
v -0.086093 0.389649 0.129539
v -0.086087 0.366318 0.087790
v -0.091191 0.496133 -0.061462
v -0.092144 0.494009 -0.061608
v -0.092032 0.494049 0.061700
v -0.083811 0.399540 0.051459
v -0.083626 0.396999 0.046363
v -0.083350 0.397737 -0.046165
v -0.092035 0.157365 0.061590
v -0.084995 0.399449 0.048870
v -0.085121 0.399529 -0.047697
v -0.091891 0.175447 -0.061592
v -0.093198 -0.129461 -0.062534
v -0.083633 0.398193 -0.047089
v -0.093597 0.344273 0.062685
v -0.088319 0.378893 0.132443
v -0.085501 0.395855 0.128149
v -0.086876 0.366365 -0.087338
v -0.093092 -0.025227 -0.062070
v -0.103868 0.400425 -0.102095
v -0.085895 0.499904 -0.055514
v -0.095189 -0.328906 -0.063305
v -0.085960 0.397241 -0.041106
v -0.087716 0.397181 0.039085
v -0.092949 -0.474414 0.038383
v -0.092483 0.238362 0.061486
v -0.098721 -0.474336 0.019711
v -0.093103 -0.052878 0.062382
v -0.097074 -0.422695 -0.064483
v -0.087284 0.396280 -0.038167
v -0.087229 0.397807 -0.040439
v -0.088150 0.399482 -0.042789
v -0.088794 0.365435 0.083789
v -0.089024 0.399576 0.041875
v -0.089585 0.498305 0.059360
v -0.109515 0.392999 -0.109620
v -0.095201 0.365310 -0.076024
v -0.089077 0.403236 0.037524
v -0.088402 0.397271 -0.036176
v -0.096985 -0.422539 0.064716
v -0.093797 -0.450499 0.062597
v -0.089165 0.395751 -0.033034
v -0.089244 0.396031 0.034759
v -0.093479 0.344231 -0.062334
v -0.089043 0.396576 -0.035080
v -0.089305 0.397925 0.037599
v -0.089386 0.398163 -0.036971
v -0.096727 0.499856 -0.033413
v -0.097014 -0.391704 -0.064689
v -0.090101 0.400555 -0.048034
v -0.088371 0.400611 0.051943
v -0.091272 0.496161 0.061237
v -0.089816 0.396403 -0.031553
v -0.118728 0.400440 -0.081876
v -0.089992 0.397046 0.032528
v -0.090087 0.397447 -0.032320
v -0.090404 0.397600 0.033305
v -0.090317 0.397329 -0.030291
v -0.095159 0.385623 0.121763
v -0.100895 0.366407 -0.071014
v -0.091419 0.395398 0.026657
v -0.103934 -0.450666 0.043465
v -0.093347 0.336221 -0.062461
v -0.090930 0.397182 -0.029556
v -0.091740 0.498798 -0.053345
v -0.125289 0.366367 0.049994
v -0.091049 0.395645 -0.026754
v -0.094326 0.400483 0.019145
v -0.107963 0.366388 0.113757
v -0.091008 0.399636 0.039003
v -0.090882 0.399651 -0.038905
v -0.095075 -0.269596 0.063409
v -0.092318 0.249856 -0.061868
v -0.094682 0.400559 0.039404
v -0.098727 -0.474300 -0.019511
v -0.092142 0.397634 0.027707
v -0.092119 0.397280 -0.024610
v -0.093008 0.399287 -0.031278
v -0.091852 0.396661 0.025891
v -0.095705 0.496540 0.052657
v -0.099872 0.356872 0.067327
v -0.106526 0.399598 -0.104773
v -0.092491 0.396667 0.023836
v -0.092865 0.396432 0.023943
v -0.092052 0.499697 -0.046207
v -0.093496 0.393254 0.019029
v -0.092811 0.396576 -0.023741
v -0.094947 0.497142 -0.052718
v -0.093331 0.395570 -0.020403
v -0.115431 0.366391 -0.057214
v -0.094980 -0.273078 -0.063306
v -0.094795 0.399808 0.028747
v -0.102648 0.231468 0.042378
v -0.094371 0.400507 -0.038668
v -0.094689 0.396232 0.017464
v -0.094482 0.398986 0.025584
v -0.100522 0.357722 -0.066983
v -0.102213 0.148251 -0.042777
v -0.094854 0.399226 -0.025911
v -0.102323 0.499961 -0.000200
v -0.093907 0.397730 -0.022518
v -0.109236 0.395939 0.108546
v -0.102320 0.155536 0.042674
v -0.095932 0.495056 0.053822
v -0.094217 0.395996 -0.016390
v -0.094672 0.397854 0.020515
v -0.094618 0.395032 0.014879
v -0.096624 0.498938 -0.043729
v -0.102503 0.492417 -0.042706
v -0.100159 0.497851 0.040886
v -0.103965 -0.134283 -0.043083
v -0.099091 0.366342 0.072949
v -0.098394 0.352400 -0.065733
v -0.094685 0.395210 -0.014883
v -0.095349 0.397178 -0.016165
v -0.109874 0.386149 -0.109612
v -0.094314 0.401816 -0.019682
v -0.095074 0.394033 -0.006373
v -0.095024 0.393957 0.008497
v -0.095275 0.392831 -0.000710
v -0.103757 0.344459 0.043771
v -0.109608 0.392888 0.109917
v -0.096279 0.401977 0.000455
v -0.111810 0.379478 0.113163
v -0.096696 0.397291 0.003277
v -0.096716 0.397223 -0.002803
v -0.099457 0.344116 -0.051370
v -0.103708 -0.031627 0.042878
v -0.097376 0.399477 -0.018395
v -0.103630 -0.033034 -0.042945
v -0.107746 0.397904 -0.107201
v -0.096705 0.399042 0.016070
v -0.097594 0.364741 0.072920
v -0.112828 0.374658 0.113586
v -0.104128 -0.450780 -0.043086
v -0.098182 0.496333 -0.048313
v -0.098607 0.499053 0.038372
v -0.100465 -0.474615 0.000051
v -0.105701 0.399697 0.105169
v -0.105667 -0.273167 -0.043883
v -0.107815 -0.422492 -0.044601
v -0.107544 0.397801 0.107565
v -0.100280 0.425736 -0.000315
v -0.105786 -0.328989 -0.043825
v -0.097549 0.399951 0.020311
v -0.105731 -0.327123 0.044064
v -0.097805 0.398445 0.000298
v -0.109626 0.395690 -0.108265
v -0.105693 -0.271660 0.043962
v -0.099562 0.400531 0.019834
v -0.107494 -0.390830 0.045227
v -0.109846 0.391739 -0.109661
v -0.110675 -0.450273 0.022204
v -0.102741 0.366358 0.068429
v -0.109341 0.390365 0.110715
v -0.100232 0.497105 -0.043247
v -0.108857 0.492477 -0.021600
v -0.111420 0.366810 -0.111715
v -0.103857 -0.125943 0.043197
v -0.099920 0.400455 -0.021565
v -0.102341 0.365288 0.066933
v -0.101041 0.498381 0.035184
v -0.099603 0.399892 -0.006119
v -0.100490 0.400353 0.004444
v -0.102653 0.492944 0.042400
v -0.101590 0.365570 -0.068049
v -0.112112 0.367989 -0.112720
v -0.102182 0.494653 -0.042497
v -0.101664 0.498550 -0.031905
v -0.101984 0.499739 -0.020780
v -0.109334 0.352418 0.045448
v -0.101951 0.496328 0.040643
v -0.103896 0.344352 -0.043199
v -0.102765 0.245217 -0.042429
v -0.110675 -0.450825 -0.021605
v -0.098443 0.352170 0.065428
v -0.103961 0.496605 -0.033143
v -0.104864 0.498637 -0.021690
v -0.103584 0.499279 0.020180
v -0.111088 0.356756 -0.046060
v -0.134844 0.366258 -0.077805
v -0.107720 -0.390991 -0.044947
v -0.109165 0.253661 -0.021386
v -0.111927 0.367795 0.112863
v -0.108688 0.191323 -0.021568
v -0.109446 0.366402 -0.055460
v -0.113130 0.370286 -0.113405
v -0.108620 0.494782 -0.021241
v -0.110275 0.344367 0.022439
v -0.107138 0.365542 -0.057911
v -0.109190 0.084409 -0.021740
v -0.105988 0.497947 0.021164
v -0.106625 0.498791 -0.000667
v -0.110445 -0.128022 -0.022093
v -0.107528 -0.422410 0.044854
v -0.108896 0.493168 0.021642
v -0.106956 0.497870 0.012231
v -0.112001 0.380977 -0.112176
v -0.107370 0.496881 -0.020968
v -0.108490 0.400472 0.010109
v -0.108996 0.352363 -0.045695
v -0.111306 0.356995 0.046141
v -0.110542 -0.132349 0.022296
v -0.108824 0.228761 0.021879
v -0.113716 0.366469 0.047886
v -0.107919 0.496012 0.021122
v -0.110887 0.492795 0.000072
v -0.108767 0.147246 0.021721
v -0.110208 -0.038815 -0.021951
v -0.110169 -0.040074 0.022073
v -0.110932 0.366735 0.112138
v -0.112861 0.377482 -0.112697
v -0.110291 0.344261 -0.021929
v -0.115792 0.352112 0.023366
v -0.113270 0.370251 0.113382
v -0.109214 0.497018 0.000268
v -0.109819 0.385867 0.110278
v -0.112267 -0.272119 0.022751
v -0.109872 0.297679 -0.021908
v -0.112302 -0.262181 -0.022403
v -0.112381 -0.328303 0.022684
v -0.112503 0.364665 -0.047349
v -0.113133 0.365940 0.047418
v -0.110848 0.195531 0.000180
v -0.111350 0.088848 0.000005
v -0.111250 0.251730 -0.000102
v -0.110640 0.494716 0.000148
v -0.114420 -0.422713 -0.022654
v -0.112491 0.344570 0.000262
v -0.112722 -0.450867 -0.000188
v -0.112692 -0.126749 -0.000031
v -0.114347 -0.391401 0.023044
v -0.116625 0.366400 -0.104364
v -0.115957 0.352124 -0.022718
v -0.112377 -0.032694 0.000081
v -0.114496 -0.255512 0.000114
v -0.126654 0.397574 0.084501
v -0.113463 0.366408 -0.047153
v -0.114459 -0.391461 -0.022748
v -0.114319 -0.422748 0.023075
v -0.112356 -0.328966 -0.022489
v -0.114724 0.358686 -0.036112
v -0.117921 0.351825 -0.000347
v -0.119127 0.386034 -0.097937
v -0.114644 -0.328454 0.000031
v -0.118073 0.357232 0.024026
v -0.124228 0.399550 0.082797
v -0.115157 0.365485 -0.039796
v -0.116653 -0.391563 0.000040
v -0.132278 0.378656 0.088862
v -0.122728 0.391679 0.094024
v -0.131694 0.381785 0.087626
v -0.126748 0.397914 -0.084149
v -0.115263 0.386073 0.103201
v -0.117781 0.366389 -0.033605
v -0.116671 -0.422732 -0.000081
v -0.117931 0.356872 -0.023475
v -0.127885 0.396173 0.085252
v -0.119907 0.365592 -0.023849
v -0.129273 0.393295 0.085490
v -0.127141 0.400525 0.066512
v -0.120189 0.365753 0.023675
v -0.120047 0.355993 -0.000370
v -0.119024 0.366460 0.030417
v -0.134376 0.400438 -0.050468
v -0.120814 0.366333 -0.023429
v -0.122366 0.364772 -0.000696
v -0.123010 0.399832 -0.083503
v -0.125093 0.379984 -0.097071
v -0.120934 0.366364 0.023142
v -0.122098 0.366084 -0.007905
v -0.122934 0.366117 -0.000825
v -0.131432 0.367735 0.089169
v -0.129239 0.385637 0.086362
v -0.124019 0.366377 -0.005324
v -0.127809 0.396075 -0.085410
v -0.133594 0.370195 -0.088583
v -0.132303 0.367977 -0.088319
v -0.128675 0.391877 -0.086563
v -0.128180 0.386036 -0.086998
v -0.129707 0.389525 0.085891
v -0.130966 0.366588 -0.087575
v -0.130589 0.366398 0.087558
v -0.131765 0.380929 -0.088394
v -0.154191 0.366414 -0.023408
v -0.137455 0.399596 -0.057255
v -0.132495 0.378189 -0.088837
v -0.140219 0.397840 -0.058645
v -0.142730 0.400417 -0.015409
v -0.137189 0.399767 0.058042
v -0.139824 0.397902 0.059187
v -0.140249 0.400492 0.030630
v -0.138896 0.386252 -0.067421
v -0.133472 0.370462 0.088906
v -0.142445 0.395256 -0.059048
v -0.153336 0.366410 0.032023
v -0.145762 0.381729 -0.060978
v -0.146336 0.368116 0.061667
v -0.143221 0.385677 0.059439
v -0.143149 0.391851 -0.059466
v -0.141667 0.396198 0.059388
v -0.147700 0.370375 -0.061941
v -0.140017 0.379229 0.074487
v -0.143739 0.366341 -0.062501
v -0.140272 0.399756 -0.047128
v -0.146619 0.366356 -0.053768
v -0.146982 0.366410 0.053605
v -0.143091 0.393143 0.059616
v -0.148212 0.372476 0.060648
v -0.147368 0.378193 0.060878
v -0.143384 0.390039 0.059803
v -0.146156 0.381286 0.060555
v -0.146005 0.367315 -0.060757
v -0.144884 0.366481 0.060748
v -0.142756 0.386490 -0.059415
v -0.147316 0.396100 -0.042278
v -0.146219 0.399466 -0.030469
v -0.146259 0.399553 0.030283
v -0.147979 0.370200 0.061037
v -0.148618 0.391858 0.042644
v -0.152246 0.391723 -0.031013
v -0.150476 0.396654 0.030579
v -0.146417 0.395398 0.045972
v -0.149565 0.397460 -0.030174
v -0.148829 0.367726 0.052945
v -0.148367 0.367902 -0.054848
v -0.147254 0.378209 -0.060939
v -0.149242 0.399540 -0.001551
v -0.155244 0.380897 0.030760
v -0.149461 0.386024 0.038026
v -0.151711 0.386039 -0.030874
v -0.151763 0.398125 -0.000849
v -0.151898 0.372257 -0.048371
v -0.151105 0.366496 0.040078
v -0.155691 0.367873 0.030338
v -0.155411 0.380386 -0.031356
v -0.156171 0.378046 -0.031655
v -0.151565 0.394969 -0.030232
v -0.152090 0.393159 0.031080
v -0.151651 0.386116 0.031037
v -0.151913 0.396583 -0.015550
v -0.151903 0.366416 -0.036316
v -0.153250 0.386312 0.016758
v -0.153073 0.389281 0.021835
v -0.155424 0.368060 -0.032453
v -0.153724 0.394748 -0.008602
v -0.153838 0.395949 -0.000200
v -0.154356 0.391650 0.011113
v -0.154174 0.391833 -0.011722
v -0.153889 0.366826 -0.032413
v -0.155148 0.385989 0.000221
v -0.155212 0.393094 0.000130
v -0.155440 0.388995 0.000376
v -0.155985 0.378759 0.031449
v -0.157038 0.370375 0.031120
v -0.158669 0.380558 -0.000307
v -0.156901 0.370237 -0.031649
v -0.155420 0.366990 0.023377
v -0.155352 0.366449 -0.017900
v -0.156498 0.366522 0.006858
v -0.156969 0.367492 -0.016283
v -0.158061 0.367111 -0.000172
v -0.159612 0.377308 0.000002
v -0.160152 0.370329 -0.000564
vn -0.0376 0.2543 0.9664
vn -0.2164 -0.1807 0.9594
vn -0.0481 -0.3568 0.9329
vn 0.0073 0.3687 0.9295
vn -0.0156 0.4596 0.8880
vn 0.1620 0.4781 0.8633
vn 0.2797 0.0603 0.9582
vn 0.2301 0.2878 0.9297
vn 0.2278 -0.3738 0.8991
vn 0.1174 -0.6669 0.7358
vn 0.2186 -0.6596 0.7191
vn 0.0898 -0.9052 0.4153
vn 0.0795 -0.9475 0.3097
vn 0.0685 0.1002 0.9926
vn 0.1014 0.0931 0.9905
vn 0.1014 0.0930 0.9905
vn 0.0773 0.1107 0.9908
vn 0.1069 0.0938 0.9898
vn 0.0867 0.1183 0.9892
vn -0.0017 -0.7226 0.6912
vn 0.0544 -0.8524 0.5201
vn 0.2140 -0.7598 0.6139
vn -0.0004 -1.0000 -0.0004
vn -0.0480 -0.9780 0.2028
vn -0.0918 -0.8487 0.5208
vn -0.0001 -1.0000 -0.0005
vn -0.0113 -0.9999 -0.0013
vn -0.0689 -0.5335 0.8430
vn 0.0021 -0.8703 0.4925
vn -0.0227 -0.9345 0.3551
vn -0.1916 -0.3220 0.9272
vn 0.0012 -0.3473 0.9378
vn 0.1783 -0.3326 0.9261
vn 0.0952 -0.3646 0.9263
vn 0.1800 -0.3649 0.9135
vn 0.1774 -0.4673 0.8661
vn 0.0974 -0.9380 0.3326
vn -0.0036 -0.5171 0.8559
vn -0.0063 -0.3482 0.9374
vn 0.1770 -0.5078 0.8431
vn 0.1734 -0.3481 0.9213
vn 0.2832 -0.3116 0.9070
vn -0.0768 -0.8003 0.5947
vn -0.0010 -1.0000 -0.0013
vn 0.0094 -0.9999 -0.0039
vn -0.1285 -0.5567 0.8207
vn -0.1710 -0.5163 0.8392
vn -0.2150 -0.2992 0.9296
vn 0.0073 -0.0035 1.0000
vn -0.2044 -0.0080 0.9788
vn -0.4735 -0.0114 0.8807
vn -0.4664 -0.0173 0.8844
vn -0.4717 -0.0118 0.8817
vn -0.6377 -0.0121 0.7702
vn -0.6374 -0.0120 0.7705
vn -0.6371 -0.0118 0.7707
vn -0.4809 -0.0065 0.8767
vn -0.4826 -0.0051 0.8758
vn -0.4819 -0.0055 0.8762
vn -0.1562 -0.6356 0.7561
vn -0.1808 0.4651 0.8666
vn -0.3165 0.2420 0.9172
vn -0.2096 0.2217 0.9523
vn -0.1582 -0.7584 0.6323
vn -0.3101 -0.6235 0.7177
vn -0.3804 -0.1747 0.9082
vn -0.1719 -0.7784 0.6038
vn -0.3485 -0.4951 0.7959
vn -0.3661 -0.2908 0.8840
vn -0.3660 0.2505 0.8963
vn -0.1203 -0.9351 0.3334
vn -0.2784 -0.8482 0.4507
vn -0.4330 0.2730 0.8591
vn -0.3547 0.4734 0.8063
vn -0.4439 0.1135 0.8889
vn -0.5606 0.2650 0.7846
vn -0.4982 0.4795 0.7224
vn -0.5391 0.0244 0.8419
vn -0.4651 0.2381 0.8526
vn -0.5648 -0.1752 0.8064
vn -0.4069 -0.7181 0.5646
vn -0.5433 0.2899 0.7879
vn -0.3748 -0.8001 0.4683
vn -0.5498 -0.6300 0.5485
vn -0.7074 0.1184 0.6968
vn -0.6080 0.2808 0.7426
vn -0.7067 0.0798 0.7030
vn -0.7008 0.2601 0.6642
vn -0.6664 0.3306 0.6683
vn -0.7229 -0.1910 0.6640
vn -0.3617 -0.8551 0.3713
vn -0.8099 0.2385 0.5359
vn -0.7475 0.4628 0.4765
vn -0.7176 0.3081 0.6246
vn 0.0051 -1.0000 0.0048
vn -0.0026 -1.0000 -0.0046
vn -0.3249 -0.3940 0.8598
vn -0.5337 -0.3328 0.7774
vn 0.2865 -0.5162 0.8072
vn 0.2180 -0.4641 0.8585
vn 0.0004 -0.9998 0.0192
vn 0.3874 -0.3183 0.8652
vn 0.3892 -0.0163 0.9210
vn 0.1930 -0.0091 0.9812
vn -0.0000 -1.0000 -0.0008
vn 0.0081 -1.0000 0.0036
vn 0.0080 -1.0000 0.0036
vn 0.0075 -1.0000 0.0039
vn 0.0063 -0.9999 -0.0151
vn -0.0031 -0.9998 -0.0178
vn 0.0091 -0.9999 -0.0122
vn 0.0136 -0.9998 -0.0118
vn 0.0114 -0.9999 -0.0051
vn 0.0041 -1.0000 -0.0025
vn -0.0003 -1.0000 -0.0009
vn -0.0063 -1.0000 0.0020
vn -0.8361 -0.1863 0.5161
vn -0.6415 -0.6418 0.4201
vn -0.5046 -0.8055 0.3107
vn -0.0012 -1.0000 0.0007
vn -0.0010 -0.9998 -0.0209
vn -0.3994 -0.8855 0.2373
vn -0.4825 -0.7621 0.4318
vn -0.5489 -0.6114 0.5700
vn -0.3052 -0.8040 0.5104
vn -0.6241 -0.4159 0.6615
vn -0.5333 -0.3713 0.7601
vn -0.4442 -0.5446 0.7114
vn -0.2969 -0.7611 0.5767
vn -0.6812 -0.3069 0.6646
vn -0.6121 -0.5040 0.6094
vn -0.4767 -0.5140 0.7131
vn -0.5356 -0.4085 0.7390
vn -0.5946 -0.3852 0.7058
vn -0.7165 -0.3732 0.5894
vn -0.7034 -0.3701 0.6069
vn -0.7568 -0.4627 0.4617
vn -0.2671 -0.9339 0.2376
vn -0.7888 -0.3295 0.5189
vn -0.7204 -0.4709 0.5091
vn -0.3065 -0.9408 0.1446
vn -0.8778 -0.3225 0.3543
vn -0.6310 -0.5626 0.5342
vn -0.8080 -0.4961 0.3179
vn -0.7160 -0.5789 0.3901
vn -0.7164 -0.5779 0.3908
vn -0.7157 -0.5844 0.3824
vn -0.8080 -0.4308 0.4021
vn -0.8624 -0.1183 0.4923
vn -0.7830 -0.5090 0.3576
vn -0.7698 -0.0089 0.6382
vn -0.2172 -0.7718 0.5977
vn -0.3805 -0.4836 0.7882
vn 0.2684 0.2289 0.9357
vn 0.1692 0.1140 0.9790
vn 0.2906 0.0370 0.9561
vn 0.2792 0.2722 0.9209
vn 0.1668 0.5856 0.7933
vn -0.0122 -0.0373 0.9992
vn 0.0123 0.2423 0.9701
vn 0.0027 1.0000 -0.0021
vn 0.0880 0.8908 0.4457
vn 0.0370 0.9788 0.2016
vn -0.0022 0.8629 0.5054
vn -0.0168 0.7569 0.6533
vn -0.0160 0.5051 0.8629
vn -0.0914 0.5107 0.8549
vn -0.0838 0.6654 0.7417
vn -0.0009 0.9943 0.1066
vn -0.0124 0.9932 0.1162
vn -0.0046 0.9920 0.1262
vn -0.0301 0.9842 0.1742
vn -0.0208 0.9866 0.1618
vn -0.0225 0.9840 0.1766
vn -0.1061 0.8891 0.4452
vn -0.0469 0.2860 0.9571
vn -0.2145 0.0914 0.9724
vn -0.0922 -0.0393 0.9950
vn -0.1691 0.4559 0.8738
vn -0.0967 0.1639 0.9817
vn -0.2876 0.3002 0.9095
vn -0.1617 0.6773 0.7177
vn -0.2486 0.7878 0.5636
vn -0.0896 0.9226 0.3751
vn -0.0480 0.9870 0.1532
vn -0.0058 1.0000 0.0069
vn -0.0258 0.9903 0.1369
vn -0.0450 0.9906 0.1291
vn -0.0528 0.9907 0.1250
vn -0.0519 0.9901 0.1304
vn -0.2015 0.8853 0.4192
vn -0.0748 0.9881 0.1347
vn -0.2345 0.9276 0.2907
vn -0.1058 0.9873 0.1184
vn -0.0020 1.0000 -0.0018
vn 0.1494 0.9271 -0.3439
vn 0.1012 0.9703 -0.2197
vn 0.0591 0.9568 -0.2846
vn 0.1427 0.8853 -0.4426
vn 0.1383 0.8996 -0.4141
vn 0.0581 0.8039 0.5919
vn 0.1932 0.8047 -0.5613
vn -0.2137 0.9200 -0.3285
vn 0.1603 0.7007 -0.6953
vn 0.0800 0.8589 -0.5058
vn 0.3210 0.8381 -0.4412
vn -0.0343 0.3421 0.9390
vn -0.0007 1.0000 -0.0023
vn 0.0006 1.0000 -0.0008
vn -0.0009 1.0000 0.0056
vn -0.0013 1.0000 -0.0023
vn 0.0037 0.6484 -0.7613
vn 0.3474 0.8779 0.3295
vn 0.0177 0.9669 0.2546
vn -0.2110 -0.1341 0.9682
vn -0.4796 0.2962 0.8260
vn -0.3519 0.5319 0.7702
vn -0.2864 0.3632 0.8866
vn -0.3244 0.7590 0.5645
vn -0.4347 0.4867 0.7577
vn -0.3922 0.1284 0.9109
vn -0.3640 0.7701 0.5239
vn -0.4873 0.5117 0.7076
vn -0.5525 0.2213 0.8036
vn -0.0026 1.0000 0.0063
vn -0.0881 0.8654 -0.4933
vn 0.1535 0.8893 0.4308
vn -0.0410 0.9332 -0.3571
vn -0.0039 0.7565 -0.6540
vn -0.0056 0.9872 -0.1594
vn 0.4929 0.8137 0.3081
vn -0.0008 -0.0744 0.9972
vn 0.2883 0.8696 0.4008
vn -0.0919 0.9358 -0.3403
vn -0.1113 0.8792 -0.4632
vn 0.1601 0.8504 0.5012
vn 0.2253 0.7986 0.5581
vn 0.2433 -0.1282 0.9614
vn 0.0939 -0.1594 0.9827
vn 0.0938 -0.1602 0.9826
vn 0.1021 -0.1567 0.9824
vn 0.2034 0.0679 0.9767
vn 0.3739 -0.1611 0.9134
vn 0.1869 0.5043 0.8431
vn -0.0238 0.3046 0.9522
vn -0.1642 0.6015 0.7818
vn 0.0039 0.6282 0.7780
vn 0.0613 0.0806 0.9949
vn 0.1304 0.7958 0.5913
vn -0.0187 0.8866 0.4621
vn 0.1170 0.9182 0.3785
vn -0.0006 0.9609 0.2770
vn 0.0582 0.9669 0.2485
vn 0.2888 0.2904 0.9123
vn -0.0070 0.9996 0.0290
vn -0.0125 0.9992 0.0388
vn -0.2240 0.9412 0.2529
vn -0.1772 0.9556 0.2353
vn -0.0793 0.9822 0.1705
vn -0.1466 0.9557 0.2553
vn -0.0989 0.9314 0.3502
vn -0.0721 0.9371 0.3415
vn -0.1176 0.8587 0.4987
vn -0.2200 0.8527 0.4738
vn -0.2492 0.6359 0.7304
vn -0.3514 0.6175 0.7038
vn -0.2729 0.2454 0.9302
vn -0.2388 0.6487 0.7226
vn -0.1753 0.3368 0.9251
vn -0.4238 0.0236 0.9055
vn -0.1842 0.2305 0.9555
vn -0.3555 0.2642 0.8966
vn -0.5289 0.0975 0.8430
vn -0.1393 0.5709 0.8092
vn -0.0957 0.8514 -0.5158
vn 0.0091 0.9521 0.3056
vn -0.0985 -0.1644 0.9815
vn -0.0982 -0.1567 0.9827
vn -0.0912 -0.1612 0.9827
vn -0.2900 -0.1730 0.9413
vn -0.2868 -0.1628 0.9441
vn -0.2857 -0.1627 0.9444
vn -0.2811 -0.1591 0.9464
vn -0.2811 -0.1590 0.9464
vn -0.2889 -0.1639 0.9432
vn -0.5246 -0.1652 0.8352
vn 0.0008 -0.9994 0.0348
vn 0.0074 -0.9994 0.0348
vn 0.0119 -0.9996 0.0273
vn 0.2341 -0.6355 0.7357
vn 0.3351 0.5041 0.7960
vn 0.3209 0.2802 0.9047
vn 0.3971 0.2855 0.8722
vn 0.4647 0.2334 0.8541
vn 0.5473 0.2624 0.7947
vn 0.5107 0.4350 0.7416
vn 0.5261 0.2449 0.8144
vn 0.4385 0.3170 0.8410
vn 0.5630 0.1099 0.8191
vn 0.4086 -0.6814 0.6073
vn 0.5642 -0.2059 0.7996
vn 0.2990 -0.6512 0.6975
vn 0.0069 -1.0000 0.0016
vn 0.0027 -1.0000 0.0084
vn 0.3110 -0.8098 0.4975
vn 0.0924 -0.9067 0.4114
vn 0.3945 -0.5262 0.7533
vn 0.3995 -0.4812 0.7803
vn 0.3596 -0.3246 0.8748
vn 0.5348 -0.3139 0.7845
vn 0.3605 -0.5330 0.7655
vn 0.3460 -0.5132 0.7854
vn 0.4910 -0.5050 0.7099
vn 0.4807 -0.4100 0.7751
vn 0.5273 -0.0163 0.8495
vn 0.3878 0.2402 0.8899
vn 0.3683 -0.2740 0.8884
vn 0.1652 -0.7543 0.6353
vn 0.2447 -0.7302 0.6379
vn 0.3205 -0.7663 0.5568
vn 0.4008 -0.7542 0.5201
vn -0.0000 -1.0000 -0.0024
vn -0.0041 -0.9999 -0.0132
vn -0.0035 -1.0000 -0.0053
vn -0.0070 -1.0000 0.0046
vn -0.0089 -0.9999 -0.0062
vn -0.0069 -1.0000 0.0046
vn 0.0003 -1.0000 -0.0028
vn -0.0075 -1.0000 -0.0013
vn -0.0008 -1.0000 0.0036
vn 0.3244 0.6080 0.7246
vn 0.1450 0.8976 0.4163
vn 0.0281 0.9884 0.1494
vn 0.0016 1.0000 0.0026
vn -0.0922 0.9640 -0.2494
vn -0.1029 0.9013 -0.4208
vn -0.1088 0.9123 -0.3949
vn -0.0897 0.8881 -0.4508
vn 0.3396 0.8288 0.4446
vn 0.0933 0.9508 0.2954
vn -0.1958 0.8772 -0.4383
vn -0.1674 0.9183 -0.3588
vn 0.1188 0.9920 -0.0433
vn -0.1089 0.9752 -0.1925
vn 0.0154 0.9999 -0.0040
vn 0.0203 0.9998 0.0062
vn 0.0141 0.9999 -0.0061
vn 0.0012 1.0000 0.0011
vn 0.0011 1.0000 0.0002
vn 0.0002 0.9999 -0.0110
vn 0.0022 0.9999 0.0158
vn -0.0958 0.9843 -0.1480
vn -0.0069 1.0000 -0.0011
vn -0.0823 0.9934 -0.0799
vn -0.2843 0.9077 -0.3086
vn -0.2599 0.9228 -0.2845
vn -0.3216 0.8883 -0.3278
vn -0.2008 0.9608 -0.1913
vn -0.1412 0.9871 -0.0753
vn -0.3099 0.9330 -0.1831
vn 0.0037 1.0000 0.0042
vn 0.3656 0.3256 0.8720
vn 0.2408 0.8008 0.5484
vn 0.3854 0.0633 0.9206
vn 0.1710 0.9497 0.2622
vn 0.1650 0.9716 0.1699
vn 0.0689 0.9922 0.1042
vn 0.1893 0.9175 0.3497
vn 0.0613 0.9901 0.1264
vn -0.0010 0.9886 0.1505
vn 0.0607 0.9885 0.1385
vn 0.3264 0.7342 0.5954
vn 0.3547 0.7920 0.4969
vn 0.4927 0.4712 0.7316
vn 0.5606 0.0424 0.8270
vn 0.4377 0.7921 0.4255
vn 0.5794 0.5903 0.5620
vn 0.5287 0.2077 0.8230
vn 0.6423 0.1446 0.7527
vn 0.6731 0.3333 0.6602
vn 0.6059 0.2334 0.7605
vn 0.2781 0.9223 0.2684
vn 0.7337 0.1037 0.6715
vn 0.6730 0.2453 0.6978
vn 0.6731 0.5065 0.5389
vn 0.8340 0.1087 0.5409
vn 0.7825 0.3466 0.5172
vn 0.6884 0.5719 0.4462
vn 0.5391 0.7669 0.3483
vn 0.3391 0.9174 0.2084
vn -0.0004 1.0000 0.0027
vn 0.1544 0.9825 0.1043
vn 0.5963 0.7692 0.2298
vn 0.9081 0.1995 0.3682
vn 0.9232 -0.0149 0.3841
vn 0.8111 0.4948 0.3120
vn 0.3216 0.9333 0.1596
vn 0.1037 0.9923 0.0678
vn 0.5490 0.8294 0.1037
vn 0.8273 0.5304 0.1853
vn 0.8720 0.2674 0.4100
vn 0.9596 -0.0354 0.2793
vn 0.9789 0.1271 0.1599
vn 0.2920 -0.6216 0.7269
vn 0.5530 -0.4858 0.6769
vn 0.6550 -0.4342 0.6184
vn 0.6836 -0.3085 0.6615
vn 0.6157 -0.5003 0.6088
vn 0.6906 -0.3866 0.6112
vn 0.6384 -0.0173 0.7695
vn 0.6373 -0.0097 0.7705
vn 0.6376 -0.0097 0.7703
vn 0.6383 -0.0069 0.7698
vn 0.6366 -0.0153 0.7710
vn 0.6391 -0.0102 0.7690
vn 0.7340 -0.0199 0.6789
vn 0.7331 -0.3859 0.5601
vn 0.7714 -0.0090 0.6363
vn 0.8813 -0.0106 0.4725
vn 0.8817 -0.0105 0.4718
vn 0.8787 -0.0131 0.4772
vn 0.9471 -0.3199 -0.0238
vn 0.9326 -0.2861 0.2199
vn 0.9797 -0.0151 0.2000
vn 0.9398 -0.0072 0.3416
vn 0.8564 -0.4029 0.3230
vn 0.4706 -0.7157 0.5160
vn 0.0004 1.0000 -0.0068
vn 0.0016 1.0000 0.0055
vn 0.2941 0.8212 -0.4890
vn 0.1889 0.9164 -0.3530
vn -0.1542 0.9191 0.3626
vn -0.1490 0.8862 0.4386
vn 0.2058 0.9285 -0.3091
vn 0.3762 0.8430 -0.3845
vn -0.5037 -0.1345 0.8534
vn -0.0570 0.9844 0.1665
vn -0.5846 0.7459 0.3191
vn 0.3018 0.7819 -0.5454
vn 0.1864 0.9276 -0.3238
vn 0.1411 0.9741 -0.1767
vn -0.3027 0.9053 0.2979
vn -0.4225 0.8476 0.3210
vn -0.0636 0.8614 -0.5039
vn -0.5895 0.2759 0.7592
vn -0.5875 -0.0933 0.8038
vn -0.1728 0.9274 0.3319
vn -0.7116 -0.1650 0.6830
vn 0.4511 0.7334 0.5085
vn -0.6747 0.4474 0.5870
vn -0.7467 0.4808 0.4596
vn -0.6322 -0.1563 0.7589
vn -0.6327 -0.1573 0.7582
vn -0.6329 -0.1577 0.7580
vn -0.5744 -0.0771 0.8149
vn -0.7099 -0.0255 0.7038
vn -0.3174 0.8410 0.4380
vn -0.2213 0.9507 0.2171
vn -0.1491 0.9859 0.0753
vn -0.2352 0.9641 0.1233
vn 0.0003 1.0000 0.0004
vn 0.0014 1.0000 0.0022
vn 0.0009 1.0000 -0.0034
vn -0.4397 0.5641 0.6989
vn -0.2539 0.9057 -0.3394
vn -0.1503 0.7490 -0.6453
vn 0.2629 0.9115 0.3163
vn -0.0998 0.9333 0.3450
vn 0.1870 0.2181 0.9579
vn 0.4813 0.4661 0.7424
vn 0.5384 -0.1434 0.8304
vn 0.5588 -0.0084 0.8293
vn 0.6334 -0.0691 0.7708
vn 0.0644 0.9784 0.1963
vn 0.3279 0.5981 0.7313
vn 0.4012 0.0722 0.9132
vn 0.1747 0.9202 0.3503
vn 0.0473 0.9916 0.1204
vn 0.1293 0.9715 0.1986
vn 0.2935 0.8634 0.4104
vn 0.4516 0.5977 0.6624
vn 0.5401 0.2989 0.7867
vn 0.7097 -0.0287 0.7040
vn 0.8106 0.0882 0.5789
vn 0.6496 0.0762 0.7565
vn 0.6004 0.3678 0.7101
vn 0.7221 0.2403 0.6487
vn 0.8155 0.2932 0.4991
vn 0.2401 0.9387 0.2473
vn 0.4100 0.8739 0.2611
vn 0.1944 0.9757 0.1015
vn 0.3908 0.8372 0.3825
vn 0.3983 0.9100 0.1151
vn -0.0034 1.0000 -0.0008
vn 0.3736 0.8960 0.2398
vn 0.6602 0.5847 0.4714
vn 0.8696 -0.1588 0.4676
vn 0.8691 -0.1588 0.4685
vn 0.8698 -0.1593 0.4669
vn 0.7633 -0.1571 0.6266
vn 0.7623 -0.1572 0.6278
vn 0.7615 -0.1581 0.6286
vn 0.8746 -0.1561 0.4589
vn 0.8745 -0.1555 0.4594
vn 0.8745 -0.1554 0.4595
vn 0.8975 0.2797 0.3409
vn 0.7247 0.6325 0.2733
vn 0.9348 0.0665 0.3490
vn 0.4224 0.8894 0.1748
vn 0.4760 0.8769 0.0674
vn 0.6552 0.7245 0.2142
vn 0.8747 0.4269 0.2295
vn 0.9579 0.0854 0.2742
vn 0.9740 0.0358 0.2238
vn 0.9495 -0.1457 0.2778
vn 0.9582 -0.1632 0.2350
vn 0.9885 -0.1192 0.0935
vn 0.9885 -0.1196 0.0929
vn 0.9870 -0.1216 0.1051
vn 0.9875 -0.1483 0.0537
vn 0.9585 0.2810 0.0482
vn 0.0929 0.3044 -0.9480
vn 0.9233 0.1324 0.3606
vn 0.5051 0.7908 0.3458
vn 0.8392 0.5132 0.1798
vn 0.6088 0.7500 0.2585
vn 0.7520 0.2688 0.6018
vn 0.8670 -0.1164 0.4845
vn 0.8536 -0.1616 0.4953
vn 0.6929 0.7175 0.0719
vn 0.4810 0.8664 0.1341
vn 0.9349 0.1846 0.3032
vn 0.9376 0.1887 0.2921
vn 0.9390 0.1858 0.2894
vn -0.0695 0.9776 0.1988
vn 0.4477 0.8647 0.2278
vn 0.8137 0.4291 0.3922
vn 0.8640 0.0753 0.4978
vn 0.0228 0.9982 0.0547
vn -0.3217 0.9249 -0.2026
vn -0.4503 0.8760 -0.1727
vn -0.4639 0.8571 -0.2241
vn -0.5031 0.8291 -0.2439
vn -0.3315 0.9254 -0.1836
vn -0.3883 0.9078 -0.1584
vn -0.2597 0.9550 -0.1433
vn -0.4496 0.8809 -0.1482
vn -0.4315 0.8919 -0.1355
vn -0.1939 0.9651 -0.1761
vn -0.2814 0.9573 -0.0659
vn -0.2601 0.9457 -0.1949
vn -0.1176 0.9929 0.0163
vn -0.2485 0.9278 -0.2783
vn -0.3864 0.8749 -0.2920
vn 0.1009 0.9886 -0.1117
vn 0.3661 0.8367 0.4073
vn 0.6828 0.4629 0.5652
vn 0.7237 0.0129 0.6900
vn 0.1893 0.9037 0.3841
vn -0.3762 0.8815 -0.2855
vn -0.4347 0.7908 -0.4310
vn -0.2113 0.9472 -0.2412
vn -0.2754 0.9186 -0.2834
vn -0.2006 0.9445 -0.2603
vn -0.3259 0.8571 -0.3989
vn 0.3257 0.9093 0.2590
vn -0.2669 0.8699 -0.4147
vn -0.3338 0.8296 -0.4477
vn -0.2275 0.9158 -0.3309
vn 0.0454 0.9970 0.0634
vn -0.1567 0.9466 -0.2819
vn 0.2945 0.9551 0.0330
vn 0.3080 0.9364 -0.1683
vn -0.1361 0.9239 -0.3577
vn -0.1982 0.9475 -0.2510
vn -0.0116 0.9999 0.0047
vn -0.1690 0.9372 -0.3050
vn 0.4962 0.5378 0.6816
vn 0.2328 0.7429 0.6276
vn 0.4073 0.0887 0.9090
vn 0.4726 0.8747 -0.1074
vn 0.4582 -0.0944 0.8838
vn 0.2897 0.1879 0.9385
vn 0.3977 0.0140 0.9174
vn 0.4111 0.4824 0.7735
vn 0.4758 0.1420 0.8680
vn 0.5596 0.8246 0.0825
vn 0.4746 0.6813 0.5574
vn 0.6479 -0.1193 0.7523
vn 0.6481 -0.1188 0.7523
vn 0.3481 0.8878 0.3012
vn -0.2975 0.8992 -0.3208
vn 0.4857 0.7256 0.4874
vn -0.3210 0.8247 -0.4656
vn 0.2903 0.7991 0.5264
vn 0.7586 -0.1225 0.6400
vn 0.7556 -0.1295 0.6421
vn 0.7582 -0.1216 0.6405
vn 0.7420 -0.1177 0.6599
vn 0.0047 1.0000 -0.0011
vn 0.0017 1.0000 -0.0054
vn -0.0061 1.0000 -0.0042
vn -0.0059 1.0000 -0.0074
vn -0.0005 1.0000 -0.0018
vn -0.0056 0.9999 -0.0098
vn -0.3668 0.9185 -0.1479
vn -0.4804 0.8619 -0.1621
vn -0.3226 0.9441 -0.0674
vn -0.2059 0.9193 -0.3354
vn 0.6717 0.7202 0.1737
vn -0.6610 0.7051 -0.2567
vn 0.6747 0.6677 -0.3146
vn -0.5839 0.7974 -0.1525
vn -0.3117 0.9501 -0.0091
vn -0.5175 0.8504 -0.0956
vn -0.5791 0.7517 -0.3156
vn -0.4820 0.8761 -0.0082
vn -0.5726 0.8198 -0.0010
vn -0.8118 0.5837 -0.0147
vn -0.4825 0.8758 -0.0070
vn -0.4723 0.8814 0.0027
vn -0.4739 0.8806 0.0030
vn 0.8195 0.1966 0.5382
vn -0.9715 0.1817 -0.1523
vn 0.1935 0.9290 -0.3153
vn -0.4663 0.6098 0.6409
vn 0.9098 -0.4147 -0.0186
vn 0.5968 0.0101 0.8023
vn 0.9886 -0.1499 -0.0171
vn 0.8841 0.4202 -0.2043
vn 0.9586 -0.1385 -0.2487
vn 0.9424 0.2995 0.1489
vn 0.2118 0.9496 0.2311
vn -0.5641 0.8192 -0.1030
vn -0.2907 0.9567 0.0166
vn -0.1795 0.9830 0.0387
vn -0.0020 1.0000 0.0007
vn 0.3823 0.9192 -0.0947
vn 0.1265 0.9919 -0.0074
vn 0.3401 0.9400 0.0282
vn 0.3006 0.9529 0.0411
vn 0.4894 0.8630 0.1252
vn 0.1125 0.9933 0.0247
vn 0.1096 0.9939 0.0096
vn 0.1084 0.9940 0.0145
vn 0.1688 0.9851 0.0342
vn 0.1608 0.9864 0.0340
vn 0.1767 0.9833 0.0423
vn 0.6958 0.7091 0.1142
vn 0.8641 0.4974 0.0772
vn 0.9686 0.1553 0.1939
vn 0.9112 0.2044 0.3576
vn 0.6919 0.2325 0.6835
vn 0.6421 0.4338 0.6321
vn 0.5365 -0.6532 0.5344
vn 0.7072 -0.2739 0.6518
vn 0.7078 0.0915 0.7005
vn 0.0369 -0.9986 0.0371
vn 0.0040 -1.0000 0.0060
vn -0.0013 -1.0000 0.0001
vn 0.0238 -0.9994 0.0235
vn 0.0232 -0.9989 0.0411
vn -0.0011 -0.9998 0.0179
vn 0.0089 -0.9999 0.0128
vn 0.0167 -0.9998 0.0117
vn -0.0010 -1.0000 -0.0031
vn 0.3463 -0.9203 0.1820
vn 0.0108 -0.9999 -0.0058
vn -0.0023 -0.9999 0.0117
vn 0.0017 -1.0000 0.0024
vn 0.0174 -0.9998 0.0017
vn 0.0103 -0.9999 0.0095
vn -0.0008 -1.0000 -0.0031
vn 0.5218 -0.8526 0.0297
vn 0.5124 -0.8543 0.0876
vn 0.7221 -0.6917 0.0106
vn 0.9442 -0.3285 0.0224
vn 0.8684 -0.4282 0.2500
vn 0.9274 -0.3223 0.1900
vn 0.8498 -0.4985 0.1710
vn 0.9414 -0.3372 -0.0123
vn 0.7886 -0.5086 0.3455
vn 0.8798 -0.3082 0.3620
vn 0.6336 -0.7651 0.1152
vn 0.8221 -0.4403 0.3609
vn 0.4159 -0.8975 0.1464
vn 0.1932 -0.9790 0.0653
vn 0.6246 -0.7282 0.2821
vn 0.7796 -0.3224 0.5369
vn 0.7299 -0.5409 0.4179
vn 0.4941 -0.7363 0.4624
vn -0.0065 -1.0000 -0.0005
vn 0.0013 -1.0000 -0.0018
vn -0.0002 -1.0000 -0.0006
vn 0.0092 -0.9999 -0.0123
vn 0.0002 -1.0000 0.0004
vn 0.0003 -1.0000 0.0073
vn 0.4640 -0.8446 0.2671
vn 0.7234 -0.4628 0.5124
vn 0.7088 -0.5103 0.4870
vn 0.7472 -0.2243 0.6256
vn 0.4553 -0.8208 0.3450
vn 0.0052 -1.0000 -0.0014
vn 0.0130 -0.9999 -0.0000
vn 0.7647 0.4060 0.5004
vn 0.4569 -0.7942 0.4007
vn 0.6679 -0.6065 0.4314
vn 0.8489 -0.1905 0.4930
vn 0.5539 -0.7083 0.4377
vn 0.8250 0.1729 0.5380
vn 0.6951 -0.6340 0.3388
vn 0.5635 -0.7690 0.3018
vn 0.7921 0.2860 0.5393
vn 0.9149 0.1692 0.3666
vn 0.8268 0.4462 0.3425
vn 0.5874 -0.7502 0.3036
vn 0.6397 -0.7463 0.1837
vn 0.6006 -0.7817 0.1680
vn 0.7286 -0.6518 0.2103
vn 0.9587 -0.2344 0.1613
vn 0.9035 -0.1856 0.3864
vn 0.7591 -0.6339 0.1478
vn 0.4368 -0.8907 0.1258
vn 0.9729 0.1184 0.1987
vn 0.9201 0.3538 0.1678
vn 0.7191 -0.6236 0.3065
vn 0.6080 -0.7388 0.2909
vn 0.9109 0.4125 -0.0124
vn 0.9699 0.2418 -0.0300
vn 0.9841 0.1771 -0.0109
vn 0.9594 0.1641 -0.2295
vn 0.9149 0.3546 -0.1929
vn 0.9725 0.1320 -0.1919
vn 0.9753 -0.2204 0.0108
vn 0.7056 -0.7031 0.0889
vn 0.6088 -0.7933 0.0084
vn 0.1470 -0.9891 -0.0020
vn 0.5686 -0.8205 0.0595
vn 0.0072 -1.0000 0.0034
vn 0.7471 -0.6372 -0.1893
vn 0.3760 -0.9239 -0.0705
vn 0.9240 -0.3349 -0.1845
vn 0.8496 -0.5030 -0.1586
vn 0.8608 -0.5088 0.0091
vn -0.6199 0.5429 0.5666
vn -0.6924 0.2720 0.6683
vn -0.4297 0.7862 0.4441
vn -0.7758 0.1240 0.6187
vn -0.2469 0.9382 0.2427
vn -0.5333 0.7711 0.3480
vn -0.8101 0.2793 0.5154
vn -0.6892 0.5778 0.4372
vn -0.2937 0.9355 0.1965
vn -0.8308 0.0664 0.5525
vn -0.8040 0.2920 0.5180
vn -0.5757 0.7826 0.2369
vn -0.3021 0.9401 0.1580
vn -0.1273 0.9859 0.1084
vn -0.1528 0.9857 0.0714
vn 0.0031 1.0000 0.0023
vn -0.1594 0.9866 0.0360
vn -0.3859 0.9204 0.0623
vn -0.7613 0.6346 0.1332
vn -0.9412 0.1095 0.3196
vn -0.9651 0.1629 0.2049
vn -0.8740 0.2585 0.4114
vn -0.9340 0.2856 0.2148
vn -0.8754 0.4551 0.1629
vn -0.8827 0.2640 0.3887
vn -0.8589 0.4299 0.2783
vn -0.7477 0.5714 0.3385
vn -0.9302 -0.0042 0.3670
vn -0.0032 1.0000 -0.0026
vn -0.0021 1.0000 0.0005
vn 0.0037 1.0000 0.0023
vn 0.2302 0.9631 -0.1396
vn 0.3468 0.9119 -0.2194
vn 0.4450 0.8648 -0.2326
vn 0.4707 0.8275 -0.3061
vn 0.3618 0.8712 -0.3320
vn -0.1141 0.8751 0.4703
vn 0.3093 0.9234 -0.2273
vn -0.5305 0.4718 0.7042
vn 0.4251 0.8691 -0.2529
vn 0.1526 0.9823 -0.1083
vn 0.1669 0.9786 -0.1203
vn 0.2560 0.9631 -0.0836
vn 0.2025 0.9504 -0.2361
vn 0.2127 0.9522 -0.2194
vn 0.5130 0.7880 -0.3404
vn 0.2686 0.9348 -0.2322
vn 0.4189 0.8048 -0.4205
vn 0.2538 0.9373 -0.2391
vn 0.4274 0.7650 -0.4818
vn 0.4130 0.8904 -0.1913
vn 0.5144 0.6560 -0.5523
vn 0.3694 0.8928 -0.2579
vn 0.1359 0.9796 -0.1478
vn 0.1868 0.9544 -0.2328
vn 0.4024 0.7352 -0.5455
vn 0.2782 0.8699 -0.4073
vn 0.0826 0.9937 -0.0759
vn -0.0006 1.0000 -0.0044
vn 0.0209 0.9998 -0.0025
vn -0.0014 1.0000 -0.0004
vn -0.0005 -1.0000 -0.0007
vn -0.7232 -0.6162 0.3118
vn -0.8484 0.2908 0.4423
vn -0.9304 0.0481 0.3633
vn -0.8970 0.2589 0.3583
vn -0.8949 -0.2522 0.3682
vn -0.4293 -0.8750 0.2237
vn -0.8124 0.4894 0.3172
vn -0.0058 -1.0000 -0.0000
vn -0.0014 -1.0000 -0.0002
vn 0.0056 -0.9999 0.0085
vn 0.0346 -0.9993 0.0157
vn -0.5520 -0.8264 0.1113
vn -0.3778 -0.9250 0.0397
vn 0.0011 -0.9999 -0.0120
vn 0.0070 -1.0000 0.0026
vn 0.0051 -1.0000 -0.0062
vn -0.8505 -0.5070 0.1403
vn -0.9309 -0.3170 0.1814
vn -0.8534 -0.4941 0.1659
vn -0.9090 -0.3936 0.1374
vn -0.7000 -0.0152 0.7140
vn -0.6343 -0.0092 0.7730
vn -0.7260 -0.0104 0.6876
vn -0.8106 -0.0096 0.5855
vn -0.8811 -0.0138 0.4727
vn -0.8804 -0.0220 0.4738
vn -0.8812 -0.0140 0.4726
vn -0.9565 -0.0107 0.2914
vn -0.9568 -0.0115 0.2904
vn -0.9567 -0.0111 0.2908
vn -0.9572 -0.0128 0.2891
vn -0.9571 -0.0124 0.2895
vn 0.1840 -0.2917 0.9387
vn 0.3786 -0.2764 0.8833
vn 0.1963 -0.0666 0.9783
vn 0.3888 -0.0740 0.9183
vn 0.1392 -0.5870 0.7975
vn 0.0208 -0.2658 0.9638
vn 0.2008 0.0189 0.9794
vn -0.0049 -0.0644 0.9979
vn -0.0002 0.0193 0.9998
vn 0.3963 0.0158 0.9180
vn 0.5396 -0.2973 0.7877
vn 0.4579 -0.5787 0.6748
vn 0.5622 0.0188 0.8268
vn 0.5536 -0.0665 0.8301
vn 0.7094 -0.0719 0.7011
vn 0.6588 0.0122 0.7522
vn 0.5381 0.0168 0.8427
vn 0.7724 -0.0615 0.6321
vn -0.1968 -0.0662 0.9782
vn -0.2263 -0.2283 0.9469
vn -0.1767 0.0194 0.9841
vn -0.1975 0.0227 0.9800
vn -0.2908 0.0351 0.9561
vn -0.3751 -0.2907 0.8802
vn -0.0957 -0.4472 0.8893
vn -0.0879 -0.4471 0.8901
vn -0.0945 -0.4455 0.8903
vn -0.5324 -0.2903 0.7951
vn -0.4653 -0.5751 0.6728
vn -0.3862 -0.0907 0.9179
vn -0.4722 -0.0047 0.8815
vn -0.4822 -0.0038 0.8761
vn -0.4719 -0.0038 0.8817
vn -0.4782 0.0433 0.8772
vn -0.4787 0.0400 0.8771
vn -0.4841 0.0381 0.8742
vn -0.2890 -0.0040 0.9573
vn -0.2941 0.0069 0.9557
vn -0.2950 0.0004 0.9555
vn -0.3249 -0.5528 0.7674
vn -0.1748 -0.5982 0.7820
vn 0.2657 -0.4521 0.8515
vn 0.2687 -0.4516 0.8508
vn 0.2670 -0.4516 0.8513
vn -0.0123 -0.5656 0.8246
vn 0.1254 -0.7521 0.6470
vn -0.0015 -0.7963 0.6049
vn -0.0972 -0.6957 0.7117
vn 0.0538 -0.8289 0.5568
vn 0.0865 -0.9424 0.3232
vn 0.2412 -0.7671 0.5944
vn 0.3385 -0.6183 0.7093
vn 0.4562 -0.7590 0.4646
vn 0.5888 -0.5748 0.5683
vn 0.4904 -0.8013 0.3426
vn 0.6832 -0.5756 0.4493
vn 0.6010 -0.7601 0.2472
vn 0.4115 -0.8116 0.4146
vn 0.3521 -0.7801 0.5171
vn 0.2892 -0.8107 0.5091
vn 0.2238 -0.8275 0.5150
vn 0.4771 -0.8293 0.2909
vn 0.7569 -0.5747 0.3111
vn 0.6283 -0.7692 0.1163
vn 0.5586 -0.8051 0.1994
vn 0.4580 -0.8841 0.0924
vn 0.8002 -0.5793 0.1552
vn 0.6087 -0.7871 -0.1003
vn 0.8060 -0.5690 -0.1632
vn 0.5883 -0.8086 0.0094
vn 0.3226 -0.9450 -0.0549
vn 0.5312 -0.8067 -0.2591
vn 0.2923 -0.9562 -0.0157
vn -0.0058 -0.9999 0.0140
vn 0.0138 -0.9998 -0.0159
vn 0.0115 -0.9997 -0.0192
vn 0.0192 -0.9997 -0.0130
vn 0.3475 -0.9250 -0.1536
vn 0.5209 -0.7769 -0.3536
vn 0.2316 -0.9441 -0.2344
vn 0.4167 -0.7881 -0.4531
vn 0.0609 -0.9974 -0.0383
vn 0.0507 -0.9977 -0.0442
vn 0.0437 -0.9978 -0.0489
vn -0.0113 -0.9999 -0.0066
vn -0.0076 -0.9995 -0.0322
vn -0.0144 -0.9998 -0.0156
vn -0.2002 -0.6871 0.6985
vn -0.2003 -0.6869 0.6986
vn -0.1949 -0.6808 0.7060
vn -0.1589 -0.9004 0.4049
vn -0.2239 -0.8050 0.5494
vn -0.2755 -0.7818 0.5594
vn -0.2458 -0.9191 0.3078
vn 0.0058 -0.9999 0.0124
vn 0.0023 -0.9999 0.0121
vn 0.0092 -0.9998 0.0186
vn 0.0061 -1.0000 0.0024
vn 0.0056 -1.0000 0.0035
vn 0.0059 -1.0000 0.0031
vn -0.0065 -1.0000 0.0027
vn -0.0067 -1.0000 0.0030
vn -0.0065 -1.0000 0.0029
vn 0.0074 -0.9999 0.0122
vn 0.0017 -0.9999 0.0102
vn 0.0006 -0.9997 0.0241
vn -0.0064 -0.9993 0.0371
vn -0.0059 -0.9995 0.0302
vn -0.0106 -0.9997 0.0230
vn 0.0188 -0.9998 -0.0110
vn 0.0031 -1.0000 -0.0094
vn 0.0003 -0.9997 -0.0249
vn 0.6559 -0.3269 0.6804
vn 0.8830 -0.0048 0.4693
vn 0.8820 -0.0099 0.4712
vn 0.8801 -0.0004 0.4747
vn 0.9360 0.0170 0.3517
vn 0.9372 0.0064 0.3486
vn 0.9799 0.0135 0.1988
vn 0.9827 -0.0579 0.1758
vn 0.9998 0.0176 -0.0056
vn 0.9817 -0.0546 -0.1826
vn 0.9796 0.0171 -0.2000
vn 0.9973 -0.0734 0.0030
vn 0.9275 -0.3514 -0.1274
vn 0.9575 0.0206 -0.2876
vn 0.9337 -0.0963 -0.3450
vn 0.8817 0.0402 -0.4700
vn 0.8810 0.0391 -0.4716
vn 0.8825 0.0342 -0.4691
vn 0.8111 0.0139 -0.5847
vn 0.8797 -0.0042 -0.4755
vn 0.8176 -0.0870 -0.5692
vn 0.9225 0.0203 -0.3854
vn 0.9801 0.0224 -0.1972
vn 0.9998 0.0189 0.0040
vn 0.8793 0.0306 0.4753
vn 0.8794 0.0306 0.4752
vn 0.8796 0.0308 0.4748
vn 0.7701 -0.0023 0.6380
vn 0.7701 -0.0019 0.6379
vn 0.8820 -0.0076 0.4712
vn 0.9394 0.0027 0.3429
vn 0.7703 -0.1335 0.6235
vn 0.7702 -0.1335 0.6237
vn 0.8719 -0.1399 0.4692
vn 0.8746 -0.1391 0.4644
vn 0.7957 -0.3601 0.4870
vn 0.9451 -0.1401 0.2951
vn 0.9451 -0.1402 0.2951
vn 0.9452 -0.1411 0.2945
vn 0.8645 -0.3264 0.3822
vn 0.9385 -0.2712 0.2136
vn 0.9690 -0.2441 -0.0383
vn 0.9520 -0.1233 -0.2802
vn 0.9501 -0.1299 -0.2836
vn 0.8800 -0.0044 -0.4749
vn 0.8808 -0.0027 -0.4735
vn 0.8787 0.0020 -0.4773
vn 0.8636 -0.3270 -0.3837
vn 0.7903 -0.2704 -0.5498
vn 0.7987 -0.5327 -0.2799
vn 0.7757 0.0184 -0.6309
vn 0.8884 -0.4511 0.0851
vn 0.8886 -0.4509 0.0844
vn 0.8877 -0.4536 0.0785
vn -0.3518 0.0160 0.9359
vn -0.3921 0.0117 0.9198
vn -0.1945 0.0086 0.9809
vn 0.2004 0.0170 0.9796
vn -0.0011 0.0204 0.9998
vn 0.3948 0.0186 0.9186
vn 0.1999 0.0106 0.9798
vn 0.3951 0.0076 0.9186
vn 0.0010 0.0104 0.9999
vn -0.5526 0.0135 0.8333
vn -0.4668 0.0166 0.8842
vn -0.7250 0.0177 0.6886
vn -0.7060 0.0118 0.7081
vn -0.8287 0.0132 0.5596
vn -0.8311 0.0141 0.5560
vn 0.2007 0.0115 0.9796
vn 0.2268 -0.0003 0.9739
vn -0.0087 0.0059 0.9999
vn 0.3933 0.0101 0.9194
vn 0.3907 0.0019 0.9205
vn 0.0004 0.5393 0.8421
vn -0.1046 0.4746 0.8740
vn 0.6302 0.0165 0.7762
vn 0.6343 0.0125 0.7730
vn 0.6293 0.0160 0.7770
vn 0.6342 0.0153 0.7730
vn 0.5423 0.0129 0.8401
vn 0.5392 0.0102 0.8421
vn 0.7702 0.0066 0.6377
vn 0.7712 0.0142 0.6365
vn 0.7712 0.0144 0.6364
vn 0.9213 0.0096 0.3888
vn 0.9204 0.0054 0.3908
vn 0.9805 0.0088 0.1966
vn 0.7357 0.0074 0.6772
vn 0.5620 0.0094 0.8271
vn 0.9211 0.0050 0.3893
vn 0.8788 0.0074 0.4772
vn 0.9794 0.0038 0.2021
vn 0.9792 0.0139 0.2025
vn 1.0000 0.0035 -0.0015
vn 0.9999 0.0112 -0.0060
vn 0.7734 0.0189 0.6336
vn 0.8303 0.0130 0.5571
vn -0.5749 0.0201 0.8180
vn -0.6116 0.0322 0.7905
vn -0.6940 0.0237 0.7196
vn -0.8507 0.0241 0.5252
vn -0.9202 0.0234 0.3907
vn -0.9240 0.0156 0.3821
vn -0.9800 0.0199 0.1980
vn -0.9800 0.0118 0.1984
vn -0.9998 0.0175 -0.0031
vn -0.9805 0.0137 -0.1960
vn -0.9805 0.0163 -0.1961
vn -0.9322 0.0152 -0.3617
vn -0.9998 0.0167 0.0057
vn -0.2019 0.0117 0.9793
vn -0.5587 0.0136 0.8292
vn -0.3959 0.0112 0.9182
vn -0.3905 0.0096 0.9205
vn -0.5611 0.0106 0.8277
vn -0.7082 0.0125 0.7059
vn -0.6589 0.0023 0.7522
vn -0.8366 -0.0017 0.5478
vn -0.9202 0.0087 0.3914
vn -0.9226 0.0056 0.3856
vn -0.9800 0.0089 0.1988
vn -0.9806 0.0097 0.1959
vn -0.9795 0.0038 -0.2013
vn -0.9999 0.0099 0.0059
vn -0.9794 0.0074 -0.2016
vn -0.9798 0.0098 0.1999
vn -0.8313 0.0085 0.5557
vn -0.7769 0.0090 0.6296
vn -0.7774 0.0088 0.6289
vn -0.7765 0.0089 0.6300
vn -0.1968 0.0066 0.9804
vn -0.2566 0.0059 0.9665
vn 0.2846 0.0644 0.9565
vn -0.1345 0.0022 0.9909
vn 0.2532 0.4862 0.8364
vn 0.1884 0.8884 0.4185
vn 0.7346 0.6217 0.2717
vn 0.3283 0.7934 0.5126
vn 0.7450 0.5882 0.3145
vn 0.9139 0.3158 0.2549
vn 0.9994 -0.0095 0.0342
vn 0.9988 0.0017 0.0482
vn 0.9989 -0.0043 0.0464
vn 0.9977 -0.0108 0.0666
vn 0.9979 -0.0174 0.0625
vn 0.9966 -0.0223 0.0789
vn 0.7487 0.5174 0.4144
vn 0.5036 0.6911 0.5184
vn 0.8415 0.4147 0.3463
vn 0.2951 0.7113 0.6379
vn -0.3178 0.6307 0.7080
vn 0.2326 0.6491 0.7243
vn 0.7675 0.4045 0.4973
vn -0.2552 0.5270 0.8107
vn 0.2752 0.5592 0.7820
vn 0.8335 0.1992 0.5154
vn 0.7097 0.2155 0.6708
vn -0.8347 0.0106 0.5506
vn -0.9223 -0.0017 0.3865
vn -0.9805 0.0087 0.1965
vn 0.8301 0.0116 0.5575
vn 0.9999 0.0116 -0.0028
vn -0.5707 0.2879 0.7690
vn -0.7586 0.6056 0.2403
vn -0.5913 0.6896 0.4181
vn -0.2371 0.8551 0.4611
vn -0.1995 0.9034 0.3796
vn -0.2549 0.7989 0.5448
vn -0.9971 0.0594 0.0480
vn -0.9975 0.0416 0.0564
vn -0.9904 0.0221 0.1364
vn -0.7845 0.4986 0.3687
vn -0.8550 0.3523 0.3806
vn -0.9991 0.0190 0.0374
vn -0.9993 0.0081 0.0361
vn -0.9993 0.0086 0.0353
vn -0.6215 0.6032 0.4999
vn -0.2205 0.7309 0.6459
vn -0.8207 0.3368 0.4615
vn -0.6818 0.3437 0.6457
vn 0.1098 0.0060 0.9939
vn 0.1097 0.0058 0.9939
vn 0.1097 0.0057 0.9940
vn 0.5314 -0.0003 0.8471
vn -0.8166 0.0621 0.5738
vn -0.9309 -0.1425 0.3364
vn -0.7378 0.0123 0.6749
vn -0.4632 0.2237 0.8576
vn -0.0987 -0.0850 0.9915
vn -0.0222 -0.0073 0.9997
vn -0.1994 -0.0241 0.9796
vn 0.3888 0.0017 0.9213
vn 0.2266 0.0084 0.9740
vn 0.1335 -0.0187 0.9909
vn -0.7215 0.0200 0.6921
vn -0.9265 -0.0328 0.3748
vn -0.9974 0.0010 0.0714
vn -0.9980 -0.0008 0.0632
vn -0.9980 -0.0007 0.0632
vn 1.0000 0.0004 -0.0029
vn 0.9999 -0.0102 -0.0048
vn 0.9793 0.0026 0.2025
vn -0.1162 0.3003 0.9467
vn 0.1427 0.2527 0.9570
vn 0.4036 0.2833 0.8700
vn -0.9975 -0.0042 0.0699
vn -0.9978 0.0020 0.0659
vn -0.9975 -0.0027 0.0705
vn -0.9944 -0.0086 0.1054
vn -0.9945 -0.0153 0.1037
vn -0.9948 -0.0113 0.1010
vn -0.9980 0.0024 0.0624
vn -0.9981 0.0030 0.0621
vn -0.9981 0.0033 0.0619
vn 0.1125 0.0067 0.9936
vn 0.1126 0.0095 0.9936
vn 0.1217 0.0052 0.9925
vn 0.0495 -0.0290 0.9984
vn 0.0547 -0.0211 0.9983
vn 0.0571 -0.0245 0.9981
vn 0.0056 -0.6139 0.7894
vn -0.3299 -0.8462 0.4185
vn 0.1752 -0.6096 0.7731
vn 0.6563 -0.7115 0.2512
vn 0.3268 -0.9414 0.0831
vn -0.0436 -0.0559 0.9975
vn -0.0539 -0.0735 0.9958
vn -0.0829 -0.0268 0.9962
vn -0.2773 0.0013 0.9608
vn -0.1036 -0.0128 0.9945
vn 0.5800 -0.3314 0.7441
vn 0.3759 -0.0313 0.9261
vn 0.3828 -0.8431 0.3777
vn 0.7486 -0.5156 0.4169
vn 0.9004 -0.2587 0.3498
vn 0.8073 -0.0385 0.5889
vn 0.5508 -0.2017 0.8099
vn 0.2595 -0.5835 0.7695
vn 0.1862 -0.2130 0.9591
vn -0.3968 0.0023 0.9179
vn -0.3885 -0.0051 0.9214
vn -0.4434 -0.1302 0.8868
vn -0.3235 -0.4517 0.8315
vn 0.2721 -0.0253 0.9619
vn -0.1715 -0.8631 0.4750
vn -0.4304 -0.8932 0.1304
vn -0.1299 -0.9815 0.1406
vn 0.0065 -0.9572 0.2895
vn 0.7311 0.0309 0.6816
vn 0.9367 0.0116 0.3499
vn 0.9984 0.0159 0.0536
vn 0.9984 0.0161 0.0535
vn 0.9984 0.0052 0.0559
vn 0.9983 0.0046 0.0573
vn 0.9985 0.0053 0.0545
vn 0.9988 0.0008 0.0490
vn 0.9988 0.0007 0.0495
vn 0.9988 0.0008 0.0492
vn -0.1456 0.0070 0.9893
vn -0.1477 0.0087 0.9890
vn -0.1451 0.0046 0.9894
vn -0.5577 0.0091 0.8300
vn -0.7087 0.0062 0.7055
vn 0.9989 -0.0034 0.0475
vn 0.9992 -0.0061 0.0400
vn 0.9989 -0.0028 0.0469
vn -0.1301 0.0071 0.9915
vn -0.1327 -0.0001 0.9912
vn -0.1235 0.0031 0.9923
vn -0.4674 -0.4388 0.7675
vn 0.2017 -0.0084 0.9794
vn -0.3984 0.0295 0.9167
vn 0.5557 -0.0089 0.8314
vn -0.9999 -0.0143 0.0094
vn -0.9999 -0.0140 0.0094
vn -0.9999 -0.0138 0.0093
vn -0.9790 -0.1932 0.0651
vn -0.9391 -0.3373 0.0656
vn -0.7453 -0.5488 0.3787
vn -0.9977 0.0005 0.0679
vn -0.9981 -0.0079 0.0607
vn -0.9976 -0.0069 0.0690
vn 0.0961 -0.1525 0.9836
vn -0.1011 -0.1550 0.9827
vn -0.0945 -0.1582 0.9829
vn -0.0945 -0.1583 0.9829
vn -0.5335 -0.0139 0.8457
vn -0.9199 -0.0121 0.3919
vn -0.9264 0.0058 0.3766
vn -1.0000 0.0022 0.0021
vn -1.0000 0.0035 -0.0027
vn -0.6352 0.0014 0.7724
vn -0.6350 -0.0064 0.7725
vn -0.6345 -0.0063 0.7729
vn 0.7294 -0.0022 0.6841
vn 0.8127 0.0023 0.5827
vn 0.7083 -0.0072 0.7059
vn 0.6309 -0.0008 0.7759
vn 0.6289 -0.0130 0.7774
vn 0.6291 -0.0020 0.7773
vn 0.9816 -0.0147 0.1902
vn 0.8814 -0.0128 0.4721
vn 0.8805 -0.0115 0.4739
vn 0.8808 -0.0120 0.4734
vn 0.8783 -0.0086 0.4780
vn 0.8768 -0.0014 0.4809
vn 0.8781 -0.0068 0.4784
vn 0.9352 0.0016 0.3542
vn 0.8835 -0.0132 0.4683
vn 0.9999 -0.0131 -0.0059
vn 0.9397 -0.2970 -0.1695
vn 0.9843 -0.0113 -0.1762
vn 0.8779 -0.3218 -0.3547
vn -0.9999 0.0107 -0.0013
vn -0.9999 0.0136 -0.0014
vn 0.6337 0.0099 0.7735
vn 0.6342 0.0029 0.7731
vn 0.6328 -0.0044 0.7743
vn 0.6313 0.0041 0.7755
vn 0.7704 -0.0004 0.6375
vn 0.7703 -0.0003 0.6377
vn 0.7706 -0.0005 0.6373
vn 0.7784 -0.0062 0.6278
vn 0.7765 0.0111 0.6300
vn 0.7698 0.0004 0.6382
vn 0.6303 0.0366 0.7755
vn 0.6300 0.0356 0.7758
vn 0.6360 0.0362 0.7708
vn 0.7673 0.0304 0.6406
vn 0.7741 0.0317 0.6323
vn 0.7701 0.0393 0.6367
vn 0.8809 0.0334 0.4721
vn 0.8810 0.0351 0.4719
vn 0.8810 0.0350 0.4719
vn 0.9802 0.0174 0.1971
vn 0.9795 0.0106 -0.2012
vn 0.9798 0.0120 -0.1995
vn 0.9203 0.0041 -0.3912
vn 0.7744 0.0387 0.6315
vn 0.8823 0.0070 0.4707
vn 0.8500 0.0142 -0.5266
vn 0.8785 0.0099 -0.4776
vn 0.6359 -0.0010 -0.7718
vn 0.6381 0.0008 -0.7699
vn 0.6377 0.0001 -0.7703
vn 0.5306 0.0110 -0.8476
vn 0.4885 0.0161 -0.8724
vn 0.3819 0.0055 -0.9242
vn 0.0027 0.0147 -0.9999
vn 0.0019 0.0108 -0.9999
vn 0.2029 0.0207 -0.9790
vn 0.3900 0.0143 -0.9207
vn 0.1944 0.0092 -0.9809
vn 0.6029 0.5616 0.5667
vn -0.0400 0.9965 -0.0728
vn 0.0024 1.0000 0.0049
vn -0.0000 1.0000 0.0002
vn -0.0000 1.0000 -0.0009
vn -0.0208 0.9998 -0.0011
vn 0.2669 0.9636 0.0148
vn 0.7929 0.5988 0.1128
vn 0.9312 0.2924 0.2175
vn 0.9748 0.2195 0.0405
vn 0.4958 0.8684 -0.0093
vn 0.7978 0.6026 -0.0205
vn 0.9499 0.3118 -0.0219
vn 0.2948 0.9526 -0.0755
vn 0.4612 0.8834 -0.0834
vn 0.6801 0.7139 -0.1668
vn 0.8916 0.4151 -0.1809
vn 0.9623 0.1224 -0.2428
vn 0.9837 -0.1585 -0.0851
vn 0.9832 -0.1613 -0.0859
vn 0.9826 -0.1615 -0.0921
vn 0.9832 -0.1580 0.0909
vn 0.9831 -0.1557 0.0961
vn 0.9812 -0.1674 0.0963
vn 0.9836 -0.1591 -0.0852
vn 0.9825 -0.1663 -0.0840
vn 0.9836 -0.1588 -0.0853
vn 0.9145 0.0913 -0.3941
vn 0.9076 0.2781 -0.3144
vn 0.0007 1.0000 0.0013
vn 0.0072 -1.0000 -0.0036
vn 0.0177 -0.9997 -0.0173
vn 0.0235 -0.9997 -0.0018
vn 0.0319 -0.9994 0.0141
vn 0.0318 -0.9994 0.0141
vn 0.0316 -0.9994 0.0147
vn -0.9863 -0.0084 0.1648
vn -0.3925 -0.7152 0.5783
vn -0.5550 -0.0628 0.8295
vn -0.4815 0.0353 0.8758
vn -0.6996 -0.0527 0.7126
vn -0.6046 -0.2980 0.7387
vn -0.7646 -0.1388 0.6294
vn -0.7650 -0.1390 0.6289
vn -0.7641 -0.1388 0.6300
vn -0.8455 -0.0807 0.5278
vn -0.8356 -0.2649 0.4812
vn -0.4821 -0.7391 0.4704
vn -0.2065 -0.9450 0.2537
vn -0.0022 -1.0000 0.0095
vn -0.0173 -0.9997 0.0174
vn -0.0246 -0.9997 -0.0025
vn -0.0244 -0.9997 -0.0027
vn 0.0686 -0.9971 -0.0338
vn 0.0724 -0.9970 -0.0261
vn 0.0747 -0.9969 -0.0264
vn -0.5345 -0.6193 0.5751
vn -0.6931 -0.4548 0.5593
vn -0.6892 -0.4602 0.5597
vn -0.6915 -0.4574 0.5591
vn -0.6911 -0.4574 0.5596
vn -0.6915 -0.4574 0.5592
vn -0.7592 -0.5746 0.3057
vn -0.6697 -0.6206 0.4079
vn -0.8491 -0.3540 0.3919
vn -0.9244 -0.3518 0.1471
vn -0.8055 -0.5717 0.1558
vn -0.7319 -0.6250 -0.2715
vn -0.7962 -0.5842 -0.1572
vn -0.9382 -0.2939 -0.1826
vn -0.8092 -0.5875 -0.0017
vn -0.9548 -0.2971 0.0108
vn -0.9979 -0.0645 -0.0001
vn -0.9858 -0.0437 0.1620
vn -0.9455 -0.1346 0.2965
vn -0.9455 -0.1344 0.2966
vn -0.9439 -0.1453 0.2964
vn -0.9450 -0.1347 0.2979
vn -0.9450 -0.1348 0.2980
vn -0.9450 -0.1347 0.2980
vn -0.7714 0.0003 0.6364
vn -0.7712 0.0003 0.6366
vn -0.7702 -0.0001 0.6378
vn -0.9085 -0.0414 0.4159
vn -0.9814 -0.0835 -0.1727
vn -0.9315 0.0298 -0.3625
vn -0.9574 -0.0064 -0.2888
vn -0.9573 -0.0064 -0.2891
vn -0.9574 -0.0064 -0.2887
vn -0.7704 0.0168 -0.6373
vn -0.7171 0.0222 -0.6966
vn -0.7722 0.0011 -0.6354
vn -0.7759 -0.0024 -0.6308
vn -0.5309 -0.3037 -0.7911
vn -0.6197 -0.1490 -0.7705
vn -0.5514 -0.1467 -0.8212
vn -0.6589 -0.3229 -0.6794
vn -0.5697 -0.5835 -0.5787
vn -0.4585 -0.5665 -0.6847
vn 0.0009 -1.0000 0.0076
vn -0.7285 -0.6544 0.2027
vn -0.6208 -0.7525 0.2198
vn -0.0003 -0.9999 0.0100
vn -0.0068 -0.9998 0.0191
vn -0.0029 -1.0000 -0.0055
vn -0.0435 -0.9988 -0.0235
vn -0.9593 -0.1932 0.2060
vn -0.7442 -0.6572 0.1194
vn -0.9446 0.2559 0.2058
vn -0.6488 -0.7423 0.1673
vn -0.6240 0.2105 0.7526
vn -0.5135 0.6171 0.5962
vn -0.8164 -0.1563 0.5560
vn -0.8166 0.1345 0.5613
vn -0.6995 0.2633 0.6643
vn -0.3953 0.8355 0.3818
vn -0.5677 0.6099 0.5529
vn -0.6221 0.6211 0.4767
vn -0.8632 0.3193 0.3911
vn -0.6972 0.5874 0.4109
vn -0.8318 0.3532 0.4283
vn -0.6847 0.6411 0.3467
vn -0.5585 0.7999 0.2196
vn -0.4255 0.8635 0.2707
vn -0.9213 0.1850 0.3420
vn -0.7681 0.5755 0.2809
vn -0.5342 0.8316 0.1519
vn -0.3032 0.9437 0.1326
vn -0.9524 0.1936 0.2357
vn -0.6104 0.7858 0.0997
vn -0.3200 0.9447 0.0711
vn -0.4061 0.8583 0.3138
vn -0.2397 0.9693 0.0552
vn -0.8727 -0.1578 0.4621
vn -0.9201 -0.1181 0.3735
vn -0.4152 0.9048 0.0945
vn -0.8378 0.5369 0.0994
vn -0.9509 -0.1315 0.2802
vn -0.5961 0.8003 0.0652
vn -0.4613 0.8753 0.1452
vn -0.5771 0.8098 -0.1059
vn -0.9123 0.3402 0.2279
vn -0.8209 0.0688 0.5670
vn 0.4034 0.1969 0.8936
vn -0.9968 0.0578 0.0546
vn -0.1042 0.9878 -0.1162
vn -0.1310 0.9202 -0.3689
vn 0.0091 0.9365 0.3505
vn 0.0488 0.9986 -0.0185
vn -0.8766 0.0386 -0.4797
vn -0.8779 0.0416 -0.4770
vn -0.8811 0.0356 -0.4717
vn -0.8784 0.0373 -0.4764
vn -0.6832 0.0259 -0.7298
vn -0.5785 -0.7825 0.2302
vn -0.6006 -0.7927 0.1047
vn -0.5101 -0.7746 0.3739
vn -0.5427 -0.8046 0.2409
vn -0.5142 -0.7832 0.3495
vn -0.0085 -0.9996 0.0261
vn -0.0057 -0.9999 0.0153
vn -0.0193 -0.9995 0.0249
vn -0.0100 -0.9999 -0.0033
vn -0.0003 -1.0000 -0.0081
vn -0.5010 -0.8651 0.0244
vn -0.5210 -0.8454 0.1181
vn -0.6132 -0.7897 -0.0170
vn -0.5061 -0.8595 -0.0717
vn -0.0014 -0.9997 0.0263
vn -0.0073 -0.9999 0.0098
vn -0.0081 -0.9998 0.0177
vn -0.0105 -0.9999 -0.0124
vn -0.6074 -0.7832 -0.1332
vn -0.6081 -0.7572 -0.2384
vn -0.5334 -0.8210 -0.2034
vn -0.5942 -0.6976 -0.4004
vn -0.6561 -0.5949 -0.4643
vn -0.4523 -0.7460 -0.4888
vn -0.4826 -0.7295 -0.4847
vn -0.3794 -0.7801 -0.4974
vn -0.3651 -0.7491 -0.5527
vn -0.2513 -0.8125 -0.5260
vn -0.2503 -0.7479 -0.6148
vn 0.0181 -0.9979 0.0614
vn 0.0173 -0.9979 0.0618
vn 0.0194 -0.9979 0.0620
vn 0.0119 -0.9999 0.0090
vn 0.0167 -0.9998 0.0056
vn 0.0165 -0.9999 -0.0007
vn -0.0176 -0.9998 -0.0120
vn -0.0126 -0.9999 0.0048
vn -0.0090 -0.9999 0.0049
vn 0.1256 -0.7848 -0.6069
vn 0.0020 -0.8577 -0.5142
vn -0.0111 -0.7865 -0.6174
vn -0.0448 -0.9331 -0.3568
vn 0.1554 -0.8088 -0.5671
vn 0.2417 -0.8022 -0.5459
vn 0.1536 -0.5744 -0.8040
vn -0.0074 -0.5702 -0.8215
vn -0.3716 -0.5938 -0.7137
vn -0.1280 -0.5208 -0.8441
vn -0.2044 -0.6916 -0.6928
vn -0.2053 -0.6910 -0.6930
vn -0.1999 -0.6884 -0.6972
vn -0.4052 -0.2402 -0.8821
vn -0.3574 -0.0864 -0.9299
vn -0.1695 -0.2614 -0.9502
vn -0.1983 0.0205 -0.9799
vn -0.1896 -0.0666 -0.9796
vn -0.3923 0.0212 -0.9196
vn -0.5699 0.0238 -0.8213
vn -0.6368 0.0051 -0.7710
vn -0.4739 0.0003 -0.8806
vn -0.4743 0.0012 -0.8804
vn -0.4740 0.0006 -0.8805
vn -0.7727 -0.3311 -0.5416
vn -0.8923 -0.2713 -0.3608
vn -0.9306 -0.1452 -0.3360
vn -0.8803 -0.0060 -0.4745
vn -0.8816 0.0007 -0.4719
vn -0.8819 -0.0007 -0.4715
vn -0.7846 -0.4511 -0.4254
vn -0.7889 -0.4460 -0.4228
vn -0.8700 -0.1388 -0.4731
vn -0.8700 -0.1380 -0.4733
vn -0.8701 -0.1373 -0.4733
vn -0.7659 -0.1407 -0.6274
vn -0.7644 -0.1404 -0.6293
vn -0.7642 -0.1402 -0.6295
vn -0.7715 -0.1403 -0.6206
vn 0.5561 -0.8277 -0.0758
vn -0.0008 -1.0000 -0.0034
vn -0.0014 -1.0000 -0.0050
vn 0.7099 -0.6976 -0.0969
vn 0.9414 -0.2640 -0.2099
vn 0.7227 -0.6792 -0.1276
vn 0.6215 -0.7720 -0.1337
vn 0.8742 0.4005 -0.2744
vn 0.6805 -0.7055 -0.1978
vn 0.3680 -0.9224 -0.1169
vn 0.2227 -0.9740 -0.0408
vn 0.8784 -0.3150 -0.3594
vn 0.4254 0.8783 -0.2185
vn 0.2452 0.9647 -0.0959
vn 0.3972 0.8971 -0.1936
vn 0.6623 0.6940 -0.2823
vn 0.4462 0.8842 -0.1382
vn 0.7082 0.6746 -0.2084
vn 0.2849 0.9558 -0.0733
vn 0.6055 0.7573 -0.2447
vn 0.7264 0.6622 -0.1840
vn 0.4291 0.8928 -0.1371
vn 0.9862 -0.0113 -0.1654
vn -1.0000 -0.0034 -0.0002
vn 0.7661 0.6059 -0.2146
vn 0.9830 -0.1585 0.0930
vn 0.9829 -0.1587 0.0932
vn 0.9491 -0.1288 -0.2875
vn 0.4018 0.8994 0.1720
vn 0.5909 0.7578 -0.2767
vn -0.6947 0.6907 0.2011
vn -0.5146 0.8250 0.2336
vn -0.5017 0.8538 0.1389
vn -0.3690 0.9202 0.1306
vn 0.0059 1.0000 0.0048
vn -0.5567 0.8238 0.1075
vn 0.9862 0.1612 -0.0372
vn 0.6231 0.7821 -0.0059
vn 0.7911 0.6116 0.0116
vn 0.9051 0.4249 -0.0135
vn 0.9976 -0.0675 0.0126
vn 0.1617 0.9855 -0.0507
vn 0.7629 0.6326 -0.1333
vn 0.7308 0.6791 -0.0687
vn 0.9387 0.2692 -0.2152
vn 0.3196 0.9348 -0.1548
vn 0.5783 0.7765 -0.2502
vn 0.9237 0.1921 -0.3314
vn 0.9612 -0.0529 -0.2707
vn 0.9814 0.0231 -0.1905
vn 0.8027 -0.5963 -0.0123
vn 0.7840 -0.4589 -0.4181
vn 0.7819 -0.4598 -0.4210
vn 0.7857 -0.4499 -0.4246
vn 0.6317 -0.6246 -0.4592
vn 0.6733 -0.2981 -0.6766
vn 0.6261 -0.7015 -0.3404
vn 0.7756 0.0320 -0.6304
vn 0.6308 0.0363 -0.7751
vn 0.5276 0.0255 -0.8491
vn 0.3949 0.0288 -0.9183
vn -0.9794 0.0133 -0.2017
vn -0.8345 0.0101 -0.5509
vn -0.7317 0.0126 -0.6816
vn -0.7758 0.0043 -0.6310
vn -0.7732 0.0020 -0.6342
vn -0.7719 0.0104 -0.6356
vn -0.7694 0.0074 -0.6387
vn -0.9209 0.0101 -0.3897
vn -0.8834 0.0057 -0.4686
vn 0.0091 -0.9999 -0.0051
vn -0.0729 -0.9947 -0.0722
vn -0.0720 -0.9948 -0.0718
vn -0.0783 -0.9950 -0.0615
vn -0.9476 0.2834 0.1478
vn -0.9592 -0.0392 0.2800
vn -0.9631 -0.0805 0.2568
vn -0.9550 -0.0215 0.2959
vn -0.0010 1.0000 -0.0025
vn -0.6185 0.7857 -0.0109
vn -0.4677 0.8838 -0.0151
vn -0.9673 0.2527 -0.0192
vn -0.9948 0.0429 0.0928
vn -0.8219 0.5694 0.0135
vn -0.1111 0.9937 0.0110
vn -0.1282 0.9917 0.0037
vn -0.1201 0.9927 0.0103
vn 0.0105 0.9999 0.0006
vn -0.0004 1.0000 -0.0016
vn -0.7816 0.6187 -0.0797
vn -0.9107 0.3960 -0.1179
vn -0.9918 0.0878 -0.0925
vn -0.9446 0.2172 -0.2460
vn -0.9736 0.2262 0.0321
vn -0.9991 -0.0417 -0.0016
vn -0.9137 0.4061 -0.0176
vn -0.9658 0.2087 0.1541
vn -0.9913 -0.0627 0.1154
vn -0.0069 0.9999 0.0115
vn -0.0130 0.9999 0.0098
vn -0.0070 1.0000 0.0003
vn 0.6479 0.7470 -0.1492
vn 0.8893 0.4193 -0.1824
vn 0.5694 0.8131 -0.1209
vn 0.8491 0.5241 -0.0654
vn -0.0845 0.9884 0.1259
vn -0.2901 0.9540 0.0758
vn -0.2216 0.9395 -0.2614
vn 0.8641 0.5003 0.0557
vn 0.1485 0.9384 -0.3121
vn 0.7669 0.6298 0.1235
vn -0.4462 0.8621 0.2400
vn 0.2423 0.9691 -0.0460
vn 0.7217 0.6691 0.1770
vn 0.4560 0.8861 0.0827
vn 0.2592 0.9637 0.0648
vn 0.5714 0.8180 0.0657
vn 0.6608 0.7505 0.0095
vn 0.8963 0.3331 0.2928
vn 0.4660 0.8725 0.1470
vn 0.0878 0.9961 0.0080
vn -0.1495 0.8949 0.4204
vn 0.4109 0.8644 0.2898
vn 0.3668 -0.1647 0.9156
vn -0.8965 0.1041 -0.4307
vn 0.7306 0.6280 0.2680
vn 0.0874 0.8860 -0.4555
vn 0.6397 0.7205 0.2678
vn 0.5257 0.7341 0.4298
vn 0.3529 0.9212 0.1636
vn -0.0206 0.9953 -0.0944
vn 0.5532 0.7430 0.3767
vn 0.1318 0.9891 0.0651
vn 0.3557 0.9073 0.2241
vn 0.1045 0.9913 0.0800
vn -0.0012 1.0000 0.0099
vn -0.4675 0.8756 0.1220
vn 0.3977 0.8943 0.2051
vn -0.4441 0.8960 0.0060
vn 0.3038 0.9258 0.2249
vn -0.8058 0.2219 -0.5491
vn -0.1734 0.9844 -0.0282
vn 0.3728 0.8890 0.2660
vn -0.8543 -0.0034 -0.5197
vn 0.3491 0.9122 0.2144
vn 0.3070 0.9297 0.2033
vn -0.3494 0.9347 0.0646
vn 0.2592 0.9323 0.2521
vn -0.7289 0.1706 -0.6631
vn -0.2203 0.9291 -0.2971
vn 0.3595 0.9020 0.2391
vn -0.2801 0.9576 -0.0678
vn -0.7300 0.6597 -0.1787
vn 0.0987 -0.9677 -0.2319
vn 0.1818 0.9671 0.1781
vn 0.5110 0.7868 0.3461
vn -0.2601 0.9491 -0.1777
vn 0.3723 0.8894 0.2654
vn 0.1817 0.9710 0.1556
vn 0.0943 0.9266 -0.3641
vn 0.3890 0.8499 0.3555
vn 0.2893 0.9019 0.3209
vn 0.1492 0.9736 0.1729
vn 0.3203 0.8918 0.3195
vn 0.2479 0.9241 0.2908
vn -0.1622 0.9675 -0.1942
vn -0.3203 0.7620 -0.5629
vn 0.2370 0.9228 0.3038
vn 0.1335 0.9682 0.2117
vn 0.2902 0.8602 0.4192
vn -0.2460 0.9690 -0.0240
vn 0.4332 0.8537 0.2892
vn 0.1793 0.9442 0.2764
vn 0.1090 0.9737 0.2001
vn 0.2021 0.8512 0.4844
vn 0.0391 0.9237 -0.3812
vn -0.1009 0.8727 -0.4777
vn 0.2048 0.8985 0.3882
vn 0.4450 0.5121 0.7347
vn -0.1347 0.9838 0.1180
vn 0.2058 0.8824 0.4232
vn -0.0236 0.8317 -0.5547
vn 0.1146 0.9607 0.2529
vn 0.1725 0.9019 0.3960
vn 0.2432 0.9480 0.2053
vn 0.1353 0.9339 0.3308
vn -0.4185 0.7032 -0.5748
vn 0.1633 0.8182 -0.5513
vn 0.1223 0.9811 -0.1501
vn 0.3562 0.7871 0.5036
vn 0.1332 0.8996 0.4159
vn 0.0529 0.9626 0.2655
vn -0.0142 0.9998 -0.0124
vn 0.0008 0.9997 -0.0246
vn -0.0044 0.9993 -0.0365
vn -0.0022 1.0000 -0.0011
vn -0.0003 1.0000 0.0003
vn -0.1845 0.9386 -0.2917
vn -0.0589 0.9907 -0.1226
vn -0.1155 0.9402 -0.3205
vn -0.1954 0.9504 -0.2421
vn -0.1462 0.9761 -0.1605
vn -0.0116 0.9999 -0.0040
vn -0.0114 0.9999 -0.0035
vn -0.0119 0.9999 -0.0088
vn -0.0128 0.9998 -0.0142
vn -0.0050 0.9999 -0.0158
vn -0.0155 0.9997 -0.0209
vn -0.0146 0.9999 0.0069
vn -0.0142 0.9999 0.0070
vn -0.0115 0.9999 0.0032
vn -0.0014 1.0000 -0.0016
vn -0.0021 1.0000 -0.0002
vn -0.2949 0.9101 -0.2912
vn -0.3524 0.7646 -0.5397
vn -0.2836 0.7940 -0.5377
vn -0.5094 0.4992 -0.7010
vn -0.2552 0.7128 -0.6533
vn -0.5443 0.1068 -0.8321
vn -0.3579 0.1785 -0.9165
vn -0.3155 0.4804 -0.8184
vn -0.5700 0.2489 -0.7830
vn -0.3405 0.2888 -0.8948
vn -0.2681 0.0051 -0.9634
vn -0.1592 0.3995 -0.9028
vn -0.1596 0.2697 -0.9496
vn -0.1636 0.1305 -0.9779
vn -0.0962 0.8123 -0.5753
vn -0.0986 0.9009 -0.4226
vn -0.1430 0.6144 -0.7759
vn -0.0481 0.9823 -0.1812
vn 0.4054 0.9141 -0.0042
vn 0.0155 0.9998 -0.0104
vn 0.0026 1.0000 0.0007
vn 0.0236 0.9995 -0.0199
vn 0.0250 0.9997 0.0008
vn -0.0010 1.0000 -0.0008
vn 0.0022 1.0000 0.0011
vn -0.0009 1.0000 -0.0000
vn -0.1734 0.9843 -0.0317
vn -0.3009 0.9466 -0.1155
vn -0.3584 0.9297 -0.0853
vn -0.6486 0.7478 -0.1417
vn -0.9730 0.0617 -0.2224
vn -0.8761 0.4524 -0.1668
vn -0.5792 0.7709 -0.2651
vn -0.7831 0.5613 -0.2679
vn -0.8594 0.2796 -0.4281
vn -0.9196 0.1033 -0.3790
vn -0.8246 0.4556 -0.3354
vn -0.2979 0.9455 -0.1314
vn -0.8059 0.3351 -0.4881
vn -0.8142 0.1353 -0.5647
vn -0.7129 0.4798 -0.5114
vn -0.2603 0.9442 -0.2018
vn -0.1203 0.9893 -0.0827
vn -0.1448 0.9878 -0.0567
vn -0.6174 0.5196 -0.5906
vn -0.6980 0.1126 -0.7072
vn -0.5368 0.7777 -0.3271
vn -0.7290 0.2439 -0.6396
vn -0.6934 0.2603 -0.6719
vn -0.6945 0.2275 -0.6826
vn -0.4418 0.7685 -0.4628
vn -0.6244 -0.7666 0.1499
vn -0.9541 0.2162 -0.2073
vn -0.8760 0.4497 -0.1742
vn -0.9831 0.1826 -0.0095
vn -0.9744 -0.2219 -0.0354
vn -0.9533 -0.2165 -0.2107
vn -0.8112 0.4673 -0.3514
vn -0.7379 0.4618 -0.4923
vn -0.8082 0.1950 -0.5557
vn -0.7635 0.3600 -0.5362
vn -0.6946 0.3949 -0.6013
vn -0.8234 -0.1679 -0.5421
vn -0.6429 -0.6203 -0.4494
vn -0.9094 -0.2193 -0.3534
vn -0.6517 -0.1698 -0.7392
vn -0.5563 -0.5898 -0.5854
vn -0.4879 -0.7726 -0.4064
vn -0.3398 -0.9039 -0.2598
vn -0.2366 -0.9642 -0.1198
vn 0.0013 -1.0000 -0.0044
vn 0.0029 -1.0000 0.0037
vn 0.0186 -0.9998 0.0025
vn 0.0107 -0.9999 -0.0044
vn -0.2011 -0.9583 -0.2031
vn 0.0108 -0.9999 -0.0030
vn -0.5542 -0.6233 -0.5517
vn -0.0022 -1.0000 0.0018
vn 0.0062 -1.0000 0.0008
vn 0.0114 -0.9999 0.0106
vn 0.0140 -0.9999 0.0086
vn -0.2317 -0.9329 -0.2758
vn -0.3671 -0.8622 -0.3490
vn -0.2603 -0.8795 -0.3984
vn -0.7014 0.1872 -0.6878
vn -0.6411 0.4196 -0.6426
vn -0.5460 0.1895 -0.8161
vn -0.5038 0.4343 -0.7467
vn -0.5128 -0.1998 -0.8349
vn -0.0102 -0.9999 0.0136
vn -0.9367 -0.3497 -0.0166
vn -0.9687 -0.2427 0.0523
vn -0.8658 -0.5002 0.0157
vn -0.7941 -0.6044 -0.0636
vn -0.7939 -0.6047 -0.0638
vn -0.7939 -0.6048 -0.0638
vn -0.9309 -0.2989 -0.2099
vn -0.8577 -0.4868 -0.1657
vn -0.9150 -0.3401 -0.2169
vn -0.9457 -0.3246 0.0193
vn -0.7479 -0.6576 -0.0906
vn -0.8661 -0.4950 -0.0686
vn -0.1523 -0.9881 -0.0188
vn -0.5813 -0.8116 0.0584
vn -0.6090 -0.7916 0.0502
vn -0.0015 -1.0000 -0.0003
vn -0.0020 -1.0000 -0.0007
vn -0.0430 -0.9991 0.0010
vn -0.6197 -0.7844 -0.0275
vn -0.7483 -0.6555 -0.1021
vn -0.6042 -0.7906 -0.0992
vn -0.0045 -1.0000 0.0054
vn 0.6958 -0.6877 -0.2074
vn 0.6934 -0.6894 -0.2095
vn 0.6977 -0.6875 -0.2014
vn -0.9809 -0.0158 -0.1936
vn -0.8649 -0.4095 -0.2902
vn -0.9353 -0.0146 -0.3535
vn -0.8795 -0.0121 -0.4758
vn -0.8794 -0.0198 -0.4757
vn -0.8799 -0.0123 -0.4750
vn -0.9808 -0.0085 -0.1950
vn -0.8821 -0.0072 -0.4710
vn -0.8817 -0.0055 -0.4718
vn -0.8787 -0.0040 -0.4773
vn -0.7999 -0.4954 -0.3388
vn -0.8239 0.0002 -0.5668
vn -0.7626 -0.4778 -0.4362
vn -0.7994 -0.2967 -0.5224
vn -0.7206 -0.4972 -0.4832
vn -0.8777 -0.3256 -0.3516
vn -0.8754 -0.3388 -0.3448
vn -0.7769 -0.4455 -0.4449
vn -0.7590 -0.4444 -0.4758
vn -0.7963 -0.2950 -0.5281
vn -0.6077 -0.5039 -0.6138
vn -0.6709 -0.3056 -0.6756
vn -0.6285 -0.3782 -0.6797
vn -0.6904 -0.4765 -0.5444
vn -0.6438 -0.3575 -0.6766
vn -0.7762 -0.0115 -0.6304
vn -0.7767 -0.0044 -0.6299
vn -0.7768 -0.0048 -0.6298
vn -0.7638 -0.0149 -0.6453
vn -0.7267 -0.0095 -0.6869
vn -0.8072 -0.0106 -0.5902
vn -0.7775 -0.0183 -0.6286
vn -0.8797 -0.0208 -0.4751
vn -0.8818 -0.0157 -0.4714
vn -0.8783 -0.0206 -0.4776
vn -0.1427 0.9897 -0.0087
vn -0.4172 0.9086 -0.0201
vn -0.6004 0.7982 0.0488
vn -0.8358 0.5323 0.1345
vn -0.9868 0.0565 -0.1516
vn -0.9961 0.0112 -0.0873
vn -0.9392 0.3431 0.0139
vn -0.9206 0.3480 -0.1769
vn -0.7216 0.6760 -0.1493
vn -0.7372 0.6756 0.0108
vn -0.1997 0.9788 -0.0463
vn -0.4905 0.8629 -0.1220
vn -0.8636 0.3498 -0.3632
vn -0.7113 0.6651 -0.2276
vn -0.4222 0.8945 -0.1469
vn -0.9090 0.1932 -0.3692
vn -0.1354 0.9892 -0.0569
vn -0.3779 0.9078 -0.1818
vn -0.6261 0.7150 -0.3111
vn -0.6765 0.6213 -0.3955
vn -0.8025 0.2393 -0.5465
vn -0.8096 0.0096 -0.5869
vn -0.6662 0.5654 -0.4863
vn -0.5694 0.7701 -0.2876
vn -0.3512 0.9193 -0.1776
vn -0.1740 0.9815 -0.0794
vn -0.1855 0.9744 -0.1270
vn -0.9824 -0.1594 0.0977
vn -0.9826 -0.1571 0.0988
vn -0.9839 -0.1527 0.0925
vn -0.4869 0.8062 -0.3362
vn -0.6930 -0.0119 -0.7208
vn -0.6800 0.2846 -0.6757
vn -0.8705 -0.1562 -0.4666
vn -0.8703 -0.1563 -0.4670
vn -0.8702 -0.1564 -0.4672
vn -0.9445 -0.1642 -0.2844
vn -0.9454 -0.1637 -0.2819
vn -0.9458 -0.1629 -0.2809
vn -0.8201 -0.1545 -0.5510
vn -0.9068 -0.0549 -0.4180
vn -0.9429 -0.1473 -0.2986
vn -0.9409 -0.1668 -0.2947
vn -0.9846 -0.1489 -0.0913
vn -0.9814 -0.1608 0.1046
vn -0.9820 -0.1627 0.0961
vn -0.9821 -0.1625 0.0950
vn -0.9861 -0.0999 -0.1328
vn -0.9133 0.0502 -0.4043
vn -0.9448 -0.1101 -0.3086
vn -0.9421 -0.1153 -0.3148
vn -0.9448 -0.1095 -0.3087
vn -0.7616 -0.1414 -0.6325
vn -0.6387 -0.1474 -0.7552
vn -0.6384 -0.1439 -0.7562
vn -0.6323 -0.1459 -0.7609
vn -0.5419 -0.1641 -0.8243
vn -0.5382 0.6322 -0.5574
vn -0.3638 0.8630 -0.3504
vn -0.3164 0.9272 -0.2003
vn -0.1614 0.9759 -0.1467
vn -0.5421 0.2562 -0.8003
vn -0.5418 -0.0312 -0.8399
vn -0.4248 0.6176 -0.6619
vn -0.2537 0.8665 -0.4298
vn -0.1941 0.9549 -0.2248
vn -0.2715 0.1333 -0.9532
vn -0.2529 -0.0923 -0.9631
vn -0.2565 -0.0424 -0.9656
vn -0.9954 -0.0102 0.0952
vn -0.9939 -0.0333 0.1050
vn -0.9952 -0.0182 0.0962
vn -0.9949 -0.0982 -0.0219
vn -0.9804 -0.1726 -0.0950
vn -0.9808 -0.1671 -0.1009
vn -0.9808 -0.1667 -0.1008
vn -0.9833 -0.1590 0.0882
vn -0.9833 -0.1596 0.0871
vn -0.9818 -0.1646 0.0947
vn -0.9823 -0.1572 -0.1022
vn -0.9808 -0.1626 -0.1075
vn -0.9808 -0.1623 -0.1078
vn -0.8811 -0.0039 -0.4729
vn -0.8811 -0.0012 -0.4730
vn -0.8811 -0.0015 -0.4729
vn -0.4084 -0.8982 -0.1628
vn -0.7110 -0.6586 -0.2465
vn -0.8916 -0.3838 -0.2401
vn -0.9264 -0.2600 -0.2724
vn -0.6790 -0.7063 -0.2003
vn -0.7988 -0.5511 -0.2413
vn -0.9669 -0.2274 -0.1157
vn -0.9657 -0.2284 -0.1236
vn -0.9667 -0.2255 -0.1207
vn -0.6057 -0.7915 -0.0810
vn -0.1893 -0.9816 -0.0244
vn -0.1924 -0.9808 -0.0316
vn -0.0024 -1.0000 0.0020
vn -0.7285 -0.6613 -0.1789
vn -0.5015 -0.8618 -0.0760
vn -0.4808 -0.8698 -0.1112
vn -0.5669 -0.8033 -0.1826
vn -0.9601 0.0593 -0.2732
vn -0.9022 0.2207 -0.3705
vn -0.6711 -0.6985 -0.2486
vn -0.5485 -0.7849 -0.2882
vn -0.7267 -0.6547 -0.2081
vn -0.6081 -0.7746 -0.1736
vn 0.0623 -0.9978 0.0222
vn -0.0006 -1.0000 -0.0016
vn 0.0003 -1.0000 0.0017
vn 0.0091 -0.9999 0.0085
vn 0.0173 -0.9998 0.0060
vn -0.0007 -1.0000 -0.0003
vn -0.0024 -1.0000 -0.0063
vn -0.4772 -0.6281 -0.6146
vn -0.4846 -0.4808 -0.7308
vn -0.2262 -0.9237 -0.3092
vn -0.5453 -0.2968 -0.7839
vn -0.4524 -0.5710 -0.6851
vn -0.6300 0.0004 -0.7766
vn -0.5183 -0.3394 -0.7850
vn -0.6365 -0.0128 -0.7711
vn -0.2030 -0.2732 -0.9403
vn -0.1961 -0.0176 -0.9804
vn -0.4041 -0.3311 -0.8527
vn -0.3392 -0.5161 -0.7865
vn -0.1581 -0.5116 -0.8446
vn -0.3703 -0.3394 -0.8647
vn -0.1821 -0.3190 -0.9301
vn -0.3111 -0.3672 -0.8766
vn -0.1153 -0.5292 -0.8407
vn -0.1213 -0.8328 -0.5402
vn -0.1130 -0.7999 -0.5894
vn -0.1632 -0.8721 -0.4614
vn -0.0095 -0.9999 0.0073
vn 0.0008 -0.9999 0.0118
vn 0.0011 -1.0000 0.0039
vn 0.0169 -0.9998 0.0071
vn 0.0094 -0.9999 0.0049
vn 0.0131 -0.9999 0.0033
vn 0.0017 -1.0000 -0.0086
vn 0.0053 -0.9999 -0.0088
vn -0.0039 -1.0000 0.0008
vn 0.0044 -1.0000 0.0024
vn -0.1754 -0.9383 -0.2980
vn -0.1618 -0.8740 -0.4581
vn -0.1866 -0.7773 -0.6008
vn -0.4210 -0.6519 -0.6307
vn -0.2950 -0.6273 -0.7208
vn -0.3732 -0.2022 -0.9055
vn -0.3423 0.4766 -0.8097
vn -0.3508 0.2433 -0.9043
vn -0.2522 0.3156 -0.9148
vn -0.2650 -0.2057 -0.9420
vn -0.2018 -0.6578 -0.7257
vn -0.1133 -0.6805 -0.7239
vn -0.1693 0.3643 -0.9158
vn -0.0044 -0.9998 0.0207
vn 0.0088 -0.9999 0.0135
vn -0.0025 -0.9998 0.0212
vn 0.0012 -1.0000 0.0032
vn -0.3491 -0.6076 -0.7134
vn -0.4372 -0.4995 -0.7479
vn -0.5695 -0.3532 -0.7422
vn -0.3890 -0.7852 -0.4819
vn -0.6258 -0.0097 -0.7799
vn -0.6263 -0.0098 -0.7795
vn -0.6270 -0.0102 -0.7790
vn -0.4673 0.2150 -0.8575
vn -0.3898 -0.0154 -0.9208
vn -0.1911 -0.0139 -0.9815
vn -0.4726 -0.0111 -0.8812
vn 0.5708 -0.5816 -0.5796
vn 0.4682 -0.7486 -0.4695
vn 0.3706 -0.7355 -0.5672
vn 0.3654 -0.7667 -0.5279
vn 0.4518 -0.5809 -0.6771
vn 0.3107 -0.5816 -0.7518
vn 0.5016 -0.4541 -0.7363
vn 0.5510 -0.3256 -0.7684
vn 0.7304 -0.0915 -0.6768
vn 0.5284 -0.0926 -0.8439
vn 0.4805 -0.0458 -0.8758
vn 0.6374 0.0019 -0.7705
vn 0.6375 0.0018 -0.7705
vn 0.6369 0.0031 -0.7710
vn 0.6374 -0.0006 -0.7705
vn 0.6379 0.0007 -0.7701
vn 0.6378 0.0002 -0.7702
vn -0.6321 0.0046 -0.7749
vn -0.6312 0.0046 -0.7756
vn -0.5069 -0.0031 -0.8620
vn -0.5561 0.0209 -0.8309
vn -0.3548 0.0012 -0.9349
vn -0.3859 0.0178 -0.9223
vn -0.8476 0.0052 -0.5306
vn -0.7716 0.0331 -0.6353
vn -0.9795 0.0060 -0.2013
vn -0.9207 0.0025 -0.3902
vn -0.9211 0.0086 -0.3892
vn -0.8463 0.0017 -0.5328
vn -0.8464 0.0006 -0.5325
vn 0.9186 0.0167 -0.3947
vn 0.8305 0.0129 -0.5569
vn 0.7079 0.0032 -0.7063
vn 0.7084 0.0086 -0.7058
vn 0.9189 0.0102 -0.3944
vn 0.9791 0.0040 -0.2031
vn 0.5586 0.0145 -0.8293
vn 0.7713 0.0132 -0.6364
vn 0.7713 0.0128 -0.6364
vn 0.7715 0.0145 -0.6360
vn 0.6477 0.0160 -0.7618
vn 0.3906 0.0095 -0.9205
vn 0.3929 0.0064 -0.9195
vn 0.2002 0.0041 -0.9798
vn 0.2229 0.0025 -0.9748
vn -0.0053 0.0103 -0.9999
vn -0.2527 0.5839 -0.7715
vn -0.0102 0.9057 -0.4238
vn -0.2651 0.8770 -0.4008
vn -0.8314 0.4969 -0.2486
vn 0.0289 0.8436 -0.5363
vn -0.2838 0.8135 -0.5075
vn -0.8087 0.5181 -0.2785
vn -0.3553 0.7460 -0.5633
vn -0.6544 0.5368 -0.5325
vn -0.2613 0.6940 -0.6709
vn -0.3593 0.6046 -0.7109
vn -0.8033 0.3323 -0.4943
vn -0.2845 0.5423 -0.7905
vn 0.3583 0.5401 -0.7615
vn -0.8119 0.1382 -0.5673
vn 0.0968 -0.0104 -0.9953
vn 0.0967 -0.0104 -0.9953
vn 0.0972 -0.0101 -0.9952
vn -0.9269 0.3561 -0.1190
vn 0.5545 0.0073 -0.8321
vn 0.9802 0.0075 -0.1979
vn 0.9192 -0.0036 -0.3938
vn 0.8453 -0.0078 -0.5343
vn 0.7097 -0.0006 -0.7045
vn 0.6354 -0.0116 -0.7721
vn 0.6361 -0.0096 -0.7716
vn 0.6333 -0.0120 -0.7738
vn 0.6156 -0.0129 -0.7879
vn 0.6340 -0.0076 -0.7733
vn 0.5391 0.0005 -0.8423
vn 0.3867 -0.0037 -0.9222
vn 0.1368 0.0062 -0.9906
vn 0.1280 0.0079 -0.9917
vn 0.1270 0.0067 -0.9919
vn -0.9979 0.0002 -0.0644
vn -0.9979 0.0006 -0.0648
vn -0.9978 -0.0077 -0.0662
vn -0.5933 -0.0427 -0.8038
vn -0.2360 -0.0123 -0.9717
vn -0.4466 -0.0131 -0.8946
vn -0.0085 -0.0327 -0.9994
vn -0.8438 -0.1222 -0.5226
vn -0.9944 -0.0793 -0.0699
vn -0.9942 -0.0805 -0.0709
vn -0.9944 -0.0794 -0.0702
vn 0.1254 -0.0086 -0.9921
vn 0.1189 -0.0039 -0.9929
vn 0.1184 -0.0044 -0.9930
vn -0.6122 -0.4911 -0.6197
vn 0.0690 0.0069 -0.9976
vn -0.9172 -0.1967 -0.3464
vn -0.4377 -0.6958 0.5694
vn -0.2070 -0.9779 -0.0304
vn 0.0916 -0.0075 -0.9958
vn 0.0910 -0.0072 -0.9958
vn 0.0872 0.0005 -0.9962
vn 0.0783 -0.0143 -0.9968
vn 0.0766 -0.0156 -0.9969
vn 0.0698 -0.0168 -0.9974
vn 0.1086 -0.0071 -0.9941
vn 0.1973 -0.0080 -0.9803
vn 0.2867 -0.0050 -0.9580
vn 0.3549 -0.0129 -0.9348
vn 0.1442 0.0004 -0.9895
vn 0.1390 0.0067 -0.9903
vn 0.1356 0.0055 -0.9908
vn -0.2100 -0.0289 -0.9773
vn 0.0289 -0.0070 -0.9996
vn -0.5071 0.2118 -0.8354
vn -0.6969 0.0411 -0.7160
vn 0.0090 0.0714 -0.9974
vn -0.1372 0.2386 -0.9614
vn 0.1989 0.2729 -0.9413
vn -0.9982 0.0112 -0.0594
vn -0.9981 0.0099 -0.0610
vn -0.9979 0.0093 -0.0636
vn -0.9967 0.0329 -0.0744
vn -0.9997 0.0210 -0.0142
vn 0.1369 0.0045 -0.9906
vn 0.1369 0.0071 -0.9906
vn 0.1382 0.0093 -0.9904
vn 0.1178 0.0080 -0.9930
vn 0.1182 0.0078 -0.9930
vn 0.1177 0.0083 -0.9930
vn 0.2952 0.0064 -0.9554
vn -0.9979 -0.0025 -0.0643
vn -0.9980 0.0054 -0.0624
vn -0.9979 -0.0029 -0.0646
vn 0.8772 -0.0099 -0.4800
vn 0.9575 -0.0030 -0.2884
vn 0.9576 -0.0066 -0.2880
vn 0.9545 -0.0037 -0.2981
vn 0.7771 -0.0022 -0.6293
vn 0.7748 -0.0097 -0.6321
vn 0.7752 -0.0098 -0.6316
vn 0.7789 -0.0014 -0.6271
vn 0.7792 -0.0020 -0.6267
vn 0.7788 -0.0012 -0.6272
vn 0.8872 -0.0119 -0.4612
vn 0.4757 -0.0022 -0.8796
vn 0.4738 -0.0099 -0.8806
vn 0.4758 -0.0023 -0.8796
vn -0.9809 0.0048 -0.1945
vn -0.6809 0.0036 -0.7324
vn -0.9168 0.0099 -0.3993
vn 0.3824 0.0672 -0.9216
vn -0.2625 0.0034 -0.9649
vn -0.1449 -0.0034 -0.9894
vn -0.6830 0.0118 -0.7303
vn -0.6351 0.0163 -0.7722
vn -0.7769 0.0068 -0.6295
vn -0.7762 0.0060 -0.6305
vn -0.7779 0.0068 -0.6283
vn 0.0395 -0.9992 0.0103
vn 0.0336 -0.9994 0.0020
vn 0.0343 -0.9993 0.0132
vn 0.3219 -0.3630 -0.8744
vn 0.4668 -0.1398 -0.8732
vn 0.4673 -0.1404 -0.8729
vn 0.4682 -0.1407 -0.8723
vn 0.2822 -0.1429 -0.9487
vn 0.1863 -0.3067 -0.9334
vn 0.2879 0.0088 -0.9576
vn 0.2878 0.0010 -0.9577
vn 0.1734 -0.0837 -0.9813
vn -0.0029 -0.0789 -0.9969
vn -0.0044 0.0177 -0.9998
vn 0.0029 -0.3075 -0.9515
vn 0.2004 0.0201 -0.9795
vn 0.1830 -0.8841 -0.4299
vn -0.0233 -0.9991 0.0344
vn -0.0200 -0.9989 0.0424
vn -0.0173 -0.9986 0.0494
vn -0.2497 -0.4423 -0.8614
vn -0.2589 -0.4463 -0.8566
vn -0.2583 -0.4463 -0.8568
vn -0.2586 -0.4463 -0.8567
vn -0.7742 0.0099 -0.6328
vn -0.7737 0.0093 -0.6335
vn -0.7733 0.0085 -0.6340
vn -0.7746 0.0092 -0.6324
vn -0.7751 0.0086 -0.6318
vn -0.7738 0.0096 -0.6334
vn -0.6286 0.0105 -0.7777
vn -0.5528 0.0093 -0.8332
vn -0.3959 -0.0023 -0.9183
vn -0.2821 -0.0026 -0.9594
vn -0.3941 0.0002 -0.9191
vn -0.5516 -0.0052 -0.8341
vn 0.7298 0.0261 -0.6831
vn 0.9230 -0.0191 -0.3844
vn 0.7471 -0.3370 -0.5730
vn 0.9441 -0.2193 -0.2461
vn 0.9984 -0.0007 -0.0566
vn 0.9984 -0.0006 -0.0557
vn 0.9984 -0.0008 -0.0568
vn 0.2836 -0.0217 -0.9587
vn 0.3796 -0.0400 -0.9243
vn 0.0755 -0.3923 -0.9167
vn -0.1319 0.0064 -0.9912
vn -0.1293 0.0041 -0.9916
vn -0.1362 0.0035 -0.9907
vn 0.9989 -0.0020 -0.0462
vn 0.9989 -0.0020 -0.0472
vn 0.9989 -0.0021 -0.0478
vn -0.6360 -0.0110 -0.7716
vn -0.6329 -0.0128 -0.7741
vn -0.6294 -0.0167 -0.7769
vn -0.6241 -0.0017 -0.7814
vn -0.6312 0.0072 -0.7756
vn -0.3394 0.0128 -0.9406
vn -0.2074 0.0102 -0.9782
vn -0.1998 0.0110 -0.9798
vn 0.0072 0.0115 -0.9999
vn -0.4853 0.0152 -0.8742
vn -0.4853 0.0153 -0.8742
vn -0.4855 0.0147 -0.8741
vn 0.9442 -0.1541 -0.2912
vn 0.8730 -0.1567 -0.4619
vn 0.8712 -0.1504 -0.4674
vn 0.8721 -0.1570 -0.4634
vn 0.7890 -0.1618 -0.5927
vn 0.8284 -0.0262 -0.5596
vn 0.9417 -0.1781 -0.2855
vn 0.9400 -0.1758 -0.2925
vn 0.9396 -0.1768 -0.2931
vn 0.9559 -0.0553 -0.2884
vn 0.5156 0.8367 -0.1849
vn 0.8561 0.1122 -0.5045
vn 0.9186 -0.1190 -0.3768
vn 0.8749 -0.1593 -0.4573
vn 0.8749 -0.1592 -0.4574
vn 0.8749 -0.1585 -0.4575
vn 0.8717 -0.0583 -0.4866
vn 0.8664 -0.0083 -0.4993
vn 0.6639 0.7456 0.0570
vn 0.3976 0.7757 0.4901
vn -0.1879 0.8543 0.4846
vn -0.4820 0.8561 0.1865
vn -0.5085 0.8480 0.1494
vn -0.3502 0.9305 0.1077
vn -0.4950 0.8456 0.1996
vn -0.4130 0.8886 0.1996
vn -0.3879 0.9027 0.1859
vn -0.1389 0.9881 0.0663
vn -0.0035 1.0000 -0.0055
vn 0.2675 0.9437 -0.1943
vn 0.1407 0.9869 -0.0794
vn 0.1771 0.9695 -0.1693
vn 0.5368 0.7758 -0.3315
vn 0.7637 0.5165 -0.3874
vn 0.8715 0.1233 -0.4746
vn 0.9282 0.1123 -0.3548
vn 0.8996 0.3039 -0.3137
vn 0.7207 0.4974 -0.4829
vn 0.8005 0.2618 -0.5391
vn 0.8085 0.2645 -0.5258
vn 0.8235 0.0720 -0.5627
vn 0.7639 0.0673 -0.6419
vn 0.2901 0.9065 -0.3067
vn 0.4864 0.7290 -0.4816
vn 0.6242 0.4428 -0.6437
vn 0.6884 0.1750 -0.7039
vn 0.7191 -0.0104 -0.6948
vn 0.4295 0.5801 -0.6922
vn 0.1396 0.9661 -0.2172
vn 0.0843 0.9896 -0.1166
vn 0.6459 0.0843 -0.7588
vn 0.5264 0.2393 -0.8159
vn 0.6128 0.4481 -0.6509
vn 0.6862 0.6135 -0.3907
vn 0.3009 0.8712 -0.3880
vn -0.4505 0.8642 0.2242
vn -0.3463 0.9110 0.2239
vn 0.2396 0.9157 -0.3226
vn -0.0171 0.9835 -0.1799
vn -0.2496 0.9536 0.1682
vn -0.4327 0.8585 0.2750
vn 0.3297 0.8396 -0.4317
vn -0.1086 0.9887 0.1034
vn 0.3314 0.8547 -0.3994
vn -0.3445 0.8897 0.2996
vn 0.3231 0.8392 -0.4373
vn -0.2941 0.9310 0.2164
vn -0.4323 0.8998 0.0584
vn 0.1226 0.9653 -0.2307
vn -0.2111 0.9612 0.1775
vn -0.3970 0.8448 0.3588
vn 0.6442 0.3181 -0.6956
vn -0.1709 0.9768 0.1291
vn -0.2446 0.9200 0.3063
vn -0.0055 1.0000 0.0035
vn -0.1424 0.9709 0.1927
vn -0.2715 0.8847 0.3789
vn 0.3432 0.9058 -0.2486
vn -0.3010 0.8986 0.3192
vn -0.4037 0.8202 0.4052
vn 0.1862 0.6241 -0.7588
vn 0.0295 0.9991 -0.0300
vn -0.3835 0.9103 0.1560
vn 0.0038 1.0000 -0.0002
vn -0.0014 1.0000 -0.0018
vn 0.0010 1.0000 -0.0025
vn 0.0021 1.0000 0.0005
vn 0.0033 1.0000 0.0006
vn 0.7485 0.5669 -0.3439
vn 0.3019 0.9410 -0.1531
vn 0.2058 0.9755 -0.0772
vn 0.2261 0.9662 -0.1235
vn 0.3213 0.9219 -0.2163
vn 0.4898 0.8102 -0.3221
vn 0.2633 0.9492 -0.1722
vn 0.2340 0.9459 -0.2246
vn 0.4392 0.7823 -0.4418
vn 0.6803 0.5830 -0.4442
vn 0.5714 0.5663 -0.5940
vn 0.6908 0.2713 -0.6703
vn 0.4870 0.4043 -0.7742
vn 0.3936 0.7012 -0.5945
vn 0.7103 -0.0103 -0.7038
vn 0.5800 0.1406 -0.8024
vn 0.2851 0.9071 -0.3097
vn 0.5200 0.8241 -0.2245
vn 0.8106 0.2791 -0.5148
vn 0.6964 -0.1665 -0.6980
vn 0.5469 -0.1657 -0.8206
vn 0.3296 0.8874 -0.3223
vn 0.8253 -0.0941 -0.5569
vn 0.3507 0.8480 -0.3973
vn 0.2801 0.9179 -0.2812
vn 0.1506 0.8667 -0.4755
vn 0.7049 -0.5882 -0.3964
vn 0.8743 -0.2978 -0.3833
vn 0.7975 -0.5119 -0.3192
vn 0.7846 -0.0151 -0.6198
vn 0.7663 -0.3366 -0.5472
vn 0.7101 -0.5269 -0.4670
vn 0.7770 -0.3305 -0.5357
vn 0.7785 -0.4408 -0.4468
vn 0.1005 -0.9864 -0.1303
vn 0.3470 -0.8977 -0.2714
vn 0.7401 -0.3888 -0.5488
vn 0.6095 -0.5000 -0.6152
vn 0.6087 -0.3799 -0.6965
vn 0.2331 -0.9307 -0.2818
vn 0.4670 -0.5479 -0.6941
vn 0.6810 -0.3106 -0.6631
vn 0.6899 -0.4040 -0.6007
vn 0.3754 -0.7886 -0.4869
vn 0.5558 -0.4617 -0.6913
vn 0.5172 -0.3321 -0.7888
vn 0.4399 -0.5432 -0.7151
vn 0.2156 -0.9072 -0.3613
vn 0.4060 -0.5046 -0.7620
vn 0.3269 -0.5012 -0.8012
vn 0.4884 -0.5111 -0.7072
vn 0.4428 -0.5736 -0.6891
vn 0.3583 -0.3132 -0.8795
vn 0.3078 -0.3975 -0.8644
vn 0.6315 -0.0084 -0.7753
vn 0.6314 -0.0084 -0.7754
vn 0.6307 -0.0090 -0.7760
vn 0.7761 -0.0127 -0.6304
vn 0.7719 -0.0137 -0.6356
vn 0.7775 -0.0143 -0.6287
vn 0.8794 -0.0051 -0.4761
vn 0.8807 -0.0054 -0.4736
vn 0.8822 -0.0137 -0.4708
vn 0.9570 -0.0069 -0.2899
vn 0.8793 -0.0257 -0.4756
vn 0.8783 -0.0189 -0.4778
vn 0.8780 -0.0196 -0.4783
vn 0.8832 -0.0188 -0.4686
vn 0.8832 -0.0200 -0.4687
vn 0.8831 -0.0203 -0.4687
vn -0.0129 -0.9999 0.0082
vn 0.0024 -1.0000 -0.0010
vn 0.5018 -0.7980 -0.3336
vn 0.3931 -0.7967 -0.4590
vn 0.3780 -0.8629 -0.3354
vn 0.6136 -0.5898 -0.5250
vn 0.4845 -0.7135 -0.5061
vn 0.7783 -0.1704 -0.6043
vn 0.6541 -0.2880 -0.6994
vn 0.6859 -0.5767 -0.4439
vn 0.8311 -0.1461 -0.5366
vn 0.6592 -0.6822 -0.3164
vn 0.9161 -0.2075 -0.3430
vn 0.2723 -0.9539 -0.1263
vn 0.0029 -1.0000 -0.0090
vn -0.0063 -1.0000 0.0041
vn -0.0022 -1.0000 -0.0027
vn 0.0200 -0.9998 0.0058
vn 0.3166 -0.9456 -0.0749
vn 0.0067 -1.0000 0.0013
vn 0.6771 -0.7009 -0.2244
vn 0.0034 -0.9999 -0.0131
vn -0.0005 -1.0000 -0.0060
vn 0.0184 -0.9998 -0.0127
vn 0.8986 0.2081 -0.3863
vn 0.8269 0.4544 -0.3313
vn 0.4687 -0.8610 -0.1977
vn 0.7391 -0.5986 -0.3089
vn 0.8100 0.2199 -0.5435
vn 0.7326 0.4506 -0.5102
vn -0.0159 -0.9998 -0.0077
vn 0.0043 -1.0000 0.0045
vn -0.0128 -0.9999 0.0047
vn -0.0034 -0.9999 0.0143
vn -0.0098 -0.9998 0.0165
vn -0.0134 -0.9998 0.0161
vn -0.0076 -0.9998 0.0163
vn -0.0084 -0.9998 0.0164
vn -0.0164 -0.9997 0.0198
vn 0.0073 -0.9998 0.0162
vn 0.1624 -0.9536 -0.2535
vn 0.1806 -0.8734 -0.4522
vn 0.1608 -0.5251 -0.8357
vn 0.2327 -0.5301 -0.8154
vn 0.1816 -0.2668 -0.9465
vn 0.2092 -0.4339 -0.8763
vn 0.1630 -0.3872 -0.9075
vn 0.1080 -0.4916 -0.8641
vn 0.0433 -0.8481 -0.5281
vn 0.1039 -0.9461 -0.3066
vn -0.0003 -1.0000 0.0025
vn 0.0016 -1.0000 0.0014
vn -0.0003 -1.0000 -0.0063
vn -0.0068 -1.0000 0.0044
vn -0.0078 -0.9999 -0.0129
vn 0.1139 -0.6981 -0.7069
vn -0.0592 -0.6263 -0.7773
vn 0.0273 -0.9352 -0.3531
vn -0.0072 -0.3810 -0.9245
vn -0.0774 -0.5564 -0.8273
vn 0.0023 -1.0000 0.0089
vn 0.0040 -1.0000 0.0078
vn -0.0073 -1.0000 0.0068
vn 0.0058 -1.0000 0.0026
vn 0.0067 -1.0000 0.0055
vn 0.0068 -1.0000 0.0065
vn 0.0085 -0.3239 -0.9460
vn 0.1834 -0.3227 -0.9286
vn 0.2018 -0.0131 -0.9793
vn 0.6983 0.0446 -0.7144
vn 0.6714 0.2538 -0.6963
vn 0.6200 0.4617 -0.6344
vn 0.6546 0.2736 -0.7047
vn 0.5897 0.2569 -0.7656
vn 0.5440 0.2068 -0.8132
vn 0.5968 -0.1803 -0.7818
vn 0.4160 -0.6396 -0.6464
vn 0.4815 0.4399 -0.7580
vn 0.5416 -0.1764 -0.8219
vn 0.3690 0.1925 -0.9093
vn 0.5046 0.2769 -0.8178
vn 0.5511 0.0039 -0.8344
vn 0.3144 0.2474 -0.9165
vn 0.3401 0.4325 -0.8350
vn 0.1424 0.2306 -0.9626
vn 0.2684 0.4122 -0.8707
vn -0.0011 0.3764 -0.9265
vn -0.0067 0.2525 -0.9676
vn -0.2206 -0.2262 -0.9488
vn -0.1613 -0.7910 -0.5901
vn -0.0480 -0.7846 -0.6182
vn 0.0421 -0.8477 -0.5288
vn -0.0060 -0.9998 -0.0178
vn -0.0047 -0.9998 -0.0175
vn 0.0054 -0.9998 -0.0169
vn 0.0543 -0.3655 -0.9292
vn 0.0025 -0.7206 -0.6933
vn -0.1064 0.0411 -0.9935
vn -0.1196 0.0555 -0.9913
vn -0.0939 0.1083 -0.9897
vn 0.0602 0.1762 -0.9825
vn 0.2061 0.1434 -0.9680
vn 0.2104 -0.2038 -0.9561
vn 0.0911 -0.7022 -0.7061
vn 0.1662 -0.7469 -0.6438
vn 0.9568 -0.0146 -0.2903
vn 0.9564 -0.0156 -0.2915
vn 0.9566 -0.0237 -0.2904
vn 0.9587 -0.0219 -0.2835
vn 0.6377 -0.0138 -0.7702
vn 0.6348 -0.0210 -0.7724
vn 0.6381 -0.0143 -0.7699
vn 0.6321 -0.0206 -0.7746
vn 0.6288 -0.0174 -0.7773
vn 0.6314 -0.0078 -0.7754
vn 0.4711 -0.0154 -0.8819
vn 0.3082 -0.0223 -0.9511
vn -0.0037 -0.0163 -0.9999
vn -0.0143 -0.0090 -0.9999
vn 0.4856 -0.0115 -0.8741
vn 0.4802 -0.0164 -0.8770
vn 0.4800 -0.0072 -0.8773
vn 0.7477 0.5971 -0.2905
vn 0.7972 0.5535 -0.2410
vn 0.8655 0.3425 -0.3655
vn -0.7766 0.0015 -0.6300
vn -0.4831 0.0080 -0.8755
vn -0.6272 0.0042 -0.7788
vn -0.6272 0.0040 -0.7788
vn -0.6273 0.0043 -0.7787
vn -0.6897 0.0343 -0.7233
vn -0.1982 0.9674 -0.1579
vn -0.1043 0.9826 -0.1538
vn -0.0004 1.0000 0.0019
vn -0.0003 1.0000 0.0005
vn -0.0002 1.0000 -0.0008
vn -0.1346 0.0040 -0.9909
vn -0.1335 0.0036 -0.9910
vn -0.1298 -0.0008 -0.9915
vn 0.9986 -0.0046 -0.0525
vn 0.9981 -0.0010 -0.0608
vn 0.9986 0.0035 -0.0535
vn 0.5388 0.2168 -0.8141
vn 0.7764 -0.0368 -0.6292
vn 0.7638 0.1513 -0.6275
vn -0.0015 1.0000 -0.0018
vn -0.0011 1.0000 -0.0025
vn -0.6358 -0.0000 -0.7718
vn -0.6353 -0.0007 -0.7723
vn -0.6352 -0.0009 -0.7724
vn 0.4782 -0.0080 -0.8782
vn 0.4730 -0.0110 -0.8810
vn 0.4784 -0.0082 -0.8781
vn 0.0001 -0.5120 -0.8590
vn -0.0053 -0.3368 -0.9416
vn 0.1274 -0.6144 -0.7786
vn 0.1495 0.3872 -0.9098
vn 0.7736 0.0020 -0.6337
vn 0.7754 0.0093 -0.6314
vn 0.7715 -0.0005 -0.6362
vn 0.7720 -0.0008 -0.6357
vn 0.7717 -0.0006 -0.6359
vn 0.6369 0.0001 -0.7709
vn 0.6368 -0.0000 -0.7710
vn 0.6368 0.0001 -0.7710
vn -0.2038 0.0189 -0.9788
vn -0.2035 0.0084 -0.9790
vn 0.6364 0.0401 -0.7703
vn 0.6359 0.0397 -0.7708
vn 0.6365 0.0402 -0.7702
vn -0.1146 0.9679 -0.2235
vn -0.3787 0.5581 -0.7384
vn -0.3781 0.0917 -0.9212
vn -0.3268 0.5755 -0.7496
vn -0.2099 0.8418 -0.4973
vn -0.1881 0.1526 -0.9702
vn -0.1248 0.9562 -0.2646
vn -0.0590 0.9685 -0.2418
vn -0.1290 0.9038 -0.4079
vn -0.2434 0.9334 0.2636
vn 0.3219 0.8253 -0.4639
vn 0.4046 0.4935 -0.7699
vn 0.3564 0.1092 -0.9279
vn 0.3480 0.3113 -0.8843
vn 0.3260 0.5361 -0.7787
vn 0.2214 0.7636 -0.6066
vn 0.3215 0.7548 -0.5718
vn 0.1137 0.9477 -0.2981
vn 0.2438 0.4360 -0.8663
vn 0.1806 -0.0117 -0.9835
vn 0.1636 0.2496 -0.9544
vn 0.1366 0.6416 -0.7548
vn 0.2256 0.6691 -0.7081
vn 0.0875 0.4315 -0.8979
vn -0.0104 0.5575 -0.8301
vn 0.0613 0.9260 -0.3724
vn -0.0058 1.0000 -0.0027
vn 0.0017 1.0000 0.0019
vn -0.0580 0.9824 0.1778
vn 0.0089 0.9434 0.3314
vn -0.0105 0.9252 0.3792
vn -0.0031 0.7457 0.6663
vn -0.0608 0.8209 0.5679
vn -0.0012 0.6195 0.7850
vn -0.2249 0.9154 -0.3340
vn 0.2696 0.8220 -0.5017
vn -0.4751 0.8650 -0.1614
vn -0.2747 0.8015 -0.5312
vn -0.2628 0.7776 -0.5712
vn 0.0542 0.8371 0.5444
vn -0.1482 0.9675 -0.2047
vn 0.0865 0.8866 0.4544
vn -0.0102 0.9123 -0.4093
vn -0.0177 0.9876 -0.1561
vn -0.0098 0.9876 -0.1568
vn -0.0009 0.9869 -0.1613
vn -0.0012 1.0000 -0.0010
vn -0.0215 0.9888 -0.1478
vn 0.0124 0.7751 -0.6317
vn 0.0103 0.2766 -0.9609
vn 0.0322 0.0414 -0.9986
vn 0.0415 0.9854 -0.1649
vn 0.0096 0.9883 -0.1523
vn 0.0215 0.9874 -0.1567
vn -0.0171 0.9998 0.0063
vn -0.0162 0.9998 0.0079
vn -0.0029 1.0000 -0.0005
vn -0.9987 0.0018 -0.0514
vn -0.9985 -0.0070 -0.0544
vn -0.9985 -0.0068 -0.0547
vn -0.9981 -0.0042 -0.0620
vn -0.9978 -0.0070 -0.0656
vn -0.9975 -0.0017 -0.0705
vn -0.9403 -0.0064 -0.3404
vn -0.9135 -0.4042 -0.0461
vn -0.9284 -0.3619 -0.0840
vn -0.6991 -0.7125 -0.0595
vn -0.8117 -0.4627 -0.3564
vn -0.3685 -0.8593 -0.3546
vn -0.3606 -0.4787 -0.8005
vn -0.1188 -0.8553 -0.5044
vn -0.1486 -0.2426 -0.9587
vn 0.0974 -0.8981 -0.4288
vn -0.0823 -0.9851 -0.1508
vn -0.3260 -0.9365 -0.1292
vn 0.0869 -0.9922 -0.0898
vn 0.0559 -0.0697 -0.9960
vn 0.0393 -0.0552 -0.9977
vn 0.0588 -0.0491 -0.9971
vn 0.3505 -0.4829 -0.8025
vn 0.3665 -0.8370 -0.4063
vn 0.2257 -0.6926 -0.6851
vn -0.0775 -0.0084 -0.9970
vn -0.0536 -0.0340 -0.9980
vn -0.0707 -0.0253 -0.9972
vn 0.2787 -0.2057 -0.9381
vn 0.4039 -0.4165 -0.8145
vn 0.7303 -0.6515 -0.2055
vn -0.1206 0.0090 -0.9927
vn -0.1181 0.0016 -0.9930
vn -0.1211 0.0089 -0.9926
vn -0.2308 0.8802 0.4148
vn -0.1564 0.9715 0.1781
vn 0.2561 0.8115 -0.5253
vn -0.2349 0.8780 0.4170
vn 0.1350 0.8451 -0.5172
vn -0.1220 0.9532 0.2766
vn 0.1052 0.8762 -0.4702
vn -0.1784 0.8855 0.4291
vn 0.1346 0.8444 -0.5185
vn -0.1732 0.8394 0.5152
vn -0.1593 0.9004 -0.4047
vn -0.1243 0.9113 -0.3926
vn -0.2200 0.7663 0.6036
vn -0.0781 0.9312 0.3560
vn -0.0021 1.0000 0.0019
vn -0.0019 1.0000 0.0032
vn -0.0005 1.0000 0.0023
vn 0.0029 1.0000 0.0011
vn 0.0050 1.0000 0.0038
vn 0.3239 0.5859 -0.7428
vn 0.1699 0.8649 -0.4723
vn 0.2310 0.8909 -0.3911
vn 0.3513 0.1523 -0.9238
vn 0.3050 0.3212 -0.8966
vn 0.2121 0.6231 -0.7528
vn 0.4114 -0.1050 -0.9054
vn 0.4573 -0.1567 -0.8754
vn 0.4602 -0.1542 -0.8743
vn 0.4587 -0.1550 -0.8750
vn 0.2252 -0.0399 -0.9735
vn 0.2849 -0.1570 -0.9456
vn 0.2950 -0.1606 -0.9419
vn 0.2952 -0.1598 -0.9420
vn 0.1021 -0.1635 -0.9813
vn 0.1012 -0.1643 -0.9812
vn 0.0950 -0.1655 -0.9816
vn 0.2236 0.1349 -0.9653
vn 0.1322 0.4593 -0.8784
vn 0.0975 0.8032 -0.5877
vn -0.0383 0.3686 -0.9288
vn -0.0065 0.6659 -0.7460
vn -0.0178 0.2075 -0.9781
vn -0.0323 0.8723 -0.4878
vn 0.0132 0.9513 -0.3080
vn 0.0312 0.9686 -0.2466
vn 0.0804 0.9738 -0.2129
vn 0.1532 0.9110 -0.3830
vn 0.1115 0.9749 -0.1929
vn 0.1235 0.9691 -0.2137
vn 0.0987 0.9820 -0.1612
vn 0.0632 0.9971 -0.0429
vn -0.0117 0.9999 0.0073
vn 0.0004 1.0000 0.0006
vn -0.0008 1.0000 -0.0065
vn 0.0052 0.9999 0.0107
vn -0.0774 0.9193 -0.3860
vn -0.1633 0.6990 -0.6962
vn -0.1799 0.4309 -0.8843
vn 0.0957 -0.1605 -0.9824
vn 0.0966 -0.1669 -0.9812
vn 0.0960 -0.1632 -0.9819
vn -0.1048 -0.1606 -0.9814
vn -0.1124 -0.1670 -0.9795
vn -0.1154 -0.1635 -0.9798
vn -0.1019 -0.1575 -0.9822
vn -0.1020 -0.1596 -0.9819
vn -0.1022 -0.1588 -0.9820
vn 0.0020 -0.0507 -0.9987
vn 0.2100 -0.0745 -0.9749
vn -0.4809 0.0100 -0.8767
vn -0.4814 0.0098 -0.8765
vn -0.4815 0.0176 -0.8763
vn -0.0903 -0.1669 -0.9818
vn -0.0901 -0.1669 -0.9818
vn -0.0909 -0.1667 -0.9818
vn 0.0912 -0.1632 -0.9824
vn 0.0874 -0.1705 -0.9815
vn 0.0963 -0.1688 -0.9809
vn -0.0639 0.5374 -0.8409
vn 0.0120 0.5203 -0.8539
vn 0.3065 0.8616 -0.4046
vn 0.2058 0.3404 -0.9175
vn 0.8477 0.4812 -0.2232
vn 0.4466 0.7678 -0.4594
vn 0.7152 0.5499 -0.4314
vn 0.3663 0.7225 -0.5863
vn 0.3207 0.6907 -0.6481
vn 0.7956 0.4105 -0.4455
vn 0.6545 0.3748 -0.6566
vn 0.9978 0.0269 -0.0610
vn 0.9978 0.0272 -0.0607
vn 0.9978 0.0279 -0.0605
vn 0.0022 -1.0000 0.0004
vn 0.0075 -1.0000 0.0045
vn 0.2425 -0.6398 -0.7293
vn 0.1878 -0.7405 -0.6453
vn 0.3904 -0.2171 -0.8947
vn 0.1822 -0.9383 -0.2941
vn 0.2717 -0.7761 -0.5691
vn -0.0033 -1.0000 0.0006
vn -0.0090 -0.9999 0.0102
vn 0.2550 -0.6510 -0.7150
vn 0.1565 -0.8675 -0.4721
vn -0.2566 0.3741 -0.8912
vn 0.0061 1.0000 -0.0064
vn 0.0004 1.0000 -0.0013
vn 0.9991 0.0121 -0.0397
vn 0.9991 0.0114 -0.0408
vn 0.9991 0.0117 -0.0401
vn 0.9988 0.0067 -0.0490
vn 0.9988 0.0057 -0.0491
vn 0.9990 0.0095 -0.0426
vn 0.9986 -0.0017 -0.0530
vn 0.9986 0.0005 -0.0527
vn 0.9986 -0.0008 -0.0531
vt 0.226392 0.387882
vt 0.196713 0.700477
vt 0.367310 0.172814
vt 0.173475 0.458246
vt 0.171963 0.076764
vt 0.258860 0.407713
vt 0.097822 0.731503
vt 0.552557 0.780642
vt 0.177184 0.363118
vt 0.590188 0.243632
vt 0.152759 0.947479
vt 0.194460 0.688897
vt 0.179776 0.656482
vt 0.171041 0.115135
vt 0.255066 0.393463
vt 0.163979 0.943021
vt 0.198458 0.377901
vt 0.163440 0.549283
vt 0.781054 0.021407
vt 0.763821 0.876188
vt 0.175429 0.734629
vt 0.476224 0.777178
vt 0.699927 0.731417
vt 0.178734 0.655442
vt 0.170586 0.028807
vt 0.744030 0.656801
vt 0.176851 0.646817
vt 0.395230 0.180907
vt 0.442854 0.217117
vt 0.584989 0.243880
vt 0.162933 0.947237
vt 0.594367 0.242540
vt 0.178277 0.459524
vt 0.418175 0.193483
vt 0.599498 0.240942
vt 0.817899 0.259767
vt 0.794442 0.259446
vt 0.740767 0.809917
vt 0.175492 0.458405
vt 0.701575 0.212138
vt 0.742037 0.733698
vt 0.743062 0.258598
vt 0.176141 0.642453
vt 0.195557 0.720947
vt 0.456230 0.767184
vt 0.652966 0.219038
vt 0.196092 0.696024
vt 0.198496 0.721859
vt 0.455707 0.761499
vt 0.637008 0.747629
vt 0.198975 0.718994
vt 0.450778 0.763332
vt 0.939098 0.851161
vt 0.740565 0.209429
vt 0.261652 0.910910
vt 0.915787 0.462672
vt 0.634488 0.747997
vt 0.014470 0.420478
vt 0.558537 0.236040
vt 0.154127 0.881841
vt 0.022693 0.423023
vt 0.187100 0.889364
vt 0.633543 0.224869
vt 0.197966 0.705583
vt 0.010458 0.419830
vt 0.182094 0.885938
vt 0.025813 0.423833
vt 0.929249 0.846325
vt 0.749326 0.135920
vt 0.194075 0.685758
vt 0.632277 0.747876
vt 0.936636 0.849787
vt 0.164072 0.940189
vt 0.152273 0.339693
vt 0.460255 0.769790
vt 0.443065 0.219437
vt 0.019204 0.421880
vt 0.186640 0.729621
vt 0.466527 0.770491
vt 0.645092 0.221328
vt 0.936735 0.842724
vt 0.750297 0.190808
vt 0.176345 0.882915
vt 0.016664 0.420980
vt 0.165247 0.937514
vt 0.165709 0.934691
vt 0.831555 0.257376
vt 0.738263 0.820254
vt 0.190544 0.684385
vt 0.468754 0.776656
vt 0.273883 0.930527
vt 0.640137 0.222502
vt 0.423712 0.929394
vt 0.940433 0.602582
vt 0.176050 0.881211
vt 0.603001 0.239354
vt 0.629440 0.749208
vt 0.180985 0.733802
vt 0.470493 0.773756
vt 0.942097 0.484286
vt 0.316156 0.936231
vt 0.625999 0.749792
vt 0.779243 0.031576
vt 0.740553 0.814196
vt 0.723375 0.724868
vt 0.631855 0.226263
vt 0.166037 0.931567
vt 0.177116 0.879714
vt 0.726623 0.723882
vt 0.278537 0.933784
vt 0.472531 0.779732
vt 0.276835 0.936719
vt 0.940661 0.478629
vt 0.165903 0.924655
vt 0.836723 0.254122
vt 0.736309 0.825254
vt 0.274300 0.934183
vt 0.270953 0.922711
vt 0.938892 0.475924
vt 0.757988 0.031983
vt 0.439428 0.932875
vt 0.938983 0.640005
vt 0.071172 0.438647
vt 0.070091 0.435216
vt 0.271565 0.909094
vt 0.473347 0.276410
vt 0.120138 0.276671
vt 0.149276 0.338934
vt 0.075055 0.440064
vt 0.073435 0.440892
vt 0.604578 0.235504
vt 0.038711 0.401202
vt 0.613261 0.524436
vt 0.850830 0.243652
vt 0.729691 0.837383
vt 0.933251 0.643862
vt 0.852156 0.245310
vt 0.442284 0.928736
vt 0.938679 0.643857
vt 0.844127 0.250099
vt 0.728958 0.830953
vt 0.076246 0.440136
vt 0.734661 0.829052
vt 0.753706 0.033430
vt 0.772705 0.853027
vt 0.440119 0.930313
vt 0.938925 0.641846
vt 0.751973 0.035176
vt 0.774193 0.851534
vt 0.751646 0.038754
vt 0.787318 0.850196
vt 0.141781 0.345795
vt 0.384582 0.196994
vt 0.070662 0.265032
vt 0.649964 0.198063
vt 0.336862 0.167963
vt 0.100930 0.265922
vt 0.827037 0.263827
vt 0.738295 0.814552
vt 0.024711 0.265404
vt 0.036716 0.728949
vt 0.614549 0.782723
vt 0.719733 0.704781
vt 0.442627 0.895264
vt 0.818260 0.273646
vt 0.893736 0.850570
vt 0.076875 0.420747
vt 0.273709 0.918148
vt 0.277876 0.932440
vt 0.275541 0.932720
vt 0.631872 0.220955
vt 0.629699 0.219094
vt 0.776860 0.028743
vt 0.769595 0.876071
vt 0.847988 0.247888
vt 0.726609 0.834671
vt 0.312664 0.932350
vt 0.840179 0.253253
vt 0.729970 0.829171
vt 0.191980 0.651546
vt 0.615162 0.402815
vt 0.175738 0.439426
vt 0.435653 0.226911
vt 0.276548 0.931576
vt 0.183406 0.881021
vt 0.724705 0.715275
vt 0.199195 0.642599
vt 0.754980 0.031142
vt 0.772527 0.854873
vt 0.433748 0.224314
vt 0.831529 0.260039
vt 0.070693 0.284175
vt 0.750863 0.037609
vt 0.775741 0.851404
vt 0.599718 0.225243
vt 0.357746 0.190935
vt 0.472524 0.645406
vt 0.194735 0.631382
vt 0.280607 0.932466
vt 0.408278 0.207221
vt 0.183560 0.390380
vt 0.464707 0.773218
vt 0.632684 0.727483
vt 0.836656 0.255709
vt 0.739937 0.758079
vt 0.749218 0.271064
vt 0.190670 0.076845
vt 0.019109 0.390857
vt 0.621463 0.544695
vt 0.268506 0.904078
vt 0.741455 0.203613
vt 0.689885 0.193942
vt 0.275922 0.924284
vt 0.936573 0.850809
vt 0.774217 0.852994
vt 0.181912 0.441230
vt 0.614420 0.381095
vt 0.440576 0.928943
vt 0.193816 0.885859
vt 0.378710 0.929143
vt 0.323436 0.931268
vt 0.032962 0.397260
vt 0.615226 0.531003
vt 0.474877 0.782983
vt 0.776933 0.852528
vt 0.194702 0.936308
vt 0.593762 0.213736
vt 0.453767 0.766536
vt 0.642959 0.199386
vt 0.329254 0.187623
vt 0.103666 0.283136
vt 0.273791 0.907538
vt 0.278318 0.931195
vt 0.449324 0.763925
vt 0.937753 0.853026
vt 0.161909 0.373057
vt 0.936316 0.852051
vt 0.741699 0.669577
vt 0.188852 0.027264
vt 0.684681 0.268635
vt 0.461976 0.771926
vt 0.274889 0.906743
vt 0.259907 0.897353
vt 0.738151 0.193886
vt 0.442999 0.919762
vt 0.844110 0.251174
vt 0.851735 0.246521
vt 0.442548 0.926941
vt 0.853253 0.245923
vt 0.440735 0.927170
vt 0.280330 0.931165
vt 0.775994 0.853659
vt 0.776367 0.026855
vt 0.771709 0.877198
vt 0.471598 0.780389
vt 0.772981 0.873691
vt 0.278205 0.918863
vt 0.183800 0.440962
vt 0.617154 0.379510
vt 0.347164 0.928297
vt 0.463080 0.773202
vt 0.627010 0.728038
vt 0.276516 0.911194
vt 0.080515 0.423149
vt 0.834984 0.257962
vt 0.905422 0.877928
vt 0.797379 0.878040
vt 0.461384 0.772434
vt 0.939190 0.858488
vt 0.623084 0.728652
vt 0.618843 0.721751
vt 0.220776 0.681162
vt 0.440471 0.692851
vt 0.467872 0.777233
vt 0.192590 0.946548
vt 0.200072 0.929426
vt 0.830601 0.261808
vt 0.186617 0.548186
vt 0.755838 0.889257
vt 0.775201 0.872926
vt 0.473491 0.783714
vt 0.938352 0.880135
vt 0.773578 0.877522
vt 0.441898 0.914284
vt 0.835582 0.260348
vt 0.207229 0.679128
vt 0.448822 0.680576
vt 0.441076 0.902474
vt 0.828245 0.264878
vt 0.277946 0.906120
vt 0.333192 0.906023
vt 0.455312 0.783972
vt 0.906970 0.878392
vt 0.190270 0.882548
vt 0.723032 0.707669
vt 0.193565 0.653249
vt 0.634972 0.201386
vt 0.295296 0.894757
vt 0.178895 0.440607
vt 0.618408 0.383057
vt 0.631419 0.727331
vt 0.028750 0.394945
vt 0.617372 0.535908
vt 0.187076 0.440442
vt 0.618965 0.377238
vt 0.614208 0.336536
vt 0.223602 0.688702
vt 0.434606 0.697548
vt 0.075763 0.415120
vt 0.599500 0.489793
vt 0.138590 0.344442
vt 0.223774 0.691987
vt 0.016370 0.385655
vt 0.429687 0.700277
vt 0.621710 0.546933
vt 0.629244 0.203327
vt 0.810085 0.887751
vt 0.774781 0.884432
vt 0.384522 0.892316
vt 0.845832 0.275766
vt 0.630436 0.728431
vt 0.086950 0.421791
vt 0.599050 0.473526
vt 0.479174 0.792538
vt 0.920936 0.886807
vt 0.467923 0.343387
vt 0.130370 0.346432
vt 0.211627 0.403299
vt 0.193605 0.939799
vt 0.196443 0.882511
vt 0.722126 0.702274
vt 0.192860 0.943911
vt 0.445463 0.305004
vt 0.203890 0.651160
vt 0.463184 0.665540
vt 0.461670 0.663086
vt 0.628247 0.202581
vt 0.545057 0.796735
vt 0.626997 0.202802
vt 0.210060 0.655191
vt 0.463894 0.674166
vt 0.200823 0.883299
vt 0.201641 0.650834
vt 0.598146 0.210876
vt 0.131654 0.348331
vt 0.079177 0.416575
vt 0.597551 0.487061
vt 0.186232 0.941372
vt 0.427339 0.235257
vt 0.024773 0.284115
vt 0.629377 0.800251
vt 0.081822 0.417424
vt 0.598959 0.484381
vt 0.638503 0.200500
vt 0.454388 0.348056
vt 0.118989 0.321795
vt 0.199666 0.114418
vt 0.190727 0.114020
vt 0.244041 0.412031
vt 0.203229 0.884989
vt 0.429340 0.236777
vt 0.199140 0.889378
vt 0.595693 0.372058
vt 0.219254 0.679112
vt 0.087402 0.416504
vt 0.596355 0.483099
vt 0.024566 0.392912
vt 0.134712 0.426204
vt 0.586176 0.474738
vt 0.210688 0.078405
vt 0.713043 0.686536
vt 0.195751 0.605261
vt 0.488245 0.647599
vt 0.648346 0.176854
vt 0.200956 0.882530
vt 0.720646 0.697441
vt 0.626242 0.717355
vt 0.197639 0.637664
vt 0.474243 0.649223
vt 0.583617 0.215071
vt 0.587097 0.214760
vt 0.622311 0.720827
vt 0.207509 0.026807
vt 0.668620 0.282569
vt 0.205754 0.649102
vt 0.463233 0.662565
vt 0.440630 0.876078
vt 0.818760 0.288130
vt 0.213709 0.885743
vt 0.744375 0.284875
vt 0.179033 0.435305
vt 0.614692 0.386558
vt 0.594834 0.483203
vt 0.594035 0.484334
vt 0.164604 0.399312
vt 0.606410 0.380404
vt 0.436775 0.332409
vt 0.068584 0.302784
vt 0.433441 0.068497
vt 0.798225 0.901920
vt 0.593256 0.485858
vt 0.629245 0.197067
vt 0.606432 0.384023
vt 0.208709 0.881698
vt 0.718897 0.690074
vt 0.634787 0.178791
vt 0.449548 0.383484
vt 0.142641 0.377567
vt 0.376579 0.214762
vt 0.222970 0.675115
vt 0.441002 0.689425
vt 0.219612 0.676695
vt 0.404083 0.420197
vt 0.193052 0.415761
vt 0.592529 0.483045
vt 0.624921 0.180388
vt 0.204006 0.641424
vt 0.206045 0.644677
vt 0.472239 0.657765
vt 0.591500 0.481802
vt 0.461181 0.355111
vt 0.122758 0.351721
vt 0.591797 0.483398
vt 0.625076 0.710430
vt 0.050700 0.399030
vt 0.057129 0.402100
vt 0.598683 0.525597
vt 0.420509 0.259234
vt 0.474609 0.668489
vt 0.212999 0.881690
vt 0.716973 0.686136
vt 0.589843 0.482172
vt 0.576547 0.215393
vt 0.203613 0.950439
vt 0.188899 0.950660
vt 0.207764 0.648193
vt 0.466845 0.663924
vt 0.590332 0.484131
vt 0.605542 0.388715
vt 0.023984 0.383705
vt 0.615647 0.540039
vt 0.198187 0.941854
vt 0.203911 0.938736
vt 0.595934 0.213569
vt 0.400138 0.221878
vt 0.588267 0.482934
vt 0.587133 0.486018
vt 0.217131 0.887987
vt 0.581187 0.199731
vt 0.424839 0.245558
vt 0.606814 0.693315
vt 0.639617 0.177978
vt 0.306331 0.880240
vt 0.223558 0.677038
vt 0.439915 0.690606
vt 0.586180 0.482829
vt 0.224696 0.673749
vt 0.444407 0.689559
vt 0.588316 0.489107
vt 0.463149 0.350328
vt 0.121764 0.346829
vt 0.228003 0.681235
vt 0.439210 0.694947
vt 0.585133 0.481373
vt 0.323307 0.207551
vt 0.096734 0.304150
vt 0.433935 0.093956
vt 0.581322 0.185025
vt 0.484780 0.656292
vt 0.209950 0.112223
vt 0.228713 0.428081
vt 0.448819 0.690911
vt 0.584089 0.482385
vt 0.584473 0.483887
vt 0.193154 0.584632
vt 0.756639 0.903359
vt 0.512019 0.549661
vt 0.218595 0.880918
vt 0.715723 0.680579
vt 0.582016 0.482853
vt 0.620210 0.709791
vt 0.626516 0.707729
vt 0.259486 0.881596
vt 0.736097 0.171702
vt 0.028076 0.385742
vt 0.615421 0.537984
vt 0.350335 0.210253
vt 0.616519 0.708808
vt 0.481930 0.659996
vt 0.696133 0.173870
vt 0.599734 0.530777
vt 0.278319 0.684556
vt 0.239624 0.921640
vt 0.626070 0.183268
vt 0.473470 0.666553
vt 0.581432 0.485792
vt 0.581543 0.481445
vt 0.547274 0.812381
vt 0.622658 0.707834
vt 0.422070 0.247503
vt 0.442376 0.706061
vt 0.579645 0.478562
vt 0.395976 0.235713
vt 0.445398 0.692142
vt 0.023610 0.302542
vt 0.637626 0.814438
vt 0.431565 0.021090
vt 0.596155 0.199001
vt 0.224509 0.879303
vt 0.714423 0.674898
vt 0.579834 0.481931
vt 0.432132 0.704921
vt 0.616084 0.545544
vt 0.580322 0.483643
vt 0.227295 0.947266
vt 0.206636 0.950195
vt 0.572164 0.185890
vt 0.601052 0.536760
vt 0.225525 0.882252
vt 0.324563 0.694774
vt 0.699087 0.672772
vt 0.577969 0.481995
vt 0.586051 0.387488
vt 0.572389 0.488504
vt 0.577148 0.481201
vt 0.483682 0.810076
vt 0.935527 0.903023
vt 0.577637 0.482910
vt 0.221025 0.937279
vt 0.589588 0.185517
vt 0.816780 0.918449
vt 0.647117 0.155713
vt 0.744312 0.303770
vt 0.445434 0.380809
vt 0.127839 0.366246
vt 0.571935 0.474297
vt 0.260327 0.865636
vt 0.735753 0.153223
vt 0.222258 0.943965
vt 0.477399 0.667830
vt 0.625465 0.177086
vt 0.575284 0.481522
vt 0.575928 0.483398
vt 0.586799 0.382417
vt 0.509670 0.655102
vt 0.602016 0.538296
vt 0.587439 0.379033
vt 0.226443 0.026614
vt 0.663295 0.311614
vt 0.573340 0.481533
vt 0.593944 0.193798
vt 0.484353 0.827464
vt 0.932284 0.921422
vt 0.611722 0.693171
vt 0.227643 0.074320
vt 0.358224 0.427466
vt 0.220275 0.433894
vt 0.228776 0.112848
vt 0.595600 0.192104
vt 0.571778 0.485794
vt 0.572754 0.482422
vt 0.599306 0.534052
vt 0.227064 0.878646
vt 0.714035 0.673253
vt 0.571746 0.480400
vt 0.833594 0.306310
vt 0.421549 0.860163
vt 0.554138 0.828105
vt 0.413104 0.006717
vt 0.626064 0.173896
vt 0.481919 0.668691
vt 0.569999 0.481100
vt 0.222734 0.939275
vt 0.417660 0.260340
vt 0.636927 0.838385
vt 0.412805 0.020886
vt 0.222060 0.941667
vt 0.450173 0.697286
vt 0.445516 0.702494
vt 0.420131 0.297266
vt 0.451753 0.349937
vt 0.313601 0.694798
vt 0.230067 0.877854
vt 0.713076 0.671250
vt 0.569026 0.481060
vt 0.756765 0.919358
vt 0.533087 0.559182
vt 0.232680 0.884572
vt 0.230504 0.881010
vt 0.623037 0.157361
vt 0.569300 0.484238
vt 0.586882 0.384980
vt 0.407388 0.697169
vt 0.620541 0.689563
vt 0.431613 0.374660
vt 0.633677 0.155843
vt 0.566160 0.480938
vt 0.418858 0.287290
vt 0.435100 0.394358
vt 0.149902 0.401367
vt 0.145248 0.393753
vt 0.591452 0.375663
vt 0.501061 0.666906
vt 0.609823 0.693754
vt 0.423932 0.402035
vt 0.152384 0.402421
vt 0.563603 0.480401
vt 0.602730 0.541300
vt 0.312943 0.696854
vt 0.233209 0.876795
vt 0.370273 0.232749
vt 0.454180 0.693344
vt 0.410680 0.696632
vt 0.618609 0.690674
vt 0.316476 0.863543
vt 0.504330 0.662931
vt 0.638895 0.155578
vt 0.559923 0.478263
vt 0.319102 0.227653
vt 0.426789 0.100766
vt 0.578083 0.185781
vt 0.446507 0.342281
vt 0.233639 0.881373
vt 0.562310 0.480695
vt 0.308340 0.699553
vt 0.238192 0.878124
vt 0.494593 0.674148
vt 0.875996 0.388331
vt 0.561945 0.482632
vt 0.412210 0.697029
vt 0.616183 0.692792
vt 0.416646 0.271466
vt 0.592055 0.185536
vt 0.311298 0.700645
vt 0.238708 0.874551
vt 0.493082 0.672120
vt 0.418083 0.274145
vt 0.559586 0.480217
vt 0.440515 0.709030
vt 0.603777 0.546768
vt 0.443684 0.343425
vt 0.221528 0.933482
vt 0.460738 0.694910
vt 0.452956 0.695383
vt 0.301094 0.695924
vt 0.239626 0.881623
vt 0.594223 0.183758
vt 0.523970 0.603536
vt 0.561188 0.485521
vt 0.559986 0.483214
vt 0.557235 0.479473
vt 0.556386 0.487107
vt 0.310791 0.700195
vt 0.239014 0.875000
vt 0.571309 0.372506
vt 0.265146 0.674536
vt 0.247940 0.924984
vt 0.345761 0.229619
vt 0.555905 0.479948
vt 0.443819 0.709761
vt 0.599098 0.546541
vt 0.311646 0.701846
vt 0.240234 0.874023
vt 0.407504 0.392564
vt 0.554382 0.478980
vt 0.557129 0.482666
vt 0.551274 0.478560
vt 0.624726 0.156092
vt 0.309324 0.702081
vt 0.231983 0.934274
vt 0.454286 0.704214
vt 0.309953 0.710289
vt 0.754777 0.320779
vt 0.567168 0.155946
vt 0.251511 0.938291
vt 0.393960 0.417232
vt 0.552979 0.479248
vt 0.366716 0.251443
vt 0.555352 0.483409
vt 0.232388 0.937416
vt 0.556885 0.485107
vt 0.582187 0.383308
vt 0.310095 0.706432
vt 0.591591 0.534648
vt 0.552490 0.480469
vt 0.580920 0.385237
vt 0.586664 0.531068
vt 0.417556 0.715097
vt 0.595599 0.682204
vt 0.697057 0.137366
vt 0.306776 0.703844
vt 0.245558 0.027115
vt 0.663871 0.327302
vt 0.546704 0.477509
vt 0.455053 0.841762
vt 0.816322 0.935064
vt 0.396828 0.067303
vt 0.548349 0.482326
vt 0.303312 0.229499
vt 0.414965 0.067706
vt 0.378602 0.404169
vt 0.646921 0.135216
vt 0.462063 0.704216
vt 0.907293 0.408784
vt 0.316134 0.247777
vt 0.397378 0.099518
vt 0.390869 0.101440
vt 0.497718 0.673435
vt 0.465558 0.700546
vt 0.901703 0.407689
vt 0.638571 0.134301
vt 0.425736 0.314921
vt 0.575434 0.540712
vt 0.388398 0.271334
vt 0.523789 0.361336
vt 0.590265 0.156659
vt 0.548272 0.526224
vt 0.416100 0.286917
vt 0.348873 0.713183
vt 0.414782 0.713530
vt 0.601263 0.684154
vt 0.430499 0.324246
vt 0.304466 0.711820
vt 0.406380 0.714527
vt 0.526393 0.659223
vt 0.861629 0.362937
vt 0.625514 0.148923
vt 0.307719 0.712553
vt 0.515899 0.668816
vt 0.873429 0.366329
vt 0.569096 0.377061
vt 0.817657 0.323864
vt 0.437092 0.849480
vt 0.434268 0.334402
vt 0.342538 0.249071
vt 0.389910 0.255384
vt 0.576096 0.543338
vt 0.925049 0.408691
vt 0.248845 0.928825
vt 0.623257 0.151283
vt 0.246435 0.075212
vt 0.308849 0.715087
vt 0.555835 0.844438
vt 0.302787 0.707555
vt 0.309849 0.716557
vt 0.408355 0.714847
vt 0.570297 0.156539
vt 0.636415 0.847120
vt 0.394385 0.021143
vt 0.568198 0.380571
vt 0.410174 0.714691
vt 0.321653 0.729804
vt 0.520358 0.665296
vt 0.869050 0.364970
vt 0.511028 0.673513
vt 0.879535 0.367344
vt 0.412101 0.714451
vt 0.259235 0.849784
vt 0.735081 0.133421
vt 0.537244 0.474374
vt 0.538720 0.476934
vt 0.544312 0.612913
vt 0.539056 0.480160
vt 0.427999 0.324325
vt 0.305788 0.716094
vt 0.539612 0.484043
vt 0.309173 0.719287
vt 0.308594 0.717773
vt 0.567685 0.384350
vt 0.554131 0.565231
vt 0.754390 0.933225
vt 0.418547 0.364944
vt 0.575612 0.156658
vt 0.574009 0.534199
vt 0.456301 0.708589
vt 0.916182 0.408816
vt 0.633111 0.133488
vt 0.418431 0.298425
vt 0.309248 0.724394
vt 0.533267 0.475547
vt 0.310377 0.845486
vt 0.534765 0.477434
vt 0.452725 0.711562
vt 0.576955 0.545902
vt 0.922017 0.410650
vt 0.302272 0.716774
vt 0.308838 0.722412
vt 0.388213 0.287689
vt 0.592352 0.156793
vt 0.536461 0.480375
vt 0.587294 0.156527
vt 0.422210 0.312283
vt 0.574774 0.538013
vt 0.256173 0.677342
vt 0.249792 0.932646
vt 0.567390 0.382443
vt 0.531994 0.474050
vt 0.416885 0.731539
vt 0.581146 0.674163
vt 0.308267 0.725542
vt 0.305046 0.723152
vt 0.529215 0.461232
vt 0.305672 0.724785
vt 0.254654 0.675908
vt 0.250437 0.935419
vt 0.551773 0.373881
vt 0.509826 0.674375
vt 0.880548 0.369870
vt 0.262248 0.110018
vt 0.234850 0.111531
vt 0.345668 0.410366
vt 0.252850 0.109465
vt 0.529461 0.474252
vt 0.414072 0.733419
vt 0.467534 0.698920
vt 0.899015 0.406096
vt 0.308085 0.729714
vt 0.469007 0.697839
vt 0.897107 0.403747
vt 0.529297 0.475342
vt 0.527357 0.474089
vt 0.409179 0.732883
vt 0.530518 0.476318
vt 0.533686 0.481161
vt 0.308884 0.731521
vt 0.501923 0.353384
vt 0.307540 0.732359
vt 0.525319 0.472631
vt 0.524480 0.473552
vt 0.572275 0.582760
vt 0.756228 0.952002
vt 0.407563 0.353095
vt 0.307082 0.736990
vt 0.549748 0.380726
vt 0.304131 0.729014
vt 0.523554 0.477478
vt 0.365087 0.270229
vt 0.465689 0.859180
vt 0.938930 0.955624
vt 0.526611 0.475098
vt 0.624704 0.132822
vt 0.625840 0.133123
vt 0.551500 0.376442
vt 0.258599 0.833539
vt 0.736683 0.114736
vt 0.519885 0.472480
vt 0.404768 0.733389
vt 0.623948 0.131224
vt 0.522531 0.474998
vt 0.394382 0.378866
vt 0.559535 0.653928
vt 0.865660 0.344783
vt 0.307129 0.739502
vt 0.647979 0.113464
vt 0.523798 0.480090
vt 0.418407 0.749127
vt 0.565561 0.670987
vt 0.365696 0.387528
vt 0.482161 0.344274
vt 0.415420 0.765924
vt 0.541505 0.695051
vt 0.579897 0.156222
vt 0.459642 0.706226
vt 0.911274 0.409097
vt 0.340919 0.269481
vt 0.639813 0.111736
vt 0.555442 0.860684
vt 0.308461 0.741077
vt 0.411368 0.733602
vt 0.512947 0.470705
vt 0.390377 0.305619
vt 0.307002 0.741879
vt 0.300365 0.730668
vt 0.741659 0.334812
vt 0.440095 0.827910
vt 0.517937 0.474888
vt 0.306152 0.740234
vt 0.514121 0.469999
vt 0.307617 0.744141
vt 0.815960 0.950636
vt 0.543792 0.367039
vt 0.256858 0.695621
vt 0.252667 0.926016
vt 0.306755 0.746998
vt 0.254272 0.694903
vt 0.253639 0.928087
vt 0.306641 0.745117
vt 0.509533 0.468756
vt 0.304217 0.742198
vt 0.315355 0.832649
vt 0.511475 0.469971
vt 0.695094 0.116220
vt 0.311274 0.749133
vt 0.399485 0.338208
vt 0.307805 0.750146
vt 0.559777 0.544230
vt 0.927266 0.398885
vt 0.550317 0.378173
vt 0.573283 0.531339
vt 0.882677 0.354268
vt 0.259819 0.713728
vt 0.315956 0.268471
vt 0.376318 0.100768
vt 0.388582 0.102295
vt 0.883717 0.357553
vt 0.307269 0.751923
vt 0.661564 0.335172
vt 0.263882 0.027063
vt 0.506546 0.469430
vt 0.513179 0.475150
vt 0.306777 0.750890
vt 0.508545 0.469727
vt 0.508266 0.472428
vt 0.545873 0.370486
vt 0.309603 0.755904
vt 0.504421 0.468475
vt 0.306878 0.756372
vt 0.546252 0.534651
vt 0.546344 0.531704
vt 0.502545 0.466745
vt 0.909745 0.381603
vt 0.877743 0.346111
vt 0.377724 0.068664
vt 0.502178 0.468074
vt 0.499360 0.467338
vt 0.451416 0.450684
vt 0.307441 0.763446
vt 0.503906 0.469482
vt 0.335579 0.390938
vt 0.266207 0.102293
vt 0.633585 0.861798
vt 0.375940 0.022293
vt 0.498126 0.466513
vt 0.303037 0.749610
vt 0.303915 0.754233
vt 0.414125 0.751881
vt 0.251528 0.675812
vt 0.566703 0.147382
vt 0.258275 0.934997
vt 0.497225 0.465211
vt 0.259734 0.697923
vt 0.451686 0.448822
vt 0.309233 0.764571
vt 0.407175 0.733740
vt 0.587752 0.144430
vt 0.492649 0.465412
vt 0.627242 0.111088
vt 0.615258 0.093292
vt 0.496018 0.466479
vt 0.450195 0.451416
vt 0.449707 0.451904
vt 0.306371 0.763830
vt 0.458683 0.446080
vt 0.346040 0.765346
vt 0.323486 0.764893
vt 0.310314 0.816094
vt 0.501490 0.470643
vt 0.453799 0.451457
vt 0.307129 0.766113
vt 0.507265 0.475182
vt 0.907802 0.381014
vt 0.488688 0.464806
vt 0.497070 0.468018
vt 0.303954 0.760371
vt 0.489650 0.466012
vt 0.491644 0.461100
vt 0.265557 0.074178
vt 0.815182 0.967329
vt 0.455835 0.452061
vt 0.483778 0.875940
vt 0.930278 0.966802
vt 0.453602 0.452672
vt 0.884641 0.348445
vt 0.625189 0.110809
vt 0.873085 0.345860
vt 0.921172 0.383340
vt 0.484277 0.462436
vt 0.409013 0.752171
vt 0.534305 0.368408
vt 0.458304 0.452842
vt 0.570507 0.137474
vt 0.474877 0.457401
vt 0.258131 0.817314
vt 0.732994 0.096471
vt 0.474119 0.460925
vt 0.461290 0.454686
vt 0.487555 0.466317
vt 0.484705 0.463699
vt 0.456193 0.452829
vt 0.474121 0.460449
vt 0.472900 0.460205
vt 0.472900 0.460205
vt 0.472900 0.460205
vt 0.472900 0.460205
vt 0.469636 0.459171
vt 0.495371 0.469729
vt 0.830978 0.355711
vt 0.436588 0.810806
vt 0.300456 0.759480
vt 0.451879 0.454770
vt 0.303711 0.766113
vt 0.470316 0.461833
vt 0.545415 0.536514
vt 0.448639 0.454478
vt 0.302473 0.764544
vt 0.473094 0.453205
vt 0.555171 0.540002
vt 0.933014 0.386651
vt 0.518722 0.520731
vt 0.550513 0.877609
vt 0.455833 0.455738
vt 0.484239 0.466450
vt 0.392565 0.321296
vt 0.364951 0.289134
vt 0.299961 0.288864
vt 0.359342 0.072285
vt 0.742208 0.351749
vt 0.469232 0.463011
vt 0.489415 0.469572
vt 0.251619 0.694116
vt 0.531261 0.373463
vt 0.533068 0.370886
vt 0.411473 0.751751
vt 0.875614 0.326100
vt 0.357734 0.023546
vt 0.635586 0.884900
vt 0.699163 0.095111
vt 0.867406 0.325492
vt 0.583356 0.662006
vt 0.383213 0.362798
vt 0.580409 0.127103
vt 0.454756 0.458015
vt 0.466782 0.391663
vt 0.476072 0.356457
vt 0.404817 0.752030
vt 0.593013 0.132079
vt 0.248701 0.693389
vt 0.312775 0.378206
vt 0.310738 0.373004
vt 0.283937 0.073556
vt 0.532688 0.376735
vt 0.470746 0.465724
vt 0.494927 0.471994
vt 0.370458 0.327196
vt 0.481946 0.348229
vt 0.413998 0.767586
vt 0.513010 0.369933
vt 0.757109 0.967652
vt 0.594931 0.584685
vt 0.367075 0.308119
vt 0.670081 0.352527
vt 0.282496 0.026266
vt 0.634863 0.111262
vt 0.340792 0.289382
vt 0.449351 0.457465
vt 0.299088 0.766325
vt 0.656494 0.661621
vt 0.860874 0.262039
vt 0.649741 0.094012
vt 0.886800 0.343916
vt 0.626348 0.109207
vt 0.546228 0.529561
vt 0.576457 0.127105
vt 0.518531 0.366346
vt 0.479789 0.356246
vt 0.315460 0.289071
vt 0.477019 0.354110
vt 0.407078 0.754919
vt 0.641445 0.090540
vt 0.925313 0.383851
vt 0.356669 0.368993
vt 0.524886 0.370444
vt 0.659634 0.594906
vt 0.257954 0.801021
vt 0.736679 0.082085
vt 0.515149 0.361917
vt 0.885708 0.340617
vt 0.524466 0.372766
vt 0.755711 0.986732
vt 0.617074 0.584563
vt 0.625839 0.101368
vt 0.798767 0.983037
vt 0.328777 0.371454
vt 0.912267 0.382276
vt 0.812690 0.373073
vt 0.433315 0.788887
vt 0.591456 0.128784
vt 0.245117 0.693109
vt 0.568565 0.126619
vt 0.652500 0.634250
vt 0.724006 0.081895
vt 0.710663 0.081791
vt 0.481239 0.350686
vt 0.409608 0.767468
vt 0.498940 0.355935
vt 0.481501 0.469206
vt 0.375478 0.345584
vt 0.513686 0.367940
vt 0.551356 0.893663
vt 0.588435 0.128089
vt 0.586278 0.127795
vt 0.342628 0.309642
vt 0.607230 0.629302
vt 0.480629 0.354437
vt 0.407679 0.766678
vt 0.297119 0.006348
vt 0.747794 0.370014
vt 0.321875 0.798795
vt 0.545426 0.543229
vt 0.931052 0.383703
vt 0.513497 0.365304
vt 0.628624 0.089130
vt 0.571117 0.127255
vt 0.633870 0.896373
vt 0.338589 0.022591
vt 0.629573 0.088817
vt 0.480133 0.891481
vt 0.922445 0.982761
vt 0.880239 0.325675
vt 0.605997 0.664534
vt 0.867199 0.305876
vt 0.497162 0.359082
vt 0.496767 0.364259
vt 0.757254 0.993632
vt 0.639079 0.590496
vt 0.258524 0.785543
vt 0.496461 0.361849
vt 0.825628 0.997975
vt 0.326126 0.783901
vt 0.875259 0.305397
vt 0.652616 0.669809
vt 0.859560 0.266945
vt 0.301007 0.024449
vt 0.659180 0.372803
vt 0.886984 0.325929
vt 0.869220 0.260038
vt 0.637272 0.089832
vt 0.340328 0.069104
vt 0.633938 0.636537
vt 0.315817 0.310012
vt 0.342974 0.102094
vt 0.481064 0.906614
vt 0.919318 0.998576
vt 0.816571 0.387177
vt 0.421586 0.780963
vt 0.306157 0.351567
vt 0.302658 0.072901
vt 0.349965 0.349597
vt 0.544498 0.538681
vt 0.936559 0.373952
vt 0.629348 0.666440
vt 0.863218 0.280858
vt 0.864953 0.290703
vt 0.867015 0.264327
vt 0.643932 0.075251
vt 0.550868 0.907778
vt 0.743229 0.385774
vt 0.635101 0.907610
vt 0.320035 0.022644
vt 0.681438 0.384657
vt 0.244231 0.709279
vt 0.569336 0.107666
vt 0.570312 0.105957
vt 0.254018 0.722531
vt 0.322693 0.350818
vt 0.590811 0.124642
vt 0.888284 0.327066
vt 0.593339 0.122238
vt 0.345512 0.329612
vt 0.302540 0.333017
vt 0.321999 0.072153
vt 0.517260 0.524141
vt 0.915702 0.382636
vt 0.595254 0.099669
vt 0.887839 0.322101
vt 0.590014 0.112785
vt 0.250642 0.723007
vt 0.872276 0.284438
vt 0.887297 0.305208
vt 0.878148 0.261751
vt 0.631790 0.073216
vt 0.583777 0.097792
vt 0.880027 0.304970
vt 0.534801 0.532841
vt 0.245021 0.722028
vt 0.319719 0.330588
vt 0.889235 0.320906
vt 0.870917 0.263120
vt 0.637887 0.073547
vt 0.879640 0.256194
vt 0.628210 0.084293
vt 0.909834 0.366306
vt 0.247928 0.721936
vt 0.875857 0.283657
vt 0.887724 0.304465
vt 0.579308 0.098271
vt 0.516891 0.534741
vt 0.939568 0.352898
vt 0.937905 0.369174
vt 0.915677 0.354811
vt 0.917582 0.355187
vt 0.936839 0.355966
vt 0.883439 0.282243
vt 0.920162 0.355238
vt 0.884315 0.281546
vt 0.517993 0.529501
vt 0.489974 0.510557
vt 0.593251 0.099327
vt 0.889366 0.303542
vt 0.885028 0.281972
vt 0.879933 0.261725
vt 0.622144 0.068280
vt 0.517690 0.531507
vt 0.517901 0.527050
vt 0.930289 0.356866
vt 0.239236 0.722368
vt 0.239080 0.719578
vt 0.574184 0.097813
vt 0.420999 0.483304
vt 0.270497 0.767948
vt 0.257642 0.754763
vt 0.925614 0.356042
vt 0.241973 0.721789
vt 0.597397 0.091519
vt 0.492321 0.516678
vt 0.572754 0.088623
vt 0.242822 0.730223
vt 0.491550 0.519899
vt 0.590912 0.099075
vt 0.489543 0.528555
vt 0.940918 0.352783
vt 0.941219 0.345129
vt 0.445798 0.494835
vt 0.247295 0.745435
vt 0.489847 0.525914
vt 0.579343 0.069960
vt 0.237280 0.750598
vt 0.414307 0.487061
vt 0.252558 0.751177
vt 0.917965 0.348606
vt 0.595790 0.091682
vt 0.915849 0.348411
vt 0.488281 0.530029
vt 0.939620 0.329892
vt 0.490628 0.522304
vt 0.916863 0.344561
vt 0.414062 0.488037
vt 0.249291 0.750713
vt 0.596121 0.073076
vt 0.585137 0.070465
vt 0.242218 0.752104
vt 0.918285 0.313447
vt 0.602631 0.070715
vt 0.245667 0.751661
vt 0.918679 0.329435
vt 0.588641 0.070551
vt 0.247518 0.751253
vt 0.935244 0.328999
vt 0.920794 0.328342
vt 0.904845 0.246735
vt 0.605959 0.059273
vt 0.598307 0.074657
vt 0.599989 0.074513
vt 0.930586 0.328390
vt 0.464927 0.510459
vt 0.479177 0.524234
vt 0.942268 0.323880
vt 0.247372 0.766105
vt 0.464043 0.514288
vt 0.451594 0.503317
vt 0.467554 0.524627
vt 0.940537 0.316394
vt 0.923479 0.327911
vt 0.461809 0.517670
vt 0.417365 0.489043
vt 0.253921 0.774759
vt 0.250488 0.774658
vt 0.467122 0.509137
vt 0.408911 0.492843
vt 0.243608 0.767468
vt 0.914468 0.281020
vt 0.930382 0.257745
vt 0.928955 0.253418
vt 0.408842 0.499914
vt 0.585817 0.050886
vt 0.237522 0.771694
vt 0.407990 0.494113
vt 0.242072 0.769325
vt 0.442145 0.500062
vt 0.600599 0.069479
vt 0.917984 0.239798
vt 0.401106 0.501270
vt 0.589847 0.057517
vt 0.902498 0.242995
vt 0.604004 0.064517
vt 0.909561 0.261759
vt 0.904734 0.242182
vt 0.601721 0.064947
vt 0.415825 0.491705
vt 0.248736 0.774948
vt 0.932744 0.300263
vt 0.920134 0.311880
vt 0.463430 0.512145
vt 0.424256 0.495611
vt 0.440176 0.502259
vt 0.918111 0.306039
vt 0.927957 0.301036
vt 0.412805 0.494748
vt 0.412642 0.496272
vt 0.939461 0.300588
vt 0.460056 0.522642
vt 0.920907 0.300340
vt 0.438796 0.504000
vt 0.446557 0.508053
vt 0.922951 0.299826
vt 0.910206 0.246404
vt 0.601143 0.054819
vt 0.921611 0.245077
vt 0.401398 0.502296
vt 0.918740 0.301424
vt 0.435878 0.509508
vt 0.437436 0.506181
vt 0.436830 0.507379
vt 0.929936 0.272186
vt 0.935836 0.274883
vt 0.932413 0.263257
vt 0.433308 0.512484
vt 0.908429 0.248044
vt 0.917938 0.288319
vt 0.926100 0.271861
vt 0.917031 0.245587
vt 0.595935 0.052758
vt 0.914951 0.272749
vt 0.911788 0.262792
vt 0.918688 0.272254
vt 0.269256 0.910691
vt 0.916013 0.471283
vt 0.756798 0.037391
vt 0.732576 0.832778
vt 0.757813 0.034370
vt 0.170311 0.688682
vt 0.025785 0.453171
vt 0.080557 0.440239
vt 0.162605 0.881824
vt 0.369523 0.934476
vt 0.939762 0.575355
vt 0.744747 0.814884
vt 0.170982 0.457437
vt 0.168223 0.321261
vt 0.014970 0.428557
vt 0.018003 0.428962
vt 0.526345 0.268023
vt 0.138618 0.925200
vt 0.238987 0.540700
vt 0.533588 0.284643
vt 0.418524 0.739804
vt 0.691711 0.598511
vt 0.572978 0.672365
vt 0.755904 0.038814
vt 0.758296 0.036430
vt 0.193527 0.724547
vt 0.460757 0.765427
vt 0.258099 0.563285
vt 0.649890 0.242342
vt 0.452790 0.211164
vt 0.939285 0.481692
vt 0.441406 0.932617
vt 0.935102 0.641649
vt 0.755189 0.056592
vt 0.202504 0.719617
vt 0.939603 0.842444
vt 0.751465 0.203125
vt 0.237657 0.369743
vt 0.177033 0.478981
vt 0.151408 0.027898
vt 0.751076 0.652072
vt 0.938374 0.549546
vt 0.166539 0.477905
vt 0.347662 0.149445
vt 0.074941 0.446764
vt 0.937722 0.477625
vt 0.938805 0.478830
vt 0.760699 0.035578
vt 0.741804 0.820091
vt 0.914227 0.473438
vt 0.781373 0.034172
vt 0.634077 0.232219
vt 0.380374 0.156090
vt 0.934480 0.641686
vt 0.756968 0.039257
vt 0.782656 0.036206
vt 0.936681 0.478654
vt 0.937121 0.540746
vt 0.937176 0.841797
vt 0.750773 0.201139
vt 0.753637 0.136079
vt 0.164755 0.880165
vt 0.937547 0.479341
vt 0.607992 0.251187
vt 0.189133 0.728267
vt 0.759873 0.735231
vt 0.523490 0.267929
vt 0.137598 0.927971
vt 0.158601 0.660888
vt 0.176798 0.738420
vt 0.515297 0.278255
vt 0.217297 0.613567
vt 0.211426 0.606934
vt 0.133712 0.938594
vt 0.913016 0.475322
vt 0.738206 0.824851
vt 0.757729 0.040666
vt 0.727568 0.841994
vt 0.932117 0.643212
vt 0.758523 0.038266
vt 0.203497 0.719967
vt 0.751335 0.200944
vt 0.096915 0.746905
vt 0.198929 0.722344
vt 0.933284 0.631298
vt 0.936572 0.479777
vt 0.753788 0.163710
vt 0.933667 0.561012
vt 0.932214 0.641994
vt 0.759507 0.039470
vt 0.732044 0.834728
vt 0.203331 0.719996
vt 0.752787 0.202041
vt 0.179575 0.736703
vt 0.737496 0.826725
vt 0.636655 0.766769
vt 0.072821 0.454561
vt 0.746398 0.815621
vt 0.782937 0.037598
vt 0.192190 0.726797
vt 0.171484 0.477746
vt 0.783704 0.036979
vt 0.284239 0.524637
vt 0.699567 0.233586
vt 0.188457 0.739395
vt 0.770877 0.203107
vt 0.168280 0.877860
vt 0.728431 0.732761
vt 0.188383 0.729766
vt 0.762343 0.203111
vt 0.912460 0.477492
vt 0.184300 0.732516
vt 0.076069 0.459781
vt 0.523608 0.271915
vt 0.136745 0.930202
vt 0.064062 0.465298
vt 0.741555 0.821643
vt 0.173050 0.689498
vt 0.228824 0.594487
vt 0.615318 0.270753
vt 0.430849 0.183840
vt 0.532120 0.262462
vt 0.136720 0.915442
vt 0.910142 0.541851
vt 0.173627 0.635293
vt 0.746226 0.833528
vt 0.908070 0.626809
vt 0.331738 0.146804
vt 0.070601 0.246551
vt 0.746227 0.819573
vt 0.913182 0.642469
vt 0.182494 0.734908
vt 0.161643 0.876632
vt 0.729738 0.741375
vt 0.783106 0.040262
vt 0.178196 0.739184
vt 0.620778 0.501424
vt 0.637914 0.766800
vt 0.068044 0.458646
vt 0.211725 0.362236
vt 0.299141 0.480355
vt 0.740463 0.228905
vt 0.901566 0.459409
vt 0.630907 0.766824
vt 0.018796 0.453437
vt 0.408831 0.166433
vt 0.265369 0.558456
vt 0.657121 0.239850
vt 0.654885 0.507544
vt 0.601431 0.768696
vt 0.168319 0.712518
vt 0.004456 0.451403
vt 0.182308 0.459565
vt 0.609199 0.317520
vt 0.591064 0.287109
vt 0.529138 0.267941
vt 0.139234 0.922298
vt 0.023164 0.246526
vt 0.013985 0.742842
vt 0.612607 0.265476
vt 0.166876 0.692736
vt 0.016688 0.444380
vt 0.187701 0.351365
vt 0.793670 0.021332
vt 0.146530 0.551830
vt 0.521973 0.273682
vt 0.135853 0.933131
vt 0.461476 0.209179
vt 0.120618 0.218492
vt 0.792086 0.065152
vt 0.885874 0.642507
vt 0.760446 0.814201
vt 0.173674 0.744102
vt 0.622189 0.446621
vt 0.621087 0.499024
vt 0.639819 0.767588
vt 0.607728 0.267140
vt 0.010403 0.441176
vt 0.157316 0.659298
vt 0.160555 0.331055
vt 0.177827 0.298001
vt 0.071863 0.457503
vt 0.626265 0.433550
vt 0.626653 0.407678
vt 0.726347 0.746250
vt 0.011782 0.447790
vt 0.211273 0.605630
vt 0.598710 0.270087
vt 0.127701 0.941896
vt 0.152527 0.637983
vt 0.902421 0.503117
vt 0.158716 0.878612
vt 0.155488 0.651340
vt 0.173372 0.245438
vt 0.072050 0.460015
vt 0.264870 0.373572
vt 0.167041 0.695204
vt 0.169234 0.477953
vt 0.168364 0.707463
vt 0.248180 0.577202
vt 0.240535 0.584570
vt 0.636498 0.246834
vt 0.069791 0.460944
vt 0.255615 0.564941
vt 0.253346 0.569426
vt 0.644665 0.244489
vt 0.072503 0.460155
vt 0.624615 0.512811
vt 0.627742 0.770068
vt 0.562982 0.233628
vt 0.154831 0.873305
vt 0.142263 0.211666
vt 0.169474 0.322632
vt 0.623364 0.504631
vt 0.633833 0.767993
vt 0.563721 0.233887
vt 0.627197 0.398438
vt 0.157175 0.874234
vt 0.731378 0.748885
vt 0.249850 0.572861
vt 0.637393 0.246919
vt 0.896889 0.617163
vt 0.762953 0.834273
vt 0.152680 0.076831
vt 0.273616 0.376302
vt 0.787169 0.196460
vt 0.186591 0.751629
vt 0.071569 0.464816
vt 0.462144 0.206796
vt 0.129456 0.191685
vt 0.123748 0.204613
vt 0.167615 0.703952
vt 0.222964 0.593172
vt 0.610260 0.264837
vt 0.071342 0.468638
vt 0.154705 0.646393
vt 0.444292 0.176379
vt 0.136961 0.177164
vt 0.070950 0.481347
vt 0.561550 0.234672
vt 0.153659 0.876440
vt 0.066797 0.467456
vt 0.621438 0.503399
vt 0.636020 0.770908
vt 0.622460 0.508777
vt 0.632373 0.771845
vt 0.197397 0.337282
vt 0.170817 0.483320
vt 0.562895 0.232030
vt 0.629334 0.398395
vt 0.266944 0.575560
vt 0.015195 0.453514
vt 0.173658 0.493747
vt 0.774177 0.728302
vt 0.132328 0.640783
vt 0.093238 0.760103
vt 0.022152 0.227219
vt 0.017677 0.758642
vt 0.395891 0.141927
vt 0.189033 0.138060
vt 0.345523 0.128195
vt 0.069367 0.227638
vt 0.361853 0.133202
vt 0.104951 0.236497
vt 0.221991 0.126121
vt 0.166835 0.486203
vt 0.173451 0.479461
vt 0.160053 0.225543
vt 0.133228 0.654544
vt 0.424444 0.156696
vt 0.009771 0.451400
vt 0.634030 0.507519
vt 0.177307 0.494826
vt 0.070389 0.472681
vt 0.560661 0.228503
vt 0.632568 0.397705
vt 0.066668 0.474145
vt 0.555815 0.224721
vt 0.559812 0.226267
vt 0.635727 0.397720
vt 0.070576 0.474999
vt 0.464747 0.208233
vt 0.131470 0.207711
vt 0.144057 0.692890
vt 0.551517 0.221520
vt 0.143002 0.896583
vt 0.013220 0.452342
vt 0.803448 0.181698
vt 0.171680 0.764367
vt 0.164321 0.690660
vt 0.256356 0.578453
vt 0.638361 0.253746
vt 0.809090 0.023512
vt 0.121733 0.550441
vt 0.259757 0.578909
vt 0.638916 0.253174
vt 0.169694 0.490183
vt 0.176118 0.310040
vt 0.069320 0.475291
vt 0.013781 0.481140
vt 0.163729 0.496571
vt 0.174330 0.308574
vt 0.245528 0.350611
vt 0.132184 0.648738
vt 0.019183 0.464938
vt 0.069869 0.479695
vt 0.518736 0.273091
vt 0.125803 0.931874
vt 0.068850 0.480614
vt 0.013952 0.008381
vt 0.132978 0.028513
vt 0.775680 0.659298
vt 0.634195 0.503983
vt 0.131144 0.203539
vt 0.558015 0.223152
vt 0.638916 0.397217
vt 0.557624 0.221442
vt 0.640352 0.397866
vt 0.010796 0.459695
vt 0.634351 0.501203
vt 0.633252 0.496902
vt 0.052734 0.005615
vt 0.068517 0.005509
vt 0.133951 0.078378
vt 0.217398 0.603754
vt 0.602373 0.276239
vt 0.065927 0.480175
vt 0.133719 0.661032
vt 0.168000 0.498027
vt 0.129578 0.884400
vt 0.140389 0.706968
vt 0.165411 0.496764
vt 0.270582 0.570680
vt 0.653040 0.246215
vt 0.222252 0.595864
vt 0.610476 0.272996
vt 0.275964 0.564677
vt 0.261568 0.582818
vt 0.139446 0.716353
vt 0.004189 0.462932
vt 0.003906 0.488281
vt 0.003418 0.472656
vt 0.069580 0.482666
vt 0.061867 0.483946
vt 0.556292 0.217493
vt 0.645467 0.396845
vt 0.554557 0.220125
vt 0.885241 0.506419
vt 0.308491 0.486679
vt 0.887464 0.460393
vt 0.219375 0.343325
vt 0.069150 0.484176
vt 0.138361 0.696502
vt 0.807656 0.066067
vt 0.243327 0.604035
vt 0.170274 0.497460
vt 0.173491 0.500746
vt 0.553818 0.212267
vt 0.650514 0.396872
vt 0.012326 0.466688
vt 0.065539 0.485744
vt 0.507534 0.257547
vt 0.881315 0.639076
vt 0.773032 0.824723
vt 0.555050 0.216032
vt 0.647949 0.396729
vt 0.229120 0.616294
vt 0.134887 0.663107
vt 0.204063 0.321036
vt 0.443197 0.168705
vt 0.148984 0.177846
vt 0.658533 0.402046
vt 0.228169 0.596946
vt 0.552274 0.216051
vt 0.138984 0.698680
vt 0.082032 0.499817
vt 0.263174 0.581820
vt 0.428740 0.151025
vt 0.168521 0.158910
vt 0.068362 0.489951
vt 0.532480 0.201375
vt 0.870674 0.630192
vt 0.787627 0.826525
vt 0.512667 0.253971
vt 0.108414 0.004921
vt 0.133745 0.118084
vt 0.271686 0.353346
vt 0.011665 0.480915
vt 0.229517 0.612825
vt 0.824700 0.025925
vt 0.107659 0.554962
vt 0.226950 0.327089
vt 0.650455 0.504692
vt 0.143809 0.209312
vt 0.294815 0.574515
vt 0.065852 0.491930
vt 0.067870 0.493023
vt 0.551156 0.210551
vt 0.652271 0.493300
vt 0.790479 0.740263
vt 0.105725 0.021190
vt 0.105333 0.020111
vt 0.275618 0.332215
vt 0.180289 0.299121
vt 0.163510 0.513442
vt 0.126228 0.884555
vt 0.515064 0.249781
vt 0.649518 0.497419
vt 0.094954 0.777138
vt 0.291238 0.579180
vt 0.552247 0.207528
vt 0.656244 0.396895
vt 0.161215 0.514903
vt 0.126083 0.883558
vt 0.072398 0.494352
vt 0.548105 0.214769
vt 0.112136 0.695480
vt 0.870469 0.502754
vt 0.019881 0.023287
vt 0.792941 0.651409
vt 0.165559 0.781832
vt 0.818169 0.191611
vt 0.022793 0.484052
vt 0.067866 0.496414
vt 0.949598 0.702105
vt 0.062983 0.495132
vt 0.946193 0.699373
vt 0.269712 0.585357
vt 0.066413 0.495714
vt 0.948724 0.700687
vt 0.165609 0.513368
vt 0.126801 0.885726
vt 0.289487 0.581891
vt 0.234915 0.606524
vt 0.550245 0.206967
vt 0.657471 0.396973
vt 0.111441 0.664308
vt 0.109523 0.654821
vt 0.068617 0.022374
vt 0.657471 0.398193
vt 0.352805 0.122487
vt 0.068522 0.208938
vt 0.240101 0.124287
vt 0.024292 0.501179
vt 0.905212 0.693868
vt 0.068473 0.499508
vt 0.948241 0.705322
vt 0.652423 0.501444
vt 0.067757 0.498120
vt 0.949661 0.703084
vt 0.500983 0.260542
vt 0.226218 0.620221
vt 0.549253 0.212157
vt 0.550877 0.204297
vt 0.659321 0.397152
vt 0.652302 0.495417
vt 0.510867 0.255587
vt 0.287435 0.586170
vt 0.549589 0.198437
vt 0.665930 0.396604
vt 0.945516 0.703101
vt 0.546603 0.202174
vt 0.947266 0.703613
vt 0.059660 0.495550
vt 0.940401 0.700204
vt 0.549561 0.203369
vt 0.179701 0.272354
vt 0.328199 0.494539
vt 0.872641 0.458876
vt 0.652329 0.498541
vt 0.517279 0.242732
vt 0.067383 0.500780
vt 0.948745 0.706906
vt 0.017612 0.481158
vt 0.542581 0.203043
vt 0.170781 0.515356
vt 0.127245 0.887799
vt 0.946658 0.706058
vt 0.110940 0.662408
vt 0.181018 0.285594
vt 0.281871 0.595024
vt 0.153533 0.216586
vt 0.823228 0.087719
vt 0.070462 0.507035
vt 0.007954 0.480497
vt 0.068333 0.504901
vt 0.946874 0.712061
vt 0.943604 0.703857
vt 0.944656 0.705990
vt 0.238934 0.603599
vt 0.946790 0.711358
vt 0.174451 0.516909
vt 0.127523 0.889800
vt 0.137773 0.694756
vt 0.112521 0.663168
vt 0.153639 0.218806
vt 0.178387 0.260141
vt 0.250887 0.330482
vt 0.237864 0.604615
vt 0.548273 0.196179
vt 0.545092 0.197775
vt 0.548584 0.194769
vt 0.669085 0.396527
vt 0.110634 0.641093
vt 0.938776 0.709651
vt 0.015004 0.503559
vt 0.901998 0.687807
vt 0.124492 0.522361
vt 0.110008 0.897741
vt 0.109605 0.897658
vt 0.069064 0.506999
vt 0.945508 0.714086
vt 0.023384 0.209259
vt 0.016105 0.775563
vt 0.943975 0.711556
vt 0.544785 0.193861
vt 0.546934 0.188763
vt 0.675921 0.396904
vt 0.075094 0.513326
vt 0.055646 0.872559
vt 0.022409 0.870870
vt 0.166333 0.233067
vt 0.377797 0.127023
vt 0.104497 0.209691
vt 0.229817 0.132091
vt 0.673386 0.500253
vt 0.196087 0.142911
vt 0.180060 0.522386
vt 0.576704 0.274379
vt 0.123570 0.896515
vt 0.139589 0.711317
vt 0.941662 0.714966
vt 0.047852 0.500000
vt 0.033753 0.500794
vt 0.899446 0.713944
vt 0.163918 0.184966
vt 0.283268 0.592293
vt 0.110326 0.702363
vt 0.117236 0.890800
vt 0.282460 0.593580
vt 0.504714 0.237838
vt 0.090311 0.557136
vt 0.844782 0.025935
vt 0.545052 0.190265
vt 0.012823 0.496127
vt 0.673581 0.497342
vt 0.020582 0.041892
vt 0.797457 0.651273
vt 0.805907 0.735130
vt 0.200758 0.535347
vt 0.112054 0.919961
vt 0.037417 0.793407
vt 0.023653 0.190690
vt 0.344573 0.500228
vt 0.852408 0.458717
vt 0.545726 0.183085
vt 0.681570 0.397568
vt 0.089587 0.640641
vt 0.107048 0.595051
vt 0.657915 0.503475
vt 0.109187 0.674011
vt 0.942983 0.716754
vt 0.175743 0.798823
vt 0.836535 0.196000
vt 0.540232 0.194621
vt 0.495464 0.229251
vt 0.010438 0.495117
vt 0.117910 0.893697
vt 0.244912 0.622439
vt 0.089136 0.613465
vt 0.208042 0.304765
vt 0.122298 0.705376
vt 0.107702 0.190688
vt 0.247496 0.147020
vt 0.491599 0.231273
vt 0.109634 0.649981
vt 0.069338 0.513582
vt 0.944072 0.722294
vt 0.254306 0.310201
vt 0.673655 0.503061
vt 0.541016 0.189020
vt 0.940506 0.721406
vt 0.942872 0.722170
vt 0.108905 0.038170
vt 0.278427 0.310978
vt 0.123209 0.719488
vt 0.115234 0.721436
vt 0.005732 0.498308
vt 0.541849 0.181424
vt 0.849825 0.623598
vt 0.805991 0.809946
vt 0.853441 0.512128
vt 0.162903 0.225213
vt 0.070340 0.514755
vt 0.943329 0.724026
vt 0.106031 0.662194
vt 0.936980 0.720848
vt 0.181842 0.271623
vt 0.325193 0.553786
vt 0.303454 0.602206
vt 0.068131 0.040616
vt 0.838515 0.095250
vt 0.259629 0.619066
vt 0.544821 0.178596
vt 0.686040 0.397474
vt 0.505804 0.234381
vt 0.689571 0.400011
vt 0.697849 0.414804
vt 0.942060 0.726158
vt 0.115004 0.901633
vt 0.103615 0.663422
vt 0.094047 0.793306
vt 0.296210 0.600029
vt 0.257909 0.621225
vt 0.487042 0.233131
vt 0.250000 0.636776
vt 0.543701 0.179932
vt 0.169950 0.234375
vt 0.210267 0.287990
vt 0.088094 0.654667
vt 0.543945 0.175537
vt 0.689161 0.397801
vt 0.939843 0.723607
vt 0.313146 0.583074
vt 0.088470 0.650095
vt 0.187423 0.528406
vt 0.117729 0.903786
vt 0.071533 0.518066
vt 0.942383 0.728760
vt 0.018551 0.868892
vt 0.542478 0.177384
vt 0.110221 0.716895
vt 0.111674 0.898629
vt 0.180352 0.260594
vt 0.538624 0.179793
vt 0.214173 0.155762
vt 0.019299 0.870077
vt 0.110517 0.697498
vt 0.690918 0.398193
vt 0.673057 0.492186
vt 0.309483 0.591719
vt 0.544100 0.172520
vt 0.690674 0.396973
vt 0.692177 0.396887
vt 0.941207 0.729405
vt 0.177367 0.194573
vt 0.938966 0.726240
vt 0.231038 0.308476
vt 0.176510 0.247034
vt 0.673779 0.494690
vt 0.941908 0.733461
vt 0.018345 0.869856
vt 0.069011 0.190667
vt 0.252794 0.630733
vt 0.267047 0.619321
vt 0.939840 0.731301
vt 0.307098 0.595984
vt 0.189453 0.529541
vt 0.108431 0.919579
vt 0.543142 0.169922
vt 0.695068 0.397217
vt 0.018799 0.870117
vt 0.099909 0.914959
vt 0.186238 0.167903
vt 0.543457 0.168457
vt 0.696294 0.398476
vt 0.937084 0.728056
vt 0.113109 0.900831
vt 0.942139 0.735107
vt 0.018807 0.871096
vt 0.498731 0.228307
vt 0.232898 0.289165
vt 0.502394 0.226348
vt 0.110065 0.711986
vt 0.542969 0.165771
vt 0.698984 0.398710
vt 0.262255 0.618762
vt 0.542480 0.167236
vt 0.024139 0.874188
vt 0.941895 0.737549
vt 0.018288 0.872305
vt 0.941140 0.735899
vt 0.693608 0.491960
vt 0.216665 0.542466
vt 0.095089 0.947567
vt 0.768421 0.523640
vt 0.543213 0.163330
vt 0.700156 0.399035
vt 0.692560 0.501083
vt 0.089698 0.808661
vt 0.109899 0.912121
vt 0.018799 0.873535
vt 0.942139 0.739258
vt 0.539961 0.166662
vt 0.693744 0.498694
vt 0.106977 0.911710
vt 0.017094 0.873741
vt 0.942651 0.740240
vt 0.684048 0.504565
vt 0.089682 0.662692
vt 0.012085 0.504126
vt 0.899062 0.684219
vt 0.209119 0.272955
vt 0.542725 0.162354
vt 0.700195 0.397461
vt 0.542969 0.158691
vt 0.705144 0.398509
vt 0.543213 0.161377
vt 0.703369 0.397705
vt 0.017822 0.873291
vt 0.941650 0.739746
vt 0.254412 0.628133
vt 0.109505 0.171601
vt 0.257938 0.165992
vt 0.006237 0.504304
vt 0.894370 0.682464
vt 0.069153 0.171719
vt 0.540308 0.163928
vt 0.110338 0.720679
vt 0.003328 0.504007
vt 0.892030 0.681825
vt 0.088637 0.663680
vt 0.693152 0.496347
vt 0.693668 0.494054
vt 0.101428 0.915256
vt 0.939455 0.740661
vt 0.015308 0.877123
vt 0.943184 0.744464
vt 0.543352 0.157514
vt 0.707157 0.397628
vt 0.192090 0.814905
vt 0.855179 0.090240
vt 0.940466 0.743847
vt 0.540715 0.158302
vt 0.838165 0.510847
vt 0.001709 0.048828
vt 0.822086 0.740212
vt 0.542725 0.158203
vt 0.705322 0.397461
vt 0.068393 0.639827
vt 0.110159 0.708660
vt 0.009415 0.503879
vt 0.896867 0.683234
vt 0.302904 0.604359
vt 0.833422 0.628846
vt 0.822865 0.814983
vt 0.494978 0.196301
vt 0.694919 0.504931
vt 0.068845 0.059469
vt 0.543925 0.152113
vt 0.712928 0.397513
vt 0.011434 0.884676
vt 0.943357 0.752023
vt 0.189387 0.207265
vt 0.855969 0.031858
vt 0.068881 0.555463
vt 0.198267 0.221364
vt 0.155943 0.813832
vt 0.256034 0.289328
vt 0.544449 0.148438
vt 0.716381 0.397076
vt 0.542872 0.150413
vt 0.540521 0.152369
vt 0.084448 0.662518
vt 0.940234 0.750423
vt 0.105505 0.918375
vt 0.481780 0.200384
vt 0.315900 0.608172
vt 0.016363 0.888593
vt 0.781200 0.449126
vt 0.718986 0.398254
vt 0.229082 0.171186
vt 0.201169 0.180908
vt 0.545751 0.143360
vt 0.721853 0.397010
vt 0.008611 0.887312
vt 0.944978 0.756232
vt 0.333400 0.591284
vt 0.544678 0.145020
vt 0.719727 0.397217
vt 0.942571 0.754225
vt 0.543046 0.146448
vt 0.719597 0.507384
vt 0.279611 0.289811
vt 0.095961 0.056979
vt 0.536475 0.155850
vt 0.935652 0.742508
vt 0.103428 0.916208
vt 0.545410 0.141357
vt 0.723662 0.397762
vt 0.493891 0.172148
vt 0.008079 0.890132
vt 0.944814 0.758542
vt 0.544158 0.141971
vt 0.943708 0.757969
vt 0.545410 0.139160
vt 0.725293 0.399047
vt 0.099097 0.716869
vt 0.321895 0.612765
vt 0.004037 0.893921
vt 0.947370 0.763258
vt 0.212862 0.195881
vt 0.335555 0.584338
vt 0.544927 0.138451
vt 0.726074 0.398193
vt 0.700082 0.501327
vt 0.036082 0.671664
vt 0.422455 0.660217
vt 0.546510 0.135943
vt 0.729058 0.397629
vt 0.007081 0.900459
vt 0.776277 0.409095
vt 0.085667 0.693733
vt 0.939940 0.754168
vt 0.539854 0.147272
vt 0.019989 0.172250
vt 0.013700 0.807167
vt 0.365349 0.506198
vt 0.839577 0.458117
vt 0.937364 0.755408
vt 0.551308 0.078755
vt 0.208853 0.253787
vt 0.945139 0.762970
vt 0.731597 0.399277
vt 0.541847 0.140097
vt 0.004648 0.895512
vt 0.946533 0.764404
vt 0.099243 0.924960
vt 0.066461 0.653260
vt 0.491164 0.198033
vt 0.003662 0.896973
vt 0.947266 0.765869
vt 0.002197 0.896729
vt 0.947035 0.766101
vt 0.744071 0.967147
vt 0.706312 0.505100
vt 0.001283 0.897715
vt 0.776934 0.401999
vt 0.745380 0.971840
vt 0.546188 0.132655
vt 0.732666 0.398193
vt 0.702260 0.498530
vt 0.547912 0.129787
vt 0.735631 0.398243
vt 0.337538 0.623652
vt 0.021130 0.060164
vt 0.824396 0.654249
vt 0.941704 0.763663
vt 0.048268 0.551417
vt 0.873184 0.038724
vt 0.537201 0.145385
vt 0.559938 0.094401
vt 0.742501 0.971395
vt 0.944519 0.765582
vt 0.739502 0.967306
vt 0.327884 0.605606
vt 0.821087 0.530576
vt 0.543394 0.133738
vt 0.751798 0.514003
vt 0.545345 0.131125
vt 0.889509 0.709985
vt 0.871921 0.092353
vt 0.097913 0.923131
vt 0.548828 0.125244
vt 0.740476 0.399172
vt 0.946533 0.768555
vt 0.560266 0.092507
vt 0.741171 0.969895
vt 0.559967 0.096260
vt 0.771604 0.402516
vt 0.743408 0.974365
vt 0.710526 0.502173
vt 0.714451 0.493886
vt 0.094332 0.936193
vt 0.839075 0.737298
vt 0.070004 0.662276
vt 0.329807 0.600629
vt 0.549150 0.123916
vt 0.742629 0.398682
vt 0.547849 0.124602
vt 0.479030 0.212240
vt 0.481445 0.218994
vt 0.276827 0.651171
vt 0.736842 0.404832
vt 0.552858 0.116020
vt 0.751109 0.398210
vt 0.558026 0.102135
vt 0.765800 0.401011
vt 0.554736 0.110926
vt 0.756941 0.398521
vt 0.047872 0.638007
vt 0.887049 0.709003
vt 0.757500 0.406333
vt 0.081656 0.708881
vt 0.553784 0.106063
vt 0.551416 0.111965
vt 0.345189 0.595171
vt 0.167404 0.829078
vt 0.193359 0.818604
vt 0.866775 0.204392
vt 0.544070 0.126421
vt 0.818330 0.635376
vt 0.838928 0.812506
vt 0.487936 0.198729
vt 0.557864 0.093843
vt 0.071088 0.660804
vt 0.081577 0.702759
vt 0.233044 0.269908
vt 0.707619 0.497725
vt 0.096558 0.939007
vt 0.204370 0.237266
vt 0.895252 0.710591
vt 0.020402 0.079312
vt 0.841670 0.668966
vt 0.256374 0.269173
vt 0.892106 0.709989
vt 0.757379 0.431600
vt 0.068490 0.077995
vt 0.286701 0.262060
vt 0.942383 0.768311
vt 0.558706 0.089364
vt 0.737088 0.969286
vt 0.068833 0.153159
vt 0.551474 0.108234
vt 0.484954 0.198805
vt 0.013331 0.821525
vt 0.023720 0.153355
vt 0.941397 0.768916
vt 0.557153 0.089880
vt 0.103342 0.152781
vt 0.266314 0.184328
vt 0.479402 0.201191
vt 0.280762 0.655762
vt 0.222232 0.212611
vt 0.064233 0.662481
vt 0.092162 0.720559
vt 0.075864 0.719149
vt 0.087192 0.720202
vt 0.884767 0.707771
vt 0.712852 0.499288
vt 0.735864 0.496958
vt 0.285652 0.631850
vt 0.098847 0.824972
vt 0.540252 0.127177
vt 0.063679 0.660770
vt 0.092848 0.941717
vt 0.547400 0.113297
vt 0.550808 0.102975
vt 0.089627 0.933479
vt 0.325089 0.612488
vt 0.284764 0.633186
vt 0.714106 0.496205
vt 0.723304 0.503068
vt 0.733047 0.507412
vt 0.045558 0.646388
vt 0.419922 0.625732
vt 0.092106 0.936148
vt 0.775635 0.513358
vt 0.776855 0.510986
vt 0.353336 0.598695
vt 0.381726 0.518971
vt 0.822774 0.465083
vt 0.231217 0.250486
vt 0.066517 0.648548
vt 0.723137 0.499873
vt 0.733207 0.504945
vt 0.088667 0.950742
vt 0.770983 0.516784
vt 0.349742 0.612358
vt 0.321662 0.645087
vt 0.110537 0.077131
vt 0.279961 0.268824
vt 0.402483 0.522773
vt 0.806952 0.456406
vt 0.082001 0.697091
vt 0.806201 0.498999
vt 0.338500 0.618312
vt 0.283705 0.635312
vt 0.735545 0.499153
vt 0.033370 0.636158
vt 0.033985 0.621135
vt 0.415980 0.614520
vt 0.335732 0.616193
vt 0.804148 0.578788
vt 0.847124 0.831340
vt 0.087158 0.951416
vt 0.772460 0.513593
vt 0.752743 0.509432
vt 0.136230 0.862793
vt 0.855538 0.742343
vt 0.239284 0.188707
vt 0.082279 0.946925
vt 0.773813 0.507401
vt 0.764251 0.511188
vt 0.278967 0.645338
vt 0.734981 0.502454
vt 0.546655 0.094797
vt 0.350918 0.607114
vt 0.044256 0.650587
vt 0.419434 0.631577
vt 0.094144 0.842236
vt 0.037552 0.572128
vt 0.888212 0.040190
vt 0.438716 0.533087
vt 0.042867 0.659744
vt 0.772889 0.510790
vt 0.755090 0.501413
vt 0.191472 0.845399
vt 0.886350 0.098420
vt 0.137695 0.863037
vt 0.800544 0.636559
vt 0.856994 0.810246
vt 0.888373 0.206768
vt 0.162638 0.848266
vt 0.082433 0.695199
vt 0.280576 0.641971
vt 0.374485 0.604913
vt 0.032865 0.641623
vt 0.415479 0.623402
vt 0.081356 0.699643
vt 0.754454 0.506412
vt 0.081395 0.716258
vt 0.023604 0.842061
vt 0.023434 0.134847
vt 0.388062 0.562902
vt 0.019602 0.097548
vt 0.856828 0.658347
vt 0.069297 0.134564
vt 0.346930 0.619607
vt 0.043391 0.658581
vt 0.903435 0.065569
vt 0.791762 0.495692
vt 0.900173 0.142863
vt 0.788239 0.574897
vt 0.904911 0.027016
vt 0.419971 0.529005
vt 0.791913 0.459319
vt 0.755219 0.503375
vt 0.254616 0.248584
vt 0.395192 0.610490
vt 0.227632 0.231704
vt 0.097330 0.858156
vt 0.869508 0.735752
vt 0.111572 0.130127
vt 0.110068 0.134100
vt 0.272437 0.205201
vt 0.292291 0.635398
vt 0.372797 0.613717
vt 0.897033 0.205800
vt 0.165448 0.861415
vt 0.788268 0.633020
vt 0.869385 0.779785
vt 0.046568 0.857590
vt 0.018954 0.116373
vt 0.868191 0.724131
vt 0.870801 0.690825
vt 0.889502 0.737081
vt 0.347009 0.621281
vt 0.106176 0.095585
vt 0.278547 0.247401
vt 0.246396 0.208044
vt 0.069656 0.096726
vt 0.358881 0.617138
vt 0.393766 0.618551
vt 0.472568 0.177402
vt 0.289999 0.657385
vt 0.068864 0.115524
vt 0.028045 0.647244
vt 0.415585 0.627922
vt 0.892522 0.736866
vt 0.354271 0.622125
vt 0.100523 0.117218
vt 0.276618 0.226100
vt 0.052726 0.704370
vt 0.883695 0.727818
vt 0.059570 0.717529
vt 0.051349 0.708231
vt 0.483374 0.168641
vt 0.878819 0.724560
vt 0.070493 0.715786
vt 0.360076 0.625547
vt 0.251712 0.228266
vt 0.371501 0.618538
vt 0.886988 0.737105
vt 0.369845 0.627140
vt 0.884512 0.737360
vt 0.899432 0.750837
vt 0.027012 0.655379
vt 0.414254 0.635899
vt 0.393279 0.622899
vt 0.026941 0.657059
vt 0.418055 0.637238
vt 0.495688 0.135251
vt 0.370216 0.628359
vt 0.391868 0.631445
vt 0.487786 0.169639
vt 0.295549 0.653020
vt 0.024503 0.659344
vt 0.413523 0.636700
vt 0.385103 0.630821
vt 0.391445 0.632733
vt 0.054927 0.694006
vt 0.879168 0.730743
vt 0.879225 0.750075
vt 0.051516 0.713074
vt 0.386918 0.633467
vt 0.480535 0.169236
vt 0.310977 0.647961
vt 0.311351 0.645566
vt 0.476425 0.169648
vt 0.298096 0.663818
vt 0.311768 0.669189
vt 0.303067 0.663472
vt 0.881287 0.737445
vt 0.312273 0.643490
vt 0.054549 0.691969
vt 0.305973 0.657869
vt 0.373389 0.660268
vt 0.488597 0.139740
vt 0.307484 0.654542
vt 0.485179 0.139180
vt 0.507121 0.100805
vt 0.895189 0.762530
vt 0.892241 0.763051
vt 0.905478 0.782617
vt 0.530395 0.060781
vt 0.472830 0.141077
vt 0.471436 0.154053
vt 0.323756 0.671125
vt 0.052973 0.696458
vt 0.481221 0.138363
vt 0.016995 0.671969
vt 0.421207 0.667475
vt 0.333929 0.668275
vt 0.028567 0.689216
vt 0.880188 0.765452
vt 0.023466 0.708071
vt 0.477744 0.138092
vt 0.889822 0.763742
vt 0.337847 0.657418
vt 0.040868 0.702254
vt 0.337330 0.652193
vt 0.491868 0.129342
vt 0.345467 0.653638
vt 0.023602 0.685344
vt 0.887089 0.764396
vt 0.025603 0.692981
vt 0.024643 0.699178
vt 0.427246 0.681641
vt 0.883976 0.764765
vt 0.024182 0.702548
vt 0.339009 0.654256
vt 0.029312 0.687185
vt 0.474383 0.127073
vt 0.474226 0.137742
vt 0.332300 0.674179
vt 0.486357 0.121051
vt 0.494353 0.111592
vt 0.900370 0.783654
vt 0.525079 0.058036
vt 0.026706 0.691337
vt 0.890113 0.780663
vt 0.520038 0.047568
vt 0.484838 0.107700
vt 0.896446 0.784610
vt 0.521027 0.055250
vt 0.892095 0.776949
vt 0.523392 0.049552
vt 0.491787 0.109477
vt 0.022153 0.686631
vt 0.344375 0.656451
vt 0.335832 0.665039
vt 0.507352 0.084692
vt 0.881836 0.783203
vt 0.003174 0.698010
vt 0.505881 0.046432
vt 0.420362 0.684104
vt 0.885149 0.784834
vt 0.007568 0.702881
vt 0.513873 0.043637
vt 0.480105 0.102388
vt 0.360738 0.681295
vt 0.505026 0.082454
vt 0.350171 0.661859
vt 0.013230 0.682114
vt 0.424274 0.666903
vt 0.009908 0.683624
vt 0.419868 0.669350
vt 0.363300 0.674491
vt 0.364010 0.672004
vt 0.488388 0.108127
vt 0.517485 0.052513
vt 0.885046 0.787741
vt 0.511142 0.048200
vt 0.497031 0.095073
vt 0.361834 0.658014
vt 0.503105 0.060522
vt 0.508491 0.058020
vt 0.365461 0.662214
vt 0.497117 0.087598
vt 0.502703 0.080627
vt 0.505227 0.068902
vt 0.494018 0.088859
vt 0.365372 0.660156
vt 0.492528 0.075696
vt 0.392798 0.685773
vt 0.499658 0.078893
vt 0.495531 0.076563
vt 0.008795 0.692841
vt 0.421118 0.680544
vt 0.008605 0.684868
vt 0.420325 0.672166
vt 0.492473 0.070071
vt 0.392221 0.680465
vt 0.365932 0.664781
vt 0.413959 0.667290
vt 0.378393 0.662183
vt 0.399992 0.665404
vt 0.379926 0.663870
vt 0.393838 0.666145
vt 0.393262 0.676953
vt 0.393717 0.670358
s 1
usemtl tripo_mat_088a33e4-9779-4c3d-b885-0e25f42d78e5
f 34/47/1 1150/1532/2 9/12/3
f 45/64/4 2/2/5 225/312/6
f 331/462/7 222/307/8 199/272/9
f 260/364/10 326/454/11 199/272/9
f 326/454/11 260/364/10 295/412/12
f 326/454/11 295/412/12 294/410/13
f 222/307/8 225/312/6 34/47/1
f 34/47/1 225/312/6 2/2/5
s 0
f 34/47/14 9/12/15 199/272/16
f 34/47/17 199/272/18 222/307/19
s 1
f 260/364/10 199/272/9 49/70/20
f 209/286/21 260/364/10 49/70/20
f 260/364/10 209/286/21 295/412/12
f 209/286/21 294/410/13 295/412/12
f 294/410/13 209/286/21 328/457/22
s 0
f 243/340/23 209/286/23 10/13/23
s 1
f 65/89/24 209/286/21 49/70/20
f 209/286/21 65/89/24 1010/1341/25
s 0
f 10/13/26 209/286/27 1010/1341/26
s 1
f 17/24/28 10/13/29 1059/1404/30
f 17/24/28 1146/1528/31 19/27/32
f 19/27/32 133/187/33 128/180/34
f 17/24/28 128/180/34 215/296/35
f 215/296/35 128/180/34 245/343/36
f 215/296/35 245/343/36 239/334/37
f 245/343/36 128/180/34 133/187/33
f 133/187/33 19/27/32 31/43/38
f 31/43/38 1102/1460/39 270/378/40
f 133/187/33 31/43/38 270/378/40
f 270/378/40 1102/1460/39 141/198/41
f 133/187/33 270/378/40 299/417/42
f 199/272/9 9/12/3 49/70/20
f 49/70/20 1097/1453/43 65/89/24
s 0
f 1010/1341/44 1211/1625/44 10/13/44
s 1
f 10/13/29 1211/1625/45 1059/1404/30
f 17/24/28 1136/1514/46 1146/1528/31
f 17/24/28 1059/1404/30 1136/1514/46
f 31/43/38 19/27/32 1146/1528/31
f 31/43/38 1146/1528/31 1172/1571/47
f 31/43/38 1143/1525/48 1102/1460/39
f 14/18/49 141/198/41 1102/1460/39
f 1143/1525/48 1127/1500/50 14/18/49
s 0
f 1284/1726/51 1186/1590/52 1405/1894/53
f 1394/1877/54 1284/1726/55 1405/1894/56
f 1370/1839/57 1405/1894/58 1186/1590/59
s 1
f 1124/1496/60 49/70/20 9/12/3
f 49/70/20 1124/1496/60 1097/1453/43
f 1010/1341/25 65/89/24 1097/1453/43
f 1150/1532/2 1124/1496/60 9/12/3
f 1152/1534/61 34/47/1 2/2/5
f 1119/1486/62 2/2/5 45/64/4
f 2/2/5 1119/1486/62 1152/1534/61
f 1152/1534/61 1169/1567/63 34/47/1
f 1169/1567/63 1150/1532/2 34/47/1
f 1097/1453/43 1124/1496/60 1010/1341/25
f 1124/1496/60 1211/1625/64 1010/1341/25
f 1255/1688/65 1124/1496/60 1150/1532/2
f 1255/1688/65 1150/1532/2 1273/1710/66
f 1255/1688/65 1211/1625/64 1124/1496/60
f 1211/1625/64 1255/1688/65 1207/1619/67
f 1172/1571/47 1146/1528/31 1222/1639/68
f 1146/1528/31 1195/1604/69 1222/1639/68
f 1172/1571/47 1222/1639/68 1143/1525/48
f 31/43/38 1172/1571/47 1143/1525/48
f 1240/1666/70 1169/1567/63 1152/1534/61
f 1273/1710/66 1150/1532/2 1169/1567/63
f 1207/1619/67 1361/1829/71 1305/1752/72
f 1207/1619/67 1255/1688/65 1361/1829/71
f 1273/1710/66 1169/1567/63 1240/1666/70
f 1246/1674/73 1152/1534/61 1119/1486/62
f 1152/1534/61 1246/1674/73 1385/1866/74
f 1246/1674/73 1428/1921/75 1464/1967/76
f 1246/1674/73 1464/1967/76 1385/1866/74
f 1464/1967/76 1499/2009/77 1385/1866/74
f 1530/2054/78 1464/1967/76 1428/1922/75
f 1385/1866/74 1499/2009/77 1417/1907/79
f 1152/1534/61 1385/1866/74 1240/1666/70
f 1240/1666/70 1385/1866/74 1417/1907/79
f 1240/1666/70 1417/1907/79 1273/1710/66
f 1273/1710/66 1417/1907/79 1390/1873/80
f 1255/1688/65 1273/1710/66 1390/1873/80
f 1390/1873/80 1470/1973/81 1255/1688/65
f 1255/1688/65 1470/1973/81 1361/1829/71
f 1545/2076/82 1390/1873/80 1417/1907/79
f 1545/2076/82 1417/1907/79 1499/2009/77
f 1361/1829/71 1470/1973/81 1305/1752/72
f 1305/1752/72 1470/1973/81 1598/2148/83
f 1390/1873/80 1713/2310/84 1470/1973/81
f 1598/2148/83 1470/1973/81 1713/2310/84
f 1390/1873/80 1545/2076/82 1663/2242/85
f 1530/2054/78 1588/2133/86 1464/1967/76
f 1464/1967/76 1588/2133/86 1499/2009/77
f 1588/2133/86 1530/2054/78 1684/2271/87
f 1499/2009/77 1588/2133/86 1746/2357/88
f 1545/2076/82 1499/2009/77 1653/2229/89
f 1653/2229/89 1663/2242/85 1545/2076/82
f 1663/2242/85 1744/2355/90 1390/1873/80
f 1390/1873/80 1744/2355/90 1713/2310/84
f 1598/2148/83 1713/2310/84 1740/2350/91
f 1499/2009/77 1746/2357/88 1653/2229/89
f 1663/2242/85 1653/2229/89 1779/2409/92
f 1746/2357/88 1781/2412/93 1653/2229/89
f 1783/2415/94 1781/2412/93 1746/2357/88
f 1653/2229/89 1781/2412/93 1779/2409/92
f 1684/2272/87 1783/2415/94 1746/2357/88
f 1684/2273/87 1746/2357/88 1588/2133/86
s 0
f 1211/1625/95 1207/1619/95 1059/1404/95
f 1059/1404/96 1207/1619/96 1267/1703/96
s 1
f 1146/1528/31 1136/1514/46 1195/1604/69
f 1222/1639/68 1186/1590/97 1143/1525/48
f 1319/1773/98 1222/1639/68 1195/1604/69
f 310/436/99 275/385/100 299/418/42
f 133/187/33 299/418/42 275/385/100
f 133/187/33 275/385/100 245/343/36
f 275/385/100 239/334/37 245/343/36
f 239/334/37 243/340/101 10/13/29
f 239/334/37 10/13/29 215/296/35
f 215/296/35 10/13/29 17/24/28
f 128/180/34 17/24/28 19/27/32
f 266/372/102 141/198/41 340/475/103
f 340/475/103 141/198/41 204/278/104
s 0
f 1407/1896/105 1207/1619/105 1305/1752/105
f 1207/1619/106 1407/1896/107 1267/1703/108
f 1318/1772/109 1267/1703/110 1407/1896/111
f 1318/1772/112 1407/1896/113 1531/2057/114
f 1407/1896/115 1305/1752/115 1595/2142/115
f 1595/2142/116 1305/1752/116 1598/2148/116
s 1
f 1663/2242/85 1823/2465/117 1744/2355/90
f 1744/2355/90 1802/2437/118 1713/2310/84
f 1713/2310/84 1802/2437/118 1740/2350/91
f 1740/2350/91 1802/2437/118 1812/2451/119
f 1598/2148/83 1740/2350/91 1812/2451/119
f 1802/2437/118 1744/2355/90 1823/2465/117
s 0
f 1595/2142/120 1598/2148/120 1812/2451/120
s 1
f 1595/2142/121 1641/2211/122 1531/2057/123
f 1448/1946/124 1318/1772/125 1531/2057/123
f 1448/1946/124 1531/2057/123 1518/2035/126
f 1448/1946/124 1518/2035/126 1434/1931/127
f 1348/1814/128 1318/1772/125 1448/1946/124
f 1348/1814/128 1448/1946/124 1434/1931/127
f 1362/1830/129 1318/1772/125 1348/1814/128
f 1348/1814/128 1434/1931/127 1319/1773/98
f 1456/1955/130 1319/1773/98 1434/1931/127
f 1456/1955/130 1434/1931/127 1518/2035/126
f 1456/1955/130 1460/1960/131 1319/1773/98
f 1420/1911/132 1319/1773/98 1460/1960/131
f 1420/1911/132 1222/1639/68 1319/1773/98
f 1222/1639/68 1420/1911/132 1370/1839/133
f 1420/1911/132 1404/1893/134 1370/1839/133
f 1404/1893/134 1420/1911/132 1460/1960/131
f 1518/2035/126 1531/2057/123 1562/2099/135
f 1531/2057/123 1641/2211/122 1562/2099/135
f 1641/2211/122 1662/2241/136 1562/2099/135
f 1641/2211/122 1690/2280/137 1662/2241/136
f 1690/2280/137 1641/2211/122 1683/2270/138
f 1662/2241/136 1690/2280/137 1610/2164/139
f 1662/2241/136 1610/2164/139 1562/2099/135
f 1460/1960/131 1610/2164/139 1705/2299/140
f 1690/2280/137 1683/2270/138 1734/2340/141
f 1690/2280/137 1731/2334/142 1610/2164/139
f 1460/1960/131 1705/2299/140 1544/2075/143
f 1610/2164/139 1731/2334/142 1705/2299/140
f 1705/2299/140 1731/2334/142 1700/2290/144
s 0
f 1705/2299/145 1700/2290/146 1544/2075/147
s 1
f 1650/2226/148 1544/2075/149 1700/2290/144
f 1752/2365/150 1731/2334/142 1690/2280/137
f 1752/2365/150 1690/2280/137 1734/2340/141
s 0
f 1544/2075/151 1415/1905/151 1404/1893/151
s 1
f 1456/1955/130 1518/2035/126 1562/2099/135
f 1404/1893/134 1460/1960/131 1544/2075/143
f 1610/2164/139 1456/1955/130 1562/2099/135
f 1456/1955/130 1610/2164/139 1460/1960/131
f 1267/1703/152 1238/1663/153 1059/1404/30
f 1195/1604/69 1136/1514/46 1238/1663/153
f 1238/1663/153 1136/1514/46 1059/1404/30
f 150/208/154 45/65/4 225/313/6
f 262/367/155 313/440/156 346/485/157
f 262/367/155 346/485/157 220/302/158
f 313/440/156 262/367/155 150/208/154
f 150/208/154 262/367/155 40/58/159
f 150/208/154 40/58/159 45/65/4
f 40/58/159 262/367/155 61/84/160
f 262/367/155 220/302/158 61/84/160
s 0
f 91/124/161 98/132/161 304/425/161
s 1
f 161/222/162 98/132/163 47/67/164
f 42/61/165 161/222/162 47/67/164
f 220/302/158 42/61/165 56/77/166
f 161/222/162 42/61/165 220/302/158
f 61/84/160 220/302/158 56/77/166
f 56/77/166 42/61/165 1019/1351/167
f 42/61/165 1125/1497/168 1019/1351/167
s 0
f 47/67/169 98/132/170 1011/1342/171
f 1115/1480/172 47/67/173 1011/1342/174
s 1
f 1115/1480/175 42/61/165 47/67/164
f 42/61/165 1115/1480/175 1125/1497/168
f 1141/1521/176 1197/1606/177 1135/1513/178
f 1141/1521/176 1125/1497/168 1209/1622/179
f 1119/1487/62 1135/1513/178 1197/1606/177
f 1135/1513/178 1119/1487/62 40/58/159
f 1141/1521/176 1135/1513/178 40/58/159
f 1141/1521/176 1019/1351/167 1125/1497/168
f 1019/1351/167 1018/1350/180 56/77/166
f 1018/1350/180 1019/1351/167 1141/1521/176
f 1018/1350/180 1141/1521/176 40/58/159
f 1119/1487/62 45/65/4 40/58/159
f 1018/1350/180 40/58/159 61/84/160
f 1018/1350/180 61/84/160 56/77/166
f 1209/1622/179 1197/1606/177 1141/1521/176
f 1119/1487/62 1197/1606/177 1246/1675/73
f 1232/1654/181 1197/1606/177 1209/1622/179
f 1232/1654/181 1209/1622/179 1183/1587/182
f 1183/1587/182 1209/1622/179 1125/1497/168
f 1183/1587/182 1125/1497/168 1115/1480/175
f 1218/1635/183 1183/1587/182 1115/1480/175
f 1218/1635/183 1115/1480/175 1223/1640/184
f 1115/1480/175 1011/1342/185 1223/1640/184
s 0
f 1323/1779/186 1309/1758/186 1011/1342/186
s 1
f 1223/1640/184 1011/1342/185 1309/1758/187
s 0
f 1223/1640/188 1309/1758/189 1344/1809/190
s 1
f 1344/1809/191 1309/1758/192 1372/1841/193
f 1372/1841/193 1309/1758/192 1323/1779/194
s 0
f 1248/1679/195 1323/1779/195 1011/1342/195
s 1
f 1237/1662/196 1248/1679/197 1095/1451/198
f 1237/1662/196 1095/1451/198 1202/1612/199
f 1202/1612/199 1095/1451/198 1176/1577/200
f 1202/1612/199 1171/1570/201 1217/1634/202
f 1202/1612/199 1176/1577/200 1167/1563/203
f 1202/1612/199 1167/1563/203 1171/1570/201
f 1167/1563/203 1176/1577/200 1154/1538/204
f 1154/1538/204 1176/1577/200 1111/1474/205
f 1167/1563/203 1154/1538/204 1148/1530/206
f 1167/1563/203 1148/1530/206 1156/1542/207
f 1095/1451/198 1111/1474/205 1176/1577/200
s 0
f 1011/1342/208 1095/1451/208 1248/1679/208
f 1011/1342/209 98/132/209 91/124/209
f 1011/1342/210 91/124/211 1095/1451/211
s 1
f 1154/1538/204 1111/1474/205 95/129/212
f 1154/1538/204 95/129/212 1081/1432/213
f 1154/1538/204 1081/1432/213 1148/1530/206
f 1148/1530/206 1081/1432/213 1139/1517/214
f 1156/1542/207 1148/1530/206 1139/1517/214
f 1093/1448/215 1139/1517/214 1081/1432/213
f 1156/1542/207 1139/1517/214 1093/1448/215
f 1156/1542/207 1093/1448/215 1171/1570/201
f 1171/1570/201 1093/1448/215 1174/1574/216
f 1183/1587/182 1218/1635/183 1282/1723/217
f 1183/1587/182 1282/1723/217 1261/1695/218
f 1223/1640/184 1344/1809/191 1218/1635/183
f 1218/1635/183 1344/1809/191 1396/1880/219
f 1344/1809/191 1372/1841/193 1396/1880/219
f 1282/1723/217 1218/1635/183 1396/1880/219
f 1282/1723/217 1396/1880/219 1412/1902/220
f 1282/1723/217 1412/1902/220 1354/1820/221
f 1354/1820/221 1428/1923/75 1246/1676/73
f 1282/1723/217 1354/1820/221 1261/1695/218
f 1261/1695/218 1354/1820/221 1232/1654/181
f 1246/1677/73 1197/1606/177 1354/1820/221
f 1354/1820/221 1197/1606/177 1232/1654/181
f 1261/1695/218 1232/1654/181 1183/1587/182
f 1396/1880/219 1372/1841/193 1519/2036/222
f 1396/1880/219 1519/2036/222 1412/1902/220
f 1412/1902/220 1519/2036/222 1546/2077/223
f 1412/1902/220 1546/2077/223 1527/2050/224
f 1412/1902/220 1527/2050/224 1428/1923/75
f 1530/2055/78 1428/1923/75 1527/2050/224
f 1412/1902/220 1428/1923/75 1354/1820/221
s 0
f 91/124/225 304/426/225 223/309/225
s 1
f 95/129/212 118/167/226 192/264/227
f 90/123/228 118/167/226 96/130/229
f 96/130/229 118/167/226 95/129/212
f 1095/1451/198 91/124/230 90/123/228
f 1095/1451/198 90/123/228 1111/1474/205
f 1111/1474/205 90/123/228 96/130/229
f 1111/1474/205 96/130/229 95/129/212
f 1081/1432/213 1037/1380/231 1093/1448/215
f 1081/1432/213 95/129/212 1037/1380/231
f 1093/1448/215 1037/1380/231 1012/1343/232
f 1037/1380/231 95/129/212 102/142/233
f 1012/1343/232 1037/1380/231 102/142/233
f 102/142/233 95/129/212 192/264/227
f 1012/1343/232 102/142/233 192/264/227
f 90/123/228 91/124/230 223/309/234
f 118/167/226 90/123/228 223/309/234
f 118/167/226 223/309/234 248/346/235
f 248/346/235 252/352/236 192/264/227
f 118/167/226 248/346/235 192/264/227
f 252/352/236 261/365/237 231/322/238
f 252/352/236 231/322/238 192/264/227
f 192/264/227 231/322/238 1012/1343/232
s 0
f 129/182/239 1012/1343/240 231/322/241
s 1
f 129/182/242 231/322/238 263/368/243
f 129/182/242 218/299/244 4/4/245
f 1085/1436/246 4/4/245 28/39/247
f 4/4/245 1016/1348/248 129/182/242
f 4/4/245 218/299/244 28/39/247
f 28/39/247 218/299/244 156/216/249
f 28/39/247 156/216/249 24/33/250
f 156/216/249 187/258/251 24/33/250
f 1120/1488/252 24/33/250 187/258/251
f 221/304/253 1120/1488/252 187/258/251
f 129/182/242 279/391/254 218/299/244
s 0
f 1120/1488/255 1199/1608/255 1032/1374/256
s 1
f 1384/1863/257 1360/1827/258 1199/1608/259
f 1199/1608/259 1360/1827/258 1259/1692/260
f 1259/1692/260 1184/1588/261 1199/1608/259
f 1199/1608/259 1184/1588/261 1032/1374/262
f 1032/1374/262 24/33/250 1120/1488/252
f 28/39/247 24/33/250 1085/1436/246
f 1085/1436/246 24/33/250 1193/1602/263
f 24/33/250 1032/1374/262 1193/1602/263
f 1193/1602/263 1032/1374/262 1184/1588/261
f 1258/1691/264 1184/1588/261 1259/1692/260
f 1215/1632/265 1193/1602/263 1184/1588/261
f 1184/1588/261 1258/1691/264 1215/1632/265
f 1258/1691/264 1239/1664/266 1215/1632/265
f 1215/1632/265 1239/1664/266 1192/1601/267
f 1180/1583/268 1193/1602/263 1215/1632/265
f 1180/1583/268 1215/1632/265 1151/1533/269
f 1151/1533/269 1215/1632/265 1192/1601/267
f 1219/1636/270 1035/1378/271 1192/1601/267
f 1241/1667/272 1219/1636/270 1192/1601/267
f 1241/1667/272 1192/1601/267 1239/1664/266
f 1296/1740/273 1219/1636/270 1241/1667/272
f 1192/1601/267 1035/1378/271 1151/1533/269
f 1151/1533/269 1085/1436/246 1180/1583/268
f 1180/1583/268 1085/1436/246 1193/1602/263
f 4/4/245 1085/1436/246 1151/1533/269
f 4/4/245 1151/1533/269 1035/1378/271
f 1016/1348/248 4/4/245 1035/1378/271
f 1156/1542/207 1171/1570/201 1167/1563/203
f 1171/1570/201 1205/1616/274 1200/1609/275
f 1205/1616/274 1171/1570/201 1174/1574/216
f 1171/1570/201 1200/1609/275 1217/1634/202
f 1217/1634/202 1200/1609/275 1205/1616/274
f 1217/1634/202 1205/1616/274 1224/1641/276
f 1174/1574/216 1224/1641/276 1205/1616/274
s 0
f 1035/1378/277 1093/1448/278 1012/1343/279
f 1093/1448/280 1035/1378/281 1174/1574/282
f 1174/1574/283 1035/1378/284 1219/1636/285
s 1
f 1174/1574/216 1219/1636/270 1274/1711/286
s 0
f 337/472/287 328/458/288 209/287/289
s 1
f 294/411/13 328/458/22 363/504/290
f 294/411/13 363/504/290 326/455/11
f 326/455/11 363/504/290 199/273/9
f 222/308/8 360/501/291 225/314/6
f 368/512/292 225/314/6 360/501/291
f 368/512/292 360/501/291 466/639/293
f 483/660/294 466/639/293 360/501/291
f 584/783/295 483/660/294 360/501/291
f 577/775/296 584/783/295 360/501/291
f 646/863/297 577/775/296 492/671/298
f 646/863/297 492/671/298 519/703/299
f 607/815/300 522/709/301 470/644/302
s 0
f 306/429/303 457/627/304 243/341/304
s 1
f 457/627/305 306/429/306 463/636/307
f 463/636/307 306/429/306 413/571/308
f 349/489/309 438/603/310 413/571/308
f 413/571/308 389/540/311 349/489/309
f 413/571/308 306/429/306 389/540/311
f 349/489/309 389/540/311 299/419/42
f 335/469/312 349/489/309 270/379/40
f 349/489/309 335/469/312 448/616/313
f 266/373/102 394/545/314 335/469/312
f 448/616/313 335/469/312 394/545/314
f 473/648/315 394/545/314 340/477/103
f 340/477/103 394/545/314 266/373/102
f 222/308/8 331/463/7 420/579/316
f 420/579/316 360/501/291 222/308/8
f 419/578/317 420/579/316 331/463/7
f 419/578/317 331/463/7 199/273/9
f 419/578/317 199/273/9 363/504/290
f 363/504/290 328/458/22 337/472/318
f 363/504/290 337/472/318 445/612/319
f 470/644/302 363/504/290 445/612/319
f 419/578/317 363/504/290 470/644/302
f 492/671/298 360/501/291 420/579/316
f 360/501/291 492/671/298 577/775/296
f 492/671/298 420/579/316 519/703/299
f 519/703/299 420/579/316 419/578/317
f 522/709/301 519/703/299 419/578/317
f 419/578/317 470/644/302 522/709/301
f 607/815/300 470/644/302 469/643/320
f 607/815/300 469/643/320 609/818/321
s 0
f 243/341/322 609/818/322 469/643/322
s 1
f 469/643/320 470/644/302 445/612/319
s 0
f 469/643/323 445/612/324 337/472/323
f 337/472/325 209/287/326 243/341/327
s 1
f 306/429/306 243/341/101 239/335/37
s 0
f 469/643/328 337/472/329 243/341/328
f 243/341/330 457/627/330 609/818/330
s 1
f 161/223/162 220/303/158 371/518/331
f 161/223/162 351/491/332 98/133/163
f 351/491/332 304/427/333 98/133/163
s 0
f 329/459/334 223/310/334 304/427/334
s 1
f 223/310/234 329/459/335 287/401/336
f 329/459/335 319/447/337 287/401/336
f 287/401/336 319/447/337 311/438/338
f 311/438/338 319/447/337 318/446/339
f 319/447/337 327/456/340 318/446/339
f 319/447/337 339/474/341 327/456/340
f 339/474/341 319/447/337 355/496/342
f 355/496/342 319/447/337 329/459/335
f 339/474/341 355/496/342 342/480/343
f 355/496/342 329/459/335 376/524/344
s 0
f 329/459/345 304/427/346 376/524/347
f 376/524/348 304/427/348 767/1009/348
f 767/1009/349 477/652/350 376/524/351
s 1
f 477/652/352 767/1009/353 569/766/354
f 477/652/352 569/766/354 515/698/355
f 569/766/354 589/790/356 566/763/357
f 589/790/356 569/766/354 614/824/358
f 569/766/354 767/1009/353 641/855/359
f 569/766/354 641/855/359 614/824/358
f 614/824/358 641/855/359 625/836/360
s 0
f 304/427/361 529/717/361 767/1009/361
s 1
f 346/486/157 395/546/362 220/303/158
f 220/303/158 395/546/362 371/518/331
f 161/223/162 371/518/331 407/562/363
f 346/486/157 313/441/156 442/608/364
f 395/546/362 346/486/157 442/608/364
f 407/562/363 351/491/332 161/223/162
f 677/899/365 529/717/366 304/427/367
f 677/899/365 304/427/367 507/687/368
s 0
f 507/687/369 304/427/370 351/491/371
s 1
f 351/491/332 407/562/363 507/687/368
f 407/562/363 371/518/331 504/684/372
f 407/562/363 504/684/372 507/687/368
f 507/687/368 504/684/372 576/774/373
f 677/899/365 507/687/368 576/774/373
f 592/793/374 576/774/373 504/684/372
f 592/793/374 504/684/372 371/518/331
f 545/737/375 483/661/294 584/784/295
f 576/774/373 694/919/376 677/899/365
f 693/918/377 576/774/373 592/793/374
f 592/793/374 525/713/378 766/1007/379
f 766/1007/379 525/713/378 545/737/375
f 592/793/374 766/1007/379 763/1003/380
f 545/737/375 675/896/381 766/1007/379
f 763/1003/380 693/918/377 592/793/374
f 693/918/377 694/919/376 576/774/373
f 529/717/366 677/899/365 807/1062/382
f 677/899/365 694/919/376 807/1062/382
f 766/1007/379 868/1149/383 763/1003/380
f 868/1149/383 766/1007/379 843/1109/384
f 868/1149/383 892/1184/385 763/1003/380
f 868/1149/383 903/1197/386 916/1213/387
f 868/1149/383 916/1213/387 892/1184/385
f 892/1184/385 916/1213/387 910/1206/388
f 694/919/376 892/1184/385 910/1206/388
f 694/919/376 910/1206/388 917/1214/389
f 694/919/376 881/1172/390 807/1062/382
f 892/1184/385 694/919/376 693/918/377
f 892/1184/385 693/918/377 763/1003/380
f 529/717/366 807/1062/382 881/1172/390
s 0
f 911/1207/391 724/960/391 767/1009/391
s 1
f 881/1172/390 767/1009/392 529/717/366
f 881/1172/390 917/1214/389 926/1228/393
f 926/1228/393 917/1214/389 910/1206/388
f 931/1235/394 916/1213/387 903/1197/386
f 931/1235/394 903/1197/386 928/1230/395
f 916/1213/387 938/1245/396 910/1206/388
f 916/1213/387 931/1235/394 938/1245/396
f 910/1206/388 938/1245/396 926/1228/393
f 767/1009/392 881/1172/390 924/1225/397
f 911/1207/398 767/1009/392 924/1225/397
f 926/1228/393 924/1225/397 881/1172/390
f 924/1225/397 926/1228/393 956/1265/399
f 956/1265/399 926/1228/393 959/1269/400
f 938/1245/396 959/1269/400 926/1228/393
f 928/1230/395 937/1243/401 957/1266/402
f 928/1230/395 957/1266/402 931/1235/394
f 931/1235/394 957/1266/402 963/1274/403
f 931/1235/394 963/1274/403 938/1245/396
f 938/1245/396 963/1274/403 959/1269/400
f 313/441/156 368/513/292 442/608/364
f 442/608/364 368/513/292 466/640/293
f 466/640/293 483/661/294 442/608/364
f 395/546/362 442/608/364 525/713/378
f 525/713/378 442/608/364 545/737/375
f 395/546/362 525/713/378 592/793/374
f 371/518/331 395/546/362 592/793/374
f 545/737/375 442/608/364 483/661/294
f 368/513/292 313/441/156 150/209/154
f 368/513/292 150/209/154 225/315/6
f 306/429/306 239/336/37 275/386/100
f 310/437/99 306/429/306 275/386/100
f 310/437/99 299/419/42 354/495/404
f 310/437/99 354/495/404 306/429/306
f 306/429/306 354/495/404 389/540/311
f 389/540/311 354/495/404 299/419/42
f 349/489/309 299/419/42 270/379/40
f 270/379/40 141/197/41 266/373/102
f 270/379/40 266/373/102 335/469/312
f 413/571/308 438/603/310 463/636/307
f 438/603/310 349/489/309 448/616/313
f 457/627/305 463/636/307 521/708/405
f 457/627/305 521/708/405 560/755/406
f 521/708/405 463/636/307 438/603/310
f 521/708/405 438/603/310 539/729/407
f 559/753/408 438/603/310 448/616/313
f 448/616/313 394/545/314 536/725/409
f 438/603/310 559/753/408 539/729/407
f 521/708/405 539/729/407 560/755/406
s 0
f 473/648/410 536/725/411 394/545/412
f 473/648/413 565/762/414 536/725/415
s 1
f 536/725/409 565/762/416 638/851/417
f 638/851/417 565/762/416 620/830/418
s 0
f 784/1029/419 638/851/420 620/830/421
s 1
f 869/1151/422 851/1120/423 839/1103/424
f 798/1049/425 839/1103/424 784/1029/426
f 839/1103/424 851/1120/423 784/1029/426
f 559/753/408 448/616/313 536/725/409
f 560/755/406 603/807/427 457/627/305
s 0
f 1337/1799/428 1387/1868/428 1248/1679/428
f 1248/1679/429 1387/1869/429 1323/1779/429
s 1
f 1289/1731/430 1262/1696/431 1277/1715/432
f 1262/1696/431 1254/1687/433 1277/1715/432
f 1262/1696/431 1248/1679/197 1237/1662/196
f 1262/1696/431 1237/1662/196 1247/1678/434
f 1262/1696/431 1247/1678/434 1254/1687/433
f 1237/1662/196 1226/1644/435 1247/1678/434
f 1226/1644/435 1224/1641/276 1174/1574/216
f 1226/1644/435 1174/1574/216 1247/1678/434
f 1224/1641/276 1226/1644/435 1217/1634/202
f 1217/1634/202 1226/1644/435 1202/1612/199
f 1226/1644/435 1237/1662/196 1202/1612/199
f 1254/1687/433 1247/1678/434 1174/1574/216
f 1254/1687/433 1174/1574/216 1277/1715/432
f 1174/1574/216 1274/1711/286 1303/1750/436
f 1277/1715/432 1174/1574/216 1303/1750/436
f 1277/1715/432 1290/1732/437 1289/1731/430
f 1290/1732/437 1303/1750/436 1310/1759/438
f 1290/1732/437 1310/1759/438 1313/1764/439
f 1289/1731/430 1290/1732/437 1313/1764/439
f 1289/1731/430 1313/1764/439 1311/1761/440
f 1289/1731/430 1311/1761/440 1262/1696/431
f 1311/1761/440 1337/1799/441 1248/1679/197
f 1311/1761/440 1248/1679/197 1262/1696/431
f 1326/1784/442 1310/1759/438 1324/1781/443
f 1310/1759/438 1303/1750/436 1324/1781/443
f 1343/1807/444 1324/1781/443 1355/1821/445
f 1355/1821/445 1324/1781/443 1353/1819/446
f 1355/1821/445 1353/1819/446 1374/1846/447
f 1274/1711/286 1353/1819/446 1324/1781/443
f 1274/1711/286 1324/1781/443 1303/1750/436
f 1379/1854/448 1353/1819/446 1274/1711/286
f 1374/1846/447 1353/1819/446 1379/1854/448
f 1421/1912/449 1374/1846/447 1379/1854/448
f 1433/1929/450 1421/1912/449 1379/1854/448
f 1462/1963/451 1433/1929/450 1379/1854/448
f 1303/1750/436 1290/1732/437 1277/1715/432
s 0
f 1274/1711/452 1373/1843/453 1379/1854/454
s 1
f 1302/1748/455 1373/1843/456 1274/1711/286
f 1274/1711/286 1219/1636/270 1302/1748/455
f 1239/1664/266 1258/1691/264 1346/1811/457
f 1346/1811/457 1258/1691/264 1360/1827/258
f 1461/1961/458 1384/1863/257 1400/1885/459
f 1461/1961/458 1400/1885/459 1487/1993/460
s 0
f 1507/2019/461 1400/1885/461 1021/1354/461
f 1384/1863/462 1021/1354/462 1400/1885/462
f 1384/1863/463 1199/1608/463 1120/1488/463
s 1
f 1302/1748/455 1219/1636/270 1296/1740/273
f 1296/1740/273 1241/1667/272 1314/1766/464
f 1259/1692/260 1360/1827/258 1258/1691/264
f 1239/1664/266 1314/1766/464 1241/1667/272
f 302/423/465 287/401/336 311/438/338
f 281/394/466 287/401/336 302/423/465
f 287/401/336 281/394/466 248/347/235
f 287/401/336 248/347/235 223/310/234
f 248/347/235 281/394/466 252/353/236
f 252/353/236 281/394/466 261/366/237
f 261/366/237 281/394/466 280/393/467
f 280/393/467 281/394/466 297/415/468
f 297/415/468 281/394/466 302/423/465
f 297/415/468 302/423/465 300/420/469
f 297/415/468 300/420/469 280/393/467
f 300/420/469 302/423/465 308/432/470
f 308/432/470 302/423/465 311/438/338
f 280/393/467 300/420/469 261/366/237
f 308/432/470 311/438/338 318/446/339
f 261/366/237 263/369/243 231/323/238
f 263/369/243 386/536/471 375/523/472
f 386/536/471 450/618/473 512/694/474
f 375/523/472 386/536/471 512/694/474
f 279/392/254 289/403/475 218/300/244
f 218/300/244 289/403/475 156/217/249
f 312/439/476 279/392/254 129/181/242
f 279/392/254 312/439/476 289/403/475
f 283/396/477 156/217/249 289/403/475
f 156/217/249 283/396/477 187/259/251
f 221/305/253 187/259/251 283/396/477
f 259/363/478 221/305/253 283/396/477
f 259/363/478 283/396/477 437/602/479
f 437/602/479 283/396/477 396/547/480
f 393/544/481 396/547/480 283/396/477
f 289/403/475 312/439/476 430/592/482
f 283/396/477 289/403/475 393/544/481
f 312/439/476 375/523/472 430/592/482
f 393/544/481 289/403/475 430/592/482
f 129/181/242 263/369/243 312/439/476
f 375/523/472 512/694/474 572/769/483
f 572/769/483 512/694/474 623/834/484
f 375/523/472 572/769/483 506/686/485
f 430/592/482 375/523/472 506/686/485
f 430/592/482 506/686/485 502/682/486
f 502/682/486 393/544/481 430/592/482
f 572/769/483 623/834/484 594/796/487
f 623/834/484 676/898/488 594/796/487
f 479/655/489 602/806/490 662/881/491
f 540/731/492 602/806/490 479/655/489
f 527/715/493 479/655/489 662/881/491
s 0
f 479/655/494 527/715/494 644/859/494
s 1
f 662/881/491 602/806/490 689/914/495
f 602/806/490 631/843/496 689/914/495
s 0
f 623/834/497 599/802/498 667/888/499
f 599/802/500 623/834/501 512/694/502
f 667/888/503 792/1041/504 623/834/505
s 1
f 623/834/484 778/1021/506 676/898/488
f 631/843/496 676/898/488 779/1022/507
f 779/1022/507 676/898/488 778/1021/506
f 689/914/495 631/843/496 779/1022/507
f 623/834/484 792/1041/508 778/1021/506
f 779/1022/507 742/979/509 689/914/495
f 742/979/509 527/715/493 662/881/491
f 818/1076/510 527/715/493 809/1064/511
f 527/715/493 742/979/509 809/1064/511
f 809/1064/511 742/979/509 779/1022/507
f 779/1022/507 778/1021/506 816/1072/512
f 816/1072/512 778/1021/506 820/1078/513
f 820/1078/513 778/1021/506 792/1041/508
f 792/1041/508 797/1047/514 820/1078/513
f 792/1041/508 667/888/515 797/1047/514
f 730/966/516 797/1047/514 667/888/515
s 0
f 745/982/517 765/1006/518 730/966/519
s 1
f 745/982/520 740/977/521 747/985/522
f 740/977/521 745/982/520 730/966/516
f 730/966/516 710/940/523 715/946/524
f 695/920/525 705/933/526 710/940/523
f 667/888/515 710/940/523 730/966/516
f 611/821/527 618/828/528 599/802/529
f 619/829/530 618/828/528 611/821/527
f 633/846/531 618/828/528 619/829/530
f 618/828/528 633/846/531 599/802/529
s 0
f 695/920/532 667/888/533 691/916/534
s 1
f 710/940/523 667/888/515 695/920/525
f 684/909/535 691/916/536 667/888/537
f 667/888/537 659/878/538 670/891/539
f 659/878/538 667/888/537 599/802/529
f 687/912/540 667/888/537 670/891/539
f 667/888/537 687/912/540 684/909/535
f 652/870/541 670/891/539 659/878/538
f 659/878/538 599/802/529 633/846/531
f 659/878/538 633/846/531 652/870/541
f 657/876/542 652/870/541 633/846/531
f 636/849/543 633/846/531 619/829/530
f 633/846/531 636/849/543 657/876/542
f 685/910/544 657/876/542 625/836/360
f 657/876/542 685/910/544 652/870/541
f 652/870/541 685/910/544 670/891/539
f 670/891/539 685/910/544 688/913/545
f 670/891/539 688/913/545 687/912/540
f 687/912/540 688/913/545 684/909/535
f 724/960/546 688/913/545 685/910/544
f 684/909/535 688/913/545 702/928/547
f 684/909/535 702/928/547 691/916/536
f 702/928/547 688/913/545 722/957/548
f 722/957/548 688/913/545 724/960/546
f 691/916/536 702/928/547 699/924/549
f 691/916/536 699/924/549 695/920/525
f 702/928/547 722/957/548 699/924/549
f 722/957/548 724/960/546 794/1043/550
f 724/960/546 685/910/544 641/855/359
f 641/855/359 685/910/544 625/836/360
f 625/836/360 657/876/542 636/849/543
f 636/849/543 619/829/530 628/840/551
f 636/849/543 628/840/551 625/836/360
f 628/840/551 619/829/530 611/821/527
f 625/836/360 628/840/551 610/820/552
f 610/820/552 628/840/551 611/821/527
f 625/836/360 610/820/552 613/823/553
f 625/836/360 613/823/553 583/782/554
f 625/836/360 583/782/554 614/824/358
f 583/782/554 613/823/553 581/780/555
f 614/824/358 583/782/554 589/790/356
f 564/761/556 589/790/356 583/782/554
f 589/790/356 564/761/556 566/763/357
f 595/797/557 581/780/555 613/823/553
f 595/797/557 613/823/553 610/820/552
f 583/782/554 581/780/555 564/761/556
f 581/780/555 563/760/558 564/761/556
f 581/780/555 595/797/557 563/760/558
f 564/761/556 563/760/558 512/694/474
f 564/761/556 512/694/474 566/763/357
f 566/763/357 512/694/474 515/698/355
f 569/766/354 566/763/357 515/698/355
f 488/667/559 515/698/355 512/694/474
f 515/698/355 499/679/560 477/652/352
f 499/679/560 515/698/355 505/685/561
f 505/685/561 515/698/355 488/667/559
f 501/681/562 477/652/352 499/679/560
f 499/679/560 482/659/563 501/681/562
f 499/679/560 505/685/561 482/659/563
f 474/649/564 477/652/352 501/681/562
f 474/649/564 501/681/562 475/650/565
f 475/650/565 501/681/562 465/638/566
f 465/638/566 501/681/562 487/666/567
f 487/666/567 501/681/562 482/659/563
f 487/666/567 482/659/563 465/638/566
f 474/649/564 475/650/565 458/629/568
f 458/629/568 475/650/565 465/638/566
f 474/649/564 458/629/568 429/591/569
f 474/649/564 429/591/569 376/524/344
f 474/649/564 376/524/344 477/652/352
f 429/591/569 458/629/568 434/597/570
f 376/524/344 429/591/569 405/560/571
f 429/591/569 434/597/570 424/585/572
f 376/524/344 405/560/571 355/496/342
f 405/560/571 429/591/569 414/572/573
f 405/560/571 414/572/573 406/561/574
f 414/572/573 429/591/569 424/585/572
f 392/543/575 355/496/342 405/560/571
f 392/543/575 405/560/571 406/561/574
f 355/496/342 392/543/575 379/528/576
f 369/514/577 355/496/342 379/528/576
f 355/496/342 369/514/577 342/480/343
f 379/528/576 392/543/575 391/542/578
f 391/542/578 392/543/575 406/561/574
f 369/514/577 379/528/576 367/511/579
f 369/514/577 367/511/579 342/480/343
f 379/528/576 391/542/578 377/525/580
f 379/528/576 377/525/580 374/522/581
f 379/528/576 374/522/581 367/511/579
f 374/522/581 377/525/580 361/502/582
f 374/522/581 361/502/582 367/511/579
f 367/511/579 356/497/583 342/480/343
f 356/497/583 367/511/579 361/502/582
f 361/502/582 377/525/580 391/542/578
f 361/502/582 391/542/578 386/536/471
f 263/369/243 361/502/582 386/536/471
f 361/502/582 263/369/243 332/464/584
f 361/502/582 332/464/584 338/473/585
f 361/502/582 338/473/585 356/497/583
f 332/464/584 263/369/243 318/446/339
f 263/369/243 308/432/470 318/446/339
f 308/432/470 263/369/243 300/420/469
f 300/420/469 263/369/243 261/366/237
f 318/446/339 327/456/340 332/464/584
f 332/464/584 327/456/340 338/473/585
f 338/473/585 327/456/340 339/474/341
f 338/473/585 339/474/341 342/480/343
f 338/473/585 342/480/343 356/497/583
f 386/536/471 391/542/578 409/565/586
f 391/542/578 398/550/587 409/565/586
f 398/550/587 391/542/578 406/561/574
f 409/565/586 398/550/587 406/561/574
f 409/565/586 406/561/574 414/572/573
f 424/585/572 434/597/570 414/572/573
f 434/597/570 409/565/586 414/572/573
f 409/565/586 434/597/570 386/536/471
f 434/597/570 441/607/588 450/618/473
s 0
f 450/618/589 386/536/590 434/597/590
s 1
f 465/638/566 450/618/473 441/607/588
f 450/618/473 465/638/566 476/651/591
f 465/638/566 441/607/588 455/624/592
f 455/624/592 458/629/568 465/638/566
f 455/624/592 441/607/588 458/629/568
f 441/607/588 434/597/570 458/629/568
f 476/651/591 465/638/566 482/659/563
f 476/651/591 482/659/563 486/665/593
f 450/618/473 476/651/591 486/665/593
f 450/618/473 486/665/593 488/667/559
f 482/659/563 505/685/561 486/665/593
f 486/665/593 505/685/561 497/677/594
f 497/677/594 505/685/561 488/667/559
f 497/677/594 488/667/559 486/665/593
f 595/797/557 611/821/527 599/802/529
f 595/797/557 605/813/595 611/821/527
f 595/797/557 610/820/552 605/813/595
f 605/813/595 610/820/552 611/821/527
s 0
f 595/797/596 599/802/597 563/760/598
s 1
f 563/760/558 599/802/599 512/694/474
s 0
f 724/960/600 641/855/600 767/1009/600
f 794/1043/601 724/960/602 911/1207/603
f 794/1043/604 911/1207/604 929/1233/604
f 929/1233/605 832/1096/605 794/1043/605
s 1
f 722/957/548 794/1043/550 758/996/606
f 722/957/548 758/996/606 727/963/607
f 758/996/606 794/1043/550 776/1019/608
f 727/963/607 758/996/606 718/949/609
f 722/957/548 727/963/607 700/925/610
f 722/957/548 700/925/610 699/924/549
f 700/925/610 727/963/607 705/933/526
f 705/933/526 727/963/607 718/949/609
f 705/933/526 718/949/609 710/940/523
f 758/996/606 729/965/611 718/949/609
f 710/940/523 718/949/609 715/946/524
f 715/946/524 718/949/609 729/965/611
f 715/946/524 729/965/611 726/962/612
f 729/965/611 758/996/606 776/1019/608
f 749/987/613 729/965/611 776/1019/608
f 729/965/611 749/987/613 726/962/612
f 776/1019/608 794/1043/550 832/1096/614
f 770/1012/615 776/1019/608 832/1096/614
f 776/1019/608 770/1012/615 749/987/613
f 749/987/613 770/1012/615 750/988/616
f 832/1096/614 793/1042/617 770/1012/615
f 749/987/613 750/988/616 726/962/612
f 750/988/616 740/977/521 726/962/612
f 740/977/521 750/988/616 747/985/522
f 750/988/616 770/1012/615 775/1018/618
f 775/1018/618 770/1012/615 793/1042/617
f 747/985/522 750/988/616 762/1002/619
f 762/1002/619 750/988/616 775/1018/618
s 0
f 793/1042/620 832/1096/621 803/1055/622
s 1
f 747/985/522 752/990/623 745/982/520
f 752/990/623 747/985/522 756/994/624
f 756/994/624 747/985/522 757/995/625
f 757/995/625 747/985/522 762/1002/619
f 756/994/624 757/995/625 754/992/626
f 756/994/624 754/992/626 753/991/627
f 753/991/627 754/992/626 757/995/625
f 756/994/624 753/991/627 755/993/628
f 756/994/624 755/993/628 752/990/623
f 752/990/623 755/993/628 753/991/627
f 752/990/623 753/991/627 757/995/625
f 745/982/520 752/990/623 757/995/625
f 765/1006/629 745/982/520 757/995/625
f 733/969/630 720/953/631 743/980/632
f 743/980/632 720/953/631 748/986/633
f 748/986/633 720/953/631 765/1006/629
f 748/986/633 765/1006/629 757/995/625
f 748/986/633 762/1002/619 751/989/634
f 762/1002/619 748/986/633 757/995/625
f 775/1018/618 751/989/634 762/1002/619
f 787/1032/635 775/1018/618 793/1042/617
f 793/1042/617 803/1055/636 787/1032/635
s 0
f 832/1096/637 929/1233/637 920/1219/637
s 1
f 964/1275/638 929/1233/639 970/1289/640
f 929/1233/639 960/1270/641 970/1289/640
f 965/1278/642 960/1270/641 929/1233/639
f 960/1270/641 965/1278/642 956/1265/399
s 0
f 965/1278/643 929/1233/644 911/1207/645
f 965/1278/646 911/1207/647 924/1225/648
s 1
f 924/1225/397 956/1265/399 965/1278/642
f 956/1265/399 959/1269/400 979/1303/649
f 989/1314/650 959/1269/400 963/1274/403
f 986/1311/651 963/1274/403 961/1271/652
f 961/1271/652 963/1274/403 957/1266/402
f 519/704/299 739/976/653 646/864/297
f 584/785/295 577/776/296 675/897/381
f 675/897/381 545/738/375 584/785/295
f 814/1070/654 675/897/381 577/776/296
f 814/1070/654 577/776/296 739/976/653
f 766/1008/379 675/897/381 843/1110/384
f 843/1110/384 675/897/381 814/1070/654
f 696/921/655 825/1084/656 522/710/301
f 522/710/301 825/1084/656 882/1173/657
f 882/1173/657 739/976/653 522/710/301
f 739/976/653 577/776/296 646/864/297
f 522/710/301 739/976/653 519/704/299
f 696/921/655 607/816/300 609/819/321
f 607/816/300 696/921/655 522/710/301
s 0
f 725/961/658 609/819/658 898/1192/658
f 936/1242/659 609/819/660 681/905/660
f 609/819/661 936/1242/661 898/1192/662
f 898/1192/663 936/1242/664 904/1200/665
f 681/905/666 947/1255/666 936/1242/666
f 947/1255/667 939/1246/667 936/1242/667
f 944/1252/668 947/1255/668 913/1209/668
f 944/1252/669 913/1209/669 982/1306/669
f 913/1209/670 967/1281/671 982/1306/672
f 913/1209/673 914/1210/673 967/1281/673
s 1
f 914/1210/674 901/1195/675 909/1205/676
f 909/1205/676 901/1195/675 907/1203/677
f 901/1195/675 888/1179/678 907/1203/677
f 907/1203/677 888/1179/678 891/1183/679
f 857/1130/680 900/1194/681 891/1183/679
f 891/1183/679 781/1024/682 857/1130/680
f 781/1024/682 891/1183/679 850/1119/683
f 888/1179/678 884/1175/684 860/1135/685
f 884/1175/684 888/1179/678 895/1187/686
f 888/1179/678 901/1195/675 895/1187/686
s 0
f 895/1187/687 901/1195/687 913/1209/687
s 1
f 884/1175/684 895/1187/686 877/1167/688
f 860/1135/685 850/1119/683 888/1179/678
f 888/1179/678 850/1119/683 891/1183/679
f 857/1130/680 781/1024/682 851/1121/423
f 784/1028/426 851/1121/423 781/1024/682
f 638/852/417 784/1028/426 781/1024/682
f 781/1024/682 850/1119/683 697/922/689
f 850/1119/683 860/1135/685 819/1077/690
f 877/1167/688 860/1135/685 884/1175/684
f 609/819/321 725/961/691 696/921/655
s 0
f 603/808/692 681/905/693 609/819/692
f 947/1255/694 681/905/694 805/1060/694
f 877/1167/695 895/1187/695 947/1255/695
f 913/1209/696 947/1255/696 895/1187/696
f 805/1060/697 877/1167/697 947/1255/697
s 1
f 877/1167/688 805/1060/698 819/1077/690
f 877/1167/688 819/1077/690 860/1135/685
f 850/1119/683 819/1077/690 697/922/689
f 697/922/689 819/1077/690 736/973/699
f 819/1077/690 805/1060/698 736/973/699
f 781/1024/682 697/922/689 738/975/700
f 697/922/689 736/973/699 678/900/701
f 681/905/702 736/973/699 805/1060/698
s 0
f 603/808/703 609/819/704 457/628/703
s 1
f 918/1215/705 814/1070/654 739/976/653
f 696/921/655 725/961/691 898/1192/706
f 696/921/655 898/1192/706 905/1201/707
f 696/921/655 905/1201/707 825/1084/656
f 825/1084/656 908/1204/708 882/1173/657
f 908/1204/708 825/1084/656 905/1201/707
f 904/1200/709 905/1201/707 898/1192/706
f 908/1204/708 921/1222/710 882/1173/657
f 882/1173/657 921/1222/710 739/976/653
f 918/1215/705 739/976/653 921/1222/710
f 934/1240/711 905/1201/707 904/1200/709
f 905/1201/707 934/1240/711 908/1204/708
f 934/1240/711 904/1200/709 936/1242/712
f 903/1198/386 906/1202/713 928/1231/395
f 906/1202/713 918/1215/705 937/1244/401
f 918/1215/705 955/1264/714 950/1258/715
f 955/1264/714 918/1215/705 921/1222/710
f 939/1246/716 934/1240/711 936/1242/712
f 944/1252/717 982/1306/718 978/1302/719
f 978/1302/719 990/1315/720 962/1273/721
f 978/1302/719 982/1306/718 987/1312/722
f 990/1315/720 978/1302/719 987/1312/722
f 987/1312/722 982/1306/718 993/1320/723
f 990/1315/720 983/1307/724 962/1273/721
f 983/1307/724 977/1301/725 955/1264/714
f 951/1259/726 944/1252/717 978/1302/719
f 947/1255/727 944/1252/717 951/1259/726
f 951/1259/726 978/1302/719 962/1273/721
f 950/1258/715 955/1264/714 977/1301/725
f 977/1301/725 961/1272/652 950/1258/715
f 950/1258/715 961/1272/652 937/1244/401
f 937/1244/401 961/1272/652 957/1267/402
f 986/1310/651 961/1272/652 977/1301/725
f 977/1301/725 997/1324/728 986/1310/651
f 998/1325/729 986/1310/651 997/1324/728
f 997/1324/728 977/1301/725 1001/1330/730
f 1001/1330/730 977/1301/725 983/1307/724
f 998/1326/729 997/1324/728 968/1282/731
f 997/1324/728 992/1318/732 968/1283/731
f 1002/1331/733 992/1318/732 1001/1330/730
f 992/1318/732 997/1324/728 1001/1330/730
f 1001/1330/730 1005/1335/734 1002/1331/733
f 1005/1335/734 1001/1330/730 983/1307/724
f 1005/1335/734 983/1307/724 990/1315/720
f 1005/1335/734 990/1315/720 1000/1329/735
f 1003/1333/736 1005/1335/734 1000/1329/735
f 814/1070/654 918/1215/705 906/1202/713
f 906/1202/713 903/1199/386 843/1110/384
f 843/1110/384 903/1199/386 868/1150/383
f 906/1202/713 843/1110/384 814/1070/654
f 906/1202/713 937/1244/401 928/1232/395
f 937/1244/401 918/1215/705 950/1258/715
f 962/1273/721 955/1264/714 921/1222/710
f 962/1273/721 921/1222/710 908/1204/708
f 908/1204/708 951/1259/726 962/1273/721
f 939/1246/716 947/1255/727 934/1240/711
f 934/1240/711 947/1255/727 951/1259/726
f 934/1240/711 951/1259/726 908/1204/708
f 914/1210/674 913/1209/737 901/1195/675
f 982/1306/718 967/1281/738 993/1320/723
f 987/1312/722 993/1320/723 1000/1329/735
f 987/1312/722 1000/1329/735 990/1315/720
f 1000/1329/735 993/1320/723 967/1281/738
s 0
f 952/1260/739 914/1210/739 915/1211/739
s 1
f 889/1180/740 915/1211/741 909/1205/676
f 909/1205/676 907/1203/677 889/1180/740
f 896/1188/742 889/1180/740 907/1203/677
f 907/1203/677 900/1194/681 896/1188/742
f 909/1205/676 915/1211/741 914/1210/674
f 900/1194/681 907/1203/677 891/1183/679
f 896/1188/742 900/1194/681 870/1154/743
f 900/1194/681 887/1178/744 870/1154/743
f 603/808/427 560/756/406 681/905/702
f 681/905/702 560/756/406 736/973/699
f 736/973/699 560/756/406 678/900/701
f 697/922/689 559/754/408 738/975/700
f 559/754/408 697/922/689 539/730/407
f 539/730/407 697/922/689 678/900/701
f 678/900/701 560/756/406 539/730/407
f 559/754/408 536/726/409 638/852/417
f 738/975/700 559/754/408 638/852/417
f 781/1024/682 738/975/700 638/852/417
f 1631/2196/745 1546/2078/223 1519/2037/222
f 1546/2078/223 1631/2196/745 1651/2227/746
f 1546/2078/223 1651/2227/746 1527/2051/224
f 1527/2051/224 1651/2227/746 1530/2056/78
f 1530/2056/78 1651/2227/746 1684/2274/87
f 1671/2251/747 1631/2196/745 1519/2037/222
f 1671/2251/747 1519/2037/222 1372/1842/193
f 1780/2410/748 1684/2274/87 1651/2227/746
f 1671/2251/747 1372/1842/193 1668/2247/749
f 1671/2251/747 1668/2247/749 1766/2392/750
f 1671/2251/747 1766/2392/750 1631/2196/745
f 1651/2227/746 1631/2196/745 1780/2410/748
f 1684/2274/87 1780/2410/748 1783/2414/94
f 1789/2421/751 1780/2410/748 1631/2196/745
f 1631/2196/745 1787/2419/752 1789/2421/751
f 1787/2419/752 1631/2196/745 1766/2392/750
f 1776/2405/753 1766/2392/750 1668/2247/749
f 1780/2410/748 1810/2449/754 1803/2438/755
f 1810/2449/754 1780/2410/748 1789/2421/751
f 1787/2419/752 1766/2392/750 1820/2459/756
f 1820/2459/756 1766/2392/750 1819/2458/757
f 1819/2458/757 1766/2392/750 1776/2405/753
f 1776/2405/753 1387/1870/758 1790/2422/759
f 1668/2247/749 1387/1870/758 1776/2405/753
f 1668/2247/749 1323/1780/194 1387/1870/758
f 1323/1780/194 1668/2247/749 1372/1842/193
s 0
f 1387/1870/760 1337/1800/760 1371/1840/760
s 1
f 1776/2405/753 1790/2422/759 1819/2458/757
f 1790/2422/759 1821/2460/761 1819/2458/757
f 1819/2458/757 1821/2460/761 1847/2494/762
f 1819/2458/757 1847/2494/762 1820/2459/756
f 1847/2494/762 1851/2500/763 1820/2459/756
f 1849/2497/764 1859/2513/765 1828/2471/766
f 1859/2513/765 1869/2528/767 1858/2509/768
f 1849/2497/764 1837/2481/769 1852/2502/770
f 1852/2502/770 1830/2474/771 1851/2500/763
f 1830/2474/771 1820/2459/756 1851/2500/763
f 1852/2502/770 1837/2481/769 1830/2474/771
f 1840/2485/772 1837/2481/769 1849/2497/764
f 1840/2485/772 1849/2497/764 1828/2471/766
f 1828/2471/766 1810/2449/754 1840/2485/772
f 1837/2481/769 1840/2485/772 1810/2449/754
f 1837/2481/769 1789/2421/751 1830/2474/771
f 1789/2421/751 1837/2481/769 1810/2449/754
f 1810/2449/754 1828/2471/766 1803/2439/755
f 1789/2421/751 1787/2419/752 1830/2474/771
f 1787/2419/752 1820/2459/756 1830/2474/771
s 0
f 1603/2155/773 1790/2422/773 1580/2122/773
f 1790/2422/774 1387/1870/774 1580/2122/774
f 1387/1870/775 1493/2002/775 1580/2122/775
s 1
f 1580/2122/776 1535/2061/777 1539/2068/778
f 1535/2061/777 1524/2046/779 1539/2068/778
f 1535/2061/777 1505/2017/780 1524/2046/779
f 1505/2017/780 1504/2015/781 1524/2046/779
f 1505/2017/780 1535/2061/777 1485/1991/782
f 1485/1991/782 1535/2061/777 1580/2122/776
f 1504/2015/781 1505/2017/780 1495/2004/783
f 1495/2004/783 1505/2017/780 1481/1986/784
f 1505/2017/780 1485/1991/782 1481/1986/784
f 1493/2002/785 1485/1991/782 1580/2122/776
f 1481/1986/784 1485/1991/782 1475/1980/786
f 1481/1986/784 1475/1980/786 1462/1964/451
f 1462/1964/451 1475/1980/786 1446/1944/787
f 1462/1964/451 1446/1944/787 1433/1930/450
f 1475/1980/786 1485/1991/782 1493/2002/785
f 1446/1944/787 1475/1980/786 1477/1982/788
f 1477/1982/788 1475/1980/786 1493/2002/785
f 1458/1958/789 1446/1944/787 1477/1982/788
f 1433/1930/450 1446/1944/787 1426/1918/790
f 1433/1930/450 1426/1918/790 1421/1913/449
f 1446/1944/787 1458/1958/789 1425/1917/791
f 1446/1944/787 1425/1917/791 1426/1918/790
f 1374/1847/447 1421/1913/449 1426/1918/790
f 1408/1897/792 1374/1847/447 1426/1918/790
f 1426/1918/790 1425/1917/791 1408/1897/792
f 1408/1897/792 1425/1917/791 1386/1867/793
f 1374/1847/447 1408/1897/792 1386/1867/793
f 1374/1847/447 1386/1867/793 1376/1850/794
f 1359/1826/795 1374/1847/447 1376/1850/794
f 1374/1847/447 1359/1826/795 1355/1822/445
f 1347/1813/796 1376/1850/794 1357/1824/797
f 1357/1824/797 1376/1850/794 1386/1867/793
f 1376/1850/794 1347/1813/796 1359/1826/795
f 1343/1808/444 1355/1822/445 1359/1826/795
f 1343/1808/444 1359/1826/795 1347/1813/796
f 1324/1782/443 1343/1808/444 1347/1813/796
f 1371/1840/798 1357/1824/797 1386/1867/793
f 1357/1824/797 1356/1823/799 1347/1813/796
f 1357/1824/797 1371/1840/798 1356/1823/799
f 1336/1798/800 1324/1782/443 1347/1813/796
f 1324/1782/443 1336/1798/800 1326/1785/442
f 1347/1813/796 1356/1823/799 1334/1796/801
f 1347/1813/796 1334/1796/801 1336/1798/800
f 1326/1785/442 1336/1798/800 1310/1760/438
f 1313/1765/439 1310/1760/438 1336/1798/800
f 1313/1765/439 1336/1798/800 1334/1796/801
f 1311/1762/440 1313/1765/439 1334/1796/801
f 1334/1796/801 1337/1800/441 1311/1762/440
f 1337/1800/441 1334/1796/801 1356/1823/799
f 1337/1800/441 1356/1823/799 1371/1840/798
f 1371/1840/798 1386/1867/793 1435/1932/802
f 1435/1932/802 1386/1867/793 1425/1917/791
s 0
f 1371/1840/803 1435/1932/803 1387/1870/803
s 1
f 1435/1932/802 1425/1917/791 1458/1958/789
f 1435/1932/802 1458/1958/789 1477/1982/788
f 1435/1932/802 1477/1982/788 1493/2002/785
f 1435/1932/802 1493/2002/785 1387/1870/804
s 0
f 1790/2422/805 1603/2155/805 1821/2460/805
s 1
f 1238/1663/153 1267/1703/152 1318/1772/125
f 1195/1604/69 1238/1663/153 1348/1814/128
f 1370/1839/133 1186/1590/97 1222/1639/68
f 1319/1773/98 1195/1604/69 1348/1814/128
f 1362/1830/129 1348/1814/128 1238/1663/153
f 1362/1830/129 1238/1663/153 1318/1772/125
s 0
f 1531/2057/806 1407/1896/806 1595/2142/806
s 1
f 1641/2211/122 1595/2142/121 1683/2270/138
f 1595/2142/121 1734/2340/141 1683/2270/138
f 1812/2451/119 1802/2437/118 1827/2470/807
f 1827/2470/807 1802/2437/118 1823/2465/117
f 1832/2476/808 1823/2465/117 1779/2409/92
f 1781/2412/93 1832/2476/808 1779/2409/92
f 1832/2476/808 1838/2482/809 1823/2465/117
f 1832/2476/808 1839/2483/810 1838/2482/809
f 1823/2465/117 1848/2496/811 1827/2470/807
f 1812/2451/119 1827/2470/807 1843/2488/812
f 1838/2482/809 1848/2496/811 1823/2465/117
f 1839/2483/810 1832/2476/808 1841/2486/813
f 1781/2412/93 1803/2440/755 1828/2472/766
f 1832/2476/808 1781/2412/93 1841/2486/813
f 1812/2451/119 1843/2488/812 1595/2142/814
s 0
f 1595/2142/815 1825/2467/815 1799/2433/816
s 1
f 1595/2142/817 1799/2433/818 1793/2426/819
s 0
f 1595/2142/820 1793/2426/821 1734/2340/822
s 1
f 1752/2365/150 1734/2340/141 1793/2426/819
f 1793/2426/819 1791/2423/823 1752/2365/150
f 1791/2423/823 1731/2334/142 1752/2365/150
f 1731/2334/142 1775/2403/824 1700/2290/144
f 1743/2353/825 1718/2315/826 1650/2226/148
f 1743/2353/825 1650/2226/148 1700/2290/144
f 1404/1893/134 1415/1905/827 1370/1839/133
f 1405/1894/828 1370/1839/133 1415/1905/827
f 1415/1905/827 1394/1877/829 1405/1894/828
f 1555/2091/830 1415/1905/827 1544/2075/149
f 1143/1525/48 14/18/49 1102/1460/39
f 204/278/104 141/198/41 14/18/49
f 1127/1500/50 1143/1525/48 1186/1590/97
s 0
f 1650/2226/831 1622/2184/832 1555/2091/833
s 1
f 1555/2091/830 1394/1877/829 1415/1905/827
s 0
f 1622/2184/834 1650/2226/835 1718/2316/836
f 1718/2316/837 1733/2337/837 1622/2184/838
s 1
f 109/153/839 293/409/840 140/196/841
f 347/487/842 140/196/841 293/409/840
f 143/200/843 293/409/840 109/153/839
f 140/196/841 20/28/844 109/153/839
f 140/196/841 168/230/845 3/3/846
f 168/230/845 112/156/847 3/3/846
f 333/465/848 168/230/845 140/196/841
f 347/487/842 293/409/840 444/611/849
f 293/409/840 362/503/850 444/611/849
f 347/487/842 451/619/851 333/465/848
f 481/658/852 451/619/851 347/487/842
f 451/619/851 481/658/852 543/735/853
f 444/611/849 543/735/853 481/658/852
f 543/735/853 520/705/854 451/619/851
f 516/699/855 451/619/851 520/705/854
f 520/705/854 543/735/853 647/865/856
f 3/3/846 20/28/844 140/196/841
f 20/28/844 3/3/846 1045/1388/857
f 1045/1388/857 1116/1481/858 20/28/844
f 109/153/839 20/28/844 143/200/843
f 112/156/847 1036/1379/859 3/3/846
f 1045/1388/857 3/3/846 1036/1379/859
f 1036/1379/859 112/156/847 1104/1463/860
f 1104/1463/860 1191/1598/861 1036/1379/859
f 1116/1481/858 1045/1388/857 1196/1605/862
s 0
f 20/28/863 1116/1481/864 1099/1456/865
s 1
f 1276/1713/866 1269/1705/867 1196/1605/862
f 1276/1713/866 1196/1605/862 1189/1594/868
s 0
f 1191/1598/869 1381/1858/870 1189/1594/871
f 1322/1776/872 1191/1598/873 1190/1596/874
s 1
f 1045/1388/857 1189/1594/868 1196/1605/862
f 1045/1388/857 1036/1379/859 1189/1594/868
s 0
f 1189/1594/875 1036/1379/876 1191/1598/877
s 1
f 1269/1705/867 1173/1572/878 1196/1605/862
f 1196/1605/862 1173/1572/878 1099/1456/879
f 1116/1481/858 1196/1605/862 1099/1456/879
s 0
f 143/200/880 317/445/881 293/409/882
s 1
f 143/200/843 20/28/844 25/34/883
f 1099/1456/879 25/34/883 20/28/844
f 135/190/884 143/200/843 25/34/883
f 21/29/885 25/34/883 1026/1365/886
f 21/29/885 135/190/884 25/34/883
f 55/76/887 130/183/888 21/29/885
f 135/190/884 21/29/885 130/183/888
f 250/349/889 362/503/850 317/445/890
f 416/574/891 544/736/892 362/503/850
f 544/736/892 416/574/891 460/632/893
f 544/736/892 460/632/893 526/714/894
f 526/714/894 460/632/893 530/718/895
f 416/574/891 305/428/896 460/632/893
f 416/574/891 359/500/897 305/428/896
f 359/500/897 416/574/891 362/503/850
f 359/500/897 362/503/850 250/349/889
f 322/450/898 250/349/889 257/361/899
f 359/500/897 250/349/889 322/450/898
f 305/428/896 359/500/897 322/450/898
f 305/428/896 464/637/900 460/632/893
f 530/718/895 460/632/893 464/637/900
f 587/788/901 526/714/894 530/718/895
f 587/788/901 530/718/895 579/778/902
f 530/718/895 435/598/903 421/580/904
f 587/788/901 579/778/902 653/871/905
f 567/764/906 673/894/907 591/792/908
f 567/764/906 533/722/909 542/734/910
f 567/764/906 524/712/911 533/722/909
f 524/712/911 567/764/906 591/792/908
f 591/792/908 579/778/902 421/580/904
f 591/792/908 421/580/904 524/712/911
f 238/333/912 524/712/911 421/580/904
f 530/718/895 421/580/904 579/778/902
s 0
f 238/333/913 421/580/914 93/126/915
s 1
f 533/722/909 524/712/911 238/333/912
f 533/722/909 238/333/912 284/397/916
f 542/734/910 533/722/909 284/397/916
f 467/641/917 542/734/910 284/397/916
f 467/641/917 284/397/916 453/622/918
f 453/622/918 284/397/916 254/355/919
s 0
f 233/326/920 330/460/921 254/355/922
f 284/397/923 93/126/924 254/355/925
f 1026/1365/926 1173/1572/927 1168/1564/928
s 1
f 1173/1572/878 1026/1365/886 1099/1456/879
f 1026/1365/886 25/34/883 1099/1456/879
f 1129/1503/929 1026/1365/930 1168/1564/931
f 1168/1564/931 1206/1617/932 1129/1503/929
s 0
f 1129/1503/933 93/126/934 1026/1365/935
f 1026/1365/936 93/126/937 55/76/938
f 55/76/939 93/126/940 257/361/941
f 305/428/942 93/126/943 435/598/944
f 464/637/945 305/428/946 435/598/947
s 1
f 464/637/900 435/598/903 530/718/895
s 0
f 421/580/948 435/598/949 93/126/950
s 1
f 55/76/887 21/29/885 1026/1365/886
f 130/183/888 55/76/887 257/361/899
f 143/200/843 135/190/884 250/349/889
f 317/445/890 143/200/843 250/349/889
f 140/196/841 347/487/842 333/465/848
f 293/409/840 317/445/890 362/503/850
f 498/678/951 444/611/849 362/503/850
s 0
f 802/1054/952 680/902/953 647/865/954
s 1
f 773/1015/955 811/1066/956 864/1140/957
f 838/1102/958 894/1186/959 864/1140/957
f 894/1186/959 867/1148/960 875/1165/961
f 867/1148/960 894/1186/959 879/1169/962
f 894/1186/959 838/1102/958 879/1169/962
f 879/1169/962 833/1097/963 867/1148/960
f 875/1165/961 867/1148/960 824/1083/964
f 867/1148/960 815/1071/965 824/1083/964
s 0
f 824/1083/966 703/929/967 791/1038/968
s 1
f 703/929/969 824/1083/970 643/858/971
f 824/1083/964 791/1039/972 866/1146/973
f 824/1083/964 866/1146/973 875/1165/961
f 875/1165/961 866/1146/973 880/1170/974
f 875/1165/961 880/1170/974 894/1186/959
f 880/1170/974 864/1140/957 894/1186/959
s 0
f 811/1066/975 773/1015/976 680/902/977
f 680/902/978 520/705/979 647/865/979
s 1
f 811/1066/956 680/902/980 802/1054/981
s 0
f 626/837/982 647/865/982 498/678/983
s 1
f 498/678/951 647/865/856 543/735/853
f 802/1054/984 647/865/985 626/837/986
s 0
f 802/1054/987 772/1014/988 838/1102/989
s 1
f 626/837/986 772/1014/990 802/1054/984
f 772/1014/990 799/1050/991 838/1102/958
f 838/1102/958 795/1044/992 879/1169/962
f 833/1097/963 879/1169/962 795/1044/992
s 0
f 785/1030/993 867/1148/994 833/1097/994
f 815/1071/995 643/858/996 824/1083/997
s 1
f 815/1071/965 867/1148/960 785/1030/998
f 815/1071/965 785/1030/998 643/858/971
f 643/858/971 785/1030/998 637/850/999
f 785/1030/998 621/832/1000 637/850/999
f 703/929/969 643/858/971 604/811/1001
f 544/736/892 626/837/986 498/678/951
f 626/837/986 544/736/892 526/714/894
f 772/1014/990 626/837/986 526/714/894
f 526/714/894 587/788/901 772/1014/990
f 799/1050/991 772/1014/990 587/788/901
f 838/1102/958 799/1050/991 795/1044/992
s 0
f 795/1044/1002 799/1050/1003 771/1013/1004
s 1
f 795/1044/992 673/894/907 833/1097/963
f 833/1097/963 673/894/907 785/1030/998
f 498/678/951 543/735/853 444/611/849
f 544/736/892 498/678/951 362/503/850
f 1190/1597/1005 1191/1599/861 1104/1464/860
f 1188/1592/1006 1104/1464/860 1122/1493/1007
f 112/157/847 137/192/1008 110/154/1009
f 168/231/845 137/192/1008 112/157/847
f 285/398/1010 137/192/1008 168/231/845
f 333/466/848 285/398/1010 168/231/845
f 110/154/1009 1104/1464/860 112/157/847
f 285/398/1010 251/350/1011 137/192/1008
f 285/398/1010 364/505/1012 251/350/1011
f 251/350/1011 114/160/1013 137/192/1008
f 137/192/1008 114/160/1013 110/154/1009
f 114/160/1013 1104/1464/860 110/154/1009
f 1104/1464/860 114/160/1013 1122/1493/1007
f 1104/1464/860 1188/1592/1006 1190/1597/1005
f 1375/1848/1014 1190/1597/1005 1188/1592/1006
f 1375/1848/1014 1322/1777/1015 1190/1597/1005
f 1482/1988/1016 1375/1848/1014 1401/1888/1017
f 1401/1888/1017 1601/2151/1018 1528/2052/1019
f 114/162/1013 251/351/1011 241/338/1020
f 364/506/1012 241/338/1020 251/351/1011
f 232/324/1021 6/8/1022 241/338/1020
f 378/526/1023 241/338/1020 357/498/1024
f 241/338/1020 378/526/1023 232/324/1021
f 15/22/1025 6/8/1022 232/324/1021
f 15/22/1025 232/324/1021 162/224/1026
s 0
f 411/568/1027 555/748/1028 550/743/1029
s 1
f 555/748/1030 411/568/1031 417/575/1032
s 0
f 649/867/1033 555/748/1034 704/931/1035
s 1
f 734/970/1036 768/1010/1037 849/1117/1038
f 411/568/1031 550/743/1039 400/552/1040
f 782/1026/1041 768/1010/1037 704/931/1042
f 847/1114/1043 835/1099/1044 782/1026/1041
f 847/1114/1043 872/1158/1045 835/1099/1044
f 872/1158/1045 871/1156/1046 835/1099/1044
f 555/748/1047 649/867/1048 550/743/1039
f 411/568/1031 378/526/1023 357/498/1024
f 704/931/1042 768/1010/1037 649/867/1048
f 1381/1859/1049 1322/1777/1050 1418/1908/1051
f 1418/1908/1051 1322/1777/1050 1482/1988/1016
f 1418/1908/1051 1482/1988/1016 1526/2048/1052
f 1526/2048/1052 1482/1988/1016 1528/2052/1019
f 1675/2258/1053 1680/2265/1054 1526/2048/1052
f 1528/2052/1019 1675/2258/1053 1526/2048/1052
f 1750/2363/1055 1680/2265/1054 1675/2258/1053
f 1761/2379/1056 1750/2363/1055 1778/2407/1057
f 1768/2394/1058 1770/2397/1059 1673/2253/1060
f 1770/2397/1059 1768/2394/1058 1778/2407/1057
f 1770/2397/1059 1778/2407/1057 1774/2402/1061
f 1778/2407/1057 1750/2363/1055 1774/2402/1061
f 1680/2265/1054 1750/2363/1055 1761/2380/1056
f 114/161/1013 1068/1418/1062 1122/1494/1007
f 1122/1494/1007 1068/1418/1062 1188/1593/1006
f 1401/1887/1017 1375/1849/1014 1299/1744/1063
f 1068/1418/1062 114/161/1013 6/7/1022
f 1187/1591/1064 1068/1418/1062 1210/1624/1065
f 1299/1744/1063 1187/1591/1064 1210/1624/1065
f 1299/1744/1063 1210/1624/1065 1308/1756/1066
f 1449/1947/1067 1299/1744/1063 1308/1756/1066
f 1449/1947/1067 1308/1756/1066 1409/1898/1068
f 1449/1947/1067 1409/1898/1068 1557/2093/1069
f 1557/2093/1069 1657/2233/1070 1688/2278/1071
f 1657/2233/1070 1739/2349/1072 1688/2278/1071
f 1688/2278/1071 1739/2349/1072 1732/2336/1073
f 1723/2324/1074 1764/2385/1075 1738/2345/1076
f 1739/2349/1072 1657/2233/1070 1737/2343/1077
f 1657/2234/1070 1557/2093/1069 1538/2066/1078
s 0
f 1538/2066/1079 1557/2093/1080 1409/1898/1081
s 1
f 1132/1508/1082 1210/1624/1065 1068/1418/1062
f 1166/1562/1083 1109/1471/1084 1088/1440/1085
f 1109/1471/1084 1166/1562/1083 1132/1508/1082
f 1068/1418/1062 15/21/1025 1132/1508/1082
f 6/7/1022 15/21/1025 1068/1418/1062
f 1132/1508/1082 1060/1405/1086 1109/1471/1084
f 1060/1405/1086 1132/1508/1082 15/21/1025
f 15/21/1025 73/98/1087 1060/1405/1086
f 1060/1405/1086 73/98/1087 1078/1429/1088
f 1078/1429/1088 73/98/1087 57/78/1089
f 1078/1429/1088 1092/1447/1090 1106/1467/1091
f 1109/1471/1084 1078/1429/1088 1106/1467/1091
f 1078/1429/1088 1109/1471/1084 1060/1405/1086
s 0
f 1088/1440/1092 1109/1471/1093 1106/1467/1094
f 1088/1440/1095 1106/1467/1096 1090/1444/1097
s 1
f 1092/1447/1090 1090/1444/1098 1106/1467/1091
f 1092/1447/1090 1078/1429/1088 57/78/1089
f 1090/1444/1098 1092/1447/1090 57/78/1089
f 57/78/1089 1056/1400/1099 1090/1444/1098
f 1090/1444/1098 1056/1400/1099 1084/1435/1100
f 1056/1400/1099 57/78/1089 1024/1361/1101
f 1056/1400/1099 1024/1361/1101 1084/1435/1100
f 1024/1361/1101 32/44/1102 35/48/1103
f 1024/1361/1101 1069/1419/1104 1084/1435/1100
f 35/48/1103 37/51/1105 1030/1370/1106
f 35/48/1103 1069/1419/1104 1024/1361/1101
f 1069/1419/1104 35/48/1103 1030/1370/1106
f 1077/1427/1107 1069/1419/1104 1067/1416/1108
f 1067/1416/1108 1069/1419/1104 1030/1370/1106
f 1077/1427/1107 1090/1444/1098 1084/1435/1100
f 1077/1427/1107 1084/1435/1100 1069/1419/1104
f 1557/2093/1069 1510/2025/1109 1449/1947/1067
f 1688/2278/1071 1510/2025/1109 1557/2093/1069
f 1678/2261/1110 1688/2278/1071 1732/2336/1073
f 1678/2261/1110 1732/2336/1073 1747/2358/1111
f 1678/2261/1110 1510/2025/1109 1688/2278/1071
f 1401/1887/1017 1510/2025/1109 1601/2152/1018
f 1510/2025/1109 1401/1887/1017 1449/1947/1067
f 1401/1887/1017 1299/1744/1063 1449/1947/1067
f 1068/1418/1062 1187/1591/1064 1188/1593/1006
f 1299/1744/1063 1188/1593/1006 1187/1591/1064
f 6/8/1022 114/162/1013 241/338/1020
f 627/838/1112 550/743/1039 649/867/1048
f 357/498/1024 364/506/1012 411/568/1031
f 364/506/1012 357/498/1024 241/338/1020
f 768/1010/1037 627/838/1112 649/867/1048
f 734/970/1036 627/838/1112 768/1010/1037
f 768/1010/1037 835/1099/1044 849/1117/1038
f 865/1142/1113 835/1099/1044 871/1156/1046
f 865/1142/1113 849/1117/1038 835/1099/1044
f 206/281/1114 162/224/1026 232/324/1021
f 184/255/1115 206/281/1114 200/274/1116
f 184/255/1115 200/274/1116 66/90/1117
f 184/255/1115 66/90/1117 83/111/1118
f 206/281/1114 184/255/1115 162/224/1026
f 184/255/1115 83/111/1118 162/224/1026
f 162/224/1026 83/111/1118 15/22/1025
f 73/99/1087 83/111/1118 66/90/1117
f 73/99/1087 15/22/1025 83/111/1118
f 66/90/1117 57/79/1089 73/99/1087
f 66/90/1117 145/202/1119 57/79/1089
f 145/202/1119 66/90/1117 200/274/1116
s 0
f 206/281/1120 196/268/1121 200/274/1122
s 1
f 189/261/1123 200/274/1116 196/268/1124
s 0
f 213/292/1125 196/268/1126 206/281/1127
s 1
f 400/552/1040 378/526/1023 411/568/1031
f 175/241/1128 145/202/1119 200/274/1116
f 175/241/1128 200/274/1116 189/261/1123
f 54/75/1129 57/79/1089 145/202/1119
f 54/75/1129 145/202/1119 175/241/1128
f 175/241/1128 189/261/1123 196/268/1124
f 57/79/1089 54/75/1129 1024/1362/1101
f 175/241/1128 196/268/1124 166/228/1130
f 32/45/1102 54/75/1129 175/241/1128
f 32/45/1102 175/241/1128 166/228/1130
f 1024/1362/1101 54/75/1129 32/45/1102
f 35/49/1103 32/45/1102 37/52/1105
f 32/45/1102 166/228/1130 37/52/1105
f 166/228/1130 171/234/1131 37/52/1105
f 196/268/1124 171/234/1131 166/228/1130
s 0
f 206/282/1132 232/325/1133 213/293/1134
s 1
f 400/553/1040 382/531/1135 378/527/1023
f 173/237/1136 182/252/1137 163/225/1138
f 163/225/1138 154/214/1139 173/237/1136
f 107/151/1140 48/68/1141 117/166/1142
f 378/527/1023 382/531/1135 286/400/1143
f 227/317/1144 378/527/1023 286/400/1143
f 227/317/1144 195/267/1145 213/293/1146
f 213/293/1146 195/267/1145 194/266/1147
s 0
f 182/252/1148 194/266/1149 195/267/1150
s 1
f 856/1128/1151 854/1124/1152 823/1082/1153
f 171/235/1131 173/237/1136 154/214/1139
f 171/235/1131 154/214/1139 37/53/1105
f 37/53/1105 154/214/1139 51/72/1154
f 37/53/1105 51/72/1154 59/81/1155
f 37/53/1105 59/81/1155 1030/1371/1106
f 1030/1371/1106 59/81/1155 1051/1394/1156
f 48/68/1141 59/81/1155 51/72/1154
f 48/68/1141 51/72/1154 117/166/1142
f 51/72/1154 154/214/1139 117/166/1142
f 182/252/1137 173/237/1136 171/235/1131
s 0
f 194/266/1157 182/252/1158 171/235/1159
f 196/269/1160 213/293/1161 194/266/1162
f 196/269/1163 194/266/1164 171/235/1165
f 213/293/1166 232/325/1167 227/317/1168
f 124/173/1169 183/253/1170 14/19/1171
s 1
f 76/103/1172 124/173/1173 14/19/49
f 76/103/1172 14/19/49 1043/1386/1174
f 1048/1391/1175 1040/1383/1176 1043/1386/1174
s 0
f 1048/1391/1177 1043/1386/1178 1086/1437/1179
s 1
f 1130/1505/1180 1086/1437/1181 1127/1499/50
f 1086/1437/1181 1083/1434/1182 1048/1391/1175
f 1086/1437/1181 1108/1470/1183 1083/1434/1182
f 1043/1386/1174 1040/1383/1176 76/103/1172
f 1040/1383/1176 1048/1391/1175 1023/1360/1184
f 1023/1360/1184 1048/1391/1175 1066/1415/1185
f 1066/1415/1185 1048/1391/1175 1083/1434/1182
f 1066/1415/1185 1083/1434/1182 1075/1425/1186
f 1066/1415/1185 1075/1425/1186 1064/1412/1187
f 1047/1390/1188 1066/1415/1185 1064/1412/1187
f 1007/1338/1189 1023/1360/1184 1066/1415/1185
f 1007/1338/1189 1066/1415/1185 1047/1390/1188
f 1007/1338/1189 1047/1390/1188 1022/1359/1190
f 1075/1425/1186 1083/1434/1182 1108/1470/1183
f 1130/1505/1180 1127/1499/50 1256/1689/1191
f 1086/1437/1181 1043/1386/1174 1127/1499/50
f 1127/1499/50 1043/1386/1174 14/19/49
f 1256/1689/1191 1127/1499/50 1213/1628/1192
f 1086/1437/1181 1130/1505/1180 1108/1470/1183
f 107/150/1140 138/193/1193 106/148/1194
f 1029/1369/1195 107/150/1140 1022/1359/1190
f 1022/1359/1190 1047/1390/1188 1029/1369/1195
f 1022/1359/1190 107/150/1140 106/148/1194
f 1022/1359/1190 106/148/1194 1007/1338/1189
f 104/144/1196 1007/1338/1189 106/148/1194
f 104/144/1196 134/188/1197 88/120/1198
f 104/144/1196 88/120/1198 1009/1340/1199
f 1040/1383/1176 1023/1360/1184 1009/1340/1199
f 1009/1340/1199 1023/1360/1184 104/144/1196
f 104/144/1196 1023/1360/1184 1007/1338/1189
f 124/173/1173 88/120/1198 134/188/1197
f 88/120/1198 124/173/1173 76/103/1172
f 88/120/1198 76/103/1172 1009/1340/1199
f 1009/1340/1199 76/103/1172 1040/1383/1176
f 107/150/1140 1029/1369/1195 48/69/1141
f 1052/1396/1200 59/82/1155 1029/1369/1195
f 1052/1396/1200 1029/1369/1195 1047/1390/1188
f 1052/1396/1200 1047/1390/1188 1064/1412/1187
f 1064/1412/1187 1075/1425/1186 1052/1396/1200
f 48/69/1141 1029/1369/1195 59/82/1155
f 1051/1395/1156 59/82/1155 1052/1396/1200
f 1051/1395/1156 1052/1396/1200 1067/1417/1108
f 1067/1417/1108 1052/1396/1200 1072/1422/1201
f 1051/1395/1156 1067/1417/1108 1030/1372/1106
s 0
f 1090/1445/1202 1077/1428/1203 1088/1441/1202
s 1
f 1067/1417/1108 1072/1422/1201 1077/1428/1107
s 0
f 1075/1425/1204 1088/1441/1205 1072/1422/1206
s 1
f 1075/1425/1186 1072/1422/1201 1052/1396/1200
s 0
f 1088/1441/1207 1075/1425/1208 1108/1470/1209
f 1108/1470/1210 1130/1505/1211 1088/1441/1212
s 1
f 1256/1689/1191 1352/1818/1213 1210/1623/1065
f 1440/1937/1214 1308/1757/1066 1352/1818/1213
f 1409/1899/1068 1440/1937/1214 1538/2067/1078
f 1210/1623/1065 1166/1561/1083 1256/1689/1191
s 0
f 1088/1441/1215 1077/1428/1216 1072/1422/1217
f 1130/1505/1218 1166/1561/1219 1088/1441/1220
s 1
f 1130/1505/1180 1256/1689/1191 1166/1561/1083
f 204/279/104 14/20/49 183/254/1221
f 204/279/104 183/254/1221 228/318/1222
f 228/318/1222 183/254/1221 207/283/1223
f 286/400/1143 204/279/104 228/318/1222
f 340/476/103 204/279/104 286/400/1143
f 340/476/103 286/400/1143 425/586/1224
f 382/531/1135 425/586/1224 286/400/1143
f 228/318/1222 207/283/1223 195/267/1145
f 228/318/1222 195/267/1145 227/317/1144
s 0
f 205/280/1225 195/267/1226 207/283/1227
s 1
f 205/280/1228 207/283/1223 185/256/1229
f 185/256/1229 207/283/1223 183/254/1221
f 124/174/1173 134/189/1197 183/254/1221
f 183/254/1221 134/189/1197 155/215/1230
f 185/256/1229 183/254/1221 155/215/1230
f 107/151/1140 117/166/1142 138/194/1193
f 117/166/1142 163/225/1138 138/194/1193
f 117/166/1142 154/214/1139 163/225/1138
s 0
f 182/252/1231 195/267/1232 205/280/1233
s 1
f 182/252/1137 205/280/1228 185/256/1229
f 286/400/1143 228/318/1222 227/317/1144
f 378/527/1023 227/317/1144 232/325/1021
f 129/182/242 1016/1348/248 1012/1343/1234
s 0
f 1012/1343/1235 1016/1348/1236 1035/1378/1237
s 1
f 1213/1628/1192 1284/1725/1238 1256/1689/1191
f 1352/1818/1213 1284/1725/1238 1394/1878/829
f 1538/2067/1078 1394/1878/829 1555/2090/830
f 1622/2185/1239 1632/2197/1240 1538/2067/1078
f 1753/2366/1241 1754/2368/1242 1737/2344/1077
f 1394/1878/829 1440/1937/1214 1352/1818/1213
f 1256/1689/1191 1284/1725/1238 1352/1818/1213
f 1764/2384/1075 1739/2348/1072 1754/2368/1242
f 1754/2368/1242 1739/2348/1072 1737/2344/1077
f 1210/1623/1065 1352/1818/1213 1308/1757/1066
f 1308/1757/1066 1440/1937/1214 1409/1899/1068
f 1601/2151/1018 1678/2262/1110 1528/2052/1019
f 1401/1888/1017 1528/2052/1019 1482/1988/1016
s 0
f 1322/1777/1243 1375/1848/1244 1482/1988/1245
s 1
f 694/919/376 917/1214/389 881/1172/390
f 182/252/1137 185/256/1229 155/215/1230
f 155/215/1230 134/189/1197 104/145/1196
f 155/215/1230 104/145/1196 106/149/1194
f 155/215/1230 106/149/1194 138/194/1193
f 182/252/1137 155/215/1230 163/225/1138
f 163/225/1138 155/215/1230 138/194/1193
f 513/696/1246 661/880/1247 573/771/1248
f 513/696/1246 573/771/1248 425/586/1224
s 0
f 513/696/1249 425/586/1250 382/531/1251
s 1
f 821/1079/1252 798/1048/425 823/1082/1153
s 0
f 798/1048/1253 620/831/1254 661/880/1255
f 798/1048/1256 661/880/1257 732/968/1258
s 1
f 798/1048/425 732/968/1259 823/1082/1153
f 854/1124/1152 821/1079/1252 823/1082/1153
f 849/1118/1038 856/1128/1151 823/1082/1153
f 732/968/1259 849/1118/1038 823/1082/1153
f 849/1118/1038 865/1143/1113 856/1128/1151
f 849/1118/1038 732/968/1259 734/971/1036
f 734/971/1036 732/968/1259 661/880/1247
f 1210/1624/1065 1132/1508/1082 1166/1562/1083
f 1186/1590/97 1213/1629/1192 1127/1500/50
f 1213/1629/1192 1186/1590/97 1284/1726/1238
f 565/762/416 473/648/315 573/770/1248
f 425/587/1224 573/770/1248 473/648/315
f 565/762/416 573/770/1248 620/830/418
f 839/1103/424 798/1049/425 821/1080/1252
f 784/1029/426 620/830/1260 798/1049/425
f 821/1080/1252 863/1139/1261 839/1103/424
f 863/1139/1261 821/1080/1252 854/1125/1152
f 858/1131/1262 829/1090/1263 804/1057/1264
f 829/1090/1263 869/1151/422 863/1139/1261
f 858/1131/1262 869/1151/422 829/1090/1263
f 863/1139/1261 869/1151/422 839/1103/424
f 263/369/243 375/523/472 312/439/476
f 512/694/474 450/618/473 488/667/559
f 730/966/516 715/946/524 726/962/612
f 740/977/521 730/966/516 726/962/612
f 700/925/610 705/933/526 699/924/549
f 699/924/549 705/933/526 695/920/525
f 513/695/1246 550/743/1039 627/838/1112
f 400/552/1040 550/743/1039 513/695/1246
f 473/648/315 340/477/103 425/587/1224
f 513/696/1246 382/531/1135 400/553/1040
f 734/971/1036 661/880/1247 627/839/1112
f 513/696/1246 627/839/1112 661/880/1247
f 1765/2388/1265 1747/2358/1111 1732/2336/1073
f 1765/2388/1265 1732/2336/1073 1760/2377/1266
f 1678/2261/1110 1601/2152/1018 1510/2025/1109
f 285/399/1010 333/467/848 516/700/855
f 417/576/1032 364/507/1012 285/399/1010
f 411/569/1031 364/507/1012 417/576/1032
s 0
f 555/749/1267 417/576/1268 514/697/1269
s 1
f 516/700/855 417/576/1032 285/399/1010
f 514/697/1270 417/576/1032 516/700/855
s 0
f 514/697/1271 698/923/1272 704/932/1273
s 1
f 555/749/1274 514/697/1275 704/932/1276
f 516/700/855 333/467/848 451/620/851
s 0
f 520/706/1277 514/697/1278 516/700/1279
s 1
f 698/923/1280 514/697/1281 680/903/1282
s 0
f 698/923/1283 680/903/1284 773/1016/1285
s 1
f 773/1016/955 864/1141/957 862/1138/1286
f 880/1171/974 866/1147/973 859/1133/1287
f 880/1171/974 872/1159/1045 847/1115/1043
f 880/1171/974 847/1115/1043 862/1138/1286
f 872/1159/1045 880/1171/974 859/1133/1287
f 841/1106/1288 859/1133/1287 800/1052/1289
f 514/697/1281 520/707/1290 680/904/1282
f 698/923/1291 773/1016/955 704/932/1042
f 704/932/1042 773/1016/955 782/1025/1041
f 862/1138/1286 847/1115/1043 782/1025/1041
f 862/1138/1286 782/1025/1041 773/1016/955
f 859/1133/1287 866/1147/973 791/1040/972
f 859/1133/1287 791/1040/972 800/1052/1289
f 731/967/1292 683/908/1293 791/1040/972
s 0
f 397/548/1294 511/692/1295 402/555/1296
s 1
f 397/548/1297 402/555/1298 274/383/1299
f 5/5/1300 18/25/1301 149/207/1302
f 149/207/1302 274/383/1299 264/370/1303
f 174/239/1304 274/383/1299 149/207/1302
f 556/750/1305 502/682/486 594/796/487
f 556/750/1305 540/731/492 393/544/481
f 506/686/485 594/796/487 502/682/486
f 594/796/487 506/686/485 572/769/483
f 502/682/486 556/750/1305 393/544/481
f 396/547/480 393/544/481 540/731/492
f 396/547/480 540/731/492 479/655/489
f 396/547/480 479/655/489 437/602/479
f 437/602/479 479/655/489 259/363/478
s 0
f 259/363/1306 479/655/1306 221/306/1306
f 1120/1489/1307 221/306/1307 479/655/1307
s 1
f 594/796/487 676/898/488 631/843/496
f 594/796/487 631/843/496 556/750/1305
f 540/731/492 556/750/1305 631/843/496
f 540/731/492 631/843/496 602/806/490
f 689/914/495 742/979/509 662/881/491
f 1375/1849/1014 1188/1593/1006 1299/1744/1063
s 0
f 1384/1864/1308 479/655/1308 644/859/1308
f 479/655/1309 1384/1864/1309 1120/1490/1309
f 644/859/1310 527/715/1310 616/826/1310
s 1
f 616/826/1311 527/715/493 818/1076/510
f 818/1076/510 809/1064/511 844/1111/1312
f 844/1111/1312 809/1064/511 834/1098/1313
f 809/1064/511 779/1022/507 834/1098/1313
f 834/1098/1313 779/1022/507 816/1072/512
f 820/1078/513 834/1098/1313 816/1072/512
f 820/1078/513 797/1047/514 834/1098/1313
f 853/1123/1314 834/1098/1313 797/1047/514
f 844/1111/1312 834/1098/1313 853/1123/1314
f 616/826/1311 818/1076/510 831/1095/1315
f 818/1076/510 844/1111/1312 831/1095/1315
f 831/1095/1315 844/1111/1312 852/1122/1316
f 855/1127/1317 852/1122/1316 844/1111/1312
f 844/1111/1312 853/1123/1314 855/1127/1317
f 616/826/1311 831/1095/1315 644/859/1318
f 644/859/1318 831/1095/1315 796/1045/1319
f 831/1095/1315 852/1122/1316 830/1093/1320
f 831/1095/1315 830/1093/1320 796/1045/1319
f 852/1122/1316 855/1127/1317 840/1104/1321
f 855/1127/1317 853/1123/1314 810/1065/1322
f 855/1127/1317 810/1065/1322 840/1104/1321
s 0
f 720/953/1323 810/1065/1324 853/1123/1325
s 1
f 730/966/1326 765/1006/1327 853/1123/1328
s 0
f 765/1006/1329 720/953/1330 853/1123/1331
s 1
f 810/1065/1322 720/953/631 788/1033/1332
f 810/1065/1322 788/1034/1332 812/1067/1333
f 810/1065/1322 812/1067/1333 840/1104/1321
f 852/1122/1316 840/1104/1321 830/1093/1320
s 0
f 1384/1864/1334 644/859/1334 1021/1355/1334
s 1
f 305/428/1335 257/361/1336 93/126/1337
s 0
f 305/428/1338 322/450/1339 257/361/1340
s 1
f 130/183/888 257/361/899 250/349/889
f 250/349/889 135/190/884 130/183/888
f 1440/1937/1214 1394/1878/829 1538/2067/1078
f 1622/2185/1239 1538/2067/1078 1555/2090/830
f 1622/2185/1239 1733/2338/1341 1632/2197/1240
f 1168/1565/931 1173/1573/878 1229/1649/1342
f 1173/1573/878 1269/1706/867 1229/1649/1342
f 1383/1862/1343 1276/1714/866 1189/1595/868
f 1383/1862/1343 1189/1595/868 1381/1860/1049
f 1418/1909/1051 1383/1862/1343 1381/1860/1049
f 1381/1860/1049 1191/1600/1344 1322/1778/1050
f 1383/1862/1343 1418/1909/1051 1468/1971/1345
f 1468/1971/1345 1276/1714/866 1383/1862/1343
f 1491/1999/1346 1276/1714/866 1468/1971/1345
s 0
f 1468/1971/1347 1570/2108/1348 1491/1999/1349
s 1
f 1468/1971/1345 1569/2107/1350 1570/2108/1351
f 1206/1618/932 1168/1566/931 1229/1649/1342
f 1229/1649/1342 1269/1706/867 1287/1729/1352
f 1287/1729/1352 1206/1618/932 1229/1649/1342
f 1206/1618/932 1159/1547/1353 1129/1504/929
f 93/127/1354 1129/1504/929 1159/1547/1353
s 0
f 1017/1349/1355 93/127/1356 1138/1516/1357
f 1194/1603/1358 1380/1857/1359 1147/1529/1360
s 1
f 1388/1871/1361 1269/1706/867 1276/1714/866
f 1388/1871/1361 1276/1714/866 1491/1999/1346
s 0
f 1491/1999/1362 1570/2108/1363 1476/1981/1362
f 1491/1999/1364 1476/1981/1365 1388/1871/1366
s 1
f 1554/2089/1367 1476/1981/1368 1570/2108/1351
f 1570/2108/1351 1591/2137/1369 1554/2089/1367
f 1682/2269/1370 1554/2089/1367 1591/2137/1369
f 1554/2089/1367 1682/2269/1370 1556/2092/1371
f 1520/2038/1372 1604/2157/1373 1704/2298/1374
f 1704/2298/1374 1604/2157/1373 1667/2246/1375
f 1704/2298/1374 1667/2246/1375 1759/2376/1376
f 1759/2376/1376 1667/2246/1375 1556/2092/1371
f 1556/2092/1371 1682/2269/1370 1759/2376/1376
f 1759/2376/1376 1682/2269/1370 1785/2417/1377
f 1785/2417/1377 1682/2269/1370 1769/2396/1378
s 0
f 1682/2269/1379 1591/2137/1380 1769/2396/1381
f 1769/2396/1382 1591/2137/1383 1724/2326/1384
s 1
f 1468/1971/1345 1418/1909/1051 1569/2107/1350
s 0
f 1418/1909/1385 1526/2049/1386 1569/2107/1387
s 1
f 1570/2108/1351 1569/2107/1350 1591/2137/1369
f 1724/2326/1388 1591/2137/1369 1569/2107/1350
f 1724/2326/1388 1569/2107/1350 1526/2049/1052
f 1680/2266/1054 1724/2326/1388 1526/2049/1052
f 1680/2266/1054 1761/2381/1056 1724/2326/1388
f 1724/2326/1388 1761/2381/1056 1769/2396/1378
f 1785/2417/1377 1769/2396/1378 1778/2408/1057
f 1769/2396/1378 1761/2381/1056 1778/2408/1057
f 1778/2408/1057 1768/2395/1058 1757/2374/1389
f 1757/2374/1389 1768/2395/1058 1711/2307/1390
f 1704/2298/1374 1785/2417/1377 1757/2374/1389
f 1785/2417/1377 1704/2298/1374 1759/2376/1376
s 0
f 1670/2250/1391 1757/2374/1392 1711/2307/1393
s 1
f 1578/2119/1394 1427/1920/1395 1558/2094/1396
f 1558/2094/1396 1427/1920/1395 1422/1914/1397
f 1285/1727/1398 1422/1914/1399 1365/1833/1400
f 1478/1983/1401 1422/1914/1399 1285/1727/1398
f 1478/1983/1401 1285/1727/1398 1416/1906/1402
f 1416/1906/1402 1285/1727/1398 1268/1704/1403
f 481/658/852 347/487/842 444/611/849
f 238/333/912 93/126/1404 284/397/916
f 1823/2465/117 1663/2242/85 1779/2409/92
f 1803/2440/755 1781/2412/93 1783/2415/94
f 1803/2440/755 1783/2415/94 1780/2411/748
f 1841/2486/813 1858/2510/768 1839/2483/810
f 1827/2470/807 1848/2496/811 1854/2505/1405
f 1827/2470/807 1854/2505/1405 1843/2488/812
f 1854/2505/1405 1836/2480/1406 1843/2488/812
s 0
f 1595/2142/1407 1843/2488/1408 1836/2480/1407
f 1836/2480/1409 1863/2520/1410 1595/2142/1409
s 1
f 1884/2546/1411 1864/2522/1412 1848/2496/811
f 1884/2546/1411 1848/2496/811 1838/2482/809
f 1884/2546/1411 1838/2482/809 1883/2544/1413
f 1859/2514/765 1858/2510/768 1828/2472/766
f 1828/2472/766 1858/2510/768 1841/2486/813
f 1838/2482/809 1839/2483/810 1883/2544/1413
f 1854/2505/1405 1848/2496/811 1864/2522/1412
f 1854/2505/1405 1864/2522/1412 1863/2520/1414
f 1863/2520/1414 1836/2480/1406 1854/2505/1405
f 1781/2412/93 1828/2472/766 1841/2486/813
f 1678/2262/1110 1675/2258/1053 1528/2052/1019
f 1675/2258/1053 1678/2262/1110 1750/2363/1055
f 1747/2359/1111 1750/2363/1055 1678/2262/1110
f 1302/1749/455 1296/1741/273 1391/1874/1415
f 1391/1874/1415 1296/1741/273 1314/1767/464
f 1413/1903/1416 1391/1874/1415 1314/1767/464
f 1314/1767/464 1346/1812/457 1413/1903/1416
f 1503/2014/1417 1373/1845/456 1490/1998/1418
f 1465/1968/1419 1391/1874/1415 1413/1903/1416
f 1302/1749/455 1391/1874/1415 1465/1968/1419
f 1302/1749/455 1465/1968/1419 1373/1844/456
f 1447/1945/1420 1413/1903/1416 1346/1812/457
f 1465/1968/1419 1413/1903/1416 1494/2003/1421
f 1494/2003/1421 1413/1903/1416 1447/1945/1420
f 1465/1968/1419 1494/2003/1421 1515/2031/1422
f 1465/1968/1419 1515/2031/1422 1534/2060/1423
f 1490/1998/1418 1465/1968/1419 1534/2060/1423
f 1465/1968/1419 1490/1998/1418 1373/1844/456
f 1534/2060/1423 1581/2123/1424 1490/1998/1418
f 1633/2198/1425 1490/1998/1418 1581/2123/1424
f 1633/2198/1425 1581/2123/1424 1609/2163/1426
f 1639/2209/1427 1609/2163/1426 1564/2101/1428
f 1490/1998/1418 1633/2198/1425 1694/2284/1429
f 1694/2284/1429 1633/2198/1425 1609/2163/1426
f 1701/2292/1430 1694/2284/1429 1609/2163/1426
f 1701/2292/1430 1609/2163/1426 1639/2209/1427
f 1691/2281/1431 1639/2209/1427 1666/2245/1432
f 1701/2292/1430 1639/2209/1427 1691/2281/1431
f 1694/2284/1429 1701/2292/1430 1725/2327/1433
f 1701/2292/1430 1691/2281/1431 1721/2321/1434
f 1721/2321/1434 1691/2281/1431 1708/2302/1435
f 1314/1767/464 1239/1665/266 1346/1812/457
f 1346/1812/457 1360/1828/258 1447/1945/1420
f 1447/1945/1420 1360/1828/258 1384/1865/257
f 1447/1945/1420 1384/1865/257 1461/1962/458
f 1447/1945/1420 1511/2026/1436 1494/2003/1421
f 1461/1962/458 1487/1994/460 1511/2026/1436
f 1461/1962/458 1511/2026/1436 1447/1945/1420
f 1511/2026/1436 1515/2031/1422 1494/2003/1421
f 1534/2060/1423 1515/2031/1422 1581/2123/1424
f 1581/2123/1424 1515/2031/1422 1564/2101/1428
f 1609/2163/1426 1581/2123/1424 1564/2101/1428
f 1507/2020/1437 1487/1994/460 1400/1886/459
f 1564/2101/1428 1487/1994/460 1639/2209/1427
f 1639/2209/1427 1487/1994/460 1666/2245/1432
f 1691/2281/1431 1666/2245/1432 1708/2302/1435
f 1507/2020/1437 1708/2302/1435 1666/2245/1432
f 1507/2020/1437 1666/2245/1432 1487/1994/460
f 1379/1855/448 1373/1845/456 1503/2014/1417
s 0
f 1694/2284/1438 1503/2014/1438 1490/1998/1438
s 1
f 1503/2014/1417 1567/2104/1439 1553/2087/1440
f 1608/2161/1441 1567/2104/1439 1597/2146/1442
f 1567/2104/1439 1608/2161/1441 1584/2127/1443
f 1553/2087/1440 1536/2062/1444 1503/2014/1417
f 1503/2014/1417 1536/2062/1444 1516/2032/1445
f 1503/2014/1417 1516/2032/1445 1512/2027/1446
f 1503/2014/1417 1512/2027/1446 1504/2016/781
f 1504/2016/781 1512/2027/1446 1524/2045/779
f 1503/2014/1417 1504/2016/781 1495/2005/783
f 1503/2014/1417 1495/2005/783 1379/1856/448
f 1469/1972/1447 1379/1856/448 1495/2005/783
f 1379/1856/448 1469/1972/1447 1462/1965/451
f 1462/1965/451 1469/1972/1447 1481/1987/784
f 1469/1972/1447 1495/2005/783 1489/1997/1448
f 1481/1987/784 1469/1972/1447 1489/1997/1448
f 1489/1997/1448 1495/2005/783 1481/1987/784
f 1612/2166/1449 1608/2161/1441 1597/2146/1442
f 1612/2166/1449 1597/2146/1442 1615/2172/1450
f 1612/2166/1449 1615/2172/1450 1613/2168/1451
f 1584/2127/1443 1608/2161/1441 1590/2135/1452
f 1584/2127/1443 1572/2111/1453 1567/2104/1439
f 1553/2087/1440 1567/2104/1439 1572/2111/1453
f 1564/2101/1428 1511/2026/1436 1487/1994/460
f 1511/2026/1436 1564/2101/1428 1515/2031/1422
f 1657/2235/1070 1632/2197/1240 1737/2344/1077
f 1632/2197/1240 1657/2235/1070 1538/2067/1078
f 1555/2091/830 1544/2075/149 1650/2226/148
s 0
f 1578/2120/1454 1673/2253/1455 1551/2084/1456
s 1
f 1578/2120/1457 1711/2306/1390 1673/2253/1060
f 1578/2120/1394 1439/1936/1458 1427/1919/1395
f 1476/1981/1368 1554/2089/1367 1432/1928/1459
f 1432/1928/1459 1554/2089/1367 1556/2092/1371
f 1432/1928/1459 1556/2092/1371 1454/1953/1460
f 1476/1981/1368 1287/1729/1352 1388/1871/1361
f 1351/1817/1461 1476/1981/1368 1432/1928/1459
f 1432/1928/1459 1194/1603/1462 1363/1831/1463
f 1432/1928/1459 1363/1831/1463 1351/1817/1461
f 1388/1871/1361 1287/1729/1352 1269/1706/867
s 0
f 1194/1603/1464 1159/1547/1465 1363/1831/1466
s 1
f 1351/1817/1461 1363/1831/1463 1159/1547/1353
f 1287/1729/1352 1351/1817/1461 1159/1547/1353
f 1287/1729/1352 1159/1547/1353 1206/1618/932
f 1194/1603/1467 93/127/1354 1159/1547/1353
f 1147/1529/1468 93/127/1354 1194/1603/1467
f 1147/1529/1469 1380/1857/1470 1454/1953/1460
f 1147/1529/1469 1454/1953/1460 1479/1984/1471
f 1364/1832/1472 1147/1529/1469 1479/1984/1471
s 0
f 1339/1802/1473 1147/1529/1474 1364/1832/1475
s 1
f 93/127/1354 1147/1529/1468 1339/1802/1476
f 1380/1857/1470 1194/1603/1462 1432/1928/1459
f 1454/1953/1460 1380/1857/1470 1432/1928/1459
f 1479/1984/1471 1454/1953/1460 1556/2092/1371
f 1479/1984/1471 1556/2092/1371 1667/2246/1375
f 1667/2246/1375 1466/1969/1477 1479/1984/1471
f 1436/1933/1478 1339/1802/1479 1466/1969/1477
f 1466/1969/1477 1339/1802/1479 1364/1832/1472
f 1436/1933/1478 1349/1815/1480 1339/1802/1479
f 1436/1933/1478 1455/1954/1481 1349/1815/1480
f 1138/1516/1482 1349/1815/1480 1295/1739/1483
f 1455/1954/1481 1295/1739/1483 1349/1815/1480
f 1220/1637/1484 1138/1516/1482 1295/1739/1483
f 1220/1637/1484 1295/1739/1483 1216/1633/1485
f 1220/1637/1484 1216/1633/1485 1017/1349/1486
f 1017/1349/1486 1216/1633/1485 1160/1548/1487
s 0
f 1220/1637/1488 1017/1349/1489 1138/1516/1490
f 1017/1349/1491 94/128/1492 93/127/1493
f 93/127/1494 94/128/1495 233/327/1496
s 1
f 108/152/1497 94/128/1498 53/74/1499
f 53/74/1499 94/128/1498 1137/1515/1500
f 224/311/1501 94/128/1498 108/152/1497
f 247/345/1502 108/152/1497 172/236/1503
f 108/152/1497 53/74/1499 7/9/1504
f 1160/1548/1487 1216/1633/1485 1179/1582/1505
f 1268/1704/1403 1179/1582/1505 1216/1633/1485
f 53/74/1499 1137/1515/1500 7/9/1504
f 108/152/1497 7/9/1504 172/236/1503
f 1137/1515/1500 1126/1498/1506 7/9/1504
s 0
f 1126/1498/1507 1137/1515/1508 1179/1582/1509
s 1
f 1179/1582/1505 1268/1704/1403 1253/1686/1510
f 1285/1727/1398 1253/1686/1510 1268/1704/1403
f 1253/1686/1510 1221/1638/1511 1112/1475/1512
f 1221/1638/1511 1149/1531/1513 1031/1373/1514
f 1281/1722/1515 1149/1531/1513 1221/1638/1511
f 1294/1738/1516 1365/1833/1517 1427/1920/1395
s 0
f 1221/1638/1518 1365/1833/1519 1294/1738/1520
s 1
f 1031/1373/1514 1112/1475/1512 1221/1638/1511
f 1466/1969/1477 1364/1832/1472 1479/1984/1471
f 1466/1969/1477 1667/2246/1375 1604/2157/1373
f 1466/1969/1477 1604/2157/1373 1520/2038/1372
f 1436/1933/1478 1466/1969/1477 1520/2038/1372
f 1520/2038/1372 1455/1954/1481 1436/1933/1478
f 1268/1704/1403 1216/1633/1485 1295/1739/1483
f 1416/1906/1402 1268/1704/1403 1295/1739/1483
f 1416/1906/1402 1295/1739/1483 1455/1954/1481
f 1416/1906/1402 1497/2007/1521 1478/1983/1401
f 1497/2007/1521 1416/1906/1402 1455/1954/1481
f 1520/2038/1372 1704/2298/1374 1664/2243/1522
f 1704/2298/1374 1757/2374/1389 1670/2250/1523
s 0
f 1578/2119/1524 1558/2094/1525 1670/2250/1526
s 1
f 1670/2250/1523 1664/2243/1522 1704/2298/1374
s 0
f 1664/2243/1527 1455/1954/1528 1520/2038/1527
s 1
f 1455/1954/1481 1664/2243/1522 1497/2007/1521
f 1497/2007/1521 1664/2243/1522 1670/2250/1523
s 0
f 1670/2250/1529 1558/2094/1530 1497/2007/1531
s 1
f 1558/2094/1532 1478/1983/1401 1497/2007/1521
s 0
f 1478/1983/1533 1558/2094/1534 1422/1914/1535
s 1
f 967/1281/738 974/1296/1536 1003/1333/736
s 0
f 967/1281/1537 914/1210/1537 974/1296/1537
f 914/1210/1538 952/1260/1538 974/1296/1538
s 1
f 974/1296/1536 1004/1334/1539 1003/1333/736
f 1005/1335/734 1003/1333/736 1004/1334/1539
f 1002/1331/733 1005/1335/734 991/1316/1540
f 999/1328/1541 1004/1334/1539 974/1296/1536
f 1005/1335/734 1004/1334/1539 991/1316/1540
f 999/1328/1541 974/1296/1536 952/1260/1542
f 1004/1334/1539 999/1328/1541 991/1316/1540
f 972/1291/1543 992/1318/732 1002/1331/733
f 999/1328/1541 952/1260/1542 975/1297/1544
f 999/1328/1541 975/1297/1544 991/1316/1540
f 973/1294/1545 975/1297/1544 952/1260/1542
f 897/1190/1546 915/1211/741 889/1180/740
f 861/1136/1547 896/1188/742 870/1154/743
f 804/1058/1264 870/1154/743 858/1132/1262
f 858/1132/1262 870/1154/743 869/1152/422
f 869/1152/422 870/1154/743 887/1178/744
f 869/1153/422 887/1178/744 851/1121/423
f 887/1178/744 900/1194/681 857/1130/680
f 851/1121/423 887/1178/744 857/1130/680
f 1003/1333/736 1000/1329/735 967/1281/738
f 811/1066/956 802/1054/981 864/1140/957
f 864/1140/957 802/1054/981 838/1102/958
f 1760/2377/1266 1739/2349/1072 1764/2385/1075
f 1739/2349/1072 1760/2377/1266 1732/2336/1073
f 962/1273/721 983/1307/724 955/1264/714
f 1563/2100/1548 1603/2155/1549 1580/2122/776
f 1563/2100/1548 1580/2122/776 1539/2068/778
f 1563/2100/1548 1539/2068/778 1536/2063/1444
f 1553/2088/1440 1563/2100/1548 1536/2063/1444
f 1603/2155/1549 1563/2100/1548 1599/2149/1550
f 1599/2149/1550 1563/2100/1548 1575/2116/1551
f 1575/2116/1551 1563/2100/1548 1553/2088/1440
f 1603/2155/1549 1599/2149/1550 1621/2183/1552
f 1586/2130/1553 1599/2149/1550 1575/2116/1551
f 1621/2183/1552 1599/2149/1550 1586/2130/1553
f 1679/2263/1554 1603/2155/1549 1621/2183/1552
f 1625/2189/1555 1621/2183/1552 1605/2158/1556
f 1679/2263/1554 1621/2183/1552 1674/2255/1557
f 573/771/1248 661/880/1247 620/831/418
f 854/1125/1152 817/1073/1558 863/1139/1261
f 863/1139/1261 817/1073/1558 829/1090/1263
f 1351/1817/1461 1287/1729/1352 1476/1981/1368
f 1567/2104/1439 1503/2014/1417 1694/2284/1429
f 1567/2104/1439 1694/2284/1429 1725/2327/1433
f 1733/2338/1341 1753/2366/1241 1737/2344/1077
f 1632/2197/1240 1733/2338/1341 1737/2344/1077
f 1733/2338/1341 1755/2370/1559 1753/2366/1241
f 862/1138/1286 864/1141/957 880/1171/974
f 1575/2116/1551 1553/2088/1440 1572/2112/1453
f 1575/2116/1551 1572/2112/1453 1586/2130/1553
f 1516/2033/1445 1536/2063/1444 1539/2068/778
f 1516/2033/1445 1539/2068/778 1524/2046/779
f 1516/2033/1445 1524/2046/779 1512/2028/1446
f 1584/2128/1443 1586/2130/1553 1572/2112/1453
f 1586/2130/1553 1584/2128/1443 1590/2136/1452
f 1605/2158/1556 1586/2130/1553 1590/2136/1452
f 1586/2130/1553 1605/2158/1556 1621/2183/1552
f 1605/2158/1556 1590/2136/1452 1608/2162/1441
f 1625/2189/1555 1605/2158/1556 1608/2162/1441
f 1625/2189/1555 1608/2162/1441 1613/2169/1451
f 1613/2169/1451 1608/2162/1441 1612/2167/1449
f 1674/2255/1557 1621/2183/1552 1625/2189/1555
f 1635/2201/1560 1625/2189/1555 1613/2169/1451
s 0
f 797/1047/1561 730/966/1562 853/1123/1562
s 1
f 712/942/1563 720/953/631 723/958/1564
f 712/942/1563 723/958/1564 701/926/1565
f 720/953/631 733/969/630 723/958/1564
f 723/958/1564 735/972/1566 719/950/1567
f 761/1000/1568 719/951/1567 735/972/1566
f 803/1055/636 764/1004/1569 787/1032/635
f 787/1032/635 764/1004/1569 761/1000/1568
s 0
f 920/1219/1570 803/1055/1570 832/1096/1570
s 1
f 751/989/634 775/1018/618 769/1011/1571
f 769/1011/1571 775/1018/618 787/1032/635
f 787/1032/635 761/1000/1568 769/1011/1571
f 769/1011/1571 761/1000/1568 735/972/1566
f 769/1011/1571 735/972/1566 751/989/634
f 751/989/634 735/972/1566 723/958/1564
f 751/989/634 723/958/1564 733/969/630
f 751/989/634 733/969/630 743/980/632
f 748/986/633 751/989/634 743/980/632
f 979/1303/649 959/1269/400 989/1314/650
f 989/1314/650 963/1274/403 996/1323/1572
f 960/1270/641 956/1265/399 981/1305/1573
f 956/1265/399 979/1303/649 981/1305/1573
f 981/1305/1573 979/1303/649 989/1314/650
f 970/1289/640 960/1270/641 981/1305/1573
f 981/1305/1573 989/1314/650 988/1313/1574
f 996/1323/1572 995/1322/1575 989/1314/650
f 989/1314/650 995/1322/1575 988/1313/1574
f 996/1323/1572 963/1274/403 994/1321/1576
f 994/1321/1576 963/1274/403 986/1311/651
f 994/1321/1576 986/1311/651 998/1327/729
f 994/1321/1576 998/1327/729 968/1284/731
f 964/1275/638 970/1289/640 981/1305/1573
f 964/1275/638 920/1219/1577 929/1233/639
f 976/1299/1578 964/1275/638 980/1304/1579
f 976/1299/1578 980/1304/1579 984/1308/1580
f 933/1238/1581 964/1275/638 940/1247/1582
f 976/1299/1578 984/1308/1580 966/1279/1583
f 969/1287/1584 966/1279/1583 984/1308/1580
f 968/1284/731 969/1287/1584 985/1309/1585
f 985/1309/1585 969/1287/1584 984/1308/1580
f 992/1319/732 972/1292/1543 968/1284/731
f 968/1284/731 985/1309/1585 994/1321/1576
f 994/1321/1576 985/1309/1585 996/1323/1572
f 995/1322/1575 996/1323/1572 984/1308/1580
f 995/1322/1575 984/1308/1580 980/1304/1579
f 984/1308/1580 996/1323/1572 985/1309/1585
f 981/1305/1573 980/1304/1579 964/1275/638
f 980/1304/1579 981/1305/1573 988/1313/1574
f 980/1304/1579 988/1313/1574 995/1322/1575
f 799/1050/991 587/788/901 653/871/905
f 653/871/905 579/778/902 771/1013/1586
f 771/1013/1586 579/778/902 591/792/908
f 673/894/907 795/1044/992 771/1013/1586
f 673/894/907 771/1013/1586 591/792/908
f 799/1050/991 653/871/905 771/1013/1586
f 785/1030/998 673/894/907 621/832/1000
s 0
f 637/850/1587 621/832/1588 574/772/1589
s 1
f 637/850/999 574/772/1590 485/664/1591
f 574/772/1590 621/832/1592 467/641/917
f 467/641/917 621/832/1592 542/734/910
f 835/1099/1044 768/1010/1037 782/1026/1041
f 731/967/1292 703/930/969 548/741/1593
f 548/741/1593 703/930/969 604/809/1001
f 402/555/1298 604/810/1594 403/558/1595
f 403/558/1595 336/470/1596 264/370/1303
f 402/555/1298 264/370/1303 274/383/1299
f 1750/2363/1055 1747/2359/1111 1774/2402/1061
f 1774/2402/1061 1747/2359/1111 1765/2389/1265
f 1765/2389/1265 1749/2361/1597 1774/2402/1061
f 1770/2397/1059 1774/2402/1061 1749/2361/1597
f 1620/2181/1598 1398/1882/1599 1439/1936/1600
s 0
f 1439/1936/1601 1551/2084/1602 1620/2181/1603
s 1
f 1749/2361/1597 1669/2248/1604 1673/2253/1060
f 1669/2248/1604 1620/2181/1598 1551/2084/1605
f 1749/2361/1597 1673/2253/1060 1770/2397/1059
f 1551/2084/1605 1673/2253/1060 1669/2248/1604
f 93/127/1354 1339/1802/1476 1138/1516/1606
s 0
f 1349/1815/1607 1138/1516/1608 1339/1802/1609
s 1
f 1859/2515/765 1849/2498/764 1869/2529/767
f 1849/2498/764 1852/2503/770 1868/2527/1610
s 0
f 1868/2527/1611 1869/2529/1612 1849/2498/1613
s 1
f 1851/2501/763 1868/2527/1610 1852/2503/770
s 0
f 1603/2156/1614 1729/2332/1614 1821/2461/1614
s 1
f 1851/2501/763 1847/2495/762 1861/2518/1615
f 1857/2508/1616 1847/2495/762 1821/2461/761
f 1868/2527/1610 1851/2501/763 1881/2542/1617
f 1877/2537/1618 1868/2527/1610 1881/2542/1617
f 1861/2518/1615 1847/2495/762 1857/2508/1616
f 1851/2501/763 1876/2536/1619 1881/2542/1617
s 0
f 1821/2461/1620 1818/2457/1621 1857/2508/1622
f 1821/2461/1623 1729/2332/1624 1818/2457/1624
s 1
f 1851/2501/763 1861/2518/1615 1876/2536/1619
f 1876/2536/1619 1861/2518/1615 1870/2530/1625
f 1870/2530/1625 1875/2535/1626 1876/2536/1619
f 1878/2538/1627 1860/2516/1628 1880/2540/1629
f 1875/2535/1626 1878/2538/1627 1881/2542/1617
f 1882/2543/1630 1878/2538/1627 1880/2540/1629
f 1881/2542/1617 1878/2538/1627 1882/2543/1630
f 1875/2535/1626 1881/2542/1617 1876/2536/1619
f 1882/2543/1630 1877/2537/1618 1881/2542/1617
f 1880/2540/1629 1885/2548/1631 1872/2532/1632
f 1882/2543/1630 1880/2540/1629 1872/2532/1632
f 1882/2543/1630 1872/2532/1632 1877/2537/1618
f 1872/2532/1632 1885/2548/1631 1858/2511/768
f 1872/2532/1632 1873/2533/1633 1877/2537/1618
f 1872/2532/1632 1858/2511/768 1869/2529/767
f 1869/2529/767 1868/2527/1610 1873/2533/1633
f 1869/2529/767 1873/2533/1633 1872/2532/1632
f 1868/2527/1610 1877/2537/1618 1873/2533/1633
s 0
f 1679/2264/1634 1729/2332/1635 1603/2156/1636
s 1
f 1674/2256/1557 1635/2202/1560 1661/2240/1637
f 1679/2264/1554 1674/2256/1557 1661/2240/1637
f 1661/2240/1637 1635/2202/1560 1624/2187/1638
f 1624/2187/1638 1636/2204/1639 1654/2230/1640
f 1624/2187/1638 1654/2230/1640 1661/2240/1637
f 1654/2230/1640 1636/2204/1639 1648/2222/1641
f 1649/2224/1642 1647/2220/1643 1655/2231/1644
f 1647/2220/1643 1643/2213/1645 1655/2231/1644
f 1643/2213/1645 1644/2215/1646 1655/2231/1644
f 1644/2215/1646 1643/2213/1645 1634/2199/1647
f 1644/2215/1646 1634/2199/1647 1618/2178/1648
f 1644/2215/1646 1618/2178/1648 1630/2195/1649
f 1658/2236/1650 1644/2215/1646 1630/2195/1649
f 1644/2215/1646 1658/2236/1650 1655/2231/1644
f 1658/2236/1650 1689/2279/1651 1692/2282/1652
f 1655/2231/1644 1658/2236/1650 1676/2259/1653
f 1676/2259/1653 1658/2236/1650 1692/2282/1652
f 1658/2236/1650 1630/2195/1649 1628/2193/1654
f 1658/2236/1650 1628/2193/1654 1607/2160/1655
f 1658/2236/1650 1607/2160/1655 1689/2279/1651
f 1630/2195/1649 1618/2178/1648 1616/2175/1656
f 1628/2193/1654 1630/2195/1649 1616/2175/1656
f 1616/2175/1656 1596/2144/1657 1593/2139/1658
f 1616/2175/1656 1593/2139/1658 1628/2193/1654
f 1607/2160/1655 1628/2193/1654 1593/2139/1658
f 1593/2139/1658 1582/2124/1659 1607/2160/1655
f 1593/2139/1658 1596/2144/1657 1587/2131/1660
f 1585/2129/1661 1607/2160/1655 1582/2124/1659
f 1582/2124/1659 1571/2109/1662 1585/2129/1661
f 1585/2129/1661 1571/2109/1662 1576/2117/1663
f 1576/2117/1663 1571/2109/1662 1574/2114/1664
f 1607/2160/1655 1585/2129/1661 1600/2150/1665
f 1600/2150/1665 1585/2129/1661 1576/2117/1663
f 1576/2117/1663 1574/2114/1664 1559/2095/1666
f 1576/2117/1663 1559/2095/1666 1560/2097/1667
f 1600/2150/1665 1623/2186/1668 1607/2160/1655
f 1607/2160/1655 1623/2186/1668 1689/2279/1651
f 1600/2150/1665 1576/2117/1663 1561/2098/1669
f 1576/2117/1663 1560/2097/1667 1561/2098/1669
f 1600/2150/1665 1561/2098/1669 1579/2121/1670
f 1600/2150/1665 1579/2121/1670 1623/2186/1668
f 1583/2126/1671 1623/2186/1668 1579/2121/1670
f 1689/2279/1651 1623/2186/1668 1583/2126/1671
f 1552/2085/1672 1561/2098/1669 1560/2097/1667
f 1579/2121/1670 1561/2098/1669 1540/2069/1673
f 1540/2069/1673 1561/2098/1669 1537/2064/1674
f 1537/2064/1674 1561/2098/1669 1552/2085/1672
f 1552/2085/1672 1560/2097/1667 1559/2095/1666
f 1543/2073/1675 1537/2064/1674 1522/2041/1676
f 1537/2064/1674 1543/2073/1675 1540/2069/1673
f 1540/2069/1673 1543/2073/1675 1523/2043/1677
f 1540/2069/1673 1523/2043/1677 1521/2039/1678
f 1521/2039/1678 1523/2043/1677 1508/2022/1679
f 1529/2053/1680 1540/2069/1673 1521/2039/1678
f 1529/2053/1680 1521/2039/1678 1513/2029/1681
f 1513/2029/1681 1521/2039/1678 1500/2010/1682
f 1540/2069/1673 1529/2053/1680 1579/2121/1670
f 1529/2053/1680 1513/2029/1681 1579/2121/1670
f 1502/2013/1683 1513/2029/1681 1500/2010/1682
f 1502/2013/1683 1500/2010/1682 1492/2000/1684
f 1502/2013/1683 1492/2000/1684 1488/1995/1685
f 1513/2029/1681 1502/2013/1683 1463/1966/1686
f 1463/1966/1686 1502/2013/1683 1488/1995/1685
f 1463/1966/1686 1488/1995/1685 1474/1977/1687
f 1463/1966/1686 1474/1977/1687 1457/1956/1688
f 1463/1966/1686 1457/1956/1688 1442/1939/1689
f 1513/2029/1681 1463/1966/1686 1467/1970/1690
f 1463/1966/1686 1442/1939/1689 1453/1952/1691
f 1453/1952/1691 1442/1939/1689 1403/1891/1692
f 1463/1966/1686 1453/1952/1691 1429/1924/1693
f 1463/1966/1686 1429/1924/1693 1467/1970/1690
f 1453/1952/1691 1403/1891/1692 1429/1924/1693
f 1429/1924/1693 1424/1916/1694 1467/1970/1690
f 1429/1924/1693 1403/1891/1692 1378/1852/1695
f 1378/1852/1695 1395/1879/1696 1429/1924/1693
f 1429/1924/1693 1395/1879/1696 1424/1916/1694
f 1424/1916/1694 1395/1879/1696 1377/1851/1697
f 1410/1900/1698 1424/1916/1694 1377/1851/1697
f 1377/1851/1697 1395/1879/1696 1378/1852/1695
f 1377/1851/1697 1378/1852/1695 1367/1835/1699
f 1410/1900/1698 1377/1851/1697 1368/1836/1700
f 1367/1835/1699 1378/1852/1695 1369/1837/1701
f 1367/1835/1699 1369/1837/1701 1333/1794/1702
f 1377/1851/1697 1367/1835/1699 1368/1836/1700
f 1368/1836/1700 1367/1835/1699 1333/1794/1702
f 1368/1836/1700 1333/1794/1702 1335/1797/1703
f 1368/1836/1700 1335/1797/1703 1345/1810/1704
f 1410/1900/1698 1368/1836/1700 1345/1810/1704
f 1335/1797/1703 1333/1794/1702 1338/1801/1705
f 1338/1801/1705 1333/1794/1702 1329/1789/1706
f 1338/1801/1705 1329/1789/1706 1317/1770/1707
f 1338/1801/1705 1317/1770/1707 1335/1797/1703
f 1335/1797/1703 1317/1770/1707 1328/1788/1708
f 1335/1797/1703 1328/1788/1708 1345/1810/1704
f 1304/1751/1709 1345/1810/1704 1328/1788/1708
f 1291/1733/1710 1328/1788/1708 1317/1770/1707
f 1291/1733/1710 1317/1770/1707 1301/1746/1711
f 1291/1733/1710 1301/1746/1711 1260/1693/1712
f 1291/1733/1710 1260/1693/1712 1272/1709/1713
f 1272/1709/1713 1260/1693/1712 1265/1700/1714
f 1328/1788/1708 1291/1733/1710 1272/1709/1713
f 1328/1788/1708 1272/1709/1713 1304/1751/1709
f 1265/1700/1714 1249/1680/1715 1250/1682/1716
f 1249/1680/1715 1231/1652/1717 1250/1682/1716
f 1272/1709/1713 1265/1700/1714 1250/1682/1716
f 1272/1709/1713 1208/1620/1718 1304/1751/1709
f 1272/1709/1713 1250/1682/1716 1208/1620/1718
f 1208/1620/1718 1250/1682/1716 1203/1613/1719
f 1250/1682/1716 1231/1652/1717 1230/1650/1720
f 1203/1613/1719 1250/1682/1716 1230/1650/1720
f 1203/1613/1719 1230/1650/1720 1201/1610/1721
f 1201/1610/1721 1230/1650/1720 1204/1614/1722
f 1201/1610/1721 1181/1584/1723 1203/1613/1719
f 1162/1551/1724 1158/1545/1725 1181/1584/1723
f 1181/1584/1723 1158/1545/1725 1175/1575/1726
f 1181/1584/1723 1175/1575/1726 1203/1613/1719
f 1203/1613/1719 1175/1575/1726 1208/1620/1718
f 1175/1575/1726 41/59/1727 1208/1620/1718
s 0
f 1304/1751/1728 1208/1620/1729 1278/1716/1730
f 1278/1716/1731 1208/1620/1731 1100/1457/1731
f 1100/1457/1732 1342/1806/1732 1278/1716/1732
s 1
f 1443/1941/1733 1342/1806/1734 1297/1742/1735
f 1498/2008/1736 1342/1806/1734 1443/1941/1733
f 1342/1806/1734 1498/2008/1736 1549/2082/1737
s 0
f 1278/1716/1738 1345/1810/1739 1304/1751/1740
f 1278/1716/1741 1410/1900/1742 1345/1810/1743
s 1
f 1424/1916/1694 1410/1900/1698 1467/1970/1690
s 0
f 1467/1970/1744 1410/1900/1745 1278/1716/1746
f 1583/2126/1747 1467/1970/1747 1278/1716/1747
f 1549/2082/1748 1278/1716/1748 1342/1806/1748
s 1
f 1549/2082/1737 1498/2008/1736 1611/2165/1749
f 1498/2008/1736 1443/1941/1733 1496/2006/1750
f 1496/2006/1750 1443/1941/1733 1393/1876/1751
f 1393/1876/1751 1443/1941/1733 1297/1742/1735
f 1411/1901/1752 1393/1876/1751 1280/1719/1753
f 1393/1876/1751 1411/1901/1752 1496/2006/1750
f 1419/1910/1754 1411/1901/1752 1263/1697/1755
f 1411/1901/1752 1280/1719/1753 1331/1792/1756
f 1411/1901/1752 1331/1792/1756 1263/1697/1755
f 1452/1950/1757 1419/1910/1754 1327/1786/1758
f 1327/1786/1758 1419/1910/1754 1263/1697/1755
f 1327/1786/1758 1263/1697/1755 1225/1642/1759
f 1331/1792/1756 1280/1719/1753 1094/1449/1760
f 1331/1792/1756 1094/1449/1760 1263/1697/1755
f 1327/1786/1758 1225/1642/1759 1061/1406/1761
f 1128/1501/1762 1225/1642/1759 1263/1697/1755
f 1128/1501/1762 1263/1697/1755 1094/1449/1760
f 1020/1352/1763 1280/1719/1753 1121/1491/1764
f 1280/1719/1753 1020/1352/1763 1058/1402/1765
f 1058/1402/1765 1094/1449/1760 1280/1719/1753
f 1280/1719/1753 1297/1742/1735 1121/1491/1764
f 1297/1742/1735 1280/1719/1753 1393/1876/1751
f 1342/1806/1734 1100/1457/1766 1297/1742/1735
f 1121/1491/1764 1297/1742/1735 1100/1457/1766
f 1655/2231/1644 1648/2222/1641 1649/2224/1642
f 1648/2222/1641 1655/2231/1644 1654/2230/1640
f 1655/2231/1644 1676/2259/1653 1654/2230/1640
f 1661/2240/1637 1654/2230/1640 1676/2259/1653
f 1661/2240/1637 1676/2259/1653 1693/2283/1767
f 1661/2240/1637 1693/2283/1767 1679/2264/1554
f 1729/2332/1768 1679/2264/1554 1693/2283/1767
f 1692/2282/1652 1693/2283/1767 1676/2259/1653
s 0
f 1729/2332/1769 1693/2283/1770 1689/2279/1771
f 1729/2332/1772 1689/2279/1772 1818/2457/1772
f 1583/2126/1773 1794/2428/1773 1818/2457/1773
f 1689/2279/1774 1583/2126/1774 1818/2457/1774
s 1
f 1818/2457/1775 1834/2478/1776 1846/2493/1777
f 1818/2457/1775 1846/2493/1777 1857/2508/1616
f 1861/2518/1615 1857/2508/1616 1853/2504/1778
f 1853/2504/1778 1857/2508/1616 1846/2493/1777
f 1853/2504/1778 1870/2530/1625 1861/2518/1615
f 1850/2499/1779 1878/2538/1627 1875/2535/1626
f 1860/2516/1628 1878/2538/1627 1850/2499/1779
f 1867/2526/1780 1850/2499/1779 1875/2535/1626
f 1875/2535/1626 1870/2530/1625 1867/2526/1780
f 1867/2526/1780 1870/2530/1625 1853/2504/1778
f 1853/2504/1778 1846/2493/1777 1817/2456/1781
f 1845/2492/1782 1853/2504/1778 1817/2456/1781
f 1853/2504/1778 1845/2492/1782 1867/2526/1780
f 1860/2516/1628 1850/2499/1779 1844/2489/1783
f 1844/2489/1783 1850/2499/1779 1829/2473/1784
f 1829/2473/1784 1850/2499/1779 1824/2466/1785
f 1817/2456/1781 1824/2466/1785 1845/2492/1782
f 1824/2466/1785 1850/2499/1779 1867/2526/1780
f 1824/2466/1785 1867/2526/1780 1845/2492/1782
f 1817/2456/1781 1846/2493/1777 1834/2478/1776
f 1817/2456/1781 1834/2478/1776 1815/2454/1786
f 1844/2490/1783 1829/2473/1784 1822/2462/1787
f 1808/2445/1788 1829/2473/1784 1824/2466/1785
f 1829/2473/1784 1808/2445/1788 1822/2463/1787
f 1824/2466/1785 1817/2456/1781 1805/2442/1789
f 1797/2431/1790 1815/2454/1786 1583/2126/1791
f 1815/2454/1786 1794/2428/1792 1583/2126/1791
f 1815/2454/1786 1834/2478/1776 1794/2428/1792
f 1834/2478/1776 1818/2457/1775 1794/2428/1792
f 1467/1970/1690 1579/2121/1670 1513/2029/1681
f 1824/2466/1785 1805/2442/1789 1808/2445/1788
f 1677/2260/1793 1681/2267/1794 1808/2445/1788
f 1808/2445/1788 1805/2442/1789 1677/2260/1793
f 1782/2413/1795 1805/2442/1789 1817/2456/1781
f 1797/2431/1790 1817/2456/1781 1815/2454/1786
f 1782/2413/1795 1817/2456/1781 1797/2431/1790
f 1805/2442/1789 1782/2413/1795 1677/2260/1793
f 1773/2400/1796 1808/2445/1788 1681/2267/1794
f 1565/2102/1797 1681/2267/1794 1677/2260/1793
f 1645/2216/1798 1681/2267/1794 1419/1910/1754
f 1660/2239/1799 1677/2260/1793 1782/2413/1795
f 1660/2239/1799 1782/2413/1795 1611/2165/1749
f 1782/2413/1795 1797/2431/1790 1611/2165/1749
f 1549/2082/1737 1797/2431/1790 1583/2126/1791
f 1611/2165/1749 1797/2431/1790 1549/2082/1737
f 1496/2006/1750 1660/2239/1799 1611/2165/1749
f 1677/2260/1793 1660/2239/1799 1411/1901/1752
f 1411/1901/1752 1660/2239/1799 1496/2006/1750
f 1565/2102/1797 1677/2260/1793 1411/1901/1752
f 1419/1910/1754 1681/2267/1794 1565/2102/1797
f 1645/2217/1798 1419/1910/1754 1452/1950/1757
f 1496/2006/1750 1611/2165/1749 1498/2008/1736
f 1419/1910/1754 1565/2102/1797 1411/1901/1752
f 1863/2521/1414 1864/2523/1412 1825/2468/1800
f 1883/2545/1413 1839/2484/810 1858/2512/768
f 1885/2549/1631 1880/2541/1629 1860/2517/1628
f 1866/2525/1801 1885/2549/1631 1865/2524/1802
f 1858/2512/768 1885/2549/1631 1883/2545/1413
f 1885/2549/1631 1892/2556/1803 1883/2545/1413
f 1883/2545/1413 1892/2556/1803 1884/2547/1411
f 1893/2557/1804 1884/2547/1411 1892/2556/1803
f 1893/2557/1804 1892/2556/1803 1866/2525/1801
f 1866/2525/1801 1892/2556/1803 1885/2549/1631
f 1893/2557/1804 1866/2525/1801 1886/2550/1805
f 1865/2524/1802 1885/2549/1631 1860/2517/1628
f 1860/2517/1628 1826/2469/1806 1865/2524/1802
f 1860/2517/1628 1844/2491/1783 1826/2469/1806
f 1844/2491/1783 1822/2464/1787 1826/2469/1806
f 1813/2452/1807 1816/2455/1808 1826/2469/1806
f 1813/2452/1807 1826/2469/1806 1822/2464/1787
f 1809/2448/1809 1813/2452/1807 1822/2464/1787
f 1809/2448/1809 1808/2446/1788 1773/2401/1796
f 1809/2448/1809 1773/2401/1796 1813/2452/1807
f 1813/2452/1807 1773/2401/1796 1798/2432/1810
f 1813/2452/1807 1798/2432/1810 1816/2455/1808
f 1806/2443/1811 1807/2444/1812 1831/2475/1813
f 1806/2443/1811 1816/2455/1808 1716/2313/1814
f 1806/2443/1811 1696/2286/1815 1807/2444/1812
f 1807/2444/1812 1696/2286/1815 1762/2382/1816
f 1811/2450/1817 1807/2444/1812 1762/2382/1816
f 1811/2450/1817 1762/2382/1816 1710/2305/1818
s 0
f 1762/2382/1819 1547/2079/1819 1710/2305/1819
f 1710/2305/1820 1547/2079/1821 1619/2180/1822
s 1
f 1589/2134/1823 1619/2180/1824 1547/2079/1825
s 0
f 1484/1990/1826 1547/2079/1826 1762/2382/1826
f 1484/1990/1827 1350/1816/1828 1547/2079/1829
s 1
f 1484/1990/1830 1762/2382/1816 1687/2277/1831
f 1484/1990/1830 1687/2277/1831 1501/2012/1832
f 1696/2286/1815 1687/2277/1831 1762/2382/1816
f 1696/2286/1815 1806/2443/1811 1716/2313/1814
f 1741/2351/1833 1716/2313/1814 1816/2455/1808
f 1798/2432/1810 1741/2351/1833 1816/2455/1808
f 1741/2351/1833 1798/2432/1810 1727/2330/1834
f 1798/2432/1810 1773/2401/1796 1727/2330/1834
f 1773/2401/1796 1681/2268/1794 1645/2218/1798
f 1727/2330/1834 1773/2401/1796 1645/2218/1798
f 1727/2330/1834 1525/2047/1835 1741/2351/1833
f 1525/2047/1835 1727/2330/1834 1483/1989/1836
f 1525/2047/1835 1716/2313/1814 1741/2351/1833
f 1451/1949/1837 1696/2286/1815 1716/2313/1814
f 1716/2313/1814 1525/2047/1835 1451/1949/1837
f 1483/1989/1836 1727/2330/1834 1645/2218/1798
s 0
f 1595/2143/1838 1863/2521/1838 1825/2468/1838
s 1
f 1793/2427/819 1799/2434/818 1791/2424/823
f 1731/2335/142 1791/2424/823 1775/2404/824
f 1700/2291/144 1775/2404/824 1743/2354/825
f 1775/2404/824 1792/2425/1839 1743/2354/825
f 1758/2375/1840 1718/2317/826 1743/2354/825
f 1772/2399/1841 1743/2354/825 1792/2425/1839
f 1743/2354/825 1772/2399/1841 1758/2375/1840
s 0
f 1758/2375/1842 1772/2399/1843 1742/2352/1844
s 1
f 1742/2352/1845 1772/2399/1841 1763/2383/1846
f 1763/2383/1846 1772/2399/1841 1792/2425/1839
f 1786/2418/1847 1792/2425/1839 1796/2430/1848
f 1792/2425/1839 1775/2404/824 1796/2430/1848
f 1796/2430/1848 1775/2404/824 1791/2424/823
f 1796/2430/1848 1791/2424/823 1801/2436/1849
f 1800/2435/1850 1796/2430/1848 1801/2436/1849
f 1800/2435/1850 1801/2436/1849 1804/2441/1851
f 1804/2441/1851 1801/2436/1849 1799/2434/818
f 1801/2436/1849 1791/2424/823 1799/2434/818
f 1825/2468/1800 1864/2523/1412 1887/2551/1852
f 1887/2551/1852 1864/2523/1412 1889/2553/1853
f 1887/2551/1852 1889/2553/1853 1825/2468/1800
s 0
f 1799/2434/1854 1825/2468/1854 1804/2441/1854
f 1804/2441/1855 1825/2468/1855 1888/2552/1855
f 1888/2552/1856 1825/2468/1856 1889/2553/1856
s 1
f 1893/2557/1804 1891/2555/1857 1884/2547/1411
f 1864/2523/1412 1891/2555/1857 1889/2553/1853
f 1884/2547/1411 1891/2555/1857 1864/2523/1412
f 1893/2557/1804 1890/2554/1858 1891/2555/1857
f 1891/2555/1857 1888/2552/1859 1889/2553/1853
f 1890/2554/1858 1893/2557/1804 1886/2550/1805
f 1891/2555/1857 1890/2554/1858 1888/2552/1859
s 0
f 1804/2441/1860 1888/2552/1860 1814/2453/1860
f 567/764/1861 542/734/1862 621/832/1863
s 1
f 621/832/1000 673/894/907 567/764/906
f 1748/2360/1864 1702/2295/1865 1703/2296/1866
s 0
f 1703/2296/1867 1702/2295/1868 1592/2138/1869
s 1
f 1755/2371/1559 1758/2375/1840 1748/2360/1864
f 1755/2371/1559 1748/2360/1864 1712/2308/1870
f 1733/2339/1341 1718/2317/826 1755/2371/1559
s 0
f 1592/2138/1871 1702/2295/1872 1656/2232/1873
s 1
f 1748/2360/1864 1742/2352/1845 1702/2295/1865
f 1730/2333/1874 1742/2352/1845 1763/2383/1846
f 1758/2375/1840 1742/2352/1845 1748/2360/1864
f 1718/2317/826 1758/2375/1840 1755/2371/1559
f 1712/2308/1870 1748/2360/1864 1703/2296/1866
f 1592/2138/1875 1656/2232/1876 1573/2113/1877
f 1573/2113/1877 1656/2232/1876 1642/2212/1878
f 1730/2333/1874 1642/2212/1878 1656/2232/1876
f 1730/2333/1874 1656/2232/1876 1702/2295/1865
f 1642/2212/1878 1730/2333/1874 1709/2304/1879
f 1709/2304/1879 1751/2364/1880 1719/2318/1881
f 1695/2285/1882 1709/2304/1879 1719/2318/1881
f 1709/2304/1879 1695/2285/1882 1626/2191/1883
f 1642/2212/1878 1709/2304/1879 1626/2191/1883
f 1573/2113/1877 1642/2212/1878 1473/1976/1884
f 1486/1992/1885 1473/1976/1884 1642/2212/1878
f 1438/1935/1886 1566/2103/1887 1547/2079/1825
f 1486/1992/1885 1566/2103/1887 1438/1935/1886
f 1473/1976/1884 1459/1959/1888 1573/2113/1877
f 1573/2113/1877 1459/1959/1888 1592/2138/1875
s 0
f 1437/1934/1889 1592/2138/1890 1459/1959/1891
s 1
f 1437/1934/1892 1402/1889/1893 1602/2153/1894
f 1437/1934/1892 1602/2153/1894 1592/2138/1895
s 0
f 1592/2138/1896 1602/2153/1897 1703/2296/1898
s 1
f 1785/2417/1377 1778/2408/1057 1757/2374/1389
f 1507/2021/1437 1629/2194/1899 1708/2303/1435
f 1708/2303/1435 1629/2194/1899 1722/2323/1900
f 1726/2329/1901 1708/2303/1435 1722/2323/1900
f 1708/2303/1435 1726/2329/1901 1721/2322/1434
f 1721/2322/1434 1726/2329/1901 1735/2341/1902
f 1721/2322/1434 1735/2341/1902 1701/2293/1430
f 1701/2294/1430 1735/2341/1902 1725/2328/1433
f 1686/2276/1903 1736/2342/1904 1756/2373/1905
f 1686/2276/1903 1756/2373/1905 1717/2314/1906
f 1717/2314/1906 1756/2373/1905 1728/2331/1907
f 1728/2331/1907 1745/2356/1908 1722/2323/1900
f 1728/2331/1907 1756/2373/1905 1745/2356/1908
f 1745/2356/1908 1756/2373/1905 1735/2341/1902
f 1756/2373/1905 1736/2342/1904 1725/2328/1433
f 1735/2341/1902 1756/2373/1905 1725/2328/1433
f 1726/2329/1901 1745/2356/1908 1735/2341/1902
f 1745/2356/1908 1726/2329/1901 1722/2323/1900
f 1722/2323/1900 1629/2194/1899 1699/2289/1909
f 1722/2323/1900 1699/2289/1909 1707/2301/1910
f 1722/2323/1900 1707/2301/1910 1728/2331/1907
f 1717/2314/1906 1697/2287/1911 1686/2276/1903
f 1717/2314/1906 1728/2331/1907 1706/2300/1912
f 1728/2331/1907 1707/2301/1910 1706/2300/1912
f 1707/2301/1910 1698/2288/1913 1706/2300/1912
f 1686/2276/1903 1697/2287/1911 1638/2208/1914
f 1697/2287/1911 1717/2314/1906 1706/2300/1912
f 1698/2288/1913 1707/2301/1910 1699/2289/1909
f 1699/2289/1909 1629/2194/1899 1577/2118/1915
f 1699/2289/1909 1577/2118/1915 1698/2288/1913
f 1698/2288/1913 1577/2118/1915 1637/2207/1916
f 1698/2288/1913 1637/2207/1916 1685/2275/1917
f 1698/2288/1913 1685/2275/1917 1706/2300/1912
f 1706/2300/1912 1685/2275/1917 1697/2287/1911
f 1697/2287/1911 1685/2275/1917 1665/2244/1918
f 1685/2275/1917 1637/2207/1916 1665/2244/1918
f 1697/2287/1911 1665/2244/1918 1533/2059/1919
f 1697/2287/1911 1533/2059/1919 1638/2208/1914
f 1638/2208/1914 1533/2059/1919 1506/2018/1920
f 1533/2059/1919 1665/2244/1918 1532/2058/1921
f 1665/2244/1918 1617/2177/1922 1532/2058/1921
f 1617/2177/1922 1665/2244/1918 1637/2207/1916
f 1637/2207/1916 1594/2141/1923 1617/2177/1922
f 1637/2207/1916 1614/2171/1924 1594/2141/1923
f 1550/2083/1925 1614/2171/1924 1577/2118/1915
f 1614/2171/1924 1637/2207/1916 1577/2118/1915
s 0
f 1736/2342/1926 1672/2252/1927 1725/2328/1928
s 1
f 1514/2030/1929 1617/2177/1922 1594/2141/1923
f 1532/2058/1921 1617/2177/1922 1514/2030/1929
f 1506/2018/1920 1533/2059/1919 1472/1975/1930
f 1480/1985/1931 1533/2059/1919 1532/2058/1921
s 0
f 1506/2018/1932 1568/2106/1933 1638/2208/1934
f 1638/2208/1935 1568/2106/1936 1686/2276/1937
s 1
f 1445/1943/1938 1568/2106/1939 1506/2018/1920
f 1403/1892/1692 1506/2018/1920 1472/1975/1930
f 1506/2018/1920 1403/1892/1692 1445/1943/1938
f 1568/2106/1939 1646/2219/1940 1686/2276/1941
f 1736/2342/1904 1686/2276/1903 1672/2252/1942
f 1725/2328/1433 1597/2147/1442 1567/2105/1439
s 0
f 1725/2328/1943 1672/2252/1944 1597/2147/1945
s 1
f 1634/2200/1647 1643/2214/1645 1647/2221/1643
f 1618/2179/1648 1634/2200/1647 1646/2219/1946
f 1618/2179/1648 1606/2159/1947 1616/2176/1656
f 1596/2145/1657 1616/2176/1656 1606/2159/1947
s 0
f 1618/2179/1948 1646/2219/1949 1606/2159/1950
s 1
f 1596/2145/1657 1606/2159/1947 1587/2132/1660
f 1646/2219/1940 1587/2132/1660 1606/2159/1947
f 1587/2132/1660 1582/2125/1659 1593/2140/1658
f 1571/2110/1662 1568/2106/1939 1574/2115/1664
f 1582/2125/1659 1587/2132/1660 1571/2110/1662
f 1587/2132/1660 1646/2219/1940 1568/2106/1939
f 1571/2110/1662 1587/2132/1660 1568/2106/1939
f 1559/2096/1666 1568/2106/1939 1552/2086/1672
f 1568/2106/1939 1559/2096/1666 1574/2115/1664
f 1552/2086/1672 1522/2042/1676 1537/2065/1674
f 1552/2086/1672 1568/2106/1939 1522/2042/1676
f 1522/2042/1676 1568/2106/1939 1445/1943/1938
f 1508/2023/1679 1522/2042/1676 1445/1943/1938
f 1522/2042/1676 1523/2044/1677 1543/2074/1675
f 1523/2044/1677 1522/2042/1676 1508/2023/1679
f 1500/2011/1682 1521/2040/1678 1508/2023/1679
f 1492/2001/1684 1500/2011/1682 1508/2023/1679
f 1508/2023/1679 1445/1943/1938 1492/2001/1684
f 1492/2001/1684 1445/1943/1938 1444/1942/1951
f 1444/1942/1951 1445/1943/1938 1403/1892/1692
s 0
f 1270/1707/1952 1369/1838/1953 1403/1892/1954
s 1
f 1403/1892/1692 1472/1975/1930 1270/1707/1955
f 1472/1975/1930 1533/2059/1919 1480/1985/1931
f 1532/2058/1921 1397/1881/1956 1480/1985/1931
f 1514/2030/1929 1397/1881/1956 1532/2058/1921
f 1397/1881/1956 1514/2030/1929 1382/1861/1957
f 1514/2030/1929 1509/2024/1958 1382/1861/1957
f 1382/1861/1957 1509/2024/1958 1423/1915/1959
f 1480/1985/1931 1397/1881/1956 1330/1791/1960
f 1472/1975/1930 1480/1985/1931 1330/1791/1960
f 1472/1975/1930 1330/1791/1960 1292/1734/1961
f 1397/1881/1956 1382/1861/1957 1341/1805/1962
f 1325/1783/1963 1382/1861/1957 1406/1895/1964
f 1397/1881/1956 1341/1805/1962 1330/1791/1960
f 1472/1975/1930 1292/1734/1961 1270/1707/1955
f 1270/1707/1955 1231/1653/1717 1260/1694/1712
f 1270/1707/1955 1333/1795/1702 1369/1838/1701
f 1329/1790/1706 1333/1795/1702 1270/1707/1955
f 1270/1707/1955 1321/1775/1965 1329/1790/1706
f 1329/1790/1706 1321/1775/1965 1317/1771/1707
f 1321/1775/1965 1270/1707/1955 1301/1747/1711
f 1317/1771/1707 1321/1775/1965 1301/1747/1711
f 1301/1747/1711 1270/1707/1955 1260/1694/1712
f 1260/1694/1712 1249/1681/1715 1265/1701/1714
f 1249/1681/1715 1260/1694/1712 1231/1653/1717
f 1230/1651/1720 1231/1653/1717 1204/1615/1722
f 1140/1518/1966 1231/1653/1717 1133/1509/1967
f 1140/1519/1966 1162/1552/1724 1181/1585/1723
f 1181/1585/1723 1204/1615/1722 1140/1519/1966
f 1204/1615/1722 1181/1585/1723 1201/1611/1721
f 1231/1653/1717 1140/1519/1966 1204/1615/1722
s 0
f 1597/2147/1968 1652/2228/1969 1636/2205/1970
s 1
f 1636/2205/1639 1615/2173/1450 1597/2147/1442
f 1636/2205/1639 1652/2228/1971 1648/2223/1641
f 1649/2225/1642 1648/2223/1641 1652/2228/1971
f 1647/2221/1643 1649/2225/1642 1652/2228/1971
f 1647/2221/1643 1652/2228/1971 1634/2200/1647
f 1646/2219/1946 1634/2200/1647 1652/2228/1971
s 0
f 1646/2219/1972 1652/2228/1973 1672/2252/1974
f 1672/2252/1975 1652/2228/1976 1597/2147/1977
f 1646/2219/1978 1672/2252/1979 1686/2276/1980
s 1
f 1768/2395/1058 1673/2254/1060 1711/2307/1390
s 0
f 1578/2119/1981 1670/2250/1982 1711/2307/1983
s 1
f 1629/2194/1899 1550/2083/1925 1577/2118/1915
f 1550/2083/1925 1629/2194/1899 1507/2021/1437
f 1742/2352/1845 1730/2333/1874 1702/2295/1865
f 1719/2318/1881 1751/2364/1880 1715/2312/1984
f 1715/2312/1984 1751/2364/1880 1767/2393/1985
f 1767/2393/1985 1751/2364/1880 1777/2406/1986
f 1777/2406/1986 1751/2364/1880 1771/2398/1987
f 1771/2398/1987 1751/2364/1880 1709/2304/1879
f 1767/2393/1985 1777/2406/1986 1784/2416/1988
f 1709/2304/1879 1730/2333/1874 1763/2383/1846
f 1786/2418/1847 1709/2304/1879 1763/2383/1846
f 1771/2398/1987 1709/2304/1879 1786/2418/1847
f 1763/2383/1846 1792/2425/1839 1786/2418/1847
f 1771/2398/1987 1786/2418/1847 1788/2420/1989
f 1771/2398/1987 1788/2420/1989 1777/2406/1986
s 0
f 1786/2418/1990 1796/2430/1991 1788/2420/1992
s 1
f 1795/2429/1993 1796/2430/1848 1800/2435/1850
s 0
f 1800/2435/1994 1804/2441/1995 1795/2429/1995
f 1795/2429/1996 1804/2441/1996 1814/2453/1996
s 1
f 1888/2552/1859 1890/2554/1858 1874/2534/1997
f 1874/2534/1997 1890/2554/1858 1886/2550/1805
f 1888/2552/1859 1874/2534/1997 1814/2453/1998
f 1814/2453/1998 1874/2534/1997 1879/2539/1999
f 1879/2539/1999 1874/2534/1997 1871/2531/2000
f 1874/2534/1997 1886/2550/1805 1831/2475/1813
f 1862/2519/2001 1831/2475/1813 1886/2550/1805
f 1862/2519/2001 1886/2550/1805 1866/2525/1801
f 1865/2524/1802 1826/2469/1806 1866/2525/1801
f 1826/2469/1806 1816/2455/1808 1856/2507/2002
f 1816/2455/1808 1831/2475/1813 1856/2507/2002
f 1807/2444/1812 1811/2450/1817 1842/2487/2003
f 1807/2444/1812 1842/2487/2003 1831/2475/1813
f 1833/2477/2004 1842/2487/2003 1811/2450/1817
f 1833/2477/2004 1811/2450/1817 1710/2305/1818
f 1862/2519/2001 1856/2507/2002 1831/2475/1813
f 1831/2475/1813 1842/2487/2003 1855/2506/2005
f 1855/2506/2005 1842/2487/2003 1835/2479/2006
f 1835/2479/2006 1842/2487/2003 1833/2477/2004
s 0
f 1833/2477/2007 1871/2531/2007 1835/2479/2007
f 1784/2416/2008 1871/2531/2008 1767/2393/2008
f 1871/2531/2009 1619/2180/2010 1767/2393/2011
s 1
f 1788/2420/1989 1784/2416/1988 1777/2406/1986
f 1784/2416/1988 1788/2420/1989 1795/2429/1993
f 1879/2539/1999 1871/2531/2000 1814/2453/1998
s 0
f 1814/2453/2012 1871/2531/2012 1784/2416/2012
f 1814/2453/2013 1784/2416/2013 1795/2429/2013
s 1
f 1795/2429/1993 1788/2420/1989 1796/2430/1848
f 1719/2318/1881 1715/2312/1984 1695/2285/1882
f 1642/2212/1878 1626/2191/1883 1486/1992/1885
f 1547/2079/1825 1566/2103/1887 1589/2134/1823
f 1566/2103/1887 1486/1992/1885 1626/2191/1883
f 1547/2079/1825 1450/1948/2014 1438/1935/1886
f 1315/1768/2015 1473/1976/1884 1486/1992/1885
f 1450/1948/2014 1547/2079/1825 1350/1816/2016
f 1486/1992/1885 1332/1793/2017 1315/1768/2015
f 1486/1992/1885 1438/1935/1886 1332/1793/2017
f 1315/1768/2015 1300/1745/2018 1473/1976/1884
f 1437/1934/2019 1459/1959/1888 1288/1730/2020
f 1402/1889/1893 1437/1934/1892 1340/1803/2021
f 1117/1482/2022 1087/1438/2023 1244/1672/2024
f 1117/1482/2022 1244/1672/2024 1242/1668/2025
f 1025/1363/2026 1182/1586/2027 1155/1539/2028
f 1155/1540/2028 1214/1630/2029 1163/1555/2030
f 1153/1535/2031 1212/1626/2032 1245/1673/2033
s 0
f 1153/1536/2034 1245/1673/2035 1257/1690/2036
f 1098/1454/2037 1153/1536/2038 1257/1690/2039
f 1257/1690/2040 1245/1673/2041 1350/1816/2042
f 1350/1816/2043 1484/1990/2043 1257/1690/2043
s 1
f 1257/1690/2044 1484/1990/1830 1501/2012/1832
f 1257/1690/2044 1501/2012/1832 1358/1825/2045
f 1098/1454/2046 1257/1690/2044 1358/1825/2045
f 1358/1825/2045 1441/1938/2047 1366/1834/2048
f 1316/1769/2049 1366/1834/2048 1441/1938/2047
f 1316/1769/2049 1441/1938/2047 1451/1949/1837
f 1266/1702/2050 1327/1787/1758 1061/1407/1761
f 1283/1724/2051 1266/1702/2050 1236/1660/2052
f 1243/1670/2053 1316/1769/2049 1283/1724/2051
f 1316/1769/2049 1271/1708/2054 1366/1834/2048
f 1358/1825/2045 1366/1834/2048 1271/1708/2054
f 1358/1825/2045 1271/1708/2054 1098/1454/2046
f 1271/1708/2054 1316/1769/2049 1243/1670/2053
f 1170/1568/2055 1098/1454/2046 1271/1708/2054
f 1170/1568/2055 1271/1708/2054 1243/1670/2053
f 1236/1660/2052 1243/1670/2053 1283/1724/2051
f 1236/1660/2052 1266/1702/2050 1142/1522/2056
f 1061/1408/1761 1142/1522/2056 1266/1702/2050
s 0
f 1833/2477/2057 1710/2305/2058 1619/2180/2059
s 1
f 1831/2475/1813 1816/2455/1808 1806/2443/1811
s 0
f 1871/2531/2060 1833/2477/2060 1619/2180/2060
s 1
f 1695/2285/1882 1715/2312/1984 1589/2134/1823
f 1626/2191/1883 1695/2285/1882 1566/2103/1887
f 1566/2103/1887 1695/2285/1882 1589/2134/1823
f 1589/2134/1823 1715/2312/1984 1619/2180/1824
f 1619/2180/1824 1715/2312/1984 1767/2393/1985
f 1214/1630/2029 1155/1540/2028 1182/1586/2027
f 1212/1626/2032 1214/1630/2029 1275/1712/2061
f 1245/1673/2033 1212/1626/2032 1275/1712/2061
f 1275/1712/2061 1214/1630/2029 1182/1586/2027
f 1312/1763/2062 1245/1673/2033 1275/1712/2061
f 1275/1712/2061 1182/1586/2027 1312/1763/2062
f 1182/1586/2027 1025/1363/2026 1242/1668/2025
f 1315/1768/2015 1182/1586/2027 1242/1668/2025
f 1300/1745/2018 1242/1668/2025 1244/1672/2024
f 1182/1586/2027 1332/1793/2017 1312/1763/2062
f 1245/1673/2033 1312/1763/2062 1350/1816/2016
f 1182/1586/2027 1315/1768/2015 1332/1793/2017
f 1312/1763/2062 1332/1793/2017 1389/1872/2063
f 1312/1763/2062 1389/1872/2063 1392/1875/2064
f 1350/1816/2016 1312/1763/2062 1392/1875/2064
f 1392/1875/2064 1450/1948/2014 1350/1816/2016
f 1450/1948/2014 1392/1875/2064 1438/1935/1886
f 1438/1935/1886 1392/1875/2064 1389/1872/2063
f 1438/1935/1886 1389/1872/2063 1332/1793/2017
f 1459/1959/1888 1473/1976/1884 1300/1745/2018
f 1288/1730/2020 1459/1959/1888 1300/1745/2018
f 1300/1745/2018 1315/1768/2015 1242/1668/2025
s 0
f 1340/1803/2065 1437/1934/2066 1288/1730/2067
s 1
f 1501/2012/1832 1441/1938/2047 1358/1825/2045
f 1316/1769/2049 1451/1949/1837 1414/1904/2068
f 1414/1904/2068 1451/1949/1837 1525/2047/1835
f 1414/1904/2068 1525/2047/1835 1483/1989/1836
f 1696/2286/1815 1451/1949/1837 1441/1938/2047
f 1687/2277/1831 1696/2286/1815 1441/1938/2047
f 1501/2012/1832 1687/2277/1831 1441/1938/2047
f 1252/1684/2069 1087/1438/2023 1113/1476/2070
f 1244/1672/2024 1087/1438/2023 1252/1684/2069
f 1288/1730/2020 1244/1672/2024 1252/1684/2069
f 1340/1803/2071 1288/1730/2020 1252/1684/2069
f 1300/1745/2018 1244/1672/2024 1288/1730/2020
f 574/772/1590 467/641/917 432/595/2072
f 467/641/917 453/622/918 422/581/2073
f 467/641/917 422/581/2073 432/595/2072
f 432/595/2072 422/581/2073 301/421/2074
f 422/581/2073 453/622/918 254/355/919
f 422/581/2073 254/355/919 330/460/2075
f 301/421/2074 422/581/2073 330/460/2075
f 385/534/2076 432/595/2072 301/421/2074
f 385/534/2076 292/407/2077 436/599/2078
f 385/534/2076 436/599/2078 485/664/1591
f 485/664/1591 436/599/2078 440/605/2079
f 485/664/1591 432/595/2072 385/534/2076
f 574/772/1590 432/595/2072 485/664/1591
f 643/858/971 637/850/999 485/664/1591
f 517/701/2080 604/811/1001 643/858/971
f 496/676/2081 440/605/2079 296/413/2082
f 496/676/2081 296/413/2082 403/556/1595
s 0
f 604/811/2083 517/701/2084 496/676/2085
s 1
f 496/676/2081 517/701/2080 485/664/1591
s 0
f 403/556/2086 604/811/2087 496/676/2088
s 1
f 496/676/2081 485/664/1591 440/605/2079
f 643/858/971 485/664/1591 517/701/2080
s 0
f 1307/1754/2089 1439/1936/2090 1398/1882/2090
s 1
f 1307/1754/2091 1320/1774/2092 1439/1936/1458
f 1307/1754/2091 1227/1645/2093 1320/1774/2092
f 1320/1774/2092 1227/1645/2093 1235/1657/2094
f 1398/1882/1599 1620/2181/1598 1542/2071/2095
f 1551/2084/2096 1439/1936/1458 1578/2120/1394
f 1294/1736/1516 1427/1919/1395 1320/1774/2092
f 1320/1774/2092 1427/1919/1395 1439/1936/1458
f 1235/1658/2094 1281/1720/1515 1294/1737/1516
f 1320/1774/2092 1235/1658/2094 1294/1737/1516
f 1855/2506/2005 1871/2531/2000 1874/2534/1997
f 1871/2531/2000 1855/2506/2005 1835/2479/2006
f 1855/2506/2005 1874/2534/1997 1831/2475/1813
f 1856/2507/2002 1862/2519/2001 1866/2525/1801
f 1856/2507/2002 1866/2525/1801 1826/2469/1806
f 1645/2218/1798 1452/1951/1757 1483/1989/1836
f 1414/1904/2068 1483/1989/1836 1266/1702/2050
f 1483/1989/1836 1452/1951/1757 1266/1702/2050
f 1327/1787/1758 1266/1702/2050 1452/1951/1757
f 1266/1702/2050 1283/1724/2051 1414/1904/2068
f 1283/1724/2051 1316/1769/2049 1414/1904/2068
f 1753/2367/1241 1720/2319/2097 1754/2369/1242
f 1720/2319/2097 1738/2346/1076 1764/2386/1075
f 1720/2319/2097 1764/2386/1075 1754/2369/1242
f 1659/2237/2098 1720/2319/2097 1627/2192/2099
f 1548/2080/2100 1659/2237/2098 1627/2192/2099
f 1548/2080/2100 1627/2192/2099 1541/2070/2101
f 872/1160/1045 859/1134/1287 841/1107/1288
f 683/907/1293 774/1017/2102 800/1051/1289
f 871/1157/1046 872/1160/1045 841/1107/1288
f 656/874/2103 494/673/2104 541/732/2105
f 656/874/2103 759/997/2106 774/1017/2102
f 841/1107/1288 865/1144/1113 871/1157/1046
f 826/1085/2107 865/1144/1113 841/1107/1288
f 841/1107/1288 774/1017/2102 826/1085/2107
f 759/997/2106 826/1085/2107 774/1017/2102
f 800/1051/1289 774/1017/2102 841/1107/1288
f 274/384/1299 384/533/2108 397/549/1297
s 0
f 511/693/2109 656/874/2110 683/907/2111
s 1
f 683/907/1293 656/874/2103 774/1017/2102
f 656/874/2103 511/693/2112 494/673/2104
f 494/673/2104 511/693/2112 384/533/2108
f 541/732/2105 494/673/2104 384/533/2108
f 276/388/2113 278/390/2114 148/206/2115
f 276/388/2113 148/206/2115 116/165/2116
f 278/390/2114 276/388/2113 384/533/2108
f 116/165/2116 27/36/2117 113/158/2118
f 113/158/2118 64/87/2119 136/191/2120
f 136/191/2120 203/277/2121 113/158/2118
f 136/191/2120 64/87/2119 86/115/2122
f 136/191/2120 86/115/2122 147/204/2123
f 136/191/2120 193/265/2124 203/277/2121
f 147/204/2123 193/265/2124 136/191/2120
f 147/204/2123 86/115/2122 127/178/2125
f 193/265/2124 147/204/2123 127/178/2125
f 127/178/2125 178/246/2126 193/265/2124
f 178/246/2126 127/178/2125 101/140/2127
f 178/246/2126 101/140/2127 125/175/2128
f 178/246/2126 125/175/2128 179/247/2129
f 179/247/2129 125/175/2128 100/137/2130
f 125/175/2128 99/134/2131 100/137/2130
f 179/247/2129 180/249/2132 178/246/2126
s 0
f 210/289/2133 116/165/2134 113/158/2135
s 1
f 210/289/2136 113/158/2118 203/277/2121
f 384/533/2108 410/566/2137 541/732/2105
f 410/566/2137 384/533/2108 276/388/2113
f 27/37/2117 116/165/2116 148/206/2115
f 842/1108/2138 759/998/2106 721/956/2139
f 656/875/2103 669/890/2140 759/998/2106
f 669/890/2140 541/733/2105 582/781/2141
s 0
f 447/615/2142 562/758/2143 582/781/2144
s 1
f 387/537/2145 562/758/2146 447/615/2147
f 325/453/2148 387/537/2145 447/615/2147
s 0
f 229/319/2149 212/291/2150 217/298/2151
f 188/260/2152 181/251/2153 212/291/2154
s 1
f 160/221/2155 126/177/2156 142/199/2157
f 126/177/2156 74/101/2158 142/199/2157
f 181/251/2159 160/221/2155 142/199/2157
s 0
f 211/290/2160 181/251/2161 186/257/2162
f 217/298/2163 211/290/2164 151/210/2165
s 1
f 176/242/2166 151/210/2167 211/290/2168
f 176/242/2166 169/232/2169 92/125/2170
s 0
f 151/210/2171 176/242/2172 38/55/2173
f 38/55/2174 176/242/2175 92/125/2176
s 1
f 151/210/2177 177/243/2178 217/298/2179
f 177/243/2178 345/483/2180 217/298/2179
s 0
f 211/290/2181 217/298/2182 212/291/2183
s 1
f 541/733/2105 669/890/2140 656/875/2103
f 69/93/2184 1014/1345/2185 126/177/2156
f 157/218/2186 69/93/2184 159/220/2187
f 89/121/2188 69/93/2184 105/146/2189
f 105/146/2189 69/93/2184 157/218/2186
f 100/138/2130 105/146/2189 157/218/2186
f 105/146/2189 100/138/2130 1028/1367/2190
f 100/138/2130 157/218/2186 179/248/2129
f 179/248/2129 157/218/2186 180/250/2132
s 0
f 208/284/2191 178/245/2192 180/250/2193
s 1
f 210/288/2136 208/284/2194 212/291/2195
s 0
f 210/288/2196 212/291/2197 229/319/2198
f 210/288/2199 229/319/2200 116/164/2201
s 1
f 447/615/2147 410/567/2137 276/387/2113
f 229/319/2202 325/453/2148 276/387/2113
f 842/1108/2138 826/1086/2107 759/998/2106
f 865/1145/1113 826/1086/2107 842/1108/2138
f 842/1108/2138 856/1129/1151 865/1145/1113
f 721/956/2139 817/1074/1558 842/1108/2138
f 854/1126/1152 856/1129/1151 842/1108/2138
f 854/1126/1152 842/1108/2138 817/1074/1558
f 582/781/2141 541/733/2105 447/615/2147
f 447/615/2147 541/733/2105 410/567/2137
f 447/615/2147 276/387/2113 325/453/2148
f 229/319/2202 217/298/2179 325/453/2148
s 0
f 181/251/2203 211/290/2204 212/291/2205
s 1
f 721/956/2139 669/890/2140 746/983/2206
s 0
f 721/956/2207 746/983/2208 817/1074/2209
f 582/781/2210 632/844/2211 669/890/2212
f 632/844/2213 582/781/2214 562/758/2215
s 1
f 632/844/2216 746/983/2206 669/890/2140
s 0
f 345/483/2217 387/537/2218 325/453/2219
s 1
f 217/298/2179 345/483/2180 325/453/2148
f 1753/2367/1241 1714/2311/2220 1720/2319/2097
f 1720/2319/2097 1714/2311/2220 1627/2192/2099
f 1714/2311/2220 1753/2367/1241 1712/2309/1870
f 1627/2192/2099 1714/2311/2220 1703/2297/1866
f 1703/2297/1866 1602/2154/1894 1541/2070/2101
f 1602/2154/1894 1402/1890/1893 1541/2070/2101
f 1541/2070/2101 1402/1890/1893 1431/1927/2221
f 1627/2192/2099 1703/2297/1866 1541/2070/2101
f 1712/2309/1870 1753/2367/1241 1755/2372/1559
f 1712/2309/1870 1703/2297/1866 1714/2311/2220
f 1760/2378/1266 1723/2325/1074 1765/2390/1265
f 1723/2325/1074 1760/2378/1266 1764/2387/1075
f 1723/2325/1074 1659/2238/2098 1640/2210/2222
f 1542/2072/2095 1659/2238/2098 1548/2081/2100
f 1659/2238/2098 1542/2072/2095 1640/2210/2222
f 1105/1465/2223 1164/1558/2224 1103/1461/2225
f 1749/2362/1597 1765/2391/1265 1723/2325/1074
f 1749/2362/1597 1723/2325/1074 1640/2210/2222
f 1669/2249/1604 1749/2362/1597 1640/2210/2222
f 1669/2249/1604 1542/2072/2095 1620/2182/1598
f 1399/1884/2226 1398/1883/1599 1542/2072/2095
f 1307/1755/2227 1398/1883/1599 1399/1884/2226
f 759/998/2106 669/890/2140 721/956/2139
f 1693/2283/1767 1692/2282/1652 1689/2279/1651
f 1669/2249/1604 1640/2210/2222 1542/2072/2095
f 1723/2325/1074 1738/2347/1076 1659/2238/2098
f 1659/2238/2098 1738/2347/1076 1720/2320/2097
s 0
f 1430/1926/2228 1399/1884/2229 1542/2072/2230
f 93/127/2231 233/327/2232 254/356/2233
s 1
f 301/422/2074 330/461/2075 247/345/1502
f 385/535/2076 301/422/2074 292/408/2077
f 440/606/2079 436/600/2078 282/395/2234
s 0
f 440/606/2235 282/395/2236 296/414/2237
s 1
f 296/414/2238 282/395/2234 144/201/2239
s 0
f 296/414/2240 234/328/2241 336/471/2241
s 1
f 296/414/2238 144/201/2239 234/328/2242
f 234/328/2242 1/1/2243 11/15/2244
f 144/201/2239 1/1/2243 234/328/2242
f 144/201/2239 13/17/2245 1/1/2243
f 13/17/2245 144/201/2239 7/9/1504
f 13/17/2245 7/9/1504 1112/1475/1512
f 1112/1475/1512 7/9/1504 1126/1498/1506
f 255/359/2246 234/328/2242 11/15/2244
f 403/557/1595 296/414/2082 336/471/1596
f 330/461/2075 233/327/2247 247/345/1502
s 0
f 224/311/2248 233/327/2249 94/128/2250
s 1
f 247/345/1502 224/311/1501 108/152/1497
f 224/311/1501 247/345/1502 233/327/2247
f 292/408/2077 247/345/1502 172/236/1503
f 247/345/1502 292/408/2077 301/422/2074
f 1017/1349/1486 1160/1548/1487 1137/1515/1500
f 1017/1349/1486 1137/1515/1500 94/128/1498
f 436/601/2078 292/408/2077 282/395/2234
f 144/201/2239 172/236/1503 7/9/1504
f 1031/1373/1514 1/1/2243 13/17/2245
f 1031/1373/1514 13/17/2245 1112/1475/1512
f 1112/1475/1512 1126/1498/1506 1179/1582/2251
s 0
f 1112/1475/2252 1179/1582/2253 1253/1686/2254
s 1
f 282/395/2234 292/408/2077 144/201/2239
f 172/236/1503 144/201/2239 292/408/2077
s 0
f 1548/2080/2255 1431/1927/2256 1430/1925/2257
f 1541/2070/2258 1431/1927/2259 1548/2080/2260
s 1
f 1430/1925/2261 1431/1927/2221 1279/1717/2262
f 1160/1548/1487 1179/1582/1505 1137/1515/1500
f 1251/1683/2263 1144/1526/2264 1264/1698/2265
f 1264/1698/2265 1306/1753/2266 1251/1683/2263
f 1279/1717/2262 1431/1927/2221 1306/1753/2266
f 1279/1717/2262 1306/1753/2266 1264/1698/2265
f 1050/1393/2267 1073/1423/2268 1054/1398/2269
f 1054/1398/2269 1073/1423/2268 1071/1421/2270
s 0
f 1071/1421/2271 1073/1423/2272 1101/1459/2273
s 1
f 1034/1377/2274 1050/1393/2267 1027/1366/2275
f 74/100/2158 1034/1377/2274 1027/1366/2275
f 1050/1393/2267 1054/1398/2269 1027/1366/2275
f 74/100/2158 1027/1366/2275 84/113/2276
s 0
f 1144/1526/2277 1091/1446/2278 1101/1459/2279
f 1101/1459/2280 1091/1446/2281 1071/1421/2282
s 1
f 1431/1927/2221 1402/1890/1893 1306/1753/2266
f 1251/1683/2263 1306/1753/2266 1252/1685/2069
f 1340/1804/2071 1252/1685/2069 1306/1753/2266
s 0
f 1402/1890/2283 1340/1804/2284 1306/1753/2285
s 1
f 1399/1884/2226 1430/1926/2286 1293/1735/2287
f 1185/1589/2288 1131/1507/2289 1057/1401/2290
f 1131/1507/2289 30/41/2291 1057/1401/2290
f 1307/1755/2227 1399/1884/2226 1293/1735/2287
s 0
f 1307/1755/2292 1293/1735/2293 1185/1589/2294
s 1
f 672/893/2295 788/1035/1332 720/954/631
s 0
f 672/893/2296 558/752/2297 788/1035/2298
s 1
f 558/752/2299 634/847/2300 788/1035/1332
f 672/893/2295 720/955/631 712/943/1563
s 0
f 672/893/2301 712/943/2302 690/915/2303
s 1
f 701/927/1565 723/959/1564 719/952/1567
f 712/943/1563 701/927/1565 690/915/2304
f 690/915/2304 701/927/1565 692/917/2305
f 690/915/2304 674/895/2306 672/893/2307
s 0
f 672/893/2308 650/868/2309 558/752/2310
s 1
f 558/752/2299 650/868/2311 615/825/2312
f 650/868/2311 672/893/2307 664/884/2313
f 672/893/2307 674/895/2306 664/884/2313
f 674/895/2306 682/906/2314 686/911/2315
f 682/906/2314 674/895/2306 690/915/2304
f 682/906/2314 690/915/2304 692/917/2305
f 682/906/2314 692/917/2305 686/911/2315
f 686/911/2315 692/917/2305 707/935/2316
f 692/917/2305 701/927/1565 728/964/2317
f 707/935/2316 692/917/2305 728/964/2317
f 728/964/2317 701/927/1565 719/952/1567
f 707/935/2316 728/964/2317 760/999/2318
f 728/964/2317 719/952/1567 764/1005/1569
f 728/964/2317 764/1005/1569 760/999/2318
f 764/1005/1569 719/952/1567 761/1001/1568
f 760/999/2318 764/1005/1569 803/1056/636
f 706/934/2319 707/935/2316 760/999/2318
f 707/935/2316 706/934/2319 686/911/2315
f 686/911/2315 706/934/2319 668/889/2320
f 686/911/2315 668/889/2320 664/884/2313
f 668/889/2320 666/887/2321 664/884/2313
f 686/911/2315 664/884/2313 674/895/2306
f 668/889/2320 706/934/2319 655/873/2322
s 0
f 760/999/2323 803/1056/2323 920/1220/2323
s 1
f 933/1239/1581 920/1221/1577 964/1276/638
f 874/1164/2324 920/1221/1577 933/1239/1581
f 920/1221/1577 874/1164/2324 679/901/2325
f 711/941/2326 679/901/2325 874/1164/2324
f 886/1177/2327 874/1164/2324 933/1239/1581
f 886/1177/2327 933/1239/1581 940/1248/1582
f 930/1234/2328 886/1177/2327 940/1248/1582
f 925/1227/2329 943/1251/2330 932/1237/2331
f 930/1234/2328 899/1193/2332 886/1177/2327
f 899/1193/2332 930/1234/2328 893/1185/2333
f 893/1185/2333 930/1234/2328 925/1227/2329
f 925/1227/2329 919/1216/2334 922/1223/2335
f 925/1227/2329 922/1223/2335 893/1185/2333
f 922/1223/2335 919/1217/2334 873/1161/2336
f 873/1161/2336 893/1185/2333 922/1223/2335
f 874/1164/2324 663/882/2337 711/941/2326
f 663/882/2337 874/1164/2324 886/1177/2327
f 886/1177/2327 665/885/2338 663/882/2337
f 665/885/2338 886/1177/2327 899/1193/2332
f 665/885/2338 899/1193/2332 777/1020/2339
f 899/1193/2332 893/1185/2333 777/1020/2339
f 893/1185/2333 873/1161/2336 790/1037/2340
f 893/1185/2333 790/1037/2340 777/1020/2339
f 790/1037/2340 873/1161/2336 828/1088/2341
f 593/794/2342 665/885/2338 777/1020/2339
f 480/656/2343 711/941/2326 663/882/2337
f 711/941/2326 480/656/2343 352/492/2344
f 709/937/2345 601/804/2346 777/1020/2339
f 790/1037/2340 709/937/2345 777/1020/2339
f 593/794/2342 777/1020/2339 601/804/2346
f 709/937/2345 790/1037/2340 828/1088/2341
f 650/868/2311 664/884/2313 660/879/2347
f 650/868/2311 660/879/2347 654/872/2348
f 660/879/2347 664/884/2313 666/887/2321
f 654/872/2348 660/879/2347 666/887/2321
f 654/872/2348 666/887/2321 668/889/2320
f 650/868/2311 654/872/2348 639/853/2349
f 654/872/2348 668/889/2320 658/877/2350
f 654/872/2348 658/877/2350 639/853/2349
f 658/877/2350 668/889/2320 624/835/2351
f 658/877/2350 624/835/2351 622/833/2352
f 658/877/2350 622/833/2352 639/853/2349
f 624/835/2351 668/889/2320 655/873/2322
f 622/833/2352 624/835/2351 617/827/2353
f 624/835/2351 655/873/2322 598/801/2354
f 624/835/2351 598/801/2354 600/803/2355
f 624/835/2351 600/803/2355 608/817/2356
f 598/801/2354 655/873/2322 585/786/2357
f 600/803/2355 597/800/2358 608/817/2356
f 600/803/2355 598/801/2354 586/787/2359
f 600/803/2355 586/787/2359 597/800/2358
f 586/787/2359 598/801/2354 570/767/2360
f 570/767/2360 598/801/2354 568/765/2361
f 568/765/2361 598/801/2354 585/786/2357
f 570/767/2360 568/765/2361 571/768/2362
f 571/768/2362 568/765/2361 549/742/2363
f 568/765/2361 585/786/2357 534/723/2364
f 568/765/2361 534/723/2364 538/728/2365
f 568/765/2361 538/728/2365 549/742/2363
f 552/745/2366 571/768/2362 549/742/2363
f 571/768/2362 552/745/2366 570/767/2360
f 534/723/2364 585/786/2357 551/744/2367
f 538/728/2365 534/723/2364 510/691/2368
f 585/786/2357 655/873/2322 679/901/2369
f 534/723/2364 551/744/2367 510/691/2368
f 551/744/2367 471/645/2370 510/691/2368
f 510/691/2368 490/669/2371 503/683/2372
f 490/669/2371 510/691/2368 456/625/2373
f 456/625/2373 510/691/2368 471/645/2370
f 490/669/2371 456/625/2373 478/653/2374
f 490/669/2371 478/653/2374 484/662/2375
s 0
f 679/901/2376 711/941/2376 352/492/2376
f 655/873/2377 706/934/2377 760/999/2377
f 655/873/2378 760/999/2378 679/901/2378
f 920/1221/2379 679/901/2379 760/999/2379
f 551/744/2380 585/786/2380 679/901/2380
f 551/744/2381 679/901/2381 352/492/2381
f 352/492/2382 471/645/2382 551/744/2382
s 1
f 830/1094/1320 840/1105/1321 741/978/2383
f 796/1046/1319 830/1094/1320 741/978/2383
f 708/936/2384 644/860/1318 796/1046/1319
f 642/856/2385 644/860/1318 708/936/2384
f 642/856/2385 708/936/2384 1021/1356/2386
f 1021/1356/2386 708/936/2384 606/814/2387
f 708/936/2384 651/869/2388 606/814/2387
f 596/798/2389 1021/1356/2386 606/814/2387
f 596/798/2389 606/814/2387 508/688/2390
f 606/814/2387 651/869/2388 561/757/2391
f 561/757/2391 651/869/2388 612/822/2392
f 561/757/2391 612/822/2392 557/751/2393
f 557/751/2393 612/822/2392 553/746/2394
f 557/751/2393 553/746/2394 446/613/2395
f 561/757/2391 557/751/2393 459/630/2396
f 459/630/2396 557/751/2393 446/613/2395
f 553/746/2394 535/724/2397 431/593/2398
f 553/746/2394 431/593/2398 446/613/2395
f 532/720/2399 561/757/2391 459/630/2396
f 561/757/2391 532/720/2399 606/814/2387
f 606/814/2387 532/720/2399 508/688/2390
f 840/1105/1321 812/1068/1333 741/978/2383
f 788/1035/1332 741/978/2383 812/1068/1333
f 796/1046/1319 741/978/2383 780/1023/2400
f 796/1046/1319 780/1023/2400 708/936/2384
f 708/936/2384 780/1023/2400 651/869/2388
f 651/869/2388 780/1023/2400 741/978/2383
f 651/869/2388 741/978/2383 612/822/2392
f 612/822/2392 713/944/2401 553/746/2394
f 553/746/2394 713/944/2401 634/847/2300
f 553/746/2394 634/847/2300 535/724/2397
f 713/944/2401 612/822/2392 741/978/2383
f 634/847/2300 713/944/2401 788/1035/1332
f 788/1035/1332 713/944/2401 741/978/2383
f 634/847/2300 531/719/2402 535/724/2397
f 531/719/2402 634/847/2300 558/752/2299
f 373/520/2403 531/719/2402 493/672/2404
f 373/520/2403 493/672/2404 484/662/2375
f 558/752/2299 493/672/2404 531/719/2402
f 549/742/2363 493/672/2404 552/745/2366
f 570/767/2360 580/779/2405 586/787/2359
f 493/672/2404 549/742/2363 538/728/2365
f 586/787/2359 580/779/2405 597/800/2358
f 570/767/2360 552/745/2366 558/752/2299
f 558/752/2299 552/745/2366 493/672/2404
f 558/752/2299 580/779/2405 570/767/2360
f 535/724/2397 531/719/2402 373/520/2403
f 535/724/2397 373/520/2403 431/593/2398
f 493/672/2404 503/683/2372 484/662/2375
f 503/683/2372 490/669/2371 484/662/2375
f 503/683/2372 493/672/2404 510/691/2368
f 510/691/2368 493/672/2404 538/728/2365
f 423/582/2406 373/520/2403 443/609/2407
f 443/609/2407 373/520/2403 484/662/2375
f 462/634/2408 443/609/2407 484/662/2375
f 845/1112/2409 897/1191/1546 889/1181/740
f 889/1181/740 896/1189/742 848/1116/2410
f 889/1181/740 848/1116/2410 845/1112/2409
f 861/1137/1547 870/1155/743 813/1069/2411
f 671/892/2412 640/854/2413 804/1059/1264
f 648/866/2414 801/1053/2415 813/1069/2411
f 813/1069/2411 640/854/2413 648/866/2414
f 804/1059/1264 640/854/2413 813/1069/2411
f 870/1155/743 804/1059/1264 813/1069/2411
f 896/1189/742 861/1137/1547 848/1116/2410
f 861/1137/1547 813/1069/2411 801/1053/2415
f 801/1053/2415 806/1061/2416 861/1137/1547
f 897/1191/1546 845/1112/2409 822/1081/2417
f 848/1116/2410 861/1137/1547 806/1061/2416
f 845/1112/2409 848/1116/2410 806/1061/2416
f 822/1081/2417 845/1112/2409 737/974/2418
f 845/1112/2409 806/1061/2416 737/974/2418
f 716/947/2419 806/1061/2416 801/1053/2415
f 806/1061/2416 716/947/2419 737/974/2418
f 801/1053/2415 648/866/2414 523/711/2420
f 716/947/2419 801/1053/2415 630/842/2421
f 737/974/2418 716/947/2419 630/842/2421
f 737/974/2418 630/842/2421 635/848/2422
f 635/848/2422 630/842/2421 629/841/2423
f 578/777/2424 630/842/2421 801/1053/2415
f 578/777/2424 801/1053/2415 523/711/2420
f 640/854/2413 518/702/2425 523/711/2420
f 635/848/2422 629/841/2423 547/740/2426
f 629/841/2423 630/842/2421 537/727/2427
f 547/740/2426 629/841/2423 537/727/2427
f 537/727/2427 630/842/2421 578/777/2424
f 523/711/2420 433/596/2428 578/777/2424
f 489/668/2429 547/740/2426 537/727/2427
f 547/740/2426 489/668/2429 428/590/2430
f 433/596/2428 537/727/2427 578/777/2424
f 537/727/2427 433/596/2428 489/668/2429
f 412/570/2431 489/668/2429 433/596/2428
f 428/590/2430 489/668/2429 412/570/2431
f 324/452/2432 433/596/2428 449/617/2433
f 433/596/2428 523/711/2420 449/617/2433
f 383/532/2434 449/617/2433 523/711/2420
f 433/596/2428 324/452/2432 291/406/2435
f 449/617/2433 267/374/2436 324/452/2432
f 449/617/2433 383/532/2434 267/374/2436
f 383/532/2434 523/711/2420 518/702/2425
s 0
f 383/532/2437 518/702/2438 509/690/2439
s 1
f 509/690/2440 518/702/2425 640/854/2413
f 509/690/2440 640/854/2413 671/892/2412
f 671/892/2412 632/845/2441 562/759/2442
f 671/892/2412 562/759/2442 509/690/2440
s 0
f 671/892/2443 804/1059/2444 783/1027/2445
s 1
f 829/1092/1263 783/1027/2446 804/1059/1264
s 0
f 671/892/2447 783/1027/2448 746/984/2449
f 671/892/2450 746/984/2451 632/845/2452
s 1
f 717/948/2453 897/1191/1546 822/1081/2417
f 717/948/2453 822/1081/2417 737/974/2418
f 717/948/2453 737/974/2418 635/848/2422
f 717/948/2453 635/848/2422 547/740/2426
s 0
f 883/1174/2454 717/948/2454 789/1036/2454
s 1
f 883/1174/2455 789/1036/2456 878/1168/2457
f 876/1166/2458 878/1168/2457 827/1087/2459
f 878/1168/2457 789/1036/2456 827/1087/2459
f 885/1176/2460 876/1166/2458 836/1100/2461
f 876/1166/2458 912/1208/2462 878/1168/2457
f 912/1208/2462 876/1166/2458 885/1176/2460
f 927/1229/2463 912/1208/2462 885/1176/2460
f 878/1168/2457 912/1208/2462 883/1174/2455
f 912/1208/2462 935/1241/2464 883/1174/2455
f 912/1208/2462 927/1229/2463 941/1249/2465
f 923/1224/2466 883/1174/2455 935/1241/2464
f 883/1174/2455 923/1224/2466 717/948/2467
s 0
f 945/1253/2468 915/1212/2469 717/948/2469
s 1
f 915/1212/2470 945/1253/2471 973/1295/1545
s 0
f 952/1261/2472 915/1212/2472 973/1295/2472
s 1
f 975/1298/1544 971/1290/2473 991/1317/1540
f 971/1290/2473 941/1249/2465 991/1317/1540
s 0
f 897/1191/2474 717/948/2475 915/1212/2476
s 1
f 1002/1332/733 991/1317/1540 941/1249/2465
f 948/1256/2477 1002/1332/733 941/1249/2465
f 972/1293/1543 1002/1332/733 948/1256/2477
f 968/1285/731 972/1293/1543 932/1236/2331
f 972/1293/1543 942/1250/2478 932/1236/2331
f 942/1250/2478 972/1293/1543 948/1256/2477
f 945/1253/2471 971/1290/2473 973/1295/1545
f 973/1295/1545 971/1290/2473 975/1298/1544
f 954/1263/2479 971/1290/2473 945/1253/2471
f 717/948/2467 923/1224/2466 945/1253/2471
f 945/1253/2471 923/1224/2466 954/1263/2479
f 923/1224/2466 935/1241/2464 953/1262/2480
f 923/1224/2466 953/1262/2480 954/1263/2479
f 935/1241/2464 912/1208/2462 941/1249/2465
f 890/1182/2481 941/1249/2465 927/1229/2463
f 890/1182/2481 902/1196/2482 948/1256/2477
f 948/1256/2477 902/1196/2482 942/1250/2478
f 935/1241/2464 941/1249/2465 953/1262/2480
f 941/1249/2465 890/1182/2481 948/1256/2477
f 932/1236/2331 942/1250/2478 902/1196/2482
f 890/1182/2481 927/1229/2463 885/1176/2460
f 902/1196/2482 919/1218/2334 932/1236/2331
f 932/1236/2331 919/1218/2334 925/1226/2329
f 971/1290/2473 953/1262/2480 941/1249/2465
f 953/1262/2480 971/1290/2473 954/1263/2479
s 0
f 717/948/2483 547/740/2484 789/1036/2485
f 547/740/2486 472/647/2487 789/1036/2488
f 472/647/2489 547/740/2490 428/590/2491
s 1
f 472/647/2492 428/590/2430 298/416/2493
f 298/416/2493 428/590/2430 412/570/2431
f 298/416/2493 412/570/2431 390/541/2494
f 433/596/2428 291/406/2435 412/570/2431
f 412/570/2431 291/406/2435 390/541/2494
f 167/229/2495 324/452/2432 267/374/2436
f 291/406/2435 324/452/2432 167/229/2495
f 291/406/2435 353/494/2496 390/541/2494
f 390/541/2494 353/494/2496 298/416/2493
f 353/494/2496 291/406/2435 216/297/2497
f 353/494/2496 288/402/2498 298/416/2493
f 353/494/2496 216/297/2497 288/402/2498
f 167/229/2495 253/354/2499 291/406/2435
f 291/406/2435 253/354/2499 216/297/2497
f 226/316/2500 288/402/2498 216/297/2497
f 240/337/2501 288/402/2498 226/316/2500
f 298/416/2493 288/402/2498 240/337/2501
f 298/416/2493 240/337/2501 242/339/2502
s 0
f 246/344/2503 242/339/2503 97/131/2503
f 123/172/2504 97/131/2504 242/339/2504
f 123/172/2505 79/106/2506 97/131/2507
s 1
f 122/171/2508 79/106/2509 123/172/2510
f 44/63/2511 122/171/2508 226/316/2500
f 79/106/2509 122/171/2508 44/63/2511
f 79/106/2509 44/63/2511 1044/1387/2512
f 1044/1387/2512 44/63/2511 1163/1556/2030
f 1163/1556/2030 44/63/2511 1155/1541/2028
f 79/106/2509 1044/1387/2512 1153/1537/2031
f 1044/1387/2512 1163/1556/2030 1153/1537/2031
s 0
f 97/131/2513 79/106/2514 1098/1455/2515
f 1098/1455/2516 79/106/2517 1153/1537/2518
s 1
f 1153/1537/2031 1163/1556/2030 1214/1631/2029
f 1153/1537/2031 1214/1631/2029 1212/1627/2032
f 1117/1483/2022 1242/1669/2025 1025/1364/2026
f 1117/1483/2022 1025/1364/2026 33/46/2519
f 111/155/2520 152/212/2521 33/46/2519
f 167/229/2495 267/374/2436 111/155/2520
f 267/374/2436 152/212/2521 111/155/2520
f 827/1087/2459 836/1100/2461 876/1166/2458
f 836/1100/2461 837/1101/2522 885/1176/2460
f 890/1182/2481 837/1101/2522 786/1031/2523
f 786/1031/2523 808/1063/2524 890/1182/2481
f 837/1101/2522 890/1182/2481 885/1176/2460
f 902/1196/2482 890/1182/2481 808/1063/2524
f 902/1196/2482 808/1063/2524 846/1113/2525
f 902/1196/2482 846/1113/2525 919/1218/2334
f 846/1113/2525 828/1089/2341 873/1162/2336
f 828/1089/2341 846/1113/2525 744/981/2526
f 744/981/2526 846/1113/2525 808/1063/2524
f 645/862/2527 786/1031/2523 837/1101/2522
f 836/1100/2461 714/945/2528 837/1101/2522
f 528/716/2529 827/1087/2459 789/1036/2456
f 836/1100/2461 827/1087/2459 528/716/2529
f 836/1100/2461 528/716/2529 714/945/2528
f 837/1101/2522 714/945/2528 645/862/2527
f 575/773/2530 808/1063/2524 786/1031/2523
f 808/1063/2524 575/773/2530 744/981/2526
f 575/773/2530 786/1031/2523 645/862/2527
f 590/791/2531 714/945/2528 528/716/2529
f 645/862/2527 714/945/2528 590/791/2531
f 645/862/2527 590/791/2531 334/468/2532
f 575/773/2530 645/862/2527 334/468/2532
f 828/1089/2341 744/981/2526 709/938/2345
f 554/747/2533 744/981/2526 575/773/2530
f 744/981/2526 554/747/2533 709/938/2345
f 709/938/2345 554/747/2533 495/674/2534
f 495/674/2534 554/747/2533 370/517/2535
f 370/517/2535 554/747/2533 452/621/2536
f 452/621/2536 554/747/2533 575/773/2530
f 309/433/2537 370/517/2535 321/449/2538
f 309/433/2537 8/10/2539 22/30/2540
f 1236/1661/2052 1142/1523/2056 1134/1512/2541
f 1243/1671/2053 1236/1661/2052 1134/1512/2541
f 1170/1569/2055 1243/1671/2053 1134/1512/2541
f 1170/1569/2055 1123/1495/2542 1098/1455/2046
f 1170/1569/2055 1055/1399/2543 1123/1495/2542
f 1055/1399/2543 1170/1569/2055 1134/1512/2541
f 1123/1495/2542 1055/1399/2543 97/131/2544
s 0
f 1123/1495/2545 97/131/2546 1098/1455/2547
s 1
f 1055/1399/2543 1134/1512/2541 26/35/2548
f 71/96/2549 1055/1399/2543 26/35/2548
f 97/131/2544 1055/1399/2543 71/96/2549
s 0
f 26/35/2550 1134/1512/2551 23/32/2552
s 1
f 23/32/2553 1134/1512/2541 1142/1523/2056
f 8/10/2539 23/32/2553 1142/1523/2056
f 23/32/2553 272/381/2554 26/35/2548
f 165/227/2555 26/35/2548 272/381/2554
f 71/96/2549 26/35/2548 139/195/2556
f 71/96/2549 139/195/2556 97/131/2544
f 165/227/2555 139/195/2556 26/35/2548
f 97/131/2544 139/195/2556 246/344/2557
f 919/1218/2334 846/1113/2525 873/1163/2336
f 829/1091/1263 817/1075/1558 746/984/2558
s 0
f 783/1027/2559 829/1092/2560 746/984/2561
f 387/538/2562 509/690/2563 562/759/2564
s 1
f 383/532/2565 509/690/2566 387/538/2567
f 387/538/2568 345/484/2180 350/490/2569
f 29/40/2570 152/212/2521 177/244/2178
f 177/244/2178 152/212/2521 345/484/2180
f 345/484/2180 152/212/2521 350/490/2569
f 38/54/2571 177/244/2178 151/211/2177
f 38/54/2571 29/40/2570 177/244/2178
f 38/54/2571 1113/1477/2070 29/40/2570
f 1113/1477/2070 1087/1439/2023 29/40/2570
f 29/40/2570 1087/1439/2023 33/46/2519
f 152/212/2521 29/40/2570 33/46/2519
f 1117/1483/2022 33/46/2519 1087/1439/2023
s 0
f 387/538/2572 350/490/2573 383/532/2574
s 1
f 1822/2464/1787 1808/2447/1788 1809/2448/1809
f 949/1257/2575 940/1248/1582 958/1268/2576
f 946/1254/2577 949/1257/2575 958/1268/2576
f 946/1254/2577 958/1268/2576 966/1280/1583
f 940/1248/1582 976/1300/1578 958/1268/2576
f 940/1248/1582 964/1277/638 976/1300/1578
f 966/1280/1583 958/1268/2576 976/1300/1578
f 932/1237/2331 969/1288/1584 968/1286/731
f 966/1280/1583 969/1288/1584 932/1237/2331
f 966/1280/1583 943/1251/2330 946/1254/2577
f 943/1251/2330 966/1280/1583 932/1237/2331
f 949/1257/2575 946/1254/2577 930/1234/2328
f 943/1251/2330 925/1227/2329 946/1254/2577
f 940/1248/1582 949/1257/2575 930/1234/2328
f 930/1234/2328 946/1254/2577 925/1227/2329
f 1430/1926/2578 1542/2072/2095 1548/2081/2100
f 1279/1718/2262 1264/1699/2265 1293/1735/2579
s 0
f 1279/1718/2580 1293/1735/2581 1430/1926/2582
s 1
f 1131/1507/2289 27/38/2117 30/41/2291
f 30/41/2291 27/38/2117 148/205/2115
f 30/41/2291 174/238/1304 18/26/1301
f 1378/1853/1695 1403/1892/1692 1369/1838/1701
f 1403/1892/1692 1442/1940/1689 1457/1957/1688
f 1403/1892/1692 1457/1957/1688 1444/1942/1951
f 1471/1974/2583 1457/1957/1688 1474/1978/1687
f 1444/1942/1951 1457/1957/1688 1471/1974/2583
f 1444/1942/1951 1471/1974/2583 1474/1979/1687
f 1444/1942/1951 1474/1979/1687 1492/2001/1684
f 1492/2001/1684 1474/1979/1687 1488/1996/1685
f 1509/2024/1958 1514/2030/1929 1594/2141/1923
f 1509/2024/1958 1550/2083/1925 1517/2034/2584
f 1509/2024/1958 1517/2034/2584 1423/1915/1959
f 1423/1915/1959 1517/2034/2584 1118/1484/2585
f 1423/1915/1959 1406/1895/1964 1382/1861/1957
f 1406/1895/1964 1423/1915/1959 1118/1484/2585
s 0
f 1118/1484/2586 1517/2034/2586 1021/1357/2586
f 1517/2034/2587 1550/2083/2587 1021/1357/2587
s 1
f 1550/2083/1925 1509/2024/1958 1614/2171/1924
f 1614/2171/1924 1509/2024/1958 1594/2141/1923
s 0
f 1507/2021/2588 1021/1357/2588 1550/2083/2588
s 1
f 580/779/2405 558/752/2299 608/817/2356
f 597/800/2358 580/779/2405 608/817/2356
f 608/817/2356 558/752/2299 615/825/2312
f 624/835/2351 608/817/2356 617/827/2353
f 617/827/2353 608/817/2356 615/825/2312
f 622/833/2352 617/827/2353 615/825/2312
f 615/825/2312 650/868/2311 639/853/2349
f 615/825/2312 639/853/2349 622/833/2352
s 0
f 1164/1557/2589 1101/1459/2590 1103/1462/2591
f 1101/1459/2592 1073/1423/2593 1103/1462/2594
s 1
f 74/100/2158 1014/1346/2185 1034/1377/2274
f 1046/1389/2595 1050/1393/2267 1034/1377/2274
f 1034/1377/2274 1014/1346/2185 1028/1368/2190
f 1034/1377/2274 1028/1368/2190 1046/1389/2595
f 1046/1389/2595 1070/1420/2596 1050/1393/2267
f 1050/1393/2267 1074/1424/2597 1073/1423/2268
f 1164/1557/2224 1131/1506/2289 1264/1698/2265
s 0
f 1583/2126/2598 1278/1716/2598 1549/2082/2598
f 1579/2121/2599 1467/1970/2599 1583/2126/2599
f 1427/1920/2600 1365/1833/2601 1422/1914/2602
s 1
f 640/854/2413 523/711/2420 648/866/2414
f 152/212/2521 267/374/2436 350/490/2569
s 0
f 350/490/2603 267/374/2604 383/532/2605
s 1
f 33/46/2519 1025/1364/2026 58/80/2606
f 58/80/2606 68/92/2607 167/229/2495
f 68/92/2607 58/80/2606 1025/1364/2026
f 1025/1364/2026 1155/1541/2028 68/92/2607
f 1155/1541/2028 44/63/2511 68/92/2607
f 246/344/2557 139/195/2556 316/444/2608
f 316/444/2608 139/195/2556 165/227/2555
f 165/227/2555 272/381/2554 334/468/2532
f 271/380/2609 321/449/2538 272/381/2554
f 321/449/2538 271/380/2609 309/433/2537
f 271/380/2609 272/381/2554 8/10/2539
f 271/380/2609 8/10/2539 309/433/2537
f 8/10/2539 272/381/2554 23/32/2553
f 731/967/1292 791/1040/972 703/930/969
s 0
f 683/908/2610 731/967/2610 548/741/2611
f 511/692/2612 683/908/2613 548/741/2614
f 511/692/2615 548/741/2616 402/555/2617
s 1
f 403/558/1595 264/370/1303 402/555/1298
f 336/470/1596 255/357/2246 264/370/1303
f 264/370/1303 255/358/2246 149/207/1302
f 149/207/1302 255/358/2246 5/5/1300
f 11/14/2244 1165/1559/2618 5/5/1300
f 5/5/1300 1165/1559/2618 18/25/1301
f 174/239/1304 149/207/1302 18/25/1301
f 1033/1375/2619 18/25/1301 1165/1559/2618
f 1165/1559/2618 1235/1659/2094 1227/1646/2093
f 1033/1375/2619 1165/1559/2618 1227/1646/2093
f 1165/1559/2618 1281/1721/1515 1235/1659/2094
f 683/908/1293 800/1052/1289 791/1040/972
s 0
f 548/741/2620 604/812/2621 402/555/2622
s 1
f 1285/1727/1398 1365/1833/1400 1221/1638/1511
f 1253/1686/1510 1285/1727/1398 1221/1638/1511
f 1406/1895/1964 1118/1484/2585 1286/1728/2623
f 1406/1895/1964 1286/1728/2623 1325/1783/1963
f 1382/1861/1957 1325/1783/1963 1341/1805/1962
f 1341/1805/1962 1298/1743/2624 1330/1791/1960
f 1234/1656/2625 1231/1653/1717 1270/1707/1955
f 1234/1656/2625 1270/1707/1955 1292/1734/1961
f 1234/1656/2625 1292/1734/1961 1330/1791/1960
f 1234/1656/2625 1330/1791/1960 1298/1743/2624
f 1298/1743/2624 1341/1805/1962 1325/1783/1963
f 1298/1743/2624 1233/1655/2626 1234/1656/2625
f 1233/1655/2626 1298/1743/2624 1228/1648/2627
f 1234/1656/2625 1133/1510/1967 1231/1653/1717
f 1133/1510/1967 1234/1656/2625 1110/1472/2628
f 1198/1607/2629 1157/1543/2630 1178/1580/2631
f 1286/1728/2623 1157/1543/2630 1198/1607/2629
f 1157/1543/2630 1286/1728/2623 1118/1484/2585
f 1325/1783/1963 1286/1728/2623 1198/1607/2629
f 1325/1783/1963 1198/1607/2629 1228/1648/2627
f 1228/1648/2627 1298/1743/2624 1325/1783/1963
f 462/635/2408 484/663/2375 478/654/2374
f 462/635/2408 478/654/2374 443/610/2407
f 443/610/2407 478/654/2374 456/626/2373
f 454/623/2632 456/626/2373 471/646/2370
f 546/739/2633 480/657/2343 663/883/2337
f 546/739/2633 663/883/2337 665/886/2338
f 546/739/2633 665/886/2338 593/795/2342
f 601/805/2346 709/939/2345 495/675/2534
f 593/795/2342 601/805/2346 500/680/2634
f 500/680/2634 601/805/2346 388/539/2635
f 601/805/2346 495/675/2534 388/539/2635
f 495/675/2534 370/515/2535 388/539/2635
f 500/680/2634 388/539/2635 418/577/2636
f 500/680/2634 418/577/2636 415/573/2637
f 415/573/2637 380/529/2638 491/670/2639
f 500/680/2634 415/573/2637 491/670/2639
f 491/670/2639 380/529/2638 468/642/2640
f 388/539/2635 314/442/2641 418/577/2636
f 388/539/2635 370/516/2535 201/275/2642
f 237/332/2643 388/539/2635 201/275/2642
f 201/275/2642 370/516/2535 309/434/2537
f 314/442/2641 237/332/2643 235/329/2644
f 314/442/2641 235/329/2644 315/443/2645
f 249/348/2646 235/329/2644 237/332/2643
f 235/329/2644 249/348/2646 62/85/2647
f 235/329/2644 164/226/2648 315/443/2645
f 237/332/2643 314/442/2641 388/539/2635
f 418/577/2636 314/442/2641 415/573/2637
f 415/573/2637 314/442/2641 315/443/2645
f 415/573/2637 315/443/2645 380/529/2638
f 164/226/2648 380/529/2638 315/443/2645
f 380/529/2638 164/226/2648 468/642/2640
s 0
f 352/493/2649 426/588/2649 471/646/2649
f 41/60/2650 43/62/2650 85/114/2650
s 1
f 43/62/2651 41/60/1727 1013/1344/2652
f 46/66/2653 43/62/2651 1013/1344/2652
f 60/83/2654 46/66/2653 1013/1344/2652
f 158/219/2655 46/66/2653 60/83/2654
f 158/219/2655 60/83/2654 70/95/2656
f 158/219/2655 70/95/2656 214/294/2657
f 214/294/2657 236/330/2658 158/219/2655
f 132/185/2659 214/294/2657 70/95/2656
f 81/108/2660 132/185/2659 70/95/2656
f 81/108/2660 70/95/2656 1089/1442/2661
f 70/95/2656 60/83/2654 1053/1397/2662
f 60/83/2654 1013/1344/2652 1053/1397/2662
f 1089/1442/2661 70/95/2656 1053/1397/2662
f 1089/1442/2661 1053/1397/2662 1107/1468/2663
f 1107/1468/2663 1053/1397/2662 1145/1527/2664
f 1107/1468/2663 1145/1527/2664 1158/1546/1725
f 1162/1553/1724 1107/1468/2663 1158/1546/1725
f 1158/1546/1725 1145/1527/2664 1175/1576/1726
f 41/60/1727 1175/1576/1726 1145/1527/2664
f 41/60/1727 1145/1527/2664 1013/1344/2652
f 1013/1344/2652 1145/1527/2664 1053/1397/2662
f 1061/1409/1761 1225/1643/1759 1128/1502/1762
f 1142/1524/2056 1061/1409/1761 8/11/2539
f 8/11/2539 1061/1409/1761 22/31/2540
f 1020/1353/1763 1121/1492/1764 80/107/2665
s 0
f 1121/1492/2666 1100/1458/2667 85/114/2668
f 1100/1458/2669 1208/1621/2669 41/60/2669
s 1
f 85/114/2670 80/107/2665 1121/1492/1764
f 1020/1353/1763 80/107/2665 63/86/2671
f 1020/1353/1763 63/86/2671 1058/1403/1765
f 1058/1403/1765 63/86/2671 62/85/2647
f 1094/1450/1760 62/85/2647 52/73/2672
f 1058/1403/1765 62/85/2647 1094/1450/1760
f 52/73/2672 12/16/2673 1128/1502/1762
f 1128/1502/1762 1094/1450/1760 52/73/2672
f 1061/1409/1761 1128/1502/1762 12/16/2673
f 22/31/2540 1061/1409/1761 12/16/2673
f 22/31/2540 12/16/2673 309/435/2537
f 63/86/2671 80/107/2665 164/226/2648
f 80/107/2665 202/276/2674 164/226/2648
s 0
f 80/107/2675 85/114/2675 202/276/2676
f 1100/1458/2677 41/60/2678 85/114/2679
s 1
f 468/642/2640 480/657/2343 546/739/2633
f 546/739/2633 593/795/2342 500/680/2634
f 546/739/2633 500/680/2634 491/670/2639
f 546/739/2633 491/670/2639 468/642/2640
f 480/657/2343 468/642/2640 352/493/2344
f 352/493/2344 468/642/2640 202/276/2674
f 164/226/2648 202/276/2674 468/642/2640
s 0
f 188/260/2680 208/284/2681 180/250/2682
s 1
f 157/218/2186 159/220/2187 180/250/2132
s 0
f 212/291/2683 208/284/2684 188/260/2685
s 1
f 188/260/2686 180/250/2132 159/220/2187
f 159/220/2187 69/93/2184 160/221/2155
f 74/101/2158 126/177/2156 1014/1345/2185
f 69/93/2184 126/177/2156 160/221/2155
f 160/221/2155 181/251/2159 159/220/2187
f 159/220/2187 181/251/2159 188/260/2686
f 211/290/2168 191/263/2687 176/242/2166
f 211/290/2168 186/257/2688 191/263/2687
f 153/213/2689 186/257/2688 170/233/2690
f 170/233/2690 186/257/2688 181/251/2159
f 153/213/2689 170/233/2690 131/184/2691
f 131/184/2691 170/233/2690 120/169/2692
f 131/184/2691 120/169/2692 121/170/2693
f 120/169/2692 142/199/2157 82/110/2694
f 142/199/2157 120/169/2692 181/251/2159
f 181/251/2159 120/169/2692 170/233/2690
f 121/170/2693 120/169/2692 84/112/2276
f 84/112/2276 120/169/2692 82/110/2694
f 84/112/2276 82/110/2694 74/101/2158
f 84/112/2276 87/117/2695 121/170/2693
f 87/117/2695 67/91/2696 121/170/2693
f 121/170/2693 67/91/2696 131/184/2691
f 131/184/2691 67/91/2696 119/168/2697
f 131/184/2691 119/168/2697 153/213/2689
f 153/213/2689 119/168/2697 169/232/2169
f 176/242/2166 153/213/2689 169/232/2169
f 153/213/2689 176/242/2166 191/263/2687
f 153/213/2689 191/263/2687 186/257/2688
f 92/125/2170 169/232/2169 119/168/2697
f 67/91/2696 87/118/2695 1006/1336/2698
f 119/168/2697 67/91/2696 92/125/2170
f 67/91/2696 1006/1336/2698 92/125/2170
s 0
f 92/125/2699 1006/1336/2700 38/55/2701
s 1
f 82/110/2694 142/199/2157 74/101/2158
f 84/113/2276 1039/1382/2702 87/119/2695
f 1038/1381/2703 87/119/2695 1039/1382/2702
f 87/119/2695 1038/1381/2703 1006/1337/2698
f 1038/1381/2703 1042/1385/2704 1006/1337/2698
s 0
f 38/56/2705 1006/1337/2706 1042/1385/2707
s 1
f 1252/1685/2069 1113/1478/2070 1144/1526/2264
f 1144/1526/2264 1113/1478/2070 1091/1446/2708
f 1062/1410/2709 1091/1446/2708 1113/1478/2070
f 1062/1410/2709 1113/1478/2070 1042/1385/2704
f 1042/1385/2704 1113/1478/2070 38/56/2571
f 1062/1410/2709 1042/1385/2704 1038/1381/2703
f 1091/1446/2708 1062/1410/2709 1049/1392/2710
f 1071/1421/2270 1091/1446/2708 1049/1392/2710
f 1038/1381/2703 1049/1392/2710 1062/1410/2709
f 1049/1392/2710 1038/1381/2703 1039/1382/2702
f 1049/1392/2710 1039/1382/2702 1054/1398/2269
f 1049/1392/2710 1054/1398/2269 1071/1421/2270
f 1054/1398/2269 1039/1382/2702 1027/1366/2275
f 1027/1366/2275 1039/1382/2702 84/113/2276
s 0
f 1101/1459/2711 1164/1557/2712 1144/1526/2713
s 1
f 1164/1557/2224 1264/1698/2265 1144/1526/2264
f 423/583/2406 443/610/2407 456/626/2373
f 423/583/2406 456/626/2373 454/623/2632
f 423/583/2406 454/623/2632 427/589/2714
f 454/623/2632 471/646/2370 426/588/2715
f 454/623/2632 426/588/2715 427/589/2714
f 423/583/2406 427/589/2714 408/563/2716
f 372/519/2717 408/563/2716 427/589/2714
f 372/519/2717 427/589/2714 426/588/2715
f 408/563/2716 372/519/2717 366/509/2718
f 372/519/2717 426/588/2715 320/448/2719
f 341/478/2720 366/509/2718 372/519/2717
f 372/519/2717 320/448/2719 277/389/2721
f 372/519/2717 277/389/2721 341/478/2720
f 277/389/2721 307/430/2722 341/478/2720
f 307/430/2722 277/389/2721 256/360/2723
f 307/430/2722 256/360/2723 290/404/2724
f 268/375/2725 290/404/2724 244/342/2726
f 244/342/2726 290/404/2724 256/360/2723
f 268/375/2725 244/342/2726 236/330/2658
f 236/330/2658 244/342/2726 158/219/2655
f 158/219/2655 244/342/2726 256/360/2723
f 158/219/2655 258/362/2727 46/66/2653
f 46/66/2653 258/362/2727 43/62/2651
f 258/362/2727 158/219/2655 256/360/2723
f 258/362/2727 256/360/2723 277/389/2721
f 277/389/2721 320/448/2719 258/362/2727
s 0
f 320/448/2728 202/276/2728 258/362/2728
f 43/62/2729 258/362/2729 85/114/2729
f 85/114/2730 258/362/2730 202/276/2730
s 1
f 164/226/2648 235/329/2644 63/86/2671
f 235/329/2644 62/85/2647 63/86/2671
f 52/73/2672 201/275/2642 12/16/2673
f 309/435/2537 12/16/2673 201/275/2642
f 201/275/2642 52/73/2672 237/332/2643
f 62/85/2647 249/348/2646 52/73/2672
f 237/332/2643 52/73/2672 249/348/2646
s 0
f 202/276/2731 320/448/2731 352/493/2731
f 352/493/2732 320/448/2732 426/588/2732
s 1
f 178/246/2126 208/285/2194 193/265/2124
f 193/265/2124 208/285/2194 203/277/2121
f 203/277/2121 208/285/2194 210/289/2136
f 336/471/1596 234/328/2242 255/359/2246
f 1031/1373/1514 11/15/2244 1/1/2243
f 255/359/2246 11/15/2244 5/6/1300
f 11/15/2244 1031/1373/1514 1149/1531/1513
f 11/15/2244 1149/1531/1513 1165/1560/2618
f 1281/1722/1515 1221/1638/1511 1294/1738/1516
f 1149/1531/1513 1281/1722/1515 1165/1560/2618
f 459/631/2396 446/614/2395 358/499/2733
f 446/614/2395 431/594/2398 358/499/2733
f 459/631/2396 358/499/2733 343/481/2734
f 459/631/2396 343/481/2734 401/554/2735
f 431/594/2398 344/482/2736 358/499/2733
f 303/424/2737 358/499/2733 344/482/2736
f 358/499/2733 303/424/2737 269/377/2738
f 358/499/2733 269/377/2738 343/481/2734
f 290/405/2724 268/376/2725 265/371/2739
f 290/405/2724 265/371/2739 307/431/2722
f 341/479/2720 307/431/2722 265/371/2739
f 265/371/2739 366/510/2718 341/479/2720
f 265/371/2739 373/521/2403 366/510/2718
f 408/564/2716 366/510/2718 373/521/2403
f 408/564/2716 373/521/2403 423/584/2406
f 373/521/2403 265/371/2739 431/594/2398
s 0
f 431/594/2740 265/371/2741 344/482/2742
s 1
f 146/203/2743 344/482/2736 265/371/2744
s 0
f 146/203/2745 265/371/2745 115/163/2746
f 146/203/2747 115/163/2748 16/23/2749
s 1
f 269/377/2738 219/301/2750 230/321/2751
f 190/262/2752 269/377/2738 230/321/2751
f 39/57/2753 230/321/2751 219/301/2750
f 230/321/2751 39/57/2753 50/71/2754
f 230/321/2751 50/71/2754 190/262/2752
f 39/57/2753 219/301/2750 36/50/2755
f 36/50/2755 219/301/2750 146/203/2743
f 190/262/2752 50/71/2754 72/97/2756
f 190/262/2752 72/97/2756 75/102/2757
f 190/262/2752 75/102/2757 197/270/2758
f 197/270/2758 75/102/2757 198/271/2759
f 273/382/2760 190/262/2752 197/270/2758
f 273/382/2760 197/270/2758 198/271/2759
f 190/262/2752 273/382/2760 269/377/2738
f 219/301/2750 269/377/2738 303/424/2737
f 219/301/2750 303/424/2737 146/203/2743
f 146/203/2743 303/424/2737 344/482/2736
f 269/377/2738 273/382/2760 343/481/2734
f 343/481/2734 273/382/2760 348/488/2761
f 343/481/2734 348/488/2761 401/554/2735
f 459/631/2396 401/554/2735 532/721/2399
f 508/689/2390 401/554/2735 439/604/2762
f 508/689/2390 439/604/2762 323/451/2763
f 532/721/2399 401/554/2735 508/689/2390
s 0
f 508/689/2764 1021/1358/2764 596/799/2764
f 644/861/2765 642/857/2765 1021/1358/2765
s 1
f 439/604/2762 401/554/2735 348/488/2761
f 323/451/2763 439/604/2762 198/271/2759
f 198/271/2759 439/604/2762 348/488/2761
f 198/271/2759 348/488/2761 273/382/2760
s 0
f 198/271/2766 1118/1485/2766 323/451/2766
f 198/271/2767 75/102/2767 1118/1485/2767
f 1118/1485/2768 75/102/2768 1157/1544/2768
s 1
f 1114/1479/2769 75/102/2757 72/97/2756
f 1114/1479/2769 72/97/2756 1161/1550/2770
f 1161/1550/2770 72/97/2756 50/71/2754
f 50/71/2754 39/57/2753 1080/1431/2771
f 39/57/2753 36/50/2755 1080/1431/2771
s 0
f 16/23/2772 36/50/2773 146/203/2774
f 16/23/2775 1133/1511/2776 36/50/2777
f 1133/1511/2778 16/23/2779 1140/1520/2780
s 1
f 1162/1554/1724 1140/1520/1966 1107/1469/2663
f 1089/1443/2661 1107/1469/2663 78/105/2781
f 1089/1443/2661 78/105/2781 81/109/2660
f 81/109/2660 78/105/2781 132/186/2659
f 132/186/2659 115/163/2782 214/295/2657
f 132/186/2659 78/105/2781 115/163/2782
f 1252/1685/2069 1144/1526/2264 1251/1683/2263
s 0
f 1307/1755/2783 1185/1589/2784 1227/1647/2785
s 1
f 1033/1376/2619 1227/1647/2093 1185/1589/2288
f 1185/1589/2288 1057/1401/2290 1033/1376/2619
f 1057/1401/2290 30/41/2291 1033/1376/2619
f 18/26/1301 1033/1376/2619 30/41/2291
f 78/105/2781 1107/1469/2663 1140/1520/1966
s 0
f 78/105/2786 1140/1520/2787 16/23/2788
f 115/163/2789 78/105/2790 16/23/2791
s 1
f 1293/1735/2579 1264/1699/2265 1185/1589/2288
f 113/159/2118 27/38/2117 77/104/2792
f 113/159/2118 77/104/2792 64/88/2119
f 1015/1347/2793 77/104/2792 27/38/2117
f 1015/1347/2793 1041/1384/2794 64/88/2119
f 1015/1347/2793 64/88/2119 77/104/2792
f 1015/1347/2793 1082/1433/2795 1041/1384/2794
f 86/116/2122 64/88/2119 1041/1384/2794
f 1096/1452/2796 1041/1384/2794 1082/1433/2795
f 1041/1384/2794 1096/1452/2796 1063/1411/2797
f 86/116/2122 1041/1384/2794 1063/1411/2797
f 1079/1430/2798 1063/1411/2797 1096/1452/2796
f 1063/1411/2797 1079/1430/2798 103/143/2799
f 1063/1411/2797 103/143/2799 86/116/2122
f 103/143/2799 127/179/2125 86/116/2122
f 127/179/2125 103/143/2799 101/141/2127
f 101/141/2127 103/143/2799 1008/1339/2800
f 1008/1339/2800 103/143/2799 1076/1426/2801
f 1076/1426/2801 103/143/2799 1079/1430/2798
f 125/176/2128 101/141/2127 99/135/2131
f 99/135/2131 101/141/2127 1008/1339/2800
f 99/135/2131 1008/1339/2800 1076/1426/2801
f 99/135/2131 1076/1426/2801 1065/1413/2802
f 1065/1413/2802 1076/1426/2801 1079/1430/2798
f 1105/1465/2223 1079/1430/2798 1096/1452/2796
s 0
f 1065/1413/2803 1079/1430/2804 1105/1465/2805
s 1
f 1096/1452/2796 1082/1433/2795 1105/1465/2223
f 236/331/2658 214/295/2657 115/163/2782
f 236/331/2658 115/163/2782 268/376/2725
f 268/376/2725 115/163/2782 265/371/2739
s 0
f 298/416/2806 242/339/2806 365/508/2806
f 365/508/2807 242/339/2807 246/344/2807
s 1
f 399/551/2808 365/508/2809 316/444/2608
f 399/551/2808 316/444/2608 381/530/2810
f 316/444/2608 365/508/2809 246/344/2557
f 381/530/2810 316/444/2608 165/227/2555
f 789/1036/2456 588/789/2811 528/716/2529
f 588/789/2811 789/1036/2456 472/647/2812
s 0
f 472/647/2813 298/416/2813 365/508/2814
s 1
f 588/789/2811 472/647/2812 528/716/2529
f 590/791/2531 528/716/2529 381/530/2810
f 334/468/2532 590/791/2531 381/530/2810
f 452/621/2536 575/773/2530 334/468/2532
f 461/633/2815 528/716/2529 472/647/2812
f 381/530/2810 528/716/2529 461/633/2815
f 165/227/2555 334/468/2532 381/530/2810
f 321/449/2538 452/621/2536 334/468/2532
f 370/517/2535 452/621/2536 321/449/2538
f 272/381/2554 321/449/2538 334/468/2532
f 399/551/2808 381/530/2810 461/633/2815
f 365/508/2809 399/551/2808 404/559/2816
f 365/508/2809 404/559/2816 472/647/2812
f 472/647/2812 404/559/2816 461/633/2815
f 404/559/2816 399/551/2808 461/633/2815
f 216/297/2497 253/354/2499 68/92/2607
f 216/297/2497 68/92/2607 44/63/2511
f 44/63/2511 226/316/2500 216/297/2497
f 226/316/2500 122/171/2508 240/337/2501
f 240/337/2501 122/171/2508 123/172/2510
f 240/337/2501 123/172/2510 242/339/2502
f 253/354/2499 167/229/2495 68/92/2607
f 58/80/2606 167/229/2495 111/155/2520
f 111/155/2520 33/46/2519 58/80/2606
f 1198/1607/2629 1178/1580/2631 1228/1648/2627
f 1178/1580/2631 1161/1549/2770 1228/1648/2627
f 1228/1648/2627 1161/1549/2770 1233/1655/2626
f 1233/1655/2626 1161/1549/2770 1177/1578/2817
f 1233/1655/2626 1177/1578/2817 1110/1472/2628
f 1233/1655/2626 1110/1472/2628 1234/1656/2625
f 1161/1550/2770 1178/1581/2631 1114/1479/2769
f 1114/1479/2769 1178/1581/2631 1157/1544/2630
f 1114/1479/2769 1157/1544/2630 75/102/2757
f 1161/1550/2770 1080/1431/2771 1177/1579/2817
f 1177/1579/2817 1080/1431/2771 1110/1473/2628
f 1161/1550/2770 50/71/2754 1080/1431/2771
f 1110/1473/2628 36/50/2755 1133/1511/1967
f 1110/1473/2628 1080/1431/2771 36/50/2755
s 0
f 508/689/2818 323/451/2818 1021/1358/2818
f 1118/1485/2819 1021/1358/2819 323/451/2819
s 1
f 1015/1347/2793 27/38/2117 1131/1507/2289
f 1264/1699/2265 1131/1507/2289 1185/1589/2288
f 1131/1507/2289 1082/1433/2795 1015/1347/2793
f 1105/1465/2223 1082/1433/2795 1131/1507/2289
f 1131/1507/2289 1164/1558/2224 1105/1465/2223
f 148/206/2115 278/390/2114 174/240/1304
f 30/42/2291 148/206/2115 174/240/1304
f 174/240/1304 278/390/2114 274/384/1299
f 511/693/2112 397/549/1297 384/533/2108
f 274/384/1299 278/390/2114 384/533/2108
s 0
f 1103/1462/2820 1074/1424/2821 1065/1414/2822
f 1103/1462/2823 1065/1414/2824 1105/1466/2825
s 1
f 1046/1389/2595 1074/1424/2597 1070/1420/2596
f 1065/1414/2802 1074/1424/2597 1046/1389/2595
f 1065/1414/2802 1046/1389/2595 99/136/2131
f 99/136/2131 1046/1389/2595 1028/1368/2190
f 99/136/2131 1028/1368/2190 100/139/2130
f 89/122/2188 105/147/2189 1028/1368/2190
f 69/94/2184 89/122/2188 1014/1346/2185
f 1014/1346/2185 89/122/2188 1028/1368/2190
s 0
f 1073/1423/2826 1074/1424/2827 1103/1462/2828
s 1
f 1074/1424/2597 1050/1393/2267 1070/1420/2596
f 1615/2174/1450 1636/2206/1639 1624/2188/1638
f 1615/2174/1450 1624/2188/1638 1613/2170/1451
f 1613/2170/1451 1624/2188/1638 1635/2203/1560
f 1625/2190/1555 1635/2203/1560 1674/2257/1557
f 276/388/2113 116/165/2116 229/320/2202
