# Blender 3.4.1
# www.blender.org
mtllib Wolf.mtl
o tripo_node_22018b5c-7f4d-46d5-9bf0-78b7c5a1ad2e
v -0.053437 -0.134099 0.179872
v -0.000625 -0.245231 -0.084943
v 0.004093 -0.225042 -0.119903
v -0.001013 0.344994 -0.105622
v -0.035402 0.080461 0.131720
v 0.009949 -0.266309 -0.000637
v 0.027110 -0.082372 -0.189719
v 0.000881 -0.143973 -0.177540
v -0.015497 -0.064482 -0.191207
v -0.000956 0.008990 0.178770
v 0.000916 -0.011119 -0.182986
v 0.009451 -0.145978 0.176381
v 0.003041 -0.259500 0.049588
v -0.003000 -0.259276 -0.049762
v -0.002584 0.018710 -0.173321
v -0.052689 0.095580 -0.105473
v 0.017666 -0.195756 -0.148203
v 0.060592 0.082312 -0.128744
v 0.025781 0.125927 0.048086
v -0.018074 0.122469 0.058160
v 0.036843 0.062266 -0.147357
v 0.015482 0.303664 -0.088090
v 0.006141 0.345900 0.105785
v 0.010669 -0.072350 0.191151
v -0.017088 0.136431 0.000730
v 0.007185 0.343190 0.107049
v 0.078283 0.097369 -0.105066
v 0.019479 -0.238302 0.098793
v 0.068570 -0.212441 -0.128773
v 0.037607 0.313705 -0.085373
v 0.022649 0.301382 0.085678
v 0.072291 -0.044394 -0.185379
v 0.033756 0.307690 0.079260
v 0.021034 0.297307 -0.107374
v 0.047490 0.310910 -0.093922
v 0.078124 -0.191069 0.141849
v 0.032791 0.290589 0.104917
v 0.079737 -0.076180 0.182372
v 0.084044 -0.254699 -0.052895
v 0.031464 0.317938 -0.107480
v 0.082368 -0.041043 0.180489
v 0.080440 0.081945 0.122281
v 0.083413 0.014540 -0.167174
v 0.024463 0.312489 -0.083931
v 0.036130 -0.137852 -0.177111
v 0.060296 0.298150 0.073039
v 0.050843 -0.123955 0.179688
v 0.059668 0.297727 0.102096
v 0.078883 -0.229740 -0.105392
v 0.062439 0.011032 0.168524
v 0.015025 0.124681 -0.054346
v 0.087047 -0.262127 -0.003544
v 0.085013 -0.256186 0.041918
v 0.085273 -0.220615 0.113600
v 0.058313 0.240997 -0.093955
v 0.053714 0.248253 -0.068002
v 0.069570 0.231848 0.084032
v 0.073991 -0.112033 -0.178359
v 0.061486 0.266688 -0.063618
v 0.043759 -0.129540 -0.213171
v 0.053317 0.251329 -0.100523
v 0.046793 -0.138290 -0.212496
v 0.069750 0.296348 0.085498
v 0.083963 0.122599 -0.053761
v 0.053973 -0.129969 -0.192993
v 0.055160 -0.137329 -0.214961
v 0.057969 -0.142423 -0.195523
v 0.091236 0.134633 -0.002783
v 0.069529 0.028038 -0.157298
v 0.056605 -0.127922 -0.215555
v 0.069010 0.233307 0.059154
v 0.073377 -0.105984 -0.197798
v 0.050186 0.054748 -0.185658
v 0.054719 0.055676 -0.195500
v 0.080136 0.028880 0.152026
v 0.076717 -0.014778 0.175626
v 0.054504 0.050794 -0.192436
v 0.074405 0.276246 -0.069363
v 0.055359 0.062903 -0.187733
v 0.070606 0.276638 -0.101348
v 0.060501 0.250133 0.096101
v 0.088712 -0.250675 0.056745
v 0.088415 -0.109649 0.173189
v 0.058219 -0.132568 0.203360
v 0.102225 -0.185504 -0.145524
v 0.082653 -0.097827 -0.180725
v 0.073347 -0.011329 -0.178311
v 0.065687 -0.121548 0.196767
v 0.065841 0.239529 -0.097975
v 0.079730 0.209531 -0.079200
v 0.060735 -0.128026 0.211259
v 0.063017 -0.136997 0.211024
v 0.065854 0.267260 0.059703
v 0.071383 0.253909 0.095773
v 0.063124 0.053468 0.183052
v 0.064906 0.061187 0.185718
v 0.084882 0.059876 -0.141981
v 0.070474 -0.142277 0.192949
v 0.066276 0.053764 0.190368
v 0.068327 0.243541 0.092806
v 0.069326 0.246498 -0.098157
v 0.070467 -0.127831 0.211514
v 0.069830 0.045309 -0.148192
v 0.081554 0.210646 -0.063156
v 0.087003 0.122524 0.047559
v 0.083016 0.212426 0.074476
v 0.073490 -0.131465 -0.171910
v 0.085755 0.232944 -0.058363
v 0.080876 0.215882 -0.097115
v 0.119353 0.050270 -0.177679
v 0.079522 0.044929 0.143481
v 0.075458 0.246691 0.093124
v 0.084762 -0.149472 -0.189112
v 0.082201 0.098932 0.098301
v 0.100572 -0.142874 0.194993
v 0.081633 0.274852 -0.083490
v 0.094631 -0.148934 0.186195
v 0.080363 0.257364 -0.093912
v 0.085364 0.258125 0.090183
v 0.103286 0.060549 -0.170022
v 0.085247 -0.132681 0.166139
v 0.100581 -0.149469 0.156234
v 0.090667 0.237350 -0.096864
v 0.088854 0.270589 0.077745
v 0.087799 0.214846 0.091628
v 0.092928 0.229560 0.052069
v 0.127898 -0.192317 -0.131874
v 0.085072 0.211163 0.058662
v 0.089513 0.259461 0.059724
v 0.089518 -0.150055 -0.161721
v 0.093884 0.015131 0.161675
v 0.094702 0.059955 0.135874
v 0.093890 0.237971 -0.062696
v 0.111830 0.036955 0.174125
v 0.096875 -0.096659 0.175574
v 0.113412 -0.118054 -0.189868
v 0.085461 0.265762 -0.086161
v 0.090839 0.253900 -0.075814
v 0.123910 0.064230 0.130788
v 0.098196 0.173628 0.075295
v 0.120577 -0.098510 0.181800
v 0.098168 0.061516 0.173524
v 0.091827 0.175305 -0.079785
v 0.092145 0.264372 0.078860
v 0.093681 0.176577 -0.059642
v 0.097341 0.252378 0.068266
v 0.099946 0.239449 0.087723
v 0.098600 -0.098322 0.184971
v 0.109253 0.218298 0.092911
v 0.129500 0.117083 -0.051935
v 0.097311 0.177171 0.052908
v 0.119051 -0.121314 0.186374
v 0.103012 0.215569 -0.100489
v 0.126407 0.006525 0.158248
v 0.137055 -0.193899 0.120552
v 0.115171 0.004826 -0.165377
v 0.114306 0.188444 -0.103404
v 0.098779 0.240774 0.058153
v 0.117985 -0.242272 -0.063014
v 0.104421 -0.143110 -0.191054
v 0.095482 0.175011 -0.101696
v 0.121677 -0.034742 -0.173522
v 0.122359 -0.026584 0.165549
v 0.113514 0.244236 0.070952
v 0.115841 0.064269 -0.138216
v 0.120731 -0.152324 -0.164862
v 0.103946 0.163175 -0.065233
v 0.110493 -0.096441 -0.187593
v 0.098764 -0.258683 -0.143415
v 0.120785 0.188569 0.095736
v 0.127955 0.050937 0.170748
v 0.111028 -0.083657 -0.179309
v 0.108891 0.230333 -0.063197
v 0.111573 0.191421 -0.052607
v 0.117519 -0.243457 0.054608
v 0.101853 -0.258571 -0.137884
v 0.121466 -0.182692 0.139391
v 0.104229 -0.247889 -0.147939
v 0.118578 0.227103 0.085529
v 0.106358 -0.256309 -0.147733
v 0.105046 0.149921 -0.095713
v 0.109444 -0.231966 -0.129932
v 0.108269 0.163414 0.057490
v 0.112186 -0.215069 -0.137477
v 0.109437 0.240337 0.060027
v 0.128822 0.088177 0.089154
v 0.100499 0.177946 0.094120
v 0.108158 0.155863 0.082268
v 0.116291 0.218194 -0.092955
v 0.103276 -0.024612 -0.188830
v 0.116459 0.230607 -0.081103
v 0.186648 0.114022 -0.042724
v 0.108664 -0.259418 -0.140990
v 0.105101 -0.013485 -0.185945
v 0.109128 0.147662 -0.122130
v 0.109727 -0.019475 -0.172127
v 0.119335 0.181161 0.044094
v 0.130485 0.155196 -0.125033
v 0.126109 0.208750 -0.058918
v 0.163554 -0.247163 -0.005571
v 0.112668 0.230331 0.055663
v 0.120953 0.143257 -0.077972
v 0.109640 -0.020713 -0.195007
v 0.108933 -0.258502 0.137612
v 0.110328 -0.255685 0.130036
v 0.149627 0.008622 -0.160901
v 0.114900 0.136114 0.092094
v 0.120402 0.218845 0.084767
v 0.120029 -0.217980 0.129074
v 0.131135 -0.220299 -0.114620
v 0.123977 -0.029248 -0.188235
v 0.123787 -0.001064 -0.178369
v 0.125852 0.000642 -0.165247
v 0.116866 -0.259966 0.132649
v 0.139523 0.153867 0.116268
v 0.119046 -0.256532 0.138516
v 0.122512 0.088024 -0.098369
v 0.117653 0.149037 0.113673
v 0.119827 0.222612 -0.076586
v 0.116287 -0.015179 0.180899
v 0.142952 -0.005390 -0.181654
v 0.116157 -0.024974 0.179446
v 0.125034 0.210911 -0.096167
v 0.128113 0.165541 -0.055336
v 0.124551 0.065831 -0.134623
v 0.129910 -0.185707 -0.141167
v 0.127792 -0.214874 0.115580
v 0.124614 0.105838 0.122175
v 0.130318 -0.204187 0.134054
v 0.132555 -0.201058 -0.118076
v 0.127321 0.146093 0.066278
v 0.140262 -0.207295 -0.103771
v 0.123204 -0.020245 0.187476
v 0.137891 0.100685 0.063338
v 0.145904 -0.141882 -0.166448
v 0.133528 -0.001197 0.157471
v 0.162624 -0.201077 0.142365
v 0.138393 0.154820 0.049508
v 0.125287 0.220776 0.071767
v 0.147899 -0.225639 -0.140404
v 0.154702 -0.016753 -0.181975
v 0.133997 0.065598 0.125158
v 0.131981 -0.003103 0.172162
v 0.141725 0.055870 -0.143717
v 0.133822 0.209400 0.086179
v 0.131483 -0.151953 0.156624
v 0.155059 0.166960 0.053463
v 0.139889 -0.229719 -0.118662
v 0.154914 -0.198723 -0.152585
v 0.133553 0.213296 -0.077568
v 0.133364 0.100798 -0.071503
v 0.136177 -0.029065 0.179449
v 0.143182 0.113094 -0.056206
v 0.148842 0.170434 -0.062771
v 0.142745 -0.216097 0.102153
v 0.162682 -0.237253 -0.056093
v 0.135931 0.149610 -0.059529
v 0.160231 0.100507 0.130643
v 0.132309 -0.185009 -0.145905
v 0.146240 -0.181678 -0.150499
v 0.126748 -0.081335 0.169205
v 0.157587 -0.224514 0.064528
v 0.129655 0.209129 0.050192
v 0.164283 -0.076813 -0.157454
v 0.143488 -0.184518 0.136869
v 0.147510 -0.233491 -0.127978
v 0.148471 -0.228467 0.107724
v 0.156371 -0.233969 0.118321
v 0.143262 -0.202820 0.104006
v 0.144522 -0.203568 0.141137
v 0.140102 -0.184786 0.131151
v 0.137204 0.215287 0.068230
v 0.134508 -0.034894 0.163989
v 0.149040 0.057113 0.133287
v 0.176105 -0.039229 0.148026
v 0.146058 0.111698 0.045454
v 0.160304 0.164838 0.105062
v 0.141454 -0.218196 -0.106677
v 0.153278 -0.223782 -0.075636
v 0.164743 0.164727 -0.091699
v 0.157765 0.150835 -0.070010
v 0.163883 -0.077642 0.152021
v 0.158390 -0.225589 -0.104750
v 0.155794 0.085734 -0.145704
v 0.158653 0.015127 0.151800
v 0.145387 -0.336210 -0.095180
v 0.150710 -0.054084 -0.164981
v 0.168857 0.007870 0.149509
v 0.151054 -0.220858 0.095610
v 0.155274 -0.222672 -0.097030
v 0.172683 -0.039816 -0.157943
v 0.142746 -0.334419 -0.105679
v 0.157620 -0.141977 0.155743
v 0.144859 -0.333254 -0.114917
v 0.162941 0.037091 -0.160364
v 0.171591 -0.489477 -0.107349
v 0.174503 -0.207057 0.132433
v 0.161750 -0.004867 0.168246
v 0.157309 -0.172848 0.141594
v 0.149556 -0.333276 0.095384
v 0.171812 -0.016440 0.168489
v 0.139302 0.189292 -0.101966
v 0.174033 -0.486846 -0.117465
v 0.168194 -0.153453 -0.153418
v 0.151668 -0.335057 0.085016
v 0.152105 -0.334869 0.104695
v 0.178008 0.102062 0.059914
v 0.141056 0.116797 0.039601
v 0.155781 -0.332885 -0.091076
v 0.174188 -0.486724 -0.096492
v 0.176768 0.034760 0.148679
v 0.161339 -0.335332 0.080169
v 0.170374 -0.218154 -0.135953
v 0.162631 0.151300 0.059678
v 0.169943 0.038007 0.148758
v 0.187386 0.102853 -0.131080
v 0.179269 -0.222221 0.094735
v 0.179875 -0.028272 -0.166149
v 0.164915 -0.238377 0.043535
v 0.165021 -0.335104 -0.092738
v 0.172315 0.060083 0.142200
v 0.169289 0.103366 -0.069023
v 0.182225 -0.223398 -0.071254
v 0.172284 -0.220603 -0.105786
v 0.178415 -0.488336 0.095376
v 0.190943 -0.028450 0.153712
v 0.178922 -0.153582 0.141381
v 0.162907 -0.331151 0.106252
v 0.171536 0.163386 0.080228
v 0.165647 -0.233431 -0.121532
v 0.177384 -0.223984 0.119865
v 0.183436 -0.479424 -0.093424
v 0.171643 -0.228469 -0.119133
v 0.178191 0.143504 -0.093111
v 0.170679 -0.333167 0.081004
v 0.164482 -0.222534 0.085955
v 0.155025 -0.335521 -0.117206
v 0.179814 -0.110327 -0.149562
v 0.188113 0.119700 0.113421
v 0.202987 -0.042751 0.135715
v 0.180609 -0.487103 0.083976
v 0.164098 -0.332757 -0.116168
v 0.172933 -0.234046 0.110329
v 0.186484 0.104132 -0.068265
v 0.167503 -0.332649 -0.106400
v 0.176552 -0.218417 -0.095316
v 0.185199 0.041117 -0.158142
v 0.204779 -0.097379 0.126796
v 0.192475 -0.168147 -0.136283
v 0.182300 -0.218908 0.083168
v 0.172386 -0.334811 0.104620
v 0.181922 -0.473152 -0.119325
v 0.174488 -0.333414 0.094461
v 0.196208 0.000195 -0.156830
v 0.218386 -0.223276 -0.049379
v 0.188051 -0.262790 -0.106468
v 0.188701 -0.479268 0.080701
v 0.188104 -0.214894 -0.091471
v 0.191148 0.130133 0.081184
v 0.206644 0.087172 0.081505
v 0.198370 -0.470059 0.104057
v 0.182611 -0.488752 0.105483
v 0.195782 -0.044033 -0.147282
v 0.191738 -0.471399 -0.095579
v 0.198553 -0.471920 0.082152
v 0.188477 -0.475481 0.106288
v 0.221254 -0.229626 -0.009856
v 0.203598 0.002702 -0.158016
v 0.200160 -0.189762 -0.120419
v 0.191952 -0.215412 0.078862
v 0.215787 0.117119 -0.006787
v 0.224683 -0.500629 -0.100348
v 0.201072 0.067814 -0.142362
v 0.183267 -0.211957 -0.121188
v 0.192783 -0.261299 0.080474
v 0.201294 0.085983 -0.095698
v 0.180363 -0.225963 0.107816
v 0.207127 -0.190839 0.106985
v 0.183393 0.039645 -0.132146
v 0.194177 -0.469855 -0.107424
v 0.203367 -0.168179 0.121607
v 0.202646 -0.061440 0.129530
v 0.221275 -0.222815 0.035383
v 0.279998 -0.106365 0.078120
v 0.190262 -0.470051 -0.117843
v 0.200721 0.019811 -0.122426
v 0.204794 0.001419 0.143170
v 0.228525 -0.500447 0.084094
v 0.199184 0.012715 0.148033
v 0.192443 0.040458 0.118566
v 0.213970 0.106010 0.041660
v 0.203239 0.067957 -0.133775
v 0.203837 0.060740 -0.119977
v 0.194680 -0.263971 0.094199
v 0.196008 0.040872 0.144554
v 0.199175 -0.208519 -0.093287
v 0.218282 -0.216442 0.054336
v 0.232241 -0.499583 0.104502
v 0.222201 -0.497231 -0.123473
v 0.207074 -0.206744 0.081316
v 0.233302 -0.075055 -0.115681
v 0.201190 -0.469872 0.094009
v 0.203769 0.024069 0.111713
v 0.226122 -0.482527 0.107619
v 0.257794 0.096598 -0.052347
v 0.226655 0.053272 -0.109050
v 0.238608 -0.491579 0.082077
v 0.220616 -0.482129 -0.097812
v 0.230383 -0.481580 0.083618
v 0.210552 0.067144 0.128428
v 0.232597 -0.491294 -0.098366
v 0.214968 0.014420 -0.151250
v 0.232837 -0.488289 -0.121757
v 0.220944 -0.479222 -0.109220
v 0.223148 -0.012757 -0.149436
v 0.297850 -0.149525 -0.079544
v 0.229872 -0.198237 -0.087367
v 0.216106 0.062814 0.103524
v 0.211819 0.068444 0.119465
v 0.208475 -0.065154 -0.007311
v 0.235474 -0.050779 -0.122026
v 0.215530 -0.069493 -0.047643
v 0.209378 -0.087518 -0.007302
v 0.217780 -0.068446 0.031430
v 0.232740 -0.010935 0.134753
v 0.220790 -0.047573 -0.007145
v 0.220402 -0.086105 0.032219
v 0.221398 0.026785 -0.110933
v 0.238830 0.075754 -0.111933
v 0.225806 0.033640 0.098191
v 0.219888 -0.104819 -0.008166
v 0.224952 -0.056231 0.032965
v 0.225531 0.005600 -0.107579
v 0.246175 0.068445 -0.096844
v 0.266142 -0.173406 0.077202
v 0.224433 0.015167 0.136132
v 0.232332 0.004491 0.093371
v 0.216626 -0.084270 -0.046392
v 0.227215 -0.052039 -0.048421
v 0.228114 -0.100353 0.029645
v 0.226632 0.028682 -0.121155
v 0.245228 -0.050088 0.104264
v 0.233877 -0.100334 -0.057222
v 0.240631 -0.489768 0.104630
v 0.263726 -0.012938 -0.130975
v 0.261533 -0.099933 -0.102933
v 0.233857 0.049941 -0.120292
v 0.244979 0.065988 0.082388
v 0.238311 -0.206243 -0.056660
v 0.234632 0.056169 0.092490
v 0.247711 -0.210290 0.008050
v 0.239942 -0.071284 0.100570
v 0.237319 0.010873 0.104673
v 0.239850 -0.045914 -0.046165
v 0.275228 -0.122929 -0.096209
v 0.240241 -0.001034 -0.117646
v 0.262754 -0.008726 -0.129828
v 0.231039 0.040752 -0.130217
v 0.233669 0.043308 -0.137336
v 0.248544 -0.186550 -0.086350
v 0.236942 0.058643 -0.125619
v 0.238437 0.023277 -0.127571
v 0.235893 -0.090230 -0.041511
v 0.234469 -0.078794 -0.027983
v 0.238190 0.018539 -0.133694
v 0.258158 -0.003878 0.118748
v 0.239466 0.027443 -0.141797
v 0.250401 -0.211458 -0.003031
v 0.234099 -0.225211 -0.059117
v 0.246547 -0.210713 -0.023941
v 0.248061 -0.078925 -0.095685
v 0.255758 -0.030451 -0.123056
v 0.242694 -0.067252 -0.081922
v 0.239768 -0.083101 -0.039654
v 0.251210 0.064626 0.094894
v 0.238509 0.046754 0.105780
v 0.241843 0.060927 -0.114224
v 0.240072 -0.080500 0.020376
v 0.242423 -0.227637 -0.073303
v 0.266352 0.075103 -0.097570
v 0.238294 0.048824 0.112836
v 0.237550 -0.225091 0.042614
v 0.244338 0.018850 0.111688
v 0.239242 -0.090541 0.026086
v 0.247568 -0.069574 0.066749
v 0.240580 0.034289 0.120662
v 0.240833 0.075395 0.098808
v 0.250217 -0.073021 -0.024528
v 0.243387 -0.091073 -0.071270
v 0.243256 -0.071601 -0.007045
v 0.246041 -0.090994 0.053892
v 0.253007 -0.038936 -0.008979
v 0.247001 -0.231460 0.054591
v 0.241034 -0.207234 0.039836
v 0.243435 -0.080172 -0.082128
v 0.245428 0.017800 0.116751
v 0.241925 -0.230552 -0.046177
v 0.248508 -0.000841 0.102228
v 0.244719 -0.226238 0.025114
v 0.246946 0.061342 0.104932
v 0.242646 -0.250436 -0.055662
v 0.258654 -0.056734 -0.080468
v 0.247613 0.048051 0.119879
v 0.248170 -0.196922 -0.063552
v 0.252828 -0.202794 -0.081636
v 0.245746 -0.250707 0.037996
v 0.251086 0.002848 -0.124526
v 0.254458 -0.186596 -0.080755
v 0.248291 -0.065968 -0.098141
v 0.258444 0.057706 -0.131972
v 0.259378 -0.191112 0.057269
v 0.249053 -0.213062 -0.019539
v 0.254072 0.000050 -0.128718
v 0.252754 -0.211187 0.062447
v 0.257179 -0.072729 0.002270
v 0.262890 -0.087045 -0.038892
v 0.256083 -0.091681 0.090928
v 0.264130 -0.210252 -0.042908
v 0.259939 0.034001 -0.143245
v 0.249859 -0.200837 -0.072425
v 0.254862 -0.080108 0.076510
v 0.268117 -0.045373 -0.048747
v 0.255876 0.017896 0.123033
v 0.259516 -0.094549 -0.037400
v 0.253470 0.008718 -0.137820
v 0.260157 -0.092938 -0.091923
v 0.246325 -0.045036 0.029176
v 0.248458 0.064989 -0.119133
v 0.255587 -0.194090 0.053382
v 0.263651 0.063909 -0.109430
v 0.271057 -0.055657 0.076992
v 0.254091 -0.067163 0.080056
v 0.260932 -0.219881 0.042806
v 0.264663 -0.092142 0.073373
v 0.251899 -0.193770 -0.086655
v 0.256865 -0.004816 -0.117526
v 0.262084 -0.056453 0.062010
v 0.252993 -0.200755 -0.091193
v 0.274215 -0.202637 0.010341
v 0.253385 -0.220304 -0.101654
v 0.259546 0.002140 0.112408
v 0.265304 0.076124 0.083339
v 0.267515 -0.081747 -0.032531
v 0.256830 -0.192303 -0.091660
v 0.270265 -0.096784 0.015045
v 0.257506 -0.189626 -0.077735
v 0.260068 -0.216646 -0.060406
v 0.253861 -0.187257 0.069782
v 0.255147 -0.199677 0.076841
v 0.265416 -0.085754 0.019641
v 0.260553 -0.170538 -0.096089
v 0.258042 -0.202653 0.063995
v 0.277729 -0.108158 -0.079202
v 0.266030 0.039518 0.122528
v 0.265367 -0.055442 -0.095754
v 0.266604 -0.003498 -0.126332
v 0.263385 -0.193948 0.082495
v 0.268822 -0.099095 0.072408
v 0.279546 -0.047310 0.029264
v 0.260895 -0.220356 0.084605
v 0.271853 0.007073 0.116321
v 0.264854 0.060278 0.108606
v 0.264636 -0.005466 0.101243
v 0.274043 0.006906 -0.132912
v 0.260426 0.069098 0.074860
v 0.278402 -0.082643 0.005349
v 0.272956 -0.183186 -0.081437
v 0.280453 -0.036077 0.091594
v 0.261838 0.067727 -0.088776
v 0.279354 0.059443 0.091529
v 0.272726 -0.003767 0.105693
v 0.289533 0.096918 -0.010540
v 0.276781 0.056779 -0.120772
v 0.277704 0.062994 0.075224
v 0.289107 -0.044000 -0.009934
v 0.284432 -0.084617 -0.014947
v 0.277456 0.058656 -0.087801
v 0.277477 -0.001795 -0.117982
v 0.313857 -0.106003 -0.048280
v 0.271779 0.057126 -0.074812
v 0.291706 -0.186339 0.029342
v 0.281617 -0.099515 -0.027128
v 0.296047 -0.187080 -0.008388
v 0.283662 -0.097679 0.060573
v 0.277651 -0.182692 0.062672
v 0.294678 0.084841 -0.048912
v 0.277814 0.003238 -0.111723
v 0.270386 0.062128 0.061300
v 0.279958 -0.004804 0.085141
v 0.291209 -0.186515 -0.043681
v 0.277968 -0.009027 0.105511
v 0.277138 -0.004577 -0.100919
v 0.282850 0.019544 0.115453
v 0.286834 0.090106 0.027336
v 0.303180 -0.149055 0.059349
v 0.279362 -0.036432 -0.109212
v 0.284759 0.002421 0.092163
v 0.288121 -0.063640 -0.089574
v 0.283264 0.056010 0.099187
v 0.277973 0.052879 -0.110594
v 0.281489 -0.093113 0.012360
v 0.283854 0.004310 -0.102355
v 0.277791 0.031180 -0.136444
v 0.290762 0.070571 0.067957
v 0.286437 -0.109998 0.055563
v 0.285145 0.000092 0.101336
v 0.289569 -0.006547 -0.110920
v 0.311372 -0.160741 0.048491
v 0.279881 0.040550 0.051067
v 0.277679 0.011702 -0.069863
v 0.278130 0.031309 -0.068321
v 0.285417 0.038722 -0.079248
v 0.280992 0.042734 0.115159
v 0.293992 -0.063606 0.069859
v 0.288962 -0.095589 -0.023618
v 0.279685 0.009446 0.052975
v 0.294801 0.040244 -0.057950
v 0.288427 0.045832 0.064350
v 0.282078 0.006881 -0.077552
v 0.312066 -0.169596 -0.054560
v 0.286286 0.010061 -0.120792
v 0.290044 0.018844 0.060158
v 0.287251 0.043032 -0.097912
v 0.296217 0.042746 0.039194
v 0.284757 -0.100413 0.005019
v 0.320686 -0.170111 -0.036231
v 0.286182 0.025544 -0.111912
v 0.291129 0.045872 0.081982
v 0.287705 0.035151 -0.123821
v 0.291447 0.023767 -0.060709
v 0.285632 0.000642 0.069432
v 0.294365 -0.016616 0.100237
v 0.297909 0.028983 0.037482
v 0.291562 -0.096025 -0.000332
v 0.291344 0.042869 0.101741
v 0.305978 -0.004178 0.084581
v 0.290667 -0.101638 -0.008621
v 0.290619 0.019361 -0.093637
v 0.291501 0.008309 0.073841
v 0.303238 0.062440 -0.080803
v 0.292039 0.027281 0.091882
v 0.294626 0.016241 0.099164
v 0.308550 -0.162851 -0.067982
v 0.291513 -0.123626 0.001959
v 0.294809 0.022884 0.080022
v 0.319186 -0.024470 -0.110623
v 0.316181 -0.106004 0.026924
v 0.325744 0.011807 0.060589
v 0.297563 -0.117529 -0.058814
v 0.316606 0.082895 -0.010617
v 0.298155 -0.116507 0.040394
v 0.298071 -0.117710 -0.075517
v 0.315751 0.075691 0.021153
v 0.297395 -0.113134 -0.029614
v 0.357326 -0.071587 -0.019219
v 0.298947 -0.107328 -0.072827
v 0.311731 -0.124155 -0.080403
v 0.297709 -0.116544 -0.070600
v 0.305346 -0.108930 -0.077922
v 0.321060 0.011462 -0.083574
v 0.304721 -0.110340 -0.070286
v 0.303378 -0.120059 -0.074865
v 0.325931 0.051018 0.051666
v 0.304300 -0.118515 0.057582
v 0.310090 -0.117030 0.029786
v 0.322515 -0.166868 0.030158
v 0.314712 -0.122093 0.022414
v 0.302516 -0.112096 0.048485
v 0.303710 -0.118422 0.050831
v 0.312352 -0.067336 -0.078063
v 0.305057 -0.106664 0.054484
v 0.310169 -0.116762 -0.048243
v 0.334101 0.058018 -0.044330
v 0.337172 -0.132064 0.048776
v 0.308682 -0.120242 0.056236
v 0.312278 -0.110081 0.056781
v 0.307870 -0.077957 -0.075439
v 0.309503 -0.079037 -0.081113
v 0.331664 0.042424 -0.070187
v 0.312578 -0.109416 0.050928
v 0.335160 -0.050844 0.074023
v 0.338217 0.027495 0.048660
v 0.327050 0.019095 -0.076921
v 0.314191 -0.078557 -0.073763
v 0.311723 -0.068151 -0.081643
v 0.332450 -0.155377 -0.065286
v 0.336312 0.032194 -0.070110
v 0.312559 -0.077850 0.053484
v 0.317531 -0.068808 0.059828
v 0.317409 -0.079738 0.058423
v 0.319208 -0.079031 0.052645
v 0.316441 -0.068814 -0.079160
v 0.316448 -0.066927 0.053826
v 0.330104 -0.168680 -0.006994
v 0.320116 -0.067047 0.053898
v 0.330400 -0.071658 -0.083506
v 0.316450 -0.123111 -0.040552
v 0.377488 -0.062625 -0.081848
v 0.339459 0.036140 0.045850
v 0.377177 -0.118722 0.008573
v 0.369205 -0.136807 -0.021347
v 0.343288 -0.072867 0.058087
v 0.343927 0.052145 0.013613
v 0.363273 -0.115719 -0.037077
v 0.358807 -0.137096 -0.052483
v 0.337011 -0.132697 -0.069833
v 0.361143 -0.031811 0.075925
v 0.337712 0.015592 0.049639
v 0.355479 -0.136513 0.035657
v 0.371643 -0.127905 0.009585
v 0.354853 0.019759 -0.050720
v 0.342187 -0.158657 -0.056300
v 0.384197 -0.003750 -0.070832
v 0.335962 -0.120905 -0.042168
v 0.345477 -0.157468 0.033321
v 0.353028 -0.162299 -0.003635
v 0.368511 -0.073444 -0.074824
v 0.396229 -0.018282 0.052253
v 0.358660 0.013131 -0.057259
v 0.351830 0.048659 -0.015021
v 0.358470 0.016418 0.028992
v 0.358522 -0.151320 -0.038027
v 0.383017 -0.000289 0.042191
v 0.362614 -0.150776 0.006995
v 0.362923 0.017130 -0.034835
v 0.367728 -0.137247 0.011105
v 0.367418 0.018661 -0.004918
v 0.374299 -0.129799 -0.035822
v 0.392328 -0.058393 0.053463
v 0.375670 -0.073301 0.047581
v 0.414062 0.009665 0.017656
v 0.380316 -0.074108 -0.057057
v 0.387402 -0.127895 -0.035892
v 0.386346 -0.145127 0.008888
v 0.380802 -0.091003 -0.056835
v 0.385700 -0.090631 -0.056013
v 0.384712 -0.072314 -0.061105
v 0.383344 -0.096572 -0.057725
v 0.386207 -0.148187 -0.035900
v 0.415324 -0.037830 -0.078887
v 0.384590 -0.072456 -0.056364
v 0.410607 -0.038063 0.055478
v 0.413440 -0.070047 -0.011091
v 0.386786 -0.091566 0.021454
v 0.387122 -0.073073 0.021381
v 0.390836 -0.072647 0.025826
v 0.391340 -0.091889 0.021529
v 0.394414 -0.137727 0.008419
v 0.393334 -0.177218 0.002826
v 0.390974 -0.171167 -0.033833
v 0.391701 -0.072071 0.020549
v 0.415211 0.018058 -0.004375
v 0.393125 -0.183923 -0.020420
v 0.407128 -0.065709 -0.054846
v 0.430114 -0.003826 -0.057297
v 0.404554 -0.179733 -0.003982
v 0.402358 -0.167601 -0.034038
v 0.404175 -0.166985 0.006463
v 0.404183 -0.182243 -0.020527
v 0.416430 0.012546 -0.043582
v 0.414725 -0.060017 0.032659
v 0.441971 -0.011570 0.026513
v 0.438884 -0.050211 0.005483
v 0.440933 0.017817 0.019020
v 0.426653 -0.043915 -0.063797
v 0.428157 -0.037495 0.041728
v 0.444651 0.018545 -0.050416
v 0.436686 -0.050302 -0.037063
v 0.442757 0.022804 -0.029564
v 0.439798 -0.013123 -0.057095
v 0.432223 -0.002616 0.027106
v 0.437752 0.003098 -0.056905
v 0.434281 -0.059724 -0.015495
v 0.437439 0.021408 -0.009181
v 0.437439 0.021408 -0.009182
v 0.437439 0.021408 -0.009191
v 0.437439 0.021408 -0.009191
v 0.437714 0.021506 -0.009921
v 0.450989 -0.021352 0.017625
v 0.448990 -0.013634 0.025506
v 0.463937 0.021833 0.012524
v 0.458518 0.006613 -0.050994
v 0.456203 -0.026314 0.007456
v 0.460648 -0.030866 -0.016795
v 0.447127 -0.018973 -0.052255
v 0.454989 -0.026416 -0.037882
v 0.468964 0.006507 0.011125
v 0.465230 0.021934 -0.041694
v 0.466820 -0.005822 -0.038167
v 0.477566 0.025040 -0.017508
v 0.473248 -0.011116 -0.014683
v 0.480079 0.015107 -0.016667
v 0.028242 -0.114952 -0.186003
v 0.005276 -0.117442 0.186676
v 0.008854 -0.021175 0.185845
v 0.039468 0.064008 0.143826
v -0.058000 -0.214400 -0.124739
v -0.055082 -0.196286 -0.142636
v -0.014528 -0.070159 0.191476
v -0.078011 -0.260598 0.003613
v -0.049270 0.096733 0.106667
v -0.024479 0.058468 0.151373
v -0.060604 -0.135897 -0.175924
v -0.042871 0.064117 -0.143473
v -0.038972 0.011194 -0.175342
v -0.039699 -0.043936 0.187981
v -0.000798 -0.215512 0.130639
v 0.003998 -0.197357 0.147207
v -0.059004 -0.035099 -0.181593
v -0.063531 0.078774 -0.126900
v -0.041896 -0.045020 0.189967
v -0.051086 0.119353 -0.058305
v -0.064196 0.013072 0.173071
v -0.048745 0.131726 0.001801
v -0.052246 -0.047119 -0.186118
v -0.052769 0.128403 0.014545
v -0.072289 0.113550 0.067882
v -0.073486 0.123071 -0.027744
v -0.081010 -0.210484 0.126358
v -0.074334 0.012317 -0.166884
v -0.065176 0.021619 0.165391
v -0.057296 -0.111457 0.186570
v -0.079477 -0.069406 0.189026
v -0.053682 0.127758 -0.011132
v -0.058131 -0.112634 -0.183381
v -0.074075 0.030468 -0.156015
v -0.063090 -0.022340 0.182787
v -0.078024 -0.228175 -0.103389
v -0.082893 -0.252718 -0.045988
v -0.052132 -0.232066 0.105349
v -0.069935 -0.019249 -0.178228
v -0.062402 -0.007125 0.176147
v -0.071465 -0.190890 0.146159
v -0.067133 -0.028580 -0.177720
v -0.081385 0.121330 -0.013914
v -0.067401 -0.018057 0.182925
v -0.069027 0.023984 0.166418
v -0.085925 -0.066791 -0.183821
v -0.072843 0.034413 0.156963
v -0.068927 0.008958 0.172723
v -0.109671 0.066870 0.131393
v -0.079124 -0.018026 -0.176823
v -0.080631 -0.252145 0.053664
v -0.112535 0.084596 0.107737
v -0.071738 -0.019770 0.182186
v -0.105860 0.148453 0.003746
v -0.074687 0.027747 0.157884
v -0.096539 -0.225305 0.102108
v -0.115839 -0.038945 -0.174996
v -0.118421 0.084909 -0.098100
v -0.083080 0.037275 0.153027
v -0.107323 -0.129021 -0.168338
v -0.109738 0.143736 -0.005891
v -0.081274 0.029041 -0.155405
v -0.077507 0.010774 -0.170686
v -0.117547 0.034781 0.153191
v -0.080853 0.012866 -0.163893
v -0.083165 -0.018017 -0.175497
v -0.110098 -0.000067 0.172049
v -0.098187 0.054006 0.142157
v -0.104489 -0.188111 -0.135133
v -0.125920 0.101804 -0.060921
v -0.084011 0.010944 -0.168278
v -0.137960 -0.108709 0.176151
v -0.093514 0.041881 0.151767
v -0.087984 0.033688 -0.149407
v -0.127277 -0.105982 -0.172086
v -0.091023 0.031294 -0.153442
v -0.078954 0.122861 0.019327
v -0.115047 0.062862 -0.127051
v -0.100596 0.050528 -0.138350
v -0.101071 -0.140145 0.165741
v -0.096684 -0.132003 0.173622
v -0.106841 0.134861 -0.009452
v -0.112519 -0.176964 0.142157
v -0.103872 0.117914 0.011203
v -0.100778 0.049388 0.139806
v -0.120020 0.002496 -0.163482
v -0.102105 0.133177 0.017760
v -0.104456 0.118473 -0.002340
v -0.102851 0.043544 -0.138066
v -0.127024 0.104236 -0.042189
v -0.129635 -0.207830 -0.103165
v -0.118063 0.129463 -0.003611
v -0.135164 0.042294 -0.137342
v -0.112292 0.077265 0.116347
v -0.110551 0.056370 0.134546
v -0.121961 0.106759 0.043192
v -0.147632 -0.234256 0.054866
v -0.116842 0.089009 0.093709
v -0.117719 0.113018 0.025978
v -0.108630 0.120652 0.005810
v -0.115186 0.054324 -0.130127
v -0.128066 -0.129407 0.174495
v -0.113727 -0.142071 -0.156217
v -0.113721 0.142806 0.012451
v -0.105494 -0.055516 0.185029
v -0.115979 0.113146 -0.015421
v -0.120133 0.073527 -0.112460
v -0.149180 -0.235423 -0.043318
v -0.113716 0.114932 0.019262
v -0.119295 0.128060 0.009357
v -0.161649 -0.210272 -0.079470
v -0.121650 -0.168465 0.156553
v -0.150884 -0.073750 -0.167690
v -0.115579 -0.159992 0.149630
v -0.167018 0.103864 0.005993
v -0.117801 0.062464 0.133543
v -0.122419 0.138404 0.004182
v -0.141623 -0.245228 0.005111
v -0.140516 -0.196064 0.111985
v -0.122067 -0.154410 -0.146351
v -0.118882 0.115240 -0.012070
v -0.126088 0.101203 0.061429
v -0.123660 0.062809 -0.125032
v -0.124422 0.094451 0.072804
v -0.124918 0.092770 0.087695
v -0.124749 0.087090 -0.093953
v -0.130381 0.095462 -0.059502
v -0.131607 -0.170894 -0.131478
v -0.117981 -0.209987 0.111370
v -0.139289 -0.155310 0.166257
v -0.166812 -0.030615 0.164073
v -0.168464 -0.066419 0.168822
v -0.141764 -0.185399 -0.138247
v -0.130449 0.102298 0.060130
v -0.149281 -0.196657 -0.100192
v -0.149543 -0.157846 -0.154985
v -0.135501 0.100244 -0.055468
v -0.155272 -0.209623 0.090492
v -0.153104 0.008823 0.156277
v -0.187403 0.081158 -0.060420
v -0.133950 -0.489445 0.123360
v -0.175203 0.073965 0.092272
v -0.136365 -0.490551 0.099787
v -0.165213 -0.243502 0.120817
v -0.142279 -0.498407 0.124610
v -0.179929 0.047663 0.122389
v -0.177587 -0.026004 -0.151087
v -0.142780 -0.490553 -0.089715
v -0.142573 -0.489366 -0.114514
v -0.148479 -0.481208 0.126429
v -0.148838 -0.479400 0.104007
v -0.178076 0.006018 -0.140216
v -0.132520 0.103889 -0.046999
v -0.168732 -0.154532 0.162849
v -0.150446 -0.499480 -0.113245
v -0.157394 -0.477662 -0.101861
v -0.181969 0.047573 -0.112290
v -0.145051 -0.500851 0.104819
v -0.149743 -0.498798 -0.091440
v -0.156467 -0.481208 -0.089830
v -0.172242 -0.240907 0.125258
v -0.180660 -0.468199 0.113787
v -0.184551 0.083626 0.066623
v -0.177832 -0.154358 -0.150694
v -0.191561 -0.469463 -0.113526
v -0.184030 -0.204434 0.081850
v -0.184618 -0.470770 0.101751
v -0.163127 -0.241123 0.110972
v -0.178369 0.067611 -0.090713
v -0.196202 -0.223348 0.008422
v -0.173439 -0.244987 -0.108766
v -0.193173 0.005450 0.141710
v -0.199073 -0.200900 -0.066955
v -0.169500 -0.247054 0.100201
v -0.175282 -0.202380 0.086426
v -0.196202 -0.491211 0.127668
v -0.172112 -0.246074 -0.100547
v -0.176654 -0.248053 -0.087907
v -0.181753 -0.144134 0.159563
v -0.182323 -0.241324 -0.112904
v -0.172162 -0.257645 0.128252
v -0.190125 -0.481323 0.100083
v -0.183869 -0.203030 -0.072996
v -0.198505 -0.491408 0.103521
v -0.198678 -0.215178 -0.035571
v -0.196331 -0.481305 -0.086181
v -0.199013 -0.211877 0.053148
v -0.183570 -0.470795 0.128157
v -0.206327 -0.371046 0.114762
v -0.197818 -0.479800 -0.115369
v -0.180721 -0.259178 -0.114720
v -0.179820 -0.217115 0.135417
v -0.192468 -0.141449 -0.146791
v -0.204024 -0.491846 -0.088788
v -0.178825 -0.243134 0.098804
v -0.213653 -0.056834 0.147614
v -0.211331 -0.371020 0.101449
v -0.185340 -0.243221 -0.085827
v -0.189824 -0.254779 -0.116631
v -0.220348 0.081914 0.007690
v -0.185213 -0.238284 0.127308
v -0.188154 -0.468213 -0.100871
v -0.213836 -0.370989 -0.099689
v -0.205137 -0.490819 -0.113553
v -0.199484 -0.191477 -0.070870
v -0.217309 -0.359689 0.130173
v -0.190631 -0.240956 0.112958
v -0.191235 -0.470423 -0.088678
v -0.200413 -0.492293 0.115271
v -0.189550 -0.242789 0.102447
v -0.201014 -0.069908 -0.146217
v -0.225634 0.038976 -0.088901
v -0.218216 0.059390 0.078826
v -0.208735 -0.194057 0.132768
v -0.220906 0.072015 -0.043061
v -0.198411 -0.240168 -0.099984
v -0.215626 -0.128143 0.144427
v -0.233357 -0.183621 0.111153
v -0.192105 -0.239929 -0.113087
v -0.191595 -0.194485 0.084749
v -0.203567 -0.263664 -0.114456
v -0.219466 0.002921 -0.118005
v -0.209808 -0.370409 0.129008
v -0.196504 -0.243363 -0.088918
v -0.219244 -0.371111 -0.114415
v -0.220053 0.072270 0.051892
v -0.228379 -0.200133 -0.096940
v -0.235376 -0.370696 0.115783
v -0.207238 -0.493262 -0.100959
v -0.226036 -0.127145 -0.128223
v -0.225003 -0.173545 0.085436
v -0.218154 -0.370211 -0.086084
v -0.240684 0.027313 0.096081
v -0.239386 -0.187877 0.047251
v -0.232117 -0.369368 0.104008
v -0.219288 -0.186090 -0.119676
v -0.221420 -0.368281 0.100314
v -0.228157 -0.370693 -0.084425
v -0.240598 -0.188642 -0.032028
v -0.238010 -0.013931 0.121487
v -0.242892 -0.371829 -0.099635
v -0.251047 -0.169636 -0.077243
v -0.231283 -0.171102 -0.069051
v -0.244518 -0.170748 0.094559
v -0.239421 -0.370524 -0.112549
v -0.230990 -0.371150 0.129338
v -0.228207 -0.056904 -0.129142
v -0.239154 -0.370964 -0.087479
v -0.229068 -0.141794 0.132940
v -0.240821 -0.196093 0.008657
v -0.250406 -0.069050 0.122380
v -0.246214 -0.166485 -0.096748
v -0.258836 -0.031788 -0.097940
v -0.250801 0.022151 -0.078876
v -0.247548 -0.156237 -0.070031
v -0.247885 0.054543 -0.036553
v -0.260214 -0.070848 -0.102122
v -0.240268 -0.158958 0.086958
v -0.262117 0.050450 0.010025
v -0.268150 0.014758 0.072407
v -0.264438 -0.008558 0.093228
v -0.256151 -0.122737 0.109563
v -0.252327 0.048450 0.052418
v -0.270072 -0.032905 0.097546
v -0.262662 -0.116706 -0.093697
v -0.259346 -0.135486 -0.069388
v -0.275410 -0.148081 0.052412
v -0.273211 -0.103323 0.089714
v -0.276129 -0.130218 0.068632
v -0.284259 -0.150667 -0.017103
v -0.270993 0.032659 -0.028821
v -0.280987 -0.067165 0.089032
v -0.274301 -0.014945 -0.072575
v -0.277269 -0.134025 -0.050193
v -0.279288 -0.104756 -0.069758
v -0.271143 0.011573 -0.058795
v -0.299123 -0.143078 0.010604
v -0.283743 -0.066449 -0.073344
v -0.292249 -0.011561 0.053324
v -0.289416 0.011150 0.027952
v -0.294073 -0.032903 -0.048403
v -0.301125 -0.137678 0.004174
v -0.298564 -0.018778 -0.030307
v -0.297699 -0.122261 0.041848
v -0.301428 -0.123320 -0.016723
v -0.291496 0.006808 -0.014272
v -0.298235 -0.081551 0.059455
v -0.302461 -0.133785 0.018993
v -0.295736 0.000384 0.013268
v -0.303866 -0.073249 -0.036662
v -0.299254 -0.049534 0.057739
v -0.295265 0.064336 0.009433
v -0.300819 -0.010527 0.001749
v -0.297046 0.043067 0.017298
v -0.303680 0.098828 0.005738
v -0.304961 0.104622 0.015179
v -0.302861 -0.016358 0.020721
v -0.305026 0.053956 0.003833
v -0.308234 0.082620 0.014565
v -0.306683 0.027828 0.019216
v -0.309695 -0.118353 0.000707
v -0.310201 -0.115678 0.020349
v -0.313294 -0.058685 0.023015
v -0.308726 0.052777 0.011333
v -0.311464 -0.048940 0.000110
v -0.312075 0.113232 0.007720
v -0.313568 -0.099137 0.019852
v -0.308883 -0.137106 0.021559
v -0.317392 -0.082376 0.003551
v -0.315452 -0.032895 0.019382
v -0.315247 0.128174 0.011063
v -0.315024 -0.008700 0.005633
v -0.318216 -0.077289 0.018085
v -0.314813 -0.053014 -0.001429
v -0.316805 -0.030633 -0.000518
v -0.314565 0.008467 0.011529
v -0.318257 -0.038239 0.021920
v -0.315337 -0.146691 0.009900
v -0.321989 -0.054079 0.003982
v -0.322813 0.008652 0.025274
v -0.330225 0.063523 0.024257
v -0.332807 -0.057234 -0.009734
v -0.320794 -0.121209 -0.007427
v -0.326632 -0.014485 0.003572
v -0.326064 -0.009117 0.018775
v -0.331168 -0.058390 0.032989
v -0.341660 -0.105839 0.027729
v -0.328578 0.096085 0.011500
v -0.330233 0.015277 0.020146
v -0.334336 0.048358 0.022335
v -0.350316 -0.055890 -0.018093
v -0.337513 -0.086300 0.039959
v -0.347597 -0.096756 -0.004793
v -0.331989 0.068499 -0.001135
v -0.334501 0.045371 0.002530
v -0.335955 0.206722 0.011875
v -0.340434 0.090078 -0.010586
v -0.333603 0.280162 0.011431
v -0.338595 0.089169 0.034462
v -0.349063 0.261530 0.033814
v -0.350782 0.293577 -0.006558
v -0.343445 0.168665 0.035516
v -0.339581 0.213955 0.011752
v -0.348505 0.057992 -0.012454
v -0.341465 0.218467 0.008562
v -0.354477 -0.022523 0.043853
v -0.343506 0.227064 0.004448
v -0.349270 0.248087 0.032259
v -0.349728 0.293418 0.031148
v -0.346562 0.060548 0.037179
v -0.346898 0.234112 0.023297
v -0.350363 -0.109206 0.011575
v -0.346744 0.238414 -0.001015
v -0.350659 0.243099 -0.010706
v -0.350179 0.243530 0.035768
v -0.366375 -0.044675 0.033437
v -0.362514 0.040742 0.044868
v -0.352135 0.247383 -0.008372
v -0.355829 0.331188 0.012579
v -0.367647 0.152753 0.045132
v -0.372261 -0.032658 -0.006202
v -0.369369 0.155565 -0.019096
v -0.357639 0.254924 0.036159
v -0.387724 0.227002 0.047594
v -0.371865 -0.068265 0.012658
v -0.359092 0.254798 -0.011234
v -0.357071 0.298815 0.030239
v -0.358943 0.319786 0.005671
v -0.382343 0.243610 0.047417
v -0.358613 0.320426 0.019249
v -0.359469 0.333775 0.014165
v -0.357905 0.306652 0.035833
v -0.358509 0.295900 -0.005840
v -0.359530 0.305028 -0.010809
v -0.360313 0.327570 0.003443
v -0.366165 0.356520 0.012700
v -0.365218 0.044341 -0.019160
v -0.379361 0.247918 0.043642
v -0.374525 0.254471 0.044321
v -0.384044 0.376843 0.032365
v -0.390263 -0.003755 0.012430
v -0.388327 0.225746 -0.019833
v -0.387726 0.136913 -0.006579
v -0.379232 0.254072 -0.016713
v -0.385846 0.307225 0.046757
v -0.395474 0.401203 -0.002979
v -0.377154 0.258442 -0.019686
v -0.386329 0.147887 0.034807
v -0.382592 0.042051 -0.006656
v -0.384609 0.248262 -0.016126
v -0.381291 0.045997 0.034033
v -0.386523 0.242771 -0.020242
v -0.413670 0.259077 0.037546
v -0.394189 0.255497 -0.012631
v -0.388361 0.306632 -0.019149
v -0.395840 0.255290 0.039323
v -0.405092 0.435258 0.013874
v -0.402461 0.135086 0.013227
v -0.422761 0.244673 0.035838
v -0.393950 0.172706 -0.007227
v -0.412786 0.308549 -0.006611
v -0.410693 0.309547 0.036012
v -0.408838 0.210524 0.035526
v -0.420493 0.298244 -0.007595
v -0.413411 0.171721 0.012532
v -0.414545 0.253887 0.034049
v -0.412143 0.437098 0.026625
v -0.415483 0.253932 -0.004606
v -0.419451 0.422103 0.033785
v -0.431162 0.252497 -0.004239
v -0.429891 0.316157 0.013901
v -0.413646 0.400037 -0.008196
v -0.424335 0.309264 0.007187
v -0.444523 0.256173 0.029516
v -0.415074 0.258797 -0.008525
v -0.424469 0.261082 0.015139
v -0.420423 0.298328 0.037026
v -0.448438 0.242409 0.013574
v -0.438262 0.284226 0.014040
v -0.440518 0.481985 0.011989
v -0.433967 0.311153 0.001910
v -0.445426 0.298241 0.014869
v -0.443980 0.424620 0.014240
v -0.438589 0.318827 0.026471
v -0.447262 0.479681 0.021404
v -0.455517 0.499132 0.015874
v -0.449071 0.486441 0.010960
v -0.477988 0.264664 0.016093
v -0.468774 0.368217 0.016476
vn -0.3214 0.1738 0.9309
vn -0.9324 0.3585 0.0455
vn -0.7453 -0.6617 -0.0809
vn -0.4201 -0.1593 0.8934
vn -0.5347 -0.2400 0.8102
vn -0.3579 0.4137 -0.8371
vn -0.9332 -0.3580 -0.0316
vn -0.3614 0.3951 0.8446
vn -0.8661 0.4978 0.0465
vn -0.4523 0.3866 -0.8037
vn 0.0221 0.2650 -0.9640
vn -0.0930 0.3678 -0.9253
vn -0.9071 -0.4207 0.0119
vn -0.4983 0.8643 0.0684
vn -0.1150 0.9873 -0.1095
vn -0.2717 0.5966 -0.7552
vn -0.9258 -0.3761 -0.0372
vn -0.5462 -0.3139 -0.7766
vn -0.5245 0.1805 -0.8321
vn 0.1608 0.2620 0.9516
vn 0.5809 0.4376 0.6864
vn 0.7080 0.5930 -0.3836
vn -0.4681 0.8826 0.0436
vn -0.0569 0.1276 0.9902
vn -0.0481 0.2673 0.9624
vn -0.9878 -0.1536 -0.0254
vn 0.8439 0.5273 -0.0992
vn -0.2189 0.2174 -0.9512
vn 0.5976 0.3490 -0.7218
vn 0.6310 0.3036 0.7139
vn 0.9396 0.3398 -0.0418
vn 0.9463 0.3103 0.0911
vn 0.8234 0.0790 0.5620
vn 0.0152 0.0695 0.9975
vn 0.9155 0.2124 -0.3416
vn -0.5755 0.2009 -0.7928
vn -0.1220 0.1283 -0.9842
vn -0.4806 0.1330 0.8668
vn -0.4793 -0.2697 0.8352
vn -0.1231 -0.0514 -0.9911
vn -0.5820 -0.1784 -0.7934
vn 0.0241 0.3255 -0.9452
vn -0.3111 -0.2328 -0.9214
vn 0.1364 -0.3258 -0.9356
vn -0.6546 -0.0920 -0.7503
vn -0.0697 -0.0350 -0.9970
vn -0.0732 -0.0456 0.9963
vn 0.1287 0.2695 0.9544
vn 0.1340 0.2913 0.9472
vn -0.1869 -0.3265 0.9265
vn 0.2297 -0.1842 0.9557
vn -0.9843 -0.1752 0.0229
vn -0.6016 -0.1264 0.7887
vn -0.0275 -0.0417 0.9988
vn -0.0454 0.0775 -0.9960
vn 0.1040 -0.2833 -0.9534
vn 0.4009 -0.0648 -0.9138
vn 0.7583 0.1547 -0.6333
vn 0.4154 0.3027 -0.8578
vn 0.6553 0.1224 -0.7454
vn 0.9891 0.1369 -0.0548
vn 0.5006 0.2965 0.8134
vn 0.5538 -0.0121 0.8326
vn 0.3542 -0.0849 0.9313
vn 0.7392 0.3195 0.5929
vn 0.5992 0.7778 -0.1899
vn 0.7870 0.4084 0.4623
vn 0.7740 0.1743 -0.6087
vn 0.6885 0.1878 -0.7005
vn -0.5061 0.2120 0.8360
vn -0.9798 -0.1998 -0.0017
vn -0.7197 -0.0613 -0.6915
vn -0.1476 -0.1383 -0.9793
vn -0.7264 -0.1929 -0.6597
vn -0.1458 -0.0154 -0.9892
vn 0.5278 -0.0385 -0.8485
vn 0.1478 0.0231 -0.9887
vn 0.1896 -0.0027 -0.9819
vn 0.7345 0.0374 -0.6776
vn 0.1467 0.1543 -0.9771
vn -0.1370 0.8303 0.5402
vn 0.6754 0.0834 0.7327
vn 0.1542 -0.0753 0.9852
vn 0.5991 -0.0402 0.7996
vn 0.4129 -0.0680 0.9083
vn 0.6875 -0.0121 0.7261
vn -0.0701 -0.0320 0.9970
vn -0.6975 -0.0670 0.7135
vn 0.6830 0.0181 0.7302
vn 0.6904 0.0607 0.7209
vn -0.0619 -0.0495 0.9969
vn -0.6653 -0.2243 0.7121
vn 0.6259 0.0354 -0.7791
vn 0.9952 0.0880 -0.0420
vn 0.9846 0.1624 -0.0641
vn 0.6743 0.3446 -0.6531
vn 0.2087 -0.0572 -0.9763
vn 0.1624 -0.0624 0.9847
vn 0.7937 -0.1345 -0.5933
vn 0.9203 0.0560 -0.3871
vn 0.9579 0.2503 0.1407
vn 0.9410 0.3346 0.0502
vn -0.9139 -0.4057 0.0098
vn -0.6001 -0.4061 -0.6892
vn -0.7997 -0.6004 -0.0011
vn 0.0318 -0.3301 -0.9434
vn 0.6043 0.0902 -0.7916
vn -0.2428 -0.9681 -0.0613
vn -0.1939 -0.1522 -0.9691
vn -0.0857 0.1765 -0.9806
vn 0.1392 0.0488 -0.9891
vn -0.4371 0.1633 -0.8844
vn 0.0133 -0.1426 -0.9897
vn 0.7655 0.0287 0.6428
vn 0.6771 0.2330 0.6980
vn 0.6456 -0.1400 0.7507
vn 0.0168 -0.2113 0.9773
vn -0.5520 -0.4905 0.6744
vn 0.1437 -0.4861 0.8620
vn -0.2726 -0.5341 0.8003
vn -0.1395 -0.1059 0.9845
vn 0.0142 0.1224 0.9924
vn 0.0640 0.0851 0.9943
vn -0.0407 0.1168 0.9923
vn -0.7617 0.0657 0.6446
vn 0.1323 0.1555 0.9789
vn -0.5994 0.2409 0.7633
vn -0.8913 0.1218 0.4367
vn -0.8610 0.3238 0.3922
vn -0.8373 0.5178 0.1754
vn -0.7433 0.1847 0.6430
vn -0.1434 0.9303 0.3377
vn -0.8704 -0.1171 0.4782
vn -0.7987 -0.0180 0.6014
vn -0.8153 -0.2687 0.5129
vn -0.7252 -0.4260 0.5410
vn -0.8243 -0.3441 0.4495
vn -0.0564 0.0019 0.9984
vn -0.7182 0.3295 0.6129
vn -0.6551 0.0214 0.7552
vn -0.6405 -0.1876 0.7447
vn -0.5080 -0.1050 0.8549
vn -0.3972 0.1018 0.9121
vn 0.6425 0.0705 0.7630
vn -0.7011 -0.5759 0.4205
vn -0.5171 -0.8550 0.0392
vn -0.7621 -0.6140 -0.2054
vn -0.5889 -0.7431 0.3177
vn -0.5984 -0.8011 0.0102
vn -0.8713 -0.4532 -0.1881
vn -0.7803 -0.2164 0.5868
vn -0.7957 -0.4626 0.3909
vn -0.3804 -0.6434 -0.6644
vn -0.8531 -0.3474 -0.3892
vn -0.7263 -0.6151 -0.3069
vn -0.8482 -0.2480 -0.4680
vn -0.7368 -0.4636 -0.4921
vn -0.7544 -0.6015 0.2628
vn -0.6104 -0.7349 -0.2955
vn -0.8300 -0.5530 0.0726
vn -0.8106 -0.4824 0.3320
vn -0.4580 0.0576 -0.8871
vn -0.5711 0.3329 -0.7503
vn -0.9042 0.3019 -0.3022
vn -0.9165 -0.0272 -0.3991
vn -0.8292 0.0152 -0.5587
vn -0.7793 0.4562 -0.4296
vn -0.7781 0.2777 -0.5635
vn -0.8735 0.1780 -0.4531
vn -0.6948 0.2094 -0.6881
vn 0.9727 0.0827 -0.2168
vn 0.5537 0.3311 0.7641
vn -0.6409 0.0188 0.7674
vn -0.5690 0.0943 -0.8169
vn -0.9973 0.0058 -0.0731
vn -0.2397 0.9687 0.0653
vn 0.6263 0.2116 -0.7503
vn -0.8550 0.4896 -0.1711
vn -0.7032 0.7102 0.0341
vn -0.7647 0.5924 -0.2533
vn -0.7416 0.4832 0.4654
vn -0.5785 0.2890 0.7628
vn -0.5839 0.5361 0.6096
vn -0.6514 0.6899 0.3158
vn -0.7892 -0.1750 -0.5886
vn -0.8186 -0.3111 -0.4829
vn -0.7987 -0.5249 -0.2941
vn -0.6125 -0.3085 -0.7278
vn -0.6972 -0.0100 -0.7168
vn -0.5518 -0.3441 0.7597
vn -0.2607 -0.2504 0.9324
vn -0.1610 -0.3569 0.9202
vn -0.6283 -0.7674 0.1276
vn -0.4691 -0.8238 0.3182
vn -0.3711 -0.6866 0.6251
vn -0.4410 -0.8960 -0.0516
vn -0.6600 0.4978 -0.5627
vn -0.5345 0.3628 -0.7633
vn -0.6127 -0.1151 -0.7819
vn -0.5851 0.0939 -0.8055
vn -0.4577 0.0470 -0.8879
vn -0.4355 -0.1328 -0.8903
vn -0.2973 -0.2475 -0.9221
vn -0.4928 0.0914 0.8653
vn -0.6314 0.7192 -0.2901
vn -0.4800 0.8291 0.2869
vn -0.4740 0.8802 0.0240
vn -0.3429 0.8750 0.3417
vn -0.4921 0.7206 0.4885
vn -0.3299 0.7919 0.5138
vn -0.4860 0.8192 -0.3044
vn -0.5319 0.6074 -0.5901
vn -0.3814 0.7599 -0.5264
vn -0.3969 0.6054 -0.6899
vn -0.0501 0.9066 -0.4190
vn -0.3850 0.8511 -0.3569
vn 0.0372 0.9342 -0.3547
vn -0.3304 0.9437 0.0155
vn -0.0763 0.9321 0.3542
vn -0.4347 -0.6496 -0.6237
vn -0.6450 -0.7624 -0.0521
vn -0.5989 -0.7815 -0.1749
vn -0.3984 -0.9108 0.1078
vn -0.3700 0.6146 0.6967
vn -0.1458 0.0041 -0.9893
vn -0.7665 0.0245 -0.6418
vn -0.7165 -0.1692 -0.6768
vn -0.0895 -0.1665 -0.9820
vn -0.9992 0.0304 0.0256
vn -0.6737 -0.7357 0.0704
vn -0.6604 0.0096 0.7508
vn -0.5195 -0.6122 -0.5961
vn 0.0711 0.2402 0.9681
vn -0.4134 -0.5921 0.6917
vn -0.0963 -0.0989 -0.9904
vn 0.5464 -0.0070 -0.8375
vn 0.3984 0.3634 -0.8422
vn 0.5776 0.8038 -0.1425
vn 0.9976 -0.0143 -0.0680
vn 0.0024 -0.0003 1.0000
vn -0.4177 -0.1792 0.8907
vn 0.6097 -0.1186 0.7837
vn 0.6091 0.0055 0.7931
vn 0.5769 -0.2662 -0.7722
vn 0.9031 -0.4086 -0.1320
vn -0.9764 -0.1428 0.1619
vn 0.2949 -0.1681 0.9406
vn -0.3218 -0.8984 -0.2987
vn -0.4538 -0.8902 0.0413
vn -0.4685 -0.8469 -0.2516
vn -0.2841 -0.9587 0.0131
vn -0.3064 -0.8947 0.3250
vn 0.0430 -0.9967 0.0688
vn -0.2217 -0.8248 0.5201
vn -0.3152 -0.6931 0.6482
vn 0.4002 -0.8215 0.4062
vn -0.4316 -0.8916 -0.1370
vn 0.9996 -0.0224 -0.0188
vn 0.4283 0.3544 -0.8312
vn 0.4386 -0.0150 -0.8986
vn -0.0371 -0.0390 -0.9985
vn -0.6726 -0.1465 0.7254
vn -0.7487 0.0202 0.6626
vn -0.0895 -0.0039 0.9960
vn -0.0365 -0.1867 0.9817
vn 0.6394 -0.2989 0.7084
vn 0.5846 -0.0365 0.8105
vn -0.7108 0.0312 -0.7027
vn -0.4825 -0.5907 -0.6468
vn -0.9989 0.0141 0.0445
vn -0.9727 -0.1623 -0.1656
vn -0.6633 0.2562 -0.7031
vn 0.0094 0.1091 -0.9940
vn 0.6411 -0.1261 -0.7570
vn 0.9290 -0.3694 0.0237
vn 0.7569 -0.3631 -0.5433
vn 0.1482 -0.1722 -0.9739
vn 0.1409 -0.9899 -0.0135
vn 0.3603 -0.8233 -0.4385
vn 0.3141 -0.7538 -0.5771
vn 0.5387 -0.6088 -0.5824
vn -0.4640 -0.1120 -0.8787
vn -0.0720 -0.3776 -0.9232
vn -0.2628 0.5346 -0.8032
vn -0.1769 0.7046 -0.6872
vn 0.1675 0.6410 -0.7490
vn -0.2024 0.7768 -0.5964
vn -0.2069 0.5868 -0.7829
vn -0.1367 0.7347 -0.6645
vn -0.3941 0.3804 -0.8367
vn -0.3985 0.2136 -0.8919
vn -0.3217 0.0242 -0.9465
vn -0.2162 -0.1457 -0.9654
vn -0.6456 -0.7636 -0.0022
vn -0.4407 -0.6404 0.6290
vn -0.0267 -0.0774 0.9966
vn 0.7114 0.7025 0.0182
vn 0.4424 0.3569 0.8227
vn -0.4248 0.3761 0.8234
vn -0.2979 0.3856 0.8733
vn -0.1916 0.5015 0.8437
vn 0.0269 0.7094 0.7043
vn 0.1691 0.7240 0.6688
vn 0.2220 0.7423 0.6323
vn -0.3811 0.7658 0.5181
vn -0.6045 0.4785 0.6368
vn -0.3169 0.2424 0.9170
vn -0.1909 0.5667 0.8015
vn 0.0052 0.4386 0.8987
vn -0.0350 0.5677 0.8225
vn -0.0417 0.7471 0.6634
vn -0.2824 0.5297 0.7998
vn 0.0566 0.6272 0.7768
vn -0.3620 0.4692 0.8055
vn -0.1873 0.2737 0.9434
vn -0.1188 0.5474 0.8284
vn 0.4307 0.5511 0.7147
vn -0.1972 0.4398 0.8761
vn -0.6237 0.1197 0.7725
vn 0.0403 0.2994 0.9533
vn -0.1941 0.0870 0.9771
vn -0.2001 0.3561 0.9127
vn -0.1061 -0.0220 0.9941
vn 0.1916 0.3352 0.9225
vn -0.3354 0.2042 0.9197
vn -0.3443 0.0402 0.9380
vn -0.1746 0.3318 0.9270
vn -0.4472 -0.2310 0.8641
vn -0.2065 -0.1063 0.9727
vn -0.0559 -0.1803 0.9820
vn -0.0461 -0.4793 0.8764
vn -0.0199 -0.3812 0.9243
vn 0.1019 -0.6393 0.7622
vn 0.3386 -0.7032 0.6252
vn -0.3692 -0.5118 0.7757
vn 0.9410 0.2440 0.2346
vn 0.7939 -0.4274 0.4324
vn -0.4332 -0.4180 -0.7985
vn -0.1334 -0.3972 -0.9080
vn 0.5156 -0.6324 0.5781
vn 0.2207 0.8308 -0.5109
vn -0.1760 0.5094 -0.8424
vn -0.1676 0.4644 -0.8696
vn 0.0992 0.6602 -0.7445
vn -0.2477 0.3443 -0.9056
vn -0.1263 0.6433 -0.7551
vn 0.3147 0.3785 -0.8705
vn -0.2866 0.5760 -0.7656
vn -0.1986 0.7178 -0.6673
vn -0.0924 0.6110 -0.7862
vn 0.1536 0.4106 -0.8988
vn -0.1437 0.3194 -0.9367
vn -0.1677 0.1776 -0.9697
vn -0.2303 0.2870 -0.9298
vn -0.2348 0.1579 -0.9591
vn -0.1078 0.3646 -0.9249
vn -0.3612 -0.6904 -0.6268
vn -0.1595 0.0139 -0.9871
vn 0.3590 -0.6924 -0.6258
vn -0.3048 -0.5797 -0.7557
vn -0.0213 -0.6453 -0.7636
vn 0.3624 0.5758 0.7329
vn 0.4105 0.8055 -0.4274
vn 0.8710 0.1104 0.4787
vn 0.3916 -0.7330 0.5563
vn 0.2255 -0.8660 -0.4463
vn 0.7332 0.0075 -0.6800
vn 0.3010 -0.7970 -0.5236
vn 0.8281 0.2284 -0.5120
vn 0.3159 -0.7909 0.5240
vn 0.4219 0.9057 -0.0400
vn 0.2969 0.6210 0.7254
vn 0.8055 -0.0047 0.5926
vn 0.0393 0.9371 0.3467
vn -0.2117 0.8159 0.5381
vn -0.0646 0.8857 0.4598
vn -0.0323 0.9109 0.4114
vn 0.0451 0.9442 0.3264
vn -0.1582 0.9273 0.3392
vn -0.2139 0.9570 0.1958
vn 0.1438 0.9284 0.3428
vn -0.0962 0.7443 0.6609
vn -0.1335 0.1498 0.9797
vn -0.4340 0.5690 0.6985
vn -0.0816 0.8512 0.5184
vn -0.0391 0.9365 0.3485
vn -0.9891 0.1198 0.0852
vn -0.7821 -0.4285 0.4525
vn -0.3838 0.6032 0.6992
vn -0.9282 0.3712 -0.0265
vn -0.0091 0.9986 0.0512
vn -0.0051 0.9434 0.3316
vn -0.0345 0.9738 0.2249
vn -0.0547 0.9656 -0.2543
vn -0.4467 0.4515 -0.7724
vn -0.7065 -0.3267 -0.6278
vn -0.2335 0.0525 -0.9709
vn -0.3005 0.6829 -0.6658
vn -0.0386 0.9333 -0.3569
vn -0.1823 0.9720 -0.1482
vn -0.1392 0.8474 -0.5123
vn 0.0304 0.9272 -0.3732
vn 0.0282 0.9452 -0.3254
vn -0.0609 0.9259 -0.3727
vn -0.5265 0.8010 -0.2851
vn -0.1971 0.8347 -0.5142
vn -0.1204 0.9347 -0.3343
vn -0.0972 0.8495 -0.5185
vn -0.0314 0.9510 -0.3075
vn -0.1517 -0.9884 0.0044
vn -0.1610 -0.9460 0.2814
vn -0.0012 -0.9643 0.2649
vn -0.0913 -0.8422 0.5314
vn -0.0048 -0.9999 -0.0100
vn 0.1382 -0.9638 0.2281
vn 0.1829 -0.9072 0.3790
vn 0.0409 -0.8635 0.5027
vn -0.1909 -0.7021 0.6861
vn -0.1698 -0.9468 -0.2732
vn -0.0212 -0.9651 -0.2610
vn -0.1931 -0.8221 -0.5356
vn -0.0178 -0.7860 -0.6179
vn 0.1686 -0.8245 -0.5401
vn -0.0204 -0.9021 -0.4310
vn 0.1276 -0.9475 -0.2931
vn -0.1515 -0.5766 0.8028
vn -0.1402 -0.7241 -0.6753
vn -0.1300 -0.5921 -0.7953
vn 0.0104 -0.7393 0.6733
vn 0.0325 -0.5942 0.8037
vn 0.1656 -0.5615 0.8108
vn 0.2041 -0.7750 0.5981
vn 0.0516 -0.4174 0.9073
vn -0.0854 -0.3973 0.9137
vn 0.1795 -0.2822 0.9424
vn 0.0452 -0.2085 0.9770
vn -0.1362 -0.3842 -0.9131
vn 0.1284 -0.3755 -0.9179
vn -0.0161 -0.3894 -0.9209
vn 0.0652 -0.2107 -0.9754
vn -0.1063 -0.1938 -0.9753
vn 0.0250 -0.5892 -0.8076
vn 0.1255 -0.7077 -0.6953
vn -0.0662 -0.1799 0.9815
vn -0.0600 0.9982 0.0081
vn 0.0423 0.9988 -0.0241
vn -0.0059 0.9383 -0.3457
vn -0.0612 0.2332 -0.9705
vn -0.0284 0.0279 -0.9992
vn 0.0549 -0.0486 -0.9973
vn 0.2086 0.2944 -0.9326
vn -0.2734 0.4544 -0.8478
vn -0.7341 0.1910 -0.6517
vn 0.0201 -0.0085 0.9998
vn 0.2188 0.3407 0.9143
vn 0.0505 0.1869 0.9811
vn 0.0339 0.3630 0.9312
vn 0.0673 -0.0141 0.9976
vn 0.1890 0.2691 0.9444
vn 0.2047 0.1228 0.9711
vn -0.6037 -0.5897 0.5365
vn -0.6965 0.2649 0.6669
vn 0.1953 -0.0517 0.9794
vn -0.2310 0.4566 0.8591
vn -0.0197 0.3645 -0.9310
vn -0.2337 0.1759 -0.9562
vn -0.1935 0.0809 -0.9778
vn 0.0080 0.2395 -0.9709
vn 0.0095 0.4207 -0.9072
vn 0.1228 -0.9923 -0.0181
vn 0.0493 0.5724 -0.8185
vn -0.0812 -0.1473 -0.9857
vn -0.4417 0.8971 -0.0079
vn -0.5480 0.6261 -0.5547
vn 0.0775 0.7418 -0.6662
vn -0.1417 0.8776 -0.4580
vn -0.5751 -0.5669 -0.5898
vn 0.1221 -0.0487 -0.9913
vn -0.9974 0.0490 0.0524
vn -0.4328 0.8688 -0.2405
vn 0.1108 0.5908 0.7992
vn 0.1396 0.8478 0.5117
vn 0.1303 0.7286 0.6724
vn -0.1057 0.8672 0.4867
vn -0.5372 0.6099 0.5826
vn -0.5591 0.1366 0.8177
vn 0.1472 0.4135 0.8985
vn 0.0294 0.9467 0.3208
vn 0.1073 0.9345 0.3394
vn -0.6551 0.6144 0.4397
vn 0.1552 0.9138 0.3754
vn 0.1463 0.8312 -0.5364
vn 0.0920 0.9281 -0.3608
vn 0.0769 0.9970 0.0008
vn 0.1523 0.9472 -0.2821
vn 0.1094 0.8310 -0.5453
vn -0.5294 0.8414 0.1087
vn -0.7413 -0.0876 0.6654
vn -0.9625 -0.2469 -0.1122
vn -0.1541 0.5859 0.7956
vn -0.8482 -0.2613 0.4608
vn -0.2282 0.3200 0.9195
vn -0.5931 0.7768 -0.2116
vn -0.5429 -0.3793 -0.7493
vn 0.3795 0.4470 -0.8101
vn 0.3381 0.6291 -0.7000
vn -0.2843 0.3127 -0.9063
vn -0.5425 0.8240 0.1636
vn 0.6729 0.7384 -0.0437
vn 0.2928 0.6835 0.6687
vn -0.4641 0.0984 0.8803
vn -0.8634 -0.2612 -0.4317
vn -0.4850 -0.4116 0.7716
vn 0.1343 0.2853 -0.9490
vn 0.1358 0.1060 -0.9851
vn -0.5999 0.2726 -0.7522
vn 0.1823 0.3489 -0.9192
vn -0.1411 0.6857 -0.7140
vn -0.7758 0.5924 -0.2172
vn -0.2674 0.8651 -0.4244
vn 0.2026 0.5827 -0.7870
vn -0.2896 -0.0283 -0.9567
vn 0.0989 -0.6951 -0.7121
vn 0.3808 -0.0089 -0.9246
vn -0.8572 -0.4262 -0.2892
vn 0.0809 -0.5147 -0.8536
vn -0.3271 -0.4987 0.8027
vn -0.6446 -0.6516 0.3999
vn -0.1135 -0.4520 0.8848
vn 0.2519 -0.1581 0.9548
vn 0.1796 -0.1025 0.9784
vn 0.4996 0.3409 0.7964
vn 0.5381 0.1813 0.8232
vn -0.5357 -0.2820 0.7959
vn 0.6287 0.2091 0.7490
vn 0.3438 0.3628 0.8661
vn 0.6369 0.4812 0.6023
vn 0.2369 0.2343 0.9428
vn 0.4794 0.5653 -0.6713
vn 0.5980 0.6385 -0.4845
vn 0.7511 0.6587 -0.0441
vn 0.7661 0.5697 0.2975
vn 0.8176 0.5714 0.0706
vn 0.5096 0.4525 -0.7318
vn 0.3355 0.4331 -0.8366
vn -0.0919 0.1150 -0.9891
vn -0.2022 0.2066 -0.9573
vn -0.6861 -0.3791 -0.6210
vn -0.8653 -0.4885 0.1119
vn 0.7541 0.6565 0.0200
vn 0.5463 0.5661 0.6174
vn 0.7357 0.6720 -0.0844
vn 0.3923 0.5123 -0.7639
vn 0.6005 0.7638 0.2369
vn -0.6958 -0.3995 0.5969
vn -0.6494 -0.5876 -0.4827
vn -0.8965 -0.4404 -0.0493
vn -0.6907 -0.3316 0.6426
vn -0.0527 0.1064 0.9929
vn -0.1434 0.1831 0.9726
vn 0.3633 0.4660 0.8068
vn 0.5262 0.5401 0.6569
vn 0.6478 0.6062 0.4613
vn 0.7291 0.5003 -0.4671
vn 0.7971 0.5972 0.0896
vn 0.8359 0.5342 -0.1266
vn 0.5171 0.5924 -0.6177
vn 0.2466 0.2139 -0.9452
vn 0.1150 0.1746 -0.9779
vn 0.0464 -0.0296 -0.9985
vn -0.5820 -0.2616 -0.7699
vn -0.3779 -0.2377 -0.8948
vn 0.4997 0.5490 0.6700
vn 0.5454 0.2116 -0.8110
vn -0.3229 -0.4150 -0.8506
vn 0.8274 0.5548 -0.0877
vn 0.5058 0.1934 -0.8407
vn 0.2110 -0.8382 -0.5028
vn 0.2487 -0.9685 -0.0112
vn 0.2130 -0.8947 -0.3925
vn 0.4004 -0.8676 -0.2947
vn 0.4206 -0.9069 -0.0245
vn -0.5330 -0.8276 -0.1759
vn 0.0814 -0.8995 -0.4294
vn -0.6348 -0.7684 0.0808
vn -0.8025 -0.4280 -0.4156
vn 0.1108 -0.5659 -0.8170
vn 0.0505 -0.8686 -0.4930
vn -0.3956 -0.6126 -0.6843
vn -0.6919 -0.4979 0.5228
vn -0.1133 -0.9898 0.0868
vn -0.0108 -0.9222 0.3866
vn -0.5184 -0.1486 0.8421
vn -0.0720 -0.7511 0.6563
vn -0.2402 -0.6332 0.7358
vn 0.3450 -0.7481 0.5669
vn 0.2355 -0.8941 -0.3810
vn -0.6929 -0.5854 -0.4209
vn -0.0814 -0.7636 -0.6406
vn -0.1408 -0.1490 -0.9788
vn 0.3971 -0.1633 -0.9031
vn 0.2524 -0.1733 -0.9520
vn 0.1024 -0.7123 -0.6944
vn -0.0187 -0.9564 -0.2914
vn 0.3622 -0.5113 -0.7794
vn 0.2401 -0.8597 0.4509
vn -0.6207 -0.7795 -0.0841
vn 0.1460 -0.9059 0.3974
vn 0.2432 -0.8937 0.3770
vn -0.7652 -0.4230 0.4852
vn 0.1377 -0.6119 0.7789
vn -0.6032 -0.5671 0.5609
vn -0.0277 -0.7983 0.6016
vn -0.0077 -0.9712 0.2380
vn -0.5917 -0.7827 -0.1933
vn -0.9847 -0.1489 -0.0908
vn -0.3929 -0.2127 0.8947
vn 0.0469 -0.1810 0.9824
vn 0.1498 -0.7590 0.6337
vn 0.3763 -0.5257 0.7629
vn -0.3506 0.2127 -0.9121
vn -0.3532 -0.6581 0.6650
vn -0.6157 0.3259 0.7174
vn -0.7619 0.5994 -0.2455
vn 0.1902 0.2006 0.9610
vn 0.5241 0.0069 0.8516
vn -0.7687 -0.3189 -0.5544
vn -0.8332 0.0769 0.5476
vn -0.8516 0.2619 -0.4541
vn -0.6688 -0.6376 -0.3822
vn 0.0697 -0.4931 -0.8672
vn 0.0495 0.3017 -0.9521
vn -0.5814 -0.7626 0.2835
vn -0.1983 0.8154 0.5439
vn 0.1895 0.8918 0.4109
vn -0.5795 0.7328 0.3567
vn 0.1910 0.8646 0.4648
vn -0.4243 -0.1096 0.8989
vn -0.9874 -0.1583 -0.0046
vn -0.0404 -0.1572 0.9867
vn 0.4509 0.4282 0.7831
vn 0.2544 -0.2561 0.9326
vn 0.2853 -0.0637 0.9563
vn 0.1514 -0.1728 0.9732
vn -0.0274 0.6126 0.7899
vn 0.3787 0.4923 0.7837
vn 0.0675 0.1600 0.9848
vn -0.0640 0.2795 0.9580
vn 0.6073 0.2728 0.7462
vn 0.1437 0.3589 0.9223
vn -0.1553 0.5686 0.8078
vn -0.2427 0.8614 0.4462
vn 0.2608 0.5762 0.7746
vn -0.1960 -0.0619 0.9786
vn 0.4276 -0.0177 0.9038
vn 0.1420 0.9014 -0.4090
vn -0.2690 0.5911 -0.7604
vn -0.1564 0.6144 -0.7734
vn 0.5297 0.2594 -0.8075
vn 0.1289 0.1877 -0.9737
vn -0.1763 0.2243 -0.9584
vn 0.2165 0.9070 -0.3613
vn 0.3697 0.4194 -0.8291
vn -0.3020 0.8184 -0.4890
vn 0.4623 0.0084 -0.8867
vn 0.3486 -0.0206 -0.9370
vn 0.3416 -0.4342 -0.8335
vn 0.3663 -0.4581 -0.8099
vn 0.2879 0.3691 -0.8837
vn 0.4034 -0.3440 -0.8479
vn 0.4146 -0.2903 -0.8625
vn 0.5100 -0.2485 -0.8235
vn 0.4671 -0.2787 -0.8391
vn 0.4980 -0.0056 -0.8671
vn 0.4504 -0.0749 -0.8897
vn 0.4603 -0.0109 -0.8877
vn 0.6456 -0.0170 -0.7635
vn 0.4211 -0.3703 -0.8280
vn 0.5202 -0.4039 -0.7525
vn 0.8223 -0.4921 -0.2857
vn 0.9273 0.3577 -0.1102
vn 0.6631 0.3697 -0.6508
vn 0.6597 0.1731 0.7313
vn 0.5383 0.4362 0.7211
vn -0.0093 -0.2464 0.9691
vn -0.0307 0.0228 0.9993
vn -0.8981 -0.4220 0.1238
vn -0.7847 -0.1001 -0.6117
vn -0.6951 0.0976 -0.7123
vn -0.7133 0.6375 -0.2911
vn -0.7016 -0.3989 0.5904
vn -0.6956 0.7137 -0.0817
vn -0.3813 0.8739 -0.3016
vn 0.6747 0.1888 0.7136
vn -0.1468 -0.1510 0.9776
vn -0.8965 -0.4426 0.0197
vn -0.6541 -0.4058 0.6384
vn -0.5438 -0.6589 0.5197
vn 0.8301 0.0845 -0.5512
vn 0.7353 0.4619 -0.4960
vn -0.7015 -0.4092 -0.5834
vn -0.8959 -0.4413 0.0516
vn -0.5480 -0.6501 -0.5264
vn -0.0826 -0.2191 -0.9722
vn -0.0782 -0.0975 -0.9922
vn 0.4699 0.3830 -0.7953
vn -0.7393 -0.1417 0.6583
vn 0.6176 0.1248 -0.7765
vn 0.8649 0.4977 -0.0655
vn -0.8503 -0.5192 -0.0859
vn -0.6433 0.1034 0.7586
vn -0.7066 -0.4515 -0.5449
vn -0.5049 -0.6174 0.6033
vn -0.7949 0.1284 0.5930
vn -0.8910 0.4524 -0.0384
vn -0.7656 -0.5954 -0.2436
vn -0.5847 0.1395 -0.7991
vn 0.3553 0.3565 0.8641
vn 0.3305 0.2715 0.9039
vn 0.4738 -0.3471 0.8094
vn 0.4673 -0.1579 0.8699
vn 0.5599 -0.0104 0.8285
vn 0.6686 0.4962 0.5538
vn 0.5466 -0.1459 0.8246
vn 0.3739 -0.4361 0.8185
vn 0.5699 -0.2339 0.7877
vn 0.4996 -0.2508 0.8291
vn 0.4865 -0.2583 0.8346
vn 0.5188 -0.5095 0.6865
vn 0.7126 0.3529 0.6064
vn 0.7051 -0.0711 0.7055
vn 0.7161 -0.5040 0.4829
vn 0.0518 0.1385 0.9890
vn -0.4470 -0.4629 0.7654
vn 0.6843 0.5877 0.4317
vn 0.6258 0.6352 0.4526
vn 0.9080 0.4089 -0.0908
vn 0.8628 -0.4540 0.2225
vn 0.5482 -0.4382 0.7123
vn 0.4295 -0.4253 0.7967
vn 0.4021 -0.4805 0.7794
vn 0.4931 -0.1303 0.8602
vn 0.4508 0.0160 0.8925
vn 0.3224 -0.6129 0.7213
vn 0.2265 -0.8654 0.4470
vn 0.2092 -0.9251 -0.3168
vn 0.7505 -0.3630 -0.5522
vn 0.2850 0.0471 0.9574
vn 0.4806 0.0139 0.8768
vn 0.1475 -0.5007 0.8529
vn 0.1240 -0.7032 0.7001
vn -0.8442 0.4333 0.3155
vn -0.4759 -0.1346 0.8692
vn -0.8226 -0.5311 0.2029
vn 0.5215 0.5306 0.6682
vn 0.0191 0.3732 0.9276
vn -0.0276 0.3060 0.9516
vn 0.8803 0.4002 -0.2546
vn 0.6479 0.4534 0.6121
vn 0.8423 0.0011 0.5391
vn 0.9055 0.0715 0.4182
vn 0.5274 0.8277 0.1916
vn 0.5351 0.1826 0.8248
vn 0.6078 -0.4295 0.6679
vn 0.9538 0.0061 0.3003
vn 0.0242 0.2587 0.9657
vn -0.0695 0.2981 -0.9520
vn 0.4252 0.5870 -0.6889
vn 0.4807 0.5426 -0.6889
vn 0.7265 0.6844 0.0612
vn -0.1650 0.9825 0.0862
vn 0.5280 0.8222 -0.2127
vn 0.6253 0.1755 -0.7604
vn 0.8639 0.4985 -0.0721
vn -0.0148 0.4255 -0.9048
vn 0.8775 0.4677 0.1065
vn 0.4721 0.8162 -0.3330
vn 0.9101 -0.1485 -0.3869
vn 0.2282 0.3531 -0.9073
vn 0.2283 0.3531 -0.9073
vn 0.4812 0.1956 -0.8545
vn 0.0781 0.8852 -0.4587
vn 0.2533 0.9208 -0.2966
vn 0.5613 0.8213 0.1024
vn -0.7008 -0.5539 0.4496
vn -0.9129 0.4025 0.0677
vn -0.7231 -0.3360 -0.6036
vn 0.1365 -0.9603 -0.2431
vn -0.0493 -0.7190 -0.6932
vn -0.6108 -0.0878 -0.7869
vn -0.7800 0.2448 -0.5760
vn -0.2417 0.0787 0.9672
vn -0.7222 0.4478 0.5273
vn -0.6331 -0.6714 -0.3853
vn 0.0720 -0.5376 -0.8401
vn 0.2001 0.9797 0.0157
vn 0.3050 -0.1619 0.9385
vn 0.2648 -0.5746 0.7744
vn 0.5742 -0.3657 0.7325
vn 0.3407 -0.9399 0.0212
vn 0.3444 -0.9386 0.0202
vn 0.4427 -0.5961 -0.6699
vn 0.5642 -0.5089 -0.6501
vn 0.6084 -0.4311 -0.6663
vn 0.3751 -0.9268 -0.0187
vn 0.2821 -0.9593 -0.0111
vn -0.0487 0.1222 -0.9913
vn 0.0733 -0.6098 -0.7891
vn 0.9580 -0.2647 -0.1103
vn 0.6829 -0.6995 -0.2105
vn 0.5476 -0.5929 0.5904
vn 0.6538 -0.4604 0.6005
vn 0.2875 -0.9576 0.0169
vn 0.3452 -0.5906 0.7294
vn 0.7035 -0.6675 0.2441
vn 0.3903 -0.8411 0.3744
vn -0.6269 -0.6066 0.4889
vn -0.4085 -0.7716 0.4876
vn 0.3179 -0.4435 0.8380
vn -0.1523 -0.1713 0.9734
vn -0.5356 -0.7909 0.2959
vn -0.9400 -0.0353 0.3393
vn -0.9880 -0.0855 0.1290
vn 0.4349 -0.8678 0.2402
vn -0.3957 -0.9087 -0.1329
vn 0.3951 -0.9155 -0.0764
vn -0.6944 0.0030 0.7196
vn -0.9972 0.0662 0.0339
vn -0.7474 -0.6632 0.0381
vn -0.5653 -0.5475 -0.6170
vn -0.0196 0.0176 0.9997
vn 0.4387 0.4056 0.8019
vn 0.6365 0.0130 0.7711
vn 0.8849 0.0946 0.4560
vn 0.2989 0.5408 0.7862
vn 0.2509 -0.7792 0.5743
vn -0.2230 -0.0047 -0.9748
vn 0.6715 -0.1235 -0.7307
vn 0.5863 -0.0325 -0.8095
vn 0.9629 -0.2473 0.1083
vn 0.9985 -0.0498 -0.0240
vn 0.3972 0.3139 -0.8624
vn -0.0011 -0.0087 1.0000
vn -0.8181 0.0190 -0.5748
vn 0.7506 0.6608 -0.0054
vn -0.4755 -0.5987 0.6445
vn -0.7161 -0.6979 -0.0074
vn -0.7693 0.0051 0.6388
vn -0.9989 0.0410 0.0218
vn -0.1531 0.0021 0.9882
vn -0.7484 -0.0035 -0.6632
vn -0.0707 -0.0056 -0.9975
vn 0.5747 -0.0394 -0.8174
vn 0.9945 -0.0675 -0.0804
vn -0.5512 -0.4905 -0.6750
vn 0.7446 0.6670 -0.0261
vn 0.4408 0.3520 -0.8257
vn -0.0560 0.0255 -0.9981
vn -0.5346 -0.5298 0.6584
vn -0.0334 -0.1364 0.9901
vn 0.6591 -0.0204 0.7518
vn -0.6065 -0.6682 -0.4308
vn 0.0142 -0.9936 -0.1122
vn 0.3178 -0.8206 -0.4751
vn -0.3133 -0.6040 -0.7328
vn -0.5418 -0.7196 0.4342
vn 0.2040 -0.0555 -0.9774
vn 0.2082 -0.1422 -0.9677
vn 0.9342 0.0840 -0.3467
vn 0.6982 0.5531 -0.4546
vn 0.1549 -0.8302 -0.5355
vn -0.1099 -0.1031 -0.9886
vn 0.7745 -0.0519 -0.6304
vn 0.4198 0.7229 -0.5487
vn 0.4642 0.3192 0.8262
vn 0.1830 0.9295 0.3204
vn 0.2910 -0.8510 0.4371
vn 0.8171 -0.0194 0.5762
vn 0.4375 0.8981 -0.0446
vn 0.7965 0.1360 -0.5892
vn 0.3535 0.6045 0.7139
vn 0.2062 -0.6450 -0.7359
vn 0.2402 -0.0762 0.9677
vn 0.5717 0.5595 0.6001
vn 0.0216 0.5428 0.8396
vn 0.7441 0.5390 0.3947
vn 0.0151 0.0397 0.9991
vn 0.0934 0.4866 0.8686
vn 0.3049 0.1769 0.9358
vn -0.8781 0.2820 0.3865
vn -0.1625 0.9476 0.2751
vn -0.7565 -0.4377 0.4860
vn -0.5892 -0.3905 0.7074
vn 0.1387 0.5241 0.8403
vn 0.5188 0.6532 0.5515
vn -0.7273 -0.0590 0.6838
vn -0.7178 -0.5343 0.4465
vn -0.8621 0.3681 0.3481
vn -0.1155 -0.3180 0.9410
vn -0.2126 0.4581 0.8631
vn 0.2000 0.2298 0.9525
vn 0.2572 -0.4885 0.8338
vn 0.6068 -0.1405 0.7823
vn 0.5762 0.3396 0.7434
vn 0.1924 0.8336 0.5178
vn -0.5270 0.8200 0.2231
vn 0.3549 0.8641 0.3568
vn 0.4238 0.3445 0.8377
vn -0.3978 -0.7629 0.5097
vn 0.2416 -0.8964 0.3716
vn 0.4379 -0.1705 -0.8827
vn 0.5846 0.5898 -0.5572
vn 0.4452 0.7015 -0.5565
vn 0.4607 -0.0913 -0.8829
vn 0.0409 0.6218 -0.7821
vn -0.0010 0.5093 -0.8606
vn -0.7081 0.0027 -0.7061
vn 0.2437 0.1929 -0.9505
vn -0.6389 -0.6395 -0.4276
vn -0.4440 -0.7947 -0.4140
vn -0.2143 -0.5075 -0.8346
vn 0.1787 -0.8887 -0.4223
vn 0.5774 -0.4081 -0.7072
vn 0.3023 0.0738 -0.9504
vn 0.0069 0.3609 -0.9326
vn -0.1802 -0.0437 -0.9827
vn -0.4493 0.8864 -0.1110
vn -0.1253 0.9895 -0.0726
vn -0.6496 0.6915 -0.3160
vn 0.1734 0.7011 -0.6917
vn -0.6453 0.2565 -0.7196
vn -0.8987 0.3451 -0.2707
vn -0.9962 -0.0854 0.0175
vn -0.8717 -0.4250 -0.2440
vn -0.8318 -0.5103 -0.2184
vn -0.5231 -0.1703 -0.8351
vn 0.4660 -0.4548 -0.7590
vn 0.1569 0.1412 -0.9775
vn 0.6763 0.6013 -0.4255
vn 0.6413 0.7533 -0.1461
vn 0.3898 -0.5232 -0.7579
vn 0.2172 -0.8360 -0.5039
vn -0.7527 0.5065 -0.4206
vn -0.3545 -0.7150 -0.6026
vn -0.4585 -0.5052 -0.7311
vn -0.6819 -0.5019 -0.5321
vn -0.9920 -0.0933 -0.0852
vn -0.2012 -0.3665 -0.9084
vn 0.0099 -0.9943 0.1065
vn 0.7950 -0.5618 -0.2288
vn 0.4380 -0.7624 -0.4764
vn -0.1927 -0.9513 -0.2406
vn -0.8579 -0.3358 -0.3890
vn -0.0429 -0.9201 0.3893
vn -0.3333 -0.9290 0.1612
vn -0.2567 -0.6680 0.6984
vn -0.2991 -0.9282 0.2212
vn 0.6137 -0.7794 0.1257
vn 0.5462 -0.8376 -0.0120
vn 0.6692 -0.5019 -0.5479
vn 0.6056 -0.7668 -0.2128
vn -0.1660 -0.8814 -0.4423
vn -0.1758 -0.7874 -0.5908
vn 0.9540 0.2994 -0.0157
vn 0.9585 -0.2837 -0.0276
vn 0.8895 -0.1581 -0.4286
vn 0.8341 0.3079 -0.4578
vn 0.5061 0.8613 -0.0438
vn 0.2234 0.8976 -0.3800
vn 0.3663 0.8820 -0.2965
vn 0.6322 -0.6490 -0.4232
vn 0.5967 -0.8021 -0.0261
vn 0.1818 -0.9403 -0.2877
vn -0.3007 0.0979 0.9487
vn 0.8998 -0.1934 0.3911
vn 0.8644 0.3407 0.3698
vn 0.8080 0.3167 0.4967
vn 0.2729 0.8703 0.4101
vn 0.7816 -0.4124 0.4679
vn 0.6005 -0.7117 0.3645
vn 0.1952 -0.9462 0.2580
vn 0.0578 -0.9983 -0.0104
vn -0.2012 -0.9545 -0.2200
vn -0.2833 -0.9590 0.0030
vn -0.0913 -0.9199 0.3814
vn 0.2313 -0.9379 0.2586
vn -0.1314 -0.9247 -0.3574
vn -0.1249 -0.9616 0.2443
vn -0.8540 0.4990 -0.1471
vn 0.4276 0.1479 -0.8918
vn 0.3606 0.9327 -0.0053
vn 0.4439 0.8374 -0.3189
vn 0.5665 0.8239 -0.0148
vn 0.6936 0.6437 -0.3233
vn 0.3865 0.0301 -0.9218
vn 0.4105 0.2286 -0.8828
vn 0.4753 0.1943 -0.8581
vn 0.7271 0.5714 -0.3805
vn 0.1911 0.4828 -0.8546
vn 0.5121 0.8548 0.0839
vn 0.5015 0.8327 -0.2346
vn 0.8045 0.5896 -0.0719
vn 0.5918 0.0183 -0.8059
vn 0.8598 -0.2210 -0.4604
vn -0.0763 -0.5326 0.8429
vn 0.7914 -0.5972 0.1301
vn 0.6414 -0.7378 0.2105
vn -0.0431 -0.9699 -0.2398
vn -0.3301 -0.6595 -0.6754
vn 0.4246 -0.8601 -0.2825
vn -0.5145 -0.1276 0.8480
vn -0.8932 0.4439 0.0726
vn 0.0561 0.9503 -0.3064
vn -0.2212 0.5995 -0.7692
vn -0.4392 0.8910 0.1152
vn 0.1904 0.9532 0.2347
vn 0.6680 0.7297 -0.1459
vn 0.4025 0.7205 -0.5647
vn 0.8391 -0.0138 -0.5438
vn 0.7607 0.6491 0.0012
vn 0.5300 0.6361 -0.5608
vn 0.2725 0.2344 -0.9331
vn 0.3479 0.5610 -0.7511
vn 0.4510 0.6723 -0.5870
vn -0.4588 0.6438 0.6124
vn 0.3393 0.3537 0.8716
vn 0.5520 0.7578 0.3479
vn 0.6102 -0.0091 0.7922
vn 0.9504 -0.0050 0.3109
vn 0.6860 0.5211 0.5078
vn 0.2862 0.5464 0.7871
vn 0.4435 0.7132 0.5428
vn 0.6296 0.5787 0.5183
vn 0.2146 -0.8088 0.5475
vn 0.4735 0.6702 0.5715
vn 0.7585 0.4955 0.4233
vn 0.6507 0.6055 0.4582
vn 0.4611 -0.8855 -0.0574
vn 0.8731 0.4702 0.1289
vn -0.0482 -0.7142 -0.6983
vn -0.1185 -0.6196 0.7759
vn 0.3160 0.6987 -0.6418
vn 0.6778 0.3451 0.6492
vn 0.5720 0.4865 -0.6604
vn 0.6861 -0.0903 0.7219
vn 0.6878 -0.6709 -0.2772
vn 0.6889 -0.5885 0.4232
vn -0.6300 -0.7590 -0.1643
vn -0.4840 -0.6190 0.6185
vn -0.5659 -0.3328 0.7543
vn -0.5730 -0.2613 -0.7768
vn 0.3156 0.9331 -0.1727
vn 0.7064 0.6947 0.1358
vn 0.8105 0.5850 -0.0311
vn 0.6350 0.7164 -0.2890
vn 0.9507 0.1921 -0.2435
vn 0.5803 0.0834 -0.8101
vn 0.9999 -0.0122 -0.0021
vn 0.9341 0.3461 -0.0878
vn 0.5291 -0.8386 0.1300
vn 0.6562 0.4855 -0.5776
vn 0.7339 -0.6750 -0.0756
vn 0.8686 -0.4806 -0.1209
vn 0.9298 -0.3509 -0.1111
vn 0.9886 -0.1400 0.0551
vn 0.6575 0.7112 -0.2489
vn 0.9681 0.0593 -0.2435
vn 0.8806 0.2183 0.4205
vn 0.5851 0.0372 0.8101
vn 0.5263 0.1357 0.8394
vn 0.4885 0.1221 0.8640
vn 0.5868 0.7925 0.1658
vn 0.5801 0.8101 -0.0851
vn 0.8843 -0.1045 0.4551
vn 0.4553 0.1059 0.8840
vn 0.1764 -0.3611 0.9157
vn 0.1318 0.2506 0.9591
vn 0.9542 0.1633 0.2507
vn 0.8419 0.3912 -0.3717
vn 0.8522 -0.1244 -0.5083
vn 0.9095 0.3924 0.1374
vn 0.9952 -0.0790 0.0574
vn 0.9997 -0.0113 0.0229
vn 0.9272 0.3310 0.1755
vn 0.9156 -0.3973 -0.0619
vn 0.8045 0.5211 0.2850
vn 0.6887 0.6937 0.2109
vn 0.9733 -0.2229 0.0547
vn 0.7354 -0.6768 0.0354
vn 0.7723 0.4978 0.3947
vn 0.2421 0.6088 0.7555
vn 0.4032 0.2927 0.8671
vn 0.5653 0.4510 0.6907
vn 0.1894 0.7643 0.6164
vn 0.5886 0.3666 0.7205
vn 0.6123 -0.7627 0.2082
vn 0.6816 0.4014 0.6118
vn 0.3495 0.0118 0.9369
vn 0.1683 -0.4758 0.8633
vn 0.0719 -0.2500 -0.9656
vn -0.3892 -0.2087 0.8972
vn -0.4875 -0.0380 0.8723
vn -0.0754 -0.5225 0.8493
vn 0.3726 0.8862 0.2754
vn 0.5730 0.7747 0.2672
vn 0.2534 0.0161 -0.9672
vn 0.3184 -0.5450 -0.7756
vn 0.1507 -0.5989 -0.7865
vn 0.1594 0.8139 -0.5587
vn 0.1165 0.7126 -0.6918
vn 0.0944 0.3775 -0.9212
vn 0.7564 0.5544 -0.3472
vn 0.2187 0.7171 -0.6617
vn 0.5118 -0.1420 -0.8473
vn 0.1046 0.4326 -0.8955
vn 0.2532 0.9364 0.2431
vn 0.6904 0.7233 0.0147
vn 0.3718 0.8806 -0.2936
vn 0.2989 -0.8308 -0.4695
vn 0.7725 0.4383 0.4594
vn -0.2957 -0.5601 -0.7739
vn 0.7184 -0.1308 -0.6832
vn -0.5355 -0.3819 -0.7533
vn -0.1944 -0.9698 0.1471
vn -0.3767 -0.6313 -0.6778
vn -0.8224 -0.4303 -0.3722
vn 0.5450 -0.6063 -0.5791
vn 0.0328 -0.8918 -0.4513
vn 0.1762 -0.6464 0.7424
vn -0.2272 -0.9738 -0.0101
vn -0.4504 -0.8347 -0.3168
vn -0.4602 -0.7152 0.5260
vn 0.5343 -0.3495 0.7697
vn -0.0007 -0.8781 -0.4785
vn 0.4224 -0.8577 0.2932
vn 0.5378 -0.6671 0.5155
vn 0.5771 0.4249 0.6974
vn 0.3549 -0.9348 0.0167
vn 0.5758 -0.8174 -0.0175
vn 0.8217 -0.5472 0.1593
vn 0.7507 0.3363 0.5686
vn 0.2117 0.9769 -0.0297
vn 0.9267 0.3622 -0.0998
vn 0.2423 0.9701 -0.0111
vn 0.8937 0.3491 0.2819
vn 0.2379 0.8723 0.4273
vn 0.1507 0.9070 -0.3934
vn 0.5633 0.5222 -0.6403
vn 0.5348 0.4477 -0.7166
vn 0.4096 -0.4889 -0.7702
vn 0.4246 -0.6040 -0.6745
vn 0.4214 -0.8443 -0.3309
vn 0.4192 -0.8955 -0.1496
vn 0.5354 -0.6740 -0.5090
vn 0.3319 0.8317 -0.4451
vn -0.0417 0.8900 -0.4541
vn 0.7555 0.6038 0.2541
vn 0.5682 0.7134 0.4102
vn 0.2752 0.7095 0.6488
vn 0.0239 0.8562 0.5161
vn -0.0926 0.9887 0.1178
vn 0.9995 0.0203 -0.0252
vn 0.6316 0.7722 -0.0694
vn 0.7958 -0.0483 0.6036
vn 0.9148 -0.4030 0.0278
vn 0.3828 0.7293 0.5671
vn -0.0281 0.7520 0.6586
vn 0.2008 0.4266 0.8819
vn 0.6770 -0.2777 0.6816
vn 0.7466 -0.3433 0.5698
vn 0.3884 0.1041 0.9156
vn 0.3330 -0.3462 0.8771
vn -0.4831 -0.0874 0.8712
vn -0.1502 0.9836 -0.0997
vn -0.0320 0.9977 0.0602
vn 0.7198 -0.2716 0.6388
vn -0.5139 0.8249 0.2354
vn -0.9780 -0.1816 0.1025
vn 0.3495 0.5065 0.7883
vn 0.5009 -0.1028 0.8594
vn 0.7615 -0.5970 -0.2526
vn 0.7794 0.3472 -0.5215
vn 0.6983 0.7083 -0.1032
vn -0.4639 0.8604 0.2109
vn 0.6380 0.3086 0.7055
vn 0.7447 0.2934 -0.5995
vn -0.6425 0.1015 -0.7595
vn -0.5377 0.8224 0.1861
vn 0.5019 0.5154 -0.6946
vn 0.5439 0.3354 0.7692
vn -0.4111 -0.5815 -0.7021
vn 0.4862 -0.5577 0.6727
vn -0.8087 -0.2442 0.5352
vn 0.0253 -0.8938 0.4478
vn -0.1721 -0.9849 -0.0170
vn 0.2339 -0.8781 0.4173
vn -0.2111 -0.9697 -0.1233
vn 0.1601 -0.8994 -0.4068
vn 0.3968 -0.5591 0.7280
vn 0.5404 -0.7394 0.4016
vn 0.3227 -0.8899 0.3223
vn 0.3332 -0.9427 0.0156
vn 0.6910 -0.6702 0.2709
vn 0.8026 -0.4576 0.3827
vn 0.6056 -0.7950 -0.0351
vn 0.8137 -0.5751 -0.0847
vn 0.6617 -0.4858 -0.5711
vn 0.4337 0.0460 -0.8999
vn 0.3949 -0.8141 -0.4257
vn 0.7981 -0.2922 0.5269
vn -0.9679 -0.2377 0.0811
vn 0.0424 -0.9915 -0.1233
vn 0.2436 -0.9519 -0.1857
vn 0.0210 0.7257 -0.6877
vn 0.5166 0.6566 -0.5496
vn 0.7939 -0.2868 -0.5361
vn 0.5572 0.0461 -0.8291
vn -0.0875 0.2759 -0.9572
vn 0.6723 -0.2493 -0.6970
vn 0.5510 -0.8267 0.1136
vn 0.6639 -0.6798 -0.3116
vn 0.7561 -0.4658 -0.4597
vn 0.4401 -0.8217 -0.3619
vn 0.4361 -0.8957 -0.0869
vn -0.6025 -0.7981 -0.0086
vt 0.776714 0.219051
vt 0.155375 0.457500
vt 0.147418 0.475973
vt 0.084410 0.376393
vt 0.267710 0.012979
vt 0.143599 0.013741
vt 0.743482 0.679986
vt 0.498572 0.145609
vt 0.332933 0.073978
vt 0.161062 0.416829
vt 0.873116 0.275056
vt 0.086103 0.334670
vt 0.117851 0.424665
vt 0.060057 0.255139
vt 0.140769 0.522282
vt 0.123645 0.395457
vt 0.071979 0.229516
vt 0.165628 0.705058
vt 0.384925 0.083860
vt 0.363666 0.257348
vt 0.160252 0.390794
vt 0.097174 0.216875
vt 0.774672 0.249816
vt 0.856378 0.262137
vt 0.162171 0.441169
vt 0.174023 0.383968
vt 0.585640 0.258179
vt 0.112174 0.213382
vt 0.944144 0.892403
vt 0.604307 0.334522
vt 0.206138 0.180764
vt 0.140790 0.490228
vt 0.129314 0.500784
vt 0.080071 0.404289
vt 0.950820 0.719711
vt 0.564430 0.309815
vt 0.226316 0.190650
vt 0.904281 0.295009
vt 0.300376 0.398016
vt 0.235175 0.941156
vt 0.453062 0.169985
vt 0.223097 0.970320
vt 0.562527 0.288964
vt 0.900567 0.286935
vt 0.266138 0.039944
vt 0.748238 0.097155
vt 0.808830 0.116788
vt 0.778408 0.950507
vt 0.770303 0.036162
vt 0.767985 0.036142
vt 0.726046 0.078266
vt 0.720374 0.075974
vt 0.118976 0.682950
vt 0.418035 0.178216
vt 0.951999 0.814421
vt 0.220154 0.107001
vt 0.266612 0.970844
vt 0.778591 0.025883
vt 0.728744 0.096043
vt 0.726836 0.080257
vt 0.274239 0.184795
vt 0.282052 0.389332
vt 0.831921 0.263688
vt 0.907998 0.525406
vt 0.133215 0.479440
vt 0.066502 0.391836
vt 0.145727 0.037142
vt 0.767461 0.109927
vt 0.761985 0.023960
vt 0.690663 0.058999
vt 0.085871 0.272424
vt 0.778727 0.977748
vt 0.757803 0.028398
vt 0.703959 0.065261
vt 0.275467 0.040057
vt 0.800473 0.115262
vt 0.140792 0.034641
vt 0.775989 0.108815
vt 0.797880 0.271802
vt 0.771047 0.266098
vt 0.947203 0.533190
vt 0.973334 0.989482
vt 0.768696 0.012090
vt 0.720904 0.106547
vt 0.687147 0.048782
vt 0.127310 0.640561
vt 0.828041 0.695700
vt 0.307437 0.217963
vt 0.142545 0.436416
vt 0.063328 0.347985
vt 0.279920 0.031602
vt 0.136152 0.029501
vt 0.783677 0.118067
vt 0.145780 0.652237
vt 0.321266 0.218342
vt 0.337554 0.138742
vt 0.171698 0.889157
vt 0.201171 0.199987
vt 0.128436 0.269095
vt 0.529926 0.251705
vt 0.260712 0.032302
vt 0.149587 0.033739
vt 0.759216 0.107671
vt 0.094971 0.444092
vt 0.126298 0.522569
vt 0.979512 0.729050
vt 0.784180 0.976530
vt 0.695556 0.079545
vt 0.767387 0.264228
vt 0.097384 0.650569
vt 0.985979 0.960465
vt 0.707371 0.095278
vt 0.137355 0.457235
vt 0.061944 0.376890
vt 0.381013 0.125909
vt 0.360776 0.215797
vt 0.954346 0.823975
vt 0.234635 0.143225
vt 0.874081 0.282266
vt 0.062872 0.323244
vt 0.882108 0.483496
vt 0.853516 0.280518
vt 0.860646 0.280534
vt 0.899751 0.498087
vt 0.811354 0.274108
vt 0.931383 0.521833
vt 0.738391 0.063178
vt 0.813210 0.082186
vt 0.076788 0.621928
vt 0.754556 0.068063
vt 0.708079 0.121734
vt 0.648323 0.058293
vt 0.381600 0.235358
vt 0.101690 0.456687
vt 0.981918 0.737048
vt 0.848227 0.064993
vt 0.023576 0.977205
vt 0.764720 0.075310
vt 0.899168 0.019092
vt 0.842422 0.042411
vt 0.810503 0.088757
vt 0.902903 0.018670
vt 0.989755 0.761855
vt 0.697412 0.089665
vt 0.278634 0.145728
vt 0.243397 0.370681
vt 0.905139 0.027901
vt 0.847907 0.046454
vt 0.985597 0.750333
vt 0.026594 0.963830
vt 0.904423 0.014825
vt 0.987801 0.767061
vt 0.910625 0.022889
vt 0.985232 0.755955
vt 0.298340 0.120117
vt 0.271990 0.909610
vt 0.270580 0.109906
vt 0.749077 0.370620
vt 0.847861 0.101832
vt 0.534731 0.263410
vt 0.901136 0.013079
vt 0.834987 0.043409
vt 0.988722 0.770025
vt 0.254249 0.686635
vt 0.650442 0.074013
vt 0.391028 0.217166
vt 0.835887 0.058329
vt 0.276969 0.699917
vt 0.507225 0.265231
vt 0.854947 0.327528
vt 0.502010 0.262654
vt 0.854617 0.301093
vt 0.372252 0.137457
vt 0.370838 0.194152
vt 0.152552 0.680352
vt 0.338148 0.214034
vt 0.505725 0.261016
vt 0.845946 0.317193
vt 0.774849 0.078465
vt 0.504792 0.267342
vt 0.859326 0.293861
vt 0.793378 0.089601
vt 0.695978 0.124435
vt 0.662255 0.048909
vt 0.852918 0.276739
vt 0.907228 0.501494
vt 0.105947 0.631985
vt 0.475513 0.936630
vt 0.467798 0.931319
vt 0.968437 0.934766
vt 0.463201 0.985545
vt 0.482999 0.942357
vt 0.047768 0.403253
vt 0.945019 0.751181
vt 0.112499 0.462763
vt 0.838405 0.075605
vt 0.286274 0.699977
vt 0.106517 0.267258
vt 0.466108 0.988729
vt 0.476279 0.951768
vt 0.812893 0.077413
vt 0.077086 0.624685
vt 0.747845 0.046220
vt 0.069270 0.635374
vt 0.467101 0.986535
vt 0.473001 0.956788
vt 0.465693 0.983558
vt 0.672234 0.077991
vt 0.688789 0.119363
vt 0.400128 0.176693
vt 0.249307 0.224107
vt 0.403905 0.172227
vt 0.239142 0.225774
vt 0.538728 0.286376
vt 0.528228 0.279258
vt 0.892192 0.303791
vt 0.965462 0.942252
vt 0.461898 0.976547
vt 0.398444 0.172729
vt 0.688564 0.126032
vt 0.654103 0.050335
vt 0.376984 0.239927
vt 0.807034 0.077205
vt 0.470598 0.984263
vt 0.468935 0.958461
vt 0.869879 0.672255
vt 0.535028 0.277315
vt 0.755257 0.043808
vt 0.056662 0.632380
vt 0.235493 0.894064
vt 0.869238 0.082545
vt 0.637642 0.067095
vt 0.393066 0.234600
vt 0.978259 0.746591
vt 0.036786 0.971853
vt 0.773419 0.048903
vt 0.046201 0.621733
vt 0.819536 0.065824
vt 0.080702 0.634824
vt 0.815349 0.521259
vt 0.871497 0.335456
vt 0.361402 0.137396
vt 0.379998 0.194848
vt 0.235199 0.207436
vt 0.683649 0.121927
vt 0.978472 0.761848
vt 0.321338 0.095693
vt 0.324413 0.106117
vt 0.195749 0.893885
vt 0.949997 0.951748
vt 0.470620 0.975442
vt 0.871518 0.709195
vt 0.784902 0.079937
vt 0.956246 0.953229
vt 0.466465 0.972163
vt 0.797329 0.075622
vt 0.681498 0.111669
vt 0.875776 0.321340
vt 0.098495 0.633682
vt 0.969490 0.959221
vt 0.478623 0.938994
vt 0.481117 0.940999
vt 0.959696 0.967884
vt 0.805586 0.063090
vt 0.678320 0.100822
vt 0.674230 0.137533
vt 0.388613 0.244441
vt 0.761812 0.872178
vt 0.648478 0.087515
vt 0.398572 0.207993
vt 0.034781 0.394328
vt 0.635728 0.074441
vt 0.400423 0.222374
vt 0.664878 0.092805
vt 0.966366 0.753459
vt 0.361841 0.189081
vt 0.350606 0.146832
vt 0.215708 0.206301
vt 0.779424 0.051692
vt 0.194854 0.247506
vt 0.376628 0.171332
vt 0.116152 0.627133
vt 0.463767 0.928811
vt 0.840986 0.685881
vt 0.981911 0.770756
vt 0.270028 0.725319
vt 0.788913 0.073371
vt 0.785317 0.063636
vt 0.402034 0.159510
vt 0.194205 0.205427
vt 0.421072 0.247466
vt 0.844111 0.702162
vt 0.397320 0.164853
vt 0.208688 0.228854
vt 0.065741 0.658996
vt 0.673185 0.104445
vt 0.052763 0.655174
vt 0.662983 0.102214
vt 0.668211 0.121410
vt 0.462251 0.936140
vt 0.845731 0.688118
vt 0.659275 0.133444
vt 0.755329 0.883983
vt 0.312520 0.131178
vt 0.253595 0.342363
vt 0.785588 0.401361
vt 0.422985 0.233280
vt 0.476391 0.973223
vt 0.859865 0.703646
vt 0.813386 0.050385
vt 0.806556 0.512074
vt 0.170830 0.261752
vt 0.337130 0.170187
vt 0.953791 0.507126
vt 0.015976 0.526403
vt 0.521252 0.254070
vt 0.130434 0.292165
vt 0.844589 0.350905
vt 0.816605 0.498431
vt 0.652479 0.098570
vt 0.041945 0.353860
vt 0.973782 0.769942
vt 0.253820 0.726018
vt 0.078280 0.663500
vt 0.827903 0.508949
vt 0.099986 0.303315
vt 0.323026 0.725047
vt 0.316155 0.181797
vt 0.656924 0.112868
vt 0.897452 0.326069
vt 0.317361 0.375556
vt 0.957209 0.767811
vt 0.253239 0.744625
vt 0.051776 0.667341
vt 0.285380 0.721180
vt 0.005210 0.409612
vt 0.470603 0.057589
vt 0.773962 0.891741
vt 0.385538 0.165546
vt 0.190111 0.234412
vt 0.121031 0.458698
vt 0.072261 0.294230
vt 0.297470 0.721604
vt 0.784135 0.042760
vt 0.031241 0.627881
vt 0.785924 0.507286
vt 0.038444 0.649656
vt 0.918514 0.486065
vt 0.006121 0.406951
vt 0.472165 0.060564
vt 0.951302 0.988542
vt 0.958112 0.518788
vt 0.009049 0.410357
vt 0.474410 0.050671
vt 0.653204 0.125243
vt 0.005521 0.411951
vt 0.473831 0.055275
vt 0.066824 0.680170
vt 0.016123 0.399202
vt 0.434288 0.239460
vt 0.023299 0.400346
vt 0.650557 0.105229
vt 0.199509 0.860511
vt 0.467514 0.283155
vt 0.414299 0.258082
vt 0.780214 0.877541
vt 0.432579 0.255191
vt 0.808611 0.044684
vt 0.801027 0.506726
vt 0.107556 0.305073
vt 0.797012 0.045239
vt 0.302879 0.124979
vt 0.799963 0.380069
vt 0.474852 0.058598
vt 0.113469 0.303837
vt 0.084046 0.685222
vt 0.847745 0.490877
vt 0.110259 0.294863
vt 0.434113 0.221736
vt 0.837935 0.476608
vt 0.025950 0.644774
vt 0.787695 0.487515
vt 0.907652 0.452722
vt 0.017869 0.322859
vt 0.643339 0.104190
vt 0.411588 0.196031
vt 0.053601 0.684786
vt 0.110353 0.310464
vt 0.013950 0.561168
vt 0.988021 0.009719
vt 0.016847 0.559716
vt 0.137406 0.301363
vt 0.863921 0.366560
vt 0.147743 0.317122
vt 0.661296 0.414236
vt 0.194525 0.846553
vt 0.442553 0.266936
vt 0.650131 0.130009
vt 0.013760 0.541412
vt 0.022342 0.385982
vt 0.105417 0.310597
vt 0.338551 0.728830
vt 0.126716 0.305629
vt 0.129917 0.299658
vt 0.019718 0.561022
vt 0.990129 0.012503
vt 0.800753 0.904941
vt 0.987053 0.013456
vt 0.835115 0.127495
vt 0.065197 0.706660
vt 0.294029 0.353943
vt 0.803564 0.889374
vt 0.429204 0.278682
vt 0.797711 0.040394
vt 0.790581 0.504743
vt 0.310583 0.170906
vt 0.130921 0.316773
vt 0.668004 0.421781
vt 0.309017 0.174407
vt 0.803004 0.498104
vt 0.038712 0.670714
vt 0.901111 0.331198
vt 0.085535 0.707687
vt 0.322892 0.366663
vt 0.871447 0.474406
vt 0.034454 0.398911
vt 0.492027 0.030241
vt 0.020290 0.537684
vt 0.185052 0.838048
vt 0.833731 0.895003
vt 0.438691 0.286980
vt 0.010377 0.534321
vt 0.031705 0.387268
vt 0.448625 0.248488
vt 0.029106 0.378566
vt 0.144989 0.284519
vt 0.303736 0.168637
vt 0.473153 0.266246
vt 0.217500 0.856926
vt 0.260821 0.757059
vt 0.160449 0.265586
vt 0.327518 0.170397
vt 0.980745 0.025564
vt 0.835334 0.146373
vt 0.455571 0.233160
vt 0.642403 0.121555
vt 0.501474 0.050160
vt 0.116458 0.322847
vt 0.674984 0.428441
vt 0.352482 0.740491
vt 0.169263 0.854898
vt 0.184320 0.202997
vt 0.192347 0.201660
vt 0.861002 0.901154
vt 0.155787 0.276477
vt 0.318146 0.166473
vt 0.896556 0.341957
vt 0.339509 0.363819
vt 0.642977 0.134751
vt 0.758696 0.900982
vt 0.872709 0.730569
vt 0.943828 0.974268
vt 0.459742 0.216603
vt 0.017239 0.384608
vt 0.498968 0.063308
vt 0.929408 0.777628
vt 0.508407 0.033606
vt 0.794942 0.491687
vt 0.047979 0.711716
vt 0.268312 0.343587
vt 0.300704 0.174951
vt 0.788815 0.713700
vt 0.036764 0.707413
vt 0.252603 0.335838
vt 0.785305 0.402924
vt 0.022178 0.673656
vt 0.793365 0.457118
vt 0.027924 0.534466
vt 0.020336 0.347724
vt 0.065772 0.970215
vt 0.036482 0.683470
vt 0.838949 0.918471
vt 0.035017 0.402872
vt 0.937651 0.766267
vt 0.497296 0.024639
vt 0.937846 0.773028
vt 0.504533 0.026125
vt 0.297692 0.193582
vt 0.829470 0.708082
vt 0.936449 0.474792
vt 0.395465 0.365014
vt 0.428382 0.202166
vt 0.306944 0.759618
vt 0.940922 0.992313
vt 0.007809 0.523749
vt 0.960933 0.512996
vt 0.501147 0.057859
vt 0.032989 0.541112
vt 0.998290 0.034316
vt 0.399477 0.380567
vt 0.992358 0.035360
vt 0.840481 0.128710
vt 0.845845 0.127622
vt 0.401741 0.381403
vt 0.948456 0.497960
vt 0.025981 0.528306
vt 0.393772 0.373432
vt 0.003108 0.531277
vt 0.978091 0.023671
vt 0.826931 0.140782
vt 0.010722 0.523682
vt 0.958445 0.511253
vt 0.635518 0.123233
vt 0.433594 0.189475
vt 0.749713 0.910801
vt 0.306797 0.181082
vt 0.803460 0.710346
vt 0.863544 0.909716
vt 0.176719 0.208887
vt 0.793912 0.739534
vt 0.479095 0.249113
vt 0.234230 0.853855
vt 0.890204 0.089647
vt 0.791018 0.919246
vt 0.023760 0.379287
vt 0.023900 0.361399
vt 0.808323 0.452922
vt 0.021186 0.687331
vt 0.797118 0.440921
vt 0.821439 0.734318
vt 0.018099 0.374659
vt 0.510297 0.067798
vt 0.902827 0.359985
vt 0.348109 0.351913
vt 0.866867 0.447685
vt 0.154212 0.243998
vt 0.818461 0.597085
vt 0.322529 0.747699
vt 0.144991 0.246948
vt 0.755074 0.729292
vt 0.620676 0.153969
vt 0.033990 0.534173
vt 0.403101 0.377364
vt 0.398888 0.371794
vt 0.019598 0.371210
vt 0.512080 0.071807
vt 0.335068 0.756659
vt 0.812696 0.594833
vt 0.866815 0.739436
vt 0.807979 0.592213
vt 0.886802 0.364568
vt 0.656716 0.396852
vt 0.854346 0.530782
vt 0.983646 0.033994
vt 0.845870 0.145914
vt 0.142695 0.268306
vt 0.768034 0.724082
vt 0.001795 0.517861
vt 0.933511 0.989594
vt 0.825980 0.156549
vt 0.467744 0.366408
vt 0.139918 0.278317
vt 0.774243 0.727856
vt 0.290542 0.161337
vt 0.810781 0.480874
vt 0.849361 0.528505
vt 0.937697 0.784431
vt 0.257656 0.775559
vt 0.523270 0.018346
vt 0.468144 0.359781
vt 0.469067 0.371864
vt 0.430357 0.329482
vt 0.499956 0.238959
vt 0.913749 0.094953
vt 0.235018 0.859341
vt 0.891561 0.094927
vt 0.822961 0.601160
vt 0.858508 0.534662
vt 0.148667 0.222153
vt 0.607658 0.153759
vt 0.467685 0.353430
vt 0.513183 0.049714
vt 0.471660 0.222091
vt 0.155676 0.225353
vt 0.372388 0.337998
vt 0.854968 0.422906
vt 0.411271 0.368172
vt 0.347025 0.758950
vt 0.928070 0.466394
vt 0.828165 0.602848
vt 0.152941 0.207598
vt 0.864422 0.928702
vt 0.804504 0.404494
vt 0.013372 0.354822
vt 0.062978 0.976287
vt 0.785980 0.642392
vt 0.516054 0.066716
vt 0.546322 0.356967
vt 0.780952 0.743702
vt 0.869899 0.757611
vt 0.929205 0.983481
vt 0.834186 0.160765
vt 0.467510 0.377354
vt 0.455593 0.334569
vt 0.781163 0.934218
vt 0.475181 0.203742
vt 0.511218 0.060136
vt 0.851761 0.137446
vt 0.861884 0.539722
vt 0.778830 0.633945
vt 0.515612 0.061269
vt 0.816079 0.436485
vt 0.466319 0.348299
vt 0.404787 0.368730
vt 0.804029 0.588439
vt 0.287193 0.778847
vt 0.821607 0.937929
vt 0.789368 0.757939
vt 0.545045 0.350347
vt 0.800328 0.586937
vt 0.852822 0.130508
vt 0.408776 0.378603
vt 0.811904 0.393035
vt 0.796534 0.584061
vt 0.833889 0.607295
vt 0.011431 0.364758
vt 0.793115 0.648460
vt 0.516305 0.069851
vt 0.896130 0.378961
vt 0.372934 0.356549
vt 0.652396 0.382238
vt 0.832386 0.012176
vt 0.823152 0.769994
vt 0.254251 0.803060
vt 0.533861 0.027765
vt 0.408966 0.358989
vt 0.468912 0.381499
vt 0.466113 0.335866
vt 0.841987 0.529849
vt 0.466045 0.341273
vt 0.678830 0.399257
vt 0.006272 0.340048
vt 0.062637 0.956838
vt 0.935932 0.938830
vt 0.534857 0.063234
vt 0.819352 0.637301
vt 0.775264 0.610448
vt 0.541849 0.345213
vt 0.010749 0.361558
vt 0.797114 0.654670
vt 0.054499 0.979944
vt 0.801721 0.952110
vt 0.498794 0.215718
vt 0.825316 0.972735
vt 0.524937 0.229073
vt 0.941503 0.096646
vt 0.541050 0.372408
vt 0.537067 0.332276
vt 0.546835 0.362995
vt 0.336689 0.776437
vt 0.864857 0.544174
vt 0.539291 0.341271
vt 0.542128 0.368878
vt 0.014170 0.322021
vt 0.925530 0.430204
vt 0.925996 0.924596
vt 0.680498 0.393280
vt 0.536159 0.044452
vt 0.773874 0.618451
vt 0.975773 0.136140
vt 0.402664 0.355176
vt 0.404921 0.352465
vt 0.888341 0.160681
vt 0.798405 0.349785
vt 0.903434 0.148336
vt 0.696500 0.137088
vt 0.753613 0.600648
vt 0.873370 0.523340
vt 0.403563 0.021218
vt 0.384924 0.347592
vt 0.876875 0.404601
vt 0.831484 0.025815
vt 0.523275 0.053897
vt 0.773465 0.636728
vt 0.428064 0.345955
vt 0.840756 0.396844
vt 0.856999 0.136854
vt 0.414556 0.377559
vt 0.411770 0.328660
vt 0.867317 0.163181
vt 0.398613 0.334735
vt 0.653367 0.364074
vt 0.817902 0.015043
vt 0.869796 0.547133
vt 0.835869 0.525886
vt 0.852675 0.172567
vt 0.873388 0.779656
vt 0.102510 0.492875
vt 0.803191 0.764261
vt 0.941515 0.442518
vt 0.829803 0.824102
vt 0.980346 0.269441
vt 0.102903 0.478989
vt 0.970501 0.041566
vt 0.838878 0.528125
vt 0.667259 0.360530
vt 0.758048 0.751399
vt 0.615256 0.176147
vt 0.561084 0.341816
vt 0.909974 0.984254
vt 0.612014 0.162805
vt 0.577867 0.159654
vt 0.871724 0.958029
vt 0.925464 0.123684
vt 0.720630 0.600121
vt 0.874006 0.398387
vt 0.826006 0.030437
vt 0.647931 0.338733
vt 0.817163 0.028074
vt 0.429262 0.340438
vt 0.134780 0.212974
vt 0.596988 0.154869
vt 0.870605 0.950439
vt 0.542855 0.058759
vt 0.801261 0.660676
vt 0.050677 0.973584
vt 0.959969 0.131817
vt 0.945188 0.449207
vt 0.397358 0.356289
vt 0.898550 0.167569
vt 0.564204 0.362831
vt 0.912751 0.975564
vt 0.854850 0.511405
vt 0.403564 0.011476
vt 0.399783 0.344854
vt 0.883557 0.161928
vt 0.324620 0.815842
vt 0.537510 0.336095
vt 0.577569 0.170163
vt 0.556874 0.370305
vt 0.551819 0.329854
vt 0.823576 0.362277
vt 0.693908 0.183071
vt 0.707729 0.163867
vt 0.661874 0.329229
vt 0.814697 0.023277
vt 0.560801 0.337310
vt 0.904797 0.983600
vt 0.874564 0.533001
vt 0.552899 0.336909
vt 0.857006 0.956055
vt 0.877958 0.526339
vt 0.409424 0.021968
vt 0.680020 0.380694
vt 0.882048 0.528793
vt 0.851908 0.509027
vt 0.409516 0.011541
vt 0.878120 0.536644
vt 0.844244 0.512605
vt 0.700659 0.387240
vt 0.364808 0.787944
vt 0.273858 0.848637
vt 0.677611 0.237588
vt 0.045401 0.954039
vt 0.953817 0.146260
vt 0.550082 0.164097
vt 0.859142 0.970549
vt 0.853980 0.964254
vt 0.929759 0.366844
vt 0.111031 0.080126
vt 0.339194 0.809544
vt 0.140673 0.078593
vt 0.947570 0.365927
vt 0.113535 0.062457
vt 0.932196 0.337262
vt 0.763673 0.770294
vt 0.612052 0.188180
vt 0.917818 0.365220
vt 0.117715 0.093240
vt 0.306205 0.054853
vt 0.102992 0.054967
vt 0.944547 0.334563
vt 0.674283 0.343116
vt 0.850813 0.379514
vt 0.645289 0.316764
vt 0.823019 0.037416
vt 0.709357 0.212517
vt 0.560101 0.183766
vt 0.962713 0.362931
vt 0.119061 0.048699
vt 0.023926 0.922852
vt 0.920776 0.332559
vt 0.326894 0.053314
vt 0.686539 0.350915
vt 0.652538 0.316757
vt 0.719839 0.214282
vt 0.640725 0.025667
vt 0.879675 0.175379
vt 0.870728 0.835831
vt 0.600211 0.179577
vt 0.575674 0.194844
vt 0.142649 0.067833
vt 0.144286 0.092066
vt 0.075881 0.050031
vt 0.956102 0.332927
vt 0.679704 0.336145
vt 0.789358 0.793993
vt 0.156490 0.057319
vt 0.007568 0.887939
vt 0.990723 0.569336
vt 0.002197 0.250977
vt 0.565408 0.368411
vt 0.559389 0.329794
vt 0.907626 0.973920
vt 0.718448 0.365347
vt 0.368252 0.797587
vt 0.367515 0.387266
vt 0.310731 0.838592
vt 0.715129 0.255250
vt 0.670463 0.323801
vt 0.532591 0.175039
vt 0.577143 0.984646
vt 0.054668 0.943223
vt 0.927931 0.947881
vt 0.544405 0.177336
vt 0.940257 0.423060
vt 0.008780 0.036298
vt 0.803454 0.797884
vt 0.569393 0.199193
vt 0.076543 0.044545
vt 0.295351 0.848423
vt 0.702625 0.244672
vt 0.698962 0.352078
vt 0.713845 0.360946
vt 0.372177 0.385086
vt 0.680973 0.323508
vt 0.683237 0.318805
vt 0.949114 0.161265
vt 0.846509 0.028511
vt 0.672279 0.316659
vt 0.690213 0.332391
vt 0.172606 0.045925
vt 0.948247 0.248665
vt 0.944336 0.239258
vt 0.943637 0.224947
vt 0.985840 0.589355
vt 0.939994 0.247098
vt 0.417330 0.858887
vt 0.695717 0.331141
vt 0.593783 0.210172
vt 0.695575 0.323474
vt 0.935373 0.417463
vt 0.910265 0.933773
vt 0.906494 0.933838
vt 0.902545 0.933596
vt 0.005145 0.031965
vt 0.061030 0.932804
vt 0.926917 0.953753
vt 0.914312 0.939778
vt 0.325646 0.832228
vt 0.184267 0.079413
vt 0.359592 0.810442
vt 0.355421 0.386330
vt 0.172790 0.085390
vt 0.940728 0.234821
vt 0.533680 0.183975
vt 0.565200 0.989342
vt 0.547402 0.188315
vt 0.663268 0.316504
vt 0.634764 0.015705
vt 0.439699 0.833348
vt 0.058286 0.926541
vt 0.723589 0.202342
vt 0.545473 0.192305
vt 0.920519 0.179053
vt 0.961568 0.468468
vt 0.021980 0.047467
vt 0.562689 0.202900
vt 0.953369 0.289307
vt 0.436279 0.829590
vt 0.445905 0.826242
vt 0.990234 0.639160
vt 0.008057 0.185303
vt 0.796607 0.821757
vt 0.928792 0.303150
vt 0.550767 0.202057
vt 0.851318 0.971007
vt 0.946365 0.121752
vt 0.532356 0.164316
vt 0.584339 0.984426
vt 0.691397 0.594743
vt 0.925664 0.243348
vt 0.169901 0.063405
vt 0.949077 0.197100
vt 0.741699 0.833496
vt 0.921433 0.253890
vt 0.435268 0.852163
vt 0.949858 0.308873
vt 0.460250 0.811369
vt 0.010986 0.968262
vt 0.003511 0.167681
vt 0.312161 0.031787
vt 0.102448 0.036727
vt 0.960902 0.463259
vt 0.915269 0.178131
vt 0.948016 0.433350
vt 0.015916 0.047337
vt 0.174843 0.076276
vt 0.560709 0.206570
vt 0.918444 0.955212
vt 0.579580 0.206369
vt 0.020493 0.038954
vt 0.536757 0.188546
vt 0.069247 0.917740
vt 0.924175 0.961644
vt 0.050482 0.030038
vt 0.176206 0.094941
vt 0.541667 0.201145
vt 0.044397 0.940469
vt 0.930176 0.169922
vt 0.046897 0.929940
vt 0.892745 0.975802
vt 0.937462 0.171545
vt 0.950158 0.472715
vt 0.031044 0.045614
vt 0.704360 0.345332
vt 0.032807 0.943008
vt 0.945558 0.160746
vt 0.334117 0.829354
vt 0.183215 0.088626
vt 0.687172 0.304336
vt 0.617056 0.011140
vt 0.904837 0.186421
vt 0.910986 0.939023
vt 0.707927 0.343020
vt 0.914032 0.191775
vt 0.969548 0.453318
vt 0.912308 0.249402
vt 0.447156 0.847522
vt 0.924469 0.224101
vt 0.814467 0.813377
vt 0.977190 0.246607
vt 0.902245 0.950353
vt 0.701959 0.312868
vt 0.596323 0.009217
vt 0.045849 0.936257
vt 0.932244 0.170422
vt 0.804887 0.817726
vt 0.941080 0.301966
vt 0.075891 0.024690
vt 0.873532 0.658548
vt 0.558910 0.215486
vt 0.927128 0.217266
vt 0.746136 0.856211
vt 0.707732 0.335319
vt 0.319974 0.840378
vt 0.185960 0.070150
vt 0.745963 0.823311
vt 0.912802 0.316052
vt 0.336736 0.044636
vt 0.667751 0.311664
vt 0.629005 0.013665
vt 0.906996 0.184713
vt 0.625962 0.022858
vt 0.787937 0.816790
vt 0.465425 0.911967
vt 0.226152 0.059733
vt 0.797213 0.814039
vt 0.956857 0.456464
vt 0.028192 0.030388
vt 0.045124 0.517761
vt 0.810623 0.824401
vt 0.947094 0.301001
vt 0.463024 0.793535
vt 0.964642 0.244870
vt 0.946009 0.164554
vt 0.709234 0.351407
vt 0.566441 0.041594
vt 0.380831 0.383214
vt 0.789960 0.822149
vt 0.919063 0.302042
vt 0.361862 0.040774
vt 0.233234 0.056520
vt 0.943178 0.168458
vt 0.012602 0.019617
vt 0.886918 0.988790
vt 0.942939 0.171295
vt 0.862119 0.041702
vt 0.861084 0.029297
vt 0.572580 0.216024
vt 0.584897 0.977118
vt 0.693403 0.584007
vt 0.916848 0.228292
vt 0.942923 0.165825
vt 0.468785 0.829726
vt 0.031172 0.939255
vt 0.938982 0.164677
vt 0.058107 0.916423
vt 0.904508 0.959993
vt 0.876339 0.835205
vt 0.897417 0.186658
vt 0.904067 0.191771
vt 0.457945 0.834190
vt 0.261313 0.854194
vt 0.544221 0.032908
vt 0.958125 0.161100
vt 0.852521 0.024016
vt 0.684255 0.216273
vt 0.907380 0.190704
vt 0.972842 0.448056
vt 0.029785 0.020508
vt 0.316620 0.844081
vt 0.736186 0.824497
vt 0.710177 0.267830
vt 0.541478 0.216503
vt 0.348026 0.829219
vt 0.040952 0.025649
vt 0.185997 0.098127
vt 0.329148 0.390515
vt 0.714795 0.344324
vt 0.569769 0.032224
vt 0.874785 0.842057
vt 0.982432 0.435317
vt 0.902569 0.194554
vt 0.815096 0.828043
vt 0.967343 0.246696
vt 0.335645 0.020738
vt 0.262661 0.062460
vt 0.914242 0.199960
vt 0.989697 0.445337
vt 0.568321 0.224952
vt 0.506768 0.964537
vt 0.529575 0.198795
vt 0.547438 0.992609
vt 0.582087 0.217544
vt 0.502969 0.942978
vt 0.715182 0.331768
vt 0.577594 0.024929
vt 0.575209 0.976957
vt 0.464631 0.843297
vt 0.885341 0.974642
vt 0.858454 0.016216
vt 0.677566 0.204143
vt 0.770315 0.808354
vt 0.483746 0.920378
vt 0.726921 0.209438
vt 0.636726 0.037437
vt 0.549536 0.979715
vt 0.579643 0.222960
vt 0.505793 0.953616
vt 0.725862 0.134796
vt 0.755150 0.570119
vt 0.614401 0.023220
vt 0.561487 0.971314
vt 0.316746 0.015999
vt 0.102174 0.017036
vt 0.291318 0.060692
vt 0.905421 0.663156
vt 0.899392 0.227124
vt 0.470751 0.851450
vt 0.625565 0.044525
vt 0.575294 0.039706
vt 0.937070 0.197112
vt 0.704261 0.852774
vt 0.630263 0.052747
vt 0.736243 0.209350
vt 0.445096 0.395152
vt 0.962244 0.437553
vt 0.024235 0.009876
vt 0.052430 0.514643
vt 0.905959 0.212152
vt 0.738421 0.871658
vt 0.886814 0.931772
vt 0.004613 0.010070
vt 0.011601 0.009832
vt 0.026196 0.509943
vt 0.617731 0.214489
vt 0.622953 0.200088
vt 0.475027 0.796894
vt 0.961984 0.255532
vt 0.874641 0.848788
vt 0.970409 0.433698
vt 0.079209 0.517293
vt 0.734841 0.162037
vt 0.579486 0.044289
vt 0.571334 0.962770
vt 0.512945 0.939476
vt 0.884272 0.950639
vt 0.884789 0.944123
vt 0.648817 0.202182
vt 0.589436 0.222204
vt 0.499192 0.936243
vt 0.577063 0.054187
vt 0.389846 0.395485
vt 0.556897 0.227461
vt 0.514832 0.974435
vt 0.727631 0.570527
vt 0.857503 0.841936
vt 0.084612 0.488585
vt 0.349141 0.397154
vt 0.516967 0.082505
vt 0.514451 0.949034
vt 0.062603 0.018133
vt 0.041860 0.021102
vt 0.330268 0.398999
vt 0.840374 0.647776
vt 0.853319 0.624039
vt 0.516802 0.099237
vt 0.543699 0.981302
vt 0.613629 0.032902
vt 0.471992 0.836209
vt 0.584043 0.050573
vt 0.593395 0.019363
vt 0.587986 0.952288
vt 0.699560 0.563441
vt 0.486457 0.793263
vt 0.966084 0.265648
vt 0.966140 0.264235
vt 0.510805 0.953902
vt 0.379691 0.403709
vt 0.867632 0.845957
vt 0.068635 0.488683
vt 0.559362 0.946783
vt 0.415016 0.400438
vt 0.615512 0.064374
vt 0.427657 0.396066
vt 0.613673 0.055924
vt 0.549011 0.227753
vt 0.532719 0.217191
vt 0.529255 0.985171
vt 0.361816 0.029297
vt 0.479938 0.900302
vt 0.231927 0.071360
vt 0.976496 0.671148
vt 0.207777 0.689238
vt 0.899934 0.216384
vt 0.480226 0.849748
vt 0.539971 0.932617
vt 0.743679 0.197709
vt 0.433355 0.410065
vt 0.553736 0.958134
vt 0.592316 0.064646
vt 0.403391 0.402069
vt 0.414048 0.394247
vt 0.650478 0.226970
vt 0.583784 0.036242
vt 0.539774 0.942651
vt 0.611015 0.044024
vt 0.568618 0.930579
vt 0.480960 0.835648
vt 0.632311 0.227038
vt 0.018466 0.475660
vt 0.594701 0.039326
vt 0.543891 0.967028
vt 0.599029 0.029128
vt 0.424064 0.409963
vt 0.525841 0.934454
vt 0.755496 0.797421
vt 0.591562 0.222840
vt 0.499674 0.924028
vt 0.560607 0.926017
vt 0.479124 0.842437
vt 0.532956 0.975460
vt 0.514201 0.918901
vt 0.681581 0.490212
vt 0.678613 0.487662
vt 0.890375 0.213083
vt 0.484985 0.845534
vt 0.733339 0.882959
vt 0.597192 0.054302
vt 0.526706 0.942920
vt 0.749880 0.188200
vt 0.447952 0.413700
vt 0.528497 0.962692
vt 0.520333 0.961179
vt 0.661387 0.234188
vt 0.495850 0.779785
vt 0.043315 0.884848
vt 0.934607 0.673172
vt 0.005859 0.792480
vt 0.530802 0.954510
vt 0.366314 0.425616
vt 0.573449 0.078081
vt 0.507706 0.814680
vt 0.538497 0.904209
vt 0.693168 0.508454
vt 0.714208 0.835709
vt 0.698190 0.270653
vt 0.901944 0.685106
vt 0.043102 0.831715
vt 0.748308 0.134295
vt 0.753652 0.547113
vt 0.499158 0.795346
vt 0.962061 0.280697
vt 0.954483 0.068469
vt 0.054840 0.876511
vt 0.693102 0.264345
vt 0.887222 0.687704
vt 0.950924 0.022329
vt 0.389528 0.037818
vt 0.384277 0.024170
vt 0.728595 0.545884
vt 0.515764 0.762799
vt 0.528494 0.786963
vt 0.033559 0.830383
vt 0.297561 0.095011
vt 0.931457 0.624092
vt 0.915613 0.612733
vt 0.947444 0.019470
vt 0.392450 0.037266
vt 0.679342 0.258330
vt 0.887276 0.699343
vt 0.695070 0.267824
vt 0.892312 0.685172
vt 0.943484 0.020921
vt 0.390130 0.033780
vt 0.951255 0.016703
vt 0.390596 0.023788
vt 0.400637 0.433450
vt 0.946087 0.015336
vt 0.394364 0.028285
vt 0.889855 0.688993
vt 0.386657 0.027672
vt 0.580682 0.914654
vt 0.705237 0.532946
vt 0.975758 0.277933
vt 0.964856 0.038745
vt 0.508059 0.803067
vt 0.052590 0.488200
vt 0.066975 0.427580
vt 0.973929 0.078035
vt 0.057697 0.889088
vt 0.553356 0.021120
vt 0.962425 0.030187
vt 0.961316 0.044410
vt 0.970804 0.279546
vt 0.963377 0.031801
vt 0.962380 0.047348
vt 0.856142 0.628509
vt 0.475544 0.021599
vt 0.550816 0.016614
vt 0.962634 0.033475
vt 0.700808 0.845034
vt 0.033937 0.839436
vt 0.769526 0.158721
vt 0.077353 0.466736
vt 0.070316 0.461932
vt 0.984707 0.049203
vt 0.978027 0.280029
vt 0.965482 0.043413
vt 0.552516 0.012467
vt 0.961768 0.035435
vt 0.479205 0.014481
vt 0.482367 0.013702
vt 0.475590 0.014728
vt 0.884923 0.014539
vt 0.775151 0.179961
vt 0.427627 0.431690
vt 0.556274 0.015013
vt 0.960556 0.041440
vt 0.490461 0.887220
vt 0.190017 0.697188
vt 0.558638 0.898243
vt 0.701153 0.511140
vt 0.792625 0.180179
vt 0.409054 0.437811
vt 0.483009 0.016940
vt 0.879850 0.015834
vt 0.853379 0.629844
vt 0.854893 0.624822
vt 0.473389 0.020996
vt 0.888052 0.021391
vt 0.649763 0.247450
vt 0.884932 0.734979
vt 0.783415 0.179665
vt 0.419946 0.436959
vt 0.241236 0.095691
vt 0.976624 0.677554
vt 0.242185 0.089919
vt 0.240723 0.092773
vt 0.974485 0.671872
vt 0.239995 0.096986
vt 0.975018 0.677266
vt 0.241970 0.097298
vt 0.972559 0.675478
vt 0.857066 0.624885
vt 0.478980 0.024158
vt 0.884297 0.021960
vt 0.245631 0.089803
vt 0.614346 0.222969
vt 0.024615 0.484440
vt 0.246581 0.091994
vt 0.969987 0.669672
vt 0.952523 0.653694
vt 0.531727 0.103667
vt 0.860942 0.612196
vt 0.058238 0.415195
vt 0.053868 0.901278
vt 0.915925 0.698153
vt 0.349584 0.439477
vt 0.570035 0.095368
vt 0.159339 0.159556
vt 0.568178 0.900326
vt 0.705432 0.516444
vt 0.558819 0.831862
vt 0.648334 0.901353
vt 0.018290 0.445259
vt 0.929667 0.741506
vt 0.975436 0.655476
vt 0.208102 0.701610
vt 0.731688 0.518587
vt 0.547098 0.847621
vt 0.660041 0.873895
vt 0.908834 0.732637
vt 0.660900 0.261348
vt 0.894323 0.717588
vt 0.505962 0.887129
vt 0.182057 0.713392
vt 0.672161 0.470396
vt 0.543031 0.896689
vt 0.697334 0.502698
vt 0.057876 0.453298
vt 0.559036 0.824948
vt 0.635738 0.862825
vt 0.798957 0.168913
vt 0.416271 0.464171
vt 0.634457 0.246582
vt 0.893816 0.743622
vt 0.391079 0.480646
vt 0.555016 0.803359
vt 0.650843 0.863201
vt 0.679279 0.855541
vt 0.030326 0.858763
vt 0.052022 0.470303
vt 0.607612 0.240318
vt 0.026706 0.466290
vt 0.919340 0.763418
vt 0.559776 0.109813
vt 0.876019 0.585207
vt 0.176928 0.153494
vt 0.691207 0.457896
vt 0.411343 0.467882
vt 0.782232 0.139572
vt 0.750972 0.514641
vt 0.713174 0.493381
vt 0.911183 0.747240
vt 0.702066 0.471711
vt 0.032417 0.457119
vt 0.929208 0.756108
vt 0.804318 0.156967
vt 0.421959 0.477526
vt 0.037693 0.446281
vt 0.808070 0.139789
vt 0.741174 0.486314
vt 0.432116 0.489291
vt 0.644385 0.870454
vt 0.191094 0.739822
vt 0.204719 0.730870
vt 0.979132 0.627750
vt 0.723950 0.450643
vt 0.923015 0.596333
vt 0.892070 0.578056
vt 0.937994 0.604667
vt 0.178769 0.143163
vt 0.577868 0.853446
vt 0.638345 0.880917
vt 0.577195 0.828951
vt 0.621182 0.865040
vt 0.894404 0.564022
vt 0.893555 0.569614
vt 0.892578 0.563143
vt 0.895264 0.561560
vt 0.187372 0.150981
vt 0.890005 0.576229
vt 0.174925 0.146592
vt 0.895141 0.559973
vt 0.591768 0.821980
vt 0.623928 0.873756
vt 0.365705 0.482634
vt 0.600575 0.088267
vt 0.133227 0.155817
vt 0.176341 0.143583
vt 0.679418 0.451194
vt 0.175068 0.751113
vt 0.690527 0.441128
vt 0.222512 0.780708
vt 0.971502 0.603583
vt 0.938159 0.592659
vt 0.157576 0.108249
vt 0.116355 0.029213
vt 0.299344 0.026594
vt 0.299266 0.020986
vt 0.964506 0.610893
vt 0.117061 0.038473
vt 0.208430 0.749931
vt 0.967778 0.608586
vt 0.026863 0.595720
vt 0.119120 0.037893
vt 0.293206 0.023976
vt 0.021425 0.618463
vt 0.300065 0.023485
vt 0.577967 0.833497
vt 0.604701 0.832282
vt 0.589924 0.872673
vt 0.601892 0.876201
vt 0.968514 0.606436
vt 0.944086 0.596388
vt 0.015723 0.600949
vt 0.113037 0.035156
vt 0.293690 0.030679
vt 0.741729 0.450760
vt 0.424358 0.520409
vt 0.614429 0.830775
vt 0.588416 0.875706
vt 0.156198 0.139826
vt 0.602905 0.079450
vt 0.390148 0.520106
vt 0.613238 0.840771
vt 0.602079 0.883168
vt 0.600307 0.836062
vt 0.610484 0.905251
vt 0.618319 0.847440
vt 0.588422 0.893313
vt 0.406327 0.514179
vt 0.195622 0.765034
vt 0.710802 0.426077
vt 0.196013 0.788727
vt 0.728190 0.431732
vt 0.596108 0.100276
vt 0.134535 0.144235
vt 0.177843 0.767825
vt 0.699631 0.430393
vt 0.402691 0.537086
vt 0.130779 0.124683
vt 0.754179 0.424074
vt 0.414034 0.538400
vt 0.621757 0.081587
vt 0.383077 0.529682
vt 0.106099 0.145873
vt 0.715300 0.436563
vt 0.393296 0.528259
vt 0.211656 0.795276
vt 0.136761 0.108088
vt 0.748047 0.433838
vt 0.748047 0.434082
vt 0.748047 0.433838
vt 0.748047 0.433838
vt 0.748779 0.433594
vt 0.701416 0.426758
vt 0.709091 0.416955
vt 0.171416 0.793635
vt 0.712565 0.420382
vt 0.168891 0.793053
vt 0.736740 0.413845
vt 0.095988 0.137199
vt 0.393213 0.543352
vt 0.177205 0.802703
vt 0.189337 0.813840
vt 0.107372 0.111409
vt 0.102963 0.110606
vt 0.381473 0.534210
vt 0.104600 0.140329
vt 0.105659 0.126086
vt 0.728921 0.405258
vt 0.168127 0.802823
vt 0.167725 0.798096
vt 0.403700 0.553085
vt 0.091726 0.129470
vt 0.386439 0.556946
vt 0.755536 0.406271
vt 0.415806 0.564552
vt 0.722159 0.384858
vt 0.175062 0.823043
vt 0.384798 0.570054
vt 0.086943 0.113927
vt 0.750329 0.395506
vt 0.406352 0.574202
vt 0.130361 0.533147
vt 0.101409 0.430161
vt 0.762159 0.243836
vt 0.097339 0.699015
vt 0.095048 0.674081
vt 0.149883 0.691907
vt 0.351826 0.258757
vt 0.348508 0.112556
vt 0.176574 0.487785
vt 0.172840 0.499241
vt 0.115892 0.699226
vt 0.876595 0.225981
vt 0.877459 0.254639
vt 0.202021 0.426671
vt 0.485149 0.149591
vt 0.313209 0.073162
vt 0.185272 0.972588
vt 0.723226 0.674689
vt 0.355029 0.068360
vt 0.170655 0.529361
vt 0.633986 0.513324
vt 0.607773 0.297420
vt 0.612715 0.511324
vt 0.164000 0.367517
vt 0.613081 0.258261
vt 0.129111 0.719408
vt 0.815248 0.251762
vt 0.802978 0.251672
vt 0.135492 0.359889
vt 0.654679 0.507095
vt 0.919988 0.911632
vt 0.605789 0.313105
vt 0.649964 0.699470
vt 0.126186 0.721734
vt 0.944809 0.858435
vt 0.202960 0.148185
vt 0.158945 0.738262
vt 0.688923 0.685708
vt 0.383206 0.050867
vt 0.416983 0.162956
vt 0.937205 0.816875
vt 0.128171 0.366671
vt 0.404057 0.127361
vt 0.421273 0.155857
vt 0.935835 0.808288
vt 0.456520 0.138214
vt 0.041920 0.164789
vt 0.923963 0.841503
vt 0.820386 0.214292
vt 0.601528 0.504598
vt 0.147984 0.346239
vt 0.153151 0.346336
vt 0.698296 0.685573
vt 0.375363 0.056251
vt 0.766248 0.212093
vt 0.096585 0.721766
vt 0.638200 0.711233
vt 0.767148 0.197870
vt 0.104305 0.735243
vt 0.933953 0.826205
vt 0.166697 0.540903
vt 0.096807 0.372939
vt 0.616230 0.503459
vt 0.623843 0.280794
vt 0.677168 0.682575
vt 0.668571 0.690610
vt 0.140003 0.738339
vt 0.188893 0.475110
vt 0.198344 0.449878
vt 0.834071 0.230344
vt 0.144580 0.351067
vt 0.675622 0.686439
vt 0.807886 0.216280
vt 0.138454 0.353711
vt 0.038345 0.159723
vt 0.037958 0.156742
vt 0.914254 0.832624
vt 0.668434 0.692872
vt 0.137202 0.738704
vt 0.699200 0.688881
vt 0.547821 0.477978
vt 0.105063 0.352323
vt 0.709958 0.692852
vt 0.688624 0.692162
vt 0.740245 0.716159
vt 0.502965 0.119421
vt 0.578235 0.498348
vt 0.141681 0.346332
vt 0.860473 0.222809
vt 0.486702 0.104055
vt 0.670964 0.697789
vt 0.394093 0.122273
vt 0.020733 0.140482
vt 0.912250 0.812441
vt 0.705376 0.695008
vt 0.625134 0.977428
vt 0.836159 0.209634
vt 0.567202 0.470386
vt 0.117219 0.348378
vt 0.903326 0.900947
vt 0.714001 0.700130
vt 0.503489 0.464769
vt 0.192742 0.534713
vt 0.024433 0.145786
vt 0.912247 0.817822
vt 0.615212 0.498214
vt 0.598588 0.502286
vt 0.713899 0.724970
vt 0.602114 0.497509
vt 0.581325 0.494029
vt 0.686260 0.719987
vt 0.729589 0.707549
vt 0.464295 0.452115
vt 0.196154 0.504254
vt 0.893413 0.873528
vt 0.599418 0.494865
vt 0.620597 0.751638
vt 0.770157 0.197392
vt 0.717233 0.706841
vt 0.620089 0.491600
vt 0.522135 0.453956
vt 0.189115 0.545879
vt 0.097179 0.349753
vt 0.617621 0.490115
vt 0.421437 0.137051
vt 0.926735 0.796965
vt 0.646061 0.472311
vt 0.634708 0.483400
vt 0.586063 0.732775
vt 0.785175 0.197239
vt 0.594921 0.729654
vt 0.780616 0.197338
vt 0.027925 0.151866
vt 0.909954 0.823482
vt 0.558024 0.742342
vt 0.808916 0.196781
vt 0.416575 0.119007
vt 0.727354 0.710759
vt 0.595651 0.469235
vt 0.407579 0.125040
vt 0.915284 0.798674
vt 0.031279 0.164701
vt 0.631080 0.481695
vt 0.888572 0.862356
vt 0.755304 0.975804
vt 0.449423 0.447865
vt 0.210758 0.488075
vt 0.024321 0.155473
vt 0.627513 0.458581
vt 0.744129 0.720065
vt 0.494789 0.103746
vt 0.734012 0.717095
vt 0.438331 0.104373
vt 0.652338 0.967027
vt 0.641830 0.968990
vt 0.861102 0.197557
vt 0.474596 0.103881
vt 0.425985 0.108479
vt 0.411887 0.115907
vt 0.026092 0.167048
vt 0.640076 0.472447
vt 0.602111 0.750804
vt 0.492057 0.460289
vt 0.196635 0.527438
vt 0.398989 0.121347
vt 0.912321 0.805968
vt 0.651075 0.726780
vt 0.037485 0.174448
vt 0.891668 0.844254
vt 0.652795 0.468717
vt 0.903803 0.912345
vt 0.714701 0.968994
vt 0.218726 0.465547
vt 0.420967 0.111767
vt 0.403542 0.116313
vt 0.021700 0.158779
vt 0.161109 0.648807
vt 0.741889 0.955238
vt 0.215007 0.475645
vt 0.572948 0.751995
vt 0.546054 0.441310
vt 0.182509 0.275341
vt 0.571097 0.743391
vt 0.265752 0.538321
vt 0.412466 0.083932
vt 0.017885 0.198153
vt 0.737146 0.722663
vt 0.502841 0.098280
vt 0.396314 0.115216
vt 0.018959 0.150039
vt 0.683578 0.973017
vt 0.875995 0.200267
vt 0.228136 0.434927
vt 0.613895 0.963093
vt 0.173249 0.275885
vt 0.538231 0.759104
vt 0.817627 0.196289
vt 0.481828 0.453870
vt 0.200064 0.518716
vt 0.036816 0.177665
vt 0.889876 0.843031
vt 0.451098 0.101854
vt 0.262516 0.443092
vt 0.645805 0.465598
vt 0.891258 0.918160
vt 0.461051 0.099511
vt 0.471393 0.096430
vt 0.258789 0.468994
vt 0.897472 0.897664
vt 0.888940 0.874812
vt 0.168246 0.666495
vt 0.467648 0.445784
vt 0.612884 0.977107
vt 0.829866 0.197629
vt 0.199316 0.277795
vt 0.585701 0.761936
vt 0.673851 0.762953
vt 0.649330 0.768819
vt 0.179088 0.663478
vt 0.470315 0.435398
vt 0.254238 0.564292
vt 0.252777 0.578539
vt 0.450463 0.096429
vt 0.162032 0.659014
vt 0.754548 0.963040
vt 0.445311 0.438973
vt 0.490243 0.430790
vt 0.187070 0.671424
vt 0.884137 0.872197
vt 0.167789 0.284103
vt 0.624853 0.956542
vt 0.698757 0.748798
vt 0.279607 0.488920
vt 0.873602 0.890899
vt 0.960121 0.224603
vt 0.973045 0.877617
vt 0.274439 0.609638
vt 0.477782 0.079324
vt 0.976321 0.880147
vt 0.198751 0.307245
vt 0.555675 0.770110
vt 0.965171 0.225342
vt 0.306663 0.622805
vt 0.733595 0.768003
vt 0.502107 0.080892
vt 0.580088 0.428095
vt 0.981109 0.819823
vt 0.984068 0.467865
vt 0.977684 0.824564
vt 0.962988 0.216753
vt 0.958263 0.214619
vt 0.972036 0.887084
vt 0.605410 0.427517
vt 0.256411 0.511287
vt 0.054732 0.199565
vt 0.873025 0.875515
vt 0.886063 0.859504
vt 0.589921 0.780823
vt 0.209990 0.280118
vt 0.661503 0.670684
vt 0.988786 0.471687
vt 0.986667 0.821988
vt 0.974672 0.472134
vt 0.970877 0.816548
vt 0.290888 0.451334
vt 0.640064 0.422074
vt 0.267721 0.443400
vt 0.968854 0.229158
vt 0.982466 0.883543
vt 0.996395 0.473271
vt 0.984296 0.816036
vt 0.975473 0.813798
vt 0.205792 0.307392
vt 0.778746 0.280171
vt 0.790873 0.336141
vt 0.966566 0.199766
vt 0.966901 0.903506
vt 0.276307 0.587778
vt 0.372033 0.598921
vt 0.495338 0.412571
vt 0.204178 0.665478
vt 0.304685 0.314656
vt 0.974200 0.490973
vt 0.662199 0.585025
vt 0.632273 0.938646
vt 0.794635 0.287344
vt 0.972108 0.905650
vt 0.190545 0.305277
vt 0.279625 0.462985
vt 0.877411 0.907898
vt 0.682514 0.938474
vt 0.196430 0.635141
vt 0.702500 0.778713
vt 0.100794 0.887814
vt 0.732714 0.932390
vt 0.184314 0.309846
vt 0.603057 0.949260
vt 0.627818 0.943446
vt 0.811262 0.308885
vt 0.983854 0.206888
vt 0.189679 0.631326
vt 0.377014 0.272111
vt 0.184449 0.628890
vt 0.761360 0.946085
vt 0.599954 0.788893
vt 0.620739 0.675329
vt 0.203955 0.637062
vt 0.202483 0.318811
vt 0.797198 0.290541
vt 0.978113 0.906024
vt 0.089572 0.883606
vt 0.253780 0.659630
vt 0.737682 0.940464
vt 0.807400 0.292633
vt 0.984816 0.908169
vt 0.711001 0.934726
vt 0.292011 0.273914
vt 0.970433 0.794974
vt 0.648091 0.567855
vt 0.654024 0.932433
vt 0.797812 0.323897
vt 0.972863 0.201748
vt 0.737059 0.288290
vt 0.185358 0.402076
vt 0.754126 0.351004
vt 0.281776 0.299385
vt 0.979423 0.491992
vt 0.201918 0.624281
vt 0.667530 0.661525
vt 0.212302 0.292545
vt 0.375624 0.628345
vt 0.505291 0.403342
vt 0.286988 0.279737
vt 0.995080 0.499093
vt 0.975818 0.789911
vt 0.685474 0.280830
vt 0.179613 0.310433
vt 0.242256 0.308438
vt 0.602921 0.944614
vt 0.556268 0.677921
vt 0.662549 0.798100
vt 0.737488 0.296420
vt 0.182587 0.366175
vt 0.395528 0.269381
vt 0.233664 0.640158
vt 0.761447 0.941236
vt 0.207916 0.626646
vt 0.302504 0.541638
vt 0.214135 0.308895
vt 0.307093 0.263688
vt 0.295064 0.321538
vt 0.970626 0.487916
vt 0.960492 0.803057
vt 0.360573 0.273690
vt 0.349474 0.271425
vt 0.209685 0.537613
vt 0.335816 0.332050
vt 0.279640 0.294748
vt 0.984488 0.496208
vt 0.094392 0.880725
vt 0.735641 0.927976
vt 0.200726 0.392963
vt 0.749658 0.337621
vt 0.225849 0.313446
vt 0.296620 0.271456
vt 0.964911 0.798209
vt 0.812870 0.301067
vt 0.989165 0.208847
vt 0.989948 0.909771
vt 0.687026 0.285757
vt 0.231304 0.314945
vt 0.377847 0.694448
vt 0.556014 0.404802
vt 0.313465 0.466068
vt 0.636967 0.386701
vt 0.308792 0.597818
vt 0.656336 0.643815
vt 0.654357 0.636711
vt 0.233971 0.283189
vt 0.306847 0.501920
vt 0.220947 0.636754
vt 0.623637 0.800783
vt 0.602833 0.662684
vt 0.635545 0.619040
vt 0.247387 0.282609
vt 0.249854 0.284066
vt 0.211111 0.637245
vt 0.664333 0.589571
vt 0.258718 0.298072
vt 0.628455 0.934681
vt 0.215011 0.618428
vt 0.377776 0.755435
vt 0.609233 0.395281
vt 0.194114 0.402969
vt 0.750663 0.341251
vt 0.394014 0.274298
vt 0.228344 0.635551
vt 0.339221 0.321963
vt 0.214569 0.540046
vt 0.306509 0.576746
vt 0.409109 0.599523
vt 0.414712 0.601627
vt 0.239421 0.667347
vt 0.741949 0.318452
vt 0.212739 0.410672
vt 0.275602 0.285350
vt 0.989526 0.498561
vt 0.387543 0.652947
vt 0.529977 0.387518
vt 0.635862 0.591213
vt 0.257963 0.291063
vt 0.349597 0.279485
vt 0.468773 0.669178
vt 0.327531 0.611695
vt 0.728834 0.802167
vt 0.631121 0.557814
vt 0.659989 0.911809
vt 0.736344 0.308817
vt 0.220032 0.410188
vt 0.394317 0.605866
vt 0.224675 0.671271
vt 0.735568 0.302441
vt 0.179434 0.354475
vt 0.349661 0.285947
vt 0.133969 0.911939
vt 0.710024 0.912624
vt 0.505942 0.669274
vt 0.710107 0.805576
vt 0.231766 0.539451
vt 0.347436 0.301461
vt 0.431640 0.626869
vt 0.081441 0.918417
vt 0.251149 0.671747
vt 0.093560 0.908764
vt 0.254745 0.665594
vt 0.623009 0.605077
vt 0.257395 0.283658
vt 0.225406 0.540016
vt 0.345349 0.310599
vt 0.206327 0.407742
vt 0.745264 0.329567
vt 0.379436 0.710209
vt 0.571619 0.385611
vt 0.349678 0.292507
vt 0.237502 0.543247
vt 0.609493 0.641684
vt 0.624281 0.528830
vt 0.157798 0.913025
vt 0.682363 0.909302
vt 0.545212 0.648519
vt 0.418324 0.623632
vt 0.399967 0.740625
vt 0.593664 0.380671
vt 0.392927 0.787415
vt 0.341429 0.483432
vt 0.618744 0.379783
vt 0.092577 0.927937
vt 0.332940 0.508059
vt 0.407518 0.706475
vt 0.616750 0.593921
vt 0.197940 0.000293
vt 0.341774 0.543103
vt 0.464859 0.637503
vt 0.358156 0.579456
vt 0.488906 0.644657
vt 0.583688 0.622245
vt 0.453366 0.644056
vt 0.337334 0.575974
vt 0.509380 0.635078
vt 0.426118 0.671010
vt 0.087260 0.946028
vt 0.587001 0.564169
vt 0.562977 0.605933
vt 0.577137 0.579799
vt 0.131758 0.954367
vt 0.224534 0.006395
vt 0.354755 0.513977
vt 0.532646 0.615611
vt 0.419028 0.760706
vt 0.102566 0.958803
vt 0.081677 0.975443
vt 0.448101 0.686420
vt 0.245402 0.023793
vt 0.419789 0.785766
vt 0.349342 0.489948
vt 0.568378 0.531549
vt 0.155405 0.975323
vt 0.438086 0.718271
vt 0.477191 0.606097
vt 0.196001 0.004271
vt 0.448509 0.599978
vt 0.363147 0.561293
vt 0.448173 0.752452
vt 0.149955 0.978737
vt 0.458504 0.765522
vt 0.218458 0.041543
vt 0.557664 0.558690
vt 0.127964 0.979454
vt 0.503079 0.702375
vt 0.211535 0.019811
vt 0.531554 0.581704
vt 0.561420 0.536146
vt 0.451763 0.582658
vt 0.004805 0.302905
vt 0.046516 0.309789
vt 0.187475 0.020417
vt 0.472811 0.723732
vt 0.507103 0.591092
vt 0.015446 0.272179
vt 0.045176 0.276817
vt 0.932831 0.385966
vt 0.040307 0.305606
vt 0.037354 0.310665
vt 0.043353 0.309595
vt 0.193455 0.033338
vt 0.440371 0.578240
vt 0.015414 0.288468
vt 0.042423 0.249587
vt 0.028338 0.243574
vt 0.045736 0.245240
vt 0.466656 0.578146
vt 0.953465 0.411830
vt 0.036252 0.282254
vt 0.028821 0.259310
vt 0.446182 0.575020
vt 0.018828 0.301048
vt 0.163299 0.562506
vt 0.147085 0.987815
vt 0.517216 0.710443
vt 0.544466 0.540341
vt 0.499218 0.558841
vt 0.029408 0.283047
vt 0.106912 0.536891
vt 0.938187 0.380094
vt 0.494358 0.751072
vt 0.198327 0.057101
vt 0.038867 0.239220
vt 0.530593 0.544195
vt 0.557875 0.528889
vt 0.136467 0.554099
vt 0.507065 0.731336
vt 0.477476 0.563716
vt 0.039127 0.225187
vt 0.360373 0.971326
vt 0.086337 0.530900
vt 0.955196 0.391734
vt 0.028497 0.312840
vt 0.509031 0.549666
vt 0.111121 0.541907
vt 0.496819 0.749634
vt 0.355407 0.972457
vt 0.095839 0.534446
vt 0.368726 0.971279
vt 0.446624 0.567449
vt 0.026367 0.313965
vt 0.025672 0.309748
vt 0.481747 0.559847
vt 0.172721 0.579572
vt 0.562429 0.521804
vt 0.159557 0.984507
vt 0.112400 0.547889
vt 0.503707 0.749847
vt 0.380109 0.970687
vt 0.444932 0.558173
vt 0.379407 0.931911
vt 0.441650 0.562988
vt 0.111353 0.558724
vt 0.160694 0.573980
vt 0.152466 0.990437
vt 0.349490 0.966894
vt 0.082049 0.540938
vt 0.457192 0.554961
vt 0.395264 0.973633
vt 0.493793 0.539978
vt 0.526203 0.514772
vt 0.366553 0.908208
vt 0.386166 0.967718
vt 0.445012 0.552901
vt 0.384106 0.939828
vt 0.320751 0.973436
vt 0.102932 0.575036
vt 0.511655 0.525490
vt 0.135421 0.589807
vt 0.354133 0.927686
vt 0.350863 0.944979
vt 0.062105 0.539183
vt 0.366216 0.842672
vt 0.909564 0.053798
vt 0.347409 0.910039
vt 0.115060 0.826375
vt 0.457889 0.067827
vt 0.930213 0.030268
vt 0.386519 0.910309
vt 0.127278 0.828036
vt 0.129961 0.823329
vt 0.938564 0.034183
vt 0.103081 0.822898
vt 0.382325 0.850763
vt 0.920707 0.074517
vt 0.424376 0.064578
vt 0.910732 0.048361
vt 0.337902 0.932917
vt 0.067889 0.549729
vt 0.427694 0.061683
vt 0.907168 0.046492
vt 0.412198 0.972906
vt 0.460524 0.525057
vt 0.433863 0.057177
vt 0.902984 0.043645
vt 0.932928 0.039912
vt 0.121148 0.815053
vt 0.396020 0.931389
vt 0.443400 0.539091
vt 0.923776 0.042966
vt 0.144657 0.602434
vt 0.511719 0.495117
vt 0.530161 0.502370
vt 0.441870 0.052114
vt 0.897598 0.039906
vt 0.344496 0.858328
vt 0.890749 0.037369
vt 0.932899 0.041538
vt 0.433938 0.971047
vt 0.084846 0.609846
vt 0.473695 0.509506
vt 0.412772 0.943536
vt 0.104952 0.839261
vt 0.449407 0.045839
vt 0.891174 0.036475
vt 0.105575 0.802609
vt 0.080514 0.098481
vt 0.403500 0.865615
vt 0.928725 0.084742
vt 0.295680 0.975909
vt 0.080833 0.588513
vt 0.056310 0.059331
vt 0.328631 0.865148
vt 0.877429 0.065690
vt 0.137920 0.822987
vt 0.940221 0.037564
vt 0.053450 0.122493
vt 0.947030 0.054520
vt 0.107611 0.608109
vt 0.490502 0.492333
vt 0.100320 0.839115
vt 0.454944 0.039645
vt 0.121600 0.810654
vt 0.102346 0.808062
vt 0.049066 0.129651
vt 0.948867 0.045740
vt 0.111527 0.803883
vt 0.105358 0.801095
vt 0.121535 0.806044
vt 0.099331 0.820888
vt 0.095630 0.816573
vt 0.100960 0.804394
vt 0.100643 0.789714
vt 0.320207 0.939980
vt 0.047783 0.132383
vt 0.948890 0.042951
vt 0.047714 0.135850
vt 0.144389 0.818403
vt 0.948224 0.039696
vt 0.105340 0.774509
vt 0.284007 0.962129
vt 0.451233 0.960420
vt 0.063752 0.605023
vt 0.023825 0.071712
vt 0.873268 0.039270
vt 0.065949 0.065897
vt 0.320313 0.882917
vt 0.007929 0.071046
vt 0.458569 0.026801
vt 0.131430 0.796312
vt 0.083972 0.769798
vt 0.088732 0.838263
vt 0.459470 0.027078
vt 0.074929 0.089909
vt 0.423013 0.885881
vt 0.303088 0.940971
vt 0.011500 0.072730
vt 0.026676 0.791552
vt 0.455638 0.027535
vt 0.874361 0.031510
vt 0.429402 0.937476
vt 0.427361 0.042002
vt 0.014552 0.072540
vt 0.024744 0.787247
vt 0.874381 0.033498
vt 0.728545 0.012978
vt 0.157199 0.802708
vt 0.009842 0.075089
vt 0.076404 0.839897
vt 0.027509 0.793612
vt 0.463744 0.015537
vt 0.082409 0.815943
vt 0.040565 0.130058
vt 0.152645 0.810261
vt 0.983951 0.549017
vt 0.083801 0.751953
vt 0.070751 0.076627
vt 0.296253 0.890438
vt 0.443755 0.895903
vt 0.033350 0.116728
vt 0.050551 0.073659
vt 0.069134 0.813262
vt 0.139070 0.785933
vt 0.047503 0.107572
vt 0.031637 0.756257
vt 0.066466 0.818254
vt 0.054377 0.086150
vt 0.405624 0.031645
vt 0.729813 0.011392
vt 0.034239 0.125033
vt 0.158399 0.804319
vt 0.980498 0.543893
vt 0.096289 0.752936
vt 0.424975 0.039554
vt 0.070595 0.839534
vt 0.023935 0.782630
vt 0.974156 0.540059
vt 0.105530 0.755093
vt 0.423653 0.045907
vt 0.015771 0.100582
vt 0.017312 0.092625
vt 0.030595 0.739878
vt 0.486679 0.966602
vt 0.695726 0.015354
vt 0.057078 0.807099
vt 0.145033 0.774128
vt 0.074567 0.770191
vt 0.031863 0.746946
vt 0.061350 0.811705
vt 0.403891 0.044837
vt 0.021014 0.117023
vt 0.025918 0.780275
vt 0.069702 0.837822
vt 0.414022 0.039441
vt 0.014164 0.776305
vt 0.725623 0.002076
vt 0.708825 0.016312
vt 0.145077 0.787845
vt 0.020819 0.106141
vt 0.014320 0.761992
vt 0.714651 0.001345
vt 0.963275 0.554583
vt 0.069929 0.732953
vt 0.025850 0.746786
vt 0.013394 0.746580
vt 0.495188 0.968294
vt 0.704323 0.002589
vt 0.966572 0.531031
vt 0.059305 0.756143
vt 0.128133 0.755895
vt 0.488732 0.971180
vt 0.697333 0.009372
vt 0.955880 0.550890
vt 0.113824 0.753942
vt 0.948322 0.556617
vt 0.059134 0.723427
vt 0.063323 0.728662
vt 0.007779 0.115672
vt 0.405419 0.063007
vt 0.013759 0.711465
vt 0.494734 0.953753
s 1
usemtl tripo_mat_22018b5c-7f4d-46d5-9bf0-78b7c5a1ad2e
f 1206/2212/1 1220/2239/2 1210/2220/3
f 1206/2212/1 1210/2220/3 1191/2181/4
f 1191/2181/4 1210/2220/3 1195/2185/5
f 1202/2201/6 1210/2220/3 1220/2239/2
f 1195/2185/5 1210/2220/3 1197/2188/7
f 1206/2211/1 1198/2189/8 1220/2240/2
f 1220/2240/2 1208/2215/9 1202/2200/6
f 1198/2189/8 1208/2215/9 1220/2240/2
f 1208/2215/9 1200/2195/10 1202/2200/6
f 1202/2200/6 1200/2195/10 1184/2163/11
f 1213/2225/12 1214/2226/13 1221/2241/14
f 1213/2225/12 1221/2241/14 1203/2203/15
f 1213/2225/12 1203/2203/15 1205/2209/16
f 1213/2225/12 1211/2221/17 1214/2226/13
f 1208/2216/9 1211/2221/17 1207/2213/18
f 1207/2213/18 1211/2221/17 1196/2186/19
f 1196/2186/19 1211/2221/17 1213/2225/12
f 1196/2186/19 1213/2225/12 1205/2209/16
f 1207/2213/18 1200/2197/10 1208/2216/9
f 1216/2232/20 1221/2242/14 1214/2227/13
f 1221/2242/14 1216/2232/20 1203/2204/15
f 1199/2193/21 1212/2223/22 1218/2236/23
f 1199/2193/21 1218/2236/23 1201/2198/24
f 1201/2198/24 1218/2236/23 1217/2234/25
f 1217/2234/25 1218/2236/23 1215/2229/26
f 1199/2193/21 1189/2176/27 1212/2223/22
f 1219/2238/28 1218/2237/23 1212/2224/22
f 1212/2224/22 1189/2177/27 1178/2152/29
f 1172/2141/30 1189/2177/27 1199/2194/21
f 1189/2177/27 1172/2141/30 1168/2134/31
f 1178/2152/29 1189/2177/27 1168/2134/31
f 1172/2141/30 1163/2129/32 1168/2134/31
f 1164/2130/33 1172/2141/30 1177/2151/34
f 1163/2129/32 1172/2141/30 1164/2130/33
f 1168/2134/31 1163/2129/32 1167/2133/35
f 1168/2134/31 1167/2133/35 1178/2152/29
f 1215/2230/26 1219/2238/28 1193/2183/36
f 1219/2238/28 1212/2224/22 1204/2208/37
f 1212/2224/22 1178/2152/29 1204/2208/37
f 1218/2237/23 1219/2238/28 1215/2230/26
f 1209/2218/38 1203/2205/15 1216/2233/20
f 1214/2228/13 1209/2218/38 1216/2233/20
f 1208/2217/9 1198/2190/8 1185/2167/39
f 1208/2217/9 1185/2167/39 1211/2222/17
f 1211/2222/17 1185/2167/39 1209/2218/38
f 1214/2228/13 1211/2222/17 1209/2218/38
f 1202/2201/6 1174/2145/40 1192/2182/41
f 1182/2158/42 1186/2169/43 1176/2149/44
f 1210/2220/3 1202/2201/6 1192/2182/41
f 1210/2220/3 1192/2182/41 1197/2188/7
f 1192/2182/41 1175/2147/45 1197/2188/7
f 1174/2145/40 1154/2113/46 1192/2182/41
f 1191/2181/4 1195/2185/5 1156/2118/47
f 1206/2212/1 1161/2126/48 1198/2191/8
f 1206/2212/1 1191/2181/4 1161/2126/48
f 1170/2136/49 1198/2191/8 1161/2126/48
f 1198/2191/8 1170/2136/49 1188/2174/50
f 1161/2126/48 1191/2181/4 1156/2118/47
f 1188/2174/50 1170/2136/49 1171/2138/51
f 1190/2178/52 1197/2188/7 1175/2147/45
f 1197/2188/7 1190/2178/52 1180/2155/53
f 1156/2118/47 1180/2155/53 1152/2108/54
f 1180/2155/53 1156/2118/47 1195/2185/5
f 1205/2210/16 1193/2183/36 1196/2187/19
f 1193/2183/36 1205/2210/16 1203/2206/15
f 1203/2206/15 1215/2230/26 1193/2183/36
f 1193/2183/36 1219/2238/28 1204/2208/37
f 1193/2183/36 1204/2208/37 1187/2173/55
f 1207/2214/18 1196/2187/19 1179/2153/56
f 1193/2183/36 1187/2173/55 1196/2187/19
f 1200/2196/10 1207/2214/18 1186/2170/43
f 1158/2122/57 1179/2153/56 1166/2132/58
f 1166/2132/58 1179/2153/56 1187/2173/55
f 1207/2214/18 1179/2153/56 1186/2170/43
f 1187/2173/55 1179/2153/56 1196/2187/19
f 1133/2074/59 1150/2104/60 1158/2122/57
f 1150/2104/60 1133/2074/59 1130/2067/61
f 1130/2067/61 1141/2088/62 1132/2071/63
f 1155/2116/64 1141/2088/62 1159/2124/65
f 1141/2088/62 1130/2067/61 1151/2107/66
f 1159/2124/65 1141/2088/62 1162/2128/67
f 1141/2088/62 1151/2107/66 1162/2128/67
f 1162/2128/67 1164/2130/33 1159/2124/65
f 1164/2130/33 1155/2116/64 1159/2124/65
f 1163/2129/32 1162/2128/67 1151/2107/66
f 1130/2067/61 1133/2074/59 1151/2107/66
f 1151/2107/66 1133/2074/59 1160/2125/68
f 1133/2074/59 1165/2131/69 1160/2125/68
f 1133/2074/59 1158/2122/57 1165/2131/69
f 1165/2131/69 1158/2122/57 1166/2132/58
f 1202/2202/6 1184/2164/11 1174/2145/40
f 1175/2147/45 1192/2182/41 1154/2113/46
f 1195/2185/5 1197/2188/7 1180/2155/53
f 1217/2235/25 1215/2231/26 1194/2184/70
f 1199/2194/21 1201/2199/24 1172/2141/30
f 1215/2231/26 1203/2207/15 1194/2184/70
f 1194/2184/70 1203/2207/15 1209/2219/38
f 1194/2184/70 1209/2219/38 1177/2151/34
f 1201/2199/24 1217/2235/25 1194/2184/70
f 1177/2151/34 1201/2199/24 1194/2184/70
f 1177/2151/34 1172/2141/30 1201/2199/24
f 1200/2197/10 1186/2171/43 1182/2159/42
f 1200/2197/10 1182/2159/42 1184/2165/11
f 1177/2151/34 1209/2219/38 1185/2168/39
f 1185/2168/39 1198/2192/8 1188/2175/50
f 1185/2168/39 1188/2175/50 1171/2139/51
f 1177/2151/34 1185/2168/39 1171/2139/51
f 1166/2132/58 1187/2173/55 1178/2152/29
f 1167/2133/35 1166/2132/58 1178/2152/29
f 1151/2107/66 1160/2125/68 1163/2129/32
f 1167/2133/35 1163/2129/32 1160/2125/68
f 1173/2142/71 1190/2179/52 1181/2157/72
f 1123/2057/73 1153/2111/74 1169/2135/75
f 1173/2142/71 1181/2157/72 1153/2111/74
f 1181/2157/72 1190/2179/52 1175/2148/45
f 1169/2135/75 1181/2157/72 1175/2148/45
f 1154/2114/46 1169/2135/75 1175/2148/45
f 1169/2135/75 1136/2079/76 1123/2057/73
f 1153/2111/74 1181/2157/72 1169/2135/75
f 1107/2028/77 1116/2047/78 1126/2061/79
f 1107/2028/77 1126/2061/79 1104/2021/80
f 1108/2030/81 1104/2021/80 1126/2061/79
f 1118/2050/82 1121/2054/83 1142/2089/84
f 1121/2054/83 1122/2056/85 1142/2089/84
f 1113/2042/86 1122/2056/85 1121/2054/83
f 1149/2103/87 1152/2109/54 1183/2162/88
f 1152/2109/54 1149/2103/87 1131/2070/89
f 1152/2109/54 1131/2070/89 1134/2075/90
f 1131/2070/89 1149/2103/87 1142/2089/84
f 1138/2083/91 1142/2089/84 1149/2103/87
f 1149/2103/87 1183/2162/88 1148/2100/92
f 1138/2083/91 1149/2103/87 1148/2100/92
f 1183/2162/88 1173/2143/71 1148/2100/92
f 1129/2066/93 1136/2079/76 1169/2135/75
f 1129/2066/93 1126/2061/79 1136/2079/76
f 1155/2116/64 1164/2130/33 1171/2139/51
f 1177/2151/34 1171/2139/51 1164/2130/33
f 1132/2072/63 1141/2088/62 1155/2116/64
f 1180/2156/53 1190/2180/52 1183/2162/88
f 1190/2180/52 1173/2143/71 1183/2162/88
f 1180/2156/53 1183/2162/88 1152/2109/54
f 1134/2075/90 1120/2053/94 1128/2064/95
f 1134/2075/90 1131/2070/89 1120/2053/94
f 1154/2114/46 1146/2097/96 1129/2066/93
f 1120/2053/94 1108/2030/81 1126/2061/79
f 1120/2053/94 1126/2061/79 1129/2066/93
f 1154/2114/46 1129/2066/93 1169/2135/75
f 1146/2097/96 1120/2053/94 1129/2066/93
f 1120/2053/94 1146/2097/96 1128/2064/95
f 1120/2053/94 1131/2070/89 1113/2042/86
f 1113/2042/86 1108/2030/81 1120/2053/94
f 1136/2079/76 1126/2061/79 1127/2062/97
f 1127/2062/97 1126/2061/79 1116/2047/78
f 1142/2089/84 1122/2056/85 1131/2070/89
f 1131/2070/89 1122/2056/85 1113/2042/86
f 1162/2128/67 1163/2129/32 1164/2130/33
f 1178/2152/29 1187/2173/55 1204/2208/37
f 1113/2042/86 1121/2054/83 1112/2040/98
f 1176/2150/44 1186/2172/43 1179/2154/56
f 1176/2150/44 1179/2154/56 1158/2123/57
f 1158/2123/57 1150/2105/60 1182/2160/42
f 1158/2123/57 1182/2160/42 1176/2150/44
f 1145/2095/99 1150/2105/60 1130/2068/61
f 1145/2095/99 1130/2068/61 1139/2085/100
f 1130/2068/61 1137/2081/101 1139/2085/100
f 1137/2081/101 1130/2068/61 1135/2077/102
f 1153/2112/74 1157/2120/103 1173/2144/71
f 1173/2144/71 1157/2120/103 1148/2101/92
f 1157/2120/103 1153/2112/74 1125/2060/104
f 1144/2092/105 1157/2120/103 1125/2060/104
f 1125/2060/104 1153/2112/74 1123/2058/73
f 1123/2058/73 1115/2045/106 1125/2060/104
f 1123/2058/73 1114/2044/107 1115/2045/106
f 1125/2060/104 1110/2035/108 1144/2092/105
f 1125/2060/104 1115/2045/106 1110/2035/108
f 1115/2045/106 1114/2044/107 1093/2004/109
f 1093/2004/109 1114/2044/107 1101/2017/110
f 1101/2017/110 1114/2044/107 1111/2038/111
f 1107/2029/77 1097/2010/112 1106/2026/113
f 1106/2026/113 1111/2038/111 1107/2029/77
f 1116/2048/78 1107/2029/77 1111/2038/111
f 1114/2044/107 1116/2048/78 1111/2038/111
f 1107/2029/77 1104/2022/80 1097/2010/112
f 1114/2044/107 1136/2080/76 1116/2048/78
f 1114/2044/107 1123/2058/73 1136/2080/76
f 1136/2080/76 1127/2063/97 1116/2048/78
f 1170/2137/49 1161/2127/48 1140/2087/114
f 1155/2117/64 1171/2140/51 1170/2137/49
f 1155/2117/64 1170/2137/49 1140/2087/114
f 1156/2119/47 1147/2099/115 1161/2127/48
f 1147/2099/115 1156/2119/47 1134/2076/90
f 1152/2110/54 1134/2076/90 1156/2119/47
f 1147/2099/115 1134/2076/90 1128/2065/95
f 1140/2087/114 1161/2127/48 1147/2099/115
f 1143/2091/116 1128/2065/95 1135/2078/102
f 1130/2069/61 1132/2073/63 1140/2087/114
f 1132/2073/63 1155/2117/64 1140/2087/114
f 1130/2069/61 1140/2087/114 1135/2078/102
f 1135/2078/102 1140/2087/114 1143/2091/116
f 1140/2087/114 1147/2099/115 1143/2091/116
f 1147/2099/115 1128/2065/95 1143/2091/116
f 1135/2078/102 1128/2065/95 1137/2082/101
f 1139/2086/100 1137/2082/101 1128/2065/95
f 1145/2096/99 1139/2086/100 1150/2106/60
f 1139/2086/100 1128/2065/95 1150/2106/60
f 1146/2098/96 1150/2106/60 1128/2065/95
f 1150/2106/60 1146/2098/96 1182/2161/42
f 1184/2166/11 1182/2161/42 1146/2098/96
f 1118/2051/82 1142/2090/84 1138/2084/91
f 1148/2102/92 1124/2059/117 1138/2084/91
f 1119/2052/118 1148/2102/92 1157/2121/103
f 1119/2052/118 1157/2121/103 1144/2093/105
f 1148/2102/92 1119/2052/118 1124/2059/117
f 1119/2052/118 1144/2094/105 1110/2036/108
f 1119/2052/118 1110/2036/108 1100/2016/119
f 1100/2016/119 1080/1979/120 1094/2007/121
f 1100/2016/119 1094/2007/121 1118/2051/82
f 1124/2059/117 1119/2052/118 1100/2016/119
f 1100/2016/119 1118/2051/82 1124/2059/117
f 1146/2098/96 1154/2115/46 1174/2146/40
f 1146/2098/96 1174/2146/40 1184/2166/11
f 1124/2059/117 1118/2051/82 1138/2084/91
f 1118/2051/82 1105/2025/122 1117/2049/123
f 1109/2034/124 1105/2025/122 1095/2008/125
f 1102/2019/126 1109/2034/124 1095/2008/125
f 1089/1998/127 1102/2019/126 1095/2008/125
f 1095/2008/125 1083/1985/128 1089/1998/127
f 1089/1998/127 1083/1985/128 1071/1966/129
f 1089/1998/127 1071/1966/129 1072/1968/130
f 1071/1966/129 1083/1985/128 1056/1946/131
f 1081/1980/132 1089/1998/127 1072/1968/130
f 1083/1985/128 1095/2008/125 1105/2025/122
f 1083/1985/128 1079/1978/133 1064/1955/134
f 1079/1978/133 1060/1950/135 1064/1955/134
f 1061/1951/136 1060/1950/135 1076/1974/137
f 1060/1950/135 1079/1978/133 1076/1974/137
f 1076/1974/137 1079/1978/133 1094/2007/121
f 1094/2007/121 1080/1979/120 1076/1974/137
f 1118/2051/82 1094/2007/121 1099/2015/138
f 1099/2015/138 1094/2007/121 1079/1978/133
f 1083/1985/128 1105/2025/122 1079/1978/133
f 1079/1978/133 1105/2025/122 1099/2015/138
f 1083/1985/128 1064/1955/134 1056/1946/131
f 1071/1966/129 1056/1946/131 1053/1942/139
f 1064/1955/134 1043/1927/140 1056/1946/131
f 1043/1927/140 1041/1923/141 1009/1860/142
f 1112/2041/98 1117/2049/123 1109/2034/124
f 1109/2034/124 1117/2049/123 1105/2025/122
f 1109/2034/124 1102/2019/126 1108/2031/81
f 1109/2034/124 1108/2031/81 1112/2041/98
f 1108/2031/81 1102/2019/126 1092/2002/143
f 1092/2002/143 1102/2019/126 1089/1998/127
f 1117/2049/123 1121/2055/83 1118/2051/82
f 1121/2055/83 1117/2049/123 1112/2041/98
f 1086/1993/144 1092/2002/143 1089/1998/127
f 1081/1980/132 1086/1993/144 1089/1998/127
f 1112/2041/98 1108/2031/81 1113/2043/86
f 1167/2133/35 1160/2125/68 1166/2132/58
f 1166/2132/58 1160/2125/68 1165/2131/69
f 1118/2051/82 1099/2015/138 1105/2025/122
f 1076/1974/137 1080/1979/120 1059/1949/145
f 1059/1949/145 1080/1979/120 1069/1963/146
f 1069/1963/146 1080/1979/120 1100/2016/119
f 1069/1963/146 1100/2016/119 1110/2036/108
f 1059/1949/145 1061/1951/136 1076/1974/137
f 1059/1949/145 1050/1937/147 1061/1951/136
f 1050/1937/147 1059/1949/145 1026/1893/148
f 1059/1949/145 1069/1963/146 1026/1893/148
f 1069/1963/146 1042/1924/149 1026/1893/148
f 1050/1937/147 1060/1950/135 1061/1951/136
f 1060/1950/135 1050/1937/147 1036/1913/150
f 1054/1943/151 1060/1950/135 1010/1861/152
f 1010/1861/152 1060/1950/135 1036/1913/150
f 1010/1861/152 1041/1923/141 1054/1943/151
f 1060/1950/135 1054/1943/151 1064/1955/134
f 1064/1955/134 1054/1943/151 1043/1927/140
f 1054/1943/151 1041/1923/141 1043/1927/140
f 1115/2046/106 1074/1971/153 1110/2037/108
f 1074/1971/153 1115/2046/106 1093/2005/109
f 1074/1971/153 1093/2005/109 1077/1975/154
f 1077/1975/154 1062/1952/155 1074/1971/153
f 1074/1971/153 1069/1964/146 1110/2037/108
f 1067/1958/156 1066/1957/157 1077/1975/154
f 1069/1964/146 1074/1971/153 1062/1952/155
f 1062/1952/155 1047/1934/158 1031/1902/159
f 1062/1952/155 1042/1925/149 1069/1964/146
f 1031/1902/159 1042/1925/149 1062/1952/155
f 1058/1948/160 1066/1957/157 1067/1958/156
f 1066/1957/157 1058/1948/160 1047/1934/158
f 1047/1934/158 1058/1948/160 1034/1909/161
f 1067/1958/156 1034/1909/161 1058/1948/160
f 1066/1957/157 1062/1952/155 1077/1975/154
f 1066/1957/157 1047/1934/158 1062/1952/155
f 1090/1999/162 1085/1988/163 1097/2011/112
f 1090/1999/162 1097/2011/112 1104/2023/80
f 1106/2027/113 1097/2012/112 1101/2018/110
f 1111/2039/111 1106/2027/113 1101/2018/110
f 1101/2018/110 1097/2012/112 1075/1972/164
f 1101/2018/110 1082/1984/165 1093/2006/109
f 1093/2006/109 1082/1984/165 1077/1976/154
f 1077/1976/154 1082/1984/165 1067/1959/156
f 1070/1965/166 1067/1959/156 1082/1984/165
f 1075/1972/164 1082/1984/165 1101/2018/110
f 1075/1972/164 1068/1961/167 1065/1956/168
f 1073/1970/169 1075/1972/164 1065/1956/168
f 1073/1970/169 1070/1965/166 1082/1984/165
f 1075/1972/164 1073/1970/169 1082/1984/165
f 1070/1965/166 1065/1956/168 1045/1929/170
f 1084/1986/171 1088/1996/172 1086/1994/144
f 1086/1994/144 1088/1996/172 1091/2001/173
f 1091/2001/173 1098/2014/174 1096/2009/175
f 1103/2020/176 1098/2014/174 1091/2001/173
f 1088/1997/172 1087/1995/177 1103/2020/176
f 1103/2020/176 1087/1995/177 1098/2014/174
f 1103/2020/176 1091/2001/173 1088/1996/172
f 1085/1989/163 1087/1995/177 1084/1987/171
f 1084/1987/171 1087/1995/177 1088/1997/172
f 1092/2003/143 1091/2001/173 1096/2009/175
f 1091/2001/173 1092/2003/143 1086/1994/144
f 1084/1986/171 1086/1994/144 1081/1981/132
f 1098/2014/174 1087/1995/177 1090/2000/162
f 1098/2014/174 1090/2000/162 1096/2009/175
f 1087/1995/177 1085/1990/163 1090/2000/162
f 1096/2009/175 1104/2024/80 1108/2032/81
f 1104/2024/80 1096/2009/175 1090/2000/162
f 1084/1987/171 1081/1982/132 1085/1991/163
f 1108/2033/81 1092/2003/143 1096/2009/175
f 1085/1992/163 1081/1983/132 1078/1977/178
f 1081/1983/132 1072/1967/130 1078/1977/178
f 1078/1977/178 1072/1967/130 1051/1938/179
f 1063/1953/180 1078/1977/178 1051/1938/179
f 1078/1977/178 1063/1953/180 1075/1973/164
f 1075/1973/164 1063/1953/180 1068/1960/167
f 1075/1973/164 1085/1992/163 1078/1977/178
f 1097/2013/112 1085/1992/163 1075/1973/164
f 1053/1942/139 1052/1940/181 1071/1966/129
f 1032/1904/182 1056/1946/131 1043/1927/140
f 1052/1940/181 1072/1968/130 1071/1966/129
f 1032/1904/182 1053/1942/139 1056/1946/131
f 1032/1904/182 1025/1890/183 1053/1942/139
f 1053/1942/139 1025/1890/183 1052/1940/181
f 1055/1944/184 1052/1940/181 1025/1890/183
f 1034/1908/161 1067/1959/156 1057/1947/185
f 1057/1947/185 1044/1928/186 1034/1908/161
f 1019/1878/187 1044/1928/186 1028/1897/188
f 1044/1928/186 1019/1879/187 1034/1908/161
f 1070/1965/166 1045/1929/170 1049/1936/189
f 1073/1970/169 1065/1956/168 1070/1965/166
f 1009/1860/142 1041/1923/141 1006/1854/190
f 1009/1860/142 1006/1854/190 946/1737/191
f 1006/1854/190 984/1806/192 946/1737/191
f 1010/1861/152 1006/1855/190 1041/1923/141
f 1023/1887/193 1036/1913/150 1050/1937/147
f 979/1796/194 958/1761/195 1023/1887/193
f 1026/1893/148 979/1796/194 1023/1887/193
f 1023/1887/193 1050/1937/147 1026/1893/148
f 1012/1865/196 1023/1887/193 958/1761/195
f 1065/1956/168 1068/1961/167 1046/1931/197
f 1065/1956/168 1046/1931/197 1045/1929/170
f 1046/1931/197 1014/1869/198 1045/1929/170
f 1022/1885/199 1039/1919/200 1003/1849/201
f 1039/1919/200 1049/1936/189 1045/1929/170
f 1049/1936/189 1057/1947/185 1070/1965/166
f 1067/1959/156 1070/1965/166 1057/1947/185
f 1039/1919/200 1022/1885/199 1057/1947/185
f 1049/1936/189 1039/1919/200 1057/1947/185
f 1022/1885/199 1044/1928/186 1057/1947/185
f 1028/1897/188 1044/1928/186 1022/1885/199
f 985/1808/202 1028/1897/188 1022/1885/199
f 985/1808/202 956/1756/203 1028/1897/188
f 988/1817/204 1032/1904/182 1043/1927/140
f 1009/1860/142 988/1817/204 1043/1927/140
f 1068/1962/167 1063/1954/180 1046/1932/197
f 1051/1939/179 1072/1969/130 1055/1945/184
f 1052/1941/181 1055/1945/184 1072/1969/130
f 1048/1935/205 1063/1954/180 1051/1939/179
f 1055/1945/184 1018/1877/206 1051/1939/179
f 992/1825/207 1048/1935/205 1051/1939/179
f 955/1755/208 1018/1877/206 1005/1853/209
f 955/1755/208 1005/1853/209 934/1714/210
f 1063/1954/180 1048/1935/205 1046/1932/197
f 1048/1935/205 1007/1857/211 1004/1851/212
f 1046/1932/197 1048/1935/205 1004/1851/212
f 961/1766/213 949/1742/214 1004/1851/212
f 918/1685/215 961/1766/213 932/1710/216
f 945/1731/217 932/1710/216 907/1661/218
f 992/1825/207 1007/1857/211 1048/1935/205
f 1018/1877/206 992/1825/207 1051/1939/179
f 1004/1851/212 1007/1857/211 932/1710/216
f 1004/1851/212 932/1710/216 961/1766/213
f 907/1661/218 1007/1857/211 992/1825/207
f 992/1825/207 1018/1877/206 907/1661/218
f 1018/1877/206 955/1755/208 907/1661/218
f 907/1661/218 955/1755/208 926/1698/219
f 1018/1877/206 1055/1945/184 1005/1853/209
f 1007/1857/211 907/1661/218 932/1710/216
f 1031/1902/159 1047/1934/158 965/1771/220
f 965/1771/220 1035/1911/221 997/1837/222
f 975/1788/223 997/1837/222 1035/1911/221
f 1034/1909/161 1035/1911/221 1047/1934/158
f 1035/1911/221 965/1771/220 1047/1934/158
f 1005/1853/209 1025/1891/183 938/1720/224
f 1005/1853/209 1055/1945/184 1025/1891/183
f 934/1714/210 926/1699/219 955/1755/208
f 938/1720/224 934/1714/210 1005/1853/209
f 1029/1899/225 1027/1895/226 1002/1847/227
f 1002/1847/227 987/1813/228 1029/1899/225
f 1020/1881/229 1001/1844/230 1038/1918/231
f 1020/1881/229 976/1791/232 1001/1844/230
f 980/1798/233 1038/1918/231 968/1776/234
f 1001/1844/230 968/1776/234 1038/1918/231
f 974/1786/235 989/1819/236 959/1763/237
f 954/1751/238 959/1763/237 989/1819/236
f 954/1751/238 989/1819/236 981/1800/239
f 989/1819/236 974/1786/235 1029/1899/225
f 974/1786/235 976/1791/232 1029/1899/225
f 976/1791/232 1020/1881/229 1027/1895/226
f 1029/1899/225 976/1791/232 1027/1895/226
f 1038/1917/231 998/1839/240 993/1826/241
f 973/1785/242 998/1839/240 1015/1871/243
f 981/1801/239 973/1785/242 1015/1871/243
f 1029/1900/225 987/1814/228 989/1820/236
f 987/1814/228 966/1773/244 989/1820/236
f 981/1801/239 989/1820/236 966/1773/244
f 966/1773/244 960/1765/245 981/1801/239
f 973/1785/242 981/1801/239 960/1765/245
f 998/1839/240 973/1785/242 993/1826/241
f 1020/1882/229 993/1826/241 999/1841/246
f 993/1826/241 1020/1882/229 1038/1917/231
f 1027/1896/226 1020/1882/229 1002/1848/227
f 1002/1848/227 1020/1882/229 999/1841/246
f 953/1750/247 993/1826/241 973/1785/242
f 900/1649/248 962/1768/249 977/1793/250
f 900/1649/248 910/1668/251 962/1768/249
f 889/1631/252 962/1768/249 910/1668/251
f 930/1708/253 848/1573/254 921/1690/255
f 921/1690/255 911/1671/256 930/1708/253
f 930/1708/253 966/1774/244 967/1775/257
f 967/1775/257 966/1774/244 1012/1867/196
f 979/1797/194 889/1631/252 958/1762/195
f 979/1797/194 962/1768/249 889/1631/252
f 930/1708/253 958/1762/195 889/1631/252
f 977/1793/250 1042/1926/149 1031/1903/159
f 962/1768/249 1026/1894/148 1042/1926/149
f 1042/1926/149 977/1793/250 962/1768/249
f 979/1797/194 1026/1894/148 962/1768/249
f 995/1834/258 957/1759/259 1017/1875/260
f 982/1803/261 1017/1875/260 957/1759/259
f 1016/1873/262 1040/1921/263 1030/1901/264
f 990/1821/265 1016/1873/262 1030/1901/264
f 970/1779/266 1030/1901/264 1024/1889/267
f 990/1821/265 1030/1901/264 970/1779/266
f 995/1831/258 970/1779/266 1024/1889/267
f 1017/1875/260 982/1803/261 1037/1916/268
f 996/1835/269 1033/1907/270 1037/1916/268
f 1040/1922/263 1008/1858/271 1033/1906/270
f 1037/1915/268 1033/1906/270 1008/1858/271
f 1037/1915/268 1013/1868/272 1017/1876/260
f 1013/1868/272 1037/1915/268 1008/1858/271
f 1017/1876/260 1013/1868/272 991/1824/273
f 991/1824/273 983/1805/274 1017/1876/260
f 983/1805/274 969/1778/275 995/1833/258
f 983/1805/274 963/1769/276 969/1778/275
f 963/1769/276 983/1805/274 972/1784/277
f 903/1654/278 969/1778/275 927/1701/279
f 927/1701/279 969/1778/275 963/1769/276
f 920/1688/280 927/1701/279 963/1769/276
f 920/1688/280 963/1769/276 925/1696/281
f 963/1769/276 972/1784/277 925/1696/281
f 956/1758/203 1011/1864/282 1028/1898/188
f 1011/1864/282 1008/1858/271 1019/1880/187
f 1011/1864/282 1019/1880/187 1028/1898/188
f 1016/1874/262 1019/1880/187 1008/1858/271
f 1016/1874/262 990/1822/265 1035/1912/221
f 1035/1912/221 990/1822/265 975/1789/223
f 956/1758/203 972/1784/277 1011/1864/282
f 925/1696/281 972/1784/277 928/1705/283
f 995/1833/258 1017/1876/260 983/1805/274
f 1004/1852/212 1014/1870/198 1046/1933/197
f 885/1626/284 949/1743/214 915/1681/285
f 868/1601/286 885/1626/284 915/1681/285
f 915/1681/285 899/1647/287 870/1604/288
f 899/1647/287 810/1507/289 870/1604/288
f 1039/1920/200 1045/1930/170 1014/1870/198
f 944/1730/290 1014/1870/198 949/1743/214
f 885/1626/284 944/1730/290 949/1743/214
f 1004/1852/212 949/1743/214 1014/1870/198
f 1003/1850/201 985/1809/202 1022/1886/199
f 1039/1920/200 1014/1870/198 939/1723/291
f 939/1723/291 1014/1870/198 944/1730/290
f 1039/1920/200 939/1723/291 1003/1850/201
f 956/1757/203 985/1809/202 905/1658/292
f 956/1757/203 905/1658/292 867/1598/293
f 1003/1850/201 905/1658/292 985/1809/202
f 996/1835/269 1037/1916/268 982/1803/261
f 1033/1907/270 996/1835/269 1021/1883/294
f 1040/1921/263 1033/1907/270 986/1810/295
f 986/1810/295 1033/1907/270 1021/1883/294
f 1040/1921/263 986/1810/295 978/1794/296
f 994/1827/297 995/1832/258 1000/1842/298
f 1024/1889/267 1030/1901/264 1000/1842/298
f 1024/1889/267 1000/1842/298 995/1832/258
f 1030/1901/264 1040/1921/263 978/1794/296
f 1030/1901/264 978/1794/296 1000/1842/298
f 981/1802/239 1015/1872/243 954/1752/238
f 964/1770/299 1032/1905/182 988/1818/204
f 938/1721/224 1025/1892/183 964/1770/299
f 931/1709/300 938/1721/224 964/1770/299
f 856/1585/301 908/1664/302 938/1721/224
f 856/1585/301 938/1721/224 931/1709/300
f 865/1596/303 908/1664/302 856/1585/301
f 908/1664/302 865/1596/303 887/1629/304
f 886/1627/305 908/1664/302 887/1629/304
f 886/1627/305 887/1629/304 841/1562/306
f 860/1589/307 841/1562/306 887/1629/304
f 877/1615/308 860/1589/307 887/1629/304
f 865/1596/303 851/1578/309 877/1615/308
f 841/1562/306 802/1495/310 5/7/311
f 802/1495/310 839/1560/312 821/1530/313
f 851/1578/309 839/1560/312 802/1495/310
f 860/1589/307 802/1495/310 841/1562/306
f 860/1589/307 851/1578/309 802/1495/310
f 860/1589/307 877/1615/308 851/1578/309
f 839/1560/312 851/1578/309 847/1572/314
f 847/1572/314 851/1578/309 865/1596/303
f 847/1572/314 865/1596/303 840/1561/315
f 847/1572/314 837/1557/316 839/1560/312
f 827/1542/317 813/1515/318 832/1549/319
f 840/1561/315 813/1515/318 837/1557/316
f 813/1515/318 836/1555/320 832/1549/319
f 827/1543/317 832/1549/319 836/1555/320
f 897/1644/321 836/1555/320 845/1568/322
f 897/1644/321 823/1534/323 811/1510/324
f 836/1555/320 897/1644/321 811/1510/324
f 1025/1892/183 1032/1905/182 964/1770/299
f 923/1694/325 964/1770/299 988/1818/204
f 964/1770/299 923/1694/325 931/1709/300
f 924/1695/326 923/1694/325 988/1818/204
f 924/1695/326 897/1644/321 923/1694/325
f 859/1588/327 923/1694/325 897/1644/321
f 931/1709/300 859/1588/327 856/1585/301
f 923/1694/325 859/1588/327 931/1709/300
f 924/1695/326 971/1782/328 946/1735/191
f 946/1735/191 864/1594/329 924/1695/326
f 971/1782/328 924/1695/326 1009/1859/142
f 924/1695/326 988/1818/204 1009/1859/142
f 864/1594/329 894/1639/330 873/1608/331
f 894/1639/330 922/1693/332 873/1608/331
f 872/1606/333 906/1660/334 875/1612/335
f 894/1639/330 864/1594/329 946/1735/191
f 894/1639/330 946/1735/191 922/1693/332
f 897/1644/321 864/1594/329 823/1534/323
f 864/1594/329 897/1644/321 924/1695/326
f 845/1568/322 859/1588/327 897/1644/321
f 845/1568/322 840/1561/315 859/1588/327
f 840/1561/315 837/1557/316 847/1572/314
f 856/1585/301 840/1561/315 865/1596/303
f 859/1588/327 840/1561/315 856/1585/301
f 840/1561/315 845/1568/322 836/1555/320
f 836/1555/320 813/1515/318 840/1561/315
s 0
f 954/1752/336 1015/1872/336 980/1798/336
s 1
f 980/1798/233 1015/1872/243 998/1840/240
f 998/1840/240 1038/1918/231 980/1798/233
f 1006/1856/190 1010/1862/152 993/1826/241
f 953/1750/247 922/1692/332 946/1736/191
f 953/1750/247 946/1736/191 984/1807/192
f 953/1750/247 936/1717/337 922/1692/332
f 936/1717/337 953/1750/247 973/1785/242
f 936/1717/337 973/1785/242 960/1765/245
f 966/1773/244 930/1707/253 960/1765/245
f 930/1707/253 911/1672/256 960/1765/245
f 911/1672/256 906/1659/334 960/1765/245
f 1036/1914/150 1002/1848/227 1010/1863/152
s 0
f 1036/1914/338 1023/1888/338 1002/1848/338
s 1
f 1012/1866/196 987/1815/228 1023/1888/193
f 987/1815/228 1002/1848/227 1023/1888/193
f 1002/1848/227 999/1841/246 1010/1863/152
f 993/1826/241 1010/1863/152 999/1841/246
f 993/1826/241 953/1750/247 984/1807/192
f 1006/1856/190 993/1826/241 984/1807/192
f 977/1793/250 1031/1903/159 965/1772/220
f 997/1838/222 975/1790/223 965/1772/220
f 975/1790/223 903/1655/278 965/1772/220
f 965/1772/220 903/1655/278 900/1649/248
f 958/1762/195 967/1775/257 1012/1867/196
f 967/1775/257 958/1762/195 930/1708/253
f 987/1816/228 1012/1867/196 966/1774/244
f 1035/1912/221 1034/1910/161 1016/1874/262
f 1034/1910/161 1019/1880/187 1016/1874/262
f 946/1737/191 971/1783/328 1009/1860/142
f 961/1766/213 915/1680/285 949/1744/214
f 1008/1858/271 1040/1922/263 1016/1874/262
f 991/1824/273 1013/1868/272 1011/1864/282
f 1011/1864/282 1013/1868/272 1008/1858/271
f 995/1833/258 969/1778/275 970/1780/266
f 928/1704/283 867/1598/293 852/1579/339
f 960/1765/245 906/1659/334 936/1717/337
f 994/1828/297 957/1759/259 995/1834/258
f 872/1606/333 873/1608/331 906/1660/334
f 873/1608/331 904/1657/340 906/1660/334
f 904/1657/340 873/1608/331 922/1693/332
f 936/1718/337 904/1657/340 922/1693/332
f 904/1657/340 936/1718/337 906/1660/334
f 875/1612/335 906/1660/334 911/1673/256
f 868/1601/286 915/1681/285 893/1638/341
f 893/1638/341 915/1681/285 870/1604/288
f 870/1604/288 826/1540/342 871/1605/343
f 893/1638/341 871/1605/343 881/1620/344
f 868/1601/286 893/1638/341 881/1620/344
f 870/1604/288 871/1605/343 893/1638/341
f 944/1730/290 885/1626/284 878/1616/345
f 939/1723/291 944/1730/290 878/1616/345
f 868/1601/286 881/1620/344 866/1597/346
f 863/1593/347 885/1626/284 868/1601/286
f 863/1593/347 868/1601/286 857/1586/348
f 854/1583/349 857/1586/348 866/1597/346
f 866/1597/346 857/1586/348 868/1601/286
f 866/1597/346 826/1540/342 854/1583/349
f 866/1597/346 871/1605/343 826/1540/342
f 871/1605/343 866/1597/346 881/1620/344
f 870/1604/288 804/1498/350 826/1540/342
f 854/1583/349 826/1540/342 820/1527/351
f 855/1584/352 854/1583/349 820/1527/351
f 857/1586/348 854/1583/349 855/1584/352
f 820/1527/351 842/1564/353 855/1584/352
f 855/1584/352 842/1564/353 858/1587/354
f 878/1616/345 849/1575/355 939/1723/291
f 878/1616/345 885/1626/284 863/1593/347
f 858/1587/354 878/1616/345 863/1593/347
f 849/1575/355 878/1616/345 858/1587/354
f 857/1586/348 858/1587/354 863/1593/347
f 858/1587/354 857/1586/348 855/1584/352
f 849/1575/355 858/1587/354 842/1564/353
f 820/1527/351 826/1540/342 805/1500/356
f 804/1498/350 870/1604/288 810/1507/289
f 900/1649/248 977/1793/250 965/1772/220
f 883/1622/357 903/1655/278 927/1702/279
f 1003/1850/201 939/1723/291 905/1658/292
f 905/1658/292 939/1723/291 849/1575/355
f 905/1658/292 849/1575/355 838/1558/358
f 928/1704/283 956/1757/203 867/1598/293
f 883/1623/357 927/1703/279 920/1689/280
f 920/1689/280 925/1697/281 912/1675/359
f 912/1675/359 861/1590/360 920/1689/280
f 883/1623/357 920/1689/280 861/1590/360
f 925/1697/281 928/1704/283 852/1579/339
f 912/1675/359 925/1697/281 852/1579/339
f 895/1640/361 912/1675/359 852/1579/339
f 954/1753/238 980/1799/233 942/1727/362
f 943/1728/363 954/1753/238 942/1727/362
f 933/1712/364 943/1728/363 942/1727/362
f 980/1799/233 968/1777/234 942/1727/362
f 937/1719/365 942/1727/362 968/1777/234
f 950/1745/366 937/1719/365 968/1777/234
f 968/1777/234 1001/1845/230 950/1745/366
f 937/1719/365 950/1745/366 933/1712/364
f 942/1727/362 937/1719/365 933/1712/364
f 976/1792/232 950/1746/366 1001/1846/230
f 935/1716/367 950/1746/366 976/1792/232
f 976/1792/232 974/1787/235 935/1716/367
f 974/1787/235 959/1764/237 935/1716/367
f 935/1716/367 933/1713/364 950/1746/366
f 959/1764/237 943/1729/363 935/1716/367
f 935/1716/367 943/1729/363 933/1713/364
f 954/1754/238 943/1729/363 959/1764/237
f 996/1836/269 982/1804/261 947/1738/368
f 1021/1884/294 996/1836/269 947/1738/368
f 941/1725/369 947/1738/368 982/1804/261
f 947/1738/368 951/1747/370 986/1811/295
f 986/1811/295 1021/1884/294 947/1738/368
f 948/1740/371 941/1725/369 957/1760/259
f 957/1760/259 994/1829/297 948/1740/371
f 941/1725/369 982/1804/261 957/1760/259
f 1011/1864/282 972/1784/277 991/1824/273
f 991/1824/273 972/1784/277 983/1805/274
f 970/1780/266 969/1778/275 903/1654/278
f 972/1784/277 956/1758/203 928/1705/283
f 1000/1843/298 948/1741/371 994/1830/297
f 952/1749/372 948/1741/371 1000/1843/298
f 1000/1843/298 978/1795/296 952/1749/372
f 978/1795/296 940/1724/373 952/1749/372
f 951/1748/370 947/1739/368 941/1726/369
f 951/1748/370 941/1726/369 940/1724/373
f 941/1726/369 948/1741/371 940/1724/373
f 940/1724/373 948/1741/371 952/1749/372
f 978/1795/296 986/1812/295 940/1724/373
f 951/1748/370 940/1724/373 986/1812/295
f 975/1790/223 990/1823/265 970/1781/266
f 975/1790/223 970/1781/266 903/1655/278
f 889/1632/252 848/1573/254 930/1708/253
f 934/1715/210 917/1684/374 926/1700/219
f 934/1715/210 844/1567/375 917/1684/374
f 917/1684/374 916/1683/376 926/1700/219
f 926/1700/219 916/1683/376 914/1679/377
f 888/1630/378 926/1700/219 914/1679/377
f 914/1679/377 817/1523/379 888/1630/378
f 891/1635/380 888/1630/378 817/1523/379
f 817/1523/379 901/1651/381 891/1635/380
f 817/1523/379 869/1602/382 901/1651/381
f 879/1617/383 876/1614/384 869/1602/382
f 869/1602/382 876/1614/384 901/1651/381
f 801/1492/385 20/41/386 817/1523/379
f 801/1492/385 844/1567/375 5/8/311
f 926/1700/219 891/1635/380 907/1662/218
f 891/1635/380 926/1700/219 888/1630/378
f 892/1636/387 907/1662/218 891/1635/380
f 891/1635/380 901/1651/381 892/1636/387
f 892/1636/387 901/1651/381 876/1614/384
f 902/1652/388 876/1614/384 879/1617/383
f 876/1614/384 902/1652/388 892/1636/387
f 902/1652/388 879/1617/383 896/1642/389
f 909/1666/390 902/1652/388 896/1642/389
f 846/1569/391 909/1666/390 896/1642/389
f 896/1642/389 879/1617/383 816/1520/392
f 817/1523/379 20/41/386 869/1602/382
f 801/1492/385 817/1523/379 844/1567/375
f 5/8/311 844/1567/375 841/1563/306
f 844/1567/375 817/1523/379 890/1634/393
f 844/1567/375 886/1628/305 841/1563/306
f 908/1665/302 886/1628/305 934/1715/210
f 908/1665/302 934/1715/210 938/1722/224
f 844/1567/375 934/1715/210 886/1628/305
f 917/1684/374 844/1567/375 890/1634/393
f 890/1634/393 916/1683/376 917/1684/374
f 914/1679/377 916/1683/376 890/1634/393
f 817/1523/379 914/1679/377 890/1634/393
f 907/1663/218 913/1677/394 945/1732/217
f 892/1637/387 902/1653/388 880/1619/395
f 909/1667/390 884/1625/396 902/1653/388
f 902/1653/388 884/1625/396 880/1619/395
f 874/1610/397 884/1625/396 853/1581/398
f 909/1667/390 846/1570/391 853/1581/398
f 909/1667/390 853/1581/398 884/1625/396
f 898/1645/399 880/1619/395 818/1524/400
f 880/1619/395 835/1552/401 818/1524/400
f 892/1637/387 880/1619/395 913/1677/394
f 913/1677/394 880/1619/395 898/1645/399
f 892/1637/387 913/1677/394 907/1663/218
f 905/1658/292 838/1558/358 867/1598/293
f 945/1733/217 929/1706/402 932/1711/216
f 929/1706/402 918/1686/215 932/1711/216
f 929/1706/402 945/1734/217 882/1621/403
f 929/1706/402 882/1621/403 919/1687/404
f 862/1592/405 919/1687/404 882/1621/403
f 929/1706/402 919/1687/404 918/1686/215
f 850/1577/406 812/1512/407 16/29/408
f 812/1512/407 850/1577/406 862/1592/405
f 810/1508/289 850/1577/406 16/29/408
f 899/1648/287 850/1577/406 810/1508/289
f 850/1577/406 899/1648/287 918/1686/215
f 918/1686/215 919/1687/404 850/1577/406
f 961/1767/213 918/1686/215 915/1682/285
f 915/1682/285 918/1686/215 899/1648/287
f 882/1621/403 945/1734/217 898/1646/399
f 945/1734/217 913/1678/394 898/1646/399
f 898/1646/399 818/1525/400 882/1621/403
f 824/1537/409 818/1525/400 835/1554/401
f 824/1537/409 835/1554/401 853/1582/398
f 824/1537/409 812/1512/407 818/1525/400
f 846/1571/391 824/1537/409 853/1582/398
f 862/1592/405 882/1621/403 818/1525/400
f 812/1512/407 862/1592/405 818/1525/400
f 919/1687/404 862/1592/405 850/1577/406
f 887/1629/304 865/1596/303 877/1615/308
f 889/1633/252 910/1669/251 800/1489/410
f 848/1574/254 889/1633/252 843/1566/411
f 800/1489/410 843/1566/411 889/1633/252
f 843/1566/411 800/1489/410 13/24/412
f 830/1547/413 843/1566/411 13/24/412
f 13/24/412 800/1490/410 6/11/414
f 13/24/412 6/11/414 53/123/415
f 82/185/416 13/24/412 53/122/415
f 28/63/417 13/24/412 82/185/416
f 843/1566/411 830/1547/413 848/1574/254
f 830/1547/413 819/1526/418 848/1574/254
f 819/1526/418 921/1691/255 848/1574/254
f 910/1670/251 900/1650/248 829/1546/419
f 829/1546/419 800/1491/410 910/1670/251
f 800/1491/410 829/1546/419 14/25/420
f 828/1545/421 903/1656/278 883/1624/357
f 861/1591/360 828/1545/421 883/1624/357
f 828/1545/421 900/1650/248 903/1656/278
f 829/1546/419 900/1650/248 828/1545/421
f 3/3/422 49/113/423 2/2/424
f 2/2/424 49/113/423 39/89/425
f 39/89/425 14/25/420 2/2/424
f 39/89/425 6/10/414 14/25/420
f 2/2/424 14/25/420 829/1546/419
f 829/1546/419 828/1545/421 2/2/424
f 880/1619/395 884/1625/396 874/1610/397
f 874/1610/397 835/1553/401 880/1619/395
f 833/1550/426 875/1613/335 819/1526/418
f 921/1691/255 875/1613/335 911/1674/256
f 921/1691/255 819/1526/418 875/1613/335
f 828/1545/421 861/1591/360 797/1486/427
f 797/1486/427 861/1591/360 798/1487/428
f 828/1545/421 797/1486/427 3/3/422
f 2/2/424 828/1545/421 3/3/422
f 830/1547/413 807/1504/429 819/1526/418
f 819/1526/418 807/1504/429 833/1550/426
f 808/1505/430 833/1550/426 807/1504/429
f 36/79/431 808/1505/430 54/125/432
f 12/23/433 808/1505/430 36/79/431
f 13/24/412 28/63/417 830/1547/413
f 807/1504/429 28/63/417 54/125/432
f 1/1/434 872/1607/333 833/1550/426
f 12/23/433 47/109/435 794/1480/436
f 808/1505/430 12/23/433 1/1/434
f 808/1505/430 1/1/434 833/1550/426
f 47/109/435 12/23/433 36/80/431
f 807/1504/429 830/1547/413 28/63/417
f 861/1591/360 803/1497/437 798/1487/428
f 861/1591/360 912/1676/359 895/1641/361
f 803/1497/437 861/1591/360 852/1580/339
f 861/1591/360 895/1641/361 852/1580/339
f 45/105/438 8/15/439 793/1478/440
f 825/1538/441 803/1497/437 867/1599/293
f 852/1580/339 867/1599/293 803/1497/437
f 798/1487/428 8/15/439 17/32/442
f 17/32/442 29/65/443 3/3/422
f 798/1487/428 3/3/422 797/1486/427
f 17/32/442 3/3/422 798/1487/428
f 803/1497/437 8/15/439 798/1487/428
f 808/1505/430 807/1504/429 54/125/432
f 794/1480/436 822/1532/444 1/1/434
f 1/1/434 12/23/433 794/1480/436
f 875/1613/335 833/1550/426 872/1607/333
f 872/1607/333 1/1/434 873/1609/331
f 864/1595/329 873/1609/331 1/1/434
f 864/1595/329 822/1532/444 823/1535/323
f 1/1/434 822/1532/444 864/1595/329
f 816/1521/392 25/54/445 814/1517/446
f 816/1521/392 869/1602/382 20/41/386
f 816/1521/392 20/41/386 25/54/445
f 825/1538/441 793/1478/440 803/1497/437
f 8/15/439 803/1497/437 793/1478/440
f 874/1611/397 853/1582/398 835/1554/401
f 816/1522/392 814/1518/446 846/1571/391
f 846/1571/391 814/1518/446 824/1537/409
f 814/1518/446 25/55/445 824/1537/409
f 812/1512/407 824/1537/409 25/55/445
f 812/1512/407 25/55/445 51/117/447
f 896/1643/389 816/1522/392 846/1571/391
f 869/1603/382 816/1522/392 879/1618/383
f 825/1539/441 867/1600/293 838/1559/358
f 838/1559/358 815/1519/448 9/16/449
f 815/1519/448 838/1559/358 849/1576/355
f 825/1539/441 838/1559/358 9/16/449
f 793/1479/440 825/1539/441 7/13/450
f 7/13/450 825/1539/441 9/16/449
f 172/341/451 86/195/452 7/13/450
f 793/1479/440 7/13/450 86/195/452
f 793/1479/440 86/195/452 58/134/453
f 793/1479/440 58/134/453 45/104/438
f 799/1488/454 811/1511/324 823/1536/323
f 823/1536/323 794/1481/436 799/1488/454
f 822/1533/444 794/1481/436 823/1536/323
f 827/1544/317 811/1511/324 806/1503/455
f 827/1544/317 836/1556/320 811/1511/324
f 795/1483/456 10/18/457 806/1503/455
f 10/18/457 813/1514/318 827/1544/317
f 799/1488/454 806/1503/455 811/1511/324
f 795/1483/456 806/1503/455 799/1488/454
f 24/53/458 795/1483/456 799/1488/454
f 10/18/457 827/1544/317 806/1503/455
f 76/175/459 795/1483/456 41/94/460
f 47/110/435 121/259/461 83/187/462
f 38/86/463 83/187/462 135/282/464
f 83/187/462 38/86/463 47/110/435
f 47/110/435 38/86/463 24/53/458
f 794/1481/436 24/53/458 799/1488/454
f 24/53/458 38/86/463 41/94/460
f 795/1483/456 24/53/458 41/94/460
f 821/1530/313 839/1560/312 837/1557/316
f 837/1557/316 813/1515/318 821/1530/313
f 14/25/420 6/10/414 800/1491/410
f 815/1519/448 849/1576/355 842/1565/353
f 842/1565/353 834/1551/465 815/1519/448
f 815/1519/448 834/1551/465 809/1506/466
f 809/1506/466 831/1548/467 805/1501/356
f 809/1506/466 805/1501/356 9/16/449
f 809/1506/466 9/16/449 815/1519/448
f 11/21/468 9/16/449 805/1501/356
f 805/1501/356 15/26/469 11/21/468
f 52/119/470 53/123/415 6/11/414
f 809/1506/466 834/1551/465 831/1548/467
f 820/1528/351 831/1548/467 842/1565/353
f 820/1529/351 805/1501/356 831/1548/467
f 842/1565/353 831/1548/467 834/1551/465
f 21/43/471 43/100/472 15/27/469
f 21/43/471 69/160/473 43/100/472
f 69/160/473 21/43/471 103/227/474
f 804/1499/350 805/1502/356 826/1541/342
f 805/1502/356 804/1499/350 15/27/469
f 804/1499/350 21/43/471 15/27/469
f 810/1509/289 16/30/408 18/36/475
f 821/1531/313 813/1516/318 802/1496/310
f 802/1496/310 813/1516/318 10/19/457
f 24/53/458 794/1482/436 47/110/435
f 21/43/471 804/1499/350 18/36/475
f 810/1509/289 18/36/475 804/1499/350
f 21/43/471 97/214/476 103/227/474
f 43/100/472 77/177/477 156/316/478
f 43/100/472 69/160/473 73/169/479
f 103/227/474 73/169/479 69/160/473
f 103/227/474 97/215/476 79/180/480
f 73/169/479 103/227/474 79/180/480
f 45/105/438 17/33/442 8/15/439
f 802/1496/310 10/19/457 796/1485/481
f 802/1496/310 796/1485/481 5/9/311
f 114/247/482 801/1493/385 5/9/311
f 42/96/483 796/1485/481 132/277/484
f 111/242/485 132/277/484 796/1485/481
f 75/173/486 111/242/485 796/1485/481
f 796/1485/481 50/115/487 75/173/486
f 50/115/487 796/1485/481 10/19/457
f 114/248/482 5/9/311 42/96/483
f 42/96/483 5/9/311 796/1485/481
f 20/42/386 114/249/482 19/40/488
f 19/40/488 114/249/482 105/230/489
f 114/249/482 186/363/490 308/575/491
f 105/230/489 114/249/482 308/575/491
f 20/42/386 19/40/488 25/57/445
f 801/1494/385 114/249/482 20/42/386
f 51/118/447 16/31/408 812/1513/407
f 18/37/475 16/31/408 27/61/492
f 27/61/492 16/31/408 51/118/447
f 27/61/492 51/118/447 64/145/493
f 64/145/493 68/155/494 192/372/495
f 192/372/495 150/304/496 64/145/493
f 51/118/447 25/56/445 68/157/494
f 19/40/488 68/156/494 25/57/445
f 105/230/489 68/156/494 19/40/488
f 186/363/490 234/439/497 308/575/491
f 186/363/490 228/429/498 207/396/499
f 114/249/482 242/451/500 186/363/490
f 228/429/498 186/363/490 242/451/500
f 242/451/500 114/249/482 42/97/483
f 22/45/501 44/101/502 4/5/503
f 34/75/504 22/45/501 4/5/503
f 34/75/504 4/5/503 40/91/505
f 46/107/506 33/72/507 23/48/508
f 35/77/509 40/92/505 4/6/503
f 4/6/503 30/67/510 35/77/509
f 44/102/502 30/67/510 4/6/503
f 26/58/511 23/49/508 31/69/512
f 23/50/508 33/73/507 31/69/512
f 31/69/512 37/83/513 26/58/511
f 43/99/472 11/22/468 15/28/469
f 43/99/472 87/198/514 11/22/468
f 32/71/515 9/17/449 11/22/468
f 9/17/449 32/71/515 7/14/450
f 156/317/478 196/378/516 43/99/472
f 156/317/478 206/392/517 213/404/518
f 156/317/478 213/404/518 196/378/516
f 196/378/516 213/404/518 194/375/519
f 212/403/520 221/417/521 203/388/522
f 211/401/523 203/388/522 241/448/524
f 196/378/516 190/370/525 162/326/526
f 221/417/521 241/448/524 203/388/522
f 212/403/520 203/388/522 194/375/519
f 213/404/518 212/403/520 194/375/519
f 194/375/519 203/388/522 190/370/525
f 194/375/519 190/370/525 196/378/516
f 162/326/526 190/370/525 211/401/523
f 203/388/522 211/401/523 190/370/525
f 87/198/514 43/99/472 196/378/516
f 87/198/514 196/378/516 32/71/515
f 196/378/516 162/326/526 32/71/515
f 172/342/451 32/71/515 162/326/526
f 32/71/515 172/342/451 7/14/450
f 81/183/527 37/84/513 57/131/528
f 100/220/529 94/209/530 81/183/527
f 94/209/530 100/220/529 112/245/531
f 81/183/527 94/209/530 48/112/532
f 37/84/513 81/183/527 48/112/532
f 119/257/533 48/112/532 94/209/530
f 94/209/530 112/245/531 119/257/533
f 100/220/529 125/266/534 112/245/531
f 179/355/535 147/299/536 208/398/537
f 147/299/536 112/245/531 149/302/538
f 149/302/538 112/245/531 125/266/534
f 185/362/539 146/298/540 164/329/541
f 179/355/535 164/329/541 144/296/542
f 144/296/542 164/329/541 146/298/540
f 144/296/542 146/298/540 124/265/543
f 124/265/543 146/298/540 129/274/544
f 129/274/544 146/298/540 158/320/545
f 158/320/545 146/298/540 185/362/539
f 126/269/546 129/274/544 158/320/545
f 93/208/547 71/165/548 31/70/512
f 57/132/528 71/165/548 106/232/549
f 57/132/528 100/221/529 81/184/527
f 37/84/513 48/112/532 26/59/511
f 26/60/511 48/112/532 23/51/508
f 23/52/508 48/112/532 63/144/550
f 46/108/506 23/52/508 63/144/550
f 124/265/543 48/112/532 119/257/533
f 124/265/543 63/144/550 48/112/532
f 63/144/550 124/265/543 46/108/506
f 129/274/544 46/108/506 124/265/543
f 33/74/507 46/108/506 93/208/547
f 31/70/512 33/74/507 93/208/547
f 37/85/513 31/70/512 57/132/528
f 208/398/537 149/302/538 245/459/551
f 208/398/537 245/459/551 272/513/552
f 272/513/552 201/385/553 239/446/554
f 208/398/537 272/513/552 239/446/554
f 147/299/536 149/302/538 208/398/537
f 201/385/553 185/362/539 164/329/541
f 208/398/537 239/446/554 179/355/535
f 179/355/535 239/446/554 164/329/541
f 164/329/541 239/446/554 201/385/553
f 144/296/542 147/299/536 179/355/535
f 119/257/533 144/296/542 124/265/543
f 147/299/536 144/296/542 119/257/533
f 185/362/539 201/385/553 158/320/545
f 158/320/545 201/385/553 126/269/546
f 93/208/547 129/274/544 126/269/546
f 93/208/547 126/269/546 71/165/548
f 46/108/506 129/274/544 93/208/547
f 31/70/512 71/165/548 57/132/528
f 56/130/555 22/46/501 55/127/556
f 90/203/557 104/228/558 56/130/555
f 104/228/558 108/236/559 56/130/555
f 59/138/560 56/130/555 108/236/559
f 59/138/560 22/46/501 56/130/555
f 44/103/502 22/46/501 59/138/560
f 56/130/555 55/127/556 90/203/557
f 108/236/559 133/279/561 59/138/560
f 173/344/562 138/288/563 133/279/561
f 138/288/563 173/344/562 137/287/564
f 173/344/562 133/279/561 108/236/559
f 173/344/562 219/414/565 191/371/566
f 189/368/567 137/287/564 191/371/566
f 191/371/566 137/287/564 173/344/562
f 189/368/567 123/264/568 137/287/564
f 189/368/567 153/310/569 123/264/568
f 101/223/570 109/238/571 89/201/572
f 89/201/572 55/128/556 101/223/570
f 123/264/568 109/238/571 101/223/570
f 59/138/560 78/179/573 44/103/502
f 78/179/573 30/68/510 44/103/502
f 80/182/574 40/93/505 35/78/509
f 35/78/509 30/68/510 78/179/573
f 40/93/505 80/182/574 101/223/570
f 34/76/504 61/141/575 55/128/556
f 61/141/575 34/76/504 101/223/570
f 78/179/573 59/138/560 133/279/561
f 133/279/561 138/288/563 116/253/576
f 133/279/561 116/253/576 78/179/573
f 78/179/573 116/253/576 35/78/509
f 80/182/574 35/78/509 116/253/576
f 116/253/576 137/287/564 118/256/577
f 137/287/564 123/264/568 118/256/577
f 118/256/577 123/264/568 101/223/570
f 116/253/576 118/256/577 80/182/574
f 61/141/575 101/223/570 55/128/556
f 219/414/565 189/368/567 191/371/566
f 123/264/568 153/310/569 109/238/571
f 22/47/501 34/76/504 55/128/556
f 40/93/505 101/223/570 34/76/504
f 138/288/563 137/287/564 116/253/576
f 68/157/494 64/145/493 51/118/447
f 11/22/468 87/198/514 32/71/515
f 49/114/423 159/321/578 39/90/425
f 52/120/470 39/90/425 200/384/579
f 159/321/578 256/479/580 39/90/425
f 200/384/579 355/642/581 367/664/582
f 256/479/580 200/384/579 39/90/425
f 49/114/423 3/4/422 29/66/443
f 52/120/470 6/12/414 39/90/425
f 80/182/574 118/256/577 101/223/570
f 232/435/583 159/321/578 49/114/423
f 279/526/584 159/321/578 232/435/583
f 232/435/583 49/114/423 230/433/585
f 230/433/585 49/114/423 127/271/586
f 127/271/586 49/114/423 29/66/443
f 29/66/443 17/34/442 85/193/587
f 85/193/587 259/483/588 226/426/589
f 127/271/586 85/193/587 226/426/589
f 278/525/590 232/435/583 230/433/585
f 290/545/591 278/525/590 283/531/592
f 232/435/583 278/525/590 279/526/584
f 210/400/593 283/531/592 278/525/590
f 210/400/593 248/464/594 283/531/592
f 278/525/590 290/545/591 279/526/584
f 346/626/595 358/649/596 290/545/591
f 323/594/597 290/545/591 358/649/596
f 85/193/587 127/271/586 29/66/443
f 45/106/438 58/135/453 107/234/598
f 17/35/442 45/106/438 85/194/587
f 259/484/588 85/194/587 130/275/599
f 260/486/600 304/567/601 249/466/602
f 130/275/599 85/194/587 45/106/438
f 45/106/438 107/234/598 130/275/599
f 166/332/603 259/484/588 130/275/599
f 259/484/588 166/332/603 260/486/600
f 260/486/600 166/332/603 304/567/601
f 113/246/604 166/332/603 130/275/599
f 166/332/603 113/246/604 160/322/605
f 82/186/416 175/348/606 54/126/432
f 269/505/607 175/348/606 262/490/608
f 319/589/609 53/124/415 200/383/579
f 319/589/609 175/348/606 53/124/415
f 319/589/609 262/490/608 175/348/606
f 269/505/607 155/314/610 175/348/606
f 175/348/606 155/314/610 54/126/432
f 54/126/432 28/64/417 82/186/416
f 155/314/610 177/352/611 36/81/431
f 36/81/431 54/126/432 155/314/610
f 155/314/610 271/512/612 177/352/611
f 53/124/415 175/348/606 82/186/416
f 36/82/431 122/263/613 47/111/435
f 47/111/435 122/263/613 121/260/461
f 117/254/614 98/217/615 122/263/613
f 98/217/615 121/260/461 122/263/613
f 121/260/461 98/217/615 84/190/616
f 177/351/611 122/263/613 36/82/431
f 265/494/617 299/559/618 122/263/613
f 122/263/613 299/559/618 246/462/619
f 115/250/620 117/254/614 246/462/619
f 246/462/619 117/254/614 122/263/613
f 177/351/611 265/494/617 122/263/613
f 53/124/415 52/121/470 200/383/579
f 77/177/477 73/169/479 74/171/621
f 43/100/472 73/169/479 77/177/477
f 84/191/616 92/207/622 91/205/623
f 84/191/616 91/205/623 88/199/624
f 102/224/625 91/205/623 92/207/622
f 102/224/625 92/207/622 115/251/620
f 115/251/620 152/308/626 102/224/625
f 92/207/622 84/191/616 98/218/615
f 98/218/615 117/255/614 92/207/622
f 92/207/622 117/255/614 115/251/620
f 106/232/549 71/165/548 128/272/627
f 65/147/628 60/139/629 62/142/630
f 66/151/631 62/142/630 60/139/629
f 70/161/632 66/151/631 60/139/629
f 67/153/633 65/147/628 62/142/630
f 102/225/625 148/300/634 91/206/623
f 91/206/623 148/300/634 88/200/624
f 88/200/624 148/300/634 135/283/464
f 121/261/461 88/200/624 83/188/462
f 88/200/624 121/262/461 84/192/616
f 83/189/462 88/200/624 135/283/464
f 139/289/635 96/212/636 142/293/637
f 142/293/637 96/212/636 99/219/638
f 99/219/638 96/212/636 95/210/639
f 131/276/640 95/210/639 75/174/486
f 75/174/486 95/210/639 111/243/485
f 75/174/486 50/116/487 131/276/640
f 142/293/637 99/219/638 171/339/641
f 99/219/638 134/281/642 171/339/641
f 99/219/638 95/210/639 131/276/640
f 111/244/485 95/211/639 96/213/636
f 96/213/636 139/290/635 132/278/484
f 132/278/484 111/244/485 96/213/636
f 285/536/643 134/280/642 154/312/644
f 274/519/645 139/290/635 142/294/637
f 139/290/635 274/519/645 242/452/500
f 139/290/635 242/453/500 42/98/483
f 132/278/484 139/290/635 42/98/483
f 274/519/645 315/584/646 311/579/647
f 315/584/646 274/519/645 171/340/641
f 315/584/646 171/340/641 285/536/643
f 321/591/648 311/579/647 395/721/649
f 311/579/647 315/584/646 288/539/650
f 285/536/643 154/312/644 236/441/651
f 288/539/650 285/536/643 236/441/651
f 288/539/650 315/584/646 285/536/643
f 274/519/645 142/294/637 171/340/641
f 171/340/641 134/280/642 285/536/643
f 243/455/652 288/539/650 236/441/651
f 288/539/650 243/455/652 298/556/653
f 233/436/654 298/556/653 243/455/652
f 233/436/654 301/562/655 298/556/653
f 21/44/471 18/38/475 97/216/476
f 97/216/476 18/38/475 165/330/656
f 225/422/657 244/457/658 165/330/656
f 347/629/659 295/551/660 284/533/661
f 165/330/656 244/457/658 120/258/662
f 74/170/621 110/241/663 206/393/517
f 110/241/663 244/457/658 295/551/660
f 244/457/658 284/533/661 295/551/660
f 110/241/663 120/258/662 244/457/658
f 110/241/663 295/551/660 206/393/517
f 206/393/517 156/318/478 74/170/621
f 74/170/621 156/318/478 77/178/477
f 79/180/480 74/171/621 73/169/479
f 70/162/632 60/140/629 72/167/664
f 58/136/453 86/196/452 65/148/628
f 86/196/452 60/140/629 65/148/628
f 60/140/629 86/196/452 72/167/664
f 65/149/628 67/154/633 130/275/599
f 107/234/598 65/149/628 130/275/599
f 67/154/633 113/246/604 130/275/599
f 62/143/630 113/246/604 67/154/633
f 62/143/630 66/152/631 113/246/604
f 113/246/604 66/152/631 160/322/605
f 66/152/631 70/163/632 136/285/665
f 66/152/631 136/285/665 160/322/605
f 165/330/656 79/181/480 97/216/476
f 120/258/662 79/181/480 165/330/656
f 74/172/621 79/181/480 110/241/663
f 110/241/663 79/181/480 120/258/662
f 65/150/628 107/235/598 58/137/453
f 172/343/451 72/168/664 86/197/452
f 172/343/451 162/327/526 287/538/666
f 162/327/526 211/402/523 291/547/667
f 241/450/524 318/588/668 211/402/523
f 211/402/523 318/588/668 291/547/667
f 162/327/526 291/547/667 287/538/666
f 72/168/664 172/343/451 168/335/669
f 72/168/664 168/335/669 70/164/632
f 136/286/665 70/164/632 168/335/669
f 166/333/603 160/323/605 235/440/670
f 304/568/601 166/333/603 235/440/670
f 304/568/601 416/762/671 349/634/672
f 349/634/672 416/762/671 551/1004/673
f 304/568/601 338/616/674 455/831/675
f 455/831/675 416/762/671 304/568/601
f 160/323/605 136/286/665 235/440/670
f 264/493/676 136/286/665 168/335/669
f 235/440/670 136/286/665 338/616/674
f 264/493/676 338/616/674 136/286/665
f 235/440/670 338/616/674 304/568/601
f 401/737/677 264/493/676 363/660/678
f 421/771/679 509/929/680 401/737/677
f 509/929/680 471/860/681 401/737/677
f 446/818/682 338/616/674 401/737/677
f 264/493/676 401/737/677 338/616/674
f 55/129/556 89/202/572 90/204/557
f 109/239/571 90/204/557 89/202/572
f 254/476/683 199/381/684 224/421/685
f 174/347/686 224/421/685 199/381/684
f 181/358/687 161/324/688 195/376/689
f 195/376/689 225/423/657 181/358/687
f 225/423/657 217/410/690 181/358/687
f 202/387/691 217/410/690 251/469/692
f 202/387/691 251/469/692 253/473/693
f 253/473/693 281/528/694 257/481/695
f 254/476/683 257/481/695 281/528/694
f 257/481/695 254/476/683 224/421/685
f 161/324/688 90/204/557 109/239/571
f 161/324/688 143/295/696 90/204/557
f 143/295/696 145/297/697 90/204/557
f 145/297/697 104/229/558 90/204/557
f 104/229/558 145/297/697 174/347/686
f 224/421/685 174/347/686 145/297/697
f 224/421/685 145/297/697 167/334/698
f 257/481/695 224/421/685 202/387/691
f 253/473/693 257/481/695 202/387/691
f 224/421/685 167/334/698 202/387/691
f 181/358/687 202/387/691 167/334/698
f 217/410/690 202/387/691 181/358/687
f 161/324/688 181/358/687 143/295/696
f 143/295/696 167/334/698 145/297/697
f 167/334/698 143/295/696 181/358/687
f 217/411/690 165/331/656 18/39/475
f 225/424/657 165/331/656 217/411/690
f 217/411/690 64/146/493 251/470/692
f 27/62/492 64/146/493 217/411/690
f 18/39/475 27/62/492 217/411/690
f 64/146/493 150/305/496 251/470/692
f 150/305/496 253/474/693 251/470/692
f 284/534/661 244/458/658 225/424/657
f 347/630/659 284/534/661 373/680/699
f 284/534/661 316/585/700 373/680/699
f 57/133/528 106/233/549 100/222/529
f 100/222/529 106/233/549 125/267/534
f 126/270/546 151/307/701 128/273/627
f 140/291/702 151/307/701 183/360/703
f 238/445/704 183/360/703 197/379/705
f 197/379/705 183/360/703 151/307/701
f 201/386/553 263/492/706 126/270/546
f 126/270/546 263/492/706 197/379/705
f 128/273/627 140/291/702 106/233/549
f 125/267/534 106/233/549 140/291/702
f 125/267/534 140/291/702 187/365/707
f 128/273/627 151/307/701 140/291/702
f 126/270/546 128/273/627 71/166/548
f 272/514/552 263/492/706 201/386/553
f 247/463/708 272/514/552 329/606/709
f 247/463/708 197/379/705 263/492/706
f 272/514/552 247/463/708 263/492/706
f 126/270/546 197/379/705 151/307/701
f 187/365/707 140/291/702 188/367/710
f 188/367/710 218/413/711 187/365/707
f 188/367/710 140/291/702 183/360/703
f 231/434/712 188/367/710 183/360/703
f 183/360/703 238/445/704 231/434/712
f 207/397/499 188/367/710 231/434/712
f 231/434/712 234/438/497 207/397/499
f 238/445/704 234/438/497 231/434/712
f 247/463/708 238/445/704 197/379/705
f 154/313/644 134/281/642 99/219/638
f 154/313/644 99/219/638 131/276/640
f 159/321/578 279/526/584 256/479/580
f 323/594/597 279/526/584 290/545/591
f 279/526/584 323/594/597 256/479/580
f 108/237/559 104/229/558 174/347/686
f 108/237/559 174/347/686 199/381/684
f 108/237/559 199/381/684 173/345/562
f 210/400/593 278/525/590 230/433/585
f 248/464/594 210/400/593 176/349/713
f 210/400/593 230/433/585 182/359/714
f 182/359/714 230/433/585 184/361/715
f 182/359/714 184/361/715 169/336/716
f 176/349/713 210/400/593 182/359/714
f 230/433/585 127/271/586 184/361/715
f 184/361/715 127/271/586 226/426/589
f 226/426/589 178/353/717 184/361/715
f 148/301/634 102/226/625 141/292/718
f 261/489/719 38/87/463 135/284/464
f 141/292/718 102/226/625 152/309/626
f 293/549/720 152/309/626 115/252/620
f 141/292/718 261/489/719 148/301/634
f 246/461/619 293/549/720 115/252/620
f 246/461/619 327/600/721 293/549/720
f 327/600/721 348/633/722 293/549/720
f 327/600/721 384/701/723 348/633/722
f 382/699/724 275/520/725 348/633/722
f 327/600/721 381/697/726 384/701/723
f 595/1098/727 435/799/728 608/1121/729
f 348/633/722 517/941/730 452/828/731
f 585/1081/732 435/799/728 557/1022/733
f 557/1022/733 435/799/728 548/1000/734
f 585/1081/732 608/1121/729 435/799/728
f 558/1025/735 534/972/736 521/948/737
f 517/941/730 558/1025/735 521/948/737
f 521/948/737 452/828/731 517/941/730
f 521/948/737 532/968/738 452/828/731
f 442/807/739 452/828/731 532/968/738
f 452/828/731 442/807/739 382/699/724
f 348/633/722 452/828/731 382/699/724
f 384/701/723 517/941/730 348/633/722
f 340/618/740 382/699/724 442/807/739
f 442/807/739 326/599/741 340/618/740
f 442/807/739 425/776/742 326/599/741
f 632/1158/743 425/776/742 442/807/739
f 568/1044/744 632/1158/743 442/807/739
f 568/1044/744 442/807/739 531/965/745
f 537/980/746 532/968/738 485/884/747
f 521/948/737 485/884/747 532/968/738
f 532/968/738 537/980/746 531/965/745
f 532/968/738 531/965/745 442/807/739
f 425/776/742 387/707/748 301/563/655
f 298/557/653 301/563/655 387/707/748
f 387/707/748 288/540/650 298/557/653
f 340/618/740 326/599/741 275/520/725
f 340/618/740 275/520/725 382/699/724
f 348/633/722 275/520/725 282/530/749
f 348/633/722 282/530/749 141/292/718
f 152/309/626 348/633/722 141/292/718
f 141/292/718 282/530/749 261/489/719
f 275/520/725 261/489/719 282/530/749
f 275/520/725 273/517/750 261/489/719
f 326/599/741 301/563/655 252/472/751
f 275/520/725 326/599/741 252/472/751
f 326/599/741 425/776/742 301/563/655
f 147/299/536 119/257/533 112/245/531
f 154/313/644 131/276/640 236/442/651
f 220/416/752 243/456/652 236/442/651
f 236/442/651 131/276/640 163/328/753
f 220/416/752 236/442/651 163/328/753
f 222/419/754 220/416/752 163/328/753
f 301/564/655 233/437/654 252/471/751
f 261/488/719 273/516/750 41/95/460
f 261/488/719 41/95/460 38/88/463
f 277/524/755 272/515/552 245/460/551
f 272/515/552 277/524/755 329/605/709
f 215/407/756 277/524/755 170/338/757
f 245/460/551 170/338/757 277/524/755
f 170/338/757 245/460/551 149/303/538
f 187/366/707 170/338/757 125/268/534
f 170/338/757 187/366/707 215/407/756
f 187/366/707 218/412/711 215/407/756
f 359/652/758 329/605/709 339/617/759
f 339/617/759 410/751/760 359/652/758
f 419/768/761 360/654/762 410/751/760
f 360/654/762 419/768/761 487/887/763
f 487/887/763 419/768/761 418/767/764
f 419/768/761 410/751/760 390/713/765
f 339/617/759 321/592/648 410/751/760
f 321/592/648 258/482/766 274/518/645
f 274/518/645 258/482/766 242/454/500
f 258/482/766 321/592/648 339/617/759
f 228/430/498 242/454/500 258/482/766
f 258/482/766 215/407/756 228/430/498
f 258/482/766 277/524/755 215/407/756
f 258/482/766 339/617/759 277/524/755
f 215/407/756 218/412/711 228/430/498
f 329/605/709 277/524/755 339/617/759
f 410/751/760 360/654/762 359/652/758
f 135/284/464 148/301/634 261/489/719
f 348/633/722 152/309/626 293/549/720
f 131/276/640 76/176/459 163/328/753
f 76/176/459 41/95/460 163/328/753
f 10/20/457 795/1484/456 50/116/487
f 50/116/487 795/1484/456 76/176/459
f 50/116/487 76/176/459 131/276/640
f 163/328/753 41/95/460 273/516/750
f 163/328/753 273/516/750 222/419/754
f 222/419/754 252/471/751 233/437/654
f 252/471/751 222/419/754 273/516/750
f 220/416/752 233/437/654 243/456/652
f 222/419/754 233/437/654 220/416/752
f 109/240/571 153/311/569 157/319/767
f 157/319/767 161/325/688 109/240/571
f 157/319/767 223/420/768 302/565/769
f 189/369/567 223/420/768 153/311/569
f 153/311/569 223/420/768 157/319/767
f 189/369/567 219/415/565 223/420/768
f 250/468/770 223/420/768 219/415/565
f 219/415/565 199/382/684 250/468/770
f 264/493/676 168/335/669 172/343/451
f 264/493/676 172/343/451 287/538/666
f 321/591/648 274/519/645 311/579/647
f 207/397/499 218/413/711 188/367/710
f 228/431/498 218/413/711 207/397/499
f 234/438/497 186/364/490 207/397/499
f 234/438/497 238/445/704 276/521/771
f 307/573/772 276/521/771 238/445/704
f 238/445/704 314/583/773 307/573/772
f 360/655/762 307/573/772 359/653/758
f 314/583/773 247/463/708 329/606/709
f 314/583/773 329/606/709 359/653/758
f 149/303/538 125/268/534 170/338/757
f 287/538/666 291/547/667 363/660/678
f 363/660/678 264/493/676 287/538/666
f 252/472/751 273/517/750 275/520/725
f 302/565/769 223/420/768 250/468/770
f 302/565/769 250/468/770 280/527/774
f 199/382/684 254/477/683 250/468/770
f 254/477/683 280/527/774 250/468/770
f 198/380/775 157/319/767 302/565/769
f 161/325/688 157/319/767 198/380/775
f 198/380/775 195/377/689 161/325/688
f 281/529/694 280/527/774 254/477/683
f 280/527/774 281/529/694 334/612/776
f 280/527/774 334/612/776 302/565/769
f 316/586/700 302/565/769 334/612/776
f 302/565/769 316/586/700 198/380/775
f 334/612/776 376/686/777 316/586/700
f 376/686/777 392/716/778 316/586/700
f 316/586/700 392/716/778 373/681/699
f 334/612/776 281/529/694 376/686/777
s 0
f 316/586/779 284/535/780 198/380/780
s 1
f 195/377/689 198/380/775 284/535/661
f 225/425/657 195/377/689 284/535/661
f 392/716/778 376/686/777 429/784/781
f 344/623/782 405/742/783 429/784/781
f 344/623/782 192/373/495 405/742/783
f 192/373/495 344/623/782 150/306/496
f 344/623/782 253/475/693 150/306/496
f 253/475/693 344/623/782 322/593/784
f 322/593/784 281/529/694 253/475/693
f 376/686/777 281/529/694 322/593/784
f 376/686/777 322/593/784 344/623/782
f 344/623/782 429/784/781 376/686/777
f 204/389/785 209/399/786 205/391/787
f 204/389/785 205/391/787 214/405/788
f 214/405/788 205/391/787 267/498/789
f 255/478/790 267/498/789 205/391/787
f 227/428/791 255/478/790 205/391/787
f 209/399/786 227/428/791 205/391/787
f 270/508/792 229/432/793 204/389/785
f 209/399/786 204/389/785 229/432/793
f 299/558/618 265/495/617 270/508/792
f 229/432/793 270/508/792 265/495/617
f 229/432/793 265/495/617 271/511/612
f 271/511/612 155/315/610 229/432/793
f 229/432/793 155/315/610 209/399/786
f 209/399/786 155/315/610 227/428/791
f 227/428/791 155/315/610 269/506/607
f 269/506/607 255/478/790 227/428/791
f 267/498/789 255/478/790 289/542/794
f 255/478/790 269/506/607 289/542/794
f 238/445/704 247/463/708 314/583/773
f 308/576/491 68/159/494 105/231/489
f 180/356/795 169/336/716 178/353/717
f 182/359/714 169/336/716 176/349/713
f 169/336/716 184/361/715 178/353/717
f 192/373/495 68/158/494 371/674/796
f 237/443/797 204/390/785 216/408/798
f 204/390/785 237/443/797 270/509/792
f 297/554/799 216/408/798 268/501/800
f 268/501/800 214/406/788 267/499/789
f 268/501/800 216/408/798 214/406/788
f 204/390/785 214/406/788 216/408/798
f 176/350/713 169/337/716 193/374/801
f 169/337/716 180/357/795 193/374/801
f 260/487/600 226/427/589 259/485/588
f 178/354/717 226/427/589 260/487/600
f 180/357/795 240/447/802 193/374/801
f 176/350/713 193/374/801 248/465/594
f 180/357/795 249/467/602 240/447/802
f 260/487/600 249/467/602 178/354/717
f 249/467/602 180/357/795 178/354/717
f 249/467/602 304/569/601 313/582/803
f 313/582/803 304/569/601 349/635/672
f 313/582/803 349/635/672 369/668/804
f 240/447/802 249/467/602 313/582/803
f 313/582/803 330/607/805 240/447/802
f 266/497/806 240/447/802 330/607/805
f 313/582/803 369/668/804 330/607/805
f 330/607/805 369/668/804 374/683/807
f 330/607/805 374/683/807 333/611/808
f 266/497/806 330/607/805 283/532/592
f 283/532/592 248/465/594 266/497/806
f 248/465/594 193/374/801 266/497/806
f 266/497/806 193/374/801 240/447/802
f 369/668/804 349/635/672 551/1005/673
f 356/645/809 369/668/804 396/724/810
f 405/742/783 192/373/495 371/674/796
f 173/346/562 199/382/684 219/415/565
f 177/352/611 271/512/612 265/496/617
f 221/417/521 212/403/520 206/394/517
f 213/404/518 206/394/517 212/403/520
f 299/559/618 327/601/721 246/462/619
f 234/439/497 276/522/771 308/575/491
f 216/409/798 297/555/799 237/444/797
f 297/555/799 268/502/800 331/608/811
f 270/510/792 237/444/797 299/560/618
f 299/560/618 237/444/797 327/602/721
f 297/555/799 331/608/811 381/696/726
f 381/696/726 331/608/811 378/690/812
f 378/690/812 331/608/811 343/621/813
f 343/621/813 377/687/814 378/690/812
f 268/503/800 343/621/813 331/608/811
f 237/444/797 297/555/799 327/602/721
f 378/690/812 400/736/815 435/798/728
f 397/730/816 435/798/728 400/736/815
f 381/696/726 378/690/812 435/798/728
f 511/933/817 397/730/816 494/905/818
f 511/933/817 494/905/818 529/963/819
f 397/730/816 548/1001/734 435/798/728
f 548/1001/734 397/730/816 511/933/817
f 529/963/819 494/905/818 514/936/820
f 514/936/820 552/1009/821 529/963/819
f 529/963/819 552/1009/821 511/933/817
f 511/933/817 552/1009/821 549/1002/822
f 548/1001/734 511/933/817 549/1002/822
f 482/875/823 514/936/820 494/905/818
f 319/589/609 200/383/579 383/700/824
f 397/728/816 262/490/608 319/589/609
f 494/906/818 397/728/816 383/700/824
f 494/906/818 383/700/824 451/826/825
f 397/728/816 319/589/609 383/700/824
f 451/826/825 383/700/824 367/665/582
f 468/852/826 451/826/825 367/665/582
f 367/665/582 383/700/824 200/383/579
f 355/642/581 200/384/579 256/479/580
f 306/571/827 300/561/828 325/598/829
f 341/619/830 325/598/829 300/561/828
f 366/663/831 361/657/832 351/637/833
f 444/812/834 404/740/835 398/731/836
f 366/663/831 404/740/835 361/657/832
f 312/581/837 375/685/838 335/613/839
f 335/613/839 375/685/838 394/720/840
f 335/613/839 394/720/840 353/640/841
f 394/720/840 351/638/833 353/640/841
f 353/640/841 365/662/842 335/613/839
f 306/571/827 366/663/831 328/603/843
f 328/603/843 366/663/831 351/637/833
f 305/570/844 341/619/830 300/561/828
f 341/619/830 305/570/844 312/581/837
f 365/662/842 312/581/837 335/613/839
f 351/638/833 361/658/832 353/640/841
f 353/640/841 361/658/832 402/738/845
f 353/640/841 402/738/845 365/662/842
f 306/571/827 362/659/846 366/663/831
f 325/598/829 362/659/846 306/571/827
f 296/553/847 286/537/848 292/548/849
f 309/577/850 358/650/596 286/537/848
f 294/550/851 333/610/808 337/615/852
f 292/548/849 294/550/851 296/553/847
f 342/620/853 356/647/809 345/624/854
f 294/550/851 337/615/852 303/566/855
f 294/550/851 303/566/855 296/553/847
f 345/624/854 380/695/856 342/620/853
f 380/695/856 385/705/857 342/620/853
f 342/620/853 385/705/857 337/615/852
f 352/639/858 337/615/852 385/705/857
f 337/615/852 352/639/858 303/566/855
f 310/578/859 286/537/848 296/553/847
f 286/537/848 310/578/859 309/577/850
f 332/609/860 309/577/850 310/578/859
f 309/577/850 332/609/860 320/590/861
f 267/500/789 289/543/794 268/504/800
f 268/504/800 289/543/794 343/622/813
f 343/622/813 317/587/862 377/688/814
f 317/587/862 343/622/813 336/614/863
f 343/622/813 289/543/794 336/614/863
f 289/544/794 262/491/608 336/614/863
f 262/491/608 397/729/816 336/614/863
f 397/729/816 370/671/864 336/614/863
f 336/614/863 370/671/864 350/636/865
f 317/587/862 336/614/863 350/636/865
f 377/688/814 317/587/862 306/571/827
f 317/587/862 300/561/828 306/571/827
f 317/587/862 305/570/844 300/561/828
f 312/581/837 370/672/864 375/685/838
f 370/672/864 312/581/837 350/636/865
f 350/636/865 312/581/837 305/570/844
f 317/587/862 350/636/865 305/570/844
f 351/638/833 377/689/814 328/604/843
f 377/689/814 351/638/833 378/691/812
f 328/604/843 377/689/814 306/572/827
f 370/672/864 400/735/815 375/685/838
f 289/544/794 269/507/607 262/491/608
f 358/650/596 309/577/850 320/590/861
f 356/646/809 320/590/861 345/625/854
f 358/650/596 320/590/861 396/725/810
f 396/725/810 320/590/861 356/646/809
f 286/537/848 358/650/596 346/627/595
f 324/596/866 286/537/848 346/627/595
f 324/596/866 333/610/808 292/548/849
f 369/669/804 356/647/809 342/620/853
f 292/548/849 333/610/808 294/550/851
f 337/615/852 333/610/808 374/684/807
f 337/615/852 374/684/807 342/620/853
f 369/669/804 342/620/853 374/684/807
f 286/537/848 324/596/866 292/548/849
f 221/418/521 206/395/517 354/641/867
f 241/449/524 221/418/521 354/641/867
f 206/395/517 295/552/660 368/667/868
f 368/667/868 354/641/867 206/395/517
f 347/631/659 368/667/868 295/552/660
f 347/631/659 379/692/869 386/706/870
f 307/573/772 314/583/773 359/653/758
f 362/659/846 404/740/835 366/663/831
f 404/740/835 362/659/846 398/731/836
f 388/709/871 357/648/872 407/747/873
f 407/747/873 357/648/872 409/750/874
f 409/750/874 357/648/872 365/662/842
f 341/619/830 357/648/872 388/709/871
f 325/598/829 341/619/830 388/709/871
f 362/659/846 325/598/829 398/731/836
f 325/598/829 388/709/871 398/731/836
f 361/658/832 404/741/835 402/738/845
f 402/738/845 404/741/835 409/750/874
f 404/741/835 444/813/834 409/750/874
f 409/750/874 444/813/834 407/747/873
f 402/738/845 409/750/874 365/662/842
f 345/625/854 320/590/861 380/694/856
f 320/590/861 364/661/875 380/694/856
f 364/661/875 320/590/861 332/609/860
f 381/696/726 327/602/721 297/555/799
f 341/619/830 312/581/837 357/648/872
f 312/581/837 365/662/842 357/648/872
f 308/576/491 276/523/771 307/574/772
f 371/675/796 68/159/494 308/576/491
f 308/576/491 307/574/772 391/714/876
f 360/656/762 391/714/876 307/574/772
f 371/675/796 308/576/491 391/714/876
f 391/714/876 360/656/762 487/888/763
f 283/532/592 330/607/805 333/611/808
f 283/532/592 333/611/808 324/597/866
f 324/597/866 346/628/595 283/532/592
f 283/532/592 346/628/595 290/546/591
f 372/678/877 310/578/859 296/553/847
f 310/578/859 372/678/877 332/609/860
f 364/661/875 332/609/860 411/752/878
f 411/752/878 332/609/860 372/678/877
f 414/758/879 411/752/878 413/755/880
f 414/758/879 408/749/881 411/752/878
f 414/758/879 380/694/856 408/749/881
f 408/749/881 380/694/856 364/661/875
f 408/749/881 364/661/875 411/752/878
f 385/705/857 380/695/856 413/756/880
f 413/756/880 380/695/856 414/759/879
f 399/733/882 385/705/857 413/756/880
f 399/733/882 372/678/877 296/553/847
f 296/553/847 303/566/855 399/733/882
f 352/639/858 399/733/882 303/566/855
f 399/733/882 352/639/858 385/705/857
f 394/720/840 400/735/815 378/691/812
f 394/720/840 378/691/812 351/638/833
f 288/541/650 389/711/883 311/580/647
f 389/711/883 288/541/650 387/708/748
f 389/711/883 387/708/748 425/777/742
f 395/722/649 311/580/647 389/711/883
f 436/800/884 437/801/885 403/739/886
f 403/739/886 395/722/649 436/800/884
f 425/777/742 395/722/649 389/711/883
f 395/722/649 425/777/742 436/800/884
f 403/739/886 430/788/887 390/712/765
f 390/712/765 430/788/887 418/766/764
f 390/712/765 395/722/649 403/739/886
f 418/766/764 430/788/887 450/825/888
f 487/889/763 418/766/764 448/821/889
f 418/766/764 450/825/888 448/821/889
f 450/825/888 476/868/890 475/866/891
f 437/801/885 430/788/887 403/739/886
f 450/825/888 430/788/887 476/868/890
f 483/878/892 476/868/890 430/788/887
f 430/788/887 437/801/885 453/829/893
f 498/911/894 437/801/885 466/850/895
f 466/850/895 437/801/885 436/800/884
f 466/850/895 436/800/884 425/777/742
f 430/788/887 453/829/893 483/878/892
f 486/886/896 483/878/892 496/909/897
f 476/868/890 483/878/892 486/886/896
f 476/868/890 486/886/896 481/874/898
f 486/886/896 496/909/897 523/952/899
f 486/886/896 503/918/900 481/874/898
f 486/886/896 523/952/899 554/1015/901
f 523/952/899 561/1031/902 593/1095/903
f 554/1015/901 523/952/899 593/1095/903
f 593/1095/903 613/1128/904 554/1015/901
f 554/1015/901 613/1129/904 562/1033/905
f 503/918/900 486/886/896 554/1015/901
f 503/918/900 554/1015/901 562/1033/905
f 503/918/900 562/1033/905 500/913/906
f 503/918/900 500/913/906 481/874/898
f 476/868/890 481/874/898 500/913/906
f 476/868/890 500/913/906 475/866/891
f 562/1033/905 475/866/891 500/913/906
f 450/825/888 475/866/891 448/821/889
f 453/829/893 437/801/885 498/911/894
f 591/1091/907 563/1035/908 466/850/895
f 563/1035/908 498/911/894 466/850/895
f 498/911/894 483/878/892 453/829/893
f 483/878/892 498/911/894 563/1035/908
f 483/878/892 563/1035/908 541/990/909
f 541/990/909 563/1035/908 571/1049/910
f 571/1049/910 561/1031/902 541/990/909
f 541/990/909 561/1031/902 523/952/899
f 541/990/909 523/952/899 496/909/897
f 541/990/909 496/909/897 483/878/892
f 466/850/895 425/777/742 632/1159/743
f 632/1159/743 591/1091/907 466/850/895
f 415/760/911 241/449/524 354/641/867
f 412/754/912 457/834/913 445/815/914
f 456/833/915 433/794/916 441/806/917
f 536/977/918 456/833/915 507/926/919
f 513/935/920 525/955/921 556/1020/922
f 513/935/920 556/1020/922 536/977/918
f 513/935/920 536/977/918 507/926/919
f 457/834/913 456/833/915 536/977/918
f 368/667/868 415/760/911 354/641/867
f 412/754/912 368/667/868 347/631/659
f 368/667/868 412/754/912 445/815/914
f 368/667/868 445/815/914 415/760/911
f 347/631/659 386/706/870 412/754/912
f 412/754/912 386/706/870 456/833/915
f 456/833/915 386/706/870 433/794/916
f 393/718/923 434/795/924 406/745/925
f 379/692/869 428/783/926 386/706/870
f 428/783/926 379/692/869 406/745/925
f 386/706/870 428/783/926 433/794/916
f 433/794/916 428/783/926 441/806/917
f 441/806/917 428/783/926 406/745/925
f 412/754/912 456/833/915 457/834/913
f 393/718/923 429/785/781 434/795/924
f 434/795/924 477/869/927 406/745/925
f 477/869/927 528/961/928 461/840/929
f 528/961/928 510/931/930 461/840/929
f 459/837/931 461/840/929 510/931/930
f 477/869/927 461/840/929 447/820/932
f 477/869/927 447/820/932 406/745/925
f 441/806/917 406/745/925 447/820/932
f 458/836/933 447/820/932 461/840/929
f 447/820/932 458/836/933 462/841/934
f 447/820/932 462/841/934 441/806/917
f 441/806/917 462/841/934 456/833/915
f 507/926/919 456/833/915 462/841/934
f 507/926/919 465/849/935 513/935/920
f 525/955/921 513/935/920 467/851/936
f 467/851/936 513/935/920 465/849/935
f 564/1037/937 525/955/921 519/944/938
f 467/851/936 519/944/938 525/955/921
f 462/841/934 465/849/935 507/926/919
f 458/836/933 465/849/935 462/841/934
f 467/851/936 465/849/935 459/837/931
f 459/837/931 465/849/935 458/836/933
f 510/931/930 519/944/938 459/837/931
f 459/837/931 519/944/938 467/851/936
f 461/840/929 459/837/931 458/836/933
f 446/818/682 455/831/675 338/616/674
f 553/1012/939 446/818/682 526/956/940
f 401/737/677 471/860/681 526/956/940
f 526/956/940 446/818/682 401/737/677
f 472/862/941 415/761/911 445/816/914
f 415/761/911 472/862/941 318/588/668
f 421/771/679 363/660/678 318/588/668
f 421/771/679 318/588/668 472/862/941
f 509/929/680 421/771/679 555/1016/942
f 421/771/679 472/862/941 555/1016/942
f 363/660/678 421/771/679 401/737/677
f 363/660/678 291/547/667 318/588/668
f 415/761/911 318/588/668 241/450/524
f 394/720/840 375/685/838 400/735/815
f 323/595/597 358/651/596 396/726/810
f 323/595/597 396/726/810 355/643/581
f 256/480/580 323/595/597 355/643/581
f 520/946/943 449/823/944 504/919/945
f 505/921/946 449/823/944 520/946/943
f 449/823/944 505/921/946 469/857/947
f 469/857/947 505/921/946 479/872/948
f 501/914/949 469/857/947 479/872/948
f 501/914/949 479/872/948 547/998/950
f 547/998/950 479/872/948 505/921/946
f 449/823/944 355/643/581 417/764/951
f 449/823/944 417/764/951 504/919/945
f 504/919/945 417/764/951 508/927/952
f 504/919/945 508/927/952 546/996/953
f 396/726/810 417/764/951 355/643/581
f 400/736/815 370/673/864 397/730/816
f 560/1029/954 557/1024/733 549/1002/822
f 549/1002/822 552/1009/821 560/1029/954
f 418/767/764 419/768/761 390/713/765
f 390/713/765 410/751/760 395/723/649
f 410/751/760 321/592/648 395/723/649
f 406/746/925 379/693/869 393/719/923
f 393/719/923 392/717/778 429/786/781
f 393/719/923 379/693/869 392/717/778
f 392/717/778 379/693/869 373/682/699
f 373/682/699 379/693/869 347/632/659
f 355/644/581 449/824/944 470/859/955
f 355/644/581 470/859/955 367/666/582
f 367/666/582 470/859/955 468/853/826
f 449/824/944 469/858/947 470/859/955
f 497/910/956 470/859/955 469/858/947
f 547/999/950 497/910/956 501/915/949
f 469/858/947 501/915/949 497/910/956
f 468/853/826 470/859/955 512/934/957
f 512/934/957 518/943/958 468/854/826
f 468/855/826 518/943/958 583/1073/959
f 505/922/946 567/1041/960 590/1088/961
f 505/922/946 540/986/962 567/1041/960
f 590/1088/961 547/999/950 505/922/946
f 518/943/958 512/934/957 497/910/956
f 497/910/956 512/934/957 470/859/955
f 547/999/950 590/1089/961 518/943/958
f 518/943/958 590/1089/961 583/1073/959
f 396/727/810 369/670/804 417/765/951
f 508/928/952 417/765/951 460/838/963
f 551/1006/673 460/838/963 417/765/951
f 551/1006/673 417/765/951 369/670/804
f 423/773/964 420/769/965 424/775/966
f 423/773/964 427/782/967 431/789/968
f 431/789/968 440/805/969 491/898/970
f 440/805/969 431/789/968 427/782/967
f 440/805/969 427/782/967 491/898/970
f 491/898/970 427/782/967 521/949/737
f 485/885/747 521/949/737 427/782/967
f 432/792/971 485/885/747 424/775/966
f 432/792/971 424/775/966 420/769/965
f 423/773/964 424/775/966 427/782/967
f 426/778/972 432/792/971 420/769/965
f 537/981/746 432/792/971 527/959/973
f 432/792/971 537/981/746 485/885/747
f 491/898/970 521/949/737 534/973/736
f 423/774/964 431/790/968 443/808/974
f 422/772/975 423/774/964 438/802/976
f 438/802/976 423/774/964 443/808/974
f 443/808/974 495/908/977 438/802/976
f 438/802/976 495/908/977 422/772/975
f 495/908/977 443/808/974 489/893/978
f 495/908/977 489/893/978 526/957/940
f 422/772/975 495/908/977 473/864/979
f 439/803/980 473/864/979 502/917/981
f 502/917/981 473/864/979 509/930/680
f 473/864/979 439/803/980 422/772/975
f 420/770/965 422/772/975 439/803/980
f 422/772/975 420/770/965 423/774/964
f 420/770/965 439/803/980 426/779/972
f 424/775/966 485/885/747 427/782/967
f 527/960/973 432/793/971 426/780/972
f 492/902/982 527/960/973 426/780/972
f 559/1027/983 537/982/746 527/960/973
f 575/1055/984 559/1027/983 492/902/982
f 614/1131/985 537/982/746 559/1027/983
f 559/1027/983 527/960/973 492/902/982
f 426/781/972 454/830/986 492/903/982
f 454/830/986 426/781/972 439/804/980
f 502/916/981 598/1103/987 522/950/988
f 454/830/986 439/804/980 502/916/981
f 522/950/988 492/903/982 454/830/986
f 502/916/981 522/950/988 454/830/986
f 522/950/988 575/1056/984 492/903/982
f 502/916/981 555/1017/942 598/1104/987
f 564/1037/937 556/1020/922 525/955/921
f 388/710/871 407/748/873 398/732/836
f 407/748/873 444/814/834 398/732/836
f 372/679/877 399/734/882 413/757/880
f 411/753/878 372/679/877 413/757/880
f 463/842/989 489/893/978 443/808/974
f 526/957/940 471/861/681 495/908/977
f 471/861/681 509/930/680 495/908/977
f 495/908/977 509/930/680 473/864/979
f 502/917/981 509/930/680 555/1018/942
f 480/873/990 429/787/781 405/743/783
f 405/744/783 572/1051/991 586/1084/992
f 405/744/783 371/676/796 572/1051/991
f 586/1084/992 650/1191/993 673/1245/994
f 586/1084/992 673/1245/994 640/1172/995
f 640/1172/995 673/1245/994 679/1257/996
f 687/1275/997 679/1257/996 711/1325/998
f 711/1325/998 683/1265/999 687/1275/997
f 650/1191/993 586/1084/992 572/1051/991
f 711/1325/998 679/1257/996 673/1245/994
f 727/1353/1000 725/1350/1001 720/1343/1002
f 725/1350/1001 711/1325/998 720/1343/1002
f 720/1343/1002 711/1325/998 673/1245/994
f 650/1191/993 720/1343/1002 673/1245/994
f 480/873/990 569/1046/1003 434/796/924
f 480/873/990 580/1066/1004 569/1046/1003
f 429/787/781 480/873/990 434/796/924
f 586/1084/992 480/873/990 405/744/783
f 480/873/990 586/1084/992 640/1172/995
f 580/1066/1004 480/873/990 640/1172/995
f 482/876/823 493/904/1005 514/937/820
f 514/937/820 493/904/1005 533/969/1006
f 552/1010/821 514/937/820 533/969/1006
f 585/1082/732 552/1010/821 581/1068/1007
f 482/876/823 506/924/1008 493/904/1005
f 493/904/1005 506/924/1008 533/969/1006
f 552/1010/821 585/1082/732 560/1030/954
f 560/1030/954 585/1082/732 557/1023/733
f 482/877/823 494/907/818 451/827/825
f 482/877/823 499/912/1009 506/925/1008
f 533/970/1006 506/925/1008 499/912/1009
f 499/912/1009 468/856/826 539/985/1010
f 451/827/825 499/912/1009 482/877/823
f 451/827/825 468/856/826 499/912/1009
f 539/985/1010 468/856/826 583/1074/959
f 463/843/989 484/879/1011 464/847/1012
f 464/847/1012 488/892/1013 474/865/1014
f 464/847/1012 490/896/1015 488/892/1013
f 488/892/1013 490/896/1015 515/938/1016
f 488/892/1013 515/938/1016 576/1059/1017
f 543/993/1018 488/892/1013 576/1059/1017
f 615/1136/1019 637/1167/1020 582/1071/1021
f 543/993/1018 576/1059/1017 615/1136/1019
f 516/940/1022 615/1136/1019 582/1071/1021
f 543/993/1018 615/1136/1019 516/940/1022
f 582/1071/1021 524/953/1023 516/940/1022
f 463/844/989 464/847/1012 474/865/1014
f 516/940/1022 474/865/1014 488/892/1013
f 474/865/1014 516/940/1022 463/845/989
f 463/845/989 516/940/1022 524/953/1023
f 488/892/1013 543/993/1018 516/940/1022
f 489/894/978 524/953/1023 579/1063/1024
f 524/953/1023 489/894/978 463/845/989
f 464/848/1012 484/880/1011 478/871/1025
f 490/897/1015 478/871/1025 515/939/1016
f 515/939/1016 478/871/1025 550/1003/1026
f 478/871/1025 490/897/1015 464/848/1012
f 566/1040/1027 576/1060/1017 515/939/1016
f 601/1111/1028 566/1040/1027 550/1003/1026
f 566/1040/1027 601/1111/1028 634/1162/1029
f 566/1040/1027 634/1162/1029 576/1060/1017
f 615/1137/1019 576/1060/1017 634/1162/1029
f 615/1137/1019 634/1162/1029 637/1168/1020
f 637/1168/1020 634/1162/1029 625/1150/1030
f 625/1150/1030 601/1111/1028 545/995/1031
f 601/1111/1028 625/1150/1030 634/1162/1029
f 625/1150/1030 545/995/1031 647/1184/1032
f 647/1184/1032 637/1168/1020 625/1150/1030
f 550/1003/1026 566/1040/1027 515/939/1016
f 550/1003/1026 545/995/1031 601/1111/1028
f 484/881/1011 550/1003/1026 478/871/1025
f 545/995/1031 550/1003/1026 484/881/1011
f 545/995/1031 484/881/1011 491/899/970
f 491/899/970 584/1079/1033 545/995/1031
f 491/899/970 534/974/736 584/1079/1033
f 584/1079/1033 647/1184/1032 545/995/1031
f 647/1184/1032 665/1228/1034 700/1305/1035
f 637/1168/1020 647/1184/1032 700/1305/1035
f 605/1116/1036 651/1193/1037 584/1079/1033
f 665/1228/1034 647/1184/1032 651/1193/1037
f 651/1193/1037 647/1184/1032 584/1079/1033
f 665/1228/1034 651/1193/1037 654/1204/1038
f 654/1203/1038 651/1193/1037 644/1177/1039
f 714/1330/1040 710/1323/1041 654/1204/1038
f 654/1204/1038 710/1323/1041 665/1228/1034
f 665/1228/1034 710/1323/1041 700/1305/1035
f 700/1305/1035 704/1312/1042 637/1168/1020
f 700/1305/1035 748/1402/1043 733/1365/1044
f 733/1365/1044 748/1402/1043 758/1420/1045
f 759/1422/1046 756/1418/1047 753/1413/1048
f 753/1413/1048 756/1418/1047 749/1403/1049
f 758/1420/1045 749/1403/1049 756/1418/1047
f 748/1402/1043 700/1305/1035 734/1367/1050
f 756/1418/1047 759/1422/1046 758/1420/1045
f 700/1305/1035 710/1323/1041 734/1367/1050
f 734/1367/1050 739/1377/1051 749/1403/1049
f 749/1403/1049 758/1420/1045 734/1367/1050
f 758/1420/1045 748/1402/1043 734/1367/1050
f 518/943/958 497/910/956 547/999/950
f 595/1098/727 381/697/726 435/799/728
f 569/1047/1003 530/964/1052 434/797/924
f 530/964/1052 569/1047/1003 577/1061/1053
f 577/1061/1053 600/1110/1054 530/964/1052
f 573/1053/1055 600/1110/1054 629/1155/1056
f 510/932/930 573/1053/1055 603/1113/1057
f 573/1053/1055 629/1155/1056 603/1113/1057
f 627/1153/1058 629/1155/1056 600/1110/1054
f 627/1153/1058 600/1110/1054 623/1148/1059
f 434/797/924 530/964/1052 477/870/927
f 477/870/927 530/964/1052 528/962/928
f 510/932/930 530/964/1052 573/1053/1055
f 528/962/928 530/964/1052 510/932/930
f 530/964/1052 600/1110/1054 573/1053/1055
f 603/1113/1057 519/945/938 510/932/930
f 603/1113/1057 564/1038/937 519/945/938
f 564/1038/937 578/1062/1060 556/1021/922
f 536/978/918 556/1021/922 578/1062/1060
f 592/1093/1061 587/1085/1062 602/1112/1063
f 587/1085/1062 592/1093/1061 536/978/918
f 587/1085/1062 536/978/918 578/1062/1060
f 621/1146/1064 578/1062/1060 564/1038/937
f 564/1038/937 603/1113/1057 621/1146/1064
f 578/1062/1060 621/1146/1064 587/1085/1062
f 587/1085/1062 621/1146/1064 627/1153/1058
f 602/1112/1063 627/1153/1058 638/1170/1065
f 627/1153/1058 602/1112/1063 587/1085/1062
f 592/1093/1061 602/1112/1063 638/1170/1065
f 592/1093/1061 638/1170/1065 619/1142/1066
f 638/1170/1065 627/1153/1058 623/1148/1059
f 611/1125/1067 612/1127/1068 580/1065/1004
f 612/1127/1068 611/1125/1067 619/1142/1066
f 612/1127/1068 619/1142/1066 638/1170/1065
f 638/1170/1065 623/1148/1059 612/1127/1068
f 612/1127/1068 577/1061/1053 580/1065/1004
f 577/1061/1053 612/1127/1068 623/1148/1059
f 580/1065/1004 577/1061/1053 569/1047/1003
f 577/1061/1053 623/1148/1059 600/1110/1054
f 549/1002/822 557/1024/733 548/1001/734
f 475/867/891 565/1039/1069 448/822/889
f 487/890/763 448/822/889 565/1039/1069
f 542/991/1070 487/890/763 565/1039/1069
f 542/991/1070 565/1039/1069 604/1114/1071
f 475/867/891 570/1048/1072 565/1039/1069
f 565/1039/1069 574/1054/1073 588/1086/1074
f 565/1039/1069 588/1086/1074 604/1114/1071
f 663/1224/1075 604/1114/1071 624/1149/1076
f 624/1149/1076 604/1114/1071 588/1086/1074
f 633/1161/1077 624/1149/1076 609/1123/1078
f 588/1086/1074 609/1123/1078 624/1149/1076
f 618/1141/1079 609/1123/1078 588/1086/1074
f 622/1147/1080 609/1123/1078 618/1141/1079
f 618/1141/1079 628/1154/1081 645/1181/1082
f 618/1141/1079 645/1181/1082 622/1147/1080
f 641/1174/1083 628/1154/1081 570/1048/1072
f 570/1048/1072 635/1163/1084 641/1174/1083
f 645/1181/1082 628/1154/1081 641/1174/1083
f 622/1147/1080 645/1181/1082 639/1171/1085
f 616/1138/1086 633/1161/1077 609/1123/1078
f 565/1039/1069 570/1048/1072 574/1054/1073
f 475/867/891 562/1034/905 570/1048/1072
f 562/1034/905 599/1109/1087 570/1048/1072
f 574/1054/1073 570/1048/1072 628/1154/1081
f 599/1109/1087 562/1034/905 613/1130/904
f 628/1154/1081 618/1141/1079 574/1054/1073
f 618/1141/1079 588/1086/1074 574/1054/1073
f 599/1109/1087 613/1130/904 635/1163/1084
f 570/1048/1072 599/1109/1087 635/1163/1084
f 642/1175/1088 641/1174/1083 635/1163/1084
f 645/1181/1082 597/1102/1089 639/1171/1085
f 622/1147/1080 639/1171/1085 631/1157/1090
f 631/1157/1090 616/1138/1086 622/1147/1080
f 609/1123/1078 622/1147/1080 616/1138/1086
f 648/1185/1091 616/1138/1086 631/1157/1090
f 648/1185/1091 633/1161/1077 616/1138/1086
f 633/1161/1077 648/1185/1091 682/1263/1092
f 633/1161/1077 682/1263/1092 699/1303/1093
f 624/1149/1076 633/1161/1077 699/1303/1093
f 648/1185/1091 631/1157/1090 636/1164/1094
f 708/1320/1095 648/1185/1091 636/1164/1094
f 624/1149/1076 699/1303/1093 663/1224/1075
f 642/1175/1088 593/1096/903 606/1119/1096
f 606/1119/1096 593/1096/903 561/1032/902
f 645/1181/1082 641/1174/1083 597/1102/1089
f 597/1102/1089 641/1174/1083 642/1175/1088
f 606/1119/1096 561/1032/902 571/1050/910
f 597/1102/1089 642/1175/1088 606/1119/1096
f 631/1157/1090 639/1171/1085 589/1087/1097
f 639/1171/1085 597/1102/1089 589/1087/1097
f 597/1102/1089 563/1036/908 589/1087/1097
f 563/1036/908 591/1092/907 589/1087/1097
f 632/1160/743 636/1164/1094 591/1092/907
f 642/1175/1088 635/1163/1084 613/1130/904
f 642/1175/1088 613/1130/904 593/1096/903
f 636/1164/1094 631/1157/1090 589/1087/1097
f 591/1092/907 636/1164/1094 589/1087/1097
f 636/1164/1094 632/1160/743 707/1317/1098
f 632/1160/743 568/1045/744 707/1317/1098
f 681/1261/1099 707/1317/1098 568/1045/744
f 531/966/745 614/1132/985 681/1261/1099
f 531/966/745 681/1261/1099 568/1045/744
f 539/985/1010 533/970/1006 499/912/1009
f 552/1011/821 533/970/1006 581/1069/1007
f 539/985/1010 583/1075/959 533/970/1006
f 617/1139/1100 580/1066/1004 640/1172/995
f 520/947/943 546/997/953 505/923/946
f 505/923/946 538/984/1101 540/987/962
f 538/984/1101 505/923/946 546/997/953
f 520/947/943 504/920/945 546/997/953
f 538/984/1101 546/997/953 544/994/1102
f 508/928/952 544/994/1102 546/997/953
f 544/994/1102 535/976/1103 538/984/1101
f 538/984/1101 535/976/1103 540/987/962
f 540/987/962 535/976/1103 460/838/963
f 460/838/963 535/976/1103 508/928/952
f 544/994/1102 508/928/952 535/976/1103
f 540/988/962 460/839/963 551/1007/673
f 551/1007/673 567/1042/960 540/989/962
f 594/1097/1104 572/1052/991 371/677/796
f 653/1202/1105 604/1115/1071 663/1225/1075
f 653/1202/1105 572/1052/991 594/1097/1104
f 604/1115/1071 653/1202/1105 594/1097/1104
f 604/1115/1071 594/1097/1104 542/992/1070
f 487/891/763 542/992/1070 391/715/876
f 371/677/796 391/715/876 594/1097/1104
f 391/715/876 542/992/1070 594/1097/1104
f 646/1182/1106 698/1300/1107 596/1100/1108
f 646/1182/1106 445/817/914 607/1120/1109
f 660/1219/1110 592/1094/1061 619/1143/1066
f 660/1219/1110 607/1120/1109 592/1094/1061
f 687/1276/997 683/1266/999 630/1156/1111
f 630/1156/1111 683/1266/999 660/1219/1110
f 660/1219/1110 619/1143/1066 610/1124/1112
f 592/1094/1061 607/1120/1109 457/835/913
f 646/1182/1106 596/1100/1108 445/817/914
f 445/817/914 596/1100/1108 472/863/941
f 445/817/914 457/835/913 607/1120/1109
f 536/979/918 592/1094/1061 457/835/913
f 598/1105/987 555/1019/942 596/1100/1108
f 596/1100/1108 555/1019/942 472/863/941
f 713/1329/1113 646/1182/1106 607/1120/1109
f 607/1120/1109 660/1219/1110 713/1329/1113
f 740/1379/1114 646/1182/1106 755/1417/1115
f 755/1417/1115 646/1182/1106 713/1329/1113
f 603/1113/1057 629/1155/1056 621/1146/1064
f 621/1146/1064 629/1155/1056 627/1153/1058
f 563/1036/908 597/1102/1089 606/1119/1096
f 563/1036/908 606/1119/1096 571/1050/910
f 384/702/723 558/1026/735 517/942/730
f 558/1026/735 384/702/723 605/1117/1036
f 558/1026/735 584/1080/1033 534/975/736
f 584/1080/1033 558/1026/735 605/1117/1036
f 664/1226/1116 384/702/723 675/1249/1117
f 605/1118/1036 384/702/723 651/1194/1037
f 651/1194/1037 384/702/723 664/1226/1116
f 669/1236/1118 651/1194/1037 664/1226/1116
f 553/1013/939 526/958/940 579/1064/1024
f 672/1243/1119 649/1187/1120 579/1064/1024
f 649/1187/1120 553/1013/939 579/1064/1024
f 704/1313/1042 733/1366/1044 728/1356/1121
f 704/1313/1042 728/1356/1121 714/1332/1040
f 714/1331/1040 728/1356/1121 710/1324/1041
f 734/1368/1050 710/1324/1041 728/1356/1121
f 579/1064/1024 704/1313/1042 714/1332/1040
f 704/1313/1042 700/1306/1035 733/1366/1044
f 757/1419/1122 733/1366/1044 758/1421/1045
f 757/1419/1122 758/1421/1045 759/1423/1046
f 759/1423/1046 753/1414/1048 750/1405/1123
f 757/1419/1122 759/1423/1046 750/1405/1123
f 749/1404/1049 750/1405/1123 753/1414/1048
f 637/1169/1020 704/1313/1042 579/1064/1024
f 582/1072/1021 637/1169/1020 579/1064/1024
f 582/1072/1021 579/1064/1024 524/954/1023
f 489/895/978 579/1064/1024 526/958/940
f 750/1405/1123 749/1404/1049 739/1378/1051
f 750/1405/1123 739/1378/1051 757/1419/1122
f 733/1366/1044 757/1419/1122 739/1378/1051
f 739/1378/1051 734/1368/1050 728/1356/1121
f 728/1356/1121 733/1366/1044 739/1378/1051
f 611/1126/1067 610/1124/1112 619/1144/1066
f 610/1124/1112 630/1156/1111 660/1219/1110
f 610/1124/1112 611/1126/1067 617/1140/1100
f 580/1067/1004 617/1140/1100 611/1126/1067
f 640/1173/995 679/1258/996 617/1140/1100
f 617/1140/1100 687/1276/997 630/1156/1111
f 617/1140/1100 679/1258/996 687/1276/997
f 617/1140/1100 630/1156/1111 610/1124/1112
f 531/967/745 537/983/746 614/1133/985
f 689/1279/1124 614/1133/985 693/1289/1125
f 689/1280/1124 693/1289/1125 688/1277/1126
f 691/1284/1127 693/1289/1125 695/1292/1128
f 693/1289/1125 691/1284/1127 688/1277/1126
f 691/1284/1127 690/1282/1129 688/1277/1126
f 693/1289/1125 559/1028/983 695/1292/1128
f 655/1206/1130 559/1028/983 575/1057/984
f 559/1028/983 655/1206/1130 695/1292/1128
f 693/1289/1125 614/1133/985 559/1028/983
f 598/1106/987 685/1269/1131 670/1239/1132
f 692/1286/1133 696/1296/1134 670/1239/1132
f 670/1239/1132 696/1296/1134 655/1208/1130
f 670/1239/1132 522/951/988 598/1106/987
f 585/1083/732 581/1070/1007 666/1229/1135
f 608/1122/729 585/1083/732 666/1229/1135
f 581/1070/1007 533/971/1006 583/1076/959
f 608/1122/729 715/1334/1136 674/1247/1137
f 715/1334/1136 608/1122/729 666/1229/1135
f 666/1229/1135 581/1070/1007 583/1076/959
f 666/1229/1135 583/1076/959 694/1291/1138
f 716/1336/1139 666/1229/1135 694/1291/1138
f 715/1334/1136 716/1336/1139 724/1348/1140
f 715/1334/1136 666/1229/1135 716/1336/1139
f 608/1122/729 674/1247/1137 595/1099/727
f 674/1247/1137 709/1322/1141 667/1230/1142
f 701/1307/1143 697/1297/1144 667/1230/1142
f 701/1307/1143 667/1230/1142 726/1352/1145
f 724/1348/1140 726/1352/1145 709/1322/1141
f 667/1230/1142 709/1322/1141 726/1352/1145
f 553/1014/939 649/1188/1120 658/1213/1146
f 553/1014/939 658/1213/1146 652/1197/1147
f 652/1197/1147 446/819/682 553/1014/939
f 652/1197/1147 657/1211/1148 446/819/682
f 657/1211/1148 706/1315/1149 686/1273/1150
f 686/1273/1150 455/832/675 657/1211/1148
f 455/832/675 446/819/682 657/1211/1148
f 686/1273/1150 416/763/671 455/832/675
f 551/1008/673 416/763/671 643/1176/1151
f 567/1043/960 551/1008/673 643/1176/1151
f 643/1176/1151 620/1145/1152 567/1043/960
f 590/1090/961 567/1043/960 626/1151/1153
f 583/1077/959 626/1151/1153 694/1290/1138
f 626/1151/1153 620/1145/1152 712/1327/1154
f 620/1145/1152 643/1176/1151 712/1327/1154
f 712/1327/1154 716/1335/1139 626/1151/1153
f 712/1327/1154 643/1176/1151 686/1273/1150
f 686/1273/1150 643/1176/1151 416/763/671
f 626/1151/1153 567/1043/960 620/1145/1152
f 713/1329/1113 660/1219/1110 719/1342/1155
f 713/1329/1113 719/1342/1155 760/1424/1156
f 713/1329/1113 760/1424/1156 755/1417/1115
f 595/1099/727 384/703/723 381/698/726
f 674/1246/1137 384/703/723 595/1099/727
f 590/1090/961 626/1151/1153 583/1078/959
f 715/1334/1136 709/1322/1141 674/1247/1137
f 724/1348/1140 709/1322/1141 715/1334/1136
f 726/1352/1145 724/1348/1140 701/1307/1143
f 670/1239/1132 655/1208/1130 522/951/988
f 522/951/988 655/1208/1130 575/1058/984
f 696/1296/1134 692/1286/1133 685/1270/1131
f 696/1296/1134 685/1270/1131 598/1107/987
f 653/1202/1105 650/1192/993 572/1052/991
f 720/1344/1002 650/1192/993 703/1311/1157
f 650/1192/993 653/1202/1105 703/1311/1157
f 703/1311/1157 653/1202/1105 663/1225/1075
f 663/1225/1075 721/1345/1158 703/1311/1157
f 721/1345/1158 663/1225/1075 699/1304/1093
f 703/1311/1157 721/1345/1158 727/1354/1000
f 721/1345/1158 699/1304/1093 682/1264/1092
f 682/1264/1092 708/1321/1095 721/1345/1158
f 721/1345/1158 723/1347/1159 731/1360/1160
f 721/1345/1158 731/1360/1160 727/1354/1000
f 703/1311/1157 727/1354/1000 720/1344/1002
f 708/1321/1095 682/1264/1092 648/1186/1091
f 727/1354/1000 731/1360/1160 752/1411/1161
f 792/1476/1162 790/1470/1163 787/1464/1164
f 787/1464/1164 791/1472/1165 792/1476/1162
f 790/1470/1163 781/1454/1166 787/1464/1164
f 764/1428/1167 771/1440/1168 781/1454/1166
f 731/1360/1160 764/1428/1167 752/1411/1161
f 764/1428/1167 731/1360/1160 771/1440/1168
f 731/1360/1160 723/1347/1159 771/1440/1168
f 766/1432/1169 779/1449/1170 762/1426/1171
f 780/1452/1172 762/1426/1171 779/1450/1170
f 771/1440/1168 762/1426/1171 780/1452/1172
f 752/1411/1161 764/1428/1167 775/1445/1173
f 781/1454/1166 769/1435/1174 764/1428/1167
f 769/1435/1174 778/1448/1175 764/1428/1167
f 778/1448/1175 769/1435/1174 752/1411/1161
f 764/1428/1167 778/1448/1175 774/1444/1176
f 764/1428/1167 774/1444/1176 775/1445/1173
f 777/1447/1177 752/1411/1161 775/1445/1173
f 777/1447/1177 775/1445/1173 774/1444/1176
f 752/1411/1161 777/1447/1177 778/1448/1175
f 774/1444/1176 778/1448/1175 776/1446/1178
f 774/1444/1176 776/1446/1178 777/1447/1177
f 777/1447/1177 776/1446/1178 778/1448/1175
f 790/1470/1163 769/1435/1174 781/1454/1166
f 771/1440/1168 718/1341/1179 762/1426/1171
f 762/1426/1171 718/1341/1179 742/1385/1180
f 742/1383/1180 718/1341/1179 707/1319/1098
f 781/1454/1166 771/1440/1168 780/1452/1172
f 781/1454/1166 780/1452/1172 787/1464/1164
f 672/1243/1119 579/1064/1024 714/1332/1040
f 384/704/723 674/1248/1137 675/1250/1117
f 674/1248/1137 651/1195/1037 675/1250/1117
f 669/1238/1118 675/1250/1117 651/1195/1037
f 651/1195/1037 674/1248/1137 667/1231/1142
f 644/1178/1039 667/1232/1142 697/1298/1144
f 667/1232/1142 644/1178/1039 651/1196/1037
f 644/1179/1039 697/1299/1144 649/1189/1120
f 722/1346/1181 705/1314/1182 701/1308/1143
f 722/1346/1181 716/1337/1139 712/1328/1154
f 722/1346/1181 712/1328/1154 705/1314/1182
f 712/1328/1154 686/1274/1150 706/1316/1149
f 712/1328/1154 706/1316/1149 705/1314/1182
f 662/1222/1183 658/1214/1146 649/1189/1120
f 649/1189/1120 697/1299/1144 662/1222/1183
f 657/1212/1148 652/1198/1147 662/1222/1183
f 705/1314/1182 706/1316/1149 697/1299/1144
f 697/1299/1144 706/1316/1149 657/1212/1148
f 657/1212/1148 662/1222/1183 697/1299/1144
f 724/1349/1140 722/1346/1181 701/1308/1143
f 697/1299/1144 701/1308/1143 705/1314/1182
f 671/1241/1184 676/1251/1185 680/1259/1186
f 671/1241/1184 680/1259/1186 668/1233/1187
f 654/1205/1038 672/1244/1119 714/1333/1040
f 672/1244/1119 654/1205/1038 649/1190/1120
f 644/1180/1039 649/1190/1120 654/1205/1038
f 652/1199/1147 656/1209/1188 659/1217/1189
f 659/1217/1189 656/1209/1188 661/1220/1190
f 656/1209/1188 658/1215/1146 661/1220/1190
f 671/1242/1184 668/1234/1187 664/1227/1116
f 664/1227/1116 668/1234/1187 669/1237/1118
f 676/1252/1185 671/1242/1184 664/1227/1116
f 676/1252/1185 664/1227/1116 675/1250/1117
f 676/1252/1185 675/1250/1117 680/1260/1186
f 680/1260/1186 675/1250/1117 669/1238/1118
f 668/1235/1187 680/1260/1186 669/1238/1118
f 658/1216/1146 656/1210/1188 652/1200/1147
f 661/1221/1190 658/1216/1146 662/1223/1183
f 659/1218/1189 661/1221/1190 662/1223/1183
f 652/1201/1147 659/1218/1189 662/1223/1183
f 678/1255/1191 670/1240/1132 685/1271/1131
f 692/1287/1133 670/1240/1132 684/1267/1192
f 678/1254/1191 684/1267/1192 677/1253/1193
f 677/1253/1193 684/1267/1192 670/1240/1132
f 677/1253/1193 670/1240/1132 678/1255/1191
f 688/1278/1126 690/1283/1129 689/1281/1124
f 690/1283/1129 691/1285/1127 689/1281/1124
f 689/1281/1124 691/1285/1127 695/1293/1128
f 614/1134/985 689/1281/1124 702/1309/1194
f 702/1309/1194 689/1281/1124 695/1293/1128
f 695/1294/1128 655/1207/1130 702/1309/1194
f 655/1207/1130 732/1363/1195 702/1309/1194
f 730/1359/1196 702/1309/1194 732/1363/1195
f 730/1359/1196 732/1363/1195 745/1393/1197
f 692/1288/1133 678/1256/1191 685/1272/1131
f 678/1256/1191 692/1288/1133 684/1268/1192
f 598/1108/987 596/1101/1108 696/1295/1134
f 596/1101/1108 698/1301/1107 696/1295/1134
f 696/1295/1134 698/1301/1107 717/1338/1198
f 716/1336/1139 694/1291/1138 626/1152/1153
f 702/1310/1194 730/1358/1196 729/1357/1199
f 742/1384/1180 729/1357/1199 761/1425/1200
f 766/1431/1169 742/1384/1180 761/1425/1200
f 729/1357/1199 730/1358/1196 761/1425/1200
f 730/1358/1196 746/1395/1201 761/1425/1200
f 761/1425/1200 746/1395/1201 743/1386/1202
f 681/1262/1099 702/1310/1194 729/1357/1199
f 742/1384/1180 707/1318/1098 729/1357/1199
f 763/1427/1203 766/1431/1169 761/1425/1200
f 783/1457/1204 766/1431/1169 763/1427/1203
f 702/1310/1194 681/1262/1099 614/1135/985
f 729/1357/1199 707/1318/1098 681/1262/1099
f 773/1442/1205 761/1425/1200 743/1386/1202
f 761/1425/1200 773/1442/1205 763/1427/1203
f 773/1442/1205 784/1458/1206 763/1427/1203
f 763/1427/1203 784/1458/1206 783/1457/1204
f 783/1457/1204 784/1458/1206 791/1473/1165
f 787/1465/1164 783/1457/1204 791/1473/1165
f 783/1457/1204 779/1451/1170 766/1431/1169
f 698/1301/1107 740/1380/1114 765/1429/1207
f 740/1380/1114 698/1301/1107 646/1183/1106
f 770/1437/1208 740/1380/1114 755/1416/1115
f 732/1361/1195 655/1208/1130 717/1339/1198
f 696/1296/1134 717/1339/1198 655/1208/1130
f 732/1362/1195 717/1339/1198 737/1374/1209
f 736/1370/1210 732/1362/1195 735/1369/1211
f 732/1362/1195 738/1376/1212 735/1369/1211
f 738/1376/1212 732/1362/1195 737/1374/1209
f 738/1376/1212 737/1374/1209 736/1371/1210
f 736/1372/1210 735/1369/1211 738/1376/1212
f 636/1165/1094 718/1341/1179 708/1321/1095
f 718/1341/1179 636/1166/1094 707/1319/1098
f 718/1341/1179 771/1440/1168 723/1347/1159
f 721/1345/1158 708/1321/1095 723/1347/1159
f 723/1347/1159 708/1321/1095 718/1341/1179
f 751/1406/1213 743/1387/1202 746/1396/1201
f 746/1396/1201 730/1359/1196 745/1393/1197
f 751/1407/1213 745/1393/1197 743/1388/1202
f 732/1363/1195 743/1388/1202 745/1393/1197
f 722/1346/1181 724/1349/1140 716/1337/1139
f 725/1351/1001 719/1342/1155 711/1326/998
f 719/1342/1155 725/1351/1001 760/1424/1156
f 752/1412/1161 760/1424/1156 725/1351/1001
f 752/1412/1161 725/1351/1001 727/1355/1000
f 683/1266/999 711/1326/998 719/1342/1155
f 683/1266/999 719/1342/1155 660/1219/1110
f 760/1424/1156 769/1436/1174 767/1433/1214
f 769/1436/1174 788/1467/1215 767/1433/1214
f 790/1471/1163 788/1467/1215 769/1436/1174
f 791/1474/1165 789/1469/1216 792/1477/1162
f 788/1467/1215 792/1477/1162 789/1469/1216
f 792/1477/1162 788/1467/1215 790/1471/1163
f 788/1467/1215 782/1456/1217 767/1433/1214
f 767/1433/1214 782/1456/1217 772/1441/1218
f 755/1417/1115 772/1441/1218 770/1438/1208
f 772/1441/1218 755/1417/1115 767/1433/1214
f 770/1438/1208 772/1441/1218 782/1456/1217
f 770/1438/1208 782/1456/1217 785/1461/1219
f 767/1433/1214 755/1417/1115 760/1424/1156
f 732/1364/1195 741/1382/1220 743/1389/1202
f 768/1434/1221 786/1463/1222 784/1459/1206
f 773/1443/1205 768/1434/1221 784/1459/1206
f 786/1463/1222 768/1434/1221 765/1430/1207
f 786/1463/1222 765/1430/1207 785/1462/1219
f 786/1463/1222 782/1455/1217 789/1468/1216
f 782/1455/1217 786/1463/1222 785/1462/1219
f 773/1443/1205 743/1389/1202 754/1415/1223
f 737/1375/1209 754/1415/1223 741/1382/1220
f 741/1382/1220 754/1415/1223 743/1389/1202
f 741/1382/1220 732/1364/1195 736/1373/1210
f 741/1382/1220 736/1373/1210 737/1375/1209
f 765/1430/1207 754/1415/1223 698/1302/1107
f 717/1340/1198 754/1415/1223 737/1375/1209
f 754/1415/1223 717/1340/1198 698/1302/1107
f 765/1430/1207 768/1434/1221 754/1415/1223
f 740/1381/1114 770/1439/1208 765/1430/1207
f 768/1434/1221 773/1443/1205 754/1415/1223
f 747/1400/1224 751/1408/1213 746/1397/1201
f 744/1390/1225 746/1398/1201 745/1394/1197
f 744/1390/1225 745/1394/1197 751/1409/1213
f 747/1401/1224 744/1391/1225 751/1410/1213
f 746/1399/1201 744/1392/1225 747/1401/1224
f 785/1462/1219 765/1430/1207 770/1439/1208
f 786/1463/1222 789/1468/1216 791/1475/1165
f 784/1460/1206 786/1463/1222 791/1475/1165
f 769/1436/1174 760/1424/1156 752/1412/1161
f 782/1456/1217 788/1467/1215 789/1469/1216
f 762/1426/1171 742/1385/1180 766/1432/1169
f 779/1451/1170 783/1457/1204 780/1453/1172
f 783/1457/1204 787/1466/1164 780/1453/1172
f 443/809/974 431/791/968 491/900/970
f 484/882/1011 463/846/989 443/810/974
f 491/901/970 484/883/1011 443/811/974
